outer_target,inner_validation,control,parameter_id,parameters_json,seed,fit_seed,fit_seconds
cleveland,hungary,logistic_natural,0,"{""C"": 0.1}",5062,1591205733,0.07883129999390803
cleveland,hungary,logistic_natural,0,"{""C"": 0.1}",5063,385078638,0.03449520000140183
cleveland,hungary,logistic_natural,0,"{""C"": 0.1}",5064,2187502615,0.03394079999998212
cleveland,hungary,logistic_natural,0,"{""C"": 0.1}",5065,1880376766,0.0546782000164967
cleveland,hungary,logistic_natural,0,"{""C"": 0.1}",5066,807661595,0.04624840000178665
cleveland,hungary,logistic_natural,0,"{""C"": 0.1}",5067,2924167760,0.05940509997890331
cleveland,hungary,logistic_natural,0,"{""C"": 0.1}",5068,4272078248,0.040601100015919656
cleveland,hungary,logistic_natural,0,"{""C"": 0.1}",5069,633223476,0.044320100016193464
cleveland,hungary,logistic_natural,0,"{""C"": 0.1}",5070,1312683314,0.025899599975673482
cleveland,hungary,logistic_natural,0,"{""C"": 0.1}",5071,685578125,0.07000959999277256
cleveland,switzerland,logistic_natural,0,"{""C"": 0.1}",5062,3436980211,0.0364996999851428
cleveland,switzerland,logistic_natural,0,"{""C"": 0.1}",5063,2105801189,0.07089809997705743
cleveland,switzerland,logistic_natural,0,"{""C"": 0.1}",5064,3848722788,0.03287730002193712
cleveland,switzerland,logistic_natural,0,"{""C"": 0.1}",5065,1479833162,0.04076609999174252
cleveland,switzerland,logistic_natural,0,"{""C"": 0.1}",5066,3525035021,0.03961619999608956
cleveland,switzerland,logistic_natural,0,"{""C"": 0.1}",5067,2561436922,0.03757379998569377
cleveland,switzerland,logistic_natural,0,"{""C"": 0.1}",5068,1334733098,0.02381969999987632
cleveland,switzerland,logistic_natural,0,"{""C"": 0.1}",5069,745911363,0.021415499999420717
cleveland,switzerland,logistic_natural,0,"{""C"": 0.1}",5070,2960623913,0.03278900001896545
cleveland,switzerland,logistic_natural,0,"{""C"": 0.1}",5071,3216829638,0.03148440000950359
cleveland,va_long_beach,logistic_natural,0,"{""C"": 0.1}",5062,4051097687,0.07222169998567551
cleveland,va_long_beach,logistic_natural,0,"{""C"": 0.1}",5063,819643767,0.030595899996114895
cleveland,va_long_beach,logistic_natural,0,"{""C"": 0.1}",5064,2291313185,0.021869099989999086
cleveland,va_long_beach,logistic_natural,0,"{""C"": 0.1}",5065,1370806519,0.04320240000379272
cleveland,va_long_beach,logistic_natural,0,"{""C"": 0.1}",5066,3619647803,0.027983699983451515
cleveland,va_long_beach,logistic_natural,0,"{""C"": 0.1}",5067,3490770267,0.032895500015001744
cleveland,va_long_beach,logistic_natural,0,"{""C"": 0.1}",5068,429184987,0.03630209999391809
cleveland,va_long_beach,logistic_natural,0,"{""C"": 0.1}",5069,2471323958,0.10243560001254082
cleveland,va_long_beach,logistic_natural,0,"{""C"": 0.1}",5070,2517382545,0.04482640000060201
cleveland,va_long_beach,logistic_natural,0,"{""C"": 0.1}",5071,291511207,0.034366699983365834
cleveland,hungary,logistic_natural,1,"{""C"": 1.0}",5062,161018613,0.03669469998567365
cleveland,hungary,logistic_natural,1,"{""C"": 1.0}",5063,2568156919,0.03156539998599328
cleveland,hungary,logistic_natural,1,"{""C"": 1.0}",5064,2983240223,0.041309299995191395
cleveland,hungary,logistic_natural,1,"{""C"": 1.0}",5065,3091635177,0.0452923999982886
cleveland,hungary,logistic_natural,1,"{""C"": 1.0}",5066,3690799271,0.04554409999400377
cleveland,hungary,logistic_natural,1,"{""C"": 1.0}",5067,167375815,0.03264259998104535
cleveland,hungary,logistic_natural,1,"{""C"": 1.0}",5068,2259521366,0.03047070000320673
cleveland,hungary,logistic_natural,1,"{""C"": 1.0}",5069,2600601490,0.09113639997667633
cleveland,hungary,logistic_natural,1,"{""C"": 1.0}",5070,223333167,0.06983920000493526
cleveland,hungary,logistic_natural,1,"{""C"": 1.0}",5071,4206064410,0.04557740001473576
cleveland,switzerland,logistic_natural,1,"{""C"": 1.0}",5062,1927435846,0.06471890001557767
cleveland,switzerland,logistic_natural,1,"{""C"": 1.0}",5063,527442553,0.04097269999329001
cleveland,switzerland,logistic_natural,1,"{""C"": 1.0}",5064,240549187,0.07672889999230392
cleveland,switzerland,logistic_natural,1,"{""C"": 1.0}",5065,2112244221,0.04595629998948425
cleveland,switzerland,logistic_natural,1,"{""C"": 1.0}",5066,3055330036,0.04568550002295524
cleveland,switzerland,logistic_natural,1,"{""C"": 1.0}",5067,4081926405,0.04688380000879988
cleveland,switzerland,logistic_natural,1,"{""C"": 1.0}",5068,967259052,0.038356400007614866
cleveland,switzerland,logistic_natural,1,"{""C"": 1.0}",5069,1978906899,0.03905950000626035
cleveland,switzerland,logistic_natural,1,"{""C"": 1.0}",5070,746939899,0.06403750000754371
cleveland,switzerland,logistic_natural,1,"{""C"": 1.0}",5071,33282759,0.04317869999795221
cleveland,va_long_beach,logistic_natural,1,"{""C"": 1.0}",5062,1487908459,0.06573329999810085
cleveland,va_long_beach,logistic_natural,1,"{""C"": 1.0}",5063,964898236,0.08144060001359321
cleveland,va_long_beach,logistic_natural,1,"{""C"": 1.0}",5064,2584085443,0.044762800011085346
cleveland,va_long_beach,logistic_natural,1,"{""C"": 1.0}",5065,3217521958,0.0703753000125289
cleveland,va_long_beach,logistic_natural,1,"{""C"": 1.0}",5066,2233496571,0.06983630001195706
cleveland,va_long_beach,logistic_natural,1,"{""C"": 1.0}",5067,4175890672,0.06057519998284988
cleveland,va_long_beach,logistic_natural,1,"{""C"": 1.0}",5068,1365183030,0.04484860002412461
cleveland,va_long_beach,logistic_natural,1,"{""C"": 1.0}",5069,3774186222,0.03166189999319613
cleveland,va_long_beach,logistic_natural,1,"{""C"": 1.0}",5070,3609588811,0.02711920000729151
cleveland,va_long_beach,logistic_natural,1,"{""C"": 1.0}",5071,3929225527,0.024054200010141358
cleveland,hungary,logistic_natural,2,"{""C"": 10.0}",5062,2778960733,0.0974576999724377
cleveland,hungary,logistic_natural,2,"{""C"": 10.0}",5063,3833416134,0.10434459999669343
cleveland,hungary,logistic_natural,2,"{""C"": 10.0}",5064,1781744835,0.09833109998726286
cleveland,hungary,logistic_natural,2,"{""C"": 10.0}",5065,930136834,0.05724170000758022
cleveland,hungary,logistic_natural,2,"{""C"": 10.0}",5066,1829882473,0.05538100001285784
cleveland,hungary,logistic_natural,2,"{""C"": 10.0}",5067,1704180912,0.09351000000606291
cleveland,hungary,logistic_natural,2,"{""C"": 10.0}",5068,2986402259,0.13704500001040287
cleveland,hungary,logistic_natural,2,"{""C"": 10.0}",5069,3469082286,0.0687605999992229
cleveland,hungary,logistic_natural,2,"{""C"": 10.0}",5070,269405151,0.13010139999096282
cleveland,hungary,logistic_natural,2,"{""C"": 10.0}",5071,3150956400,0.10393920002388768
cleveland,switzerland,logistic_natural,2,"{""C"": 10.0}",5062,784482026,0.05204310000408441
cleveland,switzerland,logistic_natural,2,"{""C"": 10.0}",5063,2805615151,0.1234829000022728
cleveland,switzerland,logistic_natural,2,"{""C"": 10.0}",5064,2086526214,0.16597049997653812
cleveland,switzerland,logistic_natural,2,"{""C"": 10.0}",5065,3307659834,0.12527520000003278
cleveland,switzerland,logistic_natural,2,"{""C"": 10.0}",5066,205226685,0.07345580001128837
cleveland,switzerland,logistic_natural,2,"{""C"": 10.0}",5067,4066055402,0.132085699995514
cleveland,switzerland,logistic_natural,2,"{""C"": 10.0}",5068,831364773,0.03957330001867376
cleveland,switzerland,logistic_natural,2,"{""C"": 10.0}",5069,587411150,0.10721600000397302
cleveland,switzerland,logistic_natural,2,"{""C"": 10.0}",5070,1929934247,0.1150148999877274
cleveland,switzerland,logistic_natural,2,"{""C"": 10.0}",5071,3984545453,0.11957799998344854
cleveland,va_long_beach,logistic_natural,2,"{""C"": 10.0}",5062,97299973,0.09702200000174344
cleveland,va_long_beach,logistic_natural,2,"{""C"": 10.0}",5063,3453472845,0.1010105999885127
cleveland,va_long_beach,logistic_natural,2,"{""C"": 10.0}",5064,2802949020,0.10704210001858883
cleveland,va_long_beach,logistic_natural,2,"{""C"": 10.0}",5065,323673505,0.1073710999917239
cleveland,va_long_beach,logistic_natural,2,"{""C"": 10.0}",5066,3114918849,0.1133006000018213
cleveland,va_long_beach,logistic_natural,2,"{""C"": 10.0}",5067,342725330,0.05165730000589974
cleveland,va_long_beach,logistic_natural,2,"{""C"": 10.0}",5068,1768794273,0.054143200017279014
cleveland,va_long_beach,logistic_natural,2,"{""C"": 10.0}",5069,900202633,0.03582550000282936
cleveland,va_long_beach,logistic_natural,2,"{""C"": 10.0}",5070,1455609304,0.14538460000767373
cleveland,va_long_beach,logistic_natural,2,"{""C"": 10.0}",5071,4226111898,0.08745930000441149
cleveland,hungary,logistic_structured,0,"{""C"": 0.1}",5062,4066677351,0.33280269999522716
cleveland,hungary,logistic_structured,0,"{""C"": 0.1}",5063,241343786,0.333528799994383
cleveland,hungary,logistic_structured,0,"{""C"": 0.1}",5064,3551719883,0.3089472000137903
cleveland,hungary,logistic_structured,0,"{""C"": 0.1}",5065,4276846458,0.3373672000016086
cleveland,hungary,logistic_structured,0,"{""C"": 0.1}",5066,2755861038,0.18675550000625663
cleveland,hungary,logistic_structured,0,"{""C"": 0.1}",5067,1957016260,0.21383629998308606
cleveland,hungary,logistic_structured,0,"{""C"": 0.1}",5068,2792374447,0.15807740000309423
cleveland,hungary,logistic_structured,0,"{""C"": 0.1}",5069,3016154681,0.21530730000813492
cleveland,hungary,logistic_structured,0,"{""C"": 0.1}",5070,884099016,0.289425900002243
cleveland,hungary,logistic_structured,0,"{""C"": 0.1}",5071,1648484274,0.2858023000007961
cleveland,switzerland,logistic_structured,0,"{""C"": 0.1}",5062,1243290464,0.14848479998181574
cleveland,switzerland,logistic_structured,0,"{""C"": 0.1}",5063,752071428,0.2378300999989733
cleveland,switzerland,logistic_structured,0,"{""C"": 0.1}",5064,1633430838,0.30827350000618026
cleveland,switzerland,logistic_structured,0,"{""C"": 0.1}",5065,422964512,0.3694242000055965
cleveland,switzerland,logistic_structured,0,"{""C"": 0.1}",5066,2798209776,0.32870360001106746
cleveland,switzerland,logistic_structured,0,"{""C"": 0.1}",5067,787375862,0.1898190999927465
cleveland,switzerland,logistic_structured,0,"{""C"": 0.1}",5068,780647147,0.2669218000082765
cleveland,switzerland,logistic_structured,0,"{""C"": 0.1}",5069,633747501,0.16876189998583868
cleveland,switzerland,logistic_structured,0,"{""C"": 0.1}",5070,3981644402,0.24117350002052262
cleveland,switzerland,logistic_structured,0,"{""C"": 0.1}",5071,2142765657,0.3085144000069704
cleveland,va_long_beach,logistic_structured,0,"{""C"": 0.1}",5062,2688929268,0.1614996999851428
cleveland,va_long_beach,logistic_structured,0,"{""C"": 0.1}",5063,505454786,0.16473540000151843
cleveland,va_long_beach,logistic_structured,0,"{""C"": 0.1}",5064,711286070,0.21747239999240264
cleveland,va_long_beach,logistic_structured,0,"{""C"": 0.1}",5065,1226804594,0.2853189999877941
cleveland,va_long_beach,logistic_structured,0,"{""C"": 0.1}",5066,4142349635,0.15656679999665357
cleveland,va_long_beach,logistic_structured,0,"{""C"": 0.1}",5067,2696270985,0.16027419999591075
cleveland,va_long_beach,logistic_structured,0,"{""C"": 0.1}",5068,1001734342,0.17614600001252256
cleveland,va_long_beach,logistic_structured,0,"{""C"": 0.1}",5069,2321412234,0.15534320002188906
cleveland,va_long_beach,logistic_structured,0,"{""C"": 0.1}",5070,2726852029,0.1674236999824643
cleveland,va_long_beach,logistic_structured,0,"{""C"": 0.1}",5071,611233017,0.1876717999984976
cleveland,hungary,logistic_structured,1,"{""C"": 1.0}",5062,2337416898,0.17764680000254884
cleveland,hungary,logistic_structured,1,"{""C"": 1.0}",5063,2203669708,0.2483924999833107
cleveland,hungary,logistic_structured,1,"{""C"": 1.0}",5064,643299032,0.2612622000160627
cleveland,hungary,logistic_structured,1,"{""C"": 1.0}",5065,1038428028,0.4099654999736231
cleveland,hungary,logistic_structured,1,"{""C"": 1.0}",5066,805760863,0.2584439999773167
cleveland,hungary,logistic_structured,1,"{""C"": 1.0}",5067,837104032,0.2700399000023026
cleveland,hungary,logistic_structured,1,"{""C"": 1.0}",5068,4068290629,0.2586905999924056
cleveland,hungary,logistic_structured,1,"{""C"": 1.0}",5069,3820018864,0.2215853999950923
cleveland,hungary,logistic_structured,1,"{""C"": 1.0}",5070,1356208411,0.30600810001487844
cleveland,hungary,logistic_structured,1,"{""C"": 1.0}",5071,1987369718,0.14931710000382736
cleveland,switzerland,logistic_structured,1,"{""C"": 1.0}",5062,1518890326,0.45223420002730563
cleveland,switzerland,logistic_structured,1,"{""C"": 1.0}",5063,2037786594,0.4099905999901239
cleveland,switzerland,logistic_structured,1,"{""C"": 1.0}",5064,1320208266,0.30127329999231733
cleveland,switzerland,logistic_structured,1,"{""C"": 1.0}",5065,2788979095,0.3250508999917656
cleveland,switzerland,logistic_structured,1,"{""C"": 1.0}",5066,2181491129,0.2076758999901358
cleveland,switzerland,logistic_structured,1,"{""C"": 1.0}",5067,326851343,0.16469750000396743
cleveland,switzerland,logistic_structured,1,"{""C"": 1.0}",5068,2395355221,0.162520299985772
cleveland,switzerland,logistic_structured,1,"{""C"": 1.0}",5069,895224253,0.18297550000716
cleveland,switzerland,logistic_structured,1,"{""C"": 1.0}",5070,3906932836,0.1667048999806866
cleveland,switzerland,logistic_structured,1,"{""C"": 1.0}",5071,1467238126,0.20311679999576882
cleveland,va_long_beach,logistic_structured,1,"{""C"": 1.0}",5062,1132541994,0.3511778000101913
cleveland,va_long_beach,logistic_structured,1,"{""C"": 1.0}",5063,655368145,0.37465959999826737
cleveland,va_long_beach,logistic_structured,1,"{""C"": 1.0}",5064,3755697655,0.4503699000051711
cleveland,va_long_beach,logistic_structured,1,"{""C"": 1.0}",5065,829207045,0.2077864999882877
cleveland,va_long_beach,logistic_structured,1,"{""C"": 1.0}",5066,2115897074,0.3935998000088148
cleveland,va_long_beach,logistic_structured,1,"{""C"": 1.0}",5067,3798008719,0.38582429999951273
cleveland,va_long_beach,logistic_structured,1,"{""C"": 1.0}",5068,358353769,0.47471810001297854
cleveland,va_long_beach,logistic_structured,1,"{""C"": 1.0}",5069,3802758019,0.3759041999874171
cleveland,va_long_beach,logistic_structured,1,"{""C"": 1.0}",5070,2332421483,0.35595569998258725
cleveland,va_long_beach,logistic_structured,1,"{""C"": 1.0}",5071,2017525108,0.3780411999905482
cleveland,hungary,logistic_structured,2,"{""C"": 10.0}",5062,3666143866,0.38463789998786524
cleveland,hungary,logistic_structured,2,"{""C"": 10.0}",5063,2802643771,0.17385120000108145
cleveland,hungary,logistic_structured,2,"{""C"": 10.0}",5064,1826214160,0.33386380001320504
cleveland,hungary,logistic_structured,2,"{""C"": 10.0}",5065,303692149,0.31798049999633804
cleveland,hungary,logistic_structured,2,"{""C"": 10.0}",5066,1311646774,0.2821266000100877
cleveland,hungary,logistic_structured,2,"{""C"": 10.0}",5067,3215824113,0.34320889998343773
cleveland,hungary,logistic_structured,2,"{""C"": 10.0}",5068,352255011,0.28766910001286305
cleveland,hungary,logistic_structured,2,"{""C"": 10.0}",5069,2477737291,0.31132969999453053
cleveland,hungary,logistic_structured,2,"{""C"": 10.0}",5070,1163617731,0.29143939999630675
cleveland,hungary,logistic_structured,2,"{""C"": 10.0}",5071,734440107,0.29639779997523874
cleveland,switzerland,logistic_structured,2,"{""C"": 10.0}",5062,442856458,0.3959564999968279
cleveland,switzerland,logistic_structured,2,"{""C"": 10.0}",5063,3749084112,0.3551910999813117
cleveland,switzerland,logistic_structured,2,"{""C"": 10.0}",5064,1056949955,0.23382649998529814
cleveland,switzerland,logistic_structured,2,"{""C"": 10.0}",5065,343311941,0.24330489998101257
cleveland,switzerland,logistic_structured,2,"{""C"": 10.0}",5066,3607876166,0.26675690000411123
cleveland,switzerland,logistic_structured,2,"{""C"": 10.0}",5067,3033002461,0.3557274999911897
cleveland,switzerland,logistic_structured,2,"{""C"": 10.0}",5068,1658961,0.23765339999226853
cleveland,switzerland,logistic_structured,2,"{""C"": 10.0}",5069,4048086764,0.2949520999973174
cleveland,switzerland,logistic_structured,2,"{""C"": 10.0}",5070,972538823,0.3038430000015069
cleveland,switzerland,logistic_structured,2,"{""C"": 10.0}",5071,672292058,0.2948059999907855
cleveland,va_long_beach,logistic_structured,2,"{""C"": 10.0}",5062,346291024,0.3389871999970637
cleveland,va_long_beach,logistic_structured,2,"{""C"": 10.0}",5063,2761031757,0.1743002000148408
cleveland,va_long_beach,logistic_structured,2,"{""C"": 10.0}",5064,539920087,0.1575707999872975
cleveland,va_long_beach,logistic_structured,2,"{""C"": 10.0}",5065,936634390,0.33311480001430027
cleveland,va_long_beach,logistic_structured,2,"{""C"": 10.0}",5066,1580925045,0.402225300000282
cleveland,va_long_beach,logistic_structured,2,"{""C"": 10.0}",5067,3450086339,0.3997967999894172
cleveland,va_long_beach,logistic_structured,2,"{""C"": 10.0}",5068,3111888391,0.4367545999994036
cleveland,va_long_beach,logistic_structured,2,"{""C"": 10.0}",5069,1146816381,0.4317946000082884
cleveland,va_long_beach,logistic_structured,2,"{""C"": 10.0}",5070,3940444987,0.4104521000117529
cleveland,va_long_beach,logistic_structured,2,"{""C"": 10.0}",5071,416843590,0.38320999999996275
cleveland,hungary,random_forest_natural,0,"{""max_features"": ""sqrt"", ""min_samples_leaf"": 5, ""n_estimators"": 500}",5062,3501241481,0.8192599999892991
cleveland,hungary,random_forest_natural,0,"{""max_features"": ""sqrt"", ""min_samples_leaf"": 5, ""n_estimators"": 500}",5063,3553790730,1.084395099984249
cleveland,hungary,random_forest_natural,0,"{""max_features"": ""sqrt"", ""min_samples_leaf"": 5, ""n_estimators"": 500}",5064,2377102967,0.7047056000155862
cleveland,hungary,random_forest_natural,0,"{""max_features"": ""sqrt"", ""min_samples_leaf"": 5, ""n_estimators"": 500}",5065,206041132,1.0659710000036284
cleveland,hungary,random_forest_natural,0,"{""max_features"": ""sqrt"", ""min_samples_leaf"": 5, ""n_estimators"": 500}",5066,1236205310,1.231909199996153
cleveland,hungary,random_forest_natural,0,"{""max_features"": ""sqrt"", ""min_samples_leaf"": 5, ""n_estimators"": 500}",5067,3438604385,1.0997273999964818
cleveland,hungary,random_forest_natural,0,"{""max_features"": ""sqrt"", ""min_samples_leaf"": 5, ""n_estimators"": 500}",5068,2081801615,0.6086683000030462
cleveland,hungary,random_forest_natural,0,"{""max_features"": ""sqrt"", ""min_samples_leaf"": 5, ""n_estimators"": 500}",5069,1855213994,0.9332513000117615
cleveland,hungary,random_forest_natural,0,"{""max_features"": ""sqrt"", ""min_samples_leaf"": 5, ""n_estimators"": 500}",5070,4115016516,0.7596698999986984
cleveland,hungary,random_forest_natural,0,"{""max_features"": ""sqrt"", ""min_samples_leaf"": 5, ""n_estimators"": 500}",5071,2839039513,1.30041969998274
cleveland,switzerland,random_forest_natural,0,"{""max_features"": ""sqrt"", ""min_samples_leaf"": 5, ""n_estimators"": 500}",5062,3894516753,0.5642956999945454
cleveland,switzerland,random_forest_natural,0,"{""max_features"": ""sqrt"", ""min_samples_leaf"": 5, ""n_estimators"": 500}",5063,1967342350,0.7622810000029858
cleveland,switzerland,random_forest_natural,0,"{""max_features"": ""sqrt"", ""min_samples_leaf"": 5, ""n_estimators"": 500}",5064,3868655682,1.0811512999935076
cleveland,switzerland,random_forest_natural,0,"{""max_features"": ""sqrt"", ""min_samples_leaf"": 5, ""n_estimators"": 500}",5065,1720458459,0.9870922999980394
cleveland,switzerland,random_forest_natural,0,"{""max_features"": ""sqrt"", ""min_samples_leaf"": 5, ""n_estimators"": 500}",5066,4097749636,0.6198495000135154
cleveland,switzerland,random_forest_natural,0,"{""max_features"": ""sqrt"", ""min_samples_leaf"": 5, ""n_estimators"": 500}",5067,2641355775,0.7561513000109699
cleveland,switzerland,random_forest_natural,0,"{""max_features"": ""sqrt"", ""min_samples_leaf"": 5, ""n_estimators"": 500}",5068,2243249878,0.7734523999970406
cleveland,switzerland,random_forest_natural,0,"{""max_features"": ""sqrt"", ""min_samples_leaf"": 5, ""n_estimators"": 500}",5069,952007389,0.708141799987061
cleveland,switzerland,random_forest_natural,0,"{""max_features"": ""sqrt"", ""min_samples_leaf"": 5, ""n_estimators"": 500}",5070,3111009164,0.5561547000252176
cleveland,switzerland,random_forest_natural,0,"{""max_features"": ""sqrt"", ""min_samples_leaf"": 5, ""n_estimators"": 500}",5071,1216258839,1.252367699984461
cleveland,va_long_beach,random_forest_natural,0,"{""max_features"": ""sqrt"", ""min_samples_leaf"": 5, ""n_estimators"": 500}",5062,1523412047,0.4976672000193503
cleveland,va_long_beach,random_forest_natural,0,"{""max_features"": ""sqrt"", ""min_samples_leaf"": 5, ""n_estimators"": 500}",5063,2312052271,1.1569859999872278
cleveland,va_long_beach,random_forest_natural,0,"{""max_features"": ""sqrt"", ""min_samples_leaf"": 5, ""n_estimators"": 500}",5064,265321059,1.1201614000019617
cleveland,va_long_beach,random_forest_natural,0,"{""max_features"": ""sqrt"", ""min_samples_leaf"": 5, ""n_estimators"": 500}",5065,1222107225,0.7717719000065699
cleveland,va_long_beach,random_forest_natural,0,"{""max_features"": ""sqrt"", ""min_samples_leaf"": 5, ""n_estimators"": 500}",5066,3768350235,1.3355095000006258
cleveland,va_long_beach,random_forest_natural,0,"{""max_features"": ""sqrt"", ""min_samples_leaf"": 5, ""n_estimators"": 500}",5067,2301735346,1.2759096999943722
cleveland,va_long_beach,random_forest_natural,0,"{""max_features"": ""sqrt"", ""min_samples_leaf"": 5, ""n_estimators"": 500}",5068,3132040785,1.3001391999714542
cleveland,va_long_beach,random_forest_natural,0,"{""max_features"": ""sqrt"", ""min_samples_leaf"": 5, ""n_estimators"": 500}",5069,4040584633,0.6165399000165053
cleveland,va_long_beach,random_forest_natural,0,"{""max_features"": ""sqrt"", ""min_samples_leaf"": 5, ""n_estimators"": 500}",5070,116518941,0.8598858000186738
cleveland,va_long_beach,random_forest_natural,0,"{""max_features"": ""sqrt"", ""min_samples_leaf"": 5, ""n_estimators"": 500}",5071,337616024,1.1716639999940526
cleveland,hungary,random_forest_natural,1,"{""max_features"": ""sqrt"", ""min_samples_leaf"": 15, ""n_estimators"": 500}",5062,3726086183,0.7860742000048049
cleveland,hungary,random_forest_natural,1,"{""max_features"": ""sqrt"", ""min_samples_leaf"": 15, ""n_estimators"": 500}",5063,653994633,0.8644570999895222
cleveland,hungary,random_forest_natural,1,"{""max_features"": ""sqrt"", ""min_samples_leaf"": 15, ""n_estimators"": 500}",5064,2164177327,1.2510351999953855
cleveland,hungary,random_forest_natural,1,"{""max_features"": ""sqrt"", ""min_samples_leaf"": 15, ""n_estimators"": 500}",5065,2504761527,1.1189900000172202
cleveland,hungary,random_forest_natural,1,"{""max_features"": ""sqrt"", ""min_samples_leaf"": 15, ""n_estimators"": 500}",5066,2433982841,1.293681800016202
cleveland,hungary,random_forest_natural,1,"{""max_features"": ""sqrt"", ""min_samples_leaf"": 15, ""n_estimators"": 500}",5067,1499702363,1.16452130000107
cleveland,hungary,random_forest_natural,1,"{""max_features"": ""sqrt"", ""min_samples_leaf"": 15, ""n_estimators"": 500}",5068,2177022078,1.0877682999998797
cleveland,hungary,random_forest_natural,1,"{""max_features"": ""sqrt"", ""min_samples_leaf"": 15, ""n_estimators"": 500}",5069,2750080427,0.4965016999922227
cleveland,hungary,random_forest_natural,1,"{""max_features"": ""sqrt"", ""min_samples_leaf"": 15, ""n_estimators"": 500}",5070,1091133105,1.0811552999948617
cleveland,hungary,random_forest_natural,1,"{""max_features"": ""sqrt"", ""min_samples_leaf"": 15, ""n_estimators"": 500}",5071,2885762751,1.5372685000183992
cleveland,switzerland,random_forest_natural,1,"{""max_features"": ""sqrt"", ""min_samples_leaf"": 15, ""n_estimators"": 500}",5062,4245012586,0.9701354999851901
cleveland,switzerland,random_forest_natural,1,"{""max_features"": ""sqrt"", ""min_samples_leaf"": 15, ""n_estimators"": 500}",5063,2068494390,1.0593668000074103
cleveland,switzerland,random_forest_natural,1,"{""max_features"": ""sqrt"", ""min_samples_leaf"": 15, ""n_estimators"": 500}",5064,4049638889,1.2869960000098217
cleveland,switzerland,random_forest_natural,1,"{""max_features"": ""sqrt"", ""min_samples_leaf"": 15, ""n_estimators"": 500}",5065,2244809705,1.1042791999934707
cleveland,switzerland,random_forest_natural,1,"{""max_features"": ""sqrt"", ""min_samples_leaf"": 15, ""n_estimators"": 500}",5066,633290997,0.6573762999905739
cleveland,switzerland,random_forest_natural,1,"{""max_features"": ""sqrt"", ""min_samples_leaf"": 15, ""n_estimators"": 500}",5067,3038620608,1.1686624999856576
cleveland,switzerland,random_forest_natural,1,"{""max_features"": ""sqrt"", ""min_samples_leaf"": 15, ""n_estimators"": 500}",5068,1296625726,0.5091524999879766
cleveland,switzerland,random_forest_natural,1,"{""max_features"": ""sqrt"", ""min_samples_leaf"": 15, ""n_estimators"": 500}",5069,2537074645,0.6578730000182986
cleveland,switzerland,random_forest_natural,1,"{""max_features"": ""sqrt"", ""min_samples_leaf"": 15, ""n_estimators"": 500}",5070,3690406409,1.2768219000136014
cleveland,switzerland,random_forest_natural,1,"{""max_features"": ""sqrt"", ""min_samples_leaf"": 15, ""n_estimators"": 500}",5071,2995486936,0.7400525000120979
cleveland,va_long_beach,random_forest_natural,1,"{""max_features"": ""sqrt"", ""min_samples_leaf"": 15, ""n_estimators"": 500}",5062,1579658748,0.44580629997653887
cleveland,va_long_beach,random_forest_natural,1,"{""max_features"": ""sqrt"", ""min_samples_leaf"": 15, ""n_estimators"": 500}",5063,3470854156,1.4342328000057023
cleveland,va_long_beach,random_forest_natural,1,"{""max_features"": ""sqrt"", ""min_samples_leaf"": 15, ""n_estimators"": 500}",5064,3376031116,0.5204902999976184
cleveland,va_long_beach,random_forest_natural,1,"{""max_features"": ""sqrt"", ""min_samples_leaf"": 15, ""n_estimators"": 500}",5065,2312455222,1.1129328000242822
cleveland,va_long_beach,random_forest_natural,1,"{""max_features"": ""sqrt"", ""min_samples_leaf"": 15, ""n_estimators"": 500}",5066,3477271911,1.0246508000127506
cleveland,va_long_beach,random_forest_natural,1,"{""max_features"": ""sqrt"", ""min_samples_leaf"": 15, ""n_estimators"": 500}",5067,2253869680,1.161773199972231
cleveland,va_long_beach,random_forest_natural,1,"{""max_features"": ""sqrt"", ""min_samples_leaf"": 15, ""n_estimators"": 500}",5068,3842317519,1.2625683999795
cleveland,va_long_beach,random_forest_natural,1,"{""max_features"": ""sqrt"", ""min_samples_leaf"": 15, ""n_estimators"": 500}",5069,3066563601,0.90997590002371
cleveland,va_long_beach,random_forest_natural,1,"{""max_features"": ""sqrt"", ""min_samples_leaf"": 15, ""n_estimators"": 500}",5070,2713591747,0.5857724999950733
cleveland,va_long_beach,random_forest_natural,1,"{""max_features"": ""sqrt"", ""min_samples_leaf"": 15, ""n_estimators"": 500}",5071,3762575681,1.1101685999892652
cleveland,hungary,random_forest_structured,0,"{""max_features"": ""sqrt"", ""min_samples_leaf"": 5, ""n_estimators"": 500}",5062,1903643838,1.0215621999814175
cleveland,hungary,random_forest_structured,0,"{""max_features"": ""sqrt"", ""min_samples_leaf"": 5, ""n_estimators"": 500}",5063,3792088646,1.4075847000058275
cleveland,hungary,random_forest_structured,0,"{""max_features"": ""sqrt"", ""min_samples_leaf"": 5, ""n_estimators"": 500}",5064,3524358156,1.262986899993848
cleveland,hungary,random_forest_structured,0,"{""max_features"": ""sqrt"", ""min_samples_leaf"": 5, ""n_estimators"": 500}",5065,133175732,1.529263800010085
cleveland,hungary,random_forest_structured,0,"{""max_features"": ""sqrt"", ""min_samples_leaf"": 5, ""n_estimators"": 500}",5066,3636717089,0.8360731999855489
cleveland,hungary,random_forest_structured,0,"{""max_features"": ""sqrt"", ""min_samples_leaf"": 5, ""n_estimators"": 500}",5067,956791704,1.02817179998965
cleveland,hungary,random_forest_structured,0,"{""max_features"": ""sqrt"", ""min_samples_leaf"": 5, ""n_estimators"": 500}",5068,2155593159,1.4776351999898907
cleveland,hungary,random_forest_structured,0,"{""max_features"": ""sqrt"", ""min_samples_leaf"": 5, ""n_estimators"": 500}",5069,2232859154,1.0508666000096127
cleveland,hungary,random_forest_structured,0,"{""max_features"": ""sqrt"", ""min_samples_leaf"": 5, ""n_estimators"": 500}",5070,65286878,1.6706013999937568
cleveland,hungary,random_forest_structured,0,"{""max_features"": ""sqrt"", ""min_samples_leaf"": 5, ""n_estimators"": 500}",5071,979535445,1.7287022999953479
cleveland,switzerland,random_forest_structured,0,"{""max_features"": ""sqrt"", ""min_samples_leaf"": 5, ""n_estimators"": 500}",5062,310298118,2.0344142999965698
cleveland,switzerland,random_forest_structured,0,"{""max_features"": ""sqrt"", ""min_samples_leaf"": 5, ""n_estimators"": 500}",5063,2651371337,1.619697799993446
cleveland,switzerland,random_forest_structured,0,"{""max_features"": ""sqrt"", ""min_samples_leaf"": 5, ""n_estimators"": 500}",5064,3413569674,1.471453100006329
cleveland,switzerland,random_forest_structured,0,"{""max_features"": ""sqrt"", ""min_samples_leaf"": 5, ""n_estimators"": 500}",5065,2492389082,0.8113121000060346
cleveland,switzerland,random_forest_structured,0,"{""max_features"": ""sqrt"", ""min_samples_leaf"": 5, ""n_estimators"": 500}",5066,418025290,1.4097643999848515
cleveland,switzerland,random_forest_structured,0,"{""max_features"": ""sqrt"", ""min_samples_leaf"": 5, ""n_estimators"": 500}",5067,4021502317,1.8304151000047568
cleveland,switzerland,random_forest_structured,0,"{""max_features"": ""sqrt"", ""min_samples_leaf"": 5, ""n_estimators"": 500}",5068,3292417041,1.7736589999985881
cleveland,switzerland,random_forest_structured,0,"{""max_features"": ""sqrt"", ""min_samples_leaf"": 5, ""n_estimators"": 500}",5069,108017369,1.504434600006789
cleveland,switzerland,random_forest_structured,0,"{""max_features"": ""sqrt"", ""min_samples_leaf"": 5, ""n_estimators"": 500}",5070,1702622877,1.3123494999890681
cleveland,switzerland,random_forest_structured,0,"{""max_features"": ""sqrt"", ""min_samples_leaf"": 5, ""n_estimators"": 500}",5071,1583660161,1.9208202000008896
cleveland,va_long_beach,random_forest_structured,0,"{""max_features"": ""sqrt"", ""min_samples_leaf"": 5, ""n_estimators"": 500}",5062,3750896639,1.1289971000223886
cleveland,va_long_beach,random_forest_structured,0,"{""max_features"": ""sqrt"", ""min_samples_leaf"": 5, ""n_estimators"": 500}",5063,2814577230,0.8421001000097021
cleveland,va_long_beach,random_forest_structured,0,"{""max_features"": ""sqrt"", ""min_samples_leaf"": 5, ""n_estimators"": 500}",5064,31851416,1.7307101000042167
cleveland,va_long_beach,random_forest_structured,0,"{""max_features"": ""sqrt"", ""min_samples_leaf"": 5, ""n_estimators"": 500}",5065,3982976416,2.075384900002973
cleveland,va_long_beach,random_forest_structured,0,"{""max_features"": ""sqrt"", ""min_samples_leaf"": 5, ""n_estimators"": 500}",5066,1428047433,2.0628327000013087
cleveland,va_long_beach,random_forest_structured,0,"{""max_features"": ""sqrt"", ""min_samples_leaf"": 5, ""n_estimators"": 500}",5067,4148256656,1.9712647999986075
cleveland,va_long_beach,random_forest_structured,0,"{""max_features"": ""sqrt"", ""min_samples_leaf"": 5, ""n_estimators"": 500}",5068,2835850400,1.5815303999988828
cleveland,va_long_beach,random_forest_structured,0,"{""max_features"": ""sqrt"", ""min_samples_leaf"": 5, ""n_estimators"": 500}",5069,211473069,1.8674967999977525
cleveland,va_long_beach,random_forest_structured,0,"{""max_features"": ""sqrt"", ""min_samples_leaf"": 5, ""n_estimators"": 500}",5070,3811912720,1.782555300014792
cleveland,va_long_beach,random_forest_structured,0,"{""max_features"": ""sqrt"", ""min_samples_leaf"": 5, ""n_estimators"": 500}",5071,3118602858,1.5186704999941867
cleveland,hungary,random_forest_structured,1,"{""max_features"": ""sqrt"", ""min_samples_leaf"": 15, ""n_estimators"": 500}",5062,1871478858,1.636506000009831
cleveland,hungary,random_forest_structured,1,"{""max_features"": ""sqrt"", ""min_samples_leaf"": 15, ""n_estimators"": 500}",5063,1063517518,1.7428242999885697
cleveland,hungary,random_forest_structured,1,"{""max_features"": ""sqrt"", ""min_samples_leaf"": 15, ""n_estimators"": 500}",5064,3986966850,0.9696340000082273
cleveland,hungary,random_forest_structured,1,"{""max_features"": ""sqrt"", ""min_samples_leaf"": 15, ""n_estimators"": 500}",5065,4155742346,1.9267557999992277
cleveland,hungary,random_forest_structured,1,"{""max_features"": ""sqrt"", ""min_samples_leaf"": 15, ""n_estimators"": 500}",5066,2505218538,1.408351499994751
cleveland,hungary,random_forest_structured,1,"{""max_features"": ""sqrt"", ""min_samples_leaf"": 15, ""n_estimators"": 500}",5067,3326057843,0.6718894000223372
cleveland,hungary,random_forest_structured,1,"{""max_features"": ""sqrt"", ""min_samples_leaf"": 15, ""n_estimators"": 500}",5068,3408993543,1.5710497999971267
cleveland,hungary,random_forest_structured,1,"{""max_features"": ""sqrt"", ""min_samples_leaf"": 15, ""n_estimators"": 500}",5069,39872391,1.6974067999981344
cleveland,hungary,random_forest_structured,1,"{""max_features"": ""sqrt"", ""min_samples_leaf"": 15, ""n_estimators"": 500}",5070,742234373,1.7969199999934062
cleveland,hungary,random_forest_structured,1,"{""max_features"": ""sqrt"", ""min_samples_leaf"": 15, ""n_estimators"": 500}",5071,935318215,1.6165002000052482
cleveland,switzerland,random_forest_structured,1,"{""max_features"": ""sqrt"", ""min_samples_leaf"": 15, ""n_estimators"": 500}",5062,2257975058,1.8420205999864265
cleveland,switzerland,random_forest_structured,1,"{""max_features"": ""sqrt"", ""min_samples_leaf"": 15, ""n_estimators"": 500}",5063,3771936859,1.4516745999862906
cleveland,switzerland,random_forest_structured,1,"{""max_features"": ""sqrt"", ""min_samples_leaf"": 15, ""n_estimators"": 500}",5064,953143724,1.634680599992862
cleveland,switzerland,random_forest_structured,1,"{""max_features"": ""sqrt"", ""min_samples_leaf"": 15, ""n_estimators"": 500}",5065,2463006514,1.5946699000196531
cleveland,switzerland,random_forest_structured,1,"{""max_features"": ""sqrt"", ""min_samples_leaf"": 15, ""n_estimators"": 500}",5066,2919313527,0.8264687999908347
cleveland,switzerland,random_forest_structured,1,"{""max_features"": ""sqrt"", ""min_samples_leaf"": 15, ""n_estimators"": 500}",5067,3339490454,1.0584915000072215
cleveland,switzerland,random_forest_structured,1,"{""max_features"": ""sqrt"", ""min_samples_leaf"": 15, ""n_estimators"": 500}",5068,2124803925,1.1827499000064563
cleveland,switzerland,random_forest_structured,1,"{""max_features"": ""sqrt"", ""min_samples_leaf"": 15, ""n_estimators"": 500}",5069,1795372326,1.8947111000015866
cleveland,switzerland,random_forest_structured,1,"{""max_features"": ""sqrt"", ""min_samples_leaf"": 15, ""n_estimators"": 500}",5070,2982475246,1.970481700001983
cleveland,switzerland,random_forest_structured,1,"{""max_features"": ""sqrt"", ""min_samples_leaf"": 15, ""n_estimators"": 500}",5071,1320544454,1.9047415000095498
cleveland,va_long_beach,random_forest_structured,1,"{""max_features"": ""sqrt"", ""min_samples_leaf"": 15, ""n_estimators"": 500}",5062,195153588,1.9108604000066407
cleveland,va_long_beach,random_forest_structured,1,"{""max_features"": ""sqrt"", ""min_samples_leaf"": 15, ""n_estimators"": 500}",5063,3148752054,0.7536569000221789
cleveland,va_long_beach,random_forest_structured,1,"{""max_features"": ""sqrt"", ""min_samples_leaf"": 15, ""n_estimators"": 500}",5064,1318216390,1.2321088000026066
cleveland,va_long_beach,random_forest_structured,1,"{""max_features"": ""sqrt"", ""min_samples_leaf"": 15, ""n_estimators"": 500}",5065,795167823,1.2114598999905866
cleveland,va_long_beach,random_forest_structured,1,"{""max_features"": ""sqrt"", ""min_samples_leaf"": 15, ""n_estimators"": 500}",5066,4268223274,1.728156900004251
cleveland,va_long_beach,random_forest_structured,1,"{""max_features"": ""sqrt"", ""min_samples_leaf"": 15, ""n_estimators"": 500}",5067,3216775147,1.7662678000051528
cleveland,va_long_beach,random_forest_structured,1,"{""max_features"": ""sqrt"", ""min_samples_leaf"": 15, ""n_estimators"": 500}",5068,3508414093,1.784840999986045
cleveland,va_long_beach,random_forest_structured,1,"{""max_features"": ""sqrt"", ""min_samples_leaf"": 15, ""n_estimators"": 500}",5069,814926417,1.0957505999831483
cleveland,va_long_beach,random_forest_structured,1,"{""max_features"": ""sqrt"", ""min_samples_leaf"": 15, ""n_estimators"": 500}",5070,3549420899,1.8598494000034407
cleveland,va_long_beach,random_forest_structured,1,"{""max_features"": ""sqrt"", ""min_samples_leaf"": 15, ""n_estimators"": 500}",5071,229876671,1.1194850000028964
cleveland,hungary,histgb_natural,0,"{""l2_regularization"": 1.0, ""learning_rate"": 0.03, ""max_iter"": 300, ""max_leaf_nodes"": 7, ""min_samples_leaf"": 10}",5062,1007642064,2.4571025999903213
cleveland,hungary,histgb_natural,0,"{""l2_regularization"": 1.0, ""learning_rate"": 0.03, ""max_iter"": 300, ""max_leaf_nodes"": 7, ""min_samples_leaf"": 10}",5063,124508252,0.965524600003846
cleveland,hungary,histgb_natural,0,"{""l2_regularization"": 1.0, ""learning_rate"": 0.03, ""max_iter"": 300, ""max_leaf_nodes"": 7, ""min_samples_leaf"": 10}",5064,2941228041,0.7229124000004958
cleveland,hungary,histgb_natural,0,"{""l2_regularization"": 1.0, ""learning_rate"": 0.03, ""max_iter"": 300, ""max_leaf_nodes"": 7, ""min_samples_leaf"": 10}",5065,481417179,1.3130825999833178
cleveland,hungary,histgb_natural,0,"{""l2_regularization"": 1.0, ""learning_rate"": 0.03, ""max_iter"": 300, ""max_leaf_nodes"": 7, ""min_samples_leaf"": 10}",5066,2353778314,1.8622730000060983
cleveland,hungary,histgb_natural,0,"{""l2_regularization"": 1.0, ""learning_rate"": 0.03, ""max_iter"": 300, ""max_leaf_nodes"": 7, ""min_samples_leaf"": 10}",5067,595787253,1.0606984999903943
cleveland,hungary,histgb_natural,0,"{""l2_regularization"": 1.0, ""learning_rate"": 0.03, ""max_iter"": 300, ""max_leaf_nodes"": 7, ""min_samples_leaf"": 10}",5068,2381363034,0.9215258000185713
cleveland,hungary,histgb_natural,0,"{""l2_regularization"": 1.0, ""learning_rate"": 0.03, ""max_iter"": 300, ""max_leaf_nodes"": 7, ""min_samples_leaf"": 10}",5069,1103217820,0.6974038000043947
cleveland,hungary,histgb_natural,0,"{""l2_regularization"": 1.0, ""learning_rate"": 0.03, ""max_iter"": 300, ""max_leaf_nodes"": 7, ""min_samples_leaf"": 10}",5070,4126198339,0.7395355999760795
cleveland,hungary,histgb_natural,0,"{""l2_regularization"": 1.0, ""learning_rate"": 0.03, ""max_iter"": 300, ""max_leaf_nodes"": 7, ""min_samples_leaf"": 10}",5071,4147502084,0.8802160000195727
cleveland,switzerland,histgb_natural,0,"{""l2_regularization"": 1.0, ""learning_rate"": 0.03, ""max_iter"": 300, ""max_leaf_nodes"": 7, ""min_samples_leaf"": 10}",5062,1195584154,1.006695199990645
cleveland,switzerland,histgb_natural,0,"{""l2_regularization"": 1.0, ""learning_rate"": 0.03, ""max_iter"": 300, ""max_leaf_nodes"": 7, ""min_samples_leaf"": 10}",5063,3687805628,0.8620615999971051
cleveland,switzerland,histgb_natural,0,"{""l2_regularization"": 1.0, ""learning_rate"": 0.03, ""max_iter"": 300, ""max_leaf_nodes"": 7, ""min_samples_leaf"": 10}",5064,2633990053,0.862020600005053
cleveland,switzerland,histgb_natural,0,"{""l2_regularization"": 1.0, ""learning_rate"": 0.03, ""max_iter"": 300, ""max_leaf_nodes"": 7, ""min_samples_leaf"": 10}",5065,524546042,1.412718900013715
cleveland,switzerland,histgb_natural,0,"{""l2_regularization"": 1.0, ""learning_rate"": 0.03, ""max_iter"": 300, ""max_leaf_nodes"": 7, ""min_samples_leaf"": 10}",5066,3904580787,1.1684205000055954
cleveland,switzerland,histgb_natural,0,"{""l2_regularization"": 1.0, ""learning_rate"": 0.03, ""max_iter"": 300, ""max_leaf_nodes"": 7, ""min_samples_leaf"": 10}",5067,3277144311,1.2206409999926109
cleveland,switzerland,histgb_natural,0,"{""l2_regularization"": 1.0, ""learning_rate"": 0.03, ""max_iter"": 300, ""max_leaf_nodes"": 7, ""min_samples_leaf"": 10}",5068,2006546209,1.3601688999915496
cleveland,switzerland,histgb_natural,0,"{""l2_regularization"": 1.0, ""learning_rate"": 0.03, ""max_iter"": 300, ""max_leaf_nodes"": 7, ""min_samples_leaf"": 10}",5069,1585061082,1.3990319000149611
cleveland,switzerland,histgb_natural,0,"{""l2_regularization"": 1.0, ""learning_rate"": 0.03, ""max_iter"": 300, ""max_leaf_nodes"": 7, ""min_samples_leaf"": 10}",5070,339958206,0.7493064999871422
cleveland,switzerland,histgb_natural,0,"{""l2_regularization"": 1.0, ""learning_rate"": 0.03, ""max_iter"": 300, ""max_leaf_nodes"": 7, ""min_samples_leaf"": 10}",5071,2766714733,0.7119336000178009
cleveland,va_long_beach,histgb_natural,0,"{""l2_regularization"": 1.0, ""learning_rate"": 0.03, ""max_iter"": 300, ""max_leaf_nodes"": 7, ""min_samples_leaf"": 10}",5062,430242610,1.0476766000210773
cleveland,va_long_beach,histgb_natural,0,"{""l2_regularization"": 1.0, ""learning_rate"": 0.03, ""max_iter"": 300, ""max_leaf_nodes"": 7, ""min_samples_leaf"": 10}",5063,2667679521,0.8378786999965087
cleveland,va_long_beach,histgb_natural,0,"{""l2_regularization"": 1.0, ""learning_rate"": 0.03, ""max_iter"": 300, ""max_leaf_nodes"": 7, ""min_samples_leaf"": 10}",5064,160100312,1.0593458999937866
cleveland,va_long_beach,histgb_natural,0,"{""l2_regularization"": 1.0, ""learning_rate"": 0.03, ""max_iter"": 300, ""max_leaf_nodes"": 7, ""min_samples_leaf"": 10}",5065,2123285424,1.1244082000048365
cleveland,va_long_beach,histgb_natural,0,"{""l2_regularization"": 1.0, ""learning_rate"": 0.03, ""max_iter"": 300, ""max_leaf_nodes"": 7, ""min_samples_leaf"": 10}",5066,2110607022,0.9367115000204649
cleveland,va_long_beach,histgb_natural,0,"{""l2_regularization"": 1.0, ""learning_rate"": 0.03, ""max_iter"": 300, ""max_leaf_nodes"": 7, ""min_samples_leaf"": 10}",5067,2536956899,1.0342934999789577
cleveland,va_long_beach,histgb_natural,0,"{""l2_regularization"": 1.0, ""learning_rate"": 0.03, ""max_iter"": 300, ""max_leaf_nodes"": 7, ""min_samples_leaf"": 10}",5068,887813845,0.6778712999948766
cleveland,va_long_beach,histgb_natural,0,"{""l2_regularization"": 1.0, ""learning_rate"": 0.03, ""max_iter"": 300, ""max_leaf_nodes"": 7, ""min_samples_leaf"": 10}",5069,2212457271,0.7404889999888837
cleveland,va_long_beach,histgb_natural,0,"{""l2_regularization"": 1.0, ""learning_rate"": 0.03, ""max_iter"": 300, ""max_leaf_nodes"": 7, ""min_samples_leaf"": 10}",5070,2561952950,0.7339070000161882
cleveland,va_long_beach,histgb_natural,0,"{""l2_regularization"": 1.0, ""learning_rate"": 0.03, ""max_iter"": 300, ""max_leaf_nodes"": 7, ""min_samples_leaf"": 10}",5071,270322501,0.9715611999854445
cleveland,hungary,histgb_natural,1,"{""l2_regularization"": 1.0, ""learning_rate"": 0.03, ""max_iter"": 300, ""max_leaf_nodes"": 15, ""min_samples_leaf"": 10}",5062,3087003593,2.866026600007899
cleveland,hungary,histgb_natural,1,"{""l2_regularization"": 1.0, ""learning_rate"": 0.03, ""max_iter"": 300, ""max_leaf_nodes"": 15, ""min_samples_leaf"": 10}",5063,1226921014,1.8456492999976035
cleveland,hungary,histgb_natural,1,"{""l2_regularization"": 1.0, ""learning_rate"": 0.03, ""max_iter"": 300, ""max_leaf_nodes"": 15, ""min_samples_leaf"": 10}",5064,853908647,2.003671599988593
cleveland,hungary,histgb_natural,1,"{""l2_regularization"": 1.0, ""learning_rate"": 0.03, ""max_iter"": 300, ""max_leaf_nodes"": 15, ""min_samples_leaf"": 10}",5065,1807528565,1.706410800019512
cleveland,hungary,histgb_natural,1,"{""l2_regularization"": 1.0, ""learning_rate"": 0.03, ""max_iter"": 300, ""max_leaf_nodes"": 15, ""min_samples_leaf"": 10}",5066,485087886,1.837212400016142
cleveland,hungary,histgb_natural,1,"{""l2_regularization"": 1.0, ""learning_rate"": 0.03, ""max_iter"": 300, ""max_leaf_nodes"": 15, ""min_samples_leaf"": 10}",5067,509347122,1.9252266999974381
cleveland,hungary,histgb_natural,1,"{""l2_regularization"": 1.0, ""learning_rate"": 0.03, ""max_iter"": 300, ""max_leaf_nodes"": 15, ""min_samples_leaf"": 10}",5068,2605464753,2.66476290000719
cleveland,hungary,histgb_natural,1,"{""l2_regularization"": 1.0, ""learning_rate"": 0.03, ""max_iter"": 300, ""max_leaf_nodes"": 15, ""min_samples_leaf"": 10}",5069,2598677465,1.528160999994725
cleveland,hungary,histgb_natural,1,"{""l2_regularization"": 1.0, ""learning_rate"": 0.03, ""max_iter"": 300, ""max_leaf_nodes"": 15, ""min_samples_leaf"": 10}",5070,4045125939,1.8758591000223532
cleveland,hungary,histgb_natural,1,"{""l2_regularization"": 1.0, ""learning_rate"": 0.03, ""max_iter"": 300, ""max_leaf_nodes"": 15, ""min_samples_leaf"": 10}",5071,1232209873,1.7604891000082716
cleveland,switzerland,histgb_natural,1,"{""l2_regularization"": 1.0, ""learning_rate"": 0.03, ""max_iter"": 300, ""max_leaf_nodes"": 15, ""min_samples_leaf"": 10}",5062,2072451321,1.5875209999794606
cleveland,switzerland,histgb_natural,1,"{""l2_regularization"": 1.0, ""learning_rate"": 0.03, ""max_iter"": 300, ""max_leaf_nodes"": 15, ""min_samples_leaf"": 10}",5063,3615941451,1.6448246999934781
cleveland,switzerland,histgb_natural,1,"{""l2_regularization"": 1.0, ""learning_rate"": 0.03, ""max_iter"": 300, ""max_leaf_nodes"": 15, ""min_samples_leaf"": 10}",5064,1424745682,2.3484565000107978
cleveland,switzerland,histgb_natural,1,"{""l2_regularization"": 1.0, ""learning_rate"": 0.03, ""max_iter"": 300, ""max_leaf_nodes"": 15, ""min_samples_leaf"": 10}",5065,3918380225,1.6643475999881048
cleveland,switzerland,histgb_natural,1,"{""l2_regularization"": 1.0, ""learning_rate"": 0.03, ""max_iter"": 300, ""max_leaf_nodes"": 15, ""min_samples_leaf"": 10}",5066,4225054852,1.7902739999990445
cleveland,switzerland,histgb_natural,1,"{""l2_regularization"": 1.0, ""learning_rate"": 0.03, ""max_iter"": 300, ""max_leaf_nodes"": 15, ""min_samples_leaf"": 10}",5067,1614607244,1.843365700013237
cleveland,switzerland,histgb_natural,1,"{""l2_regularization"": 1.0, ""learning_rate"": 0.03, ""max_iter"": 300, ""max_leaf_nodes"": 15, ""min_samples_leaf"": 10}",5068,1426535859,1.7367299000034109
cleveland,switzerland,histgb_natural,1,"{""l2_regularization"": 1.0, ""learning_rate"": 0.03, ""max_iter"": 300, ""max_leaf_nodes"": 15, ""min_samples_leaf"": 10}",5069,1692052872,1.546903000009479
cleveland,switzerland,histgb_natural,1,"{""l2_regularization"": 1.0, ""learning_rate"": 0.03, ""max_iter"": 300, ""max_leaf_nodes"": 15, ""min_samples_leaf"": 10}",5070,2581242917,2.657900599995628
cleveland,switzerland,histgb_natural,1,"{""l2_regularization"": 1.0, ""learning_rate"": 0.03, ""max_iter"": 300, ""max_leaf_nodes"": 15, ""min_samples_leaf"": 10}",5071,20775939,1.8666014000191353
cleveland,va_long_beach,histgb_natural,1,"{""l2_regularization"": 1.0, ""learning_rate"": 0.03, ""max_iter"": 300, ""max_leaf_nodes"": 15, ""min_samples_leaf"": 10}",5062,2316687022,1.5721762000175659
cleveland,va_long_beach,histgb_natural,1,"{""l2_regularization"": 1.0, ""learning_rate"": 0.03, ""max_iter"": 300, ""max_leaf_nodes"": 15, ""min_samples_leaf"": 10}",5063,2911577760,1.920495900005335
cleveland,va_long_beach,histgb_natural,1,"{""l2_regularization"": 1.0, ""learning_rate"": 0.03, ""max_iter"": 300, ""max_leaf_nodes"": 15, ""min_samples_leaf"": 10}",5064,3697100561,1.5148681999999098
cleveland,va_long_beach,histgb_natural,1,"{""l2_regularization"": 1.0, ""learning_rate"": 0.03, ""max_iter"": 300, ""max_leaf_nodes"": 15, ""min_samples_leaf"": 10}",5065,1990123233,1.8396141999983229
cleveland,va_long_beach,histgb_natural,1,"{""l2_regularization"": 1.0, ""learning_rate"": 0.03, ""max_iter"": 300, ""max_leaf_nodes"": 15, ""min_samples_leaf"": 10}",5066,2759469410,1.7865490000112914
cleveland,va_long_beach,histgb_natural,1,"{""l2_regularization"": 1.0, ""learning_rate"": 0.03, ""max_iter"": 300, ""max_leaf_nodes"": 15, ""min_samples_leaf"": 10}",5067,1524509759,1.7995544000004884
cleveland,va_long_beach,histgb_natural,1,"{""l2_regularization"": 1.0, ""learning_rate"": 0.03, ""max_iter"": 300, ""max_leaf_nodes"": 15, ""min_samples_leaf"": 10}",5068,1706595280,2.2561028999916743
cleveland,va_long_beach,histgb_natural,1,"{""l2_regularization"": 1.0, ""learning_rate"": 0.03, ""max_iter"": 300, ""max_leaf_nodes"": 15, ""min_samples_leaf"": 10}",5069,85389296,1.8964357000077143
cleveland,va_long_beach,histgb_natural,1,"{""l2_regularization"": 1.0, ""learning_rate"": 0.03, ""max_iter"": 300, ""max_leaf_nodes"": 15, ""min_samples_leaf"": 10}",5070,483544514,1.6919693000090774
cleveland,va_long_beach,histgb_natural,1,"{""l2_regularization"": 1.0, ""learning_rate"": 0.03, ""max_iter"": 300, ""max_leaf_nodes"": 15, ""min_samples_leaf"": 10}",5071,839291029,1.8878434000071138
cleveland,hungary,histgb_structured,0,"{""l2_regularization"": 1.0, ""learning_rate"": 0.03, ""max_iter"": 300, ""max_leaf_nodes"": 7, ""min_samples_leaf"": 10}",5062,2258257845,1.7007566000102088
cleveland,hungary,histgb_structured,0,"{""l2_regularization"": 1.0, ""learning_rate"": 0.03, ""max_iter"": 300, ""max_leaf_nodes"": 7, ""min_samples_leaf"": 10}",5063,62095992,1.2923108999966644
cleveland,hungary,histgb_structured,0,"{""l2_regularization"": 1.0, ""learning_rate"": 0.03, ""max_iter"": 300, ""max_leaf_nodes"": 7, ""min_samples_leaf"": 10}",5064,1327918577,0.9495107000111602
cleveland,hungary,histgb_structured,0,"{""l2_regularization"": 1.0, ""learning_rate"": 0.03, ""max_iter"": 300, ""max_leaf_nodes"": 7, ""min_samples_leaf"": 10}",5065,1397665292,0.9153572999930475
cleveland,hungary,histgb_structured,0,"{""l2_regularization"": 1.0, ""learning_rate"": 0.03, ""max_iter"": 300, ""max_leaf_nodes"": 7, ""min_samples_leaf"": 10}",5066,2013072241,0.9935729999851901
cleveland,hungary,histgb_structured,0,"{""l2_regularization"": 1.0, ""learning_rate"": 0.03, ""max_iter"": 300, ""max_leaf_nodes"": 7, ""min_samples_leaf"": 10}",5067,1609005894,0.7939609999884851
cleveland,hungary,histgb_structured,0,"{""l2_regularization"": 1.0, ""learning_rate"": 0.03, ""max_iter"": 300, ""max_leaf_nodes"": 7, ""min_samples_leaf"": 10}",5068,2588429472,1.1119193999911658
cleveland,hungary,histgb_structured,0,"{""l2_regularization"": 1.0, ""learning_rate"": 0.03, ""max_iter"": 300, ""max_leaf_nodes"": 7, ""min_samples_leaf"": 10}",5069,4282343634,1.212302500003716
cleveland,hungary,histgb_structured,0,"{""l2_regularization"": 1.0, ""learning_rate"": 0.03, ""max_iter"": 300, ""max_leaf_nodes"": 7, ""min_samples_leaf"": 10}",5070,3553401947,1.0276945999939926
cleveland,hungary,histgb_structured,0,"{""l2_regularization"": 1.0, ""learning_rate"": 0.03, ""max_iter"": 300, ""max_leaf_nodes"": 7, ""min_samples_leaf"": 10}",5071,2601566281,0.7356202999944799
cleveland,switzerland,histgb_structured,0,"{""l2_regularization"": 1.0, ""learning_rate"": 0.03, ""max_iter"": 300, ""max_leaf_nodes"": 7, ""min_samples_leaf"": 10}",5062,2968848001,1.384056300012162
cleveland,switzerland,histgb_structured,0,"{""l2_regularization"": 1.0, ""learning_rate"": 0.03, ""max_iter"": 300, ""max_leaf_nodes"": 7, ""min_samples_leaf"": 10}",5063,1907036338,0.7633560000103898
cleveland,switzerland,histgb_structured,0,"{""l2_regularization"": 1.0, ""learning_rate"": 0.03, ""max_iter"": 300, ""max_leaf_nodes"": 7, ""min_samples_leaf"": 10}",5064,25733264,1.104465899989009
cleveland,switzerland,histgb_structured,0,"{""l2_regularization"": 1.0, ""learning_rate"": 0.03, ""max_iter"": 300, ""max_leaf_nodes"": 7, ""min_samples_leaf"": 10}",5065,3987145238,0.9689829999988433
cleveland,switzerland,histgb_structured,0,"{""l2_regularization"": 1.0, ""learning_rate"": 0.03, ""max_iter"": 300, ""max_leaf_nodes"": 7, ""min_samples_leaf"": 10}",5066,2903382486,1.5081715999986045
cleveland,switzerland,histgb_structured,0,"{""l2_regularization"": 1.0, ""learning_rate"": 0.03, ""max_iter"": 300, ""max_leaf_nodes"": 7, ""min_samples_leaf"": 10}",5067,1593600444,1.4209649999975227
cleveland,switzerland,histgb_structured,0,"{""l2_regularization"": 1.0, ""learning_rate"": 0.03, ""max_iter"": 300, ""max_leaf_nodes"": 7, ""min_samples_leaf"": 10}",5068,1618871742,0.9885066999995615
cleveland,switzerland,histgb_structured,0,"{""l2_regularization"": 1.0, ""learning_rate"": 0.03, ""max_iter"": 300, ""max_leaf_nodes"": 7, ""min_samples_leaf"": 10}",5069,2129265339,0.83196880001924
cleveland,switzerland,histgb_structured,0,"{""l2_regularization"": 1.0, ""learning_rate"": 0.03, ""max_iter"": 300, ""max_leaf_nodes"": 7, ""min_samples_leaf"": 10}",5070,1238966426,0.9595330999873113
cleveland,switzerland,histgb_structured,0,"{""l2_regularization"": 1.0, ""learning_rate"": 0.03, ""max_iter"": 300, ""max_leaf_nodes"": 7, ""min_samples_leaf"": 10}",5071,3520521926,0.6732440000050701
cleveland,va_long_beach,histgb_structured,0,"{""l2_regularization"": 1.0, ""learning_rate"": 0.03, ""max_iter"": 300, ""max_leaf_nodes"": 7, ""min_samples_leaf"": 10}",5062,3522729369,1.0387910999997985
cleveland,va_long_beach,histgb_structured,0,"{""l2_regularization"": 1.0, ""learning_rate"": 0.03, ""max_iter"": 300, ""max_leaf_nodes"": 7, ""min_samples_leaf"": 10}",5063,507835907,1.4325187999929767
cleveland,va_long_beach,histgb_structured,0,"{""l2_regularization"": 1.0, ""learning_rate"": 0.03, ""max_iter"": 300, ""max_leaf_nodes"": 7, ""min_samples_leaf"": 10}",5064,1345478692,0.9604008000169415
cleveland,va_long_beach,histgb_structured,0,"{""l2_regularization"": 1.0, ""learning_rate"": 0.03, ""max_iter"": 300, ""max_leaf_nodes"": 7, ""min_samples_leaf"": 10}",5065,3605610450,1.002832700003637
cleveland,va_long_beach,histgb_structured,0,"{""l2_regularization"": 1.0, ""learning_rate"": 0.03, ""max_iter"": 300, ""max_leaf_nodes"": 7, ""min_samples_leaf"": 10}",5066,587935363,1.309670399990864
cleveland,va_long_beach,histgb_structured,0,"{""l2_regularization"": 1.0, ""learning_rate"": 0.03, ""max_iter"": 300, ""max_leaf_nodes"": 7, ""min_samples_leaf"": 10}",5067,3942221138,1.4451353000185918
cleveland,va_long_beach,histgb_structured,0,"{""l2_regularization"": 1.0, ""learning_rate"": 0.03, ""max_iter"": 300, ""max_leaf_nodes"": 7, ""min_samples_leaf"": 10}",5068,831381181,0.7301502999907825
cleveland,va_long_beach,histgb_structured,0,"{""l2_regularization"": 1.0, ""learning_rate"": 0.03, ""max_iter"": 300, ""max_leaf_nodes"": 7, ""min_samples_leaf"": 10}",5069,4029778864,0.7887420000042766
cleveland,va_long_beach,histgb_structured,0,"{""l2_regularization"": 1.0, ""learning_rate"": 0.03, ""max_iter"": 300, ""max_leaf_nodes"": 7, ""min_samples_leaf"": 10}",5070,467665139,1.227546500012977
cleveland,va_long_beach,histgb_structured,0,"{""l2_regularization"": 1.0, ""learning_rate"": 0.03, ""max_iter"": 300, ""max_leaf_nodes"": 7, ""min_samples_leaf"": 10}",5071,3225120955,1.340700900007505
cleveland,hungary,histgb_structured,1,"{""l2_regularization"": 1.0, ""learning_rate"": 0.03, ""max_iter"": 300, ""max_leaf_nodes"": 15, ""min_samples_leaf"": 10}",5062,411638768,1.8084532000066247
cleveland,hungary,histgb_structured,1,"{""l2_regularization"": 1.0, ""learning_rate"": 0.03, ""max_iter"": 300, ""max_leaf_nodes"": 15, ""min_samples_leaf"": 10}",5063,1161215312,1.2591063000145368
cleveland,hungary,histgb_structured,1,"{""l2_regularization"": 1.0, ""learning_rate"": 0.03, ""max_iter"": 300, ""max_leaf_nodes"": 15, ""min_samples_leaf"": 10}",5064,841036210,2.056967899989104
cleveland,hungary,histgb_structured,1,"{""l2_regularization"": 1.0, ""learning_rate"": 0.03, ""max_iter"": 300, ""max_leaf_nodes"": 15, ""min_samples_leaf"": 10}",5065,123791337,1.893195899989223
cleveland,hungary,histgb_structured,1,"{""l2_regularization"": 1.0, ""learning_rate"": 0.03, ""max_iter"": 300, ""max_leaf_nodes"": 15, ""min_samples_leaf"": 10}",5066,555638646,1.9422217999817804
cleveland,hungary,histgb_structured,1,"{""l2_regularization"": 1.0, ""learning_rate"": 0.03, ""max_iter"": 300, ""max_leaf_nodes"": 15, ""min_samples_leaf"": 10}",5067,2949625157,2.5612519000133034
cleveland,hungary,histgb_structured,1,"{""l2_regularization"": 1.0, ""learning_rate"": 0.03, ""max_iter"": 300, ""max_leaf_nodes"": 15, ""min_samples_leaf"": 10}",5068,4172946954,1.9395112000056542
cleveland,hungary,histgb_structured,1,"{""l2_regularization"": 1.0, ""learning_rate"": 0.03, ""max_iter"": 300, ""max_leaf_nodes"": 15, ""min_samples_leaf"": 10}",5069,99368403,2.3646364000160247
cleveland,hungary,histgb_structured,1,"{""l2_regularization"": 1.0, ""learning_rate"": 0.03, ""max_iter"": 300, ""max_leaf_nodes"": 15, ""min_samples_leaf"": 10}",5070,3824821074,2.194005900004413
cleveland,hungary,histgb_structured,1,"{""l2_regularization"": 1.0, ""learning_rate"": 0.03, ""max_iter"": 300, ""max_leaf_nodes"": 15, ""min_samples_leaf"": 10}",5071,1540427377,2.074335500015877
cleveland,switzerland,histgb_structured,1,"{""l2_regularization"": 1.0, ""learning_rate"": 0.03, ""max_iter"": 300, ""max_leaf_nodes"": 15, ""min_samples_leaf"": 10}",5062,4060113067,1.9406947999959812
cleveland,switzerland,histgb_structured,1,"{""l2_regularization"": 1.0, ""learning_rate"": 0.03, ""max_iter"": 300, ""max_leaf_nodes"": 15, ""min_samples_leaf"": 10}",5063,635266423,2.691735600004904
cleveland,switzerland,histgb_structured,1,"{""l2_regularization"": 1.0, ""learning_rate"": 0.03, ""max_iter"": 300, ""max_leaf_nodes"": 15, ""min_samples_leaf"": 10}",5064,441689449,2.5908219999982975
cleveland,switzerland,histgb_structured,1,"{""l2_regularization"": 1.0, ""learning_rate"": 0.03, ""max_iter"": 300, ""max_leaf_nodes"": 15, ""min_samples_leaf"": 10}",5065,1857822823,2.0033226999803446
cleveland,switzerland,histgb_structured,1,"{""l2_regularization"": 1.0, ""learning_rate"": 0.03, ""max_iter"": 300, ""max_leaf_nodes"": 15, ""min_samples_leaf"": 10}",5066,2956827923,1.9732914999767672
cleveland,switzerland,histgb_structured,1,"{""l2_regularization"": 1.0, ""learning_rate"": 0.03, ""max_iter"": 300, ""max_leaf_nodes"": 15, ""min_samples_leaf"": 10}",5067,4207586448,2.318206199997803
cleveland,switzerland,histgb_structured,1,"{""l2_regularization"": 1.0, ""learning_rate"": 0.03, ""max_iter"": 300, ""max_leaf_nodes"": 15, ""min_samples_leaf"": 10}",5068,86011781,3.4233320000057574
cleveland,switzerland,histgb_structured,1,"{""l2_regularization"": 1.0, ""learning_rate"": 0.03, ""max_iter"": 300, ""max_leaf_nodes"": 15, ""min_samples_leaf"": 10}",5069,903529928,2.4616473000205588
cleveland,switzerland,histgb_structured,1,"{""l2_regularization"": 1.0, ""learning_rate"": 0.03, ""max_iter"": 300, ""max_leaf_nodes"": 15, ""min_samples_leaf"": 10}",5070,103383193,2.5347005000221543
cleveland,switzerland,histgb_structured,1,"{""l2_regularization"": 1.0, ""learning_rate"": 0.03, ""max_iter"": 300, ""max_leaf_nodes"": 15, ""min_samples_leaf"": 10}",5071,194621672,2.3720960000064224
cleveland,va_long_beach,histgb_structured,1,"{""l2_regularization"": 1.0, ""learning_rate"": 0.03, ""max_iter"": 300, ""max_leaf_nodes"": 15, ""min_samples_leaf"": 10}",5062,525071967,2.317744700005278
cleveland,va_long_beach,histgb_structured,1,"{""l2_regularization"": 1.0, ""learning_rate"": 0.03, ""max_iter"": 300, ""max_leaf_nodes"": 15, ""min_samples_leaf"": 10}",5063,2216011894,1.5923306999902707
cleveland,va_long_beach,histgb_structured,1,"{""l2_regularization"": 1.0, ""learning_rate"": 0.03, ""max_iter"": 300, ""max_leaf_nodes"": 15, ""min_samples_leaf"": 10}",5064,1414830105,1.9198700999841094
cleveland,va_long_beach,histgb_structured,1,"{""l2_regularization"": 1.0, ""learning_rate"": 0.03, ""max_iter"": 300, ""max_leaf_nodes"": 15, ""min_samples_leaf"": 10}",5065,4007420807,1.812869800021872
cleveland,va_long_beach,histgb_structured,1,"{""l2_regularization"": 1.0, ""learning_rate"": 0.03, ""max_iter"": 300, ""max_leaf_nodes"": 15, ""min_samples_leaf"": 10}",5066,727526222,2.8236548000131734
cleveland,va_long_beach,histgb_structured,1,"{""l2_regularization"": 1.0, ""learning_rate"": 0.03, ""max_iter"": 300, ""max_leaf_nodes"": 15, ""min_samples_leaf"": 10}",5067,2441880647,2.835670000000391
cleveland,va_long_beach,histgb_structured,1,"{""l2_regularization"": 1.0, ""learning_rate"": 0.03, ""max_iter"": 300, ""max_leaf_nodes"": 15, ""min_samples_leaf"": 10}",5068,119477236,2.1209401999949478
cleveland,va_long_beach,histgb_structured,1,"{""l2_regularization"": 1.0, ""learning_rate"": 0.03, ""max_iter"": 300, ""max_leaf_nodes"": 15, ""min_samples_leaf"": 10}",5069,2114270841,2.582889899989823
cleveland,va_long_beach,histgb_structured,1,"{""l2_regularization"": 1.0, ""learning_rate"": 0.03, ""max_iter"": 300, ""max_leaf_nodes"": 15, ""min_samples_leaf"": 10}",5070,2283955704,2.049499900022056
cleveland,va_long_beach,histgb_structured,1,"{""l2_regularization"": 1.0, ""learning_rate"": 0.03, ""max_iter"": 300, ""max_leaf_nodes"": 15, ""min_samples_leaf"": 10}",5071,1727885310,2.670441199996276
hungary,cleveland,logistic_natural,0,"{""C"": 0.1}",5062,1153554452,0.042562699993140996
hungary,cleveland,logistic_natural,0,"{""C"": 0.1}",5063,3170855989,0.04577609998523258
hungary,cleveland,logistic_natural,0,"{""C"": 0.1}",5064,2151232542,0.05538230002275668
hungary,cleveland,logistic_natural,0,"{""C"": 0.1}",5065,2369180772,0.04739849999896251
hungary,cleveland,logistic_natural,0,"{""C"": 0.1}",5066,4100609333,0.06912739999825135
hungary,cleveland,logistic_natural,0,"{""C"": 0.1}",5067,1709025071,0.04240810000919737
hungary,cleveland,logistic_natural,0,"{""C"": 0.1}",5068,4242651301,0.03229500001179986
hungary,cleveland,logistic_natural,0,"{""C"": 0.1}",5069,1099577210,0.024512200005119666
hungary,cleveland,logistic_natural,0,"{""C"": 0.1}",5070,4217041825,0.02703649998875335
hungary,cleveland,logistic_natural,0,"{""C"": 0.1}",5071,625770667,0.04102020000573248
hungary,switzerland,logistic_natural,0,"{""C"": 0.1}",5062,1660853336,0.11953399999765679
hungary,switzerland,logistic_natural,0,"{""C"": 0.1}",5063,2758613112,0.04395659998408519
hungary,switzerland,logistic_natural,0,"{""C"": 0.1}",5064,3515569296,0.05361030000494793
hungary,switzerland,logistic_natural,0,"{""C"": 0.1}",5065,1331519843,0.05250180000439286
hungary,switzerland,logistic_natural,0,"{""C"": 0.1}",5066,628237118,0.08563119999598712
hungary,switzerland,logistic_natural,0,"{""C"": 0.1}",5067,2640321997,0.04095319999032654
hungary,switzerland,logistic_natural,0,"{""C"": 0.1}",5068,4041841025,0.034172500018030405
hungary,switzerland,logistic_natural,0,"{""C"": 0.1}",5069,1795974,0.025636800011852756
hungary,switzerland,logistic_natural,0,"{""C"": 0.1}",5070,2627424399,0.05102169999736361
hungary,switzerland,logistic_natural,0,"{""C"": 0.1}",5071,2554680149,0.06996069999877363
hungary,va_long_beach,logistic_natural,0,"{""C"": 0.1}",5062,708052362,0.056590499996673316
hungary,va_long_beach,logistic_natural,0,"{""C"": 0.1}",5063,4234344146,0.02232360001653433
hungary,va_long_beach,logistic_natural,0,"{""C"": 0.1}",5064,1215723311,0.028397099988069385
hungary,va_long_beach,logistic_natural,0,"{""C"": 0.1}",5065,3749299884,0.040804299991577864
hungary,va_long_beach,logistic_natural,0,"{""C"": 0.1}",5066,764074562,0.04666859999997541
hungary,va_long_beach,logistic_natural,0,"{""C"": 0.1}",5067,743438449,0.03503859997726977
hungary,va_long_beach,logistic_natural,0,"{""C"": 0.1}",5068,594512793,0.019806399999652058
hungary,va_long_beach,logistic_natural,0,"{""C"": 0.1}",5069,534813050,0.04842489998554811
hungary,va_long_beach,logistic_natural,0,"{""C"": 0.1}",5070,1343338744,0.07518749998416752
hungary,va_long_beach,logistic_natural,0,"{""C"": 0.1}",5071,2090619481,0.029063499998301268
hungary,cleveland,logistic_natural,1,"{""C"": 1.0}",5062,1419541935,0.07185729997581802
hungary,cleveland,logistic_natural,1,"{""C"": 1.0}",5063,1803028034,0.054922300012549385
hungary,cleveland,logistic_natural,1,"{""C"": 1.0}",5064,1040847483,0.07252709998283535
hungary,cleveland,logistic_natural,1,"{""C"": 1.0}",5065,2981496207,0.058775799989234656
hungary,cleveland,logistic_natural,1,"{""C"": 1.0}",5066,3386898883,0.09477260001585819
hungary,cleveland,logistic_natural,1,"{""C"": 1.0}",5067,3049748587,0.06268730000010692
hungary,cleveland,logistic_natural,1,"{""C"": 1.0}",5068,1465093718,0.0800054999999702
hungary,cleveland,logistic_natural,1,"{""C"": 1.0}",5069,4049790571,0.04756269999779761
hungary,cleveland,logistic_natural,1,"{""C"": 1.0}",5070,2694025167,0.03768450001371093
hungary,cleveland,logistic_natural,1,"{""C"": 1.0}",5071,2900781182,0.039405699993949383
hungary,switzerland,logistic_natural,1,"{""C"": 1.0}",5062,3827272844,0.029184899991378188
hungary,switzerland,logistic_natural,1,"{""C"": 1.0}",5063,2152158806,0.029761499987216666
hungary,switzerland,logistic_natural,1,"{""C"": 1.0}",5064,1313828578,0.03297910001128912
hungary,switzerland,logistic_natural,1,"{""C"": 1.0}",5065,2495842559,0.03515109998988919
hungary,switzerland,logistic_natural,1,"{""C"": 1.0}",5066,1544170986,0.025327200011815876
hungary,switzerland,logistic_natural,1,"{""C"": 1.0}",5067,2791452530,0.07616729999426752
hungary,switzerland,logistic_natural,1,"{""C"": 1.0}",5068,279903261,0.0854747999983374
hungary,switzerland,logistic_natural,1,"{""C"": 1.0}",5069,2367023655,0.0881338000181131
hungary,switzerland,logistic_natural,1,"{""C"": 1.0}",5070,3475779685,0.02755660002003424
hungary,switzerland,logistic_natural,1,"{""C"": 1.0}",5071,3475945668,0.02498109999578446
hungary,va_long_beach,logistic_natural,1,"{""C"": 1.0}",5062,2605553751,0.059361099993111566
hungary,va_long_beach,logistic_natural,1,"{""C"": 1.0}",5063,2731644106,0.045106600009603426
hungary,va_long_beach,logistic_natural,1,"{""C"": 1.0}",5064,745296038,0.10808219999307767
hungary,va_long_beach,logistic_natural,1,"{""C"": 1.0}",5065,167751536,0.07432669997797348
hungary,va_long_beach,logistic_natural,1,"{""C"": 1.0}",5066,307284489,0.06354830000782385
hungary,va_long_beach,logistic_natural,1,"{""C"": 1.0}",5067,70327608,0.032486399984918535
hungary,va_long_beach,logistic_natural,1,"{""C"": 1.0}",5068,2139028922,0.053491099999519065
hungary,va_long_beach,logistic_natural,1,"{""C"": 1.0}",5069,1820983478,0.0901173000165727
hungary,va_long_beach,logistic_natural,1,"{""C"": 1.0}",5070,4208653085,0.09854589999304153
hungary,va_long_beach,logistic_natural,1,"{""C"": 1.0}",5071,1367684645,0.08444600002258085
hungary,cleveland,logistic_natural,2,"{""C"": 10.0}",5062,3740172461,0.09691229998134077
hungary,cleveland,logistic_natural,2,"{""C"": 10.0}",5063,3692484488,0.060672399995382875
hungary,cleveland,logistic_natural,2,"{""C"": 10.0}",5064,2761811293,0.1136292000010144
hungary,cleveland,logistic_natural,2,"{""C"": 10.0}",5065,2371277324,0.07997980000800453
hungary,cleveland,logistic_natural,2,"{""C"": 10.0}",5066,1260160247,0.10597529998631217
hungary,cleveland,logistic_natural,2,"{""C"": 10.0}",5067,4017834243,0.06558699999004602
hungary,cleveland,logistic_natural,2,"{""C"": 10.0}",5068,3237533167,0.06178729998646304
hungary,cleveland,logistic_natural,2,"{""C"": 10.0}",5069,4123412690,0.11833920000935905
hungary,cleveland,logistic_natural,2,"{""C"": 10.0}",5070,2633464979,0.08697249999386258
hungary,cleveland,logistic_natural,2,"{""C"": 10.0}",5071,1494393166,0.13483330002054572
hungary,switzerland,logistic_natural,2,"{""C"": 10.0}",5062,1681678341,0.04274869998334907
hungary,switzerland,logistic_natural,2,"{""C"": 10.0}",5063,863354280,0.04792569999699481
hungary,switzerland,logistic_natural,2,"{""C"": 10.0}",5064,3806094853,0.08193610000307672
hungary,switzerland,logistic_natural,2,"{""C"": 10.0}",5065,3539349929,0.13918130000820383
hungary,switzerland,logistic_natural,2,"{""C"": 10.0}",5066,3910023036,0.05814529999042861
hungary,switzerland,logistic_natural,2,"{""C"": 10.0}",5067,476842104,0.038949400011915714
hungary,switzerland,logistic_natural,2,"{""C"": 10.0}",5068,3265078478,0.14182560000335798
hungary,switzerland,logistic_natural,2,"{""C"": 10.0}",5069,1332676098,0.1296215000038501
hungary,switzerland,logistic_natural,2,"{""C"": 10.0}",5070,622032961,0.11499479998019524
hungary,switzerland,logistic_natural,2,"{""C"": 10.0}",5071,2509944055,0.04392699999152683
hungary,va_long_beach,logistic_natural,2,"{""C"": 10.0}",5062,1282167627,0.13613130000885576
hungary,va_long_beach,logistic_natural,2,"{""C"": 10.0}",5063,489511184,0.09010099997976795
hungary,va_long_beach,logistic_natural,2,"{""C"": 10.0}",5064,3458297873,0.04841630000737496
hungary,va_long_beach,logistic_natural,2,"{""C"": 10.0}",5065,2296219901,0.03779549998580478
hungary,va_long_beach,logistic_natural,2,"{""C"": 10.0}",5066,3002721634,0.053048300003865734
hungary,va_long_beach,logistic_natural,2,"{""C"": 10.0}",5067,2356009543,0.06409679999342188
hungary,va_long_beach,logistic_natural,2,"{""C"": 10.0}",5068,1125700970,0.03386670001782477
hungary,va_long_beach,logistic_natural,2,"{""C"": 10.0}",5069,1686530888,0.035406599985435605
hungary,va_long_beach,logistic_natural,2,"{""C"": 10.0}",5070,3908567304,0.04044479998992756
hungary,va_long_beach,logistic_natural,2,"{""C"": 10.0}",5071,169842414,0.037676300009479746
hungary,cleveland,logistic_structured,0,"{""C"": 0.1}",5062,4220821765,0.3531162999861408
hungary,cleveland,logistic_structured,0,"{""C"": 0.1}",5063,2053550582,0.2890033000148833
hungary,cleveland,logistic_structured,0,"{""C"": 0.1}",5064,2153823251,0.26542879999033175
hungary,cleveland,logistic_structured,0,"{""C"": 0.1}",5065,40633349,0.4214001999935135
hungary,cleveland,logistic_structured,0,"{""C"": 0.1}",5066,3418853197,0.32939790000091307
hungary,cleveland,logistic_structured,0,"{""C"": 0.1}",5067,1163000676,0.29133720000390895
hungary,cleveland,logistic_structured,0,"{""C"": 0.1}",5068,4131603110,0.2883082000189461
hungary,cleveland,logistic_structured,0,"{""C"": 0.1}",5069,590798921,0.492597400007071
hungary,cleveland,logistic_structured,0,"{""C"": 0.1}",5070,906600999,0.14487929997267202
hungary,cleveland,logistic_structured,0,"{""C"": 0.1}",5071,942788433,0.36767569999210536
hungary,switzerland,logistic_structured,0,"{""C"": 0.1}",5062,2952218948,0.37839680002070963
hungary,switzerland,logistic_structured,0,"{""C"": 0.1}",5063,2849514529,0.14208719998714514
hungary,switzerland,logistic_structured,0,"{""C"": 0.1}",5064,1771205113,0.3740952000080142
hungary,switzerland,logistic_structured,0,"{""C"": 0.1}",5065,528034932,0.1619211999932304
hungary,switzerland,logistic_structured,0,"{""C"": 0.1}",5066,390085480,0.2638411000079941
hungary,switzerland,logistic_structured,0,"{""C"": 0.1}",5067,430884494,0.15335680000134744
hungary,switzerland,logistic_structured,0,"{""C"": 0.1}",5068,1351949854,0.31057080000755377
hungary,switzerland,logistic_structured,0,"{""C"": 0.1}",5069,1093265662,0.48317980000865646
hungary,switzerland,logistic_structured,0,"{""C"": 0.1}",5070,1352054681,0.48083230000338517
hungary,switzerland,logistic_structured,0,"{""C"": 0.1}",5071,3974130020,0.3234814000024926
hungary,va_long_beach,logistic_structured,0,"{""C"": 0.1}",5062,1712374773,0.32874789999914356
hungary,va_long_beach,logistic_structured,0,"{""C"": 0.1}",5063,957804338,0.32806450000498444
hungary,va_long_beach,logistic_structured,0,"{""C"": 0.1}",5064,3492045890,0.3821415000129491
hungary,va_long_beach,logistic_structured,0,"{""C"": 0.1}",5065,3387068300,0.31115469997166656
hungary,va_long_beach,logistic_structured,0,"{""C"": 0.1}",5066,2380465603,0.1660177999874577
hungary,va_long_beach,logistic_structured,0,"{""C"": 0.1}",5067,3216671249,0.1500948999891989
hungary,va_long_beach,logistic_structured,0,"{""C"": 0.1}",5068,2883622579,0.16826679999940097
hungary,va_long_beach,logistic_structured,0,"{""C"": 0.1}",5069,3241626524,0.24794150001253001
hungary,va_long_beach,logistic_structured,0,"{""C"": 0.1}",5070,3122218885,0.20916660001967102
hungary,va_long_beach,logistic_structured,0,"{""C"": 0.1}",5071,1091196307,0.12441210000542924
hungary,cleveland,logistic_structured,1,"{""C"": 1.0}",5062,540870626,0.13579689999460243
hungary,cleveland,logistic_structured,1,"{""C"": 1.0}",5063,3006662847,0.3433060999959707
hungary,cleveland,logistic_structured,1,"{""C"": 1.0}",5064,3401939460,0.2560827999841422
hungary,cleveland,logistic_structured,1,"{""C"": 1.0}",5065,1753734532,0.3718515000073239
hungary,cleveland,logistic_structured,1,"{""C"": 1.0}",5066,1692161857,0.2788494999986142
hungary,cleveland,logistic_structured,1,"{""C"": 1.0}",5067,3434051690,0.26421610001125373
hungary,cleveland,logistic_structured,1,"{""C"": 1.0}",5068,219681094,0.20718240001588129
hungary,cleveland,logistic_structured,1,"{""C"": 1.0}",5069,1828795894,0.14766799999051727
hungary,cleveland,logistic_structured,1,"{""C"": 1.0}",5070,1376758475,0.1765229000011459
hungary,cleveland,logistic_structured,1,"{""C"": 1.0}",5071,4255131540,0.17073839998920448
hungary,switzerland,logistic_structured,1,"{""C"": 1.0}",5062,2129683208,0.35439079999923706
hungary,switzerland,logistic_structured,1,"{""C"": 1.0}",5063,1671799683,0.34694519999902695
hungary,switzerland,logistic_structured,1,"{""C"": 1.0}",5064,1458476938,0.32968339999206364
hungary,switzerland,logistic_structured,1,"{""C"": 1.0}",5065,3667586694,0.24514669997734018
hungary,switzerland,logistic_structured,1,"{""C"": 1.0}",5066,4081679424,0.3301491000165697
hungary,switzerland,logistic_structured,1,"{""C"": 1.0}",5067,2161170380,0.13315540002076887
hungary,switzerland,logistic_structured,1,"{""C"": 1.0}",5068,730769004,0.20277870001154952
hungary,switzerland,logistic_structured,1,"{""C"": 1.0}",5069,355896870,0.164738200022839
hungary,switzerland,logistic_structured,1,"{""C"": 1.0}",5070,196080568,0.16483140000491403
hungary,switzerland,logistic_structured,1,"{""C"": 1.0}",5071,1957889494,0.27609689999371767
hungary,va_long_beach,logistic_structured,1,"{""C"": 1.0}",5062,2430093275,0.19880099999136291
hungary,va_long_beach,logistic_structured,1,"{""C"": 1.0}",5063,1576932641,0.1699089999892749
hungary,va_long_beach,logistic_structured,1,"{""C"": 1.0}",5064,217813115,0.3737181999895256
hungary,va_long_beach,logistic_structured,1,"{""C"": 1.0}",5065,2234920384,0.35528960000374354
hungary,va_long_beach,logistic_structured,1,"{""C"": 1.0}",5066,3751497209,0.3932074000185821
hungary,va_long_beach,logistic_structured,1,"{""C"": 1.0}",5067,3533809101,0.28674499999033287
hungary,va_long_beach,logistic_structured,1,"{""C"": 1.0}",5068,1719086348,0.3148882999958005
hungary,va_long_beach,logistic_structured,1,"{""C"": 1.0}",5069,3932023201,0.3804555000097025
hungary,va_long_beach,logistic_structured,1,"{""C"": 1.0}",5070,337730753,0.32639290002407506
hungary,va_long_beach,logistic_structured,1,"{""C"": 1.0}",5071,4194944690,0.35942290001548827
hungary,cleveland,logistic_structured,2,"{""C"": 10.0}",5062,4105434456,0.4403048999956809
hungary,cleveland,logistic_structured,2,"{""C"": 10.0}",5063,656110344,0.42277000000467524
hungary,cleveland,logistic_structured,2,"{""C"": 10.0}",5064,3968416210,0.4073361000046134
hungary,cleveland,logistic_structured,2,"{""C"": 10.0}",5065,3868006549,0.2231757999979891
hungary,cleveland,logistic_structured,2,"{""C"": 10.0}",5066,3962750684,0.3677871999971103
hungary,cleveland,logistic_structured,2,"{""C"": 10.0}",5067,3027928163,0.35004719998687506
hungary,cleveland,logistic_structured,2,"{""C"": 10.0}",5068,1738257289,0.47790609998628497
hungary,cleveland,logistic_structured,2,"{""C"": 10.0}",5069,4033899859,0.42920880002202466
hungary,cleveland,logistic_structured,2,"{""C"": 10.0}",5070,1255100801,0.4567741999926511
hungary,cleveland,logistic_structured,2,"{""C"": 10.0}",5071,1869319533,0.531388400006108
hungary,switzerland,logistic_structured,2,"{""C"": 10.0}",5062,879094308,0.3252681999874767
hungary,switzerland,logistic_structured,2,"{""C"": 10.0}",5063,1773541539,0.15811469999607652
hungary,switzerland,logistic_structured,2,"{""C"": 10.0}",5064,1103730958,0.15158949999022298
hungary,switzerland,logistic_structured,2,"{""C"": 10.0}",5065,433573781,0.1866118999896571
hungary,switzerland,logistic_structured,2,"{""C"": 10.0}",5066,779206228,0.14078720001270995
hungary,switzerland,logistic_structured,2,"{""C"": 10.0}",5067,3550199891,0.3390992000058759
hungary,switzerland,logistic_structured,2,"{""C"": 10.0}",5068,3026495632,0.37804049998521805
hungary,switzerland,logistic_structured,2,"{""C"": 10.0}",5069,3277901764,0.4444099999964237
hungary,switzerland,logistic_structured,2,"{""C"": 10.0}",5070,3928592408,0.27726329999859445
hungary,switzerland,logistic_structured,2,"{""C"": 10.0}",5071,1802341751,0.32987560000037774
hungary,va_long_beach,logistic_structured,2,"{""C"": 10.0}",5062,1551495694,0.2774649000202771
hungary,va_long_beach,logistic_structured,2,"{""C"": 10.0}",5063,1620360844,0.3860180000192486
hungary,va_long_beach,logistic_structured,2,"{""C"": 10.0}",5064,167077455,0.1237461999990046
hungary,va_long_beach,logistic_structured,2,"{""C"": 10.0}",5065,2845638549,0.28553310001734644
hungary,va_long_beach,logistic_structured,2,"{""C"": 10.0}",5066,2217399207,0.27737080000224523
hungary,va_long_beach,logistic_structured,2,"{""C"": 10.0}",5067,699721009,0.3508414000098128
hungary,va_long_beach,logistic_structured,2,"{""C"": 10.0}",5068,1819254796,0.23997130000498146
hungary,va_long_beach,logistic_structured,2,"{""C"": 10.0}",5069,3979855896,0.27627870001015253
hungary,va_long_beach,logistic_structured,2,"{""C"": 10.0}",5070,3403492911,0.36620509999920614
hungary,va_long_beach,logistic_structured,2,"{""C"": 10.0}",5071,361285256,0.4846821000101045
hungary,cleveland,random_forest_natural,0,"{""max_features"": ""sqrt"", ""min_samples_leaf"": 5, ""n_estimators"": 500}",5062,784955420,1.3607292999804486
hungary,cleveland,random_forest_natural,0,"{""max_features"": ""sqrt"", ""min_samples_leaf"": 5, ""n_estimators"": 500}",5063,1627338099,0.5289537999778986
hungary,cleveland,random_forest_natural,0,"{""max_features"": ""sqrt"", ""min_samples_leaf"": 5, ""n_estimators"": 500}",5064,2904779568,1.3555274999816902
hungary,cleveland,random_forest_natural,0,"{""max_features"": ""sqrt"", ""min_samples_leaf"": 5, ""n_estimators"": 500}",5065,3366632133,1.1906524999940302
hungary,cleveland,random_forest_natural,0,"{""max_features"": ""sqrt"", ""min_samples_leaf"": 5, ""n_estimators"": 500}",5066,2419910422,0.9841901000181679
hungary,cleveland,random_forest_natural,0,"{""max_features"": ""sqrt"", ""min_samples_leaf"": 5, ""n_estimators"": 500}",5067,2034006558,0.5919623000081629
hungary,cleveland,random_forest_natural,0,"{""max_features"": ""sqrt"", ""min_samples_leaf"": 5, ""n_estimators"": 500}",5068,3207184053,1.166321800003061
hungary,cleveland,random_forest_natural,0,"{""max_features"": ""sqrt"", ""min_samples_leaf"": 5, ""n_estimators"": 500}",5069,2766601263,1.4523437999887392
hungary,cleveland,random_forest_natural,0,"{""max_features"": ""sqrt"", ""min_samples_leaf"": 5, ""n_estimators"": 500}",5070,3004352044,1.2397650000057183
hungary,cleveland,random_forest_natural,0,"{""max_features"": ""sqrt"", ""min_samples_leaf"": 5, ""n_estimators"": 500}",5071,2538214301,1.293791300005978
hungary,switzerland,random_forest_natural,0,"{""max_features"": ""sqrt"", ""min_samples_leaf"": 5, ""n_estimators"": 500}",5062,1495300173,1.354485999996541
hungary,switzerland,random_forest_natural,0,"{""max_features"": ""sqrt"", ""min_samples_leaf"": 5, ""n_estimators"": 500}",5063,3079117760,1.6381021999986842
hungary,switzerland,random_forest_natural,0,"{""max_features"": ""sqrt"", ""min_samples_leaf"": 5, ""n_estimators"": 500}",5064,1246743179,1.2322657000040635
hungary,switzerland,random_forest_natural,0,"{""max_features"": ""sqrt"", ""min_samples_leaf"": 5, ""n_estimators"": 500}",5065,1244340496,1.2599446999956854
hungary,switzerland,random_forest_natural,0,"{""max_features"": ""sqrt"", ""min_samples_leaf"": 5, ""n_estimators"": 500}",5066,1991332982,0.5988015999901108
hungary,switzerland,random_forest_natural,0,"{""max_features"": ""sqrt"", ""min_samples_leaf"": 5, ""n_estimators"": 500}",5067,469351569,1.4040980999998283
hungary,switzerland,random_forest_natural,0,"{""max_features"": ""sqrt"", ""min_samples_leaf"": 5, ""n_estimators"": 500}",5068,4284243929,1.3273274000093807
hungary,switzerland,random_forest_natural,0,"{""max_features"": ""sqrt"", ""min_samples_leaf"": 5, ""n_estimators"": 500}",5069,3301402908,1.0152190999942832
hungary,switzerland,random_forest_natural,0,"{""max_features"": ""sqrt"", ""min_samples_leaf"": 5, ""n_estimators"": 500}",5070,1131506829,1.0431285999948159
hungary,switzerland,random_forest_natural,0,"{""max_features"": ""sqrt"", ""min_samples_leaf"": 5, ""n_estimators"": 500}",5071,473248883,0.7989335000165738
hungary,va_long_beach,random_forest_natural,0,"{""max_features"": ""sqrt"", ""min_samples_leaf"": 5, ""n_estimators"": 500}",5062,1248890744,0.9179477999859955
hungary,va_long_beach,random_forest_natural,0,"{""max_features"": ""sqrt"", ""min_samples_leaf"": 5, ""n_estimators"": 500}",5063,1223272391,1.29600869998103
hungary,va_long_beach,random_forest_natural,0,"{""max_features"": ""sqrt"", ""min_samples_leaf"": 5, ""n_estimators"": 500}",5064,847646442,1.1855686999915633
hungary,va_long_beach,random_forest_natural,0,"{""max_features"": ""sqrt"", ""min_samples_leaf"": 5, ""n_estimators"": 500}",5065,2289662396,1.4862436999974307
hungary,va_long_beach,random_forest_natural,0,"{""max_features"": ""sqrt"", ""min_samples_leaf"": 5, ""n_estimators"": 500}",5066,2632293840,0.7119791000150144
hungary,va_long_beach,random_forest_natural,0,"{""max_features"": ""sqrt"", ""min_samples_leaf"": 5, ""n_estimators"": 500}",5067,543423,1.3987680999853183
hungary,va_long_beach,random_forest_natural,0,"{""max_features"": ""sqrt"", ""min_samples_leaf"": 5, ""n_estimators"": 500}",5068,2139932095,1.3330157999880612
hungary,va_long_beach,random_forest_natural,0,"{""max_features"": ""sqrt"", ""min_samples_leaf"": 5, ""n_estimators"": 500}",5069,2952871313,1.2175045000039972
hungary,va_long_beach,random_forest_natural,0,"{""max_features"": ""sqrt"", ""min_samples_leaf"": 5, ""n_estimators"": 500}",5070,1036561502,1.2794748000160325
hungary,va_long_beach,random_forest_natural,0,"{""max_features"": ""sqrt"", ""min_samples_leaf"": 5, ""n_estimators"": 500}",5071,554534284,0.9882972000050358
hungary,cleveland,random_forest_natural,1,"{""max_features"": ""sqrt"", ""min_samples_leaf"": 15, ""n_estimators"": 500}",5062,2806758936,0.9208740000030957
hungary,cleveland,random_forest_natural,1,"{""max_features"": ""sqrt"", ""min_samples_leaf"": 15, ""n_estimators"": 500}",5063,2786339271,1.0364735999901313
hungary,cleveland,random_forest_natural,1,"{""max_features"": ""sqrt"", ""min_samples_leaf"": 15, ""n_estimators"": 500}",5064,912560945,1.0219123999995645
hungary,cleveland,random_forest_natural,1,"{""max_features"": ""sqrt"", ""min_samples_leaf"": 15, ""n_estimators"": 500}",5065,3811506166,0.825164500012761
hungary,cleveland,random_forest_natural,1,"{""max_features"": ""sqrt"", ""min_samples_leaf"": 15, ""n_estimators"": 500}",5066,3673223798,1.5152549000049476
hungary,cleveland,random_forest_natural,1,"{""max_features"": ""sqrt"", ""min_samples_leaf"": 15, ""n_estimators"": 500}",5067,1853384223,0.5737833000021055
hungary,cleveland,random_forest_natural,1,"{""max_features"": ""sqrt"", ""min_samples_leaf"": 15, ""n_estimators"": 500}",5068,4029187315,1.0695278999919537
hungary,cleveland,random_forest_natural,1,"{""max_features"": ""sqrt"", ""min_samples_leaf"": 15, ""n_estimators"": 500}",5069,691771993,0.5694676999992225
hungary,cleveland,random_forest_natural,1,"{""max_features"": ""sqrt"", ""min_samples_leaf"": 15, ""n_estimators"": 500}",5070,3179990783,0.5662653999752365
hungary,cleveland,random_forest_natural,1,"{""max_features"": ""sqrt"", ""min_samples_leaf"": 15, ""n_estimators"": 500}",5071,2088810863,0.40272909999475814
hungary,switzerland,random_forest_natural,1,"{""max_features"": ""sqrt"", ""min_samples_leaf"": 15, ""n_estimators"": 500}",5062,1438907285,1.2717421999841463
hungary,switzerland,random_forest_natural,1,"{""max_features"": ""sqrt"", ""min_samples_leaf"": 15, ""n_estimators"": 500}",5063,2311541780,1.0964189000078477
hungary,switzerland,random_forest_natural,1,"{""max_features"": ""sqrt"", ""min_samples_leaf"": 15, ""n_estimators"": 500}",5064,2219308247,0.9231653000169899
hungary,switzerland,random_forest_natural,1,"{""max_features"": ""sqrt"", ""min_samples_leaf"": 15, ""n_estimators"": 500}",5065,2282358013,1.0654292000108398
hungary,switzerland,random_forest_natural,1,"{""max_features"": ""sqrt"", ""min_samples_leaf"": 15, ""n_estimators"": 500}",5066,3060709957,1.3337601000093855
hungary,switzerland,random_forest_natural,1,"{""max_features"": ""sqrt"", ""min_samples_leaf"": 15, ""n_estimators"": 500}",5067,3001762775,0.8116844999894965
hungary,switzerland,random_forest_natural,1,"{""max_features"": ""sqrt"", ""min_samples_leaf"": 15, ""n_estimators"": 500}",5068,2390775234,0.768586200021673
hungary,switzerland,random_forest_natural,1,"{""max_features"": ""sqrt"", ""min_samples_leaf"": 15, ""n_estimators"": 500}",5069,3035695405,0.6082503999932669
hungary,switzerland,random_forest_natural,1,"{""max_features"": ""sqrt"", ""min_samples_leaf"": 15, ""n_estimators"": 500}",5070,59591291,0.8100806000002194
hungary,switzerland,random_forest_natural,1,"{""max_features"": ""sqrt"", ""min_samples_leaf"": 15, ""n_estimators"": 500}",5071,1800380659,0.6951017999963369
hungary,va_long_beach,random_forest_natural,1,"{""max_features"": ""sqrt"", ""min_samples_leaf"": 15, ""n_estimators"": 500}",5062,1253452506,0.7930894999881275
hungary,va_long_beach,random_forest_natural,1,"{""max_features"": ""sqrt"", ""min_samples_leaf"": 15, ""n_estimators"": 500}",5063,1478671980,0.7913791000028141
hungary,va_long_beach,random_forest_natural,1,"{""max_features"": ""sqrt"", ""min_samples_leaf"": 15, ""n_estimators"": 500}",5064,945608758,0.785617599991383
hungary,va_long_beach,random_forest_natural,1,"{""max_features"": ""sqrt"", ""min_samples_leaf"": 15, ""n_estimators"": 500}",5065,766821418,0.782339299999876
hungary,va_long_beach,random_forest_natural,1,"{""max_features"": ""sqrt"", ""min_samples_leaf"": 15, ""n_estimators"": 500}",5066,2578429506,1.0303518000000622
hungary,va_long_beach,random_forest_natural,1,"{""max_features"": ""sqrt"", ""min_samples_leaf"": 15, ""n_estimators"": 500}",5067,3641458530,0.5084807999955956
hungary,va_long_beach,random_forest_natural,1,"{""max_features"": ""sqrt"", ""min_samples_leaf"": 15, ""n_estimators"": 500}",5068,2797965658,0.5289984999981243
hungary,va_long_beach,random_forest_natural,1,"{""max_features"": ""sqrt"", ""min_samples_leaf"": 15, ""n_estimators"": 500}",5069,1428093885,0.7097154000075534
hungary,va_long_beach,random_forest_natural,1,"{""max_features"": ""sqrt"", ""min_samples_leaf"": 15, ""n_estimators"": 500}",5070,1945082050,0.5899810999981128
hungary,va_long_beach,random_forest_natural,1,"{""max_features"": ""sqrt"", ""min_samples_leaf"": 15, ""n_estimators"": 500}",5071,2579321366,1.0220934999815654
hungary,cleveland,random_forest_structured,0,"{""max_features"": ""sqrt"", ""min_samples_leaf"": 5, ""n_estimators"": 500}",5062,1659594141,0.7233064000029117
hungary,cleveland,random_forest_structured,0,"{""max_features"": ""sqrt"", ""min_samples_leaf"": 5, ""n_estimators"": 500}",5063,2026310464,1.2232045000127982
hungary,cleveland,random_forest_structured,0,"{""max_features"": ""sqrt"", ""min_samples_leaf"": 5, ""n_estimators"": 500}",5064,1129001634,1.0125146000063978
hungary,cleveland,random_forest_structured,0,"{""max_features"": ""sqrt"", ""min_samples_leaf"": 5, ""n_estimators"": 500}",5065,41917723,1.7400148999877274
hungary,cleveland,random_forest_structured,0,"{""max_features"": ""sqrt"", ""min_samples_leaf"": 5, ""n_estimators"": 500}",5066,1148044425,0.7671400000108406
hungary,cleveland,random_forest_structured,0,"{""max_features"": ""sqrt"", ""min_samples_leaf"": 5, ""n_estimators"": 500}",5067,4258845224,0.982571900007315
hungary,cleveland,random_forest_structured,0,"{""max_features"": ""sqrt"", ""min_samples_leaf"": 5, ""n_estimators"": 500}",5068,3254749221,0.9635128999943845
hungary,cleveland,random_forest_structured,0,"{""max_features"": ""sqrt"", ""min_samples_leaf"": 5, ""n_estimators"": 500}",5069,4171682138,1.1229877000150736
hungary,cleveland,random_forest_structured,0,"{""max_features"": ""sqrt"", ""min_samples_leaf"": 5, ""n_estimators"": 500}",5070,4114391206,1.587384899990866
hungary,cleveland,random_forest_structured,0,"{""max_features"": ""sqrt"", ""min_samples_leaf"": 5, ""n_estimators"": 500}",5071,3679619182,1.053309500013711
hungary,switzerland,random_forest_structured,0,"{""max_features"": ""sqrt"", ""min_samples_leaf"": 5, ""n_estimators"": 500}",5062,2177074812,1.714668000000529
hungary,switzerland,random_forest_structured,0,"{""max_features"": ""sqrt"", ""min_samples_leaf"": 5, ""n_estimators"": 500}",5063,3027967754,1.3882575999887194
hungary,switzerland,random_forest_structured,0,"{""max_features"": ""sqrt"", ""min_samples_leaf"": 5, ""n_estimators"": 500}",5064,564481580,1.218956700002309
hungary,switzerland,random_forest_structured,0,"{""max_features"": ""sqrt"", ""min_samples_leaf"": 5, ""n_estimators"": 500}",5065,2676114263,1.0796355000056792
hungary,switzerland,random_forest_structured,0,"{""max_features"": ""sqrt"", ""min_samples_leaf"": 5, ""n_estimators"": 500}",5066,1273676837,1.4934388999827206
hungary,switzerland,random_forest_structured,0,"{""max_features"": ""sqrt"", ""min_samples_leaf"": 5, ""n_estimators"": 500}",5067,706522665,1.177445400011493
hungary,switzerland,random_forest_structured,0,"{""max_features"": ""sqrt"", ""min_samples_leaf"": 5, ""n_estimators"": 500}",5068,1145192361,1.8235052999807522
hungary,switzerland,random_forest_structured,0,"{""max_features"": ""sqrt"", ""min_samples_leaf"": 5, ""n_estimators"": 500}",5069,2931951539,1.666253199975472
hungary,switzerland,random_forest_structured,0,"{""max_features"": ""sqrt"", ""min_samples_leaf"": 5, ""n_estimators"": 500}",5070,1696549368,1.0576969999819994
hungary,switzerland,random_forest_structured,0,"{""max_features"": ""sqrt"", ""min_samples_leaf"": 5, ""n_estimators"": 500}",5071,2137468364,1.3109512000228278
hungary,va_long_beach,random_forest_structured,0,"{""max_features"": ""sqrt"", ""min_samples_leaf"": 5, ""n_estimators"": 500}",5062,4099653093,1.747199500008719
hungary,va_long_beach,random_forest_structured,0,"{""max_features"": ""sqrt"", ""min_samples_leaf"": 5, ""n_estimators"": 500}",5063,2969687557,1.002505199983716
hungary,va_long_beach,random_forest_structured,0,"{""max_features"": ""sqrt"", ""min_samples_leaf"": 5, ""n_estimators"": 500}",5064,636428653,1.4023542999930214
hungary,va_long_beach,random_forest_structured,0,"{""max_features"": ""sqrt"", ""min_samples_leaf"": 5, ""n_estimators"": 500}",5065,1028780008,0.7861145999922883
hungary,va_long_beach,random_forest_structured,0,"{""max_features"": ""sqrt"", ""min_samples_leaf"": 5, ""n_estimators"": 500}",5066,2476315715,0.9756734999828041
hungary,va_long_beach,random_forest_structured,0,"{""max_features"": ""sqrt"", ""min_samples_leaf"": 5, ""n_estimators"": 500}",5067,2454312945,0.7442239999945741
hungary,va_long_beach,random_forest_structured,0,"{""max_features"": ""sqrt"", ""min_samples_leaf"": 5, ""n_estimators"": 500}",5068,2414603417,1.4915837000007741
hungary,va_long_beach,random_forest_structured,0,"{""max_features"": ""sqrt"", ""min_samples_leaf"": 5, ""n_estimators"": 500}",5069,789463944,0.747409500007052
hungary,va_long_beach,random_forest_structured,0,"{""max_features"": ""sqrt"", ""min_samples_leaf"": 5, ""n_estimators"": 500}",5070,3049571545,1.778854100004537
hungary,va_long_beach,random_forest_structured,0,"{""max_features"": ""sqrt"", ""min_samples_leaf"": 5, ""n_estimators"": 500}",5071,1393173035,1.4790322000044398
hungary,cleveland,random_forest_structured,1,"{""max_features"": ""sqrt"", ""min_samples_leaf"": 15, ""n_estimators"": 500}",5062,1769326562,0.9087912999966647
hungary,cleveland,random_forest_structured,1,"{""max_features"": ""sqrt"", ""min_samples_leaf"": 15, ""n_estimators"": 500}",5063,577902133,1.5222802000062075
hungary,cleveland,random_forest_structured,1,"{""max_features"": ""sqrt"", ""min_samples_leaf"": 15, ""n_estimators"": 500}",5064,2781739799,1.5056673999933992
hungary,cleveland,random_forest_structured,1,"{""max_features"": ""sqrt"", ""min_samples_leaf"": 15, ""n_estimators"": 500}",5065,3811449836,1.2712002999905962
hungary,cleveland,random_forest_structured,1,"{""max_features"": ""sqrt"", ""min_samples_leaf"": 15, ""n_estimators"": 500}",5066,116244198,1.3328418000019155
hungary,cleveland,random_forest_structured,1,"{""max_features"": ""sqrt"", ""min_samples_leaf"": 15, ""n_estimators"": 500}",5067,526569964,1.0712509000150021
hungary,cleveland,random_forest_structured,1,"{""max_features"": ""sqrt"", ""min_samples_leaf"": 15, ""n_estimators"": 500}",5068,1350474668,1.5179572999768425
hungary,cleveland,random_forest_structured,1,"{""max_features"": ""sqrt"", ""min_samples_leaf"": 15, ""n_estimators"": 500}",5069,1995650214,1.492801899992628
hungary,cleveland,random_forest_structured,1,"{""max_features"": ""sqrt"", ""min_samples_leaf"": 15, ""n_estimators"": 500}",5070,4271870107,1.2172679999785032
hungary,cleveland,random_forest_structured,1,"{""max_features"": ""sqrt"", ""min_samples_leaf"": 15, ""n_estimators"": 500}",5071,846395381,0.9238362000032794
hungary,switzerland,random_forest_structured,1,"{""max_features"": ""sqrt"", ""min_samples_leaf"": 15, ""n_estimators"": 500}",5062,3994710808,0.8899003999831621
hungary,switzerland,random_forest_structured,1,"{""max_features"": ""sqrt"", ""min_samples_leaf"": 15, ""n_estimators"": 500}",5063,1180909531,1.2267405999882612
hungary,switzerland,random_forest_structured,1,"{""max_features"": ""sqrt"", ""min_samples_leaf"": 15, ""n_estimators"": 500}",5064,3555112345,0.8462591000134125
hungary,switzerland,random_forest_structured,1,"{""max_features"": ""sqrt"", ""min_samples_leaf"": 15, ""n_estimators"": 500}",5065,1499533325,1.1009473000012804
hungary,switzerland,random_forest_structured,1,"{""max_features"": ""sqrt"", ""min_samples_leaf"": 15, ""n_estimators"": 500}",5066,625111821,1.6273943000123836
hungary,switzerland,random_forest_structured,1,"{""max_features"": ""sqrt"", ""min_samples_leaf"": 15, ""n_estimators"": 500}",5067,4148136812,1.532445099990582
hungary,switzerland,random_forest_structured,1,"{""max_features"": ""sqrt"", ""min_samples_leaf"": 15, ""n_estimators"": 500}",5068,568613903,0.9218469000188634
hungary,switzerland,random_forest_structured,1,"{""max_features"": ""sqrt"", ""min_samples_leaf"": 15, ""n_estimators"": 500}",5069,2128048429,1.3413215999898966
hungary,switzerland,random_forest_structured,1,"{""max_features"": ""sqrt"", ""min_samples_leaf"": 15, ""n_estimators"": 500}",5070,3547799295,1.0926573000033386
hungary,switzerland,random_forest_structured,1,"{""max_features"": ""sqrt"", ""min_samples_leaf"": 15, ""n_estimators"": 500}",5071,2813918706,1.1722800999996252
hungary,va_long_beach,random_forest_structured,1,"{""max_features"": ""sqrt"", ""min_samples_leaf"": 15, ""n_estimators"": 500}",5062,2122125082,1.5522335999994539
hungary,va_long_beach,random_forest_structured,1,"{""max_features"": ""sqrt"", ""min_samples_leaf"": 15, ""n_estimators"": 500}",5063,3985385084,1.1908348000142723
hungary,va_long_beach,random_forest_structured,1,"{""max_features"": ""sqrt"", ""min_samples_leaf"": 15, ""n_estimators"": 500}",5064,880393258,0.9854220999986865
hungary,va_long_beach,random_forest_structured,1,"{""max_features"": ""sqrt"", ""min_samples_leaf"": 15, ""n_estimators"": 500}",5065,2380173258,1.7370817000046372
hungary,va_long_beach,random_forest_structured,1,"{""max_features"": ""sqrt"", ""min_samples_leaf"": 15, ""n_estimators"": 500}",5066,51029257,1.5326426999818068
hungary,va_long_beach,random_forest_structured,1,"{""max_features"": ""sqrt"", ""min_samples_leaf"": 15, ""n_estimators"": 500}",5067,3362699686,1.0757277999946382
hungary,va_long_beach,random_forest_structured,1,"{""max_features"": ""sqrt"", ""min_samples_leaf"": 15, ""n_estimators"": 500}",5068,3439493899,1.1292095999815501
hungary,va_long_beach,random_forest_structured,1,"{""max_features"": ""sqrt"", ""min_samples_leaf"": 15, ""n_estimators"": 500}",5069,4041419740,1.0264371999946889
hungary,va_long_beach,random_forest_structured,1,"{""max_features"": ""sqrt"", ""min_samples_leaf"": 15, ""n_estimators"": 500}",5070,231637413,0.8824064000218641
hungary,va_long_beach,random_forest_structured,1,"{""max_features"": ""sqrt"", ""min_samples_leaf"": 15, ""n_estimators"": 500}",5071,88715442,1.338621900009457
hungary,cleveland,histgb_natural,0,"{""l2_regularization"": 1.0, ""learning_rate"": 0.03, ""max_iter"": 300, ""max_leaf_nodes"": 7, ""min_samples_leaf"": 10}",5062,1975097799,0.9931593999790493
hungary,cleveland,histgb_natural,0,"{""l2_regularization"": 1.0, ""learning_rate"": 0.03, ""max_iter"": 300, ""max_leaf_nodes"": 7, ""min_samples_leaf"": 10}",5063,4066824497,1.0371484000061173
hungary,cleveland,histgb_natural,0,"{""l2_regularization"": 1.0, ""learning_rate"": 0.03, ""max_iter"": 300, ""max_leaf_nodes"": 7, ""min_samples_leaf"": 10}",5064,1351717266,1.1190262000018265
hungary,cleveland,histgb_natural,0,"{""l2_regularization"": 1.0, ""learning_rate"": 0.03, ""max_iter"": 300, ""max_leaf_nodes"": 7, ""min_samples_leaf"": 10}",5065,396790657,0.9056666000105906
hungary,cleveland,histgb_natural,0,"{""l2_regularization"": 1.0, ""learning_rate"": 0.03, ""max_iter"": 300, ""max_leaf_nodes"": 7, ""min_samples_leaf"": 10}",5066,1719684907,1.4382943999953568
hungary,cleveland,histgb_natural,0,"{""l2_regularization"": 1.0, ""learning_rate"": 0.03, ""max_iter"": 300, ""max_leaf_nodes"": 7, ""min_samples_leaf"": 10}",5067,1261911905,0.9731010000105016
hungary,cleveland,histgb_natural,0,"{""l2_regularization"": 1.0, ""learning_rate"": 0.03, ""max_iter"": 300, ""max_leaf_nodes"": 7, ""min_samples_leaf"": 10}",5068,3878468197,0.970282700000098
hungary,cleveland,histgb_natural,0,"{""l2_regularization"": 1.0, ""learning_rate"": 0.03, ""max_iter"": 300, ""max_leaf_nodes"": 7, ""min_samples_leaf"": 10}",5069,3511003831,1.0239523999916855
hungary,cleveland,histgb_natural,0,"{""l2_regularization"": 1.0, ""learning_rate"": 0.03, ""max_iter"": 300, ""max_leaf_nodes"": 7, ""min_samples_leaf"": 10}",5070,156641182,0.9164790000068024
hungary,cleveland,histgb_natural,0,"{""l2_regularization"": 1.0, ""learning_rate"": 0.03, ""max_iter"": 300, ""max_leaf_nodes"": 7, ""min_samples_leaf"": 10}",5071,1115859896,0.8918183000059798
hungary,switzerland,histgb_natural,0,"{""l2_regularization"": 1.0, ""learning_rate"": 0.03, ""max_iter"": 300, ""max_leaf_nodes"": 7, ""min_samples_leaf"": 10}",5062,1475162046,0.5575812000024598
hungary,switzerland,histgb_natural,0,"{""l2_regularization"": 1.0, ""learning_rate"": 0.03, ""max_iter"": 300, ""max_leaf_nodes"": 7, ""min_samples_leaf"": 10}",5063,2610372487,0.8361103000061121
hungary,switzerland,histgb_natural,0,"{""l2_regularization"": 1.0, ""learning_rate"": 0.03, ""max_iter"": 300, ""max_leaf_nodes"": 7, ""min_samples_leaf"": 10}",5064,3632380648,0.8751090000150725
hungary,switzerland,histgb_natural,0,"{""l2_regularization"": 1.0, ""learning_rate"": 0.03, ""max_iter"": 300, ""max_leaf_nodes"": 7, ""min_samples_leaf"": 10}",5065,2876146357,0.7185391999955755
hungary,switzerland,histgb_natural,0,"{""l2_regularization"": 1.0, ""learning_rate"": 0.03, ""max_iter"": 300, ""max_leaf_nodes"": 7, ""min_samples_leaf"": 10}",5066,1458673371,1.2976723999890964
hungary,switzerland,histgb_natural,0,"{""l2_regularization"": 1.0, ""learning_rate"": 0.03, ""max_iter"": 300, ""max_leaf_nodes"": 7, ""min_samples_leaf"": 10}",5067,2870299708,0.7379380000056699
hungary,switzerland,histgb_natural,0,"{""l2_regularization"": 1.0, ""learning_rate"": 0.03, ""max_iter"": 300, ""max_leaf_nodes"": 7, ""min_samples_leaf"": 10}",5068,2711487968,1.0316108999832068
hungary,switzerland,histgb_natural,0,"{""l2_regularization"": 1.0, ""learning_rate"": 0.03, ""max_iter"": 300, ""max_leaf_nodes"": 7, ""min_samples_leaf"": 10}",5069,2553889264,0.8004976999945939
hungary,switzerland,histgb_natural,0,"{""l2_regularization"": 1.0, ""learning_rate"": 0.03, ""max_iter"": 300, ""max_leaf_nodes"": 7, ""min_samples_leaf"": 10}",5070,996388311,1.1980330000224058
hungary,switzerland,histgb_natural,0,"{""l2_regularization"": 1.0, ""learning_rate"": 0.03, ""max_iter"": 300, ""max_leaf_nodes"": 7, ""min_samples_leaf"": 10}",5071,2111878063,0.5968156000017188
hungary,va_long_beach,histgb_natural,0,"{""l2_regularization"": 1.0, ""learning_rate"": 0.03, ""max_iter"": 300, ""max_leaf_nodes"": 7, ""min_samples_leaf"": 10}",5062,2946613370,0.9653312000154983
hungary,va_long_beach,histgb_natural,0,"{""l2_regularization"": 1.0, ""learning_rate"": 0.03, ""max_iter"": 300, ""max_leaf_nodes"": 7, ""min_samples_leaf"": 10}",5063,1059626779,0.7953012000070885
hungary,va_long_beach,histgb_natural,0,"{""l2_regularization"": 1.0, ""learning_rate"": 0.03, ""max_iter"": 300, ""max_leaf_nodes"": 7, ""min_samples_leaf"": 10}",5064,1060334629,1.310753300000215
hungary,va_long_beach,histgb_natural,0,"{""l2_regularization"": 1.0, ""learning_rate"": 0.03, ""max_iter"": 300, ""max_leaf_nodes"": 7, ""min_samples_leaf"": 10}",5065,198395172,0.6162016000016592
hungary,va_long_beach,histgb_natural,0,"{""l2_regularization"": 1.0, ""learning_rate"": 0.03, ""max_iter"": 300, ""max_leaf_nodes"": 7, ""min_samples_leaf"": 10}",5066,2594950110,0.7865594000031706
hungary,va_long_beach,histgb_natural,0,"{""l2_regularization"": 1.0, ""learning_rate"": 0.03, ""max_iter"": 300, ""max_leaf_nodes"": 7, ""min_samples_leaf"": 10}",5067,2725556400,0.8557889000221621
hungary,va_long_beach,histgb_natural,0,"{""l2_regularization"": 1.0, ""learning_rate"": 0.03, ""max_iter"": 300, ""max_leaf_nodes"": 7, ""min_samples_leaf"": 10}",5068,212202074,0.9166131000092719
hungary,va_long_beach,histgb_natural,0,"{""l2_regularization"": 1.0, ""learning_rate"": 0.03, ""max_iter"": 300, ""max_leaf_nodes"": 7, ""min_samples_leaf"": 10}",5069,227964655,0.6944749999966007
hungary,va_long_beach,histgb_natural,0,"{""l2_regularization"": 1.0, ""learning_rate"": 0.03, ""max_iter"": 300, ""max_leaf_nodes"": 7, ""min_samples_leaf"": 10}",5070,490931868,1.3355253000045195
hungary,va_long_beach,histgb_natural,0,"{""l2_regularization"": 1.0, ""learning_rate"": 0.03, ""max_iter"": 300, ""max_leaf_nodes"": 7, ""min_samples_leaf"": 10}",5071,3265641231,0.9863719000131823
hungary,cleveland,histgb_natural,1,"{""l2_regularization"": 1.0, ""learning_rate"": 0.03, ""max_iter"": 300, ""max_leaf_nodes"": 15, ""min_samples_leaf"": 10}",5062,3271375522,1.8912269999855198
hungary,cleveland,histgb_natural,1,"{""l2_regularization"": 1.0, ""learning_rate"": 0.03, ""max_iter"": 300, ""max_leaf_nodes"": 15, ""min_samples_leaf"": 10}",5063,2705885349,2.174460000009276
hungary,cleveland,histgb_natural,1,"{""l2_regularization"": 1.0, ""learning_rate"": 0.03, ""max_iter"": 300, ""max_leaf_nodes"": 15, ""min_samples_leaf"": 10}",5064,2650100554,1.3864591000019573
hungary,cleveland,histgb_natural,1,"{""l2_regularization"": 1.0, ""learning_rate"": 0.03, ""max_iter"": 300, ""max_leaf_nodes"": 15, ""min_samples_leaf"": 10}",5065,1064909342,2.2840122999914456
hungary,cleveland,histgb_natural,1,"{""l2_regularization"": 1.0, ""learning_rate"": 0.03, ""max_iter"": 300, ""max_leaf_nodes"": 15, ""min_samples_leaf"": 10}",5066,418598030,1.7102050999819767
hungary,cleveland,histgb_natural,1,"{""l2_regularization"": 1.0, ""learning_rate"": 0.03, ""max_iter"": 300, ""max_leaf_nodes"": 15, ""min_samples_leaf"": 10}",5067,2914515525,2.183276700001443
hungary,cleveland,histgb_natural,1,"{""l2_regularization"": 1.0, ""learning_rate"": 0.03, ""max_iter"": 300, ""max_leaf_nodes"": 15, ""min_samples_leaf"": 10}",5068,3104356194,1.7856188000005204
hungary,cleveland,histgb_natural,1,"{""l2_regularization"": 1.0, ""learning_rate"": 0.03, ""max_iter"": 300, ""max_leaf_nodes"": 15, ""min_samples_leaf"": 10}",5069,843777965,1.7530280000064522
hungary,cleveland,histgb_natural,1,"{""l2_regularization"": 1.0, ""learning_rate"": 0.03, ""max_iter"": 300, ""max_leaf_nodes"": 15, ""min_samples_leaf"": 10}",5070,4099835656,1.397110200021416
hungary,cleveland,histgb_natural,1,"{""l2_regularization"": 1.0, ""learning_rate"": 0.03, ""max_iter"": 300, ""max_leaf_nodes"": 15, ""min_samples_leaf"": 10}",5071,1641913245,2.535417300008703
hungary,switzerland,histgb_natural,1,"{""l2_regularization"": 1.0, ""learning_rate"": 0.03, ""max_iter"": 300, ""max_leaf_nodes"": 15, ""min_samples_leaf"": 10}",5062,2021613229,1.1730736999888904
hungary,switzerland,histgb_natural,1,"{""l2_regularization"": 1.0, ""learning_rate"": 0.03, ""max_iter"": 300, ""max_leaf_nodes"": 15, ""min_samples_leaf"": 10}",5063,1778199294,0.8149472000077367
hungary,switzerland,histgb_natural,1,"{""l2_regularization"": 1.0, ""learning_rate"": 0.03, ""max_iter"": 300, ""max_leaf_nodes"": 15, ""min_samples_leaf"": 10}",5064,1346270444,0.9240938999864738
hungary,switzerland,histgb_natural,1,"{""l2_regularization"": 1.0, ""learning_rate"": 0.03, ""max_iter"": 300, ""max_leaf_nodes"": 15, ""min_samples_leaf"": 10}",5065,564442049,0.7318601000006311
hungary,switzerland,histgb_natural,1,"{""l2_regularization"": 1.0, ""learning_rate"": 0.03, ""max_iter"": 300, ""max_leaf_nodes"": 15, ""min_samples_leaf"": 10}",5066,3893675796,1.4552886000019498
hungary,switzerland,histgb_natural,1,"{""l2_regularization"": 1.0, ""learning_rate"": 0.03, ""max_iter"": 300, ""max_leaf_nodes"": 15, ""min_samples_leaf"": 10}",5067,159012302,1.7256188000028487
hungary,switzerland,histgb_natural,1,"{""l2_regularization"": 1.0, ""learning_rate"": 0.03, ""max_iter"": 300, ""max_leaf_nodes"": 15, ""min_samples_leaf"": 10}",5068,567567553,2.3212203000148293
hungary,switzerland,histgb_natural,1,"{""l2_regularization"": 1.0, ""learning_rate"": 0.03, ""max_iter"": 300, ""max_leaf_nodes"": 15, ""min_samples_leaf"": 10}",5069,2564455704,1.822245399991516
hungary,switzerland,histgb_natural,1,"{""l2_regularization"": 1.0, ""learning_rate"": 0.03, ""max_iter"": 300, ""max_leaf_nodes"": 15, ""min_samples_leaf"": 10}",5070,874324445,2.4569269999919925
hungary,switzerland,histgb_natural,1,"{""l2_regularization"": 1.0, ""learning_rate"": 0.03, ""max_iter"": 300, ""max_leaf_nodes"": 15, ""min_samples_leaf"": 10}",5071,2149381963,2.9237462999881245
hungary,va_long_beach,histgb_natural,1,"{""l2_regularization"": 1.0, ""learning_rate"": 0.03, ""max_iter"": 300, ""max_leaf_nodes"": 15, ""min_samples_leaf"": 10}",5062,1935545927,2.0252206999866758
hungary,va_long_beach,histgb_natural,1,"{""l2_regularization"": 1.0, ""learning_rate"": 0.03, ""max_iter"": 300, ""max_leaf_nodes"": 15, ""min_samples_leaf"": 10}",5063,2023219921,3.088843799981987
hungary,va_long_beach,histgb_natural,1,"{""l2_regularization"": 1.0, ""learning_rate"": 0.03, ""max_iter"": 300, ""max_leaf_nodes"": 15, ""min_samples_leaf"": 10}",5064,51500478,3.5102201999980025
hungary,va_long_beach,histgb_natural,1,"{""l2_regularization"": 1.0, ""learning_rate"": 0.03, ""max_iter"": 300, ""max_leaf_nodes"": 15, ""min_samples_leaf"": 10}",5065,29464973,2.3151986000011675
hungary,va_long_beach,histgb_natural,1,"{""l2_regularization"": 1.0, ""learning_rate"": 0.03, ""max_iter"": 300, ""max_leaf_nodes"": 15, ""min_samples_leaf"": 10}",5066,930025809,2.112313899997389
hungary,va_long_beach,histgb_natural,1,"{""l2_regularization"": 1.0, ""learning_rate"": 0.03, ""max_iter"": 300, ""max_leaf_nodes"": 15, ""min_samples_leaf"": 10}",5067,3703405271,2.048422199994093
hungary,va_long_beach,histgb_natural,1,"{""l2_regularization"": 1.0, ""learning_rate"": 0.03, ""max_iter"": 300, ""max_leaf_nodes"": 15, ""min_samples_leaf"": 10}",5068,2503398897,1.653199799999129
hungary,va_long_beach,histgb_natural,1,"{""l2_regularization"": 1.0, ""learning_rate"": 0.03, ""max_iter"": 300, ""max_leaf_nodes"": 15, ""min_samples_leaf"": 10}",5069,1936209653,2.128478200000245
hungary,va_long_beach,histgb_natural,1,"{""l2_regularization"": 1.0, ""learning_rate"": 0.03, ""max_iter"": 300, ""max_leaf_nodes"": 15, ""min_samples_leaf"": 10}",5070,3783669435,2.0079832000192255
hungary,va_long_beach,histgb_natural,1,"{""l2_regularization"": 1.0, ""learning_rate"": 0.03, ""max_iter"": 300, ""max_leaf_nodes"": 15, ""min_samples_leaf"": 10}",5071,3371511622,2.107539499993436
hungary,cleveland,histgb_structured,0,"{""l2_regularization"": 1.0, ""learning_rate"": 0.03, ""max_iter"": 300, ""max_leaf_nodes"": 7, ""min_samples_leaf"": 10}",5062,2355536905,1.5855763999861665
hungary,cleveland,histgb_structured,0,"{""l2_regularization"": 1.0, ""learning_rate"": 0.03, ""max_iter"": 300, ""max_leaf_nodes"": 7, ""min_samples_leaf"": 10}",5063,1063867159,0.7409269000054337
hungary,cleveland,histgb_structured,0,"{""l2_regularization"": 1.0, ""learning_rate"": 0.03, ""max_iter"": 300, ""max_leaf_nodes"": 7, ""min_samples_leaf"": 10}",5064,4133380612,1.0289096999913454
hungary,cleveland,histgb_structured,0,"{""l2_regularization"": 1.0, ""learning_rate"": 0.03, ""max_iter"": 300, ""max_leaf_nodes"": 7, ""min_samples_leaf"": 10}",5065,2405480136,0.8972492000029888
hungary,cleveland,histgb_structured,0,"{""l2_regularization"": 1.0, ""learning_rate"": 0.03, ""max_iter"": 300, ""max_leaf_nodes"": 7, ""min_samples_leaf"": 10}",5066,3608471707,1.72916470002383
hungary,cleveland,histgb_structured,0,"{""l2_regularization"": 1.0, ""learning_rate"": 0.03, ""max_iter"": 300, ""max_leaf_nodes"": 7, ""min_samples_leaf"": 10}",5067,2831304249,1.1070720000134315
hungary,cleveland,histgb_structured,0,"{""l2_regularization"": 1.0, ""learning_rate"": 0.03, ""max_iter"": 300, ""max_leaf_nodes"": 7, ""min_samples_leaf"": 10}",5068,2415096890,1.4657485000207089
hungary,cleveland,histgb_structured,0,"{""l2_regularization"": 1.0, ""learning_rate"": 0.03, ""max_iter"": 300, ""max_leaf_nodes"": 7, ""min_samples_leaf"": 10}",5069,1985061239,1.4157760000089183
hungary,cleveland,histgb_structured,0,"{""l2_regularization"": 1.0, ""learning_rate"": 0.03, ""max_iter"": 300, ""max_leaf_nodes"": 7, ""min_samples_leaf"": 10}",5070,1146715222,0.8270548000000417
hungary,cleveland,histgb_structured,0,"{""l2_regularization"": 1.0, ""learning_rate"": 0.03, ""max_iter"": 300, ""max_leaf_nodes"": 7, ""min_samples_leaf"": 10}",5071,3751830352,1.7569999000115786
hungary,switzerland,histgb_structured,0,"{""l2_regularization"": 1.0, ""learning_rate"": 0.03, ""max_iter"": 300, ""max_leaf_nodes"": 7, ""min_samples_leaf"": 10}",5062,2390053388,0.9936191999877337
hungary,switzerland,histgb_structured,0,"{""l2_regularization"": 1.0, ""learning_rate"": 0.03, ""max_iter"": 300, ""max_leaf_nodes"": 7, ""min_samples_leaf"": 10}",5063,964182047,1.3491058000072371
hungary,switzerland,histgb_structured,0,"{""l2_regularization"": 1.0, ""learning_rate"": 0.03, ""max_iter"": 300, ""max_leaf_nodes"": 7, ""min_samples_leaf"": 10}",5064,1226249548,1.7897702000045683
hungary,switzerland,histgb_structured,0,"{""l2_regularization"": 1.0, ""learning_rate"": 0.03, ""max_iter"": 300, ""max_leaf_nodes"": 7, ""min_samples_leaf"": 10}",5065,3954287594,0.7034161000046879
hungary,switzerland,histgb_structured,0,"{""l2_regularization"": 1.0, ""learning_rate"": 0.03, ""max_iter"": 300, ""max_leaf_nodes"": 7, ""min_samples_leaf"": 10}",5066,1227657713,1.5210634000250138
hungary,switzerland,histgb_structured,0,"{""l2_regularization"": 1.0, ""learning_rate"": 0.03, ""max_iter"": 300, ""max_leaf_nodes"": 7, ""min_samples_leaf"": 10}",5067,844430857,1.367593200004194
hungary,switzerland,histgb_structured,0,"{""l2_regularization"": 1.0, ""learning_rate"": 0.03, ""max_iter"": 300, ""max_leaf_nodes"": 7, ""min_samples_leaf"": 10}",5068,1227846061,1.932538499997463
hungary,switzerland,histgb_structured,0,"{""l2_regularization"": 1.0, ""learning_rate"": 0.03, ""max_iter"": 300, ""max_leaf_nodes"": 7, ""min_samples_leaf"": 10}",5069,770793500,1.9135990999930073
hungary,switzerland,histgb_structured,0,"{""l2_regularization"": 1.0, ""learning_rate"": 0.03, ""max_iter"": 300, ""max_leaf_nodes"": 7, ""min_samples_leaf"": 10}",5070,462465031,1.8331210000033025
hungary,switzerland,histgb_structured,0,"{""l2_regularization"": 1.0, ""learning_rate"": 0.03, ""max_iter"": 300, ""max_leaf_nodes"": 7, ""min_samples_leaf"": 10}",5071,1930027653,1.5982143000001088
hungary,va_long_beach,histgb_structured,0,"{""l2_regularization"": 1.0, ""learning_rate"": 0.03, ""max_iter"": 300, ""max_leaf_nodes"": 7, ""min_samples_leaf"": 10}",5062,1979645575,1.5508921000000555
hungary,va_long_beach,histgb_structured,0,"{""l2_regularization"": 1.0, ""learning_rate"": 0.03, ""max_iter"": 300, ""max_leaf_nodes"": 7, ""min_samples_leaf"": 10}",5063,2357526807,1.3564714000094682
hungary,va_long_beach,histgb_structured,0,"{""l2_regularization"": 1.0, ""learning_rate"": 0.03, ""max_iter"": 300, ""max_leaf_nodes"": 7, ""min_samples_leaf"": 10}",5064,2951653582,1.1182358000078239
hungary,va_long_beach,histgb_structured,0,"{""l2_regularization"": 1.0, ""learning_rate"": 0.03, ""max_iter"": 300, ""max_leaf_nodes"": 7, ""min_samples_leaf"": 10}",5065,2948963251,1.0292814999993425
hungary,va_long_beach,histgb_structured,0,"{""l2_regularization"": 1.0, ""learning_rate"": 0.03, ""max_iter"": 300, ""max_leaf_nodes"": 7, ""min_samples_leaf"": 10}",5066,190780643,1.552986199996667
hungary,va_long_beach,histgb_structured,0,"{""l2_regularization"": 1.0, ""learning_rate"": 0.03, ""max_iter"": 300, ""max_leaf_nodes"": 7, ""min_samples_leaf"": 10}",5067,1739856798,1.3077522000239696
hungary,va_long_beach,histgb_structured,0,"{""l2_regularization"": 1.0, ""learning_rate"": 0.03, ""max_iter"": 300, ""max_leaf_nodes"": 7, ""min_samples_leaf"": 10}",5068,3097061873,1.8794762000034098
hungary,va_long_beach,histgb_structured,0,"{""l2_regularization"": 1.0, ""learning_rate"": 0.03, ""max_iter"": 300, ""max_leaf_nodes"": 7, ""min_samples_leaf"": 10}",5069,2689828055,1.5494802999892272
hungary,va_long_beach,histgb_structured,0,"{""l2_regularization"": 1.0, ""learning_rate"": 0.03, ""max_iter"": 300, ""max_leaf_nodes"": 7, ""min_samples_leaf"": 10}",5070,2690658387,2.0382593999966048
hungary,va_long_beach,histgb_structured,0,"{""l2_regularization"": 1.0, ""learning_rate"": 0.03, ""max_iter"": 300, ""max_leaf_nodes"": 7, ""min_samples_leaf"": 10}",5071,2264097375,1.0139442999789026
hungary,cleveland,histgb_structured,1,"{""l2_regularization"": 1.0, ""learning_rate"": 0.03, ""max_iter"": 300, ""max_leaf_nodes"": 15, ""min_samples_leaf"": 10}",5062,1415879203,2.5583236000093166
hungary,cleveland,histgb_structured,1,"{""l2_regularization"": 1.0, ""learning_rate"": 0.03, ""max_iter"": 300, ""max_leaf_nodes"": 15, ""min_samples_leaf"": 10}",5063,1736345639,2.5155385000107344
hungary,cleveland,histgb_structured,1,"{""l2_regularization"": 1.0, ""learning_rate"": 0.03, ""max_iter"": 300, ""max_leaf_nodes"": 15, ""min_samples_leaf"": 10}",5064,3676644269,3.5788772999949288
hungary,cleveland,histgb_structured,1,"{""l2_regularization"": 1.0, ""learning_rate"": 0.03, ""max_iter"": 300, ""max_leaf_nodes"": 15, ""min_samples_leaf"": 10}",5065,745414406,2.797267699992517
hungary,cleveland,histgb_structured,1,"{""l2_regularization"": 1.0, ""learning_rate"": 0.03, ""max_iter"": 300, ""max_leaf_nodes"": 15, ""min_samples_leaf"": 10}",5066,2400309962,2.8602560999861453
hungary,cleveland,histgb_structured,1,"{""l2_regularization"": 1.0, ""learning_rate"": 0.03, ""max_iter"": 300, ""max_leaf_nodes"": 15, ""min_samples_leaf"": 10}",5067,829784551,3.332182699989062
hungary,cleveland,histgb_structured,1,"{""l2_regularization"": 1.0, ""learning_rate"": 0.03, ""max_iter"": 300, ""max_leaf_nodes"": 15, ""min_samples_leaf"": 10}",5068,1516990132,2.5447168000100646
hungary,cleveland,histgb_structured,1,"{""l2_regularization"": 1.0, ""learning_rate"": 0.03, ""max_iter"": 300, ""max_leaf_nodes"": 15, ""min_samples_leaf"": 10}",5069,1542250527,2.1168828000081703
hungary,cleveland,histgb_structured,1,"{""l2_regularization"": 1.0, ""learning_rate"": 0.03, ""max_iter"": 300, ""max_leaf_nodes"": 15, ""min_samples_leaf"": 10}",5070,3410325184,3.020915300003253
hungary,cleveland,histgb_structured,1,"{""l2_regularization"": 1.0, ""learning_rate"": 0.03, ""max_iter"": 300, ""max_leaf_nodes"": 15, ""min_samples_leaf"": 10}",5071,1327554417,2.771763500000816
hungary,switzerland,histgb_structured,1,"{""l2_regularization"": 1.0, ""learning_rate"": 0.03, ""max_iter"": 300, ""max_leaf_nodes"": 15, ""min_samples_leaf"": 10}",5062,650870999,3.9830120999831706
hungary,switzerland,histgb_structured,1,"{""l2_regularization"": 1.0, ""learning_rate"": 0.03, ""max_iter"": 300, ""max_leaf_nodes"": 15, ""min_samples_leaf"": 10}",5063,4221450234,2.5620568999729585
hungary,switzerland,histgb_structured,1,"{""l2_regularization"": 1.0, ""learning_rate"": 0.03, ""max_iter"": 300, ""max_leaf_nodes"": 15, ""min_samples_leaf"": 10}",5064,3083275989,2.301436300011119
hungary,switzerland,histgb_structured,1,"{""l2_regularization"": 1.0, ""learning_rate"": 0.03, ""max_iter"": 300, ""max_leaf_nodes"": 15, ""min_samples_leaf"": 10}",5065,1005672399,4.047821600019233
hungary,switzerland,histgb_structured,1,"{""l2_regularization"": 1.0, ""learning_rate"": 0.03, ""max_iter"": 300, ""max_leaf_nodes"": 15, ""min_samples_leaf"": 10}",5066,3495096434,2.5564366999897175
hungary,switzerland,histgb_structured,1,"{""l2_regularization"": 1.0, ""learning_rate"": 0.03, ""max_iter"": 300, ""max_leaf_nodes"": 15, ""min_samples_leaf"": 10}",5067,396222249,2.6848882000194862
hungary,switzerland,histgb_structured,1,"{""l2_regularization"": 1.0, ""learning_rate"": 0.03, ""max_iter"": 300, ""max_leaf_nodes"": 15, ""min_samples_leaf"": 10}",5068,1633822590,3.1854009999951813
hungary,switzerland,histgb_structured,1,"{""l2_regularization"": 1.0, ""learning_rate"": 0.03, ""max_iter"": 300, ""max_leaf_nodes"": 15, ""min_samples_leaf"": 10}",5069,3171833490,3.060870799992699
hungary,switzerland,histgb_structured,1,"{""l2_regularization"": 1.0, ""learning_rate"": 0.03, ""max_iter"": 300, ""max_leaf_nodes"": 15, ""min_samples_leaf"": 10}",5070,4207922361,2.6736942999996245
hungary,switzerland,histgb_structured,1,"{""l2_regularization"": 1.0, ""learning_rate"": 0.03, ""max_iter"": 300, ""max_leaf_nodes"": 15, ""min_samples_leaf"": 10}",5071,1338320413,2.9751775999902748
hungary,va_long_beach,histgb_structured,1,"{""l2_regularization"": 1.0, ""learning_rate"": 0.03, ""max_iter"": 300, ""max_leaf_nodes"": 15, ""min_samples_leaf"": 10}",5062,2726630373,3.0408224999846425
hungary,va_long_beach,histgb_structured,1,"{""l2_regularization"": 1.0, ""learning_rate"": 0.03, ""max_iter"": 300, ""max_leaf_nodes"": 15, ""min_samples_leaf"": 10}",5063,1911421702,1.96209670000826
hungary,va_long_beach,histgb_structured,1,"{""l2_regularization"": 1.0, ""learning_rate"": 0.03, ""max_iter"": 300, ""max_leaf_nodes"": 15, ""min_samples_leaf"": 10}",5064,3731812174,3.578618599975016
hungary,va_long_beach,histgb_structured,1,"{""l2_regularization"": 1.0, ""learning_rate"": 0.03, ""max_iter"": 300, ""max_leaf_nodes"": 15, ""min_samples_leaf"": 10}",5065,976709660,3.258427200024016
hungary,va_long_beach,histgb_structured,1,"{""l2_regularization"": 1.0, ""learning_rate"": 0.03, ""max_iter"": 300, ""max_leaf_nodes"": 15, ""min_samples_leaf"": 10}",5066,1609879167,2.64330450000125
hungary,va_long_beach,histgb_structured,1,"{""l2_regularization"": 1.0, ""learning_rate"": 0.03, ""max_iter"": 300, ""max_leaf_nodes"": 15, ""min_samples_leaf"": 10}",5067,109170221,2.9612378000165336
hungary,va_long_beach,histgb_structured,1,"{""l2_regularization"": 1.0, ""learning_rate"": 0.03, ""max_iter"": 300, ""max_leaf_nodes"": 15, ""min_samples_leaf"": 10}",5068,3418652370,2.60972939999192
hungary,va_long_beach,histgb_structured,1,"{""l2_regularization"": 1.0, ""learning_rate"": 0.03, ""max_iter"": 300, ""max_leaf_nodes"": 15, ""min_samples_leaf"": 10}",5069,2766416452,2.9180234000086784
hungary,va_long_beach,histgb_structured,1,"{""l2_regularization"": 1.0, ""learning_rate"": 0.03, ""max_iter"": 300, ""max_leaf_nodes"": 15, ""min_samples_leaf"": 10}",5070,363828097,2.9431307000049856
hungary,va_long_beach,histgb_structured,1,"{""l2_regularization"": 1.0, ""learning_rate"": 0.03, ""max_iter"": 300, ""max_leaf_nodes"": 15, ""min_samples_leaf"": 10}",5071,3415175759,3.201948000001721
switzerland,cleveland,logistic_natural,0,"{""C"": 0.1}",5062,2169999982,0.048495299997739494
switzerland,cleveland,logistic_natural,0,"{""C"": 0.1}",5063,4114977631,0.033489499997813255
switzerland,cleveland,logistic_natural,0,"{""C"": 0.1}",5064,287280866,0.08202609998988919
switzerland,cleveland,logistic_natural,0,"{""C"": 0.1}",5065,626726380,0.036190400016494095
switzerland,cleveland,logistic_natural,0,"{""C"": 0.1}",5066,3876090983,0.019245399977080524
switzerland,cleveland,logistic_natural,0,"{""C"": 0.1}",5067,2689518188,0.03901810001116246
switzerland,cleveland,logistic_natural,0,"{""C"": 0.1}",5068,906931278,0.04355949998716824
switzerland,cleveland,logistic_natural,0,"{""C"": 0.1}",5069,4005441096,0.023563700000522658
switzerland,cleveland,logistic_natural,0,"{""C"": 0.1}",5070,1535956230,0.06118770001921803
switzerland,cleveland,logistic_natural,0,"{""C"": 0.1}",5071,4253652034,0.036631900002248585
switzerland,hungary,logistic_natural,0,"{""C"": 0.1}",5062,1923910007,0.026486899994779378
switzerland,hungary,logistic_natural,0,"{""C"": 0.1}",5063,1229675847,0.027126400003908202
switzerland,hungary,logistic_natural,0,"{""C"": 0.1}",5064,2870872076,0.028582099999766797
switzerland,hungary,logistic_natural,0,"{""C"": 0.1}",5065,76854648,0.017400199983967468
switzerland,hungary,logistic_natural,0,"{""C"": 0.1}",5066,3507088767,0.02430989997810684
switzerland,hungary,logistic_natural,0,"{""C"": 0.1}",5067,2308374034,0.027617499988991767
switzerland,hungary,logistic_natural,0,"{""C"": 0.1}",5068,3762250182,0.04292830001213588
switzerland,hungary,logistic_natural,0,"{""C"": 0.1}",5069,1009478675,0.040857599989976734
switzerland,hungary,logistic_natural,0,"{""C"": 0.1}",5070,1582119769,0.01941779998014681
switzerland,hungary,logistic_natural,0,"{""C"": 0.1}",5071,3783650965,0.06824110000161454
switzerland,va_long_beach,logistic_natural,0,"{""C"": 0.1}",5062,3168217048,0.05947760000708513
switzerland,va_long_beach,logistic_natural,0,"{""C"": 0.1}",5063,1310419484,0.03031939998618327
switzerland,va_long_beach,logistic_natural,0,"{""C"": 0.1}",5064,1290842612,0.036126899998635054
switzerland,va_long_beach,logistic_natural,0,"{""C"": 0.1}",5065,384367318,0.05427390002296306
switzerland,va_long_beach,logistic_natural,0,"{""C"": 0.1}",5066,3371218754,0.019974199996795505
switzerland,va_long_beach,logistic_natural,0,"{""C"": 0.1}",5067,300442002,0.03337930000270717
switzerland,va_long_beach,logistic_natural,0,"{""C"": 0.1}",5068,3854595263,0.03969629999483004
switzerland,va_long_beach,logistic_natural,0,"{""C"": 0.1}",5069,1391750199,0.04984839999815449
switzerland,va_long_beach,logistic_natural,0,"{""C"": 0.1}",5070,959304615,0.07129120000172406
switzerland,va_long_beach,logistic_natural,0,"{""C"": 0.1}",5071,2610510338,0.034094000002369285
switzerland,cleveland,logistic_natural,1,"{""C"": 1.0}",5062,2642290493,0.04106089999550022
switzerland,cleveland,logistic_natural,1,"{""C"": 1.0}",5063,1244285971,0.06569930000114255
switzerland,cleveland,logistic_natural,1,"{""C"": 1.0}",5064,2838517114,0.06158590002451092
switzerland,cleveland,logistic_natural,1,"{""C"": 1.0}",5065,2023607561,0.037577199982479215
switzerland,cleveland,logistic_natural,1,"{""C"": 1.0}",5066,2136925417,0.04373229999328032
switzerland,cleveland,logistic_natural,1,"{""C"": 1.0}",5067,4208936154,0.05971770000178367
switzerland,cleveland,logistic_natural,1,"{""C"": 1.0}",5068,3393179411,0.05452720000175759
switzerland,cleveland,logistic_natural,1,"{""C"": 1.0}",5069,1504786326,0.04376840000622906
switzerland,cleveland,logistic_natural,1,"{""C"": 1.0}",5070,518977677,0.044638499995926395
switzerland,cleveland,logistic_natural,1,"{""C"": 1.0}",5071,1077193709,0.07306110000354238
switzerland,hungary,logistic_natural,1,"{""C"": 1.0}",5062,1600453360,0.03644550000899471
switzerland,hungary,logistic_natural,1,"{""C"": 1.0}",5063,4265636284,0.07301240001106635
switzerland,hungary,logistic_natural,1,"{""C"": 1.0}",5064,4064251571,0.0635615999926813
switzerland,hungary,logistic_natural,1,"{""C"": 1.0}",5065,2361180063,0.05488719997811131
switzerland,hungary,logistic_natural,1,"{""C"": 1.0}",5066,983790377,0.08349059999454767
switzerland,hungary,logistic_natural,1,"{""C"": 1.0}",5067,436145186,0.03580570002668537
switzerland,hungary,logistic_natural,1,"{""C"": 1.0}",5068,86080368,0.08382470000651665
switzerland,hungary,logistic_natural,1,"{""C"": 1.0}",5069,3076787717,0.07973840000340715
switzerland,hungary,logistic_natural,1,"{""C"": 1.0}",5070,1561865038,0.03686110000126064
switzerland,hungary,logistic_natural,1,"{""C"": 1.0}",5071,1399403768,0.06629919999977574
switzerland,va_long_beach,logistic_natural,1,"{""C"": 1.0}",5062,3454941028,0.08134079998126253
switzerland,va_long_beach,logistic_natural,1,"{""C"": 1.0}",5063,2405489385,0.03154940000968054
switzerland,va_long_beach,logistic_natural,1,"{""C"": 1.0}",5064,4062718099,0.04282139998394996
switzerland,va_long_beach,logistic_natural,1,"{""C"": 1.0}",5065,3044009038,0.05325639998773113
switzerland,va_long_beach,logistic_natural,1,"{""C"": 1.0}",5066,2136608720,0.03738090000115335
switzerland,va_long_beach,logistic_natural,1,"{""C"": 1.0}",5067,1825016560,0.03826650002156384
switzerland,va_long_beach,logistic_natural,1,"{""C"": 1.0}",5068,298544325,0.03587399999378249
switzerland,va_long_beach,logistic_natural,1,"{""C"": 1.0}",5069,1582268681,0.03357430000323802
switzerland,va_long_beach,logistic_natural,1,"{""C"": 1.0}",5070,2638315608,0.03091060000588186
switzerland,va_long_beach,logistic_natural,1,"{""C"": 1.0}",5071,408300732,0.030340800003614277
switzerland,cleveland,logistic_natural,2,"{""C"": 10.0}",5062,725033195,0.13466030001291074
switzerland,cleveland,logistic_natural,2,"{""C"": 10.0}",5063,1339201739,0.06466260002343915
switzerland,cleveland,logistic_natural,2,"{""C"": 10.0}",5064,3836308023,0.03364839998539537
switzerland,cleveland,logistic_natural,2,"{""C"": 10.0}",5065,2340229462,0.04284629999892786
switzerland,cleveland,logistic_natural,2,"{""C"": 10.0}",5066,669615699,0.1332741999940481
switzerland,cleveland,logistic_natural,2,"{""C"": 10.0}",5067,1521854538,0.09237450000364333
switzerland,cleveland,logistic_natural,2,"{""C"": 10.0}",5068,3400171934,0.12370599998394027
switzerland,cleveland,logistic_natural,2,"{""C"": 10.0}",5069,915139387,0.06137129999115132
switzerland,cleveland,logistic_natural,2,"{""C"": 10.0}",5070,1813793163,0.11836819999734871
switzerland,cleveland,logistic_natural,2,"{""C"": 10.0}",5071,752270893,0.06818400000338443
switzerland,hungary,logistic_natural,2,"{""C"": 10.0}",5062,2564072574,0.1520410999946762
switzerland,hungary,logistic_natural,2,"{""C"": 10.0}",5063,1094941550,0.06146399999852292
switzerland,hungary,logistic_natural,2,"{""C"": 10.0}",5064,2777785664,0.038562400004593655
switzerland,hungary,logistic_natural,2,"{""C"": 10.0}",5065,4195507856,0.115869000001112
switzerland,hungary,logistic_natural,2,"{""C"": 10.0}",5066,2761775921,0.08845450001535937
switzerland,hungary,logistic_natural,2,"{""C"": 10.0}",5067,1644777409,0.07285759999649599
switzerland,hungary,logistic_natural,2,"{""C"": 10.0}",5068,1815605140,0.06242699999711476
switzerland,hungary,logistic_natural,2,"{""C"": 10.0}",5069,1242172133,0.1313656999845989
switzerland,hungary,logistic_natural,2,"{""C"": 10.0}",5070,3335780836,0.10652179998578504
switzerland,hungary,logistic_natural,2,"{""C"": 10.0}",5071,2623132333,0.09410339998430572
switzerland,va_long_beach,logistic_natural,2,"{""C"": 10.0}",5062,4156713853,0.08146549999946728
switzerland,va_long_beach,logistic_natural,2,"{""C"": 10.0}",5063,2836587153,0.10372250000364147
switzerland,va_long_beach,logistic_natural,2,"{""C"": 10.0}",5064,152959257,0.04085049999412149
switzerland,va_long_beach,logistic_natural,2,"{""C"": 10.0}",5065,3898384239,0.0430157000082545
switzerland,va_long_beach,logistic_natural,2,"{""C"": 10.0}",5066,2852844902,0.05022340000141412
switzerland,va_long_beach,logistic_natural,2,"{""C"": 10.0}",5067,1193618829,0.028847799985669553
switzerland,va_long_beach,logistic_natural,2,"{""C"": 10.0}",5068,3601003212,0.10710199997993186
switzerland,va_long_beach,logistic_natural,2,"{""C"": 10.0}",5069,1337515736,0.03361049998784438
switzerland,va_long_beach,logistic_natural,2,"{""C"": 10.0}",5070,4286748495,0.034181299997726455
switzerland,va_long_beach,logistic_natural,2,"{""C"": 10.0}",5071,809966804,0.06438580001122318
switzerland,cleveland,logistic_structured,0,"{""C"": 0.1}",5062,347596619,0.258663799992064
switzerland,cleveland,logistic_structured,0,"{""C"": 0.1}",5063,4209241611,0.17157969999243505
switzerland,cleveland,logistic_structured,0,"{""C"": 0.1}",5064,4184929984,0.2051803999929689
switzerland,cleveland,logistic_structured,0,"{""C"": 0.1}",5065,2133446942,0.29195010001421906
switzerland,cleveland,logistic_structured,0,"{""C"": 0.1}",5066,1130535736,0.19041439998545684
switzerland,cleveland,logistic_structured,0,"{""C"": 0.1}",5067,1304154675,0.261157800006913
switzerland,cleveland,logistic_structured,0,"{""C"": 0.1}",5068,2971828159,0.3687630999775138
switzerland,cleveland,logistic_structured,0,"{""C"": 0.1}",5069,2044487684,0.2578720000165049
switzerland,cleveland,logistic_structured,0,"{""C"": 0.1}",5070,2480582961,0.43975489999866113
switzerland,cleveland,logistic_structured,0,"{""C"": 0.1}",5071,4177583168,0.24489850000827573
switzerland,hungary,logistic_structured,0,"{""C"": 0.1}",5062,3266459371,0.1603262000135146
switzerland,hungary,logistic_structured,0,"{""C"": 0.1}",5063,3019968572,0.16645479999715462
switzerland,hungary,logistic_structured,0,"{""C"": 0.1}",5064,594020857,0.3565827000129502
switzerland,hungary,logistic_structured,0,"{""C"": 0.1}",5065,1426079940,0.22491650001029484
switzerland,hungary,logistic_structured,0,"{""C"": 0.1}",5066,728413563,0.28476599999703467
switzerland,hungary,logistic_structured,0,"{""C"": 0.1}",5067,3478044121,0.39168830000562593
switzerland,hungary,logistic_structured,0,"{""C"": 0.1}",5068,2710033919,0.2774488999857567
switzerland,hungary,logistic_structured,0,"{""C"": 0.1}",5069,3303560468,0.14266389998374507
switzerland,hungary,logistic_structured,0,"{""C"": 0.1}",5070,2680906969,0.3182532000064384
switzerland,hungary,logistic_structured,0,"{""C"": 0.1}",5071,198484704,0.23567989998264238
switzerland,va_long_beach,logistic_structured,0,"{""C"": 0.1}",5062,203658556,0.17003390000900254
switzerland,va_long_beach,logistic_structured,0,"{""C"": 0.1}",5063,1626971736,0.1700589999963995
switzerland,va_long_beach,logistic_structured,0,"{""C"": 0.1}",5064,3417304943,0.48735609999857843
switzerland,va_long_beach,logistic_structured,0,"{""C"": 0.1}",5065,1350556743,0.2892569999967236
switzerland,va_long_beach,logistic_structured,0,"{""C"": 0.1}",5066,2569948592,0.314108100021258
switzerland,va_long_beach,logistic_structured,0,"{""C"": 0.1}",5067,3403688231,0.1497975999955088
switzerland,va_long_beach,logistic_structured,0,"{""C"": 0.1}",5068,3500518800,0.1786396999959834
switzerland,va_long_beach,logistic_structured,0,"{""C"": 0.1}",5069,2913421663,0.20337939998717047
switzerland,va_long_beach,logistic_structured,0,"{""C"": 0.1}",5070,1812268645,0.20228130000759847
switzerland,va_long_beach,logistic_structured,0,"{""C"": 0.1}",5071,395338897,0.25526340000214987
switzerland,cleveland,logistic_structured,1,"{""C"": 1.0}",5062,2349686776,0.16374819999327883
switzerland,cleveland,logistic_structured,1,"{""C"": 1.0}",5063,1230231849,0.25786310000694357
switzerland,cleveland,logistic_structured,1,"{""C"": 1.0}",5064,963047499,0.4026607999985572
switzerland,cleveland,logistic_structured,1,"{""C"": 1.0}",5065,1742268430,0.34346080000977963
switzerland,cleveland,logistic_structured,1,"{""C"": 1.0}",5066,3604205935,0.24575830000685528
switzerland,cleveland,logistic_structured,1,"{""C"": 1.0}",5067,3779917064,0.2580152000009548
switzerland,cleveland,logistic_structured,1,"{""C"": 1.0}",5068,647096770,0.45443040001555346
switzerland,cleveland,logistic_structured,1,"{""C"": 1.0}",5069,3885310639,0.46726840001065284
switzerland,cleveland,logistic_structured,1,"{""C"": 1.0}",5070,1607793226,0.3752944000007119
switzerland,cleveland,logistic_structured,1,"{""C"": 1.0}",5071,3628801826,0.2774774999998044
switzerland,hungary,logistic_structured,1,"{""C"": 1.0}",5062,3191111667,0.22173530000145547
switzerland,hungary,logistic_structured,1,"{""C"": 1.0}",5063,1378591170,0.3385501999873668
switzerland,hungary,logistic_structured,1,"{""C"": 1.0}",5064,576587305,0.2563656000129413
switzerland,hungary,logistic_structured,1,"{""C"": 1.0}",5065,1613528209,0.24525020000874065
switzerland,hungary,logistic_structured,1,"{""C"": 1.0}",5066,678452538,0.38657669999520294
switzerland,hungary,logistic_structured,1,"{""C"": 1.0}",5067,1071095272,0.24169920000713319
switzerland,hungary,logistic_structured,1,"{""C"": 1.0}",5068,2343981368,0.1767460000119172
switzerland,hungary,logistic_structured,1,"{""C"": 1.0}",5069,1019707594,0.28434799998649396
switzerland,hungary,logistic_structured,1,"{""C"": 1.0}",5070,3289542365,0.21803150000050664
switzerland,hungary,logistic_structured,1,"{""C"": 1.0}",5071,3901969945,0.4293752000085078
switzerland,va_long_beach,logistic_structured,1,"{""C"": 1.0}",5062,1149268350,0.27886510000098497
switzerland,va_long_beach,logistic_structured,1,"{""C"": 1.0}",5063,2300724314,0.1627186999830883
switzerland,va_long_beach,logistic_structured,1,"{""C"": 1.0}",5064,3052162708,0.24157559999730438
switzerland,va_long_beach,logistic_structured,1,"{""C"": 1.0}",5065,2556509872,0.24427599998307414
switzerland,va_long_beach,logistic_structured,1,"{""C"": 1.0}",5066,1592269439,0.2566107999882661
switzerland,va_long_beach,logistic_structured,1,"{""C"": 1.0}",5067,3916795202,0.3411255000100937
switzerland,va_long_beach,logistic_structured,1,"{""C"": 1.0}",5068,3295451728,0.5946385000133887
switzerland,va_long_beach,logistic_structured,1,"{""C"": 1.0}",5069,1210574479,0.31726149999303743
switzerland,va_long_beach,logistic_structured,1,"{""C"": 1.0}",5070,1584582039,0.19441509997704998
switzerland,va_long_beach,logistic_structured,1,"{""C"": 1.0}",5071,3048991669,0.1680542000103742
switzerland,cleveland,logistic_structured,2,"{""C"": 10.0}",5062,3919017509,0.27586819999851286
switzerland,cleveland,logistic_structured,2,"{""C"": 10.0}",5063,322067222,0.2764319000125397
switzerland,cleveland,logistic_structured,2,"{""C"": 10.0}",5064,2798709518,0.2234642999828793
switzerland,cleveland,logistic_structured,2,"{""C"": 10.0}",5065,524215137,0.3105441000079736
switzerland,cleveland,logistic_structured,2,"{""C"": 10.0}",5066,2066183582,0.20920770001248457
switzerland,cleveland,logistic_structured,2,"{""C"": 10.0}",5067,3426886423,0.40934409998590127
switzerland,cleveland,logistic_structured,2,"{""C"": 10.0}",5068,996423907,0.17937240001629107
switzerland,cleveland,logistic_structured,2,"{""C"": 10.0}",5069,451960042,0.1945619999896735
switzerland,cleveland,logistic_structured,2,"{""C"": 10.0}",5070,2751644897,0.1907190000056289
switzerland,cleveland,logistic_structured,2,"{""C"": 10.0}",5071,3676570484,0.20896650000941008
switzerland,hungary,logistic_structured,2,"{""C"": 10.0}",5062,3526845619,0.1830123999970965
switzerland,hungary,logistic_structured,2,"{""C"": 10.0}",5063,2781132427,0.3572588999813888
switzerland,hungary,logistic_structured,2,"{""C"": 10.0}",5064,2430352949,0.15137869998579845
switzerland,hungary,logistic_structured,2,"{""C"": 10.0}",5065,2001370564,0.19512160000158474
switzerland,hungary,logistic_structured,2,"{""C"": 10.0}",5066,4204130281,0.14816010001231916
switzerland,hungary,logistic_structured,2,"{""C"": 10.0}",5067,3467408019,0.23308649999671616
switzerland,hungary,logistic_structured,2,"{""C"": 10.0}",5068,2579198160,0.3698947000084445
switzerland,hungary,logistic_structured,2,"{""C"": 10.0}",5069,455203772,0.2825658000074327
switzerland,hungary,logistic_structured,2,"{""C"": 10.0}",5070,409453952,0.1802804000035394
switzerland,hungary,logistic_structured,2,"{""C"": 10.0}",5071,2499839749,0.24325729999691248
switzerland,va_long_beach,logistic_structured,2,"{""C"": 10.0}",5062,2092054007,0.15290499999537133
switzerland,va_long_beach,logistic_structured,2,"{""C"": 10.0}",5063,2416640926,0.20714810001663864
switzerland,va_long_beach,logistic_structured,2,"{""C"": 10.0}",5064,519855140,0.21815630001947284
switzerland,va_long_beach,logistic_structured,2,"{""C"": 10.0}",5065,1946474211,0.1364756999828387
switzerland,va_long_beach,logistic_structured,2,"{""C"": 10.0}",5066,3315949002,0.13900990001275204
switzerland,va_long_beach,logistic_structured,2,"{""C"": 10.0}",5067,1710855959,0.14135439999517985
switzerland,va_long_beach,logistic_structured,2,"{""C"": 10.0}",5068,2854953163,0.15131330001167953
switzerland,va_long_beach,logistic_structured,2,"{""C"": 10.0}",5069,3836324017,0.14673059998312965
switzerland,va_long_beach,logistic_structured,2,"{""C"": 10.0}",5070,3116481345,0.13641340000322089
switzerland,va_long_beach,logistic_structured,2,"{""C"": 10.0}",5071,1527961260,0.15819389998796396
switzerland,cleveland,random_forest_natural,0,"{""max_features"": ""sqrt"", ""min_samples_leaf"": 5, ""n_estimators"": 500}",5062,660090093,0.3979905000014696
switzerland,cleveland,random_forest_natural,0,"{""max_features"": ""sqrt"", ""min_samples_leaf"": 5, ""n_estimators"": 500}",5063,999917460,0.4867597999982536
switzerland,cleveland,random_forest_natural,0,"{""max_features"": ""sqrt"", ""min_samples_leaf"": 5, ""n_estimators"": 500}",5064,4035036517,0.4446672000049148
switzerland,cleveland,random_forest_natural,0,"{""max_features"": ""sqrt"", ""min_samples_leaf"": 5, ""n_estimators"": 500}",5065,1791414569,0.4215385999996215
switzerland,cleveland,random_forest_natural,0,"{""max_features"": ""sqrt"", ""min_samples_leaf"": 5, ""n_estimators"": 500}",5066,3748256706,0.4017617999925278
switzerland,cleveland,random_forest_natural,0,"{""max_features"": ""sqrt"", ""min_samples_leaf"": 5, ""n_estimators"": 500}",5067,2467831589,0.43575809997855686
switzerland,cleveland,random_forest_natural,0,"{""max_features"": ""sqrt"", ""min_samples_leaf"": 5, ""n_estimators"": 500}",5068,1604175244,0.45212550001451746
switzerland,cleveland,random_forest_natural,0,"{""max_features"": ""sqrt"", ""min_samples_leaf"": 5, ""n_estimators"": 500}",5069,1873086227,0.922435399988899
switzerland,cleveland,random_forest_natural,0,"{""max_features"": ""sqrt"", ""min_samples_leaf"": 5, ""n_estimators"": 500}",5070,3432072324,0.8235183999931905
switzerland,cleveland,random_forest_natural,0,"{""max_features"": ""sqrt"", ""min_samples_leaf"": 5, ""n_estimators"": 500}",5071,3497229943,0.7555111999972723
switzerland,hungary,random_forest_natural,0,"{""max_features"": ""sqrt"", ""min_samples_leaf"": 5, ""n_estimators"": 500}",5062,2833104012,0.6723268000059761
switzerland,hungary,random_forest_natural,0,"{""max_features"": ""sqrt"", ""min_samples_leaf"": 5, ""n_estimators"": 500}",5063,1461240822,0.7388675999827683
switzerland,hungary,random_forest_natural,0,"{""max_features"": ""sqrt"", ""min_samples_leaf"": 5, ""n_estimators"": 500}",5064,2387214560,0.6743070000084117
switzerland,hungary,random_forest_natural,0,"{""max_features"": ""sqrt"", ""min_samples_leaf"": 5, ""n_estimators"": 500}",5065,87756298,0.6264666999923065
switzerland,hungary,random_forest_natural,0,"{""max_features"": ""sqrt"", ""min_samples_leaf"": 5, ""n_estimators"": 500}",5066,720539493,0.5888503000023775
switzerland,hungary,random_forest_natural,0,"{""max_features"": ""sqrt"", ""min_samples_leaf"": 5, ""n_estimators"": 500}",5067,2829668737,0.759729299985338
switzerland,hungary,random_forest_natural,0,"{""max_features"": ""sqrt"", ""min_samples_leaf"": 5, ""n_estimators"": 500}",5068,1218837683,0.8551580000203103
switzerland,hungary,random_forest_natural,0,"{""max_features"": ""sqrt"", ""min_samples_leaf"": 5, ""n_estimators"": 500}",5069,3516900789,0.589253500016639
switzerland,hungary,random_forest_natural,0,"{""max_features"": ""sqrt"", ""min_samples_leaf"": 5, ""n_estimators"": 500}",5070,1634864210,0.6389995999925304
switzerland,hungary,random_forest_natural,0,"{""max_features"": ""sqrt"", ""min_samples_leaf"": 5, ""n_estimators"": 500}",5071,3838911365,0.8101996000041254
switzerland,va_long_beach,random_forest_natural,0,"{""max_features"": ""sqrt"", ""min_samples_leaf"": 5, ""n_estimators"": 500}",5062,2554017313,0.6292256999877281
switzerland,va_long_beach,random_forest_natural,0,"{""max_features"": ""sqrt"", ""min_samples_leaf"": 5, ""n_estimators"": 500}",5063,3637853059,0.7736692999897059
switzerland,va_long_beach,random_forest_natural,0,"{""max_features"": ""sqrt"", ""min_samples_leaf"": 5, ""n_estimators"": 500}",5064,3377583420,0.7537068999954499
switzerland,va_long_beach,random_forest_natural,0,"{""max_features"": ""sqrt"", ""min_samples_leaf"": 5, ""n_estimators"": 500}",5065,4280008945,0.7077443999878597
switzerland,va_long_beach,random_forest_natural,0,"{""max_features"": ""sqrt"", ""min_samples_leaf"": 5, ""n_estimators"": 500}",5066,1636896859,0.6979529999953229
switzerland,va_long_beach,random_forest_natural,0,"{""max_features"": ""sqrt"", ""min_samples_leaf"": 5, ""n_estimators"": 500}",5067,2160031155,0.682396099990001
switzerland,va_long_beach,random_forest_natural,0,"{""max_features"": ""sqrt"", ""min_samples_leaf"": 5, ""n_estimators"": 500}",5068,3058821667,0.7286535000021104
switzerland,va_long_beach,random_forest_natural,0,"{""max_features"": ""sqrt"", ""min_samples_leaf"": 5, ""n_estimators"": 500}",5069,2301849407,0.7708679999923334
switzerland,va_long_beach,random_forest_natural,0,"{""max_features"": ""sqrt"", ""min_samples_leaf"": 5, ""n_estimators"": 500}",5070,3789527179,0.9564053000067361
switzerland,va_long_beach,random_forest_natural,0,"{""max_features"": ""sqrt"", ""min_samples_leaf"": 5, ""n_estimators"": 500}",5071,1413335073,0.7542392000032123
switzerland,cleveland,random_forest_natural,1,"{""max_features"": ""sqrt"", ""min_samples_leaf"": 15, ""n_estimators"": 500}",5062,2723512997,0.9058722000045236
switzerland,cleveland,random_forest_natural,1,"{""max_features"": ""sqrt"", ""min_samples_leaf"": 15, ""n_estimators"": 500}",5063,511889619,0.8024964999931399
switzerland,cleveland,random_forest_natural,1,"{""max_features"": ""sqrt"", ""min_samples_leaf"": 15, ""n_estimators"": 500}",5064,1478485730,0.528258399979677
switzerland,cleveland,random_forest_natural,1,"{""max_features"": ""sqrt"", ""min_samples_leaf"": 15, ""n_estimators"": 500}",5065,563967271,0.747697499988135
switzerland,cleveland,random_forest_natural,1,"{""max_features"": ""sqrt"", ""min_samples_leaf"": 15, ""n_estimators"": 500}",5066,1100344525,0.6602052999951411
switzerland,cleveland,random_forest_natural,1,"{""max_features"": ""sqrt"", ""min_samples_leaf"": 15, ""n_estimators"": 500}",5067,3160107521,0.803561400010949
switzerland,cleveland,random_forest_natural,1,"{""max_features"": ""sqrt"", ""min_samples_leaf"": 15, ""n_estimators"": 500}",5068,3465120791,0.5649256000178866
switzerland,cleveland,random_forest_natural,1,"{""max_features"": ""sqrt"", ""min_samples_leaf"": 15, ""n_estimators"": 500}",5069,2623387464,0.9894446000107564
switzerland,cleveland,random_forest_natural,1,"{""max_features"": ""sqrt"", ""min_samples_leaf"": 15, ""n_estimators"": 500}",5070,2250401484,0.6536492000159342
switzerland,cleveland,random_forest_natural,1,"{""max_features"": ""sqrt"", ""min_samples_leaf"": 15, ""n_estimators"": 500}",5071,3062139292,0.7235366999811959
switzerland,hungary,random_forest_natural,1,"{""max_features"": ""sqrt"", ""min_samples_leaf"": 15, ""n_estimators"": 500}",5062,1054417878,0.6578543000214268
switzerland,hungary,random_forest_natural,1,"{""max_features"": ""sqrt"", ""min_samples_leaf"": 15, ""n_estimators"": 500}",5063,1989296011,0.9061295999854337
switzerland,hungary,random_forest_natural,1,"{""max_features"": ""sqrt"", ""min_samples_leaf"": 15, ""n_estimators"": 500}",5064,4170423544,0.8369035999930929
switzerland,hungary,random_forest_natural,1,"{""max_features"": ""sqrt"", ""min_samples_leaf"": 15, ""n_estimators"": 500}",5065,2980907383,0.8068922999955248
switzerland,hungary,random_forest_natural,1,"{""max_features"": ""sqrt"", ""min_samples_leaf"": 15, ""n_estimators"": 500}",5066,3449400898,0.708516899991082
switzerland,hungary,random_forest_natural,1,"{""max_features"": ""sqrt"", ""min_samples_leaf"": 15, ""n_estimators"": 500}",5067,368711805,0.7836653999984264
switzerland,hungary,random_forest_natural,1,"{""max_features"": ""sqrt"", ""min_samples_leaf"": 15, ""n_estimators"": 500}",5068,2957026660,0.9767172999854665
switzerland,hungary,random_forest_natural,1,"{""max_features"": ""sqrt"", ""min_samples_leaf"": 15, ""n_estimators"": 500}",5069,783529792,0.5689889000204857
switzerland,hungary,random_forest_natural,1,"{""max_features"": ""sqrt"", ""min_samples_leaf"": 15, ""n_estimators"": 500}",5070,970237221,0.8983868999930564
switzerland,hungary,random_forest_natural,1,"{""max_features"": ""sqrt"", ""min_samples_leaf"": 15, ""n_estimators"": 500}",5071,755728649,0.7377339999948163
switzerland,va_long_beach,random_forest_natural,1,"{""max_features"": ""sqrt"", ""min_samples_leaf"": 15, ""n_estimators"": 500}",5062,2051520112,0.7521171999978833
switzerland,va_long_beach,random_forest_natural,1,"{""max_features"": ""sqrt"", ""min_samples_leaf"": 15, ""n_estimators"": 500}",5063,3696106501,0.7671962000022177
switzerland,va_long_beach,random_forest_natural,1,"{""max_features"": ""sqrt"", ""min_samples_leaf"": 15, ""n_estimators"": 500}",5064,25504462,0.7050136000034399
switzerland,va_long_beach,random_forest_natural,1,"{""max_features"": ""sqrt"", ""min_samples_leaf"": 15, ""n_estimators"": 500}",5065,1451908090,1.0731196000124328
switzerland,va_long_beach,random_forest_natural,1,"{""max_features"": ""sqrt"", ""min_samples_leaf"": 15, ""n_estimators"": 500}",5066,4021698840,1.0671814999950584
switzerland,va_long_beach,random_forest_natural,1,"{""max_features"": ""sqrt"", ""min_samples_leaf"": 15, ""n_estimators"": 500}",5067,3661114505,1.3225831000017934
switzerland,va_long_beach,random_forest_natural,1,"{""max_features"": ""sqrt"", ""min_samples_leaf"": 15, ""n_estimators"": 500}",5068,2893213099,0.7160654000181239
switzerland,va_long_beach,random_forest_natural,1,"{""max_features"": ""sqrt"", ""min_samples_leaf"": 15, ""n_estimators"": 500}",5069,252253165,0.6452558000164572
switzerland,va_long_beach,random_forest_natural,1,"{""max_features"": ""sqrt"", ""min_samples_leaf"": 15, ""n_estimators"": 500}",5070,690702032,1.1196485999971628
switzerland,va_long_beach,random_forest_natural,1,"{""max_features"": ""sqrt"", ""min_samples_leaf"": 15, ""n_estimators"": 500}",5071,4071571511,0.5246899000194389
switzerland,cleveland,random_forest_structured,0,"{""max_features"": ""sqrt"", ""min_samples_leaf"": 5, ""n_estimators"": 500}",5062,851260342,1.3220801000134088
switzerland,cleveland,random_forest_structured,0,"{""max_features"": ""sqrt"", ""min_samples_leaf"": 5, ""n_estimators"": 500}",5063,3031182987,1.1769344999920577
switzerland,cleveland,random_forest_structured,0,"{""max_features"": ""sqrt"", ""min_samples_leaf"": 5, ""n_estimators"": 500}",5064,3448497407,1.5899921000236645
switzerland,cleveland,random_forest_structured,0,"{""max_features"": ""sqrt"", ""min_samples_leaf"": 5, ""n_estimators"": 500}",5065,2774919360,1.098307600012049
switzerland,cleveland,random_forest_structured,0,"{""max_features"": ""sqrt"", ""min_samples_leaf"": 5, ""n_estimators"": 500}",5066,226708095,0.957861300004879
switzerland,cleveland,random_forest_structured,0,"{""max_features"": ""sqrt"", ""min_samples_leaf"": 5, ""n_estimators"": 500}",5067,1549990159,1.1129580999840982
switzerland,cleveland,random_forest_structured,0,"{""max_features"": ""sqrt"", ""min_samples_leaf"": 5, ""n_estimators"": 500}",5068,4188793245,1.3010840000060853
switzerland,cleveland,random_forest_structured,0,"{""max_features"": ""sqrt"", ""min_samples_leaf"": 5, ""n_estimators"": 500}",5069,450997942,1.434598299994832
switzerland,cleveland,random_forest_structured,0,"{""max_features"": ""sqrt"", ""min_samples_leaf"": 5, ""n_estimators"": 500}",5070,3063891515,1.4609194999793544
switzerland,cleveland,random_forest_structured,0,"{""max_features"": ""sqrt"", ""min_samples_leaf"": 5, ""n_estimators"": 500}",5071,2765313763,1.344553500006441
switzerland,hungary,random_forest_structured,0,"{""max_features"": ""sqrt"", ""min_samples_leaf"": 5, ""n_estimators"": 500}",5062,310841638,2.0634259000071324
switzerland,hungary,random_forest_structured,0,"{""max_features"": ""sqrt"", ""min_samples_leaf"": 5, ""n_estimators"": 500}",5063,2509029336,1.5868463999941014
switzerland,hungary,random_forest_structured,0,"{""max_features"": ""sqrt"", ""min_samples_leaf"": 5, ""n_estimators"": 500}",5064,3795439110,1.3053981000266504
switzerland,hungary,random_forest_structured,0,"{""max_features"": ""sqrt"", ""min_samples_leaf"": 5, ""n_estimators"": 500}",5065,3574939464,1.5224978999758605
switzerland,hungary,random_forest_structured,0,"{""max_features"": ""sqrt"", ""min_samples_leaf"": 5, ""n_estimators"": 500}",5066,1829558569,1.031264999997802
switzerland,hungary,random_forest_structured,0,"{""max_features"": ""sqrt"", ""min_samples_leaf"": 5, ""n_estimators"": 500}",5067,4282494870,1.427697100007208
switzerland,hungary,random_forest_structured,0,"{""max_features"": ""sqrt"", ""min_samples_leaf"": 5, ""n_estimators"": 500}",5068,3896222793,0.9688282999850344
switzerland,hungary,random_forest_structured,0,"{""max_features"": ""sqrt"", ""min_samples_leaf"": 5, ""n_estimators"": 500}",5069,3000612682,1.1770141000160947
switzerland,hungary,random_forest_structured,0,"{""max_features"": ""sqrt"", ""min_samples_leaf"": 5, ""n_estimators"": 500}",5070,3042511944,0.9751825999992434
switzerland,hungary,random_forest_structured,0,"{""max_features"": ""sqrt"", ""min_samples_leaf"": 5, ""n_estimators"": 500}",5071,340046566,1.1252622000174597
switzerland,va_long_beach,random_forest_structured,0,"{""max_features"": ""sqrt"", ""min_samples_leaf"": 5, ""n_estimators"": 500}",5062,1835880129,0.9529280999850016
switzerland,va_long_beach,random_forest_structured,0,"{""max_features"": ""sqrt"", ""min_samples_leaf"": 5, ""n_estimators"": 500}",5063,109289908,1.1900368999922648
switzerland,va_long_beach,random_forest_structured,0,"{""max_features"": ""sqrt"", ""min_samples_leaf"": 5, ""n_estimators"": 500}",5064,4130641303,1.0896208999911323
switzerland,va_long_beach,random_forest_structured,0,"{""max_features"": ""sqrt"", ""min_samples_leaf"": 5, ""n_estimators"": 500}",5065,1043562295,0.8934331999917049
switzerland,va_long_beach,random_forest_structured,0,"{""max_features"": ""sqrt"", ""min_samples_leaf"": 5, ""n_estimators"": 500}",5066,3122980040,1.0128189999959432
switzerland,va_long_beach,random_forest_structured,0,"{""max_features"": ""sqrt"", ""min_samples_leaf"": 5, ""n_estimators"": 500}",5067,2335039445,1.0459874999942258
switzerland,va_long_beach,random_forest_structured,0,"{""max_features"": ""sqrt"", ""min_samples_leaf"": 5, ""n_estimators"": 500}",5068,1028574660,0.988467799994396
switzerland,va_long_beach,random_forest_structured,0,"{""max_features"": ""sqrt"", ""min_samples_leaf"": 5, ""n_estimators"": 500}",5069,3469679235,1.0144429000210948
switzerland,va_long_beach,random_forest_structured,0,"{""max_features"": ""sqrt"", ""min_samples_leaf"": 5, ""n_estimators"": 500}",5070,603520151,0.9581098000053316
switzerland,va_long_beach,random_forest_structured,0,"{""max_features"": ""sqrt"", ""min_samples_leaf"": 5, ""n_estimators"": 500}",5071,2510280144,1.0209515999886207
switzerland,cleveland,random_forest_structured,1,"{""max_features"": ""sqrt"", ""min_samples_leaf"": 15, ""n_estimators"": 500}",5062,3484440734,0.8222023999842349
switzerland,cleveland,random_forest_structured,1,"{""max_features"": ""sqrt"", ""min_samples_leaf"": 15, ""n_estimators"": 500}",5063,674559750,0.8081834000186063
switzerland,cleveland,random_forest_structured,1,"{""max_features"": ""sqrt"", ""min_samples_leaf"": 15, ""n_estimators"": 500}",5064,1882448915,0.7972044000052847
switzerland,cleveland,random_forest_structured,1,"{""max_features"": ""sqrt"", ""min_samples_leaf"": 15, ""n_estimators"": 500}",5065,1246596297,0.8317307999823242
switzerland,cleveland,random_forest_structured,1,"{""max_features"": ""sqrt"", ""min_samples_leaf"": 15, ""n_estimators"": 500}",5066,1363858589,0.8143380999972578
switzerland,cleveland,random_forest_structured,1,"{""max_features"": ""sqrt"", ""min_samples_leaf"": 15, ""n_estimators"": 500}",5067,2281567466,1.2822240999958012
switzerland,cleveland,random_forest_structured,1,"{""max_features"": ""sqrt"", ""min_samples_leaf"": 15, ""n_estimators"": 500}",5068,1349647247,1.2800022000155877
switzerland,cleveland,random_forest_structured,1,"{""max_features"": ""sqrt"", ""min_samples_leaf"": 15, ""n_estimators"": 500}",5069,3362747404,1.0303258000058122
switzerland,cleveland,random_forest_structured,1,"{""max_features"": ""sqrt"", ""min_samples_leaf"": 15, ""n_estimators"": 500}",5070,3075535956,1.2621005999972112
switzerland,cleveland,random_forest_structured,1,"{""max_features"": ""sqrt"", ""min_samples_leaf"": 15, ""n_estimators"": 500}",5071,2474863864,0.7781179000157863
switzerland,hungary,random_forest_structured,1,"{""max_features"": ""sqrt"", ""min_samples_leaf"": 15, ""n_estimators"": 500}",5062,1825530436,0.8664076999993995
switzerland,hungary,random_forest_structured,1,"{""max_features"": ""sqrt"", ""min_samples_leaf"": 15, ""n_estimators"": 500}",5063,2256080952,0.9075268000015058
switzerland,hungary,random_forest_structured,1,"{""max_features"": ""sqrt"", ""min_samples_leaf"": 15, ""n_estimators"": 500}",5064,161197365,0.9367626000021119
switzerland,hungary,random_forest_structured,1,"{""max_features"": ""sqrt"", ""min_samples_leaf"": 15, ""n_estimators"": 500}",5065,1656199885,0.8863192000135314
switzerland,hungary,random_forest_structured,1,"{""max_features"": ""sqrt"", ""min_samples_leaf"": 15, ""n_estimators"": 500}",5066,388086225,0.9196144000161439
switzerland,hungary,random_forest_structured,1,"{""max_features"": ""sqrt"", ""min_samples_leaf"": 15, ""n_estimators"": 500}",5067,2502088874,0.8901378999871667
switzerland,hungary,random_forest_structured,1,"{""max_features"": ""sqrt"", ""min_samples_leaf"": 15, ""n_estimators"": 500}",5068,632721652,0.9131430000124965
switzerland,hungary,random_forest_structured,1,"{""max_features"": ""sqrt"", ""min_samples_leaf"": 15, ""n_estimators"": 500}",5069,1196895158,0.9188188000116497
switzerland,hungary,random_forest_structured,1,"{""max_features"": ""sqrt"", ""min_samples_leaf"": 15, ""n_estimators"": 500}",5070,3337529428,0.8752528000040911
switzerland,hungary,random_forest_structured,1,"{""max_features"": ""sqrt"", ""min_samples_leaf"": 15, ""n_estimators"": 500}",5071,611756532,0.9273211999970954
switzerland,va_long_beach,random_forest_structured,1,"{""max_features"": ""sqrt"", ""min_samples_leaf"": 15, ""n_estimators"": 500}",5062,3342100827,0.950922799995169
switzerland,va_long_beach,random_forest_structured,1,"{""max_features"": ""sqrt"", ""min_samples_leaf"": 15, ""n_estimators"": 500}",5063,2449348059,0.9267965999897569
switzerland,va_long_beach,random_forest_structured,1,"{""max_features"": ""sqrt"", ""min_samples_leaf"": 15, ""n_estimators"": 500}",5064,669693954,1.0129971000133082
switzerland,va_long_beach,random_forest_structured,1,"{""max_features"": ""sqrt"", ""min_samples_leaf"": 15, ""n_estimators"": 500}",5065,459611127,0.9268558000039775
switzerland,va_long_beach,random_forest_structured,1,"{""max_features"": ""sqrt"", ""min_samples_leaf"": 15, ""n_estimators"": 500}",5066,1449078281,0.8969155999948271
switzerland,va_long_beach,random_forest_structured,1,"{""max_features"": ""sqrt"", ""min_samples_leaf"": 15, ""n_estimators"": 500}",5067,1833987479,0.941852399992058
switzerland,va_long_beach,random_forest_structured,1,"{""max_features"": ""sqrt"", ""min_samples_leaf"": 15, ""n_estimators"": 500}",5068,1505981431,0.9369749999896158
switzerland,va_long_beach,random_forest_structured,1,"{""max_features"": ""sqrt"", ""min_samples_leaf"": 15, ""n_estimators"": 500}",5069,1341752429,0.9173518000170588
switzerland,va_long_beach,random_forest_structured,1,"{""max_features"": ""sqrt"", ""min_samples_leaf"": 15, ""n_estimators"": 500}",5070,4002044407,0.9195442000054754
switzerland,va_long_beach,random_forest_structured,1,"{""max_features"": ""sqrt"", ""min_samples_leaf"": 15, ""n_estimators"": 500}",5071,539923357,0.928454699984286
switzerland,cleveland,histgb_natural,0,"{""l2_regularization"": 1.0, ""learning_rate"": 0.03, ""max_iter"": 300, ""max_leaf_nodes"": 7, ""min_samples_leaf"": 10}",5062,4091587450,0.42573720001382753
switzerland,cleveland,histgb_natural,0,"{""l2_regularization"": 1.0, ""learning_rate"": 0.03, ""max_iter"": 300, ""max_leaf_nodes"": 7, ""min_samples_leaf"": 10}",5063,3566684747,0.6034221000154503
switzerland,cleveland,histgb_natural,0,"{""l2_regularization"": 1.0, ""learning_rate"": 0.03, ""max_iter"": 300, ""max_leaf_nodes"": 7, ""min_samples_leaf"": 10}",5064,2015533201,0.6648213999869768
switzerland,cleveland,histgb_natural,0,"{""l2_regularization"": 1.0, ""learning_rate"": 0.03, ""max_iter"": 300, ""max_leaf_nodes"": 7, ""min_samples_leaf"": 10}",5065,811655212,0.5315332000027411
switzerland,cleveland,histgb_natural,0,"{""l2_regularization"": 1.0, ""learning_rate"": 0.03, ""max_iter"": 300, ""max_leaf_nodes"": 7, ""min_samples_leaf"": 10}",5066,999937321,0.5615983000025153
switzerland,cleveland,histgb_natural,0,"{""l2_regularization"": 1.0, ""learning_rate"": 0.03, ""max_iter"": 300, ""max_leaf_nodes"": 7, ""min_samples_leaf"": 10}",5067,175014113,0.5257668999838643
switzerland,cleveland,histgb_natural,0,"{""l2_regularization"": 1.0, ""learning_rate"": 0.03, ""max_iter"": 300, ""max_leaf_nodes"": 7, ""min_samples_leaf"": 10}",5068,3538122009,0.5186509999912232
switzerland,cleveland,histgb_natural,0,"{""l2_regularization"": 1.0, ""learning_rate"": 0.03, ""max_iter"": 300, ""max_leaf_nodes"": 7, ""min_samples_leaf"": 10}",5069,1723289236,0.5920258000260219
switzerland,cleveland,histgb_natural,0,"{""l2_regularization"": 1.0, ""learning_rate"": 0.03, ""max_iter"": 300, ""max_leaf_nodes"": 7, ""min_samples_leaf"": 10}",5070,3966569659,0.49473989999387413
switzerland,cleveland,histgb_natural,0,"{""l2_regularization"": 1.0, ""learning_rate"": 0.03, ""max_iter"": 300, ""max_leaf_nodes"": 7, ""min_samples_leaf"": 10}",5071,1764169831,0.5884051999892108
switzerland,hungary,histgb_natural,0,"{""l2_regularization"": 1.0, ""learning_rate"": 0.03, ""max_iter"": 300, ""max_leaf_nodes"": 7, ""min_samples_leaf"": 10}",5062,3069811414,0.5997471000009682
switzerland,hungary,histgb_natural,0,"{""l2_regularization"": 1.0, ""learning_rate"": 0.03, ""max_iter"": 300, ""max_leaf_nodes"": 7, ""min_samples_leaf"": 10}",5063,4014792755,0.5831506999966223
switzerland,hungary,histgb_natural,0,"{""l2_regularization"": 1.0, ""learning_rate"": 0.03, ""max_iter"": 300, ""max_leaf_nodes"": 7, ""min_samples_leaf"": 10}",5064,1247223400,0.9016405000002123
switzerland,hungary,histgb_natural,0,"{""l2_regularization"": 1.0, ""learning_rate"": 0.03, ""max_iter"": 300, ""max_leaf_nodes"": 7, ""min_samples_leaf"": 10}",5065,4080619550,1.2984719999949448
switzerland,hungary,histgb_natural,0,"{""l2_regularization"": 1.0, ""learning_rate"": 0.03, ""max_iter"": 300, ""max_leaf_nodes"": 7, ""min_samples_leaf"": 10}",5066,2829173123,1.2243972000142094
switzerland,hungary,histgb_natural,0,"{""l2_regularization"": 1.0, ""learning_rate"": 0.03, ""max_iter"": 300, ""max_leaf_nodes"": 7, ""min_samples_leaf"": 10}",5067,869529998,1.1174716000095941
switzerland,hungary,histgb_natural,0,"{""l2_regularization"": 1.0, ""learning_rate"": 0.03, ""max_iter"": 300, ""max_leaf_nodes"": 7, ""min_samples_leaf"": 10}",5068,2902117023,1.1746458999987226
switzerland,hungary,histgb_natural,0,"{""l2_regularization"": 1.0, ""learning_rate"": 0.03, ""max_iter"": 300, ""max_leaf_nodes"": 7, ""min_samples_leaf"": 10}",5069,1215757837,1.4466586999769788
switzerland,hungary,histgb_natural,0,"{""l2_regularization"": 1.0, ""learning_rate"": 0.03, ""max_iter"": 300, ""max_leaf_nodes"": 7, ""min_samples_leaf"": 10}",5070,1000013416,0.7517737000016496
switzerland,hungary,histgb_natural,0,"{""l2_regularization"": 1.0, ""learning_rate"": 0.03, ""max_iter"": 300, ""max_leaf_nodes"": 7, ""min_samples_leaf"": 10}",5071,2189486078,0.965914900007192
switzerland,va_long_beach,histgb_natural,0,"{""l2_regularization"": 1.0, ""learning_rate"": 0.03, ""max_iter"": 300, ""max_leaf_nodes"": 7, ""min_samples_leaf"": 10}",5062,3025681056,0.5495432000025176
switzerland,va_long_beach,histgb_natural,0,"{""l2_regularization"": 1.0, ""learning_rate"": 0.03, ""max_iter"": 300, ""max_leaf_nodes"": 7, ""min_samples_leaf"": 10}",5063,2686276707,0.5501234999974258
switzerland,va_long_beach,histgb_natural,0,"{""l2_regularization"": 1.0, ""learning_rate"": 0.03, ""max_iter"": 300, ""max_leaf_nodes"": 7, ""min_samples_leaf"": 10}",5064,1521342965,0.887661599990679
switzerland,va_long_beach,histgb_natural,0,"{""l2_regularization"": 1.0, ""learning_rate"": 0.03, ""max_iter"": 300, ""max_leaf_nodes"": 7, ""min_samples_leaf"": 10}",5065,3772934202,0.933676699991338
switzerland,va_long_beach,histgb_natural,0,"{""l2_regularization"": 1.0, ""learning_rate"": 0.03, ""max_iter"": 300, ""max_leaf_nodes"": 7, ""min_samples_leaf"": 10}",5066,2001114816,0.6947491000173613
switzerland,va_long_beach,histgb_natural,0,"{""l2_regularization"": 1.0, ""learning_rate"": 0.03, ""max_iter"": 300, ""max_leaf_nodes"": 7, ""min_samples_leaf"": 10}",5067,4106107853,0.820149399980437
switzerland,va_long_beach,histgb_natural,0,"{""l2_regularization"": 1.0, ""learning_rate"": 0.03, ""max_iter"": 300, ""max_leaf_nodes"": 7, ""min_samples_leaf"": 10}",5068,609654311,1.0002192999818362
switzerland,va_long_beach,histgb_natural,0,"{""l2_regularization"": 1.0, ""learning_rate"": 0.03, ""max_iter"": 300, ""max_leaf_nodes"": 7, ""min_samples_leaf"": 10}",5069,1248553534,1.191832800017437
switzerland,va_long_beach,histgb_natural,0,"{""l2_regularization"": 1.0, ""learning_rate"": 0.03, ""max_iter"": 300, ""max_leaf_nodes"": 7, ""min_samples_leaf"": 10}",5070,1201729803,0.7464682999998331
switzerland,va_long_beach,histgb_natural,0,"{""l2_regularization"": 1.0, ""learning_rate"": 0.03, ""max_iter"": 300, ""max_leaf_nodes"": 7, ""min_samples_leaf"": 10}",5071,3814148659,1.0725839999795426
switzerland,cleveland,histgb_natural,1,"{""l2_regularization"": 1.0, ""learning_rate"": 0.03, ""max_iter"": 300, ""max_leaf_nodes"": 15, ""min_samples_leaf"": 10}",5062,2159374585,1.612281699985033
switzerland,cleveland,histgb_natural,1,"{""l2_regularization"": 1.0, ""learning_rate"": 0.03, ""max_iter"": 300, ""max_leaf_nodes"": 15, ""min_samples_leaf"": 10}",5063,505454786,1.370417300000554
switzerland,cleveland,histgb_natural,1,"{""l2_regularization"": 1.0, ""learning_rate"": 0.03, ""max_iter"": 300, ""max_leaf_nodes"": 15, ""min_samples_leaf"": 10}",5064,3082074544,1.4400691999762785
switzerland,cleveland,histgb_natural,1,"{""l2_regularization"": 1.0, ""learning_rate"": 0.03, ""max_iter"": 300, ""max_leaf_nodes"": 15, ""min_samples_leaf"": 10}",5065,2899856550,1.2801161999814212
switzerland,cleveland,histgb_natural,1,"{""l2_regularization"": 1.0, ""learning_rate"": 0.03, ""max_iter"": 300, ""max_leaf_nodes"": 15, ""min_samples_leaf"": 10}",5066,1642708056,1.500700999982655
switzerland,cleveland,histgb_natural,1,"{""l2_regularization"": 1.0, ""learning_rate"": 0.03, ""max_iter"": 300, ""max_leaf_nodes"": 15, ""min_samples_leaf"": 10}",5067,4060677712,1.6110260999994352
switzerland,cleveland,histgb_natural,1,"{""l2_regularization"": 1.0, ""learning_rate"": 0.03, ""max_iter"": 300, ""max_leaf_nodes"": 15, ""min_samples_leaf"": 10}",5068,2210752991,1.6547852999938186
switzerland,cleveland,histgb_natural,1,"{""l2_regularization"": 1.0, ""learning_rate"": 0.03, ""max_iter"": 300, ""max_leaf_nodes"": 15, ""min_samples_leaf"": 10}",5069,29061483,1.7376215000113007
switzerland,cleveland,histgb_natural,1,"{""l2_regularization"": 1.0, ""learning_rate"": 0.03, ""max_iter"": 300, ""max_leaf_nodes"": 15, ""min_samples_leaf"": 10}",5070,1973990396,1.3595676999830175
switzerland,cleveland,histgb_natural,1,"{""l2_regularization"": 1.0, ""learning_rate"": 0.03, ""max_iter"": 300, ""max_leaf_nodes"": 15, ""min_samples_leaf"": 10}",5071,3026629785,1.3058620999800041
switzerland,hungary,histgb_natural,1,"{""l2_regularization"": 1.0, ""learning_rate"": 0.03, ""max_iter"": 300, ""max_leaf_nodes"": 15, ""min_samples_leaf"": 10}",5062,4065035383,1.4649480000080075
switzerland,hungary,histgb_natural,1,"{""l2_regularization"": 1.0, ""learning_rate"": 0.03, ""max_iter"": 300, ""max_leaf_nodes"": 15, ""min_samples_leaf"": 10}",5063,4156180321,1.7680836000072304
switzerland,hungary,histgb_natural,1,"{""l2_regularization"": 1.0, ""learning_rate"": 0.03, ""max_iter"": 300, ""max_leaf_nodes"": 15, ""min_samples_leaf"": 10}",5064,1184055172,1.718221999995876
switzerland,hungary,histgb_natural,1,"{""l2_regularization"": 1.0, ""learning_rate"": 0.03, ""max_iter"": 300, ""max_leaf_nodes"": 15, ""min_samples_leaf"": 10}",5065,3025058343,1.7403595999930985
switzerland,hungary,histgb_natural,1,"{""l2_regularization"": 1.0, ""learning_rate"": 0.03, ""max_iter"": 300, ""max_leaf_nodes"": 15, ""min_samples_leaf"": 10}",5066,2206545538,3.4595047000038903
switzerland,hungary,histgb_natural,1,"{""l2_regularization"": 1.0, ""learning_rate"": 0.03, ""max_iter"": 300, ""max_leaf_nodes"": 15, ""min_samples_leaf"": 10}",5067,456420881,2.8934454999980517
switzerland,hungary,histgb_natural,1,"{""l2_regularization"": 1.0, ""learning_rate"": 0.03, ""max_iter"": 300, ""max_leaf_nodes"": 15, ""min_samples_leaf"": 10}",5068,1528640362,1.7018105999741238
switzerland,hungary,histgb_natural,1,"{""l2_regularization"": 1.0, ""learning_rate"": 0.03, ""max_iter"": 300, ""max_leaf_nodes"": 15, ""min_samples_leaf"": 10}",5069,1450853239,1.7349509999912698
switzerland,hungary,histgb_natural,1,"{""l2_regularization"": 1.0, ""learning_rate"": 0.03, ""max_iter"": 300, ""max_leaf_nodes"": 15, ""min_samples_leaf"": 10}",5070,676973817,3.4973744000017177
switzerland,hungary,histgb_natural,1,"{""l2_regularization"": 1.0, ""learning_rate"": 0.03, ""max_iter"": 300, ""max_leaf_nodes"": 15, ""min_samples_leaf"": 10}",5071,2517952575,3.0196049000078347
switzerland,va_long_beach,histgb_natural,1,"{""l2_regularization"": 1.0, ""learning_rate"": 0.03, ""max_iter"": 300, ""max_leaf_nodes"": 15, ""min_samples_leaf"": 10}",5062,1949114706,1.4682904999936
switzerland,va_long_beach,histgb_natural,1,"{""l2_regularization"": 1.0, ""learning_rate"": 0.03, ""max_iter"": 300, ""max_leaf_nodes"": 15, ""min_samples_leaf"": 10}",5063,284950884,1.6574559999862686
switzerland,va_long_beach,histgb_natural,1,"{""l2_regularization"": 1.0, ""learning_rate"": 0.03, ""max_iter"": 300, ""max_leaf_nodes"": 15, ""min_samples_leaf"": 10}",5064,2017029586,2.7331113999825902
switzerland,va_long_beach,histgb_natural,1,"{""l2_regularization"": 1.0, ""learning_rate"": 0.03, ""max_iter"": 300, ""max_leaf_nodes"": 15, ""min_samples_leaf"": 10}",5065,15229968,0.8735285000002477
switzerland,va_long_beach,histgb_natural,1,"{""l2_regularization"": 1.0, ""learning_rate"": 0.03, ""max_iter"": 300, ""max_leaf_nodes"": 15, ""min_samples_leaf"": 10}",5066,2202595766,0.8227270999923348
switzerland,va_long_beach,histgb_natural,1,"{""l2_regularization"": 1.0, ""learning_rate"": 0.03, ""max_iter"": 300, ""max_leaf_nodes"": 15, ""min_samples_leaf"": 10}",5067,3656637294,0.7973580000107177
switzerland,va_long_beach,histgb_natural,1,"{""l2_regularization"": 1.0, ""learning_rate"": 0.03, ""max_iter"": 300, ""max_leaf_nodes"": 15, ""min_samples_leaf"": 10}",5068,2212294899,1.0438970999966841
switzerland,va_long_beach,histgb_natural,1,"{""l2_regularization"": 1.0, ""learning_rate"": 0.03, ""max_iter"": 300, ""max_leaf_nodes"": 15, ""min_samples_leaf"": 10}",5069,1958581612,0.857238700002199
switzerland,va_long_beach,histgb_natural,1,"{""l2_regularization"": 1.0, ""learning_rate"": 0.03, ""max_iter"": 300, ""max_leaf_nodes"": 15, ""min_samples_leaf"": 10}",5070,2765721673,1.3664906999911182
switzerland,va_long_beach,histgb_natural,1,"{""l2_regularization"": 1.0, ""learning_rate"": 0.03, ""max_iter"": 300, ""max_leaf_nodes"": 15, ""min_samples_leaf"": 10}",5071,3845011333,1.426545000023907
switzerland,cleveland,histgb_structured,0,"{""l2_regularization"": 1.0, ""learning_rate"": 0.03, ""max_iter"": 300, ""max_leaf_nodes"": 7, ""min_samples_leaf"": 10}",5062,982986678,1.0663243000162765
switzerland,cleveland,histgb_structured,0,"{""l2_regularization"": 1.0, ""learning_rate"": 0.03, ""max_iter"": 300, ""max_leaf_nodes"": 7, ""min_samples_leaf"": 10}",5063,4066360079,1.0457103999797255
switzerland,cleveland,histgb_structured,0,"{""l2_regularization"": 1.0, ""learning_rate"": 0.03, ""max_iter"": 300, ""max_leaf_nodes"": 7, ""min_samples_leaf"": 10}",5064,1133861154,1.4464347000175621
switzerland,cleveland,histgb_structured,0,"{""l2_regularization"": 1.0, ""learning_rate"": 0.03, ""max_iter"": 300, ""max_leaf_nodes"": 7, ""min_samples_leaf"": 10}",5065,4270395509,1.0273257000080775
switzerland,cleveland,histgb_structured,0,"{""l2_regularization"": 1.0, ""learning_rate"": 0.03, ""max_iter"": 300, ""max_leaf_nodes"": 7, ""min_samples_leaf"": 10}",5066,2627745883,0.9358191999781411
switzerland,cleveland,histgb_structured,0,"{""l2_regularization"": 1.0, ""learning_rate"": 0.03, ""max_iter"": 300, ""max_leaf_nodes"": 7, ""min_samples_leaf"": 10}",5067,101575879,1.0954420999914873
switzerland,cleveland,histgb_structured,0,"{""l2_regularization"": 1.0, ""learning_rate"": 0.03, ""max_iter"": 300, ""max_leaf_nodes"": 7, ""min_samples_leaf"": 10}",5068,2226752073,1.0027942000015173
switzerland,cleveland,histgb_structured,0,"{""l2_regularization"": 1.0, ""learning_rate"": 0.03, ""max_iter"": 300, ""max_leaf_nodes"": 7, ""min_samples_leaf"": 10}",5069,689326337,1.4406587999837939
switzerland,cleveland,histgb_structured,0,"{""l2_regularization"": 1.0, ""learning_rate"": 0.03, ""max_iter"": 300, ""max_leaf_nodes"": 7, ""min_samples_leaf"": 10}",5070,563951736,1.0818188000121154
switzerland,cleveland,histgb_structured,0,"{""l2_regularization"": 1.0, ""learning_rate"": 0.03, ""max_iter"": 300, ""max_leaf_nodes"": 7, ""min_samples_leaf"": 10}",5071,3033462360,1.0145619999966584
switzerland,hungary,histgb_structured,0,"{""l2_regularization"": 1.0, ""learning_rate"": 0.03, ""max_iter"": 300, ""max_leaf_nodes"": 7, ""min_samples_leaf"": 10}",5062,2751586472,1.1406325999996625
switzerland,hungary,histgb_structured,0,"{""l2_regularization"": 1.0, ""learning_rate"": 0.03, ""max_iter"": 300, ""max_leaf_nodes"": 7, ""min_samples_leaf"": 10}",5063,3573902820,1.5458198000269476
switzerland,hungary,histgb_structured,0,"{""l2_regularization"": 1.0, ""learning_rate"": 0.03, ""max_iter"": 300, ""max_leaf_nodes"": 7, ""min_samples_leaf"": 10}",5064,805844477,1.0513404000084847
switzerland,hungary,histgb_structured,0,"{""l2_regularization"": 1.0, ""learning_rate"": 0.03, ""max_iter"": 300, ""max_leaf_nodes"": 7, ""min_samples_leaf"": 10}",5065,1066293594,1.0712796000007074
switzerland,hungary,histgb_structured,0,"{""l2_regularization"": 1.0, ""learning_rate"": 0.03, ""max_iter"": 300, ""max_leaf_nodes"": 7, ""min_samples_leaf"": 10}",5066,1350222801,0.8406752999871969
switzerland,hungary,histgb_structured,0,"{""l2_regularization"": 1.0, ""learning_rate"": 0.03, ""max_iter"": 300, ""max_leaf_nodes"": 7, ""min_samples_leaf"": 10}",5067,1068392005,1.0819580999959726
switzerland,hungary,histgb_structured,0,"{""l2_regularization"": 1.0, ""learning_rate"": 0.03, ""max_iter"": 300, ""max_leaf_nodes"": 7, ""min_samples_leaf"": 10}",5068,1654239499,1.0786510999896564
switzerland,hungary,histgb_structured,0,"{""l2_regularization"": 1.0, ""learning_rate"": 0.03, ""max_iter"": 300, ""max_leaf_nodes"": 7, ""min_samples_leaf"": 10}",5069,1216475391,1.330535899993265
switzerland,hungary,histgb_structured,0,"{""l2_regularization"": 1.0, ""learning_rate"": 0.03, ""max_iter"": 300, ""max_leaf_nodes"": 7, ""min_samples_leaf"": 10}",5070,4268252869,0.9614550999831408
switzerland,hungary,histgb_structured,0,"{""l2_regularization"": 1.0, ""learning_rate"": 0.03, ""max_iter"": 300, ""max_leaf_nodes"": 7, ""min_samples_leaf"": 10}",5071,1030566644,1.258414999989327
switzerland,va_long_beach,histgb_structured,0,"{""l2_regularization"": 1.0, ""learning_rate"": 0.03, ""max_iter"": 300, ""max_leaf_nodes"": 7, ""min_samples_leaf"": 10}",5062,1712304217,1.1370269000180997
switzerland,va_long_beach,histgb_structured,0,"{""l2_regularization"": 1.0, ""learning_rate"": 0.03, ""max_iter"": 300, ""max_leaf_nodes"": 7, ""min_samples_leaf"": 10}",5063,1256806350,1.7329759999993257
switzerland,va_long_beach,histgb_structured,0,"{""l2_regularization"": 1.0, ""learning_rate"": 0.03, ""max_iter"": 300, ""max_leaf_nodes"": 7, ""min_samples_leaf"": 10}",5064,3543137356,1.129542600014247
switzerland,va_long_beach,histgb_structured,0,"{""l2_regularization"": 1.0, ""learning_rate"": 0.03, ""max_iter"": 300, ""max_leaf_nodes"": 7, ""min_samples_leaf"": 10}",5065,1839537952,1.1068856000201777
switzerland,va_long_beach,histgb_structured,0,"{""l2_regularization"": 1.0, ""learning_rate"": 0.03, ""max_iter"": 300, ""max_leaf_nodes"": 7, ""min_samples_leaf"": 10}",5066,3390521553,1.5935510999988765
switzerland,va_long_beach,histgb_structured,0,"{""l2_regularization"": 1.0, ""learning_rate"": 0.03, ""max_iter"": 300, ""max_leaf_nodes"": 7, ""min_samples_leaf"": 10}",5067,2941554665,1.2162217000150122
switzerland,va_long_beach,histgb_structured,0,"{""l2_regularization"": 1.0, ""learning_rate"": 0.03, ""max_iter"": 300, ""max_leaf_nodes"": 7, ""min_samples_leaf"": 10}",5068,2404655246,1.3304799000034109
switzerland,va_long_beach,histgb_structured,0,"{""l2_regularization"": 1.0, ""learning_rate"": 0.03, ""max_iter"": 300, ""max_leaf_nodes"": 7, ""min_samples_leaf"": 10}",5069,370515678,1.285628599987831
switzerland,va_long_beach,histgb_structured,0,"{""l2_regularization"": 1.0, ""learning_rate"": 0.03, ""max_iter"": 300, ""max_leaf_nodes"": 7, ""min_samples_leaf"": 10}",5070,716941028,1.2673087999864947
switzerland,va_long_beach,histgb_structured,0,"{""l2_regularization"": 1.0, ""learning_rate"": 0.03, ""max_iter"": 300, ""max_leaf_nodes"": 7, ""min_samples_leaf"": 10}",5071,3889706741,0.6477341999998316
switzerland,cleveland,histgb_structured,1,"{""l2_regularization"": 1.0, ""learning_rate"": 0.03, ""max_iter"": 300, ""max_leaf_nodes"": 15, ""min_samples_leaf"": 10}",5062,4090936623,1.1598834000178613
switzerland,cleveland,histgb_structured,1,"{""l2_regularization"": 1.0, ""learning_rate"": 0.03, ""max_iter"": 300, ""max_leaf_nodes"": 15, ""min_samples_leaf"": 10}",5063,109558273,1.143244999984745
switzerland,cleveland,histgb_structured,1,"{""l2_regularization"": 1.0, ""learning_rate"": 0.03, ""max_iter"": 300, ""max_leaf_nodes"": 15, ""min_samples_leaf"": 10}",5064,2049895474,1.3201210999977775
switzerland,cleveland,histgb_structured,1,"{""l2_regularization"": 1.0, ""learning_rate"": 0.03, ""max_iter"": 300, ""max_leaf_nodes"": 15, ""min_samples_leaf"": 10}",5065,3707305288,1.1636769000033382
switzerland,cleveland,histgb_structured,1,"{""l2_regularization"": 1.0, ""learning_rate"": 0.03, ""max_iter"": 300, ""max_leaf_nodes"": 15, ""min_samples_leaf"": 10}",5066,1480616885,1.1928536999912467
switzerland,cleveland,histgb_structured,1,"{""l2_regularization"": 1.0, ""learning_rate"": 0.03, ""max_iter"": 300, ""max_leaf_nodes"": 15, ""min_samples_leaf"": 10}",5067,2067843284,2.307487999991281
switzerland,cleveland,histgb_structured,1,"{""l2_regularization"": 1.0, ""learning_rate"": 0.03, ""max_iter"": 300, ""max_leaf_nodes"": 15, ""min_samples_leaf"": 10}",5068,1017841324,1.8546506999991834
switzerland,cleveland,histgb_structured,1,"{""l2_regularization"": 1.0, ""learning_rate"": 0.03, ""max_iter"": 300, ""max_leaf_nodes"": 15, ""min_samples_leaf"": 10}",5069,2139868421,1.6796209999884013
switzerland,cleveland,histgb_structured,1,"{""l2_regularization"": 1.0, ""learning_rate"": 0.03, ""max_iter"": 300, ""max_leaf_nodes"": 15, ""min_samples_leaf"": 10}",5070,2066553001,2.2470043000066653
switzerland,cleveland,histgb_structured,1,"{""l2_regularization"": 1.0, ""learning_rate"": 0.03, ""max_iter"": 300, ""max_leaf_nodes"": 15, ""min_samples_leaf"": 10}",5071,3361826426,2.2792555000050925
switzerland,hungary,histgb_structured,1,"{""l2_regularization"": 1.0, ""learning_rate"": 0.03, ""max_iter"": 300, ""max_leaf_nodes"": 15, ""min_samples_leaf"": 10}",5062,3084600993,2.795330199995078
switzerland,hungary,histgb_structured,1,"{""l2_regularization"": 1.0, ""learning_rate"": 0.03, ""max_iter"": 300, ""max_leaf_nodes"": 15, ""min_samples_leaf"": 10}",5063,912087879,1.636312499991618
switzerland,hungary,histgb_structured,1,"{""l2_regularization"": 1.0, ""learning_rate"": 0.03, ""max_iter"": 300, ""max_leaf_nodes"": 15, ""min_samples_leaf"": 10}",5064,1490179340,1.5643447999900673
switzerland,hungary,histgb_structured,1,"{""l2_regularization"": 1.0, ""learning_rate"": 0.03, ""max_iter"": 300, ""max_leaf_nodes"": 15, ""min_samples_leaf"": 10}",5065,3208455130,1.9032394000096247
switzerland,hungary,histgb_structured,1,"{""l2_regularization"": 1.0, ""learning_rate"": 0.03, ""max_iter"": 300, ""max_leaf_nodes"": 15, ""min_samples_leaf"": 10}",5066,3380204989,1.966606400004821
switzerland,hungary,histgb_structured,1,"{""l2_regularization"": 1.0, ""learning_rate"": 0.03, ""max_iter"": 300, ""max_leaf_nodes"": 15, ""min_samples_leaf"": 10}",5067,710782105,2.294617499981541
switzerland,hungary,histgb_structured,1,"{""l2_regularization"": 1.0, ""learning_rate"": 0.03, ""max_iter"": 300, ""max_leaf_nodes"": 15, ""min_samples_leaf"": 10}",5068,1496343220,1.9818936999945436
switzerland,hungary,histgb_structured,1,"{""l2_regularization"": 1.0, ""learning_rate"": 0.03, ""max_iter"": 300, ""max_leaf_nodes"": 15, ""min_samples_leaf"": 10}",5069,2922500890,2.174032500013709
switzerland,hungary,histgb_structured,1,"{""l2_regularization"": 1.0, ""learning_rate"": 0.03, ""max_iter"": 300, ""max_leaf_nodes"": 15, ""min_samples_leaf"": 10}",5070,140236833,2.4690325999981724
switzerland,hungary,histgb_structured,1,"{""l2_regularization"": 1.0, ""learning_rate"": 0.03, ""max_iter"": 300, ""max_leaf_nodes"": 15, ""min_samples_leaf"": 10}",5071,876591979,2.202804600005038
switzerland,va_long_beach,histgb_structured,1,"{""l2_regularization"": 1.0, ""learning_rate"": 0.03, ""max_iter"": 300, ""max_leaf_nodes"": 15, ""min_samples_leaf"": 10}",5062,3328917918,1.9782742999959737
switzerland,va_long_beach,histgb_structured,1,"{""l2_regularization"": 1.0, ""learning_rate"": 0.03, ""max_iter"": 300, ""max_leaf_nodes"": 15, ""min_samples_leaf"": 10}",5063,1124754230,2.284767000004649
switzerland,va_long_beach,histgb_structured,1,"{""l2_regularization"": 1.0, ""learning_rate"": 0.03, ""max_iter"": 300, ""max_leaf_nodes"": 15, ""min_samples_leaf"": 10}",5064,3279764596,2.25256670001545
switzerland,va_long_beach,histgb_structured,1,"{""l2_regularization"": 1.0, ""learning_rate"": 0.03, ""max_iter"": 300, ""max_leaf_nodes"": 15, ""min_samples_leaf"": 10}",5065,1958726400,2.5193273999902885
switzerland,va_long_beach,histgb_structured,1,"{""l2_regularization"": 1.0, ""learning_rate"": 0.03, ""max_iter"": 300, ""max_leaf_nodes"": 15, ""min_samples_leaf"": 10}",5066,3335630926,3.031203299993649
switzerland,va_long_beach,histgb_structured,1,"{""l2_regularization"": 1.0, ""learning_rate"": 0.03, ""max_iter"": 300, ""max_leaf_nodes"": 15, ""min_samples_leaf"": 10}",5067,1512819798,2.084533499990357
switzerland,va_long_beach,histgb_structured,1,"{""l2_regularization"": 1.0, ""learning_rate"": 0.03, ""max_iter"": 300, ""max_leaf_nodes"": 15, ""min_samples_leaf"": 10}",5068,3047601421,2.905162000010023
switzerland,va_long_beach,histgb_structured,1,"{""l2_regularization"": 1.0, ""learning_rate"": 0.03, ""max_iter"": 300, ""max_leaf_nodes"": 15, ""min_samples_leaf"": 10}",5069,2997667992,1.9881047999951988
switzerland,va_long_beach,histgb_structured,1,"{""l2_regularization"": 1.0, ""learning_rate"": 0.03, ""max_iter"": 300, ""max_leaf_nodes"": 15, ""min_samples_leaf"": 10}",5070,3466778485,2.6528509999916423
switzerland,va_long_beach,histgb_structured,1,"{""l2_regularization"": 1.0, ""learning_rate"": 0.03, ""max_iter"": 300, ""max_leaf_nodes"": 15, ""min_samples_leaf"": 10}",5071,3637384216,1.9984691000136081
va_long_beach,cleveland,logistic_natural,0,"{""C"": 0.1}",5062,2695834594,0.02517979999538511
va_long_beach,cleveland,logistic_natural,0,"{""C"": 0.1}",5063,851403805,0.03041000000666827
va_long_beach,cleveland,logistic_natural,0,"{""C"": 0.1}",5064,2417340022,0.04909000001498498
va_long_beach,cleveland,logistic_natural,0,"{""C"": 0.1}",5065,943105800,0.03280879999510944
va_long_beach,cleveland,logistic_natural,0,"{""C"": 0.1}",5066,3296658339,0.03763579999213107
va_long_beach,cleveland,logistic_natural,0,"{""C"": 0.1}",5067,2789276185,0.02142109998385422
va_long_beach,cleveland,logistic_natural,0,"{""C"": 0.1}",5068,4027288894,0.028796800004784018
va_long_beach,cleveland,logistic_natural,0,"{""C"": 0.1}",5069,899588462,0.038999400014290586
va_long_beach,cleveland,logistic_natural,0,"{""C"": 0.1}",5070,3456061006,0.03906719997758046
va_long_beach,cleveland,logistic_natural,0,"{""C"": 0.1}",5071,841815459,0.03397309998399578
va_long_beach,hungary,logistic_natural,0,"{""C"": 0.1}",5062,1542804197,0.029571399994893
va_long_beach,hungary,logistic_natural,0,"{""C"": 0.1}",5063,1603603587,0.02317539998330176
va_long_beach,hungary,logistic_natural,0,"{""C"": 0.1}",5064,2073254963,0.0315448000037577
va_long_beach,hungary,logistic_natural,0,"{""C"": 0.1}",5065,3147731013,0.026029799977550283
va_long_beach,hungary,logistic_natural,0,"{""C"": 0.1}",5066,3308908219,0.04138099998817779
va_long_beach,hungary,logistic_natural,0,"{""C"": 0.1}",5067,3715253446,0.02457560002221726
va_long_beach,hungary,logistic_natural,0,"{""C"": 0.1}",5068,1575895714,0.04659780001384206
va_long_beach,hungary,logistic_natural,0,"{""C"": 0.1}",5069,2297000721,0.026463699992746115
va_long_beach,hungary,logistic_natural,0,"{""C"": 0.1}",5070,479285717,0.02517840001382865
va_long_beach,hungary,logistic_natural,0,"{""C"": 0.1}",5071,3933039328,0.04608190001454204
va_long_beach,switzerland,logistic_natural,0,"{""C"": 0.1}",5062,2578830619,0.027626299997791648
va_long_beach,switzerland,logistic_natural,0,"{""C"": 0.1}",5063,4277084133,0.03103670000564307
va_long_beach,switzerland,logistic_natural,0,"{""C"": 0.1}",5064,3473821526,0.03261549997841939
va_long_beach,switzerland,logistic_natural,0,"{""C"": 0.1}",5065,2115804260,0.04615919999196194
va_long_beach,switzerland,logistic_natural,0,"{""C"": 0.1}",5066,1764525784,0.05096849999972619
va_long_beach,switzerland,logistic_natural,0,"{""C"": 0.1}",5067,2570659317,0.05135570000857115
va_long_beach,switzerland,logistic_natural,0,"{""C"": 0.1}",5068,429725121,0.03615669999271631
va_long_beach,switzerland,logistic_natural,0,"{""C"": 0.1}",5069,2189817366,0.023918499995488673
va_long_beach,switzerland,logistic_natural,0,"{""C"": 0.1}",5070,936529912,0.03443080000579357
va_long_beach,switzerland,logistic_natural,0,"{""C"": 0.1}",5071,2111622372,0.035328199999639764
va_long_beach,cleveland,logistic_natural,1,"{""C"": 1.0}",5062,2089277211,0.04769850001321174
va_long_beach,cleveland,logistic_natural,1,"{""C"": 1.0}",5063,1081017550,0.07711899999412708
va_long_beach,cleveland,logistic_natural,1,"{""C"": 1.0}",5064,2185576465,0.030442099989159033
va_long_beach,cleveland,logistic_natural,1,"{""C"": 1.0}",5065,3148123456,0.036387600004673004
va_long_beach,cleveland,logistic_natural,1,"{""C"": 1.0}",5066,1913472480,0.045476999977836385
va_long_beach,cleveland,logistic_natural,1,"{""C"": 1.0}",5067,4045235160,0.08177889999933541
va_long_beach,cleveland,logistic_natural,1,"{""C"": 1.0}",5068,1925194638,0.02834009999060072
va_long_beach,cleveland,logistic_natural,1,"{""C"": 1.0}",5069,2327530981,0.04032379999989644
va_long_beach,cleveland,logistic_natural,1,"{""C"": 1.0}",5070,745751011,0.051926699990872294
va_long_beach,cleveland,logistic_natural,1,"{""C"": 1.0}",5071,1698852684,0.055163899989565834
va_long_beach,hungary,logistic_natural,1,"{""C"": 1.0}",5062,3746244169,0.02916259999619797
va_long_beach,hungary,logistic_natural,1,"{""C"": 1.0}",5063,214123803,0.029438400000799447
va_long_beach,hungary,logistic_natural,1,"{""C"": 1.0}",5064,479688372,0.0462909999769181
va_long_beach,hungary,logistic_natural,1,"{""C"": 1.0}",5065,2748767423,0.030820699990727007
va_long_beach,hungary,logistic_natural,1,"{""C"": 1.0}",5066,1277601278,0.052069999976083636
va_long_beach,hungary,logistic_natural,1,"{""C"": 1.0}",5067,1104737054,0.03443819997482933
va_long_beach,hungary,logistic_natural,1,"{""C"": 1.0}",5068,1892398747,0.06436069999472238
va_long_beach,hungary,logistic_natural,1,"{""C"": 1.0}",5069,3844446132,0.06522679998306558
va_long_beach,hungary,logistic_natural,1,"{""C"": 1.0}",5070,1303951270,0.054477800003951415
va_long_beach,hungary,logistic_natural,1,"{""C"": 1.0}",5071,2016953871,0.0495124000008218
va_long_beach,switzerland,logistic_natural,1,"{""C"": 1.0}",5062,290545568,0.05246310000075027
va_long_beach,switzerland,logistic_natural,1,"{""C"": 1.0}",5063,1006225860,0.04102730000158772
va_long_beach,switzerland,logistic_natural,1,"{""C"": 1.0}",5064,4143742032,0.03080130001762882
va_long_beach,switzerland,logistic_natural,1,"{""C"": 1.0}",5065,2205904272,0.03442469998844899
va_long_beach,switzerland,logistic_natural,1,"{""C"": 1.0}",5066,3542630133,0.04222840000875294
va_long_beach,switzerland,logistic_natural,1,"{""C"": 1.0}",5067,2229135742,0.06503930001053959
va_long_beach,switzerland,logistic_natural,1,"{""C"": 1.0}",5068,1846685520,0.04292070001247339
va_long_beach,switzerland,logistic_natural,1,"{""C"": 1.0}",5069,3717237826,0.04239610000513494
va_long_beach,switzerland,logistic_natural,1,"{""C"": 1.0}",5070,3613691967,0.034317799989366904
va_long_beach,switzerland,logistic_natural,1,"{""C"": 1.0}",5071,759014013,0.03649820000282489
va_long_beach,cleveland,logistic_natural,2,"{""C"": 10.0}",5062,1633421354,0.06682710000313818
va_long_beach,cleveland,logistic_natural,2,"{""C"": 10.0}",5063,4204463871,0.061860899993916973
va_long_beach,cleveland,logistic_natural,2,"{""C"": 10.0}",5064,1831770172,0.04449750002822839
va_long_beach,cleveland,logistic_natural,2,"{""C"": 10.0}",5065,3728489943,0.08152439998229966
va_long_beach,cleveland,logistic_natural,2,"{""C"": 10.0}",5066,2697349241,0.06089950000750832
va_long_beach,cleveland,logistic_natural,2,"{""C"": 10.0}",5067,3941019405,0.08492049999767914
va_long_beach,cleveland,logistic_natural,2,"{""C"": 10.0}",5068,3925375734,0.04691250002360903
va_long_beach,cleveland,logistic_natural,2,"{""C"": 10.0}",5069,1726818814,0.07798719999846071
va_long_beach,cleveland,logistic_natural,2,"{""C"": 10.0}",5070,2242766841,0.043011800007661805
va_long_beach,cleveland,logistic_natural,2,"{""C"": 10.0}",5071,254047816,0.08724610001081601
va_long_beach,hungary,logistic_natural,2,"{""C"": 10.0}",5062,3166965924,0.0987916000012774
va_long_beach,hungary,logistic_natural,2,"{""C"": 10.0}",5063,1645126673,0.06785560000571422
va_long_beach,hungary,logistic_natural,2,"{""C"": 10.0}",5064,1903434851,0.050160400016466156
va_long_beach,hungary,logistic_natural,2,"{""C"": 10.0}",5065,4152891148,0.05228760000318289
va_long_beach,hungary,logistic_natural,2,"{""C"": 10.0}",5066,3122592590,0.06249519999255426
va_long_beach,hungary,logistic_natural,2,"{""C"": 10.0}",5067,4115558420,0.05234389999532141
va_long_beach,hungary,logistic_natural,2,"{""C"": 10.0}",5068,2548275126,0.056639499991433695
va_long_beach,hungary,logistic_natural,2,"{""C"": 10.0}",5069,1625347510,0.05479829999967478
va_long_beach,hungary,logistic_natural,2,"{""C"": 10.0}",5070,3235935658,0.06591750000370666
va_long_beach,hungary,logistic_natural,2,"{""C"": 10.0}",5071,4107668757,0.05867880000732839
va_long_beach,switzerland,logistic_natural,2,"{""C"": 10.0}",5062,3552933801,0.036871799995424226
va_long_beach,switzerland,logistic_natural,2,"{""C"": 10.0}",5063,3907334310,0.0501327000092715
va_long_beach,switzerland,logistic_natural,2,"{""C"": 10.0}",5064,2230394484,0.043327099992893636
va_long_beach,switzerland,logistic_natural,2,"{""C"": 10.0}",5065,56167810,0.03705639997497201
va_long_beach,switzerland,logistic_natural,2,"{""C"": 10.0}",5066,3390101224,0.060781900014262646
va_long_beach,switzerland,logistic_natural,2,"{""C"": 10.0}",5067,992124474,0.03856960000121035
va_long_beach,switzerland,logistic_natural,2,"{""C"": 10.0}",5068,2023406750,0.04745879999245517
va_long_beach,switzerland,logistic_natural,2,"{""C"": 10.0}",5069,1522464781,0.04338019998976961
va_long_beach,switzerland,logistic_natural,2,"{""C"": 10.0}",5070,2234597325,0.04646489999140613
va_long_beach,switzerland,logistic_natural,2,"{""C"": 10.0}",5071,4111574875,0.052409500000067055
va_long_beach,cleveland,logistic_structured,0,"{""C"": 0.1}",5062,2424097985,0.2858390000183135
va_long_beach,cleveland,logistic_structured,0,"{""C"": 0.1}",5063,1986945013,0.19921250001061708
va_long_beach,cleveland,logistic_structured,0,"{""C"": 0.1}",5064,3095660421,0.25570710000465624
va_long_beach,cleveland,logistic_structured,0,"{""C"": 0.1}",5065,2192029966,0.2306784999964293
va_long_beach,cleveland,logistic_structured,0,"{""C"": 0.1}",5066,3437875137,0.1564788999967277
va_long_beach,cleveland,logistic_structured,0,"{""C"": 0.1}",5067,1166831049,0.15942930002347566
va_long_beach,cleveland,logistic_structured,0,"{""C"": 0.1}",5068,1980067688,0.3568553999939468
va_long_beach,cleveland,logistic_structured,0,"{""C"": 0.1}",5069,148788063,0.2859728999901563
va_long_beach,cleveland,logistic_structured,0,"{""C"": 0.1}",5070,622719600,0.2652306999952998
va_long_beach,cleveland,logistic_structured,0,"{""C"": 0.1}",5071,776535709,0.2176286999892909
va_long_beach,hungary,logistic_structured,0,"{""C"": 0.1}",5062,2757696441,0.22978130000410601
va_long_beach,hungary,logistic_structured,0,"{""C"": 0.1}",5063,2551778693,0.2465444999979809
va_long_beach,hungary,logistic_structured,0,"{""C"": 0.1}",5064,3934857847,0.18652200000360608
va_long_beach,hungary,logistic_structured,0,"{""C"": 0.1}",5065,1640116028,0.24622840000665747
va_long_beach,hungary,logistic_structured,0,"{""C"": 0.1}",5066,3110917752,0.30208729999139905
va_long_beach,hungary,logistic_structured,0,"{""C"": 0.1}",5067,185096622,0.24566220000269823
va_long_beach,hungary,logistic_structured,0,"{""C"": 0.1}",5068,2333205825,0.288585400005104
va_long_beach,hungary,logistic_structured,0,"{""C"": 0.1}",5069,3799602468,0.2692821999953594
va_long_beach,hungary,logistic_structured,0,"{""C"": 0.1}",5070,3559180854,0.230223799997475
va_long_beach,hungary,logistic_structured,0,"{""C"": 0.1}",5071,1531955774,0.2385929999873042
va_long_beach,switzerland,logistic_structured,0,"{""C"": 0.1}",5062,3217512073,0.25178130000131205
va_long_beach,switzerland,logistic_structured,0,"{""C"": 0.1}",5063,437723761,0.30809800000861287
va_long_beach,switzerland,logistic_structured,0,"{""C"": 0.1}",5064,141557083,0.35394679999444634
va_long_beach,switzerland,logistic_structured,0,"{""C"": 0.1}",5065,4025530380,0.4243262000090908
va_long_beach,switzerland,logistic_structured,0,"{""C"": 0.1}",5066,3314800383,0.2352549000061117
va_long_beach,switzerland,logistic_structured,0,"{""C"": 0.1}",5067,553259101,0.3425746999855619
va_long_beach,switzerland,logistic_structured,0,"{""C"": 0.1}",5068,2828192180,0.3795271000126377
va_long_beach,switzerland,logistic_structured,0,"{""C"": 0.1}",5069,4259415074,0.20289790001697838
va_long_beach,switzerland,logistic_structured,0,"{""C"": 0.1}",5070,3739710104,0.3486603999917861
va_long_beach,switzerland,logistic_structured,0,"{""C"": 0.1}",5071,2132448657,0.24979229999007657
va_long_beach,cleveland,logistic_structured,1,"{""C"": 1.0}",5062,973080212,0.28668230000766926
va_long_beach,cleveland,logistic_structured,1,"{""C"": 1.0}",5063,1889805198,0.2728948000003584
va_long_beach,cleveland,logistic_structured,1,"{""C"": 1.0}",5064,299394044,0.22465249997912906
va_long_beach,cleveland,logistic_structured,1,"{""C"": 1.0}",5065,66029445,0.19536220000009052
va_long_beach,cleveland,logistic_structured,1,"{""C"": 1.0}",5066,4196219691,0.38391289999708533
va_long_beach,cleveland,logistic_structured,1,"{""C"": 1.0}",5067,2672106386,0.17668659999617375
va_long_beach,cleveland,logistic_structured,1,"{""C"": 1.0}",5068,337032534,0.35279970002011396
va_long_beach,cleveland,logistic_structured,1,"{""C"": 1.0}",5069,3752452942,0.2790345999819692
va_long_beach,cleveland,logistic_structured,1,"{""C"": 1.0}",5070,2637959470,0.2269687999796588
va_long_beach,cleveland,logistic_structured,1,"{""C"": 1.0}",5071,2101992195,0.17974510000203736
va_long_beach,hungary,logistic_structured,1,"{""C"": 1.0}",5062,2964340052,0.2511092000058852
va_long_beach,hungary,logistic_structured,1,"{""C"": 1.0}",5063,2858205568,0.18163560001994483
va_long_beach,hungary,logistic_structured,1,"{""C"": 1.0}",5064,1926888302,0.2239261999784503
va_long_beach,hungary,logistic_structured,1,"{""C"": 1.0}",5065,3324826918,0.29231560000334866
va_long_beach,hungary,logistic_structured,1,"{""C"": 1.0}",5066,1612632019,0.1500732000276912
va_long_beach,hungary,logistic_structured,1,"{""C"": 1.0}",5067,1272357326,0.13893169999937527
va_long_beach,hungary,logistic_structured,1,"{""C"": 1.0}",5068,3514120897,0.3076301999972202
va_long_beach,hungary,logistic_structured,1,"{""C"": 1.0}",5069,2654085412,0.12951860000612214
va_long_beach,hungary,logistic_structured,1,"{""C"": 1.0}",5070,3558733419,0.16586090001510456
va_long_beach,hungary,logistic_structured,1,"{""C"": 1.0}",5071,639456400,0.31075599999167025
va_long_beach,switzerland,logistic_structured,1,"{""C"": 1.0}",5062,2358212549,0.19150460002128966
va_long_beach,switzerland,logistic_structured,1,"{""C"": 1.0}",5063,1061662234,0.2225093000160996
va_long_beach,switzerland,logistic_structured,1,"{""C"": 1.0}",5064,1963288465,0.22466730000451207
va_long_beach,switzerland,logistic_structured,1,"{""C"": 1.0}",5065,661228251,0.21799360000295565
va_long_beach,switzerland,logistic_structured,1,"{""C"": 1.0}",5066,3072727836,0.2622253999870736
va_long_beach,switzerland,logistic_structured,1,"{""C"": 1.0}",5067,2350679883,0.1978555000096094
va_long_beach,switzerland,logistic_structured,1,"{""C"": 1.0}",5068,1259978212,0.2752895000157878
va_long_beach,switzerland,logistic_structured,1,"{""C"": 1.0}",5069,982315829,0.24240820002160035
va_long_beach,switzerland,logistic_structured,1,"{""C"": 1.0}",5070,1488222911,0.261201000015717
va_long_beach,switzerland,logistic_structured,1,"{""C"": 1.0}",5071,339927026,0.28599930001655594
va_long_beach,cleveland,logistic_structured,2,"{""C"": 10.0}",5062,4188737606,0.3060397999943234
va_long_beach,cleveland,logistic_structured,2,"{""C"": 10.0}",5063,3227128096,0.16132799998740666
va_long_beach,cleveland,logistic_structured,2,"{""C"": 10.0}",5064,2901224253,0.20782090001739562
va_long_beach,cleveland,logistic_structured,2,"{""C"": 10.0}",5065,3290977039,0.1986736000108067
va_long_beach,cleveland,logistic_structured,2,"{""C"": 10.0}",5066,2411489621,0.25681200000690296
va_long_beach,cleveland,logistic_structured,2,"{""C"": 10.0}",5067,2822448287,0.32469680000212975
va_long_beach,cleveland,logistic_structured,2,"{""C"": 10.0}",5068,2777492070,0.23907209999742918
va_long_beach,cleveland,logistic_structured,2,"{""C"": 10.0}",5069,2980014832,0.14722250000340864
va_long_beach,cleveland,logistic_structured,2,"{""C"": 10.0}",5070,2349477278,0.1504236999899149
va_long_beach,cleveland,logistic_structured,2,"{""C"": 10.0}",5071,3740361104,0.13839510001707822
va_long_beach,hungary,logistic_structured,2,"{""C"": 10.0}",5062,2713687058,0.11779369998839684
va_long_beach,hungary,logistic_structured,2,"{""C"": 10.0}",5063,4019954174,0.1477432000101544
va_long_beach,hungary,logistic_structured,2,"{""C"": 10.0}",5064,240596747,0.11676279999664985
va_long_beach,hungary,logistic_structured,2,"{""C"": 10.0}",5065,1107967092,0.1144549000018742
va_long_beach,hungary,logistic_structured,2,"{""C"": 10.0}",5066,597243399,0.11444839998148382
va_long_beach,hungary,logistic_structured,2,"{""C"": 10.0}",5067,51294565,0.13331730000209063
va_long_beach,hungary,logistic_structured,2,"{""C"": 10.0}",5068,4183845881,0.11911020000115968
va_long_beach,hungary,logistic_structured,2,"{""C"": 10.0}",5069,3345105852,0.1378557000134606
va_long_beach,hungary,logistic_structured,2,"{""C"": 10.0}",5070,2952973485,0.11441119998926297
va_long_beach,hungary,logistic_structured,2,"{""C"": 10.0}",5071,2054003812,0.11918889998923987
va_long_beach,switzerland,logistic_structured,2,"{""C"": 10.0}",5062,4103076553,0.14341709998552687
va_long_beach,switzerland,logistic_structured,2,"{""C"": 10.0}",5063,2788906577,0.13565169999492355
va_long_beach,switzerland,logistic_structured,2,"{""C"": 10.0}",5064,3610666911,0.15263409999897704
va_long_beach,switzerland,logistic_structured,2,"{""C"": 10.0}",5065,1014244719,0.13983010000083596
va_long_beach,switzerland,logistic_structured,2,"{""C"": 10.0}",5066,2450358142,0.1342980999907013
va_long_beach,switzerland,logistic_structured,2,"{""C"": 10.0}",5067,2140356076,0.2049121999880299
va_long_beach,switzerland,logistic_structured,2,"{""C"": 10.0}",5068,3131801629,0.16033450001850724
va_long_beach,switzerland,logistic_structured,2,"{""C"": 10.0}",5069,3757953951,0.13077989997691475
va_long_beach,switzerland,logistic_structured,2,"{""C"": 10.0}",5070,1940097190,0.12988510000286624
va_long_beach,switzerland,logistic_structured,2,"{""C"": 10.0}",5071,1337940517,0.152980100014247
va_long_beach,cleveland,random_forest_natural,0,"{""max_features"": ""sqrt"", ""min_samples_leaf"": 5, ""n_estimators"": 500}",5062,537601491,0.43867110001156107
va_long_beach,cleveland,random_forest_natural,0,"{""max_features"": ""sqrt"", ""min_samples_leaf"": 5, ""n_estimators"": 500}",5063,1053136831,0.4848475999897346
va_long_beach,cleveland,random_forest_natural,0,"{""max_features"": ""sqrt"", ""min_samples_leaf"": 5, ""n_estimators"": 500}",5064,2335638449,0.7362449000065681
va_long_beach,cleveland,random_forest_natural,0,"{""max_features"": ""sqrt"", ""min_samples_leaf"": 5, ""n_estimators"": 500}",5065,3643048380,0.6846795000019483
va_long_beach,cleveland,random_forest_natural,0,"{""max_features"": ""sqrt"", ""min_samples_leaf"": 5, ""n_estimators"": 500}",5066,2621762326,0.7528107000107411
va_long_beach,cleveland,random_forest_natural,0,"{""max_features"": ""sqrt"", ""min_samples_leaf"": 5, ""n_estimators"": 500}",5067,111428325,0.9634191000077408
va_long_beach,cleveland,random_forest_natural,0,"{""max_features"": ""sqrt"", ""min_samples_leaf"": 5, ""n_estimators"": 500}",5068,3836908523,0.9453408000117633
va_long_beach,cleveland,random_forest_natural,0,"{""max_features"": ""sqrt"", ""min_samples_leaf"": 5, ""n_estimators"": 500}",5069,2557577951,0.5925010000064503
va_long_beach,cleveland,random_forest_natural,0,"{""max_features"": ""sqrt"", ""min_samples_leaf"": 5, ""n_estimators"": 500}",5070,1005476725,1.0252195000066422
va_long_beach,cleveland,random_forest_natural,0,"{""max_features"": ""sqrt"", ""min_samples_leaf"": 5, ""n_estimators"": 500}",5071,3768285000,1.0238625000056345
va_long_beach,hungary,random_forest_natural,0,"{""max_features"": ""sqrt"", ""min_samples_leaf"": 5, ""n_estimators"": 500}",5062,1827959604,1.0401367000013124
va_long_beach,hungary,random_forest_natural,0,"{""max_features"": ""sqrt"", ""min_samples_leaf"": 5, ""n_estimators"": 500}",5063,2165582804,0.6095088000001851
va_long_beach,hungary,random_forest_natural,0,"{""max_features"": ""sqrt"", ""min_samples_leaf"": 5, ""n_estimators"": 500}",5064,4147704460,0.5634974999993574
va_long_beach,hungary,random_forest_natural,0,"{""max_features"": ""sqrt"", ""min_samples_leaf"": 5, ""n_estimators"": 500}",5065,3795141331,0.6296932999975979
va_long_beach,hungary,random_forest_natural,0,"{""max_features"": ""sqrt"", ""min_samples_leaf"": 5, ""n_estimators"": 500}",5066,835682138,0.807534299994586
va_long_beach,hungary,random_forest_natural,0,"{""max_features"": ""sqrt"", ""min_samples_leaf"": 5, ""n_estimators"": 500}",5067,2969594644,0.5918660000024829
va_long_beach,hungary,random_forest_natural,0,"{""max_features"": ""sqrt"", ""min_samples_leaf"": 5, ""n_estimators"": 500}",5068,2589706,1.0636861000093631
va_long_beach,hungary,random_forest_natural,0,"{""max_features"": ""sqrt"", ""min_samples_leaf"": 5, ""n_estimators"": 500}",5069,187569288,1.090545299986843
va_long_beach,hungary,random_forest_natural,0,"{""max_features"": ""sqrt"", ""min_samples_leaf"": 5, ""n_estimators"": 500}",5070,1376201334,1.0398338999948464
va_long_beach,hungary,random_forest_natural,0,"{""max_features"": ""sqrt"", ""min_samples_leaf"": 5, ""n_estimators"": 500}",5071,2478091578,1.0138904000050388
va_long_beach,switzerland,random_forest_natural,0,"{""max_features"": ""sqrt"", ""min_samples_leaf"": 5, ""n_estimators"": 500}",5062,2984177022,0.8148010000004433
va_long_beach,switzerland,random_forest_natural,0,"{""max_features"": ""sqrt"", ""min_samples_leaf"": 5, ""n_estimators"": 500}",5063,4199016410,0.5710582000028808
va_long_beach,switzerland,random_forest_natural,0,"{""max_features"": ""sqrt"", ""min_samples_leaf"": 5, ""n_estimators"": 500}",5064,2103502917,0.7090794999967329
va_long_beach,switzerland,random_forest_natural,0,"{""max_features"": ""sqrt"", ""min_samples_leaf"": 5, ""n_estimators"": 500}",5065,1227505438,0.7918147000018507
va_long_beach,switzerland,random_forest_natural,0,"{""max_features"": ""sqrt"", ""min_samples_leaf"": 5, ""n_estimators"": 500}",5066,1372786318,1.0516818999894895
va_long_beach,switzerland,random_forest_natural,0,"{""max_features"": ""sqrt"", ""min_samples_leaf"": 5, ""n_estimators"": 500}",5067,2538938076,1.073740399995586
va_long_beach,switzerland,random_forest_natural,0,"{""max_features"": ""sqrt"", ""min_samples_leaf"": 5, ""n_estimators"": 500}",5068,2316576735,1.110986799991224
va_long_beach,switzerland,random_forest_natural,0,"{""max_features"": ""sqrt"", ""min_samples_leaf"": 5, ""n_estimators"": 500}",5069,2426838140,1.0156426999892574
va_long_beach,switzerland,random_forest_natural,0,"{""max_features"": ""sqrt"", ""min_samples_leaf"": 5, ""n_estimators"": 500}",5070,1674834429,0.729752900020685
va_long_beach,switzerland,random_forest_natural,0,"{""max_features"": ""sqrt"", ""min_samples_leaf"": 5, ""n_estimators"": 500}",5071,2947263123,0.677591100014979
va_long_beach,cleveland,random_forest_natural,1,"{""max_features"": ""sqrt"", ""min_samples_leaf"": 15, ""n_estimators"": 500}",5062,1205893549,1.0375314000120852
va_long_beach,cleveland,random_forest_natural,1,"{""max_features"": ""sqrt"", ""min_samples_leaf"": 15, ""n_estimators"": 500}",5063,924844538,0.869339900003979
va_long_beach,cleveland,random_forest_natural,1,"{""max_features"": ""sqrt"", ""min_samples_leaf"": 15, ""n_estimators"": 500}",5064,3227938057,0.8014337999920826
va_long_beach,cleveland,random_forest_natural,1,"{""max_features"": ""sqrt"", ""min_samples_leaf"": 15, ""n_estimators"": 500}",5065,827380418,0.6837937999807764
va_long_beach,cleveland,random_forest_natural,1,"{""max_features"": ""sqrt"", ""min_samples_leaf"": 15, ""n_estimators"": 500}",5066,860832090,0.9296279999834951
va_long_beach,cleveland,random_forest_natural,1,"{""max_features"": ""sqrt"", ""min_samples_leaf"": 15, ""n_estimators"": 500}",5067,3813985318,1.0280694999964908
va_long_beach,cleveland,random_forest_natural,1,"{""max_features"": ""sqrt"", ""min_samples_leaf"": 15, ""n_estimators"": 500}",5068,954652234,0.8873639999947045
va_long_beach,cleveland,random_forest_natural,1,"{""max_features"": ""sqrt"", ""min_samples_leaf"": 15, ""n_estimators"": 500}",5069,1762983076,1.0899141000118107
va_long_beach,cleveland,random_forest_natural,1,"{""max_features"": ""sqrt"", ""min_samples_leaf"": 15, ""n_estimators"": 500}",5070,2877131028,0.6946158999926411
va_long_beach,cleveland,random_forest_natural,1,"{""max_features"": ""sqrt"", ""min_samples_leaf"": 15, ""n_estimators"": 500}",5071,1688148557,0.5688096999947447
va_long_beach,hungary,random_forest_natural,1,"{""max_features"": ""sqrt"", ""min_samples_leaf"": 15, ""n_estimators"": 500}",5062,3265952402,0.6277315000188537
va_long_beach,hungary,random_forest_natural,1,"{""max_features"": ""sqrt"", ""min_samples_leaf"": 15, ""n_estimators"": 500}",5063,2202777863,0.5185197000100743
va_long_beach,hungary,random_forest_natural,1,"{""max_features"": ""sqrt"", ""min_samples_leaf"": 15, ""n_estimators"": 500}",5064,2360324468,0.7782386000035331
va_long_beach,hungary,random_forest_natural,1,"{""max_features"": ""sqrt"", ""min_samples_leaf"": 15, ""n_estimators"": 500}",5065,2546758862,1.003008800005773
va_long_beach,hungary,random_forest_natural,1,"{""max_features"": ""sqrt"", ""min_samples_leaf"": 15, ""n_estimators"": 500}",5066,3944296610,1.0236436999985017
va_long_beach,hungary,random_forest_natural,1,"{""max_features"": ""sqrt"", ""min_samples_leaf"": 15, ""n_estimators"": 500}",5067,189355356,0.631787299993448
va_long_beach,hungary,random_forest_natural,1,"{""max_features"": ""sqrt"", ""min_samples_leaf"": 15, ""n_estimators"": 500}",5068,3396522281,1.1718999999866355
va_long_beach,hungary,random_forest_natural,1,"{""max_features"": ""sqrt"", ""min_samples_leaf"": 15, ""n_estimators"": 500}",5069,2390076430,0.5475467999931425
va_long_beach,hungary,random_forest_natural,1,"{""max_features"": ""sqrt"", ""min_samples_leaf"": 15, ""n_estimators"": 500}",5070,4120476778,0.8246385999955237
va_long_beach,hungary,random_forest_natural,1,"{""max_features"": ""sqrt"", ""min_samples_leaf"": 15, ""n_estimators"": 500}",5071,2287453576,0.5942740000027698
va_long_beach,switzerland,random_forest_natural,1,"{""max_features"": ""sqrt"", ""min_samples_leaf"": 15, ""n_estimators"": 500}",5062,1705975007,0.7840282999968622
va_long_beach,switzerland,random_forest_natural,1,"{""max_features"": ""sqrt"", ""min_samples_leaf"": 15, ""n_estimators"": 500}",5063,2518044686,0.591883000015514
va_long_beach,switzerland,random_forest_natural,1,"{""max_features"": ""sqrt"", ""min_samples_leaf"": 15, ""n_estimators"": 500}",5064,4078667821,0.7478102999739349
va_long_beach,switzerland,random_forest_natural,1,"{""max_features"": ""sqrt"", ""min_samples_leaf"": 15, ""n_estimators"": 500}",5065,4190865528,0.9279726999811828
va_long_beach,switzerland,random_forest_natural,1,"{""max_features"": ""sqrt"", ""min_samples_leaf"": 15, ""n_estimators"": 500}",5066,438393774,1.1758205000078306
va_long_beach,switzerland,random_forest_natural,1,"{""max_features"": ""sqrt"", ""min_samples_leaf"": 15, ""n_estimators"": 500}",5067,2622748767,0.8870492999849375
va_long_beach,switzerland,random_forest_natural,1,"{""max_features"": ""sqrt"", ""min_samples_leaf"": 15, ""n_estimators"": 500}",5068,4038132245,0.7324584999878425
va_long_beach,switzerland,random_forest_natural,1,"{""max_features"": ""sqrt"", ""min_samples_leaf"": 15, ""n_estimators"": 500}",5069,3836560031,1.1453631999902427
va_long_beach,switzerland,random_forest_natural,1,"{""max_features"": ""sqrt"", ""min_samples_leaf"": 15, ""n_estimators"": 500}",5070,1009726567,0.7698556999966968
va_long_beach,switzerland,random_forest_natural,1,"{""max_features"": ""sqrt"", ""min_samples_leaf"": 15, ""n_estimators"": 500}",5071,3641791236,1.229563099972438
va_long_beach,cleveland,random_forest_structured,0,"{""max_features"": ""sqrt"", ""min_samples_leaf"": 5, ""n_estimators"": 500}",5062,3516514326,0.8585856000136118
va_long_beach,cleveland,random_forest_structured,0,"{""max_features"": ""sqrt"", ""min_samples_leaf"": 5, ""n_estimators"": 500}",5063,3031361487,1.2095741000084672
va_long_beach,cleveland,random_forest_structured,0,"{""max_features"": ""sqrt"", ""min_samples_leaf"": 5, ""n_estimators"": 500}",5064,429382098,1.1875406999897677
va_long_beach,cleveland,random_forest_structured,0,"{""max_features"": ""sqrt"", ""min_samples_leaf"": 5, ""n_estimators"": 500}",5065,695117542,1.4074920999992173
va_long_beach,cleveland,random_forest_structured,0,"{""max_features"": ""sqrt"", ""min_samples_leaf"": 5, ""n_estimators"": 500}",5066,694587546,1.371174100000644
va_long_beach,cleveland,random_forest_structured,0,"{""max_features"": ""sqrt"", ""min_samples_leaf"": 5, ""n_estimators"": 500}",5067,3141367805,1.0761087000137195
va_long_beach,cleveland,random_forest_structured,0,"{""max_features"": ""sqrt"", ""min_samples_leaf"": 5, ""n_estimators"": 500}",5068,3692806952,1.5278053999936674
va_long_beach,cleveland,random_forest_structured,0,"{""max_features"": ""sqrt"", ""min_samples_leaf"": 5, ""n_estimators"": 500}",5069,951156304,1.1555979000113439
va_long_beach,cleveland,random_forest_structured,0,"{""max_features"": ""sqrt"", ""min_samples_leaf"": 5, ""n_estimators"": 500}",5070,2665531561,1.4444436999910977
va_long_beach,cleveland,random_forest_structured,0,"{""max_features"": ""sqrt"", ""min_samples_leaf"": 5, ""n_estimators"": 500}",5071,3798627067,0.9175835000060033
va_long_beach,hungary,random_forest_structured,0,"{""max_features"": ""sqrt"", ""min_samples_leaf"": 5, ""n_estimators"": 500}",5062,1711885164,1.477573099982692
va_long_beach,hungary,random_forest_structured,0,"{""max_features"": ""sqrt"", ""min_samples_leaf"": 5, ""n_estimators"": 500}",5063,4077100322,1.3553003999986686
va_long_beach,hungary,random_forest_structured,0,"{""max_features"": ""sqrt"", ""min_samples_leaf"": 5, ""n_estimators"": 500}",5064,3474787654,1.224840899987612
va_long_beach,hungary,random_forest_structured,0,"{""max_features"": ""sqrt"", ""min_samples_leaf"": 5, ""n_estimators"": 500}",5065,2795530361,1.584982600004878
va_long_beach,hungary,random_forest_structured,0,"{""max_features"": ""sqrt"", ""min_samples_leaf"": 5, ""n_estimators"": 500}",5066,778386001,1.6225929000065662
va_long_beach,hungary,random_forest_structured,0,"{""max_features"": ""sqrt"", ""min_samples_leaf"": 5, ""n_estimators"": 500}",5067,335698174,1.4504958000034094
va_long_beach,hungary,random_forest_structured,0,"{""max_features"": ""sqrt"", ""min_samples_leaf"": 5, ""n_estimators"": 500}",5068,3857995847,1.4000375999894459
va_long_beach,hungary,random_forest_structured,0,"{""max_features"": ""sqrt"", ""min_samples_leaf"": 5, ""n_estimators"": 500}",5069,1259515803,1.2326989999855869
va_long_beach,hungary,random_forest_structured,0,"{""max_features"": ""sqrt"", ""min_samples_leaf"": 5, ""n_estimators"": 500}",5070,985196446,0.8677327999903355
va_long_beach,hungary,random_forest_structured,0,"{""max_features"": ""sqrt"", ""min_samples_leaf"": 5, ""n_estimators"": 500}",5071,379802693,0.8687690999940969
va_long_beach,switzerland,random_forest_structured,0,"{""max_features"": ""sqrt"", ""min_samples_leaf"": 5, ""n_estimators"": 500}",5062,3446111540,1.1021079999918584
va_long_beach,switzerland,random_forest_structured,0,"{""max_features"": ""sqrt"", ""min_samples_leaf"": 5, ""n_estimators"": 500}",5063,3884145665,1.6686679999984335
va_long_beach,switzerland,random_forest_structured,0,"{""max_features"": ""sqrt"", ""min_samples_leaf"": 5, ""n_estimators"": 500}",5064,2994136075,1.0990069000108633
va_long_beach,switzerland,random_forest_structured,0,"{""max_features"": ""sqrt"", ""min_samples_leaf"": 5, ""n_estimators"": 500}",5065,2205452597,1.3178114999900572
va_long_beach,switzerland,random_forest_structured,0,"{""max_features"": ""sqrt"", ""min_samples_leaf"": 5, ""n_estimators"": 500}",5066,1404283605,1.7944541000179015
va_long_beach,switzerland,random_forest_structured,0,"{""max_features"": ""sqrt"", ""min_samples_leaf"": 5, ""n_estimators"": 500}",5067,987795403,1.4301123000041116
va_long_beach,switzerland,random_forest_structured,0,"{""max_features"": ""sqrt"", ""min_samples_leaf"": 5, ""n_estimators"": 500}",5068,3039113654,1.3505938000162132
va_long_beach,switzerland,random_forest_structured,0,"{""max_features"": ""sqrt"", ""min_samples_leaf"": 5, ""n_estimators"": 500}",5069,3882780495,1.1776013000053354
va_long_beach,switzerland,random_forest_structured,0,"{""max_features"": ""sqrt"", ""min_samples_leaf"": 5, ""n_estimators"": 500}",5070,352591046,1.5068516999890562
va_long_beach,switzerland,random_forest_structured,0,"{""max_features"": ""sqrt"", ""min_samples_leaf"": 5, ""n_estimators"": 500}",5071,2105125078,1.272521599981701
va_long_beach,cleveland,random_forest_structured,1,"{""max_features"": ""sqrt"", ""min_samples_leaf"": 15, ""n_estimators"": 500}",5062,2185500794,1.5288235000043642
va_long_beach,cleveland,random_forest_structured,1,"{""max_features"": ""sqrt"", ""min_samples_leaf"": 15, ""n_estimators"": 500}",5063,3831261554,1.0634189000120386
va_long_beach,cleveland,random_forest_structured,1,"{""max_features"": ""sqrt"", ""min_samples_leaf"": 15, ""n_estimators"": 500}",5064,3245571092,1.015154499997152
va_long_beach,cleveland,random_forest_structured,1,"{""max_features"": ""sqrt"", ""min_samples_leaf"": 15, ""n_estimators"": 500}",5065,4093282255,1.4084978000028059
va_long_beach,cleveland,random_forest_structured,1,"{""max_features"": ""sqrt"", ""min_samples_leaf"": 15, ""n_estimators"": 500}",5066,1492662415,1.590476999990642
va_long_beach,cleveland,random_forest_structured,1,"{""max_features"": ""sqrt"", ""min_samples_leaf"": 15, ""n_estimators"": 500}",5067,320028532,1.119104299985338
va_long_beach,cleveland,random_forest_structured,1,"{""max_features"": ""sqrt"", ""min_samples_leaf"": 15, ""n_estimators"": 500}",5068,2725866917,0.8645132000092417
va_long_beach,cleveland,random_forest_structured,1,"{""max_features"": ""sqrt"", ""min_samples_leaf"": 15, ""n_estimators"": 500}",5069,46934199,0.9874559000018053
va_long_beach,cleveland,random_forest_structured,1,"{""max_features"": ""sqrt"", ""min_samples_leaf"": 15, ""n_estimators"": 500}",5070,2713283203,0.9753846999956295
va_long_beach,cleveland,random_forest_structured,1,"{""max_features"": ""sqrt"", ""min_samples_leaf"": 15, ""n_estimators"": 500}",5071,2845245502,1.5595114000025205
va_long_beach,hungary,random_forest_structured,1,"{""max_features"": ""sqrt"", ""min_samples_leaf"": 15, ""n_estimators"": 500}",5062,3669306036,0.8765416000096593
va_long_beach,hungary,random_forest_structured,1,"{""max_features"": ""sqrt"", ""min_samples_leaf"": 15, ""n_estimators"": 500}",5063,4004486223,1.1101003999938257
va_long_beach,hungary,random_forest_structured,1,"{""max_features"": ""sqrt"", ""min_samples_leaf"": 15, ""n_estimators"": 500}",5064,1947349608,0.9238318999996409
va_long_beach,hungary,random_forest_structured,1,"{""max_features"": ""sqrt"", ""min_samples_leaf"": 15, ""n_estimators"": 500}",5065,1199136668,1.267780899972422
va_long_beach,hungary,random_forest_structured,1,"{""max_features"": ""sqrt"", ""min_samples_leaf"": 15, ""n_estimators"": 500}",5066,1232248155,1.6573404999799095
va_long_beach,hungary,random_forest_structured,1,"{""max_features"": ""sqrt"", ""min_samples_leaf"": 15, ""n_estimators"": 500}",5067,35945179,1.4372312999912538
va_long_beach,hungary,random_forest_structured,1,"{""max_features"": ""sqrt"", ""min_samples_leaf"": 15, ""n_estimators"": 500}",5068,3549154584,1.6027658999955747
va_long_beach,hungary,random_forest_structured,1,"{""max_features"": ""sqrt"", ""min_samples_leaf"": 15, ""n_estimators"": 500}",5069,1253319192,1.4502697999996599
va_long_beach,hungary,random_forest_structured,1,"{""max_features"": ""sqrt"", ""min_samples_leaf"": 15, ""n_estimators"": 500}",5070,3058719108,1.546151299990015
va_long_beach,hungary,random_forest_structured,1,"{""max_features"": ""sqrt"", ""min_samples_leaf"": 15, ""n_estimators"": 500}",5071,1430664443,0.943996399990283
va_long_beach,switzerland,random_forest_structured,1,"{""max_features"": ""sqrt"", ""min_samples_leaf"": 15, ""n_estimators"": 500}",5062,1665948975,1.3821659999957774
va_long_beach,switzerland,random_forest_structured,1,"{""max_features"": ""sqrt"", ""min_samples_leaf"": 15, ""n_estimators"": 500}",5063,1338713903,1.4806595999980345
va_long_beach,switzerland,random_forest_structured,1,"{""max_features"": ""sqrt"", ""min_samples_leaf"": 15, ""n_estimators"": 500}",5064,116986084,1.4283280999807175
va_long_beach,switzerland,random_forest_structured,1,"{""max_features"": ""sqrt"", ""min_samples_leaf"": 15, ""n_estimators"": 500}",5065,2965336722,1.2816096000024118
va_long_beach,switzerland,random_forest_structured,1,"{""max_features"": ""sqrt"", ""min_samples_leaf"": 15, ""n_estimators"": 500}",5066,1882634762,1.0079634000139777
va_long_beach,switzerland,random_forest_structured,1,"{""max_features"": ""sqrt"", ""min_samples_leaf"": 15, ""n_estimators"": 500}",5067,485265883,1.7178254000027664
va_long_beach,switzerland,random_forest_structured,1,"{""max_features"": ""sqrt"", ""min_samples_leaf"": 15, ""n_estimators"": 500}",5068,3171730860,1.1515671999950428
va_long_beach,switzerland,random_forest_structured,1,"{""max_features"": ""sqrt"", ""min_samples_leaf"": 15, ""n_estimators"": 500}",5069,1206382378,1.0955369000148494
va_long_beach,switzerland,random_forest_structured,1,"{""max_features"": ""sqrt"", ""min_samples_leaf"": 15, ""n_estimators"": 500}",5070,775894468,1.7432497999980114
va_long_beach,switzerland,random_forest_structured,1,"{""max_features"": ""sqrt"", ""min_samples_leaf"": 15, ""n_estimators"": 500}",5071,408876876,1.8359166999871377
va_long_beach,cleveland,histgb_natural,0,"{""l2_regularization"": 1.0, ""learning_rate"": 0.03, ""max_iter"": 300, ""max_leaf_nodes"": 7, ""min_samples_leaf"": 10}",5062,2364512555,0.6731425999896601
va_long_beach,cleveland,histgb_natural,0,"{""l2_regularization"": 1.0, ""learning_rate"": 0.03, ""max_iter"": 300, ""max_leaf_nodes"": 7, ""min_samples_leaf"": 10}",5063,1090656980,0.4288278000021819
va_long_beach,cleveland,histgb_natural,0,"{""l2_regularization"": 1.0, ""learning_rate"": 0.03, ""max_iter"": 300, ""max_leaf_nodes"": 7, ""min_samples_leaf"": 10}",5064,1099627925,0.5605024000105914
va_long_beach,cleveland,histgb_natural,0,"{""l2_regularization"": 1.0, ""learning_rate"": 0.03, ""max_iter"": 300, ""max_leaf_nodes"": 7, ""min_samples_leaf"": 10}",5065,3081918635,0.4285162999876775
va_long_beach,cleveland,histgb_natural,0,"{""l2_regularization"": 1.0, ""learning_rate"": 0.03, ""max_iter"": 300, ""max_leaf_nodes"": 7, ""min_samples_leaf"": 10}",5066,889992769,1.0724104999972042
va_long_beach,cleveland,histgb_natural,0,"{""l2_regularization"": 1.0, ""learning_rate"": 0.03, ""max_iter"": 300, ""max_leaf_nodes"": 7, ""min_samples_leaf"": 10}",5067,2481552315,0.4539994999940973
va_long_beach,cleveland,histgb_natural,0,"{""l2_regularization"": 1.0, ""learning_rate"": 0.03, ""max_iter"": 300, ""max_leaf_nodes"": 7, ""min_samples_leaf"": 10}",5068,2719127658,0.5884654999827035
va_long_beach,cleveland,histgb_natural,0,"{""l2_regularization"": 1.0, ""learning_rate"": 0.03, ""max_iter"": 300, ""max_leaf_nodes"": 7, ""min_samples_leaf"": 10}",5069,2305322141,0.4903583000123035
va_long_beach,cleveland,histgb_natural,0,"{""l2_regularization"": 1.0, ""learning_rate"": 0.03, ""max_iter"": 300, ""max_leaf_nodes"": 7, ""min_samples_leaf"": 10}",5070,2875039009,0.9472828000143636
va_long_beach,cleveland,histgb_natural,0,"{""l2_regularization"": 1.0, ""learning_rate"": 0.03, ""max_iter"": 300, ""max_leaf_nodes"": 7, ""min_samples_leaf"": 10}",5071,682024054,0.5631794000219088
va_long_beach,hungary,histgb_natural,0,"{""l2_regularization"": 1.0, ""learning_rate"": 0.03, ""max_iter"": 300, ""max_leaf_nodes"": 7, ""min_samples_leaf"": 10}",5062,276784175,0.858183900010772
va_long_beach,hungary,histgb_natural,0,"{""l2_regularization"": 1.0, ""learning_rate"": 0.03, ""max_iter"": 300, ""max_leaf_nodes"": 7, ""min_samples_leaf"": 10}",5063,2393333181,0.7363187999872025
va_long_beach,hungary,histgb_natural,0,"{""l2_regularization"": 1.0, ""learning_rate"": 0.03, ""max_iter"": 300, ""max_leaf_nodes"": 7, ""min_samples_leaf"": 10}",5064,2282589309,0.8265826000133529
va_long_beach,hungary,histgb_natural,0,"{""l2_regularization"": 1.0, ""learning_rate"": 0.03, ""max_iter"": 300, ""max_leaf_nodes"": 7, ""min_samples_leaf"": 10}",5065,1536360251,0.4739110999798868
va_long_beach,hungary,histgb_natural,0,"{""l2_regularization"": 1.0, ""learning_rate"": 0.03, ""max_iter"": 300, ""max_leaf_nodes"": 7, ""min_samples_leaf"": 10}",5066,3168600316,0.5788519000052474
va_long_beach,hungary,histgb_natural,0,"{""l2_regularization"": 1.0, ""learning_rate"": 0.03, ""max_iter"": 300, ""max_leaf_nodes"": 7, ""min_samples_leaf"": 10}",5067,2280084661,0.5662694000056945
va_long_beach,hungary,histgb_natural,0,"{""l2_regularization"": 1.0, ""learning_rate"": 0.03, ""max_iter"": 300, ""max_leaf_nodes"": 7, ""min_samples_leaf"": 10}",5068,700005867,0.5657523999980185
va_long_beach,hungary,histgb_natural,0,"{""l2_regularization"": 1.0, ""learning_rate"": 0.03, ""max_iter"": 300, ""max_leaf_nodes"": 7, ""min_samples_leaf"": 10}",5069,4253513204,0.919873099977849
va_long_beach,hungary,histgb_natural,0,"{""l2_regularization"": 1.0, ""learning_rate"": 0.03, ""max_iter"": 300, ""max_leaf_nodes"": 7, ""min_samples_leaf"": 10}",5070,1664867519,0.5038265000039246
va_long_beach,hungary,histgb_natural,0,"{""l2_regularization"": 1.0, ""learning_rate"": 0.03, ""max_iter"": 300, ""max_leaf_nodes"": 7, ""min_samples_leaf"": 10}",5071,944513975,0.8257027000072412
va_long_beach,switzerland,histgb_natural,0,"{""l2_regularization"": 1.0, ""learning_rate"": 0.03, ""max_iter"": 300, ""max_leaf_nodes"": 7, ""min_samples_leaf"": 10}",5062,413544953,0.5629160999960732
va_long_beach,switzerland,histgb_natural,0,"{""l2_regularization"": 1.0, ""learning_rate"": 0.03, ""max_iter"": 300, ""max_leaf_nodes"": 7, ""min_samples_leaf"": 10}",5063,3079551338,0.7779674000048544
va_long_beach,switzerland,histgb_natural,0,"{""l2_regularization"": 1.0, ""learning_rate"": 0.03, ""max_iter"": 300, ""max_leaf_nodes"": 7, ""min_samples_leaf"": 10}",5064,3148781852,0.6769154999929015
va_long_beach,switzerland,histgb_natural,0,"{""l2_regularization"": 1.0, ""learning_rate"": 0.03, ""max_iter"": 300, ""max_leaf_nodes"": 7, ""min_samples_leaf"": 10}",5065,665091661,0.5101620000205003
va_long_beach,switzerland,histgb_natural,0,"{""l2_regularization"": 1.0, ""learning_rate"": 0.03, ""max_iter"": 300, ""max_leaf_nodes"": 7, ""min_samples_leaf"": 10}",5066,920983848,0.5598237000231165
va_long_beach,switzerland,histgb_natural,0,"{""l2_regularization"": 1.0, ""learning_rate"": 0.03, ""max_iter"": 300, ""max_leaf_nodes"": 7, ""min_samples_leaf"": 10}",5067,826419196,1.1218906000140123
va_long_beach,switzerland,histgb_natural,0,"{""l2_regularization"": 1.0, ""learning_rate"": 0.03, ""max_iter"": 300, ""max_leaf_nodes"": 7, ""min_samples_leaf"": 10}",5068,863276395,1.001125199982198
va_long_beach,switzerland,histgb_natural,0,"{""l2_regularization"": 1.0, ""learning_rate"": 0.03, ""max_iter"": 300, ""max_leaf_nodes"": 7, ""min_samples_leaf"": 10}",5069,3540943282,0.8864436000003479
va_long_beach,switzerland,histgb_natural,0,"{""l2_regularization"": 1.0, ""learning_rate"": 0.03, ""max_iter"": 300, ""max_leaf_nodes"": 7, ""min_samples_leaf"": 10}",5070,688810704,0.7076075999939349
va_long_beach,switzerland,histgb_natural,0,"{""l2_regularization"": 1.0, ""learning_rate"": 0.03, ""max_iter"": 300, ""max_leaf_nodes"": 7, ""min_samples_leaf"": 10}",5071,3952489776,0.35643839999102056
va_long_beach,cleveland,histgb_natural,1,"{""l2_regularization"": 1.0, ""learning_rate"": 0.03, ""max_iter"": 300, ""max_leaf_nodes"": 15, ""min_samples_leaf"": 10}",5062,3463310904,1.4849477000243496
va_long_beach,cleveland,histgb_natural,1,"{""l2_regularization"": 1.0, ""learning_rate"": 0.03, ""max_iter"": 300, ""max_leaf_nodes"": 15, ""min_samples_leaf"": 10}",5063,4155475538,1.0109992000216153
va_long_beach,cleveland,histgb_natural,1,"{""l2_regularization"": 1.0, ""learning_rate"": 0.03, ""max_iter"": 300, ""max_leaf_nodes"": 15, ""min_samples_leaf"": 10}",5064,4088019154,0.8534038999932818
va_long_beach,cleveland,histgb_natural,1,"{""l2_regularization"": 1.0, ""learning_rate"": 0.03, ""max_iter"": 300, ""max_leaf_nodes"": 15, ""min_samples_leaf"": 10}",5065,4056463014,1.610432600020431
va_long_beach,cleveland,histgb_natural,1,"{""l2_regularization"": 1.0, ""learning_rate"": 0.03, ""max_iter"": 300, ""max_leaf_nodes"": 15, ""min_samples_leaf"": 10}",5066,878228158,1.470505499979481
va_long_beach,cleveland,histgb_natural,1,"{""l2_regularization"": 1.0, ""learning_rate"": 0.03, ""max_iter"": 300, ""max_leaf_nodes"": 15, ""min_samples_leaf"": 10}",5067,528544860,0.9475377999769989
va_long_beach,cleveland,histgb_natural,1,"{""l2_regularization"": 1.0, ""learning_rate"": 0.03, ""max_iter"": 300, ""max_leaf_nodes"": 15, ""min_samples_leaf"": 10}",5068,3418291344,0.6495645999966655
va_long_beach,cleveland,histgb_natural,1,"{""l2_regularization"": 1.0, ""learning_rate"": 0.03, ""max_iter"": 300, ""max_leaf_nodes"": 15, ""min_samples_leaf"": 10}",5069,3762961244,1.5247015999921132
va_long_beach,cleveland,histgb_natural,1,"{""l2_regularization"": 1.0, ""learning_rate"": 0.03, ""max_iter"": 300, ""max_leaf_nodes"": 15, ""min_samples_leaf"": 10}",5070,1505729469,1.092317299975548
va_long_beach,cleveland,histgb_natural,1,"{""l2_regularization"": 1.0, ""learning_rate"": 0.03, ""max_iter"": 300, ""max_leaf_nodes"": 15, ""min_samples_leaf"": 10}",5071,3494474471,1.3866632000135724
va_long_beach,hungary,histgb_natural,1,"{""l2_regularization"": 1.0, ""learning_rate"": 0.03, ""max_iter"": 300, ""max_leaf_nodes"": 15, ""min_samples_leaf"": 10}",5062,1727153487,1.6956372999993619
va_long_beach,hungary,histgb_natural,1,"{""l2_regularization"": 1.0, ""learning_rate"": 0.03, ""max_iter"": 300, ""max_leaf_nodes"": 15, ""min_samples_leaf"": 10}",5063,2115911481,1.112032300006831
va_long_beach,hungary,histgb_natural,1,"{""l2_regularization"": 1.0, ""learning_rate"": 0.03, ""max_iter"": 300, ""max_leaf_nodes"": 15, ""min_samples_leaf"": 10}",5064,3992433978,0.990502300002845
va_long_beach,hungary,histgb_natural,1,"{""l2_regularization"": 1.0, ""learning_rate"": 0.03, ""max_iter"": 300, ""max_leaf_nodes"": 15, ""min_samples_leaf"": 10}",5065,3516537855,1.4731146999984048
va_long_beach,hungary,histgb_natural,1,"{""l2_regularization"": 1.0, ""learning_rate"": 0.03, ""max_iter"": 300, ""max_leaf_nodes"": 15, ""min_samples_leaf"": 10}",5066,1855834363,1.2534260999818798
va_long_beach,hungary,histgb_natural,1,"{""l2_regularization"": 1.0, ""learning_rate"": 0.03, ""max_iter"": 300, ""max_leaf_nodes"": 15, ""min_samples_leaf"": 10}",5067,1993670164,1.2839830000011716
va_long_beach,hungary,histgb_natural,1,"{""l2_regularization"": 1.0, ""learning_rate"": 0.03, ""max_iter"": 300, ""max_leaf_nodes"": 15, ""min_samples_leaf"": 10}",5068,1839768386,1.4602817999839317
va_long_beach,hungary,histgb_natural,1,"{""l2_regularization"": 1.0, ""learning_rate"": 0.03, ""max_iter"": 300, ""max_leaf_nodes"": 15, ""min_samples_leaf"": 10}",5069,260131766,1.2102025999920443
va_long_beach,hungary,histgb_natural,1,"{""l2_regularization"": 1.0, ""learning_rate"": 0.03, ""max_iter"": 300, ""max_leaf_nodes"": 15, ""min_samples_leaf"": 10}",5070,1701789338,1.9100514999881852
va_long_beach,hungary,histgb_natural,1,"{""l2_regularization"": 1.0, ""learning_rate"": 0.03, ""max_iter"": 300, ""max_leaf_nodes"": 15, ""min_samples_leaf"": 10}",5071,2951512951,1.3074957999924663
va_long_beach,switzerland,histgb_natural,1,"{""l2_regularization"": 1.0, ""learning_rate"": 0.03, ""max_iter"": 300, ""max_leaf_nodes"": 15, ""min_samples_leaf"": 10}",5062,323905054,1.0930335000157356
va_long_beach,switzerland,histgb_natural,1,"{""l2_regularization"": 1.0, ""learning_rate"": 0.03, ""max_iter"": 300, ""max_leaf_nodes"": 15, ""min_samples_leaf"": 10}",5063,3537187306,1.3092905000085011
va_long_beach,switzerland,histgb_natural,1,"{""l2_regularization"": 1.0, ""learning_rate"": 0.03, ""max_iter"": 300, ""max_leaf_nodes"": 15, ""min_samples_leaf"": 10}",5064,2561666752,2.073890300001949
va_long_beach,switzerland,histgb_natural,1,"{""l2_regularization"": 1.0, ""learning_rate"": 0.03, ""max_iter"": 300, ""max_leaf_nodes"": 15, ""min_samples_leaf"": 10}",5065,1286311493,0.9212849000177812
va_long_beach,switzerland,histgb_natural,1,"{""l2_regularization"": 1.0, ""learning_rate"": 0.03, ""max_iter"": 300, ""max_leaf_nodes"": 15, ""min_samples_leaf"": 10}",5066,104851608,1.5057784999953583
va_long_beach,switzerland,histgb_natural,1,"{""l2_regularization"": 1.0, ""learning_rate"": 0.03, ""max_iter"": 300, ""max_leaf_nodes"": 15, ""min_samples_leaf"": 10}",5067,4186527753,1.4165850999997929
va_long_beach,switzerland,histgb_natural,1,"{""l2_regularization"": 1.0, ""learning_rate"": 0.03, ""max_iter"": 300, ""max_leaf_nodes"": 15, ""min_samples_leaf"": 10}",5068,2989177627,0.7895262000092771
va_long_beach,switzerland,histgb_natural,1,"{""l2_regularization"": 1.0, ""learning_rate"": 0.03, ""max_iter"": 300, ""max_leaf_nodes"": 15, ""min_samples_leaf"": 10}",5069,1624550897,1.4089764999807812
va_long_beach,switzerland,histgb_natural,1,"{""l2_regularization"": 1.0, ""learning_rate"": 0.03, ""max_iter"": 300, ""max_leaf_nodes"": 15, ""min_samples_leaf"": 10}",5070,3308736782,1.3705735999974422
va_long_beach,switzerland,histgb_natural,1,"{""l2_regularization"": 1.0, ""learning_rate"": 0.03, ""max_iter"": 300, ""max_leaf_nodes"": 15, ""min_samples_leaf"": 10}",5071,2448257507,1.297229999996489
va_long_beach,cleveland,histgb_structured,0,"{""l2_regularization"": 1.0, ""learning_rate"": 0.03, ""max_iter"": 300, ""max_leaf_nodes"": 7, ""min_samples_leaf"": 10}",5062,1177428480,0.8377449000254273
va_long_beach,cleveland,histgb_structured,0,"{""l2_regularization"": 1.0, ""learning_rate"": 0.03, ""max_iter"": 300, ""max_leaf_nodes"": 7, ""min_samples_leaf"": 10}",5063,2179509333,0.6889236999850255
va_long_beach,cleveland,histgb_structured,0,"{""l2_regularization"": 1.0, ""learning_rate"": 0.03, ""max_iter"": 300, ""max_leaf_nodes"": 7, ""min_samples_leaf"": 10}",5064,1511236792,0.7887972999888007
va_long_beach,cleveland,histgb_structured,0,"{""l2_regularization"": 1.0, ""learning_rate"": 0.03, ""max_iter"": 300, ""max_leaf_nodes"": 7, ""min_samples_leaf"": 10}",5065,3147778116,0.7018206000211649
va_long_beach,cleveland,histgb_structured,0,"{""l2_regularization"": 1.0, ""learning_rate"": 0.03, ""max_iter"": 300, ""max_leaf_nodes"": 7, ""min_samples_leaf"": 10}",5066,3231219831,0.8674254999787081
va_long_beach,cleveland,histgb_structured,0,"{""l2_regularization"": 1.0, ""learning_rate"": 0.03, ""max_iter"": 300, ""max_leaf_nodes"": 7, ""min_samples_leaf"": 10}",5067,3559452727,0.851712800009409
va_long_beach,cleveland,histgb_structured,0,"{""l2_regularization"": 1.0, ""learning_rate"": 0.03, ""max_iter"": 300, ""max_leaf_nodes"": 7, ""min_samples_leaf"": 10}",5068,823545972,0.7976440999773331
va_long_beach,cleveland,histgb_structured,0,"{""l2_regularization"": 1.0, ""learning_rate"": 0.03, ""max_iter"": 300, ""max_leaf_nodes"": 7, ""min_samples_leaf"": 10}",5069,650107120,0.8808442000008654
va_long_beach,cleveland,histgb_structured,0,"{""l2_regularization"": 1.0, ""learning_rate"": 0.03, ""max_iter"": 300, ""max_leaf_nodes"": 7, ""min_samples_leaf"": 10}",5070,2359454941,1.0038749999948777
va_long_beach,cleveland,histgb_structured,0,"{""l2_regularization"": 1.0, ""learning_rate"": 0.03, ""max_iter"": 300, ""max_leaf_nodes"": 7, ""min_samples_leaf"": 10}",5071,2054197992,0.5737865999981295
va_long_beach,hungary,histgb_structured,0,"{""l2_regularization"": 1.0, ""learning_rate"": 0.03, ""max_iter"": 300, ""max_leaf_nodes"": 7, ""min_samples_leaf"": 10}",5062,3812192119,1.12516220001271
va_long_beach,hungary,histgb_structured,0,"{""l2_regularization"": 1.0, ""learning_rate"": 0.03, ""max_iter"": 300, ""max_leaf_nodes"": 7, ""min_samples_leaf"": 10}",5063,1964346340,0.8861991000012495
va_long_beach,hungary,histgb_structured,0,"{""l2_regularization"": 1.0, ""learning_rate"": 0.03, ""max_iter"": 300, ""max_leaf_nodes"": 7, ""min_samples_leaf"": 10}",5064,382677308,0.8841189999948256
va_long_beach,hungary,histgb_structured,0,"{""l2_regularization"": 1.0, ""learning_rate"": 0.03, ""max_iter"": 300, ""max_leaf_nodes"": 7, ""min_samples_leaf"": 10}",5065,2699335361,1.0387649000040255
va_long_beach,hungary,histgb_structured,0,"{""l2_regularization"": 1.0, ""learning_rate"": 0.03, ""max_iter"": 300, ""max_leaf_nodes"": 7, ""min_samples_leaf"": 10}",5066,1622232006,1.1232957000029273
va_long_beach,hungary,histgb_structured,0,"{""l2_regularization"": 1.0, ""learning_rate"": 0.03, ""max_iter"": 300, ""max_leaf_nodes"": 7, ""min_samples_leaf"": 10}",5067,2197680553,0.8809274999948684
va_long_beach,hungary,histgb_structured,0,"{""l2_regularization"": 1.0, ""learning_rate"": 0.03, ""max_iter"": 300, ""max_leaf_nodes"": 7, ""min_samples_leaf"": 10}",5068,643492458,0.8504638000158593
va_long_beach,hungary,histgb_structured,0,"{""l2_regularization"": 1.0, ""learning_rate"": 0.03, ""max_iter"": 300, ""max_leaf_nodes"": 7, ""min_samples_leaf"": 10}",5069,1352295976,0.6236609000188764
va_long_beach,hungary,histgb_structured,0,"{""l2_regularization"": 1.0, ""learning_rate"": 0.03, ""max_iter"": 300, ""max_leaf_nodes"": 7, ""min_samples_leaf"": 10}",5070,139800034,0.7091997999814339
va_long_beach,hungary,histgb_structured,0,"{""l2_regularization"": 1.0, ""learning_rate"": 0.03, ""max_iter"": 300, ""max_leaf_nodes"": 7, ""min_samples_leaf"": 10}",5071,4107043640,0.8505606999970041
va_long_beach,switzerland,histgb_structured,0,"{""l2_regularization"": 1.0, ""learning_rate"": 0.03, ""max_iter"": 300, ""max_leaf_nodes"": 7, ""min_samples_leaf"": 10}",5062,1847972992,1.1437690000166185
va_long_beach,switzerland,histgb_structured,0,"{""l2_regularization"": 1.0, ""learning_rate"": 0.03, ""max_iter"": 300, ""max_leaf_nodes"": 7, ""min_samples_leaf"": 10}",5063,3878464163,1.429657300002873
va_long_beach,switzerland,histgb_structured,0,"{""l2_regularization"": 1.0, ""learning_rate"": 0.03, ""max_iter"": 300, ""max_leaf_nodes"": 7, ""min_samples_leaf"": 10}",5064,2263318431,0.6013508999894839
va_long_beach,switzerland,histgb_structured,0,"{""l2_regularization"": 1.0, ""learning_rate"": 0.03, ""max_iter"": 300, ""max_leaf_nodes"": 7, ""min_samples_leaf"": 10}",5065,807241240,0.9310019000258762
va_long_beach,switzerland,histgb_structured,0,"{""l2_regularization"": 1.0, ""learning_rate"": 0.03, ""max_iter"": 300, ""max_leaf_nodes"": 7, ""min_samples_leaf"": 10}",5066,2365401853,1.0045746999967378
va_long_beach,switzerland,histgb_structured,0,"{""l2_regularization"": 1.0, ""learning_rate"": 0.03, ""max_iter"": 300, ""max_leaf_nodes"": 7, ""min_samples_leaf"": 10}",5067,3556393392,1.124506599997403
va_long_beach,switzerland,histgb_structured,0,"{""l2_regularization"": 1.0, ""learning_rate"": 0.03, ""max_iter"": 300, ""max_leaf_nodes"": 7, ""min_samples_leaf"": 10}",5068,2815546627,0.965242499980377
va_long_beach,switzerland,histgb_structured,0,"{""l2_regularization"": 1.0, ""learning_rate"": 0.03, ""max_iter"": 300, ""max_leaf_nodes"": 7, ""min_samples_leaf"": 10}",5069,2978423136,0.7566598000121303
va_long_beach,switzerland,histgb_structured,0,"{""l2_regularization"": 1.0, ""learning_rate"": 0.03, ""max_iter"": 300, ""max_leaf_nodes"": 7, ""min_samples_leaf"": 10}",5070,1082548107,1.3391298000060488
va_long_beach,switzerland,histgb_structured,0,"{""l2_regularization"": 1.0, ""learning_rate"": 0.03, ""max_iter"": 300, ""max_leaf_nodes"": 7, ""min_samples_leaf"": 10}",5071,2304390259,1.1533040999784134
va_long_beach,cleveland,histgb_structured,1,"{""l2_regularization"": 1.0, ""learning_rate"": 0.03, ""max_iter"": 300, ""max_leaf_nodes"": 15, ""min_samples_leaf"": 10}",5062,2380658022,1.2563137999968603
va_long_beach,cleveland,histgb_structured,1,"{""l2_regularization"": 1.0, ""learning_rate"": 0.03, ""max_iter"": 300, ""max_leaf_nodes"": 15, ""min_samples_leaf"": 10}",5063,4045154270,1.2510195999930147
va_long_beach,cleveland,histgb_structured,1,"{""l2_regularization"": 1.0, ""learning_rate"": 0.03, ""max_iter"": 300, ""max_leaf_nodes"": 15, ""min_samples_leaf"": 10}",5064,1455646714,1.7153741999936756
va_long_beach,cleveland,histgb_structured,1,"{""l2_regularization"": 1.0, ""learning_rate"": 0.03, ""max_iter"": 300, ""max_leaf_nodes"": 15, ""min_samples_leaf"": 10}",5065,2301309587,1.0250463999982458
va_long_beach,cleveland,histgb_structured,1,"{""l2_regularization"": 1.0, ""learning_rate"": 0.03, ""max_iter"": 300, ""max_leaf_nodes"": 15, ""min_samples_leaf"": 10}",5066,59591402,1.9976225000282284
va_long_beach,cleveland,histgb_structured,1,"{""l2_regularization"": 1.0, ""learning_rate"": 0.03, ""max_iter"": 300, ""max_leaf_nodes"": 15, ""min_samples_leaf"": 10}",5067,210425997,1.746438300004229
va_long_beach,cleveland,histgb_structured,1,"{""l2_regularization"": 1.0, ""learning_rate"": 0.03, ""max_iter"": 300, ""max_leaf_nodes"": 15, ""min_samples_leaf"": 10}",5068,376053344,1.2556519999925513
va_long_beach,cleveland,histgb_structured,1,"{""l2_regularization"": 1.0, ""learning_rate"": 0.03, ""max_iter"": 300, ""max_leaf_nodes"": 15, ""min_samples_leaf"": 10}",5069,3955577978,1.4994598999910522
va_long_beach,cleveland,histgb_structured,1,"{""l2_regularization"": 1.0, ""learning_rate"": 0.03, ""max_iter"": 300, ""max_leaf_nodes"": 15, ""min_samples_leaf"": 10}",5070,2187890628,1.5594795000215527
va_long_beach,cleveland,histgb_structured,1,"{""l2_regularization"": 1.0, ""learning_rate"": 0.03, ""max_iter"": 300, ""max_leaf_nodes"": 15, ""min_samples_leaf"": 10}",5071,1489292151,0.8323650000093039
va_long_beach,hungary,histgb_structured,1,"{""l2_regularization"": 1.0, ""learning_rate"": 0.03, ""max_iter"": 300, ""max_leaf_nodes"": 15, ""min_samples_leaf"": 10}",5062,2790457667,1.0567345000163186
va_long_beach,hungary,histgb_structured,1,"{""l2_regularization"": 1.0, ""learning_rate"": 0.03, ""max_iter"": 300, ""max_leaf_nodes"": 15, ""min_samples_leaf"": 10}",5063,2866585365,1.8063482000143267
va_long_beach,hungary,histgb_structured,1,"{""l2_regularization"": 1.0, ""learning_rate"": 0.03, ""max_iter"": 300, ""max_leaf_nodes"": 15, ""min_samples_leaf"": 10}",5064,456135280,1.6535150000127032
va_long_beach,hungary,histgb_structured,1,"{""l2_regularization"": 1.0, ""learning_rate"": 0.03, ""max_iter"": 300, ""max_leaf_nodes"": 15, ""min_samples_leaf"": 10}",5065,3480432742,1.6666027999890503
va_long_beach,hungary,histgb_structured,1,"{""l2_regularization"": 1.0, ""learning_rate"": 0.03, ""max_iter"": 300, ""max_leaf_nodes"": 15, ""min_samples_leaf"": 10}",5066,3756687000,3.403486099996371
va_long_beach,hungary,histgb_structured,1,"{""l2_regularization"": 1.0, ""learning_rate"": 0.03, ""max_iter"": 300, ""max_leaf_nodes"": 15, ""min_samples_leaf"": 10}",5067,2097293065,1.7447698000178207
va_long_beach,hungary,histgb_structured,1,"{""l2_regularization"": 1.0, ""learning_rate"": 0.03, ""max_iter"": 300, ""max_leaf_nodes"": 15, ""min_samples_leaf"": 10}",5068,2599522435,1.3737812000035774
va_long_beach,hungary,histgb_structured,1,"{""l2_regularization"": 1.0, ""learning_rate"": 0.03, ""max_iter"": 300, ""max_leaf_nodes"": 15, ""min_samples_leaf"": 10}",5069,164475534,0.9017810999939684
va_long_beach,hungary,histgb_structured,1,"{""l2_regularization"": 1.0, ""learning_rate"": 0.03, ""max_iter"": 300, ""max_leaf_nodes"": 15, ""min_samples_leaf"": 10}",5070,2391722784,1.7165561000001617
va_long_beach,hungary,histgb_structured,1,"{""l2_regularization"": 1.0, ""learning_rate"": 0.03, ""max_iter"": 300, ""max_leaf_nodes"": 15, ""min_samples_leaf"": 10}",5071,348624964,1.748427399987122
va_long_beach,switzerland,histgb_structured,1,"{""l2_regularization"": 1.0, ""learning_rate"": 0.03, ""max_iter"": 300, ""max_leaf_nodes"": 15, ""min_samples_leaf"": 10}",5062,375711332,2.0225895999756176
va_long_beach,switzerland,histgb_structured,1,"{""l2_regularization"": 1.0, ""learning_rate"": 0.03, ""max_iter"": 300, ""max_leaf_nodes"": 15, ""min_samples_leaf"": 10}",5063,2343633653,2.0578380999795627
va_long_beach,switzerland,histgb_structured,1,"{""l2_regularization"": 1.0, ""learning_rate"": 0.03, ""max_iter"": 300, ""max_leaf_nodes"": 15, ""min_samples_leaf"": 10}",5064,1400135166,1.8179763999942224
va_long_beach,switzerland,histgb_structured,1,"{""l2_regularization"": 1.0, ""learning_rate"": 0.03, ""max_iter"": 300, ""max_leaf_nodes"": 15, ""min_samples_leaf"": 10}",5065,4121181040,1.8680793000094127
va_long_beach,switzerland,histgb_structured,1,"{""l2_regularization"": 1.0, ""learning_rate"": 0.03, ""max_iter"": 300, ""max_leaf_nodes"": 15, ""min_samples_leaf"": 10}",5066,1097169018,2.408507499989355
va_long_beach,switzerland,histgb_structured,1,"{""l2_regularization"": 1.0, ""learning_rate"": 0.03, ""max_iter"": 300, ""max_leaf_nodes"": 15, ""min_samples_leaf"": 10}",5067,1908967619,1.347706999978982
va_long_beach,switzerland,histgb_structured,1,"{""l2_regularization"": 1.0, ""learning_rate"": 0.03, ""max_iter"": 300, ""max_leaf_nodes"": 15, ""min_samples_leaf"": 10}",5068,402723397,1.559296000021277
va_long_beach,switzerland,histgb_structured,1,"{""l2_regularization"": 1.0, ""learning_rate"": 0.03, ""max_iter"": 300, ""max_leaf_nodes"": 15, ""min_samples_leaf"": 10}",5069,2419221445,1.906015299988212
va_long_beach,switzerland,histgb_structured,1,"{""l2_regularization"": 1.0, ""learning_rate"": 0.03, ""max_iter"": 300, ""max_leaf_nodes"": 15, ""min_samples_leaf"": 10}",5070,4203774044,2.0556959000241477
va_long_beach,switzerland,histgb_structured,1,"{""l2_regularization"": 1.0, ""learning_rate"": 0.03, ""max_iter"": 300, ""max_leaf_nodes"": 15, ""min_samples_leaf"": 10}",5071,2024898479,1.5302705999929458
