outer_target,inner_validation,experiment,variant,parameter_id,seed,epoch,objective,validation_score,mean_group_risk,robust_group_risk,mean_group_brier
cleveland,hungary,v5_site_only_dro,v5_site,0,5062,5.0,0.6448068022727966,0.5656672915995153,0.6229466199874878,0.6238507628440857,0.21634168922901154
cleveland,hungary,v5_site_only_dro,v5_site,0,5062,10.0,0.5948437452316284,0.5305705011549818,0.5734844207763672,0.5806265473365784,0.1957378089427948
cleveland,hungary,v5_site_only_dro,v5_site,0,5062,15.0,0.5651979446411133,0.5412746101707753,0.5416402816772461,0.563096284866333,0.1819368302822113
cleveland,hungary,v5_site_only_dro,v5_site,0,5062,20.0,0.5206916332244873,0.5355216729215981,0.49997225403785706,0.5168070197105408,0.1651063710451126
cleveland,hungary,v5_site_only_dro,v5_site,0,5062,25.0,0.5036197900772095,0.5509066171744976,0.48316478729248047,0.5016857981681824,0.15824763476848602
cleveland,hungary,v5_site_only_dro,v5_site,0,5062,30.0,0.4733082950115204,0.5496643652415933,0.45124351978302,0.4811372458934784,0.14591336250305176
cleveland,hungary,v5_site_only_dro,v5_site,0,5062,35.0,0.4488837718963623,0.5792056495851671,0.428739458322525,0.45413151383399963,0.13796313107013702
cleveland,hungary,v5_site_only_dro,v5_site,0,5062,40.0,0.4443255066871643,0.5997965790441563,0.4252062737941742,0.44667720794677734,0.13751520216464996
cleveland,hungary,v5_site_only_dro,v5_site,0,5062,45.0,0.4092068672180176,0.6322158852911279,0.3887321949005127,0.421342134475708,0.12322190403938293
cleveland,hungary,v5_site_only_dro,v5_site,0,5062,50.0,0.39740586280822754,0.6479609747410059,0.3778142035007477,0.40838608145713806,0.11948683857917786
cleveland,switzerland,v5_site_only_dro,v5_site,0,5062,5.0,0.5845715403556824,0.6747563091268445,0.5635575652122498,0.5716515183448792,0.18990512192249298
cleveland,switzerland,v5_site_only_dro,v5_site,0,5062,10.0,0.5603031516075134,0.6867761562869314,0.5376101732254028,0.5562570095062256,0.18031299114227295
cleveland,switzerland,v5_site_only_dro,v5_site,0,5062,15.0,0.5344873666763306,0.6530781793100853,0.5137889981269836,0.5284221172332764,0.17040057480335236
cleveland,switzerland,v5_site_only_dro,v5_site,0,5062,20.0,0.513763427734375,0.6527497207193795,0.4939987361431122,0.5077319741249084,0.16331365704536438
cleveland,switzerland,v5_site_only_dro,v5_site,0,5062,25.0,0.5062748193740845,0.6637232829507882,0.4868736267089844,0.5003220438957214,0.16039088368415833
cleveland,switzerland,v5_site_only_dro,v5_site,0,5062,30.0,0.49077707529067993,0.6682925709072234,0.47126325964927673,0.4874655306339264,0.154632568359375
cleveland,switzerland,v5_site_only_dro,v5_site,0,5062,35.0,0.47390642762184143,0.6929489920521194,0.45544078946113586,0.46960902214050293,0.1492357850074768
cleveland,switzerland,v5_site_only_dro,v5_site,0,5062,40.0,0.4650304317474365,0.6765185183162146,0.44794762134552,0.4579330384731293,0.1458643674850464
cleveland,switzerland,v5_site_only_dro,v5_site,0,5062,45.0,0.45625776052474976,0.6889453433349129,0.4395428001880646,0.44918838143348694,0.1430356502532959
cleveland,switzerland,v5_site_only_dro,v5_site,0,5062,50.0,0.44214269518852234,0.6983929111867822,0.42702117562294006,0.4321640133857727,0.13835807144641876
cleveland,switzerland,v5_site_only_dro,v5_site,0,5062,55.0,0.42771992087364197,0.7186868947173966,0.41343316435813904,0.4172039031982422,0.13344071805477142
cleveland,switzerland,v5_site_only_dro,v5_site,0,5062,60.0,0.41038158535957336,0.7162574842293543,0.39699405431747437,0.3996453285217285,0.12724730372428894
cleveland,va_long_beach,v5_site_only_dro,v5_site,0,5062,5.0,0.5331804752349854,0.6936857675310129,0.5148638486862183,0.5201813578605652,0.16987279057502747
cleveland,va_long_beach,v5_site_only_dro,v5_site,0,5062,10.0,0.46177417039871216,0.785402838684788,0.4473978579044342,0.4474737346172333,0.1435733586549759
cleveland,va_long_beach,v5_site_only_dro,v5_site,0,5062,15.0,0.44591403007507324,0.8082611916343819,0.43197980523109436,0.43282338976860046,0.13723313808441162
cleveland,va_long_beach,v5_site_only_dro,v5_site,0,5062,20.0,0.39809855818748474,0.8216366818673855,0.38488680124282837,0.38968807458877563,0.12011424452066422
cleveland,va_long_beach,v5_site_only_dro,v5_site,0,5062,25.0,0.3890794813632965,0.8415285680776422,0.37611499428749084,0.3816083073616028,0.11591168493032455
cleveland,va_long_beach,v5_site_only_dro,v5_site,0,5062,30.0,0.37292858958244324,0.925202753407659,0.3603488802909851,0.36599722504615784,0.11167637258768082
cleveland,va_long_beach,v5_site_only_dro,v5_site,0,5062,35.0,0.3490518033504486,0.9566512641466169,0.33612197637557983,0.3467883765697479,0.10263238102197647
cleveland,va_long_beach,v5_site_only_dro,v5_site,0,5062,40.0,0.3344076871871948,0.963384120797233,0.3206230401992798,0.3369992673397064,0.09690587967634201
cleveland,va_long_beach,v5_site_only_dro,v5_site,0,5062,45.0,0.31738564372062683,1.0105022455210633,0.30378904938697815,0.32139095664024353,0.09196093678474426
cleveland,hungary,v5_site_only_dro,v5_site,1,5062,5.0,0.6443861126899719,0.5495611115153274,0.6221110224723816,0.6246395111083984,0.2164296954870224
cleveland,hungary,v5_site_only_dro,v5_site,1,5062,10.0,0.586067259311676,0.5317601680605094,0.5619392991065979,0.5819007158279419,0.19137565791606903
cleveland,hungary,v5_site_only_dro,v5_site,1,5062,15.0,0.533870279788971,0.5186699186388148,0.5122379064559937,0.5308359265327454,0.16982878744602203
cleveland,hungary,v5_site_only_dro,v5_site,1,5062,20.0,0.4832286238670349,0.5442352133859828,0.46257051825523376,0.48515865206718445,0.15011070668697357
cleveland,hungary,v5_site_only_dro,v5_site,1,5062,25.0,0.45821699500083923,0.6039778954428576,0.4377206861972809,0.46321892738342285,0.1412174254655838
cleveland,hungary,v5_site_only_dro,v5_site,1,5062,30.0,0.4154963195323944,0.6038831922843548,0.3951033651828766,0.4264879822731018,0.12546800076961517
cleveland,hungary,v5_site_only_dro,v5_site,1,5062,35.0,0.4034157395362854,0.6246787352584633,0.38424456119537354,0.41195136308670044,0.12244466692209244
cleveland,hungary,v5_site_only_dro,v5_site,1,5062,40.0,0.38281503319740295,0.6474347701262566,0.36487582325935364,0.3905956447124481,0.11509226262569427
cleveland,hungary,v5_site_only_dro,v5_site,1,5062,45.0,0.3470691740512848,0.6682828291184564,0.3302129805088043,0.3568492829799652,0.10197091847658157
cleveland,hungary,v5_site_only_dro,v5_site,1,5062,50.0,0.3284080922603607,0.6713893236889796,0.31296321749687195,0.3360527455806732,0.09672484546899796
cleveland,hungary,v5_site_only_dro,v5_site,1,5062,55.0,0.33505579829216003,0.7328111250465024,0.31695109605789185,0.3498189151287079,0.09887749701738358
cleveland,switzerland,v5_site_only_dro,v5_site,1,5062,5.0,0.581316351890564,0.6710581230276105,0.5606903433799744,0.5674850940704346,0.18927307426929474
cleveland,switzerland,v5_site_only_dro,v5_site,1,5062,10.0,0.5458478331565857,0.6571621130236582,0.5248699188232422,0.538637101650238,0.17536097764968872
cleveland,switzerland,v5_site_only_dro,v5_site,1,5062,15.0,0.5206000804901123,0.6462307556035087,0.5000103116035461,0.5163378119468689,0.16507858037948608
cleveland,switzerland,v5_site_only_dro,v5_site,1,5062,20.0,0.49628761410713196,0.6394111662081778,0.4764716923236847,0.49299389123916626,0.15685349702835083
cleveland,switzerland,v5_site_only_dro,v5_site,1,5062,25.0,0.48051416873931885,0.6723426496392817,0.4615821838378906,0.4769967198371887,0.1507837325334549
cleveland,switzerland,v5_site_only_dro,v5_site,1,5062,30.0,0.4626774489879608,0.69401657437378,0.44407883286476135,0.4605719745159149,0.14475318789482117
cleveland,switzerland,v5_site_only_dro,v5_site,1,5062,35.0,0.4409675896167755,0.703830330153218,0.4242532551288605,0.4359191060066223,0.13797849416732788
cleveland,switzerland,v5_site_only_dro,v5_site,1,5062,40.0,0.4260563552379608,0.7672487040159826,0.4115442633628845,0.41637474298477173,0.1330450177192688
cleveland,switzerland,v5_site_only_dro,v5_site,1,5062,45.0,0.41703087091445923,0.7506845468475986,0.40299853682518005,0.40725716948509216,0.12967664003372192
cleveland,switzerland,v5_site_only_dro,v5_site,1,5062,50.0,0.4006201922893524,0.7978378229892067,0.38771313428878784,0.3895866870880127,0.12438681721687317
cleveland,switzerland,v5_site_only_dro,v5_site,1,5062,55.0,0.3866989314556122,0.7922866876917956,0.37440237402915955,0.3757944107055664,0.11948564648628235
cleveland,switzerland,v5_site_only_dro,v5_site,1,5062,60.0,0.36632397770881653,0.8070560679783656,0.35498934984207153,0.35531163215637207,0.11254028230905533
cleveland,va_long_beach,v5_site_only_dro,v5_site,1,5062,5.0,0.4953444302082062,0.7281770899503408,0.47864830493927,0.4829772114753723,0.1561388373374939
cleveland,va_long_beach,v5_site_only_dro,v5_site,1,5062,10.0,0.4434216022491455,0.8048512930855332,0.4295070171356201,0.43080082535743713,0.1359114795923233
cleveland,va_long_beach,v5_site_only_dro,v5_site,1,5062,15.0,0.41391101479530334,0.831760732679796,0.40077972412109375,0.40275517106056213,0.12637443840503693
cleveland,va_long_beach,v5_site_only_dro,v5_site,1,5062,20.0,0.3633013963699341,0.8977610379071543,0.3501414656639099,0.36014458537101746,0.10659167915582657
cleveland,va_long_beach,v5_site_only_dro,v5_site,1,5062,25.0,0.3441624641418457,0.9889661817311767,0.3300735652446747,0.34641990065574646,0.10002323240041733
cleveland,va_long_beach,v5_site_only_dro,v5_site,1,5062,30.0,0.33277347683906555,1.0050623929304678,0.3200480043888092,0.3315257132053375,0.09856041520833969
cleveland,va_long_beach,v5_site_only_dro,v5_site,1,5062,35.0,0.3025200366973877,1.0771119585529392,0.28874126076698303,0.30904340744018555,0.08703223615884781
cleveland,va_long_beach,v5_site_only_dro,v5_site,1,5062,40.0,0.30048486590385437,1.1400279487958094,0.2855214476585388,0.3106478750705719,0.08681809157133102
cleveland,va_long_beach,v5_site_only_dro,v5_site,1,5062,45.0,0.27500244975090027,1.1315165971822791,0.2602135241031647,0.28839245438575745,0.07744196057319641
cleveland,hungary,v5_site_only_dro,v5_site,2,5062,5.0,0.6449962258338928,0.5654879114625462,0.6229127049446106,0.6238139867782593,0.21632827818393707
cleveland,hungary,v5_site_only_dro,v5_site,2,5062,10.0,0.5968502759933472,0.530140489105798,0.5738813877105713,0.5806372165679932,0.19590987265110016
cleveland,hungary,v5_site_only_dro,v5_site,2,5062,15.0,0.5689440369606018,0.5382516121580811,0.541415274143219,0.5601035952568054,0.18184621632099152
cleveland,hungary,v5_site_only_dro,v5_site,2,5062,20.0,0.5261051654815674,0.5333927992175691,0.502792239189148,0.5161838531494141,0.166171133518219
cleveland,hungary,v5_site_only_dro,v5_site,2,5062,25.0,0.5074999928474426,0.546197248732561,0.48432132601737976,0.49896833300590515,0.15855179727077484
cleveland,hungary,v5_site_only_dro,v5_site,2,5062,30.0,0.4778200685977936,0.5468521140111424,0.4517262876033783,0.47472164034843445,0.14596116542816162
cleveland,hungary,v5_site_only_dro,v5_site,2,5062,35.0,0.45261579751968384,0.5750383048547528,0.42895689606666565,0.4486970007419586,0.137888565659523
cleveland,hungary,v5_site_only_dro,v5_site,2,5062,40.0,0.446128785610199,0.5916749413345813,0.42451897263526917,0.44032835960388184,0.13705137372016907
cleveland,hungary,v5_site_only_dro,v5_site,2,5062,45.0,0.41461804509162903,0.6318966645032662,0.3903653919696808,0.41413068771362305,0.12370017170906067
cleveland,hungary,v5_site_only_dro,v5_site,2,5062,50.0,0.3983810245990753,0.6467444423544801,0.37541866302490234,0.3976932168006897,0.11825087666511536
cleveland,switzerland,v5_site_only_dro,v5_site,2,5062,5.0,0.5873451828956604,0.6746456450544152,0.5644499659538269,0.5721855759620667,0.19027423858642578
cleveland,switzerland,v5_site_only_dro,v5_site,2,5062,10.0,0.5637511014938354,0.6863806299830888,0.5372269153594971,0.5542406439781189,0.18017292022705078
cleveland,switzerland,v5_site_only_dro,v5_site,2,5062,15.0,0.5381274223327637,0.6532217899919008,0.5143222212791443,0.5278298258781433,0.1705142706632614
cleveland,switzerland,v5_site_only_dro,v5_site,2,5062,20.0,0.5177229642868042,0.6542524390221213,0.49513542652130127,0.5075730681419373,0.16368718445301056
cleveland,switzerland,v5_site_only_dro,v5_site,2,5062,25.0,0.5090681314468384,0.664218404784603,0.48715460300445557,0.49889418482780457,0.16043727099895477
cleveland,switzerland,v5_site_only_dro,v5_site,2,5062,30.0,0.4941498935222626,0.6674988559882071,0.4715487062931061,0.48582765460014343,0.15461714565753937
cleveland,switzerland,v5_site_only_dro,v5_site,2,5062,35.0,0.4757106304168701,0.6896868354692122,0.4546659290790558,0.46698474884033203,0.14885319769382477
cleveland,switzerland,v5_site_only_dro,v5_site,2,5062,40.0,0.46546199917793274,0.6696380872519873,0.4468272626399994,0.4550134241580963,0.14541669189929962
cleveland,switzerland,v5_site_only_dro,v5_site,2,5062,45.0,0.4574199616909027,0.6806016077307304,0.43931570649147034,0.446930855512619,0.14296677708625793
cleveland,switzerland,v5_site_only_dro,v5_site,2,5062,50.0,0.44089046120643616,0.6882444500464715,0.4252578616142273,0.4290015697479248,0.13760749995708466
cleveland,switzerland,v5_site_only_dro,v5_site,2,5062,55.0,0.42663493752479553,0.7084248943519602,0.41214415431022644,0.41455158591270447,0.13287073373794556
cleveland,va_long_beach,v5_site_only_dro,v5_site,2,5062,5.0,0.5340771675109863,0.693657022621996,0.5146101713180542,0.5196048617362976,0.1696966290473938
cleveland,va_long_beach,v5_site_only_dro,v5_site,2,5062,10.0,0.46146371960639954,0.786642505922259,0.4470604956150055,0.4471871852874756,0.14339880645275116
cleveland,va_long_beach,v5_site_only_dro,v5_site,2,5062,15.0,0.4457605183124542,0.8083636736276245,0.4316464960575104,0.4324408173561096,0.13716837763786316
cleveland,va_long_beach,v5_site_only_dro,v5_site,2,5062,20.0,0.39891090989112854,0.8164068392564778,0.38478273153305054,0.3890141546726227,0.12012439221143723
cleveland,va_long_beach,v5_site_only_dro,v5_site,2,5062,25.0,0.39056262373924255,0.8372178312858587,0.3765373229980469,0.38136324286460876,0.11612331867218018
cleveland,va_long_beach,v5_site_only_dro,v5_site,2,5062,30.0,0.37392252683639526,0.9188490289255026,0.3602600395679474,0.3652472496032715,0.11168907582759857
cleveland,va_long_beach,v5_site_only_dro,v5_site,2,5062,35.0,0.3521355986595154,0.9468647428402646,0.3372432589530945,0.3464178144931793,0.1030505821108818
cleveland,va_long_beach,v5_site_only_dro,v5_site,2,5062,40.0,0.3381822109222412,0.9484230331663646,0.3212760388851166,0.3356577455997467,0.09715314954519272
cleveland,va_long_beach,v5_site_only_dro,v5_site,2,5062,45.0,0.3219437003135681,0.9955194717369641,0.3050725758075714,0.3203282356262207,0.09243319183588028
cleveland,hungary,v5_site_only_dro,v5_site,3,5062,5.0,0.6449265480041504,0.5495006759794545,0.6220315098762512,0.6245428919792175,0.2163936048746109
cleveland,hungary,v5_site_only_dro,v5_site,3,5062,10.0,0.5897254347801208,0.5291250442833036,0.5613843202590942,0.5798403024673462,0.19113151729106903
cleveland,hungary,v5_site_only_dro,v5_site,3,5062,15.0,0.5392743349075317,0.5172598508121156,0.5146699547767639,0.5297550559043884,0.17061802744865417
cleveland,hungary,v5_site_only_dro,v5_site,3,5062,20.0,0.48894891142845154,0.5408586514453768,0.464930921792984,0.4827840030193329,0.15091440081596375
cleveland,hungary,v5_site_only_dro,v5_site,3,5062,25.0,0.4622457027435303,0.595408568679477,0.4388255178928375,0.4573756158351898,0.14145134389400482
cleveland,hungary,v5_site_only_dro,v5_site,3,5062,30.0,0.4191955327987671,0.6009725265237693,0.39476898312568665,0.41859886050224304,0.1251162439584732
cleveland,hungary,v5_site_only_dro,v5_site,3,5062,35.0,0.4053562581539154,0.6270066328557113,0.3828023374080658,0.4035451412200928,0.12182492762804031
cleveland,hungary,v5_site_only_dro,v5_site,3,5062,40.0,0.38811546564102173,0.644306684540787,0.3670335114002228,0.38600364327430725,0.11596894264221191
cleveland,hungary,v5_site_only_dro,v5_site,3,5062,45.0,0.3479902744293213,0.6539784771049653,0.3278104364871979,0.3479674756526947,0.10101328045129776
cleveland,hungary,v5_site_only_dro,v5_site,3,5062,50.0,0.3344891369342804,0.6734708406655407,0.3155984878540039,0.3338705003261566,0.09754639118909836
cleveland,hungary,v5_site_only_dro,v5_site,3,5062,55.0,0.33808204531669617,0.7520869473672867,0.3147960603237152,0.3418128192424774,0.09777598828077316
cleveland,switzerland,v5_site_only_dro,v5_site,3,5062,5.0,0.5840060114860535,0.6707206257006664,0.5617991089820862,0.5682665109634399,0.1897319108247757
cleveland,switzerland,v5_site_only_dro,v5_site,3,5062,10.0,0.5494624376296997,0.6584436680069483,0.5256670713424683,0.5381273627281189,0.17565223574638367
cleveland,switzerland,v5_site_only_dro,v5_site,3,5062,15.0,0.5241876840591431,0.64767560211934,0.5002349019050598,0.5151271224021912,0.16506700217723846
cleveland,switzerland,v5_site_only_dro,v5_site,3,5062,20.0,0.4998495876789093,0.6371970308315407,0.4766322374343872,0.49171382188796997,0.15676546096801758
cleveland,switzerland,v5_site_only_dro,v5_site,3,5062,25.0,0.48204201459884644,0.6657318522882598,0.46045228838920593,0.4735936224460602,0.15019051730632782
cleveland,switzerland,v5_site_only_dro,v5_site,3,5062,30.0,0.4645129442214966,0.6828952056442799,0.44305241107940674,0.45710989832878113,0.1443178355693817
cleveland,switzerland,v5_site_only_dro,v5_site,3,5062,35.0,0.4408727288246155,0.6916772185498229,0.4225444793701172,0.4317403733730316,0.1373029500246048
cleveland,switzerland,v5_site_only_dro,v5_site,3,5062,40.0,0.4249357581138611,0.7541109259449741,0.4101807177066803,0.41320911049842834,0.1324085146188736
cleveland,switzerland,v5_site_only_dro,v5_site,3,5062,45.0,0.417543888092041,0.7426679583064764,0.4030289351940155,0.4061448574066162,0.1295696496963501
cleveland,switzerland,v5_site_only_dro,v5_site,3,5062,50.0,0.4003666341304779,0.7873193683573199,0.38739266991615295,0.3884980380535126,0.1242128387093544
cleveland,switzerland,v5_site_only_dro,v5_site,3,5062,55.0,0.3868868947029114,0.7754956823633523,0.37443679571151733,0.3754427433013916,0.11947134137153625
cleveland,switzerland,v5_site_only_dro,v5_site,3,5062,60.0,0.3679276406764984,0.7902833633933548,0.35643258690834045,0.35683146119117737,0.11295628547668457
cleveland,va_long_beach,v5_site_only_dro,v5_site,3,5062,5.0,0.4949818253517151,0.7285658444230123,0.4774644672870636,0.48138824105262756,0.15555456280708313
cleveland,va_long_beach,v5_site_only_dro,v5_site,3,5062,10.0,0.44305935502052307,0.8046248710710298,0.42883291840553284,0.43014857172966003,0.13568606972694397
cleveland,va_long_beach,v5_site_only_dro,v5_site,3,5062,15.0,0.41358545422554016,0.8300122321405324,0.4000866711139679,0.4018418490886688,0.12621188163757324
cleveland,va_long_beach,v5_site_only_dro,v5_site,3,5062,20.0,0.3654455244541168,0.8939987164664853,0.35027599334716797,0.359264612197876,0.1067521870136261
cleveland,va_long_beach,v5_site_only_dro,v5_site,3,5062,25.0,0.347760409116745,0.9767141589651873,0.33041056990623474,0.34508225321769714,0.10013989359140396
cleveland,va_long_beach,v5_site_only_dro,v5_site,3,5062,30.0,0.3351520597934723,0.9875277106556231,0.3204435408115387,0.33011069893836975,0.09874933212995529
cleveland,va_long_beach,v5_site_only_dro,v5_site,3,5062,35.0,0.3071695566177368,1.0536466902848192,0.2896125912666321,0.3072787821292877,0.08723841607570648
cleveland,va_long_beach,v5_site_only_dro,v5_site,3,5062,40.0,0.3044011890888214,1.1128459892951594,0.28481951355934143,0.3066895008087158,0.08646704256534576
cleveland,va_long_beach,v5_site_only_dro,v5_site,3,5062,45.0,0.2786352038383484,1.1162173071637076,0.25865596532821655,0.2832474410533905,0.07683518528938293
cleveland,hungary,v5_site_only_dro,v5_site,4,5062,5.0,0.6451783180236816,0.5653012395210912,0.6228721737861633,0.6237720847129822,0.2163121998310089
cleveland,hungary,v5_site_only_dro,v5_site,4,5062,10.0,0.5987123847007751,0.52973049294571,0.5743162631988525,0.580697774887085,0.19609971344470978
cleveland,hungary,v5_site_only_dro,v5_site,4,5062,15.0,0.5720543265342712,0.5358448541746665,0.5416358113288879,0.5579358339309692,0.18193456530570984
cleveland,hungary,v5_site_only_dro,v5_site,4,5062,20.0,0.5305408835411072,0.5319910198360078,0.5057950615882874,0.5164774656295776,0.16734017431735992
cleveland,hungary,v5_site_only_dro,v5_site,4,5062,25.0,0.5106328725814819,0.5421759747747931,0.48598629236221313,0.49763283133506775,0.15911680459976196
cleveland,hungary,v5_site_only_dro,v5_site,4,5062,30.0,0.4813915491104126,0.5473236233650454,0.4534339904785156,0.47117576003074646,0.14651253819465637
cleveland,hungary,v5_site_only_dro,v5_site,4,5062,35.0,0.4560943841934204,0.5717364630020236,0.430700421333313,0.44609785079956055,0.13845880329608917
cleveland,hungary,v5_site_only_dro,v5_site,4,5062,40.0,0.44796252250671387,0.5860026682973265,0.4253630042076111,0.4371982514858246,0.1372307687997818
cleveland,hungary,v5_site_only_dro,v5_site,4,5062,45.0,0.41815146803855896,0.6274404230706814,0.39187711477279663,0.41036364436149597,0.12409479171037674
cleveland,hungary,v5_site_only_dro,v5_site,4,5062,50.0,0.4003390371799469,0.6454397786874605,0.3766178488731384,0.39245182275772095,0.1184566542506218
cleveland,switzerland,v5_site_only_dro,v5_site,4,5062,5.0,0.5899877548217773,0.6745468154803373,0.565376341342926,0.5727702975273132,0.19066005945205688
cleveland,switzerland,v5_site_only_dro,v5_site,4,5062,10.0,0.566891610622406,0.6866276863610763,0.5372481942176819,0.552747905254364,0.18018664419651031
cleveland,switzerland,v5_site_only_dro,v5_site,4,5062,15.0,0.5414855480194092,0.653779169501973,0.5150429606437683,0.5275366902351379,0.17072252929210663
cleveland,switzerland,v5_site_only_dro,v5_site,4,5062,20.0,0.5213391184806824,0.6560440269499906,0.49648746848106384,0.5077366232872009,0.1641484797000885
cleveland,switzerland,v5_site_only_dro,v5_site,4,5062,25.0,0.5115172863006592,0.6653949022469734,0.4877709448337555,0.4980160892009735,0.16062480211257935
cleveland,switzerland,v5_site_only_dro,v5_site,4,5062,30.0,0.4970238506793976,0.6674398003141632,0.4721046984195709,0.4847002923488617,0.15472470223903656
cleveland,switzerland,v5_site_only_dro,v5_site,4,5062,35.0,0.47721144556999207,0.6876475076830851,0.45428329706192017,0.4650361239910126,0.14863529801368713
cleveland,switzerland,v5_site_only_dro,v5_site,4,5062,40.0,0.4655860364437103,0.6644258198922186,0.4460509717464447,0.45274898409843445,0.1451156735420227
cleveland,switzerland,v5_site_only_dro,v5_site,4,5062,45.0,0.45841118693351746,0.67360084702733,0.4395793378353119,0.4456150531768799,0.14305059611797333
cleveland,switzerland,v5_site_only_dro,v5_site,4,5062,50.0,0.43986740708351135,0.6795374940544825,0.4240725040435791,0.42685332894325256,0.13709285855293274
cleveland,switzerland,v5_site_only_dro,v5_site,4,5062,55.0,0.4258497655391693,0.6998542668284062,0.4114495813846588,0.412981241941452,0.13251453638076782
cleveland,va_long_beach,v5_site_only_dro,v5_site,4,5062,5.0,0.534896194934845,0.6936389931108168,0.5144246816635132,0.5191130638122559,0.16955184936523438
cleveland,va_long_beach,v5_site_only_dro,v5_site,4,5062,10.0,0.46126648783683777,0.7875355373784808,0.4468040466308594,0.44698578119277954,0.1432611495256424
cleveland,va_long_beach,v5_site_only_dro,v5_site,4,5062,15.0,0.4456767141819,0.8079463952530483,0.43142086267471313,0.4321417808532715,0.1371518224477768
cleveland,va_long_beach,v5_site_only_dro,v5_site,4,5062,20.0,0.39969727396965027,0.8128989650933018,0.3848992884159088,0.388601154088974,0.12021590769290924
cleveland,va_long_beach,v5_site_only_dro,v5_site,4,5062,25.0,0.3919143080711365,0.8334245236199069,0.3770771026611328,0.3813420236110687,0.11638513952493668
cleveland,va_long_beach,v5_site_only_dro,v5_site,4,5062,30.0,0.37491366267204285,0.9131428311020604,0.36041027307510376,0.36484384536743164,0.11178212612867355
cleveland,va_long_beach,v5_site_only_dro,v5_site,4,5062,35.0,0.35479068756103516,0.9380745076517171,0.3385182321071625,0.3464115262031555,0.10352475196123123
cleveland,va_long_beach,v5_site_only_dro,v5_site,4,5062,40.0,0.3415173590183258,0.935401346783804,0.3222995400428772,0.33491799235343933,0.09753958880901337
cleveland,va_long_beach,v5_site_only_dro,v5_site,4,5062,45.0,0.3259247839450836,0.981352335083203,0.30671426653862,0.31992778182029724,0.09300367534160614
cleveland,hungary,v5_site_only_dro,v5_site,5,5062,5.0,0.6454957127571106,0.5494550408706897,0.6219855546951294,0.6244825720787048,0.21637387573719025
cleveland,hungary,v5_site_only_dro,v5_site,5,5062,10.0,0.5929652452468872,0.5267877542734427,0.5610783696174622,0.578129231929779,0.19098728895187378
cleveland,hungary,v5_site_only_dro,v5_site,5,5062,15.0,0.5439324975013733,0.5163443332279082,0.5175007581710815,0.5298608541488647,0.17161642014980316
cleveland,hungary,v5_site_only_dro,v5_site,5,5062,20.0,0.49380606412887573,0.5381643996769858,0.46793365478515625,0.482162207365036,0.15201014280319214
cleveland,hungary,v5_site_only_dro,v5_site,5,5062,25.0,0.46563684940338135,0.5887253733038771,0.441188246011734,0.4548305571079254,0.14216859638690948
cleveland,hungary,v5_site_only_dro,v5_site,5,5062,30.0,0.4227442145347595,0.597226177521902,0.3964495360851288,0.41477346420288086,0.125517338514328
cleveland,hungary,v5_site_only_dro,v5_site,5,5062,35.0,0.40839457511901855,0.6280703141271853,0.38450029492378235,0.4000357687473297,0.12242688238620758
cleveland,hungary,v5_site_only_dro,v5_site,5,5062,40.0,0.39352524280548096,0.6447158507246865,0.37125110626220703,0.3853127062320709,0.11727939546108246
cleveland,hungary,v5_site_only_dro,v5_site,5,5062,45.0,0.3513132631778717,0.6440379750937198,0.329908162355423,0.3448850214481354,0.1017245501279831
cleveland,hungary,v5_site_only_dro,v5_site,5,5062,50.0,0.3409683108329773,0.6723689221737016,0.32109498977661133,0.3342958390712738,0.0997268334031105
cleveland,hungary,v5_site_only_dro,v5_site,5,5062,55.0,0.3378758728504181,0.7549449939598165,0.3129107356071472,0.3333258628845215,0.09653773158788681
cleveland,switzerland,v5_site_only_dro,v5_site,5,5062,5.0,0.5865799784660339,0.6704899485703658,0.5629431009292603,0.5690976977348328,0.19020956754684448
cleveland,switzerland,v5_site_only_dro,v5_site,5,5062,10.0,0.5527711510658264,0.6602192897898396,0.5267425179481506,0.5379721522331238,0.17606423795223236
cleveland,switzerland,v5_site_only_dro,v5_site,5,5062,15.0,0.5275364518165588,0.6492886816962019,0.5008328557014465,0.5144089460372925,0.16521534323692322
cleveland,switzerland,v5_site_only_dro,v5_site,5,5062,20.0,0.5030851364135742,0.6358169029112792,0.4770479202270508,0.490858793258667,0.1567908376455307
cleveland,switzerland,v5_site_only_dro,v5_site,5,5062,25.0,0.48330235481262207,0.6605936056352801,0.4598885178565979,0.47113117575645447,0.1498187929391861
cleveland,switzerland,v5_site_only_dro,v5_site,5,5062,30.0,0.465685099363327,0.6736827656825618,0.4422706663608551,0.45429402589797974,0.14396913349628448
cleveland,switzerland,v5_site_only_dro,v5_site,5,5062,35.0,0.44060343503952026,0.681213471280137,0.42147642374038696,0.428729772567749,0.1368701457977295
cleveland,switzerland,v5_site_only_dro,v5_site,5,5062,40.0,0.42434486746788025,0.7402644772697176,0.4096948802471161,0.4116091728210449,0.13214270770549774
cleveland,switzerland,v5_site_only_dro,v5_site,5,5062,45.0,0.4186180830001831,0.7308812294454765,0.4039313495159149,0.40620890259742737,0.12978564202785492
cleveland,switzerland,v5_site_only_dro,v5_site,5,5062,50.0,0.4000031650066376,0.7777205984628033,0.3871704638004303,0.38773974776268005,0.12405744940042496
cleveland,switzerland,v5_site_only_dro,v5_site,5,5062,55.0,0.38638442754745483,0.7707804443096953,0.37408044934272766,0.37458711862564087,0.11923974007368088
cleveland,switzerland,v5_site_only_dro,v5_site,5,5062,60.0,0.3675509989261627,0.7946917525172437,0.35612186789512634,0.35633182525634766,0.11271665245294571
cleveland,va_long_beach,v5_site_only_dro,v5_site,5,5062,5.0,0.4945767819881439,0.7289168142083915,0.4764164984226227,0.4799603521823883,0.1550239771604538
cleveland,va_long_beach,v5_site_only_dro,v5_site,5,5062,10.0,0.44285741448402405,0.8035589489160687,0.4283272325992584,0.4296287000179291,0.13554085791110992
cleveland,va_long_beach,v5_site_only_dro,v5_site,5,5062,15.0,0.41347816586494446,0.8278686396171059,0.3997192978858948,0.4012422561645508,0.12616652250289917
cleveland,va_long_beach,v5_site_only_dro,v5_site,5,5062,20.0,0.367529958486557,0.889817543718767,0.3507615923881531,0.3588465750217438,0.1070459857583046
cleveland,va_long_beach,v5_site_only_dro,v5_site,5,5062,25.0,0.3509444296360016,0.9634116988771761,0.33106037974357605,0.34418582916259766,0.10039962828159332
cleveland,va_long_beach,v5_site_only_dro,v5_site,5,5062,30.0,0.3374297618865967,0.9712477189330633,0.32147660851478577,0.32953307032585144,0.09910830110311508
cleveland,va_long_beach,v5_site_only_dro,v5_site,5,5062,35.0,0.3113784193992615,1.0309057035865223,0.2911836802959442,0.3064192831516266,0.08768034726381302
cleveland,va_long_beach,v5_site_only_dro,v5_site,5,5062,40.0,0.30769461393356323,1.0880566458211796,0.28472602367401123,0.3038490414619446,0.08626345545053482
cleveland,va_long_beach,v5_site_only_dro,v5_site,5,5062,45.0,0.2821473479270935,1.0981406151125352,0.25855913758277893,0.2797798216342926,0.07672708481550217
cleveland,hungary,v5_mask_only_dro,v5_mask,0,5062,5.0,0.6447635889053345,0.5663663645556678,0.6230192184448242,0.6234467625617981,0.216374933719635
cleveland,hungary,v5_mask_only_dro,v5_mask,0,5062,10.0,0.5947140455245972,0.5309691432519881,0.5732165575027466,0.5809580683708191,0.19562140107154846
cleveland,hungary,v5_mask_only_dro,v5_mask,0,5062,15.0,0.562140703201294,0.543476216865151,0.5423030853271484,0.5487700700759888,0.18220874667167664
cleveland,hungary,v5_mask_only_dro,v5_mask,0,5062,20.0,0.5158373713493347,0.5363072386894401,0.4983140230178833,0.5025915503501892,0.16453957557678223
cleveland,hungary,v5_mask_only_dro,v5_mask,0,5062,25.0,0.5024866461753845,0.5533761469838279,0.4832518398761749,0.4968128204345703,0.15844549238681793
cleveland,hungary,v5_mask_only_dro,v5_mask,0,5062,30.0,0.4700074791908264,0.5528210499565789,0.4533083140850067,0.461379736661911,0.14681315422058105
cleveland,hungary,v5_mask_only_dro,v5_mask,0,5062,35.0,0.4493041932582855,0.5841485079490238,0.43225300312042236,0.44465580582618713,0.1395048350095749
cleveland,hungary,v5_mask_only_dro,v5_mask,0,5062,40.0,0.4460262060165405,0.6014660473532618,0.4288804233074188,0.44184038043022156,0.1390579342842102
cleveland,hungary,v5_mask_only_dro,v5_mask,0,5062,45.0,0.40883317589759827,0.6283066964151489,0.39288175106048584,0.4067690074443817,0.12479612976312637
cleveland,hungary,v5_mask_only_dro,v5_mask,0,5062,50.0,0.402008056640625,0.6417943600430571,0.38367900252342224,0.40825995802879333,0.12183824926614761
cleveland,switzerland,v5_mask_only_dro,v5_mask,0,5062,5.0,0.5822805166244507,0.6744157107910618,0.5628325343132019,0.5647832751274109,0.18960298597812653
cleveland,switzerland,v5_mask_only_dro,v5_mask,0,5062,10.0,0.5573354959487915,0.6879443931294194,0.538595974445343,0.5412826538085938,0.1806785613298416
cleveland,switzerland,v5_mask_only_dro,v5_mask,0,5062,15.0,0.5309632420539856,0.6531515862843081,0.5134758353233337,0.5152680277824402,0.17039330303668976
cleveland,switzerland,v5_mask_only_dro,v5_mask,0,5062,20.0,0.5103021860122681,0.6513618672233908,0.4932420551776886,0.4962529242038727,0.16307415068149567
cleveland,switzerland,v5_mask_only_dro,v5_mask,0,5062,25.0,0.5039690732955933,0.6641758491930524,0.4870351254940033,0.49055758118629456,0.16053356230258942
cleveland,switzerland,v5_mask_only_dro,v5_mask,0,5062,30.0,0.4874821603298187,0.6692560415294575,0.47141796350479126,0.4737478196620941,0.15481707453727722
cleveland,switzerland,v5_mask_only_dro,v5_mask,0,5062,35.0,0.47274938225746155,0.6973865714884215,0.45693880319595337,0.4602237641811371,0.14989328384399414
cleveland,switzerland,v5_mask_only_dro,v5_mask,0,5062,40.0,0.4658588767051697,0.6841611705031292,0.44984543323516846,0.4552525579929352,0.1466166228055954
cleveland,switzerland,v5_mask_only_dro,v5_mask,0,5062,45.0,0.45705533027648926,0.697737627211011,0.4410410523414612,0.4476867616176605,0.14352819323539734
cleveland,switzerland,v5_mask_only_dro,v5_mask,0,5062,50.0,0.44538047909736633,0.7043348898891171,0.4302598237991333,0.4348835051059723,0.13964739441871643
cleveland,switzerland,v5_mask_only_dro,v5_mask,0,5062,55.0,0.4327180087566376,0.728328996219995,0.41660499572753906,0.4271860122680664,0.13467760384082794
cleveland,switzerland,v5_mask_only_dro,v5_mask,0,5062,60.0,0.4163637161254883,0.7222455611922056,0.40107885003089905,0.41071397066116333,0.12876108288764954
cleveland,va_long_beach,v5_mask_only_dro,v5_mask,0,5062,5.0,0.5331020951271057,0.6929080152357912,0.5152007341384888,0.5187788009643555,0.17006808519363403
cleveland,va_long_beach,v5_mask_only_dro,v5_mask,0,5062,10.0,0.46440020203590393,0.7816019189306694,0.4480226933956146,0.455980509519577,0.14388053119182587
cleveland,va_long_beach,v5_mask_only_dro,v5_mask,0,5062,15.0,0.4487082362174988,0.8038932963583737,0.4331635534763336,0.4402627944946289,0.13769878447055817
cleveland,va_long_beach,v5_mask_only_dro,v5_mask,0,5062,20.0,0.4003952443599701,0.8213211930317125,0.3862486779689789,0.39461156725883484,0.12055835872888565
cleveland,va_long_beach,v5_mask_only_dro,v5_mask,0,5062,25.0,0.39082273840904236,0.8381899320613888,0.37672296166419983,0.38666650652885437,0.11613869667053223
cleveland,va_long_beach,v5_mask_only_dro,v5_mask,0,5062,30.0,0.3761691153049469,0.9226117122599924,0.36161303520202637,0.3750208914279938,0.11204113066196442
cleveland,va_long_beach,v5_mask_only_dro,v5_mask,0,5062,35.0,0.34903356432914734,0.9632699946182507,0.33691608905792236,0.3442671000957489,0.10279709845781326
cleveland,va_long_beach,v5_mask_only_dro,v5_mask,0,5062,40.0,0.33565816283226013,0.9699899908998596,0.32216355204582214,0.33719468116760254,0.09736838936805725
cleveland,va_long_beach,v5_mask_only_dro,v5_mask,0,5062,45.0,0.31788456439971924,1.0097730363915804,0.3058634400367737,0.3169231414794922,0.09256187081336975
cleveland,hungary,v5_mask_only_dro,v5_mask,1,5062,5.0,0.6442011594772339,0.5502988205447339,0.622455894947052,0.622797429561615,0.21659834682941437
cleveland,hungary,v5_mask_only_dro,v5_mask,1,5062,10.0,0.5850972533226013,0.5343504356416158,0.5626667737960815,0.5757158398628235,0.19168196618556976
cleveland,hungary,v5_mask_only_dro,v5_mask,1,5062,15.0,0.5296266078948975,0.5210550008378798,0.5110487341880798,0.5175569653511047,0.16950838267803192
cleveland,hungary,v5_mask_only_dro,v5_mask,1,5062,20.0,0.4792901277542114,0.5457477462805089,0.4626849591732025,0.4690118730068207,0.15023455023765564
cleveland,hungary,v5_mask_only_dro,v5_mask,1,5062,25.0,0.4590142071247101,0.614636160925395,0.4397222101688385,0.4600427746772766,0.14211858808994293
cleveland,hungary,v5_mask_only_dro,v5_mask,1,5062,30.0,0.4181801378726959,0.6001647244915245,0.4020640552043915,0.4151971936225891,0.12832793593406677
cleveland,hungary,v5_mask_only_dro,v5_mask,1,5062,35.0,0.4094972014427185,0.6182008839152779,0.3918896019458771,0.41223573684692383,0.12521067261695862
cleveland,hungary,v5_mask_only_dro,v5_mask,1,5062,40.0,0.3861112594604492,0.643027340002383,0.37066805362701416,0.3857601284980774,0.11670172214508057
cleveland,hungary,v5_mask_only_dro,v5_mask,1,5062,45.0,0.355954647064209,0.6862602692208717,0.3405149579048157,0.3599282205104828,0.10586357861757278
cleveland,hungary,v5_mask_only_dro,v5_mask,1,5062,50.0,0.33950480818748474,0.6537922204968081,0.32168206572532654,0.35312673449516296,0.09961578249931335
cleveland,hungary,v5_mask_only_dro,v5_mask,1,5062,55.0,0.3521081507205963,0.7109918954265539,0.32773295044898987,0.3840954005718231,0.10284563153982162
cleveland,switzerland,v5_mask_only_dro,v5_mask,1,5062,5.0,0.5791800022125244,0.6711095783342882,0.5597684979438782,0.5618554353713989,0.1888979971408844
cleveland,switzerland,v5_mask_only_dro,v5_mask,1,5062,10.0,0.542730987071991,0.6558933192838117,0.5244112610816956,0.5276070833206177,0.17520709335803986
cleveland,switzerland,v5_mask_only_dro,v5_mask,1,5062,15.0,0.5173475742340088,0.6440187745247867,0.5004432201385498,0.5019207000732422,0.16534993052482605
cleveland,switzerland,v5_mask_only_dro,v5_mask,1,5062,20.0,0.49338075518608093,0.6430282199033811,0.4768286943435669,0.48017340898513794,0.1571587175130844
cleveland,switzerland,v5_mask_only_dro,v5_mask,1,5062,25.0,0.4798620641231537,0.6788515007162474,0.46365824341773987,0.46778175234794617,0.15172937512397766
cleveland,switzerland,v5_mask_only_dro,v5_mask,1,5062,30.0,0.46103736758232117,0.705369950761707,0.44570133090019226,0.44887685775756836,0.1454216092824936
cleveland,switzerland,v5_mask_only_dro,v5_mask,1,5062,35.0,0.44281086325645447,0.7154412706786918,0.4276984930038452,0.43242597579956055,0.1393050104379654
cleveland,switzerland,v5_mask_only_dro,v5_mask,1,5062,40.0,0.4307571351528168,0.7716130864566029,0.4152296483516693,0.4235214293003082,0.13454556465148926
cleveland,switzerland,v5_mask_only_dro,v5_mask,1,5062,45.0,0.4214356243610382,0.7496890478279559,0.40540826320648193,0.4172767698764801,0.1306024193763733
cleveland,switzerland,v5_mask_only_dro,v5_mask,1,5062,50.0,0.40300771594047546,0.8021366653866175,0.388336718082428,0.39713534712791443,0.12471304833889008
cleveland,switzerland,v5_mask_only_dro,v5_mask,1,5062,55.0,0.39289310574531555,0.7848455451176148,0.376071035861969,0.39531537890434265,0.12010955810546875
cleveland,switzerland,v5_mask_only_dro,v5_mask,1,5062,60.0,0.3731946647167206,0.7906595869277988,0.35787346959114075,0.37360915541648865,0.11387261003255844
cleveland,va_long_beach,v5_mask_only_dro,v5_mask,1,5062,5.0,0.49710822105407715,0.7263323684580651,0.48029395937919617,0.4847920536994934,0.15689729154109955
cleveland,va_long_beach,v5_mask_only_dro,v5_mask,1,5062,10.0,0.4466725289821625,0.7981844335849265,0.43072453141212463,0.43996259570121765,0.1363847702741623
cleveland,va_long_beach,v5_mask_only_dro,v5_mask,1,5062,15.0,0.4174420237541199,0.8274636386815297,0.4023851752281189,0.4118555188179016,0.1268928349018097
cleveland,va_long_beach,v5_mask_only_dro,v5_mask,1,5062,20.0,0.36434921622276306,0.888717184056444,0.3520315885543823,0.3584579527378082,0.1071104109287262
cleveland,va_long_beach,v5_mask_only_dro,v5_mask,1,5062,25.0,0.34406358003616333,0.9915414209922584,0.3316766023635864,0.34102877974510193,0.10048912465572357
cleveland,va_long_beach,v5_mask_only_dro,v5_mask,1,5062,30.0,0.3354645073413849,1.0201493964471462,0.3205482065677643,0.34087809920310974,0.09833811223506927
cleveland,va_long_beach,v5_mask_only_dro,v5_mask,1,5062,35.0,0.3018883466720581,1.0834870096376985,0.291206032037735,0.298828661441803,0.0877666026353836
cleveland,va_long_beach,v5_mask_only_dro,v5_mask,1,5062,40.0,0.3028183877468109,1.1521713652198864,0.2884632647037506,0.310748815536499,0.08783727139234543
cleveland,va_long_beach,v5_mask_only_dro,v5_mask,1,5062,45.0,0.2797336280345917,1.1182436717480169,0.26815536618232727,0.2824043333530426,0.08016034215688705
cleveland,hungary,v5_mask_only_dro,v5_mask,2,5062,5.0,0.6449689269065857,0.5668149005636132,0.6231170296669006,0.6235368847846985,0.21641959249973297
cleveland,hungary,v5_mask_only_dro,v5_mask,2,5062,10.0,0.5967221856117249,0.5308755526400504,0.5733237862586975,0.580987274646759,0.1956663876771927
cleveland,hungary,v5_mask_only_dro,v5_mask,2,5062,15.0,0.5636619329452515,0.5419513837913907,0.5422795414924622,0.5486021041870117,0.18221163749694824
cleveland,hungary,v5_mask_only_dro,v5_mask,2,5062,20.0,0.5176085829734802,0.5338794700953303,0.4990820288658142,0.503166675567627,0.1648419201374054
cleveland,hungary,v5_mask_only_dro,v5_mask,2,5062,25.0,0.5059859156608582,0.5511746864977369,0.4838138222694397,0.4964365065097809,0.1586071103811264
cleveland,hungary,v5_mask_only_dro,v5_mask,2,5062,30.0,0.4726516008377075,0.5509988243413535,0.45414841175079346,0.46174097061157227,0.14706924557685852
cleveland,hungary,v5_mask_only_dro,v5_mask,2,5062,35.0,0.4535244405269623,0.5835511799239363,0.43362030386924744,0.4454320967197418,0.13998237252235413
cleveland,hungary,v5_mask_only_dro,v5_mask,2,5062,40.0,0.4500935673713684,0.5937571188126856,0.4300256371498108,0.4422813355922699,0.139400914311409
cleveland,hungary,v5_mask_only_dro,v5_mask,2,5062,45.0,0.4143260717391968,0.6226759264161253,0.3951348066329956,0.40840598940849304,0.12555666267871857
cleveland,hungary,v5_mask_only_dro,v5_mask,2,5062,50.0,0.4093884527683258,0.6343523425599589,0.38578692078590393,0.40848666429519653,0.12251649796962738
cleveland,switzerland,v5_mask_only_dro,v5_mask,2,5062,5.0,0.5828874707221985,0.6739866722823016,0.5629496574401855,0.5648958086967468,0.18964722752571106
cleveland,switzerland,v5_mask_only_dro,v5_mask,2,5062,10.0,0.5581153035163879,0.687934741790714,0.5387105941772461,0.5413762331008911,0.18071916699409485
cleveland,switzerland,v5_mask_only_dro,v5_mask,2,5062,15.0,0.5313873887062073,0.6528399347268075,0.5134624242782593,0.5152349472045898,0.17038695514202118
cleveland,switzerland,v5_mask_only_dro,v5_mask,2,5062,20.0,0.5111299157142639,0.6511137723994729,0.4933319091796875,0.4963095784187317,0.16309179365634918
cleveland,switzerland,v5_mask_only_dro,v5_mask,2,5062,25.0,0.504871129989624,0.6643432109996515,0.48708316683769226,0.49054813385009766,0.16055484116077423
cleveland,switzerland,v5_mask_only_dro,v5_mask,2,5062,30.0,0.4881047308444977,0.6684298798821184,0.4714852571487427,0.4737602174282074,0.15481989085674286
cleveland,switzerland,v5_mask_only_dro,v5_mask,2,5062,35.0,0.47377368807792664,0.6970165943521479,0.45717620849609375,0.4603784680366516,0.14996355772018433
cleveland,switzerland,v5_mask_only_dro,v5_mask,2,5062,40.0,0.46746399998664856,0.6829043081097799,0.45015791058540344,0.45542317628860474,0.1467345505952835
cleveland,switzerland,v5_mask_only_dro,v5_mask,2,5062,45.0,0.45928865671157837,0.6959460321461812,0.4416733384132385,0.44815656542778015,0.14373716711997986
cleveland,switzerland,v5_mask_only_dro,v5_mask,2,5062,50.0,0.4472237825393677,0.6984329210478076,0.4310224950313568,0.43544599413871765,0.13989543914794922
cleveland,switzerland,v5_mask_only_dro,v5_mask,2,5062,55.0,0.4363597631454468,0.7255029056815856,0.4177941381931305,0.42790594696998596,0.13509726524353027
cleveland,switzerland,v5_mask_only_dro,v5_mask,2,5062,60.0,0.4200633466243744,0.7175973136579701,0.40256765484809875,0.4117088317871094,0.12925106287002563
cleveland,va_long_beach,v5_mask_only_dro,v5_mask,2,5062,5.0,0.5340515375137329,0.6919531179967628,0.5152621865272522,0.5188255310058594,0.17007707059383392
cleveland,va_long_beach,v5_mask_only_dro,v5_mask,2,5062,10.0,0.46654078364372253,0.7794387489604562,0.44824448227882385,0.45604047179222107,0.14398311078548431
cleveland,va_long_beach,v5_mask_only_dro,v5_mask,2,5062,15.0,0.45132094621658325,0.8009611113608563,0.4340030252933502,0.4410230815410614,0.13807879388332367
cleveland,va_long_beach,v5_mask_only_dro,v5_mask,2,5062,20.0,0.40354329347610474,0.8189605677126228,0.3874145746231079,0.39547568559646606,0.12098172307014465
cleveland,va_long_beach,v5_mask_only_dro,v5_mask,2,5062,25.0,0.39431312680244446,0.8299810924170563,0.3778199255466461,0.38748836517333984,0.11659005284309387
cleveland,va_long_beach,v5_mask_only_dro,v5_mask,2,5062,30.0,0.38042202591896057,0.9115749810148124,0.36269593238830566,0.3756684362888336,0.1123986765742302
cleveland,va_long_beach,v5_mask_only_dro,v5_mask,2,5062,35.0,0.3528059124946594,0.9586262580715812,0.3388769030570984,0.34605318307876587,0.10340867191553116
cleveland,va_long_beach,v5_mask_only_dro,v5_mask,2,5062,40.0,0.34106865525245667,0.9618654957526733,0.3240911066532135,0.33844780921936035,0.09799204766750336
cleveland,va_long_beach,v5_mask_only_dro,v5_mask,2,5062,45.0,0.32343125343322754,0.9941935078464039,0.30884405970573425,0.3193208873271942,0.09348765760660172
cleveland,hungary,v5_mask_only_dro,v5_mask,3,5062,5.0,0.6443180441856384,0.5505656152638002,0.6224854588508606,0.6228286027908325,0.21660971641540527
cleveland,hungary,v5_mask_only_dro,v5_mask,3,5062,10.0,0.5882778763771057,0.5337994261202481,0.562628984451294,0.5755935907363892,0.1916659027338028
cleveland,hungary,v5_mask_only_dro,v5_mask,3,5062,15.0,0.531559407711029,0.5206806322978453,0.5114539265632629,0.5177435278892517,0.1696065217256546
cleveland,hungary,v5_mask_only_dro,v5_mask,3,5062,20.0,0.4823315441608429,0.5426220461711886,0.4643195569515228,0.470184326171875,0.15079574286937714
cleveland,hungary,v5_mask_only_dro,v5_mask,3,5062,25.0,0.4646241366863251,0.6122151133071081,0.44095277786254883,0.4597865045070648,0.14254483580589294
cleveland,hungary,v5_mask_only_dro,v5_mask,3,5062,30.0,0.4245809018611908,0.5951567952418434,0.4056573510169983,0.41757917404174805,0.12962640821933746
cleveland,hungary,v5_mask_only_dro,v5_mask,3,5062,35.0,0.416028767824173,0.612692288923022,0.39393937587738037,0.4129646420478821,0.1257675737142563
cleveland,hungary,v5_mask_only_dro,v5_mask,3,5062,40.0,0.39240336418151855,0.6345346551104304,0.37370049953460693,0.38756057620048523,0.11772818118333817
cleveland,hungary,v5_mask_only_dro,v5_mask,3,5062,45.0,0.36487117409706116,0.6875225652383019,0.34472551941871643,0.3635782301425934,0.10719288885593414
cleveland,hungary,v5_mask_only_dro,v5_mask,3,5062,50.0,0.3515344262123108,0.6372358109295413,0.3273894190788269,0.35540586709976196,0.10136768966913223
cleveland,hungary,v5_mask_only_dro,v5_mask,3,5062,55.0,0.36226218938827515,0.6810136650512029,0.3282157778739929,0.3757728636264801,0.10267844051122665
cleveland,switzerland,v5_mask_only_dro,v5_mask,3,5062,5.0,0.5797548890113831,0.6707510212678338,0.5598114728927612,0.5619141459465027,0.18892110884189606
cleveland,switzerland,v5_mask_only_dro,v5_mask,3,5062,10.0,0.5434799790382385,0.6553936886602748,0.5243847370147705,0.5275371670722961,0.17519080638885498
cleveland,switzerland,v5_mask_only_dro,v5_mask,3,5062,15.0,0.517898440361023,0.6432568243758703,0.5006284713745117,0.5020864605903625,0.1654101014137268
cleveland,switzerland,v5_mask_only_dro,v5_mask,3,5062,20.0,0.49437034130096436,0.6437914969647205,0.4769893288612366,0.4803054928779602,0.15722931921482086
cleveland,switzerland,v5_mask_only_dro,v5_mask,3,5062,25.0,0.4811543822288513,0.6773075790460312,0.463956743478775,0.4679861068725586,0.1518297642469406
cleveland,switzerland,v5_mask_only_dro,v5_mask,3,5062,30.0,0.46208301186561584,0.7037904460326768,0.44597139954566956,0.44908905029296875,0.14552800357341766
cleveland,switzerland,v5_mask_only_dro,v5_mask,3,5062,35.0,0.4447641670703888,0.7130628240415852,0.42851415276527405,0.43309488892555237,0.13959656655788422
cleveland,switzerland,v5_mask_only_dro,v5_mask,3,5062,40.0,0.43387460708618164,0.7639911613017287,0.41639599204063416,0.42436009645462036,0.13496585190296173
cleveland,switzerland,v5_mask_only_dro,v5_mask,3,5062,45.0,0.42576169967651367,0.7442990574060112,0.4070395529270172,0.4182473123073578,0.13118255138397217
cleveland,switzerland,v5_mask_only_dro,v5_mask,3,5062,50.0,0.4066523611545563,0.7952424169173957,0.3900009095668793,0.3982416093349457,0.12531113624572754
cleveland,switzerland,v5_mask_only_dro,v5_mask,3,5062,55.0,0.3991903066635132,0.7806679916774151,0.3781931698322296,0.3960203230381012,0.12083563953638077
cleveland,va_long_beach,v5_mask_only_dro,v5_mask,3,5062,5.0,0.49855998158454895,0.7244113003845125,0.48061954975128174,0.48509645462036133,0.15701979398727417
cleveland,va_long_beach,v5_mask_only_dro,v5_mask,3,5062,10.0,0.4493474066257477,0.79193367959306,0.4311632812023163,0.4402175843715668,0.13656987249851227
cleveland,va_long_beach,v5_mask_only_dro,v5_mask,3,5062,15.0,0.42054376006126404,0.8202298234614102,0.4032222330570221,0.4124200940132141,0.12722572684288025
cleveland,va_long_beach,v5_mask_only_dro,v5_mask,3,5062,20.0,0.3679000735282898,0.8748189596318636,0.3541041910648346,0.3601318895816803,0.10782032459974289
cleveland,va_long_beach,v5_mask_only_dro,v5_mask,3,5062,25.0,0.3481128513813019,0.9803845247317682,0.33337679505348206,0.34264692664146423,0.10100986063480377
cleveland,va_long_beach,v5_mask_only_dro,v5_mask,3,5062,30.0,0.3405688405036926,1.0144998276328052,0.32133570313453674,0.340120792388916,0.09840616583824158
cleveland,va_long_beach,v5_mask_only_dro,v5_mask,3,5062,35.0,0.3065131604671478,1.06644473340332,0.2939493954181671,0.3013732135295868,0.08851870149374008
cleveland,va_long_beach,v5_mask_only_dro,v5_mask,3,5062,40.0,0.3092416226863861,1.1411888638022325,0.2900799512863159,0.3107297122478485,0.08836779743432999
cleveland,va_long_beach,v5_mask_only_dro,v5_mask,3,5062,45.0,0.2861221730709076,1.0939224593654062,0.27149200439453125,0.28450679779052734,0.08122780174016953
cleveland,hungary,v5_mask_only_dro,v5_mask,4,5062,5.0,0.6452077627182007,0.5672758931953084,0.6232500672340393,0.623663067817688,0.21647925674915314
cleveland,hungary,v5_mask_only_dro,v5_mask,4,5062,10.0,0.5986843109130859,0.5307844576708083,0.5734284520149231,0.5810083746910095,0.1957094669342041
cleveland,hungary,v5_mask_only_dro,v5_mask,4,5062,15.0,0.5651893615722656,0.5404306848591436,0.5423323512077332,0.5485091209411621,0.18224413692951202
cleveland,hungary,v5_mask_only_dro,v5_mask,4,5062,20.0,0.5194054245948792,0.531699989031069,0.49995580315589905,0.5038639307022095,0.16518524289131165
cleveland,hungary,v5_mask_only_dro,v5_mask,4,5062,25.0,0.5094055533409119,0.5486470669427854,0.4846656024456024,0.4964662492275238,0.15889474749565125
cleveland,hungary,v5_mask_only_dro,v5_mask,4,5062,30.0,0.4755643308162689,0.5493189850211937,0.4554317891597748,0.46261128783226013,0.14747922122478485
cleveland,hungary,v5_mask_only_dro,v5_mask,4,5062,35.0,0.45777204632759094,0.583214400866831,0.43531036376953125,0.44651490449905396,0.14058253169059753
cleveland,hungary,v5_mask_only_dro,v5_mask,4,5062,40.0,0.4543991684913635,0.5872543436605466,0.431711345911026,0.44330263137817383,0.1399436891078949
cleveland,hungary,v5_mask_only_dro,v5_mask,4,5062,45.0,0.41985028982162476,0.6163404548224674,0.3977142572402954,0.4103727340698242,0.12642183899879456
cleveland,hungary,v5_mask_only_dro,v5_mask,4,5062,50.0,0.4162842631340027,0.6271035818310946,0.388106107711792,0.40924206376075745,0.12326184660196304
cleveland,switzerland,v5_mask_only_dro,v5_mask,4,5062,5.0,0.5835098028182983,0.6735547347824471,0.563084602355957,0.5650249719619751,0.18969903886318207
cleveland,switzerland,v5_mask_only_dro,v5_mask,4,5062,10.0,0.5588836073875427,0.6879158163318242,0.5388242602348328,0.5414687991142273,0.18075916171073914
cleveland,switzerland,v5_mask_only_dro,v5_mask,4,5062,15.0,0.5318270325660706,0.6526076445477638,0.5134720206260681,0.5152265429496765,0.17039114236831665
cleveland,switzerland,v5_mask_only_dro,v5_mask,4,5062,20.0,0.5119707584381104,0.6508868986657026,0.49344873428344727,0.4963954985141754,0.16311970353126526
cleveland,switzerland,v5_mask_only_dro,v5_mask,4,5062,25.0,0.5057950019836426,0.6645014563179922,0.4871768057346344,0.4905884861946106,0.16059398651123047
cleveland,switzerland,v5_mask_only_dro,v5_mask,4,5062,30.0,0.48875460028648376,0.6676530508387486,0.4716040790081024,0.47382545471191406,0.15484489500522614
cleveland,switzerland,v5_mask_only_dro,v5_mask,4,5062,35.0,0.4748193621635437,0.6965955120855677,0.45747143030166626,0.46059495210647583,0.1500530242919922
cleveland,switzerland,v5_mask_only_dro,v5_mask,4,5062,40.0,0.46905308961868286,0.6818732222970538,0.45052316784858704,0.45564720034599304,0.14686910808086395
cleveland,switzerland,v5_mask_only_dro,v5_mask,4,5062,45.0,0.4614892303943634,0.694487940302555,0.4423432946205139,0.4486768841743469,0.14395733177661896
cleveland,switzerland,v5_mask_only_dro,v5_mask,4,5062,50.0,0.4490611255168915,0.6932476118837134,0.4318624436855316,0.43610450625419617,0.14017127454280853
cleveland,switzerland,v5_mask_only_dro,v5_mask,4,5062,55.0,0.43990790843963623,0.7229826022594411,0.4190812110900879,0.42877694964408875,0.13554897904396057
cleveland,switzerland,v5_mask_only_dro,v5_mask,4,5062,60.0,0.42362889647483826,0.7129656654615586,0.40413108468055725,0.41282397508621216,0.12978149950504303
cleveland,va_long_beach,v5_mask_only_dro,v5_mask,4,5062,5.0,0.5348747968673706,0.6907590262077946,0.5152132511138916,0.5187568664550781,0.17003856599330902
cleveland,va_long_beach,v5_mask_only_dro,v5_mask,4,5062,10.0,0.4685928523540497,0.7771317986178232,0.4484645128250122,0.4560913145542145,0.14408238232135773
cleveland,va_long_beach,v5_mask_only_dro,v5_mask,4,5062,15.0,0.4539405107498169,0.7975749588244168,0.43488433957099915,0.4418300688266754,0.13846875727176666
cleveland,va_long_beach,v5_mask_only_dro,v5_mask,4,5062,20.0,0.4065873920917511,0.8154584935802336,0.3886260986328125,0.3963846266269684,0.12142394483089447
cleveland,va_long_beach,v5_mask_only_dro,v5_mask,4,5062,25.0,0.39778751134872437,0.8215874075650054,0.37904542684555054,0.38842296600341797,0.11708930134773254
cleveland,va_long_beach,v5_mask_only_dro,v5_mask,4,5062,30.0,0.3847247362136841,0.899382843132952,0.36396074295043945,0.3766036927700043,0.1128179207444191
cleveland,va_long_beach,v5_mask_only_dro,v5_mask,4,5062,35.0,0.3567785620689392,0.9527092640751824,0.3410945534706116,0.3481247127056122,0.10411373525857925
cleveland,va_long_beach,v5_mask_only_dro,v5_mask,4,5062,40.0,0.3463241457939148,0.9540558268843813,0.3261682093143463,0.33988484740257263,0.0986846312880516
cleveland,va_long_beach,v5_mask_only_dro,v5_mask,4,5062,45.0,0.32890406250953674,0.9782790517699294,0.31199365854263306,0.32194867730140686,0.09444160014390945
cleveland,hungary,v5_mask_only_dro,v5_mask,5,5062,5.0,0.6444501280784607,0.5508156927489174,0.622530460357666,0.6228732466697693,0.21662600338459015
cleveland,hungary,v5_mask_only_dro,v5_mask,5,5062,10.0,0.5913454294204712,0.533337710786036,0.5625356435775757,0.5753976702690125,0.19163230061531067
cleveland,hungary,v5_mask_only_dro,v5_mask,5,5062,15.0,0.5335347056388855,0.5203984797912672,0.5119850635528564,0.5180830359458923,0.16976149380207062
cleveland,hungary,v5_mask_only_dro,v5_mask,5,5062,20.0,0.4852215647697449,0.5398924513753464,0.46599140763282776,0.4714473783969879,0.15138192474842072
cleveland,hungary,v5_mask_only_dro,v5_mask,5,5062,25.0,0.46996745467185974,0.609501941710899,0.4424639344215393,0.4600599408149719,0.14306505024433136
cleveland,hungary,v5_mask_only_dro,v5_mask,5,5062,30.0,0.43059834837913513,0.5909255712302686,0.4093150496482849,0.42023277282714844,0.13094981014728546
cleveland,hungary,v5_mask_only_dro,v5_mask,5,5062,35.0,0.421962171792984,0.6074550615566046,0.3959409296512604,0.41379261016845703,0.12632489204406738
cleveland,hungary,v5_mask_only_dro,v5_mask,5,5062,40.0,0.39855024218559265,0.627066768504312,0.3769606649875641,0.3898959159851074,0.11888149380683899
cleveland,hungary,v5_mask_only_dro,v5_mask,5,5062,45.0,0.3737713396549225,0.687885558170541,0.3491632640361786,0.36749133467674255,0.10862032324075699
cleveland,hungary,v5_mask_only_dro,v5_mask,5,5062,50.0,0.36256858706474304,0.6259440040172858,0.3333260416984558,0.3585492670536041,0.10325104743242264
cleveland,hungary,v5_mask_only_dro,v5_mask,5,5062,55.0,0.37092143297195435,0.6600284189228842,0.33047065138816833,0.3706558346748352,0.10311860591173172
cleveland,switzerland,v5_mask_only_dro,v5_mask,5,5062,5.0,0.5803214907646179,0.6703578551525442,0.5598406195640564,0.5619567036628723,0.18893790245056152
cleveland,switzerland,v5_mask_only_dro,v5_mask,5,5062,10.0,0.5442079901695251,0.6549335370244738,0.5243576169013977,0.527468204498291,0.1751745045185089
cleveland,switzerland,v5_mask_only_dro,v5_mask,5,5062,15.0,0.5184657573699951,0.6425669310755774,0.500836193561554,0.5022783279418945,0.16547949612140656
cleveland,switzerland,v5_mask_only_dro,v5_mask,5,5062,20.0,0.4953951835632324,0.6445710348553046,0.47719690203666687,0.4804854393005371,0.15731871128082275
cleveland,switzerland,v5_mask_only_dro,v5_mask,5,5062,25.0,0.48246023058891296,0.6755922630876074,0.46430864930152893,0.4682510495185852,0.1519477367401123
cleveland,switzerland,v5_mask_only_dro,v5_mask,5,5062,30.0,0.463142454624176,0.7024748136957188,0.4462844431400299,0.4493419826030731,0.14564886689186096
cleveland,switzerland,v5_mask_only_dro,v5_mask,5,5062,35.0,0.4466952979564667,0.7111656705661317,0.42936694622039795,0.4338182508945465,0.13989853858947754
cleveland,switzerland,v5_mask_only_dro,v5_mask,5,5062,40.0,0.4369089603424072,0.7567993554773553,0.4176328480243683,0.4252803921699524,0.1354043185710907
cleveland,switzerland,v5_mask_only_dro,v5_mask,5,5062,45.0,0.429796040058136,0.739237753016468,0.40865564346313477,0.41927605867385864,0.13175085186958313
cleveland,switzerland,v5_mask_only_dro,v5_mask,5,5062,50.0,0.41017237305641174,0.7889250990340091,0.39179202914237976,0.39950695633888245,0.12594126164913177
cleveland,switzerland,v5_mask_only_dro,v5_mask,5,5062,55.0,0.4052298069000244,0.7765228298342368,0.38063740730285645,0.3972020149230957,0.12168929725885391
cleveland,va_long_beach,v5_mask_only_dro,v5_mask,5,5062,5.0,0.5000729560852051,0.722228993362825,0.4810413718223572,0.4854583740234375,0.15718847513198853
cleveland,va_long_beach,v5_mask_only_dro,v5_mask,5,5062,10.0,0.4526616930961609,0.7799236323196176,0.4323151409626007,0.4411754608154297,0.13701309263706207
cleveland,va_long_beach,v5_mask_only_dro,v5_mask,5,5062,15.0,0.4243021607398987,0.8066646387779819,0.4049047529697418,0.4137189984321594,0.12786704301834106
cleveland,va_long_beach,v5_mask_only_dro,v5_mask,5,5062,20.0,0.37213775515556335,0.8553129781865059,0.35702207684516907,0.362662136554718,0.1088561862707138
cleveland,va_long_beach,v5_mask_only_dro,v5_mask,5,5062,25.0,0.3527776300907135,0.9644411324213135,0.33575916290283203,0.3448787331581116,0.10178779065608978
cleveland,va_long_beach,v5_mask_only_dro,v5_mask,5,5062,30.0,0.3463352918624878,1.0051833021675194,0.3231923282146454,0.340863436460495,0.09889642894268036
cleveland,va_long_beach,v5_mask_only_dro,v5_mask,5,5062,35.0,0.31172242760658264,1.0429906722323528,0.2973957657814026,0.3045704960823059,0.08945605903863907
cleveland,va_long_beach,v5_mask_only_dro,v5_mask,5,5062,40.0,0.31546831130981445,1.1389011298201919,0.2918854057788849,0.31148916482925415,0.08880086243152618
cleveland,va_long_beach,v5_mask_only_dro,v5_mask,5,5062,45.0,0.2911188006401062,1.0889325721595444,0.2741737365722656,0.2858302593231201,0.08202680945396423
hungary,cleveland,v5_site_only_dro,v5_site,0,5062,5.0,0.6228773593902588,0.5801322866713329,0.6011288166046143,0.605567991733551,0.20638787746429443
hungary,cleveland,v5_site_only_dro,v5_site,0,5062,10.0,0.5824306011199951,0.5932946324930628,0.5594111680984497,0.5756177306175232,0.1896781176328659
hungary,cleveland,v5_site_only_dro,v5_site,0,5062,15.0,0.5644996166229248,0.6190951738047279,0.54233318567276,0.5580756068229675,0.18230803310871124
hungary,cleveland,v5_site_only_dro,v5_site,0,5062,20.0,0.5368730425834656,0.663075993316905,0.5152612328529358,0.5332968235015869,0.1710287481546402
hungary,cleveland,v5_site_only_dro,v5_site,0,5062,25.0,0.5170351266860962,0.6827469549723113,0.4957617223262787,0.5153335928916931,0.16380448639392853
hungary,cleveland,v5_site_only_dro,v5_site,0,5062,30.0,0.4911865293979645,0.7297602775485434,0.4702564477920532,0.4922933578491211,0.15420861542224884
hungary,cleveland,v5_site_only_dro,v5_site,0,5062,35.0,0.46870654821395874,0.7910050711885587,0.44656699895858765,0.47744303941726685,0.14420568943023682
hungary,cleveland,v5_site_only_dro,v5_site,0,5062,40.0,0.444679856300354,0.81734226697175,0.420581191778183,0.4634859561920166,0.13372492790222168
hungary,cleveland,v5_site_only_dro,v5_site,0,5062,45.0,0.43342456221580505,0.8036090306281709,0.4121174216270447,0.4441637694835663,0.1329556256532669
hungary,switzerland,v5_site_only_dro,v5_site,0,5062,5.0,0.6089579463005066,0.7007982099464447,0.5867159962654114,0.5957013964653015,0.19995568692684174
hungary,switzerland,v5_site_only_dro,v5_site,0,5062,10.0,0.559248149394989,0.7784820026058279,0.5372278690338135,0.5537110567092896,0.17899450659751892
hungary,switzerland,v5_site_only_dro,v5_site,0,5062,15.0,0.5259608626365662,0.7796762088574107,0.5058953762054443,0.5192777514457703,0.16719895601272583
hungary,switzerland,v5_site_only_dro,v5_site,0,5062,20.0,0.5113754868507385,0.787449364807183,0.4917551577091217,0.505444347858429,0.16198039054870605
hungary,switzerland,v5_site_only_dro,v5_site,0,5062,25.0,0.502150297164917,0.8165090058480087,0.48260805010795593,0.49712276458740234,0.15913552045822144
hungary,switzerland,v5_site_only_dro,v5_site,0,5062,30.0,0.49246907234191895,0.8233982175637384,0.47339338064193726,0.4876551330089569,0.15510275959968567
hungary,switzerland,v5_site_only_dro,v5_site,0,5062,35.0,0.48210451006889343,0.8226715720522262,0.464444637298584,0.47425779700279236,0.15206578373908997
hungary,switzerland,v5_site_only_dro,v5_site,0,5062,40.0,0.465921550989151,0.8409243191808771,0.4492040276527405,0.4577327370643616,0.14585338532924652
hungary,switzerland,v5_site_only_dro,v5_site,0,5062,45.0,0.45633265376091003,0.8442285783122518,0.439804345369339,0.44875621795654297,0.1429033726453781
hungary,va_long_beach,v5_site_only_dro,v5_site,0,5062,5.0,0.5564896464347839,0.6803464891027573,0.5385187268257141,0.5385504364967346,0.17962989211082458
hungary,va_long_beach,v5_site_only_dro,v5_site,0,5062,10.0,0.48437273502349854,0.8590277004540978,0.46861690282821655,0.4702818989753723,0.15339598059654236
hungary,va_long_beach,v5_site_only_dro,v5_site,0,5062,15.0,0.4458993673324585,0.855811050306481,0.43130064010620117,0.4344734251499176,0.13805532455444336
hungary,va_long_beach,v5_site_only_dro,v5_site,0,5062,20.0,0.41846027970314026,0.8597213513716488,0.404999315738678,0.40733256936073303,0.12877637147903442
hungary,va_long_beach,v5_site_only_dro,v5_site,0,5062,25.0,0.3944353759288788,0.9869737871705986,0.38106608390808105,0.3866542875766754,0.11972252279520035
hungary,va_long_beach,v5_site_only_dro,v5_site,0,5062,30.0,0.38042277097702026,1.0011603232618869,0.3672018051147461,0.3735372722148895,0.1163710206747055
hungary,va_long_beach,v5_site_only_dro,v5_site,0,5062,35.0,0.3517454266548157,1.0083197346395416,0.33814892172813416,0.35036325454711914,0.10542939603328705
hungary,va_long_beach,v5_site_only_dro,v5_site,0,5062,40.0,0.35576412081718445,1.057129123014747,0.3426401913166046,0.35209178924560547,0.10761024057865143
hungary,va_long_beach,v5_site_only_dro,v5_site,0,5062,45.0,0.3203718364238739,1.107918025670417,0.30563318729400635,0.3270324170589447,0.0938882976770401
hungary,cleveland,v5_site_only_dro,v5_site,1,5062,5.0,0.6281553506851196,0.5789066042076405,0.6061867475509644,0.6104239225387573,0.20909282565116882
hungary,cleveland,v5_site_only_dro,v5_site,1,5062,10.0,0.5672926306724548,0.6258212531955656,0.5456718802452087,0.5585934519767761,0.18390335142612457
hungary,cleveland,v5_site_only_dro,v5_site,1,5062,15.0,0.5510932803153992,0.6599169267381977,0.5292471051216125,0.5458090305328369,0.17705704271793365
hungary,cleveland,v5_site_only_dro,v5_site,1,5062,20.0,0.5052034854888916,0.7088560597757125,0.4817015826702118,0.5124896168708801,0.15804913640022278
hungary,cleveland,v5_site_only_dro,v5_site,1,5062,25.0,0.4793895483016968,0.7607106335069815,0.45822975039482117,0.4833695888519287,0.14874860644340515
hungary,cleveland,v5_site_only_dro,v5_site,1,5062,30.0,0.440663605928421,0.8176783729250101,0.42113837599754333,0.44532251358032227,0.13479195535182953
hungary,cleveland,v5_site_only_dro,v5_site,1,5062,35.0,0.4055420160293579,0.831072544811346,0.3858150839805603,0.41603413224220276,0.1217217743396759
hungary,cleveland,v5_site_only_dro,v5_site,1,5062,40.0,0.3925025165081024,0.8269278086337148,0.3721318244934082,0.4069088101387024,0.11676473170518875
hungary,cleveland,v5_site_only_dro,v5_site,1,5062,45.0,0.3626539409160614,0.8079298582526606,0.3441852033138275,0.3750080168247223,0.1076304242014885
hungary,switzerland,v5_site_only_dro,v5_site,1,5062,5.0,0.6049532890319824,0.7145557682199166,0.5809308290481567,0.5979102253913879,0.19777613878250122
hungary,switzerland,v5_site_only_dro,v5_site,1,5062,10.0,0.5449103713035583,0.7653511125056516,0.5231598615646362,0.5407112836837769,0.17362631857395172
hungary,switzerland,v5_site_only_dro,v5_site,1,5062,15.0,0.5146374702453613,0.7751393390810424,0.49527236819267273,0.5074700713157654,0.16315694153308868
hungary,switzerland,v5_site_only_dro,v5_site,1,5062,20.0,0.49582573771476746,0.7962227701836813,0.4771331250667572,0.48917609453201294,0.1568189412355423
hungary,switzerland,v5_site_only_dro,v5_site,1,5062,25.0,0.4841157793998718,0.8091599699766117,0.4658689498901367,0.47758492827415466,0.15317818522453308
hungary,switzerland,v5_site_only_dro,v5_site,1,5062,30.0,0.4622509479522705,0.8452521338218795,0.44535917043685913,0.4552362859249115,0.1442251205444336
hungary,switzerland,v5_site_only_dro,v5_site,1,5062,35.0,0.4447455406188965,0.8551477863806252,0.42950814962387085,0.4349895417690277,0.13867050409317017
hungary,switzerland,v5_site_only_dro,v5_site,1,5062,40.0,0.4236363172531128,0.8834636220865655,0.4096769392490387,0.4129466116428375,0.13141946494579315
hungary,switzerland,v5_site_only_dro,v5_site,1,5062,45.0,0.4119996726512909,0.9232592276502786,0.3984341025352478,0.4014684855937958,0.12806987762451172
hungary,va_long_beach,v5_site_only_dro,v5_site,1,5062,5.0,0.5614443421363831,0.6924387258418359,0.5432489514350891,0.5432500243186951,0.18195120990276337
hungary,va_long_beach,v5_site_only_dro,v5_site,1,5062,10.0,0.47070905566215515,0.8588830590784519,0.4553498327732086,0.4575691819190979,0.14804382622241974
hungary,va_long_beach,v5_site_only_dro,v5_site,1,5062,15.0,0.41589322686195374,0.9266880779876121,0.40225374698638916,0.4060685336589813,0.12685763835906982
hungary,va_long_beach,v5_site_only_dro,v5_site,1,5062,20.0,0.39020922780036926,0.972811100041281,0.3765677213668823,0.38357898592948914,0.11888684332370758
hungary,va_long_beach,v5_site_only_dro,v5_site,1,5062,25.0,0.35716959834098816,0.9818831059523806,0.3437610864639282,0.3545917570590973,0.10700857639312744
hungary,va_long_beach,v5_site_only_dro,v5_site,1,5062,30.0,0.33284875750541687,1.08267499750644,0.3192666172981262,0.3341746926307678,0.09855108708143234
hungary,va_long_beach,v5_site_only_dro,v5_site,1,5062,35.0,0.3073002099990845,1.1639076742227434,0.2928721606731415,0.3148820400238037,0.08925601094961166
hungary,va_long_beach,v5_site_only_dro,v5_site,1,5062,40.0,0.30763816833496094,1.1918739776535956,0.2945530116558075,0.31095001101493835,0.08985912799835205
hungary,va_long_beach,v5_site_only_dro,v5_site,1,5062,45.0,0.27374517917633057,1.243779725413116,0.25938767194747925,0.2857324779033661,0.07771316915750504
hungary,cleveland,v5_site_only_dro,v5_site,2,5062,5.0,0.624254584312439,0.5805987524212153,0.6014496684074402,0.6057535409927368,0.20653036236763
hungary,cleveland,v5_site_only_dro,v5_site,2,5062,10.0,0.58506178855896,0.589582231812821,0.5591776371002197,0.5730244517326355,0.18960697948932648
hungary,cleveland,v5_site_only_dro,v5_site,2,5062,15.0,0.5691605806350708,0.6170580819783213,0.5447642207145691,0.5568855404853821,0.18335700035095215
hungary,cleveland,v5_site_only_dro,v5_site,2,5062,20.0,0.5414854288101196,0.6618753015570773,0.5172275304794312,0.5313760638237,0.17183661460876465
hungary,cleveland,v5_site_only_dro,v5_site,2,5062,25.0,0.5212965607643127,0.676537464474295,0.4973841905593872,0.5123255252838135,0.16441722214221954
hungary,cleveland,v5_site_only_dro,v5_site,2,5062,30.0,0.4958667755126953,0.7153129985984352,0.4721154570579529,0.4886367917060852,0.15490642189979553
hungary,cleveland,v5_site_only_dro,v5_site,2,5062,35.0,0.4721912443637848,0.7675252019075318,0.4463348388671875,0.46925875544548035,0.14394435286521912
hungary,cleveland,v5_site_only_dro,v5_site,2,5062,40.0,0.451384961605072,0.7831866786108832,0.4211360514163971,0.4548772871494293,0.13378305733203888
hungary,cleveland,v5_site_only_dro,v5_site,2,5062,45.0,0.4358944594860077,0.784789070568489,0.41067737340927124,0.4346756935119629,0.1321791559457779
hungary,switzerland,v5_site_only_dro,v5_site,2,5062,5.0,0.6108615398406982,0.6993261624983629,0.5865700840950012,0.5951804518699646,0.19986258447170258
hungary,switzerland,v5_site_only_dro,v5_site,2,5062,10.0,0.5620421767234802,0.7707422550992595,0.5368051528930664,0.5515117645263672,0.17883698642253876
hungary,switzerland,v5_site_only_dro,v5_site,2,5062,15.0,0.5299950838088989,0.7718321422810165,0.5073572397232056,0.5190946459770203,0.1676919162273407
hungary,switzerland,v5_site_only_dro,v5_site,2,5062,20.0,0.5146441459655762,0.7829952500379993,0.49228277802467346,0.5045914649963379,0.16207009553909302
hungary,switzerland,v5_site_only_dro,v5_site,2,5062,25.0,0.5052275657653809,0.8128038012451162,0.4828742444515228,0.49574652314186096,0.15917173027992249
hungary,switzerland,v5_site_only_dro,v5_site,2,5062,30.0,0.49466484785079956,0.818270617014613,0.4730081558227539,0.4853474795818329,0.1548701971769333
hungary,switzerland,v5_site_only_dro,v5_site,2,5062,35.0,0.4831411838531494,0.8184248558995126,0.4638858437538147,0.4720589816570282,0.15168796479701996
hungary,switzerland,v5_site_only_dro,v5_site,2,5062,40.0,0.4665122926235199,0.8371015181217554,0.44851016998291016,0.4554050862789154,0.14554636180400848
hungary,switzerland,v5_site_only_dro,v5_site,2,5062,45.0,0.45765289664268494,0.8418601412269519,0.4397567808628082,0.4469979405403137,0.1427551954984665
hungary,va_long_beach,v5_site_only_dro,v5_site,2,5062,5.0,0.5567029118537903,0.6800263147578687,0.5387039184570312,0.5387566685676575,0.1797267645597458
hungary,va_long_beach,v5_site_only_dro,v5_site,2,5062,10.0,0.48511484265327454,0.8574507355104256,0.4690086543560028,0.4705076217651367,0.1535668671131134
hungary,va_long_beach,v5_site_only_dro,v5_site,2,5062,15.0,0.44668659567832947,0.8526041677632156,0.43146994709968567,0.43427687883377075,0.13813164830207825
hungary,va_long_beach,v5_site_only_dro,v5_site,2,5062,20.0,0.4193646013736725,0.8590607839873883,0.40546301007270813,0.40747275948524475,0.12896718084812164
hungary,va_long_beach,v5_site_only_dro,v5_site,2,5062,25.0,0.39597436785697937,0.9838183574172886,0.3815084993839264,0.3864596486091614,0.11990291625261307
hungary,va_long_beach,v5_site_only_dro,v5_site,2,5062,30.0,0.38206014037132263,0.9956783114285603,0.36774149537086487,0.3730681538581848,0.11655312031507492
hungary,va_long_beach,v5_site_only_dro,v5_site,2,5062,35.0,0.3547789752483368,0.9979685332054635,0.3389821946620941,0.3494223654270172,0.10576696693897247
hungary,va_long_beach,v5_site_only_dro,v5_site,2,5062,40.0,0.35873883962631226,1.045826360992225,0.3440922796726227,0.35176610946655273,0.10809651017189026
hungary,va_long_beach,v5_site_only_dro,v5_site,2,5062,45.0,0.32531440258026123,1.095274317051075,0.3066553473472595,0.3251210153102875,0.09426241368055344
hungary,cleveland,v5_site_only_dro,v5_site,3,5062,5.0,0.629750669002533,0.578975069635381,0.6068075895309448,0.6108143925666809,0.20939667522907257
hungary,cleveland,v5_site_only_dro,v5_site,3,5062,10.0,0.5704744458198547,0.6242095633053748,0.546891450881958,0.5571810603141785,0.18438167870044708
hungary,cleveland,v5_site_only_dro,v5_site,3,5062,15.0,0.555007815361023,0.663168399963288,0.5309111475944519,0.5435628890991211,0.1777074933052063
hungary,cleveland,v5_site_only_dro,v5_site,3,5062,20.0,0.5116004943847656,0.7020240093555257,0.48339346051216125,0.5080660581588745,0.15870758891105652
hungary,cleveland,v5_site_only_dro,v5_site,3,5062,25.0,0.4836047887802124,0.7372717606177844,0.4589245021343231,0.47850972414016724,0.14887699484825134
hungary,cleveland,v5_site_only_dro,v5_site,3,5062,30.0,0.44208192825317383,0.7815867397081366,0.4197838008403778,0.43753328919410706,0.13423369824886322
hungary,cleveland,v5_site_only_dro,v5_site,3,5062,35.0,0.4095528721809387,0.8028629707604027,0.38639727234840393,0.4083145558834076,0.12196959555149078
hungary,cleveland,v5_site_only_dro,v5_site,3,5062,40.0,0.3987888693809509,0.7984520465234481,0.37331661581993103,0.4008113443851471,0.11724881082773209
hungary,cleveland,v5_site_only_dro,v5_site,3,5062,45.0,0.36631888151168823,0.7957156592152868,0.3443756103515625,0.3667841851711273,0.10738983750343323
hungary,switzerland,v5_site_only_dro,v5_site,3,5062,5.0,0.6065580248832703,0.712693670290889,0.5789476633071899,0.5947933197021484,0.1968751698732376
hungary,switzerland,v5_site_only_dro,v5_site,3,5062,10.0,0.547738790512085,0.7575401950970269,0.5224948525428772,0.5383159518241882,0.1733340471982956
hungary,switzerland,v5_site_only_dro,v5_site,3,5062,15.0,0.5180625915527344,0.771842796552572,0.49616506695747375,0.5072705149650574,0.16344812512397766
hungary,switzerland,v5_site_only_dro,v5_site,3,5062,20.0,0.4976344406604767,0.7926483130514873,0.4766840934753418,0.4872860014438629,0.15649397671222687
hungary,switzerland,v5_site_only_dro,v5_site,3,5062,25.0,0.4865817725658417,0.8081582227086561,0.46627944707870483,0.47623300552368164,0.1532554179430008
hungary,switzerland,v5_site_only_dro,v5_site,3,5062,30.0,0.46255239844322205,0.8418504780061626,0.4440956115722656,0.4522629678249359,0.1437309831380844
hungary,switzerland,v5_site_only_dro,v5_site,3,5062,35.0,0.4436802268028259,0.8517838747688489,0.42797452211380005,0.431803435087204,0.13791252672672272
hungary,switzerland,v5_site_only_dro,v5_site,3,5062,40.0,0.42258960008621216,0.8844612170918911,0.4084010124206543,0.4105829894542694,0.13097578287124634
hungary,switzerland,v5_site_only_dro,v5_site,3,5062,45.0,0.4122161269187927,0.9114115142346901,0.39835354685783386,0.4004668891429901,0.12805907428264618
hungary,va_long_beach,v5_site_only_dro,v5_site,3,5062,5.0,0.5619372725486755,0.6920426744012664,0.5437229871749878,0.5437230467796326,0.1821429282426834
hungary,va_long_beach,v5_site_only_dro,v5_site,3,5062,10.0,0.47175779938697815,0.8560921773925549,0.4559778571128845,0.4578673839569092,0.14835190773010254
hungary,va_long_beach,v5_site_only_dro,v5_site,3,5062,15.0,0.4172080159187317,0.92605911705923,0.4027903378009796,0.40620800852775574,0.12708835303783417
hungary,va_long_beach,v5_site_only_dro,v5_site,3,5062,20.0,0.39191001653671265,0.9677620517742571,0.3768533766269684,0.3831724226474762,0.11897121369838715
hungary,va_long_beach,v5_site_only_dro,v5_site,3,5062,25.0,0.3599777817726135,0.9715551165908605,0.3446331024169922,0.35386180877685547,0.10730332136154175
hungary,va_long_beach,v5_site_only_dro,v5_site,3,5062,30.0,0.3368285596370697,1.0703011768772894,0.32068657875061035,0.33313894271850586,0.09915798157453537
hungary,va_long_beach,v5_site_only_dro,v5_site,3,5062,35.0,0.31235843896865845,1.1420830795674441,0.2941937744617462,0.31255680322647095,0.08983124047517776
hungary,va_long_beach,v5_site_only_dro,v5_site,3,5062,40.0,0.31085819005966187,1.175771323359015,0.2950003445148468,0.30872854590415955,0.08993750065565109
hungary,va_long_beach,v5_site_only_dro,v5_site,3,5062,45.0,0.2786521315574646,1.2255300610580766,0.26007992029190063,0.2816009521484375,0.07811681181192398
hungary,cleveland,v5_site_only_dro,v5_site,4,5062,5.0,0.6255937814712524,0.5811117048409704,0.6017978191375732,0.60596764087677,0.20668600499629974
hungary,cleveland,v5_site_only_dro,v5_site,4,5062,10.0,0.5871764421463013,0.5863882119294543,0.5593216419219971,0.5711715817451477,0.1896735578775406
hungary,cleveland,v5_site_only_dro,v5_site,4,5062,15.0,0.5728184580802917,0.6155762689381672,0.5472729206085205,0.5567429661750793,0.1844300478696823
hungary,cleveland,v5_site_only_dro,v5_site,4,5062,20.0,0.5451338887214661,0.6614435091638133,0.5193918347358704,0.5306798219680786,0.17276065051555634
hungary,cleveland,v5_site_only_dro,v5_site,4,5062,25.0,0.5247119069099426,0.6721080269197696,0.49950680136680603,0.5110781192779541,0.16526636481285095
hungary,cleveland,v5_site_only_dro,v5_site,4,5062,30.0,0.49958646297454834,0.7046808823655695,0.4745790660381317,0.4871424734592438,0.1558482050895691
hungary,cleveland,v5_site_only_dro,v5_site,4,5062,35.0,0.4746435284614563,0.7493133263123054,0.44728967547416687,0.4645402431488037,0.1441592127084732
hungary,cleveland,v5_site_only_dro,v5_site,4,5062,40.0,0.45636263489723206,0.7570868635141614,0.4225575923919678,0.4497199058532715,0.13433296978473663
hungary,cleveland,v5_site_only_dro,v5_site,4,5062,45.0,0.4380498230457306,0.7686902062532567,0.4109400808811188,0.42946353554725647,0.13217155635356903
hungary,switzerland,v5_site_only_dro,v5_site,4,5062,5.0,0.6126685738563538,0.6979302381376882,0.586507260799408,0.5947481393814087,0.19980692863464355
hungary,switzerland,v5_site_only_dro,v5_site,4,5062,10.0,0.5645902752876282,0.7640401391880167,0.5368294715881348,0.5499963164329529,0.1788567155599594
hungary,switzerland,v5_site_only_dro,v5_site,4,5062,15.0,0.5336306095123291,0.7651219260430175,0.5090823769569397,0.5193732380867004,0.1683007925748825
hungary,switzerland,v5_site_only_dro,v5_site,4,5062,20.0,0.5175702571868896,0.778847120781979,0.49304062128067017,0.5041123032569885,0.16225886344909668
hungary,switzerland,v5_site_only_dro,v5_site,4,5062,25.0,0.507988452911377,0.809141454093974,0.4834531247615814,0.4949231743812561,0.1593276411294937
hungary,switzerland,v5_site_only_dro,v5_site,4,5062,30.0,0.49661076068878174,0.8133977366733769,0.47304221987724304,0.483826220035553,0.15480513870716095
hungary,switzerland,v5_site_only_dro,v5_site,4,5062,35.0,0.48401325941085815,0.8142381716470639,0.4636859893798828,0.4705919325351715,0.15147797763347626
hungary,switzerland,v5_site_only_dro,v5_site,4,5062,40.0,0.4671272337436676,0.8335465582142398,0.44835588335990906,0.4539906680583954,0.14545273780822754
hungary,switzerland,v5_site_only_dro,v5_site,4,5062,45.0,0.4586305618286133,0.8404412472567155,0.4399183690547943,0.44583946466445923,0.14271363615989685
hungary,va_long_beach,v5_site_only_dro,v5_site,4,5062,5.0,0.556842029094696,0.6796385643238254,0.5388067960739136,0.5388823747634888,0.17978565394878387
hungary,va_long_beach,v5_site_only_dro,v5_site,4,5062,10.0,0.4857047200202942,0.8560664279871852,0.4693094491958618,0.4706760346889496,0.15370340645313263
hungary,va_long_beach,v5_site_only_dro,v5_site,4,5062,15.0,0.4473474323749542,0.8497036091228195,0.43164727091789246,0.4341529309749603,0.13820914924144745
hungary,va_long_beach,v5_site_only_dro,v5_site,4,5062,20.0,0.42012709379196167,0.8585173645122645,0.4058978855609894,0.4076506197452545,0.12914660573005676
hungary,va_long_beach,v5_site_only_dro,v5_site,4,5062,25.0,0.39729413390159607,0.9807861951203312,0.3819614350795746,0.38639363646507263,0.12008534371852875
hungary,va_long_beach,v5_site_only_dro,v5_site,4,5062,30.0,0.383431077003479,0.9907319238254977,0.36837658286094666,0.37288060784339905,0.11676452308893204
hungary,va_long_beach,v5_site_only_dro,v5_site,4,5062,35.0,0.3574487268924713,0.9890747386783589,0.3401098847389221,0.34906768798828125,0.10620502382516861
hungary,va_long_beach,v5_site_only_dro,v5_site,4,5062,40.0,0.3611001670360565,1.0360307258930228,0.34552139043807983,0.3518185615539551,0.10855887085199356
hungary,va_long_beach,v5_site_only_dro,v5_site,4,5062,45.0,0.3295174241065979,1.082910343506747,0.3080770671367645,0.32402798533439636,0.09477164596319199
hungary,cleveland,v5_site_only_dro,v5_site,5,5062,5.0,0.6311885714530945,0.5791222284365883,0.6073771119117737,0.6111688017845154,0.20967735350131989
hungary,cleveland,v5_site_only_dro,v5_site,5,5062,10.0,0.5731126666069031,0.6227625859644883,0.5484567880630493,0.5566640496253967,0.1850041300058365
hungary,cleveland,v5_site_only_dro,v5_site,5,5062,15.0,0.5579750537872314,0.6671846050936547,0.5327841639518738,0.5425752997398376,0.17847511172294617
hungary,cleveland,v5_site_only_dro,v5_site,5,5062,20.0,0.5163644552230835,0.6977767504819805,0.48545631766319275,0.5053974390029907,0.15952283143997192
hungary,cleveland,v5_site_only_dro,v5_site,5,5062,25.0,0.4870379567146301,0.7181268974008581,0.4604528248310089,0.4759843051433563,0.14936549961566925
hungary,cleveland,v5_site_only_dro,v5_site,5,5062,30.0,0.44288790225982666,0.7550686726376128,0.41946613788604736,0.4328097403049469,0.13414068520069122
hungary,cleveland,v5_site_only_dro,v5_site,5,5062,35.0,0.41252923011779785,0.7839715115130949,0.38752129673957825,0.4045517146587372,0.12235144525766373
hungary,cleveland,v5_site_only_dro,v5_site,5,5062,40.0,0.4042280316352844,0.7760592510204355,0.3758349120616913,0.39792171120643616,0.11828003823757172
hungary,cleveland,v5_site_only_dro,v5_site,5,5062,45.0,0.3687412738800049,0.7875929635329955,0.3451254069805145,0.36228200793266296,0.10748428851366043
hungary,switzerland,v5_site_only_dro,v5_site,5,5062,5.0,0.6080451607704163,0.7111073442387315,0.5773635506629944,0.5921201705932617,0.19614173471927643
hungary,switzerland,v5_site_only_dro,v5_site,5,5062,10.0,0.5503655672073364,0.7508762096867265,0.5222956538200378,0.5366262197494507,0.17322012782096863
hungary,switzerland,v5_site_only_dro,v5_site,5,5062,15.0,0.5211613774299622,0.7686025810059877,0.49717989563941956,0.5073158144950867,0.16379520297050476
hungary,switzerland,v5_site_only_dro,v5_site,5,5062,20.0,0.4992052912712097,0.7888986804469316,0.47653600573539734,0.4859224259853363,0.15629462897777557
hungary,switzerland,v5_site_only_dro,v5_site,5,5062,25.0,0.48865634202957153,0.8067155332704268,0.46692153811454773,0.4754435122013092,0.15343314409255981
hungary,switzerland,v5_site_only_dro,v5_site,5,5062,30.0,0.46306028962135315,0.8379604534227206,0.4435229003429413,0.4504379332065582,0.14351089298725128
hungary,switzerland,v5_site_only_dro,v5_site,5,5062,35.0,0.44289612770080566,0.8486108966388699,0.4271334707736969,0.42982062697410583,0.1374729722738266
hungary,switzerland,v5_site_only_dro,v5_site,5,5062,40.0,0.42216962575912476,0.8842834827364052,0.407987117767334,0.40944939851760864,0.130857914686203
hungary,switzerland,v5_site_only_dro,v5_site,5,5062,45.0,0.41253945231437683,0.9006809624190559,0.39859655499458313,0.4001009166240692,0.12814633548259735
hungary,va_long_beach,v5_site_only_dro,v5_site,5,5062,5.0,0.5621932744979858,0.6913354597046834,0.5439680218696594,0.543968915939331,0.1822458803653717
hungary,va_long_beach,v5_site_only_dro,v5_site,5,5062,10.0,0.47253379225730896,0.8534798774484679,0.4564599096775055,0.45807787775993347,0.14860422909259796
hungary,va_long_beach,v5_site_only_dro,v5_site,5,5062,15.0,0.41828709840774536,0.925490783057169,0.4032333195209503,0.406334787607193,0.12727665901184082
hungary,va_long_beach,v5_site_only_dro,v5_site,5,5062,20.0,0.39325186610221863,0.9636348944758344,0.3770383894443512,0.38278689980506897,0.1190209686756134
hungary,va_long_beach,v5_site_only_dro,v5_site,5,5062,25.0,0.36232873797416687,0.9631453070267918,0.34560903906822205,0.35355135798454285,0.10762973874807358
hungary,va_long_beach,v5_site_only_dro,v5_site,5,5062,30.0,0.3397634029388428,1.060652205119609,0.3219670057296753,0.3324038088321686,0.09968801587820053
hungary,va_long_beach,v5_site_only_dro,v5_site,5,5062,35.0,0.3164675831794739,1.1223058420420873,0.2959950864315033,0.31121549010276794,0.0905718132853508
hungary,va_long_beach,v5_site_only_dro,v5_site,5,5062,40.0,0.31425973773002625,1.1648036319259614,0.2967508137226105,0.3080205023288727,0.09056662023067474
hungary,va_long_beach,v5_site_only_dro,v5_site,5,5062,45.0,0.28319647908210754,1.2093319775212796,0.262149840593338,0.2796763479709625,0.07901749759912491
hungary,cleveland,v5_mask_only_dro,v5_mask,0,5062,5.0,0.6216040253639221,0.5794710865819249,0.6008023619651794,0.6015110015869141,0.20624524354934692
hungary,cleveland,v5_mask_only_dro,v5_mask,0,5062,10.0,0.5794184803962708,0.596352380994158,0.5601291656494141,0.5613152384757996,0.18992801010608673
hungary,cleveland,v5_mask_only_dro,v5_mask,0,5062,15.0,0.560297966003418,0.6206801092055649,0.5405863523483276,0.5468252301216125,0.1815188080072403
hungary,cleveland,v5_mask_only_dro,v5_mask,0,5062,20.0,0.5322445034980774,0.663747771713225,0.5142711997032166,0.51790851354599,0.1706395000219345
hungary,cleveland,v5_mask_only_dro,v5_mask,0,5062,25.0,0.5149356722831726,0.6867859547397974,0.49515500664711,0.5088152289390564,0.1636558622121811
hungary,cleveland,v5_mask_only_dro,v5_mask,0,5062,30.0,0.4879074990749359,0.7403988596124648,0.47074371576309204,0.4776202142238617,0.1544463187456131
hungary,cleveland,v5_mask_only_dro,v5_mask,0,5062,35.0,0.46691131591796875,0.8132006252473942,0.4504536986351013,0.4579574763774872,0.14581666886806488
hungary,cleveland,v5_mask_only_dro,v5_mask,0,5062,40.0,0.4404149651527405,0.8548368776344156,0.42491886019706726,0.43259555101394653,0.13576923310756683
hungary,cleveland,v5_mask_only_dro,v5_mask,0,5062,45.0,0.437244176864624,0.8157659466902163,0.4200180470943451,0.43451568484306335,0.136017307639122
hungary,switzerland,v5_mask_only_dro,v5_mask,0,5062,5.0,0.6070737838745117,0.7022339567295826,0.5868046283721924,0.5878720283508301,0.20002320408821106
hungary,switzerland,v5_mask_only_dro,v5_mask,0,5062,10.0,0.5563135147094727,0.7873631761135034,0.5380803346633911,0.5392840504646301,0.1793222427368164
hungary,switzerland,v5_mask_only_dro,v5_mask,0,5062,15.0,0.5220769643783569,0.7883051162709254,0.5047701001167297,0.507257878780365,0.16684913635253906
hungary,switzerland,v5_mask_only_dro,v5_mask,0,5062,20.0,0.5080796480178833,0.7904384805509699,0.49155670404434204,0.4928416311740875,0.1620171219110489
hungary,switzerland,v5_mask_only_dro,v5_mask,0,5062,25.0,0.4995311498641968,0.8182227269884121,0.48289018869400024,0.48573073744773865,0.15930810570716858
hungary,switzerland,v5_mask_only_dro,v5_mask,0,5062,30.0,0.49081993103027344,0.8263773010654737,0.474608838558197,0.4771904945373535,0.1556568443775177
hungary,switzerland,v5_mask_only_dro,v5_mask,0,5062,35.0,0.48222723603248596,0.8223331795784866,0.46576160192489624,0.4705229699611664,0.1527530699968338
hungary,switzerland,v5_mask_only_dro,v5_mask,0,5062,40.0,0.4667760133743286,0.8394315405740064,0.45106834173202515,0.45525646209716797,0.14660663902759552
hungary,switzerland,v5_mask_only_dro,v5_mask,0,5062,45.0,0.45649483799934387,0.8427515670302477,0.440792977809906,0.4462335705757141,0.14341741800308228
hungary,va_long_beach,v5_mask_only_dro,v5_mask,0,5062,5.0,0.5571720600128174,0.680491688214276,0.5385746359825134,0.5411115884780884,0.17963142693042755
hungary,va_long_beach,v5_mask_only_dro,v5_mask,0,5062,10.0,0.4844067394733429,0.8583310812848961,0.4682268500328064,0.47164973616600037,0.15324169397354126
hungary,va_long_beach,v5_mask_only_dro,v5_mask,0,5062,15.0,0.44718971848487854,0.8567904845448915,0.43078771233558655,0.44125843048095703,0.1378432661294937
hungary,va_long_beach,v5_mask_only_dro,v5_mask,0,5062,20.0,0.4198605716228485,0.8564397095653997,0.4047016203403473,0.41391870379447937,0.12854675948619843
hungary,va_long_beach,v5_mask_only_dro,v5_mask,0,5062,25.0,0.3958233594894409,0.9830024651526277,0.3816658556461334,0.3903406262397766,0.11988809704780579
hungary,va_long_beach,v5_mask_only_dro,v5_mask,0,5062,30.0,0.38145753741264343,0.9990732182030753,0.3669973909854889,0.37834644317626953,0.11622866243124008
hungary,va_long_beach,v5_mask_only_dro,v5_mask,0,5062,35.0,0.35282471776008606,1.0139940713878868,0.3393308222293854,0.35100576281547546,0.10575149953365326
hungary,va_long_beach,v5_mask_only_dro,v5_mask,0,5062,40.0,0.35548117756843567,1.0600872643129517,0.34158387780189514,0.35432925820350647,0.10710958391427994
hungary,va_long_beach,v5_mask_only_dro,v5_mask,0,5062,45.0,0.31938430666923523,1.1094624887633562,0.3078952133655548,0.31601235270500183,0.0945979431271553
hungary,cleveland,v5_mask_only_dro,v5_mask,1,5062,5.0,0.6268822550773621,0.5786561194444446,0.605769157409668,0.6066656112670898,0.20889006555080414
hungary,cleveland,v5_mask_only_dro,v5_mask,1,5062,10.0,0.563735842704773,0.6255574648747235,0.5449953079223633,0.5465051531791687,0.18363037705421448
hungary,cleveland,v5_mask_only_dro,v5_mask,1,5062,15.0,0.5481355786323547,0.6557906706316184,0.5286555290222168,0.5358280539512634,0.17686894536018372
hungary,cleveland,v5_mask_only_dro,v5_mask,1,5062,20.0,0.49773484468460083,0.7162216725024679,0.480584055185318,0.486164391040802,0.15755724906921387
hungary,cleveland,v5_mask_only_dro,v5_mask,1,5062,25.0,0.47954240441322327,0.7787999250400915,0.4599502384662628,0.4784599244594574,0.14964723587036133
hungary,cleveland,v5_mask_only_dro,v5_mask,1,5062,30.0,0.44427940249443054,0.8555648506108278,0.42638957500457764,0.44321489334106445,0.13683493435382843
hungary,cleveland,v5_mask_only_dro,v5_mask,1,5062,35.0,0.404703289270401,0.8675506285649207,0.3896864652633667,0.40062379837036133,0.12282485514879227
hungary,cleveland,v5_mask_only_dro,v5_mask,1,5062,40.0,0.3925110995769501,0.8586702230552203,0.37773194909095764,0.389303594827652,0.11886242777109146
hungary,cleveland,v5_mask_only_dro,v5_mask,1,5062,45.0,0.3665584921836853,0.8155358639127714,0.35142987966537476,0.3677951991558075,0.11037300527095795
hungary,switzerland,v5_mask_only_dro,v5_mask,1,5062,5.0,0.6019430756568909,0.7169180986476456,0.5818232893943787,0.5830286145210266,0.19818462431430817
hungary,switzerland,v5_mask_only_dro,v5_mask,1,5062,10.0,0.5423576831817627,0.7724155168132332,0.5246360898017883,0.5258227586746216,0.17424963414669037
hungary,switzerland,v5_mask_only_dro,v5_mask,1,5062,15.0,0.5108729004859924,0.7797390476180865,0.49407732486724854,0.4961378276348114,0.1628042757511139
hungary,switzerland,v5_mask_only_dro,v5_mask,1,5062,20.0,0.4931201934814453,0.7982399087827646,0.47689715027809143,0.47901955246925354,0.15692435204982758
hungary,switzerland,v5_mask_only_dro,v5_mask,1,5062,25.0,0.4827454090118408,0.8088891508567928,0.46636682748794556,0.470476359128952,0.1535116583108902
hungary,switzerland,v5_mask_only_dro,v5_mask,1,5062,30.0,0.4623993933200836,0.8438107700898694,0.4469441771507263,0.4508155882358551,0.14487382769584656
hungary,switzerland,v5_mask_only_dro,v5_mask,1,5062,35.0,0.4471966028213501,0.8504740165243514,0.4311264753341675,0.43962860107421875,0.13944606482982635
hungary,switzerland,v5_mask_only_dro,v5_mask,1,5062,40.0,0.427399605512619,0.8747250363467036,0.4123329520225525,0.4196588695049286,0.13235177099704742
hungary,switzerland,v5_mask_only_dro,v5_mask,1,5062,45.0,0.41462159156799316,0.9267454354088065,0.3991338014602661,0.4097664952278137,0.1282961070537567
hungary,va_long_beach,v5_mask_only_dro,v5_mask,1,5062,5.0,0.5625330805778503,0.6920893548625562,0.5433319807052612,0.5473405718803406,0.1819894015789032
hungary,va_long_beach,v5_mask_only_dro,v5_mask,1,5062,10.0,0.47080421447753906,0.8584298223368563,0.45502349734306335,0.4589850604534149,0.14790330827236176
hungary,va_long_beach,v5_mask_only_dro,v5_mask,1,5062,15.0,0.41736093163490295,0.924152175563089,0.40222445130348206,0.4120599925518036,0.1267758011817932
hungary,va_long_beach,v5_mask_only_dro,v5_mask,1,5062,20.0,0.39099815487861633,0.9713040321205377,0.37632474303245544,0.38752251863479614,0.11873980611562729
hungary,va_long_beach,v5_mask_only_dro,v5_mask,1,5062,25.0,0.35855633020401,0.9817907826775394,0.34469476342201233,0.3571961522102356,0.10736218839883804
hungary,va_long_beach,v5_mask_only_dro,v5_mask,1,5062,30.0,0.3327280879020691,1.0871526041879633,0.32024574279785156,0.3307045102119446,0.09867676347494125
hungary,va_long_beach,v5_mask_only_dro,v5_mask,1,5062,35.0,0.3073175847530365,1.1751551438026666,0.29513874650001526,0.3078859746456146,0.0899202823638916
hungary,va_long_beach,v5_mask_only_dro,v5_mask,1,5062,40.0,0.3076947033405304,1.178476517203507,0.2935701012611389,0.31424474716186523,0.0895591750741005
hungary,va_long_beach,v5_mask_only_dro,v5_mask,1,5062,45.0,0.27472686767578125,1.228082744559612,0.2644374966621399,0.2738164961338043,0.0794459879398346
hungary,cleveland,v5_mask_only_dro,v5_mask,2,5062,5.0,0.621848464012146,0.5793612994786956,0.6008670330047607,0.6015751957893372,0.20627368986606598
hungary,cleveland,v5_mask_only_dro,v5_mask,2,5062,10.0,0.5797565579414368,0.5952693679388545,0.5601757168769836,0.5613476037979126,0.1899489462375641
hungary,cleveland,v5_mask_only_dro,v5_mask,2,5062,15.0,0.5621656179428101,0.6193542437460849,0.5409329533576965,0.5470659136772156,0.18166181445121765
hungary,cleveland,v5_mask_only_dro,v5_mask,2,5062,20.0,0.5337862968444824,0.661639009032374,0.5149191617965698,0.5184774398803711,0.17088007926940918
hungary,cleveland,v5_mask_only_dro,v5_mask,2,5062,25.0,0.5183972120285034,0.6822322573636793,0.4954395294189453,0.5085975527763367,0.16378656029701233
hungary,cleveland,v5_mask_only_dro,v5_mask,2,5062,30.0,0.49072349071502686,0.7320109873649703,0.4719790816307068,0.47848454117774963,0.15491659939289093
hungary,cleveland,v5_mask_only_dro,v5_mask,2,5062,35.0,0.470696359872818,0.8063097905095244,0.4525444805622101,0.459529310464859,0.14659471809864044
hungary,cleveland,v5_mask_only_dro,v5_mask,2,5062,40.0,0.4461824595928192,0.8510366876425486,0.42886883020401,0.4360322952270508,0.13731908798217773
hungary,cleveland,v5_mask_only_dro,v5_mask,2,5062,45.0,0.44392505288124084,0.8132680061619448,0.42335045337677,0.4370792508125305,0.1371018886566162
hungary,switzerland,v5_mask_only_dro,v5_mask,2,5062,5.0,0.6072508096694946,0.7020713698236403,0.5867200493812561,0.5877847671508789,0.19998423755168915
hungary,switzerland,v5_mask_only_dro,v5_mask,2,5062,10.0,0.5565191507339478,0.787138226371332,0.5379908084869385,0.5391889810562134,0.1792925000190735
hungary,switzerland,v5_mask_only_dro,v5_mask,2,5062,15.0,0.522705078125,0.7877865522905553,0.5047850012779236,0.5072531700134277,0.1668597012758255
hungary,switzerland,v5_mask_only_dro,v5_mask,2,5062,20.0,0.5084837079048157,0.7886226588788711,0.4916449189186096,0.4929138123989105,0.16204339265823364
hungary,switzerland,v5_mask_only_dro,v5_mask,2,5062,25.0,0.5003830194473267,0.8159866276420165,0.4830486476421356,0.48584434390068054,0.15936517715454102
hungary,switzerland,v5_mask_only_dro,v5_mask,2,5062,30.0,0.491731196641922,0.823912531879361,0.47489315271377563,0.47741642594337463,0.15576393902301788
hungary,switzerland,v5_mask_only_dro,v5_mask,2,5062,35.0,0.4837060272693634,0.8179783466298476,0.46610376238822937,0.47073450684547424,0.15286894142627716
hungary,switzerland,v5_mask_only_dro,v5_mask,2,5062,40.0,0.4683665633201599,0.8342430461924955,0.4516497254371643,0.4557204246520996,0.14681489765644073
hungary,switzerland,v5_mask_only_dro,v5_mask,2,5062,45.0,0.4584602415561676,0.8380154440409446,0.44147270917892456,0.4467153549194336,0.1436619907617569
hungary,va_long_beach,v5_mask_only_dro,v5_mask,2,5062,5.0,0.5579704642295837,0.6802727872739284,0.5387395024299622,0.5412625670433044,0.1796945333480835
hungary,va_long_beach,v5_mask_only_dro,v5_mask,2,5062,10.0,0.4852255582809448,0.8560672551339601,0.4682038128376007,0.47159671783447266,0.15325304865837097
hungary,va_long_beach,v5_mask_only_dro,v5_mask,2,5062,15.0,0.44924741983413696,0.8544712215686018,0.43034854531288147,0.44061240553855896,0.13766929507255554
hungary,va_long_beach,v5_mask_only_dro,v5_mask,2,5062,20.0,0.4221707880496979,0.8525515178203515,0.40486279129981995,0.4137762188911438,0.12851279973983765
hungary,va_long_beach,v5_mask_only_dro,v5_mask,2,5062,25.0,0.39906182885169983,0.9759799967817661,0.3827621042728424,0.39130735397338867,0.1202712208032608
hungary,va_long_beach,v5_mask_only_dro,v5_mask,2,5062,30.0,0.38430389761924744,0.991627822956569,0.36727797985076904,0.37807711958885193,0.1162632554769516
hungary,va_long_beach,v5_mask_only_dro,v5_mask,2,5062,35.0,0.35712066292762756,1.0062221841273544,0.34086692333221436,0.3521215617656708,0.10626403242349625
hungary,va_long_beach,v5_mask_only_dro,v5_mask,2,5062,40.0,0.35909348726272583,1.0506504626679705,0.3422733545303345,0.3544672429561615,0.10723163932561874
hungary,va_long_beach,v5_mask_only_dro,v5_mask,2,5062,45.0,0.32417577505111694,1.0989747688370142,0.31067267060279846,0.3185744285583496,0.09552225470542908
hungary,cleveland,v5_mask_only_dro,v5_mask,3,5062,5.0,0.6272543668746948,0.5784616305355935,0.6059127449989319,0.6068043112754822,0.20895850658416748
hungary,cleveland,v5_mask_only_dro,v5_mask,3,5062,10.0,0.564130425453186,0.6235567927144507,0.5450294613838196,0.5465038418769836,0.18363791704177856
hungary,cleveland,v5_mask_only_dro,v5_mask,3,5062,15.0,0.5503648519515991,0.6539096029654363,0.5291262269020081,0.5361923575401306,0.17705558240413666
hungary,cleveland,v5_mask_only_dro,v5_mask,3,5062,20.0,0.49948158860206604,0.7130550280095203,0.4809965491294861,0.4864276945590973,0.15769441425800323
hungary,cleveland,v5_mask_only_dro,v5_mask,3,5062,25.0,0.4845190942287445,0.7714811062734832,0.46072864532470703,0.4783223271369934,0.1499360054731369
hungary,cleveland,v5_mask_only_dro,v5_mask,3,5062,30.0,0.44988733530044556,0.8489374822508244,0.4282744824886322,0.4440068304538727,0.13746680319309235
hungary,cleveland,v5_mask_only_dro,v5_mask,3,5062,35.0,0.4093348979949951,0.8641953290709563,0.3920903205871582,0.4018547236919403,0.12362369149923325
hungary,cleveland,v5_mask_only_dro,v5_mask,3,5062,40.0,0.3993901014328003,0.8513715234453709,0.38200774788856506,0.3927055299282074,0.12033462524414062
hungary,cleveland,v5_mask_only_dro,v5_mask,3,5062,45.0,0.37551039457321167,0.8035535639373952,0.35672247409820557,0.3718295991420746,0.11234340816736221
hungary,switzerland,v5_mask_only_dro,v5_mask,3,5062,5.0,0.6014086604118347,0.7168465735024632,0.5810287594795227,0.5822219252586365,0.19783340394496918
hungary,switzerland,v5_mask_only_dro,v5_mask,3,5062,10.0,0.5427696108818054,0.7715454346780166,0.5247527956962585,0.5259252786636353,0.17430615425109863
hungary,switzerland,v5_mask_only_dro,v5_mask,3,5062,15.0,0.5114032626152039,0.7793898428018902,0.4941076636314392,0.4961305558681488,0.16284193098545074
hungary,switzerland,v5_mask_only_dro,v5_mask,3,5062,20.0,0.4932766258716583,0.7959136279501555,0.4765602648258209,0.47863084077835083,0.1568107157945633
hungary,switzerland,v5_mask_only_dro,v5_mask,3,5062,25.0,0.48409533500671387,0.8072395679390751,0.46668732166290283,0.47077521681785583,0.1536405384540558
hungary,switzerland,v5_mask_only_dro,v5_mask,3,5062,30.0,0.4635412395000458,0.8400654564565793,0.4471665024757385,0.45092248916625977,0.14496751129627228
hungary,switzerland,v5_mask_only_dro,v5_mask,3,5062,35.0,0.44939517974853516,0.8438014042766948,0.4313676059246063,0.439518541097641,0.13952121138572693
hungary,switzerland,v5_mask_only_dro,v5_mask,3,5062,40.0,0.4300013780593872,0.8685234936316445,0.41321709752082825,0.4202558696269989,0.13264884054660797
hungary,switzerland,v5_mask_only_dro,v5_mask,3,5062,45.0,0.4178316295146942,0.9216072543865241,0.3999757766723633,0.4099712371826172,0.12858133018016815
hungary,va_long_beach,v5_mask_only_dro,v5_mask,3,5062,5.0,0.5637714862823486,0.6911634757841152,0.5435796976089478,0.5475429892539978,0.18210159242153168
hungary,va_long_beach,v5_mask_only_dro,v5_mask,3,5062,10.0,0.4719107449054718,0.8555615578461414,0.45515695214271545,0.459066778421402,0.14798887073993683
hungary,va_long_beach,v5_mask_only_dro,v5_mask,3,5062,15.0,0.42017215490341187,0.9210674682767819,0.4026927053928375,0.4122695028781891,0.12691046297550201
hungary,va_long_beach,v5_mask_only_dro,v5_mask,3,5062,20.0,0.3936973512172699,0.9648151592055308,0.37633731961250305,0.3873208165168762,0.11868257075548172
hungary,va_long_beach,v5_mask_only_dro,v5_mask,3,5062,25.0,0.36335670948028564,0.9708713948910992,0.346412718296051,0.3587042987346649,0.10798219591379166
hungary,va_long_beach,v5_mask_only_dro,v5_mask,3,5062,30.0,0.33701950311660767,1.078476148334345,0.32218050956726074,0.33200326561927795,0.09927629679441452
hungary,va_long_beach,v5_mask_only_dro,v5_mask,3,5062,35.0,0.31262239813804626,1.1567803662243683,0.29759398102760315,0.30948564410209656,0.09082578122615814
hungary,va_long_beach,v5_mask_only_dro,v5_mask,3,5062,40.0,0.3133576214313507,1.1565669722837686,0.29474425315856934,0.3139720857143402,0.08999448269605637
hungary,va_long_beach,v5_mask_only_dro,v5_mask,3,5062,45.0,0.28156211972236633,1.204532682495643,0.26896175742149353,0.27795201539993286,0.08105240762233734
hungary,cleveland,v5_mask_only_dro,v5_mask,4,5062,5.0,0.6220752000808716,0.5792468228230891,0.6009150743484497,0.6016227602958679,0.20629383623600006
hungary,cleveland,v5_mask_only_dro,v5_mask,4,5062,10.0,0.580103874206543,0.594235159600945,0.5602375864982605,0.5613958239555359,0.1899758130311966
hungary,cleveland,v5_mask_only_dro,v5_mask,4,5062,15.0,0.5640071630477905,0.6180761001132313,0.5413010716438293,0.5473341345787048,0.18181295692920685
hungary,cleveland,v5_mask_only_dro,v5_mask,4,5062,20.0,0.5353295803070068,0.6596175711334877,0.5156047940254211,0.5190861821174622,0.17113730311393738
hungary,cleveland,v5_mask_only_dro,v5_mask,4,5062,25.0,0.5217577219009399,0.6779213559363719,0.49583885073661804,0.508536159992218,0.16395865380764008
hungary,cleveland,v5_mask_only_dro,v5_mask,4,5062,30.0,0.4934539496898651,0.724055238916568,0.4732864201068878,0.47945404052734375,0.15541821718215942
hungary,cleveland,v5_mask_only_dro,v5_mask,4,5062,35.0,0.4743494391441345,0.7994604823702387,0.45470210909843445,0.4612438380718231,0.14741036295890808
hungary,cleveland,v5_mask_only_dro,v5_mask,4,5062,40.0,0.4521244764328003,0.8466393451834165,0.4331931471824646,0.43990442156791687,0.13897886872291565
hungary,cleveland,v5_mask_only_dro,v5_mask,4,5062,45.0,0.4497314989566803,0.8102568054940071,0.426087886095047,0.43922024965286255,0.13794343173503876
hungary,switzerland,v5_mask_only_dro,v5_mask,4,5062,5.0,0.6075072288513184,0.7019243970341884,0.5867136120796204,0.5877748727798462,0.1999768614768982
hungary,switzerland,v5_mask_only_dro,v5_mask,4,5062,10.0,0.5567649006843567,0.7867056752492467,0.5379410982131958,0.539135754108429,0.1792784482240677
hungary,switzerland,v5_mask_only_dro,v5_mask,4,5062,15.0,0.5233741402626038,0.7871043211520685,0.504848301410675,0.507297933101654,0.16688629984855652
hungary,switzerland,v5_mask_only_dro,v5_mask,4,5062,20.0,0.5089133977890015,0.7868549451516442,0.4917646050453186,0.4930185377597809,0.1620834767818451
hungary,switzerland,v5_mask_only_dro,v5_mask,4,5062,25.0,0.5012621879577637,0.8137655679491351,0.4832575023174286,0.48600444197654724,0.15944455564022064
hungary,switzerland,v5_mask_only_dro,v5_mask,4,5062,30.0,0.4926755726337433,0.8214335897167621,0.47523799538612366,0.47770196199417114,0.15589581429958344
hungary,switzerland,v5_mask_only_dro,v5_mask,4,5062,35.0,0.48522135615348816,0.8138500202161614,0.4665464758872986,0.47104302048683167,0.153024360537529
hungary,switzerland,v5_mask_only_dro,v5_mask,4,5062,40.0,0.46996212005615234,0.8293574918987046,0.4522872567176819,0.4562477171421051,0.14704523980617523
hungary,switzerland,v5_mask_only_dro,v5_mask,4,5062,45.0,0.46035587787628174,0.833584817782562,0.4421776235103607,0.44722673296928406,0.14391431212425232
hungary,va_long_beach,v5_mask_only_dro,v5_mask,4,5062,5.0,0.5588455200195312,0.6799884160067702,0.5389823913574219,0.5414944887161255,0.17979033291339874
hungary,va_long_beach,v5_mask_only_dro,v5_mask,4,5062,10.0,0.4860878884792328,0.8535302612213298,0.4682357609272003,0.47160014510154724,0.15328842401504517
hungary,va_long_beach,v5_mask_only_dro,v5_mask,4,5062,15.0,0.4512498676776886,0.8522838207106149,0.429962158203125,0.44001054763793945,0.1375141143798828
hungary,va_long_beach,v5_mask_only_dro,v5_mask,4,5062,20.0,0.42446258664131165,0.8481903076839978,0.40512970089912415,0.4137705862522125,0.12852227687835693
hungary,va_long_beach,v5_mask_only_dro,v5_mask,4,5062,25.0,0.402283638715744,0.9687747058155252,0.3839088976383209,0.39232102036476135,0.12065662443637848
hungary,va_long_beach,v5_mask_only_dro,v5_mask,4,5062,30.0,0.3872250020503998,0.9833139712552947,0.36785900592803955,0.3781585693359375,0.11641330271959305
hungary,va_long_beach,v5_mask_only_dro,v5_mask,4,5062,35.0,0.3616158664226532,1.0000779399663484,0.34275197982788086,0.3536502420902252,0.10690178722143173
hungary,va_long_beach,v5_mask_only_dro,v5_mask,4,5062,40.0,0.3625863790512085,1.0405629987997806,0.343126505613327,0.3547547459602356,0.10738660395145416
hungary,va_long_beach,v5_mask_only_dro,v5_mask,4,5062,45.0,0.3288668096065521,1.088743439445508,0.3134591281414032,0.32114410400390625,0.09643945097923279
hungary,cleveland,v5_mask_only_dro,v5_mask,5,5062,5.0,0.6276666522026062,0.5783320889823058,0.6060965657234192,0.6069840788841248,0.20904503762722015
hungary,cleveland,v5_mask_only_dro,v5_mask,5,5062,10.0,0.5645362138748169,0.6216876645763996,0.5450921058654785,0.5465300679206848,0.18365620076656342
hungary,cleveland,v5_mask_only_dro,v5_mask,5,5062,15.0,0.5526388883590698,0.6520440663514853,0.5296919941902161,0.5366503000259399,0.1772812455892563
hungary,cleveland,v5_mask_only_dro,v5_mask,5,5062,20.0,0.5013151168823242,0.7099904648866938,0.4815691411495209,0.4868444502353668,0.1578950583934784
hungary,cleveland,v5_mask_only_dro,v5_mask,5,5062,25.0,0.4892989695072174,0.7642778845310851,0.4616836905479431,0.47846394777297974,0.15030044317245483
hungary,cleveland,v5_mask_only_dro,v5_mask,5,5062,30.0,0.45514002442359924,0.8421481085112553,0.4303070604801178,0.4449934959411621,0.13818152248859406
hungary,cleveland,v5_mask_only_dro,v5_mask,5,5062,35.0,0.4137626886367798,0.8621150145326788,0.3947056531906128,0.4035108685493469,0.12453106790781021
hungary,cleveland,v5_mask_only_dro,v5_mask,5,5062,40.0,0.4058080315589905,0.8455840989419021,0.3861907720565796,0.3961087167263031,0.12178798764944077
hungary,cleveland,v5_mask_only_dro,v5_mask,5,5062,45.0,0.3837442696094513,0.7930704149722275,0.3617769777774811,0.37583932280540466,0.11420541256666183
hungary,switzerland,v5_mask_only_dro,v5_mask,5,5062,5.0,0.6015350222587585,0.7163567846810117,0.5808725357055664,0.5820550322532654,0.19775600731372833
hungary,switzerland,v5_mask_only_dro,v5_mask,5,5062,10.0,0.5432230234146118,0.7707970479567363,0.5249114632606506,0.5260774493217468,0.17437073588371277
hungary,switzerland,v5_mask_only_dro,v5_mask,5,5062,15.0,0.5120463371276855,0.7784254661225878,0.4942488670349121,0.49625808000564575,0.1629055142402649
hungary,switzerland,v5_mask_only_dro,v5_mask,5,5062,20.0,0.49386826157569885,0.793350690667529,0.4766618013381958,0.47869035601615906,0.1568504422903061
hungary,switzerland,v5_mask_only_dro,v5_mask,5,5062,25.0,0.4853847622871399,0.8050036683442816,0.4670014977455139,0.471012681722641,0.15374912321567535
hungary,switzerland,v5_mask_only_dro,v5_mask,5,5062,30.0,0.46503785252571106,0.8362627806345058,0.4478129744529724,0.45141658186912537,0.145221546292305
hungary,switzerland,v5_mask_only_dro,v5_mask,5,5062,35.0,0.45203521847724915,0.8377367226418037,0.4322015941143036,0.44000083208084106,0.139841690659523
hungary,switzerland,v5_mask_only_dro,v5_mask,5,5062,40.0,0.43272146582603455,0.8612444384909065,0.4143781065940857,0.42109689116477966,0.13304263353347778
hungary,switzerland,v5_mask_only_dro,v5_mask,5,5062,45.0,0.42102059721946716,0.9165126654399329,0.401029109954834,0.4104933738708496,0.12893295288085938
hungary,va_long_beach,v5_mask_only_dro,v5_mask,5,5062,5.0,0.5650110840797424,0.6900668076007652,0.5438326001167297,0.5477756857872009,0.1822120100259781
hungary,va_long_beach,v5_mask_only_dro,v5_mask,5,5062,10.0,0.4730605483055115,0.8527491494450516,0.45535045862197876,0.4592166841030121,0.14810438454151154
hungary,va_long_beach,v5_mask_only_dro,v5_mask,5,5062,15.0,0.42297282814979553,0.9172671713792706,0.40329039096832275,0.41258755326271057,0.12709566950798035
hungary,va_long_beach,v5_mask_only_dro,v5_mask,5,5062,20.0,0.39636969566345215,0.9573129313742337,0.37641453742980957,0.3872016966342926,0.11864779889583588
hungary,va_long_beach,v5_mask_only_dro,v5_mask,5,5062,25.0,0.3681667745113373,0.9619289127855675,0.348197340965271,0.36034560203552246,0.1085825189948082
hungary,va_long_beach,v5_mask_only_dro,v5_mask,5,5062,30.0,0.34126025438308716,1.071006677814497,0.3243320882320404,0.3335722088813782,0.09998057037591934
hungary,va_long_beach,v5_mask_only_dro,v5_mask,5,5062,35.0,0.31780725717544556,1.1400732101059208,0.3002804219722748,0.31140947341918945,0.09180045872926712
hungary,va_long_beach,v5_mask_only_dro,v5_mask,5,5062,40.0,0.3194497227668762,1.139928641810335,0.29691389203071594,0.3148554861545563,0.09079643338918686
hungary,va_long_beach,v5_mask_only_dro,v5_mask,5,5062,45.0,0.28811296820640564,1.185961951576834,0.2733227014541626,0.28203365206718445,0.0825706198811531
switzerland,cleveland,v5_site_only_dro,v5_site,0,5062,5.0,0.6279715299606323,0.5389215341471107,0.6058692932128906,0.6108085513114929,0.20867380499839783
switzerland,cleveland,v5_site_only_dro,v5_site,0,5062,10.0,0.5618044137954712,0.517424910635074,0.5399137735366821,0.5551645755767822,0.18077942728996277
switzerland,cleveland,v5_site_only_dro,v5_site,0,5062,15.0,0.5358920097351074,0.5221689412631606,0.5147064328193665,0.5311059355735779,0.17085643112659454
switzerland,cleveland,v5_site_only_dro,v5_site,0,5062,20.0,0.5320777893066406,0.5316714635120192,0.5114941000938416,0.5257610082626343,0.17016999423503876
switzerland,cleveland,v5_site_only_dro,v5_site,0,5062,25.0,0.5191040635108948,0.5526852891110656,0.4977390468120575,0.5172167420387268,0.16495603322982788
switzerland,cleveland,v5_site_only_dro,v5_site,0,5062,30.0,0.507973313331604,0.6102466388513488,0.4878159165382385,0.5041244626045227,0.1608026921749115
switzerland,cleveland,v5_site_only_dro,v5_site,0,5062,35.0,0.49243783950805664,0.673623801017015,0.47311538457870483,0.4883210361003876,0.15521058440208435
switzerland,cleveland,v5_site_only_dro,v5_site,0,5062,40.0,0.4815811514854431,0.7436843381288538,0.46392589807510376,0.4738493859767914,0.151743546128273
switzerland,cleveland,v5_site_only_dro,v5_site,0,5062,45.0,0.4711570739746094,0.7682849039441529,0.45374223589897156,0.46443411707878113,0.14741863310337067
switzerland,cleveland,v5_site_only_dro,v5_site,0,5062,50.0,0.455282062292099,0.7606156342815618,0.439615398645401,0.4452787935733795,0.14250808954238892
switzerland,hungary,v5_site_only_dro,v5_site,0,5062,5.0,0.636935293674469,0.5908980817898373,0.6144521832466125,0.6194804906845093,0.21226006746292114
switzerland,hungary,v5_site_only_dro,v5_site,0,5062,10.0,0.574127733707428,0.538108667313092,0.5518344044685364,0.5667532086372375,0.18563655018806458
switzerland,hungary,v5_site_only_dro,v5_site,0,5062,15.0,0.5418280363082886,0.5317345077297179,0.5206707715988159,0.5360396504402161,0.17315030097961426
switzerland,hungary,v5_site_only_dro,v5_site,0,5062,20.0,0.5247148275375366,0.5314271830239294,0.5043526887893677,0.5191684365272522,0.16658201813697815
switzerland,hungary,v5_site_only_dro,v5_site,0,5062,25.0,0.5040255188941956,0.5346641117070369,0.484601765871048,0.4987451732158661,0.1588788479566574
switzerland,hungary,v5_site_only_dro,v5_site,0,5062,30.0,0.5056484341621399,0.5227324906006853,0.4855800271034241,0.5019482970237732,0.1597629189491272
switzerland,hungary,v5_site_only_dro,v5_site,0,5062,35.0,0.4810429513454437,0.5238628758319503,0.4629250764846802,0.4749946594238281,0.15100471675395966
switzerland,hungary,v5_site_only_dro,v5_site,0,5062,40.0,0.45893335342407227,0.5417788165263023,0.4423117935657501,0.4514719545841217,0.14331510663032532
switzerland,hungary,v5_site_only_dro,v5_site,0,5062,45.0,0.4427364468574524,0.5395546299095976,0.4271375834941864,0.43472591042518616,0.13701803982257843
switzerland,hungary,v5_site_only_dro,v5_site,0,5062,50.0,0.4382152855396271,0.5862163741743709,0.42304813861846924,0.42918750643730164,0.13632290065288544
switzerland,hungary,v5_site_only_dro,v5_site,0,5062,55.0,0.4208453893661499,0.5859796924365336,0.4064692258834839,0.41218242049217224,0.12947851419448853
switzerland,hungary,v5_site_only_dro,v5_site,0,5062,60.0,0.4088023006916046,0.6017281706384822,0.39544394612312317,0.39822664856910706,0.12662668526172638
switzerland,hungary,v5_site_only_dro,v5_site,0,5062,65.0,0.4036959409713745,0.6004300375635203,0.3903477191925049,0.3940046429634094,0.12433995306491852
switzerland,hungary,v5_site_only_dro,v5_site,0,5062,70.0,0.39178913831710815,0.6054295268616826,0.3790249526500702,0.3816503584384918,0.12107859551906586
switzerland,va_long_beach,v5_site_only_dro,v5_site,0,5062,5.0,0.5361369252204895,0.7399332741239493,0.5189019441604614,0.5195840001106262,0.17064423859119415
switzerland,va_long_beach,v5_site_only_dro,v5_site,0,5062,10.0,0.44894081354141235,0.7847215983379512,0.43509775400161743,0.43523117899894714,0.13809670507907867
switzerland,va_long_beach,v5_site_only_dro,v5_site,0,5062,15.0,0.4283847212791443,0.7509017830516536,0.4152071177959442,0.41529732942581177,0.13155047595500946
switzerland,va_long_beach,v5_site_only_dro,v5_site,0,5062,20.0,0.41446229815483093,0.7611743775519402,0.40176287293434143,0.40188097953796387,0.1266988068819046
switzerland,va_long_beach,v5_site_only_dro,v5_site,0,5062,25.0,0.40400126576423645,0.7970029902678437,0.3916874825954437,0.3917043209075928,0.12309576570987701
switzerland,va_long_beach,v5_site_only_dro,v5_site,0,5062,30.0,0.3980982005596161,0.7711403615977972,0.38592100143432617,0.3860726058483124,0.12139294296503067
switzerland,va_long_beach,v5_site_only_dro,v5_site,0,5062,35.0,0.39374369382858276,0.7761087730372961,0.3816750943660736,0.3818134367465973,0.12034021317958832
switzerland,va_long_beach,v5_site_only_dro,v5_site,0,5062,40.0,0.3901987671852112,0.7790179338084147,0.37823358178138733,0.3782457411289215,0.11962149292230606
switzerland,va_long_beach,v5_site_only_dro,v5_site,0,5062,45.0,0.3791491687297821,0.771646542964872,0.3675104081630707,0.3678290843963623,0.11559107899665833
switzerland,cleveland,v5_site_only_dro,v5_site,1,5062,5.0,0.5923889875411987,0.5239356026998533,0.5691276788711548,0.5849165320396423,0.19314080476760864
switzerland,cleveland,v5_site_only_dro,v5_site,1,5062,10.0,0.5429195761680603,0.5373049095601639,0.5216864943504333,0.5371456146240234,0.17368315160274506
switzerland,cleveland,v5_site_only_dro,v5_site,1,5062,15.0,0.5229641795158386,0.544736501726514,0.5024126172065735,0.5180540680885315,0.16641174256801605
switzerland,cleveland,v5_site_only_dro,v5_site,1,5062,20.0,0.5148836970329285,0.5963922635404109,0.4945310056209564,0.5104584693908691,0.16370850801467896
switzerland,cleveland,v5_site_only_dro,v5_site,1,5062,25.0,0.4978424906730652,0.7581211886515944,0.47815608978271484,0.493958055973053,0.15735933184623718
switzerland,cleveland,v5_site_only_dro,v5_site,1,5062,30.0,0.48156067728996277,0.8435967992036248,0.46363142132759094,0.4747749865055084,0.15143375098705292
switzerland,cleveland,v5_site_only_dro,v5_site,1,5062,35.0,0.4606604278087616,0.7945199925772345,0.44411155581474304,0.4528590738773346,0.14362002909183502
switzerland,cleveland,v5_site_only_dro,v5_site,1,5062,40.0,0.4454635977745056,0.8480406418791604,0.4302975833415985,0.4353402554988861,0.139053612947464
switzerland,cleveland,v5_site_only_dro,v5_site,1,5062,45.0,0.4333743751049042,0.8558162787551724,0.4186437427997589,0.42400527000427246,0.13390253484249115
switzerland,hungary,v5_site_only_dro,v5_site,1,5062,5.0,0.6227920651435852,0.5675783927687484,0.5995062589645386,0.6102259159088135,0.2060588151216507
switzerland,hungary,v5_site_only_dro,v5_site,1,5062,10.0,0.5565295815467834,0.5152790858685536,0.5331566333770752,0.5554456114768982,0.17800691723823547
switzerland,hungary,v5_site_only_dro,v5_site,1,5062,15.0,0.5258709192276001,0.5038624407672656,0.5052641034126282,0.5208050608634949,0.16721555590629578
switzerland,hungary,v5_site_only_dro,v5_site,1,5062,20.0,0.4995746612548828,0.5167340588138176,0.48030614852905273,0.49444150924682617,0.15734682977199554
switzerland,hungary,v5_site_only_dro,v5_site,1,5062,25.0,0.47327691316604614,0.5242056122350017,0.455866277217865,0.46651679277420044,0.14748038351535797
switzerland,hungary,v5_site_only_dro,v5_site,1,5062,30.0,0.46698540449142456,0.5440699010539917,0.44974443316459656,0.460414320230484,0.14573508501052856
switzerland,hungary,v5_site_only_dro,v5_site,1,5062,35.0,0.43655794858932495,0.5807358103509418,0.421149879693985,0.42856112122535706,0.13555248081684113
switzerland,hungary,v5_site_only_dro,v5_site,1,5062,40.0,0.41327348351478577,0.593978290594029,0.3997810184955597,0.40256673097610474,0.12796007096767426
switzerland,hungary,v5_site_only_dro,v5_site,1,5062,45.0,0.39056119322776794,0.602787065611291,0.3781266212463379,0.3802676796913147,0.11899320036172867
switzerland,hungary,v5_site_only_dro,v5_site,1,5062,50.0,0.3831535577774048,0.6306112242510544,0.37118905782699585,0.3719700872898102,0.11769279092550278
switzerland,hungary,v5_site_only_dro,v5_site,1,5062,55.0,0.36528030037879944,0.6107252669601229,0.35387298464775085,0.3553698658943176,0.11033083498477936
switzerland,va_long_beach,v5_site_only_dro,v5_site,1,5062,5.0,0.4891616106033325,0.8246526817729218,0.4737469255924225,0.4740193784236908,0.15346550941467285
switzerland,va_long_beach,v5_site_only_dro,v5_site,1,5062,10.0,0.43099507689476013,0.7592492432451774,0.4177773594856262,0.41777896881103516,0.13217301666736603
switzerland,va_long_beach,v5_site_only_dro,v5_site,1,5062,15.0,0.41467052698135376,0.7781112932420544,0.401933878660202,0.4020397365093231,0.12710171937942505
switzerland,va_long_beach,v5_site_only_dro,v5_site,1,5062,20.0,0.3947431445121765,0.772539236837291,0.3826904296875,0.3828066289424896,0.1202365979552269
switzerland,va_long_beach,v5_site_only_dro,v5_site,1,5062,25.0,0.38667184114456177,0.7617854692601272,0.37494906783103943,0.37500306963920593,0.11709270626306534
switzerland,va_long_beach,v5_site_only_dro,v5_site,1,5062,30.0,0.37447530031204224,0.7648833150698333,0.363057941198349,0.3631804585456848,0.11386749893426895
switzerland,va_long_beach,v5_site_only_dro,v5_site,1,5062,35.0,0.36590588092803955,0.7800866987543108,0.35474148392677307,0.3550868034362793,0.11078070104122162
switzerland,va_long_beach,v5_site_only_dro,v5_site,1,5062,40.0,0.35629937052726746,0.8093117877143485,0.3455064594745636,0.3455405831336975,0.10784368962049484
switzerland,va_long_beach,v5_site_only_dro,v5_site,1,5062,45.0,0.34455791115760803,0.8525343715598608,0.334096759557724,0.3343634605407715,0.10394474118947983
switzerland,va_long_beach,v5_site_only_dro,v5_site,1,5062,50.0,0.33241552114486694,0.8529985054757347,0.3222406208515167,0.3232104778289795,0.09932433068752289
switzerland,cleveland,v5_site_only_dro,v5_site,2,5062,5.0,0.6293843388557434,0.5402788617852993,0.6061384677886963,0.6108723878860474,0.20878931879997253
switzerland,cleveland,v5_site_only_dro,v5_site,2,5062,10.0,0.5649808049201965,0.5179851234013213,0.5399229526519775,0.5538882613182068,0.1807519644498825
switzerland,cleveland,v5_site_only_dro,v5_site,2,5062,15.0,0.5394049286842346,0.5223346723063095,0.5148018002510071,0.5298458933830261,0.17081086337566376
switzerland,cleveland,v5_site_only_dro,v5_site,2,5062,20.0,0.5354242920875549,0.5340905288748498,0.5120565295219421,0.5247356295585632,0.17028188705444336
switzerland,cleveland,v5_site_only_dro,v5_site,2,5062,25.0,0.5226233005523682,0.5573123718402193,0.4976483881473541,0.5146309733390808,0.1648363471031189
switzerland,cleveland,v5_site_only_dro,v5_site,2,5062,30.0,0.510180652141571,0.6173296873818084,0.48709404468536377,0.5011680126190186,0.16049617528915405
switzerland,cleveland,v5_site_only_dro,v5_site,2,5062,35.0,0.4934544563293457,0.6811270428300381,0.47164386510849,0.4843364357948303,0.15464313328266144
switzerland,cleveland,v5_site_only_dro,v5_site,2,5062,40.0,0.4812289774417877,0.7492818379041992,0.46224117279052734,0.47000762820243835,0.1510457545518875
switzerland,cleveland,v5_site_only_dro,v5_site,2,5062,45.0,0.4703803062438965,0.765898340360605,0.4516421854496002,0.4598010182380676,0.1465868502855301
switzerland,cleveland,v5_site_only_dro,v5_site,2,5062,50.0,0.45405644178390503,0.755617015414848,0.4380480945110321,0.44172897934913635,0.14167894423007965
switzerland,hungary,v5_site_only_dro,v5_site,2,5062,5.0,0.6382579207420349,0.5908176642470168,0.6145308017730713,0.6195265054702759,0.21229250729084015
switzerland,hungary,v5_site_only_dro,v5_site,2,5062,10.0,0.5777450799942017,0.5399318041882619,0.5524073839187622,0.5659161806106567,0.18583278357982635
switzerland,hungary,v5_site_only_dro,v5_site,2,5062,15.0,0.5456153154373169,0.5379204014390052,0.5214520692825317,0.5350937843322754,0.17342408001422882
switzerland,hungary,v5_site_only_dro,v5_site,2,5062,20.0,0.5277225971221924,0.5412002448630262,0.5045117139816284,0.5176142454147339,0.1665962189435959
switzerland,hungary,v5_site_only_dro,v5_site,2,5062,25.0,0.5063828229904175,0.5400426943873589,0.4843885004520416,0.496622234582901,0.158774271607399
switzerland,hungary,v5_site_only_dro,v5_site,2,5062,30.0,0.5076553821563721,0.5251065324423231,0.4846307039260864,0.4988219738006592,0.15929052233695984
switzerland,hungary,v5_site_only_dro,v5_site,2,5062,35.0,0.4825573265552521,0.5285980227790259,0.4624744951725006,0.4725031852722168,0.15068504214286804
switzerland,hungary,v5_site_only_dro,v5_site,2,5062,40.0,0.4596904218196869,0.5383458344680218,0.4418392777442932,0.448935329914093,0.143031045794487
switzerland,hungary,v5_site_only_dro,v5_site,2,5062,45.0,0.44231313467025757,0.5399517478236009,0.4257467985153198,0.4316202700138092,0.1362961083650589
switzerland,hungary,v5_site_only_dro,v5_site,2,5062,50.0,0.4388570785522461,0.5880840373210736,0.42288923263549805,0.427599161863327,0.13612858951091766
switzerland,hungary,v5_site_only_dro,v5_site,2,5062,55.0,0.4214005172252655,0.5892936997243539,0.40630078315734863,0.4106173515319824,0.1294143944978714
switzerland,hungary,v5_site_only_dro,v5_site,2,5062,60.0,0.4083575904369354,0.6074869712706166,0.3948749005794525,0.39658161997795105,0.12629331648349762
switzerland,hungary,v5_site_only_dro,v5_site,2,5062,65.0,0.40339988470077515,0.6021638875204551,0.3896244764328003,0.3923598825931549,0.12407709658145905
switzerland,hungary,v5_site_only_dro,v5_site,2,5062,70.0,0.39156997203826904,0.6091240820263192,0.37866491079330444,0.3802907466888428,0.120921291410923
switzerland,va_long_beach,v5_site_only_dro,v5_site,2,5062,5.0,0.5359870195388794,0.7404010752107382,0.5186222195625305,0.5192505717277527,0.17050613462924957
switzerland,va_long_beach,v5_site_only_dro,v5_site,2,5062,10.0,0.44867920875549316,0.7858148301315029,0.4348209500312805,0.434938907623291,0.137992724776268
switzerland,va_long_beach,v5_site_only_dro,v5_site,2,5062,15.0,0.4283589720726013,0.7518245470702267,0.41516610980033875,0.41524553298950195,0.131531223654747
switzerland,va_long_beach,v5_site_only_dro,v5_site,2,5062,20.0,0.4144219160079956,0.761476345153506,0.4016997516155243,0.40180960297584534,0.12667237222194672
switzerland,va_long_beach,v5_site_only_dro,v5_site,2,5062,25.0,0.4039442539215088,0.7966866421934405,0.3916296660900116,0.3916435241699219,0.12307638674974442
switzerland,va_long_beach,v5_site_only_dro,v5_site,2,5062,30.0,0.398041695356369,0.7706614348896632,0.38583502173423767,0.3859754204750061,0.12136479467153549
switzerland,va_long_beach,v5_site_only_dro,v5_site,2,5062,35.0,0.3936668932437897,0.7758675190475088,0.38157543540000916,0.3817002475261688,0.12029063701629639
switzerland,va_long_beach,v5_site_only_dro,v5_site,2,5062,40.0,0.3901875615119934,0.7787950541382707,0.37822040915489197,0.3782294690608978,0.11962636560201645
switzerland,va_long_beach,v5_site_only_dro,v5_site,2,5062,45.0,0.3792993426322937,0.771450396886736,0.3675870895385742,0.367887407541275,0.11562122404575348
switzerland,cleveland,v5_site_only_dro,v5_site,3,5062,5.0,0.5956439971923828,0.5255118978820341,0.5688861608505249,0.5838053226470947,0.19298242032527924
switzerland,cleveland,v5_site_only_dro,v5_site,3,5062,10.0,0.5462046265602112,0.5383751548459472,0.5217358469963074,0.5359514951705933,0.17360958456993103
switzerland,cleveland,v5_site_only_dro,v5_site,3,5062,15.0,0.5263267159461975,0.5469704887749178,0.5026385188102722,0.5167385339736938,0.16638241708278656
switzerland,cleveland,v5_site_only_dro,v5_site,3,5062,20.0,0.5178657174110413,0.6036913498666056,0.4946346879005432,0.5083765387535095,0.16360116004943848
switzerland,cleveland,v5_site_only_dro,v5_site,3,5062,25.0,0.4999353289604187,0.7711913334556787,0.47763529419898987,0.49082526564598083,0.1570504754781723
switzerland,cleveland,v5_site_only_dro,v5_site,3,5062,30.0,0.48231256008148193,0.8452242328389573,0.4628993272781372,0.47150763869285583,0.1510905623435974
switzerland,cleveland,v5_site_only_dro,v5_site,3,5062,35.0,0.46001100540161133,0.792336382028258,0.44255587458610535,0.44887247681617737,0.1429683119058609
switzerland,cleveland,v5_site_only_dro,v5_site,3,5062,40.0,0.4430604577064514,0.8429926248589152,0.4276074767112732,0.43093034625053406,0.13791561126708984
switzerland,cleveland,v5_site_only_dro,v5_site,3,5062,45.0,0.4323021471500397,0.8495070156615439,0.417056679725647,0.420842707157135,0.1335245817899704
switzerland,hungary,v5_site_only_dro,v5_site,3,5062,5.0,0.6251095533370972,0.5685605602432952,0.5993319153785706,0.6096976399421692,0.20594795048236847
switzerland,hungary,v5_site_only_dro,v5_site,3,5062,10.0,0.5610288977622986,0.5169335704175001,0.5330460071563721,0.5534234046936035,0.1779422014951706
switzerland,hungary,v5_site_only_dro,v5_site,3,5062,15.0,0.5284823775291443,0.508640490831582,0.5049081444740295,0.5186606049537659,0.1669798344373703
switzerland,hungary,v5_site_only_dro,v5_site,3,5062,20.0,0.5015938878059387,0.5210996551413961,0.47998449206352234,0.49177223443984985,0.1571551412343979
switzerland,hungary,v5_site_only_dro,v5_site,3,5062,25.0,0.47387009859085083,0.5275181019961529,0.45497000217437744,0.46335649490356445,0.14706863462924957
switzerland,hungary,v5_site_only_dro,v5_site,3,5062,30.0,0.46754685044288635,0.5474874900035535,0.44872215390205383,0.45732519030570984,0.145231693983078
switzerland,hungary,v5_site_only_dro,v5_site,3,5062,35.0,0.4355013966560364,0.5889842240461186,0.41919052600860596,0.42485132813453674,0.1348048597574234
switzerland,hungary,v5_site_only_dro,v5_site,3,5062,40.0,0.41283681988716125,0.5906270258791749,0.39919909834861755,0.4009481370449066,0.1276319921016693
switzerland,hungary,v5_site_only_dro,v5_site,3,5062,45.0,0.3903737962245941,0.6134918764521816,0.3778044283390045,0.37916579842567444,0.11888684332370758
switzerland,hungary,v5_site_only_dro,v5_site,3,5062,50.0,0.3826914429664612,0.6310970043435387,0.37074628472328186,0.37115707993507385,0.11739752441644669
switzerland,hungary,v5_site_only_dro,v5_site,3,5062,55.0,0.3656197488307953,0.6170010360195262,0.35407117009162903,0.35511451959609985,0.11026882380247116
switzerland,va_long_beach,v5_site_only_dro,v5_site,3,5062,5.0,0.4883743226528168,0.8230781461425147,0.4729408621788025,0.473179429769516,0.15314199030399323
switzerland,va_long_beach,v5_site_only_dro,v5_site,3,5062,10.0,0.430812269449234,0.7545559243092335,0.41759777069091797,0.4176015853881836,0.1321258246898651
switzerland,va_long_beach,v5_site_only_dro,v5_site,3,5062,15.0,0.4144262373447418,0.7749935593341937,0.40167632699012756,0.4017764627933502,0.12699849903583527
switzerland,va_long_beach,v5_site_only_dro,v5_site,3,5062,20.0,0.39473429322242737,0.7697151875342856,0.382655531167984,0.3827669620513916,0.12023051828145981
switzerland,va_long_beach,v5_site_only_dro,v5_site,3,5062,25.0,0.3867807984352112,0.7608764630510638,0.37504589557647705,0.3750913143157959,0.11712181568145752
switzerland,va_long_beach,v5_site_only_dro,v5_site,3,5062,30.0,0.3746720552444458,0.7644033347663666,0.36322152614593506,0.3633340299129486,0.11394257098436356
switzerland,va_long_beach,v5_site_only_dro,v5_site,3,5062,35.0,0.36620765924453735,0.7786055942936045,0.3549610376358032,0.3552818298339844,0.11086220294237137
switzerland,va_long_beach,v5_site_only_dro,v5_site,3,5062,40.0,0.35676640272140503,0.8077023819932834,0.34595122933387756,0.34597745537757874,0.10802072286605835
switzerland,va_long_beach,v5_site_only_dro,v5_site,3,5062,45.0,0.34484079480171204,0.8539806572248726,0.3343147337436676,0.33456143736839294,0.10402712225914001
switzerland,va_long_beach,v5_site_only_dro,v5_site,3,5062,50.0,0.3328929841518402,0.852692483045238,0.32248958945274353,0.32340994477272034,0.0994323119521141
switzerland,cleveland,v5_site_only_dro,v5_site,4,5062,5.0,0.630829930305481,0.5418353487872056,0.6065495610237122,0.6110609173774719,0.2089686244726181
switzerland,cleveland,v5_site_only_dro,v5_site,4,5062,10.0,0.5679642558097839,0.5186817713969989,0.540294885635376,0.5530709624290466,0.18087348341941833
switzerland,cleveland,v5_site_only_dro,v5_site,4,5062,15.0,0.5426126718521118,0.5225933141256749,0.5152068734169006,0.5289632081985474,0.17088516056537628
switzerland,cleveland,v5_site_only_dro,v5_site,4,5062,20.0,0.5384715795516968,0.536402577701294,0.513018012046814,0.5242157578468323,0.17055253684520721
switzerland,cleveland,v5_site_only_dro,v5_site,4,5062,25.0,0.5257662534713745,0.5617636080058404,0.49816566705703735,0.5129727125167847,0.1649525761604309
switzerland,cleveland,v5_site_only_dro,v5_site,4,5062,30.0,0.5120005011558533,0.6243583944573938,0.48684874176979065,0.4989992082118988,0.16038952767848969
switzerland,cleveland,v5_site_only_dro,v5_site,4,5062,35.0,0.49403077363967896,0.6881290646748897,0.4706461727619171,0.48125919699668884,0.15424832701683044
switzerland,cleveland,v5_site_only_dro,v5_site,4,5062,40.0,0.48062729835510254,0.7540074524404343,0.46099853515625,0.46709662675857544,0.15055176615715027
switzerland,cleveland,v5_site_only_dro,v5_site,4,5062,45.0,0.46971234679222107,0.7634985558755311,0.45036306977272034,0.4566779136657715,0.14613163471221924
switzerland,cleveland,v5_site_only_dro,v5_site,4,5062,50.0,0.4529578983783722,0.7504115071268745,0.4370545446872711,0.4394415020942688,0.14113116264343262
switzerland,hungary,v5_site_only_dro,v5_site,4,5062,5.0,0.639606773853302,0.5908407862110896,0.6146541237831116,0.6196117401123047,0.2123447060585022
switzerland,hungary,v5_site_only_dro,v5_site,4,5062,10.0,0.5810327529907227,0.5418556832219279,0.5532166957855225,0.565487802028656,0.1861276626586914
switzerland,hungary,v5_site_only_dro,v5_site,4,5062,15.0,0.5490903258323669,0.5437046532319931,0.5226377844810486,0.5347272157669067,0.17385490238666534
switzerland,hungary,v5_site_only_dro,v5_site,4,5062,20.0,0.5304152369499207,0.5497933028306472,0.50502610206604,0.5166462659835815,0.16673961281776428
switzerland,hungary,v5_site_only_dro,v5_site,4,5062,25.0,0.5084317326545715,0.5426958540459774,0.4845331013202667,0.49522385001182556,0.15880566835403442
switzerland,hungary,v5_site_only_dro,v5_site,4,5062,30.0,0.5095164775848389,0.5262938295053761,0.48427343368530273,0.49672412872314453,0.1590500921010971
switzerland,hungary,v5_site_only_dro,v5_site,4,5062,35.0,0.48381584882736206,0.5318837654940716,0.46247270703315735,0.4708586633205414,0.1505369246006012
switzerland,hungary,v5_site_only_dro,v5_site,4,5062,40.0,0.4604208469390869,0.5356428797069686,0.44195428490638733,0.44751450419425964,0.142964169383049
switzerland,hungary,v5_site_only_dro,v5_site,4,5062,45.0,0.4418644309043884,0.541647595013296,0.4248305857181549,0.4294395446777344,0.13577130436897278
switzerland,hungary,v5_site_only_dro,v5_site,4,5062,50.0,0.4396975636482239,0.5886282879264898,0.42334261536598206,0.4269925057888031,0.13617539405822754
switzerland,hungary,v5_site_only_dro,v5_site,4,5062,55.0,0.42208704352378845,0.5914992173395623,0.4066445827484131,0.409964382648468,0.12952609360218048
switzerland,hungary,v5_site_only_dro,v5_site,4,5062,60.0,0.4082668721675873,0.6093342081910145,0.39488163590431213,0.3959079384803772,0.12615489959716797
switzerland,hungary,v5_site_only_dro,v5_site,4,5062,65.0,0.4032652974128723,0.601955338123068,0.38928499817848206,0.39139851927757263,0.12395167350769043
switzerland,hungary,v5_site_only_dro,v5_site,4,5062,70.0,0.39149561524391174,0.609161722726366,0.37864798307418823,0.3796641528606415,0.12085533142089844
switzerland,va_long_beach,v5_site_only_dro,v5_site,4,5062,5.0,0.5360849499702454,0.7408054333635797,0.5186052322387695,0.5191822052001953,0.17046985030174255
switzerland,va_long_beach,v5_site_only_dro,v5_site,4,5062,10.0,0.44849923253059387,0.78675396910783,0.4346298277378082,0.434733122587204,0.13791942596435547
switzerland,va_long_beach,v5_site_only_dro,v5_site,4,5062,15.0,0.4283748269081116,0.7527727724580044,0.4151696264743805,0.4152393043041229,0.13152967393398285
switzerland,va_long_beach,v5_site_only_dro,v5_site,4,5062,20.0,0.41448599100112915,0.7612311990026038,0.4017413556575775,0.40184321999549866,0.12668219208717346
switzerland,va_long_beach,v5_site_only_dro,v5_site,4,5062,25.0,0.4039308726787567,0.796489644816772,0.39161521196365356,0.3916265070438385,0.12307201325893402
switzerland,va_long_beach,v5_site_only_dro,v5_site,4,5062,30.0,0.3980710804462433,0.7708883341141565,0.3858373761177063,0.3859669864177704,0.12136474996805191
switzerland,va_long_beach,v5_site_only_dro,v5_site,4,5062,35.0,0.39364755153656006,0.7758657262495783,0.3815357983112335,0.3816501796245575,0.12025994807481766
switzerland,va_long_beach,v5_site_only_dro,v5_site,4,5062,40.0,0.3901960849761963,0.7789010092552848,0.37822791934013367,0.37823429703712463,0.11963367462158203
switzerland,va_long_beach,v5_site_only_dro,v5_site,4,5062,45.0,0.3794150948524475,0.7712669548124954,0.36763903498649597,0.3679218888282776,0.11563897132873535
switzerland,cleveland,v5_site_only_dro,v5_site,5,5062,5.0,0.5989986658096313,0.5263602470414276,0.5691207051277161,0.583220899105072,0.19302818179130554
switzerland,cleveland,v5_site_only_dro,v5_site,5,5062,10.0,0.5493022799491882,0.5391555211976616,0.5220058560371399,0.5352494120597839,0.17363782227039337
switzerland,cleveland,v5_site_only_dro,v5_site,5,5062,15.0,0.5294885635375977,0.5488596567880863,0.5032274723052979,0.5160441398620605,0.16648605465888977
switzerland,cleveland,v5_site_only_dro,v5_site,5,5062,20.0,0.5205296874046326,0.6090233122700119,0.4951728284358978,0.5071589946746826,0.1636727750301361
switzerland,cleveland,v5_site_only_dro,v5_site,5,5062,25.0,0.501694917678833,0.7805423140403686,0.4776920676231384,0.4887656271457672,0.15697643160820007
switzerland,cleveland,v5_site_only_dro,v5_site,5,5062,30.0,0.48290154337882996,0.8460210671561412,0.46272721886634827,0.4694906175136566,0.1510179340839386
switzerland,cleveland,v5_site_only_dro,v5_site,5,5062,35.0,0.4591067135334015,0.7922063286354301,0.44146135449409485,0.4459865689277649,0.14251427352428436
switzerland,cleveland,v5_site_only_dro,v5_site,5,5062,40.0,0.4408009350299835,0.8393544004133018,0.4255083501338959,0.42762452363967896,0.1370544284582138
switzerland,cleveland,v5_site_only_dro,v5_site,5,5062,45.0,0.4308021068572998,0.8448427889839217,0.4154466986656189,0.418168842792511,0.1331377625465393
switzerland,hungary,v5_site_only_dro,v5_site,5,5062,5.0,0.6274532675743103,0.5694305050887221,0.5993725657463074,0.6093558669090271,0.205932155251503
switzerland,hungary,v5_site_only_dro,v5_site,5,5062,10.0,0.5651199221611023,0.5184660626253998,0.5332923531532288,0.5519945025444031,0.17800958454608917
switzerland,hungary,v5_site_only_dro,v5_site,5,5062,15.0,0.5307294726371765,0.5129603787616537,0.5049305558204651,0.5170775055885315,0.16688701510429382
switzerland,hungary,v5_site_only_dro,v5_site,5,5062,20.0,0.5033713579177856,0.5233251056350587,0.48019832372665405,0.49014052748680115,0.15716350078582764
switzerland,hungary,v5_site_only_dro,v5_site,5,5062,25.0,0.4744381606578827,0.5309162619667638,0.4547462463378906,0.4614143371582031,0.1469084769487381
switzerland,hungary,v5_site_only_dro,v5_site,5,5062,30.0,0.4684717357158661,0.5485267987420426,0.4486671984195709,0.4557238221168518,0.14512069523334503
switzerland,hungary,v5_site_only_dro,v5_site,5,5062,35.0,0.4348723292350769,0.5950708090444161,0.4181375205516815,0.4225287437438965,0.1344139575958252
switzerland,hungary,v5_site_only_dro,v5_site,5,5062,40.0,0.4122738838195801,0.5913070345174366,0.39869847893714905,0.39981481432914734,0.12738171219825745
switzerland,hungary,v5_site_only_dro,v5_site,5,5062,45.0,0.39087429642677307,0.6169815092230809,0.37824806571006775,0.37920960783958435,0.11905060708522797
switzerland,hungary,v5_site_only_dro,v5_site,5,5062,50.0,0.3836043179035187,0.6329064493676707,0.3716758191585541,0.37188252806663513,0.11773473769426346
switzerland,hungary,v5_site_only_dro,v5_site,5,5062,55.0,0.3671083450317383,0.6277663762512908,0.35553425550460815,0.35620734095573425,0.1106930524110794
switzerland,va_long_beach,v5_site_only_dro,v5_site,5,5062,5.0,0.4880381226539612,0.82273928827752,0.47258439660072327,0.47278890013694763,0.1530035138130188
switzerland,va_long_beach,v5_site_only_dro,v5_site,5,5062,10.0,0.4307677149772644,0.7525028898770714,0.4175512492656708,0.4175575375556946,0.13211727142333984
switzerland,va_long_beach,v5_site_only_dro,v5_site,5,5062,15.0,0.41431185603141785,0.7732716345054373,0.40154674649238586,0.40164098143577576,0.12694446742534637
switzerland,va_long_beach,v5_site_only_dro,v5_site,5,5062,20.0,0.3947778046131134,0.7691063422910356,0.38267549872398376,0.3827800750732422,0.12023872882127762
switzerland,va_long_beach,v5_site_only_dro,v5_site,5,5062,25.0,0.38690710067749023,0.7604138535015419,0.3751618564128876,0.3752013146877289,0.11715663969516754
switzerland,va_long_beach,v5_site_only_dro,v5_site,5,5062,30.0,0.37488237023353577,0.7644224748901238,0.3634047508239746,0.36350712180137634,0.11400841176509857
switzerland,va_long_beach,v5_site_only_dro,v5_site,5,5062,35.0,0.3664751946926117,0.7772908175701638,0.35515648126602173,0.35545578598976135,0.11094249039888382
switzerland,va_long_beach,v5_site_only_dro,v5_site,5,5062,40.0,0.3571436107158661,0.805469280571214,0.34631311893463135,0.3463314175605774,0.10816746205091476
switzerland,va_long_beach,v5_site_only_dro,v5_site,5,5062,45.0,0.34521540999412537,0.8547482415882948,0.3346354067325592,0.33485808968544006,0.10412999987602234
switzerland,va_long_beach,v5_site_only_dro,v5_site,5,5062,50.0,0.33341971039772034,0.8525939764906453,0.32281985878944397,0.32368484139442444,0.09951115399599075
switzerland,cleveland,v5_mask_only_dro,v5_mask,0,5062,5.0,0.6268478631973267,0.5375639487979844,0.605712354183197,0.606810986995697,0.20860856771469116
switzerland,cleveland,v5_mask_only_dro,v5_mask,0,5062,10.0,0.5586773157119751,0.5166382337603244,0.5402899384498596,0.5414520502090454,0.18096819519996643
switzerland,cleveland,v5_mask_only_dro,v5_mask,0,5062,15.0,0.5320539474487305,0.5215807036479639,0.5146895051002502,0.5157747268676758,0.17093093693256378
switzerland,cleveland,v5_mask_only_dro,v5_mask,0,5062,20.0,0.5287023186683655,0.5289505327230314,0.5113497376441956,0.5126771926879883,0.17020723223686218
switzerland,cleveland,v5_mask_only_dro,v5_mask,0,5062,25.0,0.5157198309898376,0.5477005452025117,0.4986039698123932,0.50091952085495,0.16536951065063477
switzerland,cleveland,v5_mask_only_dro,v5_mask,0,5062,30.0,0.5059184432029724,0.6007584926768301,0.48921966552734375,0.49145814776420593,0.16139158606529236
switzerland,cleveland,v5_mask_only_dro,v5_mask,0,5062,35.0,0.49220603704452515,0.6624163265889905,0.47554266452789307,0.4797442555427551,0.1561296582221985
switzerland,cleveland,v5_mask_only_dro,v5_mask,0,5062,40.0,0.48229146003723145,0.7317137109066713,0.46641355752944946,0.46880608797073364,0.1527976393699646
switzerland,cleveland,v5_mask_only_dro,v5_mask,0,5062,45.0,0.4732705354690552,0.7648976773641563,0.4573827385902405,0.4613894522190094,0.1488611251115799
switzerland,cleveland,v5_mask_only_dro,v5_mask,0,5062,50.0,0.4583638310432434,0.7621763809291693,0.44267377257347107,0.4478459358215332,0.14397038519382477
switzerland,hungary,v5_mask_only_dro,v5_mask,0,5062,5.0,0.6360136866569519,0.5910954067105371,0.6145460605621338,0.6154941916465759,0.21230553090572357
switzerland,hungary,v5_mask_only_dro,v5_mask,0,5062,10.0,0.5705548524856567,0.5364212784262469,0.5516623258590698,0.5529922842979431,0.18560074269771576
switzerland,hungary,v5_mask_only_dro,v5_mask,0,5062,15.0,0.538504958152771,0.5252793572381409,0.5204373598098755,0.5234754681587219,0.1730804294347763
switzerland,hungary,v5_mask_only_dro,v5_mask,0,5062,20.0,0.5218789577484131,0.522642786345707,0.5047425031661987,0.506579577922821,0.16677184402942657
switzerland,hungary,v5_mask_only_dro,v5_mask,0,5062,25.0,0.5018718838691711,0.5250332748264122,0.4854894280433655,0.48731860518455505,0.15925145149230957
switzerland,hungary,v5_mask_only_dro,v5_mask,0,5062,30.0,0.5043576955795288,0.5176958663821097,0.487518310546875,0.4906322658061981,0.16060903668403625
switzerland,hungary,v5_mask_only_dro,v5_mask,0,5062,35.0,0.48080840706825256,0.5156768861744868,0.46445029973983765,0.4691948890686035,0.1517198532819748
switzerland,hungary,v5_mask_only_dro,v5_mask,0,5062,40.0,0.45898985862731934,0.5425094256082559,0.44389691948890686,0.44666004180908203,0.14402149617671967
switzerland,hungary,v5_mask_only_dro,v5_mask,0,5062,45.0,0.4445291757583618,0.5390586059204714,0.429580956697464,0.4341016709804535,0.13818010687828064
switzerland,hungary,v5_mask_only_dro,v5_mask,0,5062,50.0,0.4398021101951599,0.5814067712236051,0.42434394359588623,0.431424617767334,0.13687999546527863
switzerland,hungary,v5_mask_only_dro,v5_mask,0,5062,55.0,0.4234190285205841,0.5783477777217625,0.4087573289871216,0.4152330458164215,0.13042770326137543
switzerland,hungary,v5_mask_only_dro,v5_mask,0,5062,60.0,0.4133962094783783,0.5870489301922637,0.39816492795944214,0.40797901153564453,0.1277778297662735
switzerland,hungary,v5_mask_only_dro,v5_mask,0,5062,65.0,0.4092850685119629,0.5904182402163587,0.39294445514678955,0.4082096219062805,0.12524311244487762
switzerland,hungary,v5_mask_only_dro,v5_mask,0,5062,70.0,0.39708223938941956,0.5902462427397448,0.38119810819625854,0.3960162103176117,0.12179610878229141
switzerland,hungary,v5_mask_only_dro,v5_mask,0,5062,75.0,0.3883107900619507,0.6059654374995128,0.3722217381000519,0.389561265707016,0.11754160374403
switzerland,va_long_beach,v5_mask_only_dro,v5_mask,0,5062,5.0,0.5369403958320618,0.7375673363105926,0.5189875364303589,0.5225328803062439,0.1706656664609909
switzerland,va_long_beach,v5_mask_only_dro,v5_mask,0,5062,10.0,0.45031285285949707,0.7840310420358879,0.4352334439754486,0.44029197096824646,0.13814783096313477
switzerland,va_long_beach,v5_mask_only_dro,v5_mask,0,5062,15.0,0.4290351867675781,0.7489266927379215,0.41515010595321655,0.41808024048805237,0.13152559101581573
switzerland,va_long_beach,v5_mask_only_dro,v5_mask,0,5062,20.0,0.41474050283432007,0.7599641348724928,0.40160703659057617,0.40349578857421875,0.12661288678646088
switzerland,va_long_beach,v5_mask_only_dro,v5_mask,0,5062,25.0,0.40519654750823975,0.7967372204758778,0.3917330801486969,0.3963470458984375,0.1230996698141098
switzerland,va_long_beach,v5_mask_only_dro,v5_mask,0,5062,30.0,0.3991096615791321,0.7698536242118525,0.3859948217868805,0.3898950517177582,0.12139773368835449
switzerland,va_long_beach,v5_mask_only_dro,v5_mask,0,5062,35.0,0.3948234021663666,0.774564743218997,0.38184332847595215,0.3856033384799957,0.12040065228939056
switzerland,va_long_beach,v5_mask_only_dro,v5_mask,0,5062,40.0,0.391406387090683,0.7769560052499715,0.3782956898212433,0.38288936018943787,0.11962278932332993
switzerland,va_long_beach,v5_mask_only_dro,v5_mask,0,5062,45.0,0.38059675693511963,0.7699846302446895,0.3676793873310089,0.37309399247169495,0.11563711613416672
switzerland,cleveland,v5_mask_only_dro,v5_mask,1,5062,5.0,0.5893942713737488,0.5222047682365847,0.5695340037345886,0.5716272592544556,0.19336985051631927
switzerland,cleveland,v5_mask_only_dro,v5_mask,1,5062,10.0,0.5396440625190735,0.5354360816022987,0.521875262260437,0.5234107971191406,0.17384929955005646
switzerland,cleveland,v5_mask_only_dro,v5_mask,1,5062,15.0,0.5193580389022827,0.5420867597513378,0.5024093985557556,0.5035955309867859,0.16652123630046844
switzerland,cleveland,v5_mask_only_dro,v5_mask,1,5062,20.0,0.511760413646698,0.5880555753845951,0.49498769640922546,0.49646684527397156,0.1640295833349228
switzerland,cleveland,v5_mask_only_dro,v5_mask,1,5062,25.0,0.49603983759880066,0.7391378730599841,0.4794892370700836,0.4825093448162079,0.15795572102069855
switzerland,cleveland,v5_mask_only_dro,v5_mask,1,5062,30.0,0.48147472739219666,0.830061134608394,0.4652959108352661,0.4691450297832489,0.15216541290283203
switzerland,cleveland,v5_mask_only_dro,v5_mask,1,5062,35.0,0.4632551670074463,0.7854220446539149,0.4470004141330719,0.45410576462745667,0.14478400349617004
switzerland,cleveland,v5_mask_only_dro,v5_mask,1,5062,40.0,0.44914084672927856,0.8408687369882446,0.4340411126613617,0.43821993470191956,0.1405504047870636
switzerland,cleveland,v5_mask_only_dro,v5_mask,1,5062,45.0,0.43739187717437744,0.8531742411447112,0.42186489701271057,0.42996475100517273,0.13502006232738495
switzerland,hungary,v5_mask_only_dro,v5_mask,1,5062,5.0,0.6210593581199646,0.566658230485168,0.6000604629516602,0.6015224456787109,0.20633424818515778
switzerland,hungary,v5_mask_only_dro,v5_mask,1,5062,10.0,0.5520845651626587,0.5130078652896544,0.5339392423629761,0.535194993019104,0.17831386625766754
switzerland,hungary,v5_mask_only_dro,v5_mask,1,5062,15.0,0.5234266519546509,0.4970246591201356,0.5059890747070312,0.5087091326713562,0.1675756424665451
switzerland,hungary,v5_mask_only_dro,v5_mask,1,5062,20.0,0.4977903962135315,0.5089194036670138,0.48155370354652405,0.4833460748195648,0.15788580477237701
switzerland,hungary,v5_mask_only_dro,v5_mask,1,5062,25.0,0.47346991300582886,0.5203787534160409,0.4578154981136322,0.4611067771911621,0.14831587672233582
switzerland,hungary,v5_mask_only_dro,v5_mask,1,5062,30.0,0.46843448281288147,0.5346603760053075,0.45249143242836,0.45749416947364807,0.1469237357378006
switzerland,hungary,v5_mask_only_dro,v5_mask,1,5062,35.0,0.4408578872680664,0.5705618775554271,0.425005167722702,0.43359920382499695,0.1370421200990677
switzerland,hungary,v5_mask_only_dro,v5_mask,1,5062,40.0,0.41445907950401306,0.5906151419005798,0.4000092148780823,0.4065874218940735,0.12805314362049103
switzerland,hungary,v5_mask_only_dro,v5_mask,1,5062,45.0,0.39605021476745605,0.5858472735954632,0.3818284273147583,0.39055272936820984,0.12040715664625168
switzerland,hungary,v5_mask_only_dro,v5_mask,1,5062,50.0,0.3877037465572357,0.6227345872119241,0.372540682554245,0.38589802384376526,0.11823741346597672
switzerland,hungary,v5_mask_only_dro,v5_mask,1,5062,55.0,0.3687449097633362,0.5992348334929802,0.3542895019054413,0.36787357926368713,0.1105940192937851
switzerland,va_long_beach,v5_mask_only_dro,v5_mask,1,5062,5.0,0.48947229981422424,0.8227828082685744,0.47344839572906494,0.4762108027935028,0.15333299338817596
switzerland,va_long_beach,v5_mask_only_dro,v5_mask,1,5062,10.0,0.43258023262023926,0.7603977649167981,0.4177737832069397,0.42413273453712463,0.13216710090637207
switzerland,va_long_beach,v5_mask_only_dro,v5_mask,1,5062,15.0,0.4153164327144623,0.7777993952068111,0.40192583203315735,0.40465718507766724,0.1270773559808731
switzerland,va_long_beach,v5_mask_only_dro,v5_mask,1,5062,20.0,0.3953554928302765,0.7729263460926841,0.38289812207221985,0.3846118152141571,0.12028922140598297
switzerland,va_long_beach,v5_mask_only_dro,v5_mask,1,5062,25.0,0.38792601227760315,0.7602267005669185,0.3751355707645416,0.3794362246990204,0.11715274304151535
switzerland,va_long_beach,v5_mask_only_dro,v5_mask,1,5062,30.0,0.3758379817008972,0.763688969332838,0.3631153702735901,0.3684511184692383,0.11388654261827469
switzerland,va_long_beach,v5_mask_only_dro,v5_mask,1,5062,35.0,0.366921067237854,0.7763952897371502,0.3547269105911255,0.35920342803001404,0.11075025051832199
switzerland,va_long_beach,v5_mask_only_dro,v5_mask,1,5062,40.0,0.35785043239593506,0.8065764722885814,0.34545230865478516,0.3519367277622223,0.10777027159929276
switzerland,va_long_beach,v5_mask_only_dro,v5_mask,1,5062,45.0,0.3469908833503723,0.8523419283060676,0.3344598114490509,0.3429647386074066,0.10404828190803528
switzerland,va_long_beach,v5_mask_only_dro,v5_mask,1,5062,50.0,0.33629998564720154,0.8467261182760857,0.32327544689178467,0.3354915678501129,0.09970518201589584
switzerland,va_long_beach,v5_mask_only_dro,v5_mask,1,5062,55.0,0.31684744358062744,0.8779155268850829,0.30523696541786194,0.31410476565361023,0.09393511712551117
switzerland,va_long_beach,v5_mask_only_dro,v5_mask,1,5062,60.0,0.30742520093917847,0.9285326716077105,0.2943270206451416,0.3107733726501465,0.0898657962679863
switzerland,va_long_beach,v5_mask_only_dro,v5_mask,1,5062,65.0,0.2842659652233124,0.8941245761761081,0.2731497287750244,0.28404131531715393,0.08393333852291107
switzerland,cleveland,v5_mask_only_dro,v5_mask,2,5062,5.0,0.6272038817405701,0.5376026303698271,0.6057928204536438,0.6068862080574036,0.20864351093769073
switzerland,cleveland,v5_mask_only_dro,v5_mask,2,5062,10.0,0.5589587688446045,0.5162974813237896,0.540286123752594,0.5414371490478516,0.18097162246704102
switzerland,cleveland,v5_mask_only_dro,v5_mask,2,5062,15.0,0.532234787940979,0.5212172861571576,0.5146110653877258,0.515677273273468,0.17090599238872528
switzerland,cleveland,v5_mask_only_dro,v5_mask,2,5062,20.0,0.5290557146072388,0.5286461743464953,0.5113845467567444,0.5126857757568359,0.17020593583583832
switzerland,cleveland,v5_mask_only_dro,v5_mask,2,5062,25.0,0.516454815864563,0.5469887916703635,0.4987717866897583,0.5010515451431274,0.16543157398700714
switzerland,cleveland,v5_mask_only_dro,v5_mask,2,5062,30.0,0.5066452026367188,0.5976775504934233,0.48940733075141907,0.4915909767150879,0.16146063804626465
switzerland,cleveland,v5_mask_only_dro,v5_mask,2,5062,35.0,0.49361324310302734,0.658084325507091,0.4759257733821869,0.4800494313240051,0.15625645220279694
switzerland,cleveland,v5_mask_only_dro,v5_mask,2,5062,40.0,0.4832518994808197,0.7258248166735004,0.46679890155792236,0.4691132605075836,0.15295837819576263
switzerland,cleveland,v5_mask_only_dro,v5_mask,2,5062,45.0,0.47501909732818604,0.7594246904797919,0.4581794738769531,0.46202680468559265,0.14915935695171356
switzerland,cleveland,v5_mask_only_dro,v5_mask,2,5062,50.0,0.4606229364871979,0.7584680651497432,0.4436928927898407,0.44867897033691406,0.1443699449300766
switzerland,hungary,v5_mask_only_dro,v5_mask,2,5062,5.0,0.6363844275474548,0.5911784196607006,0.6146754026412964,0.6156204342842102,0.21236464381217957
switzerland,hungary,v5_mask_only_dro,v5_mask,2,5062,10.0,0.5710203647613525,0.5364085859073041,0.5517945289611816,0.5531161427497864,0.18565066158771515
switzerland,hungary,v5_mask_only_dro,v5_mask,2,5062,15.0,0.5393564105033875,0.5250894199115328,0.5205429792404175,0.5235471129417419,0.17311382293701172
switzerland,hungary,v5_mask_only_dro,v5_mask,2,5062,20.0,0.5224921703338623,0.5216478579187347,0.5049037337303162,0.5067152380943298,0.1668270230293274
switzerland,hungary,v5_mask_only_dro,v5_mask,2,5062,25.0,0.5026177167892456,0.5234376369388608,0.48578909039497375,0.48757344484329224,0.1593644618988037
switzerland,hungary,v5_mask_only_dro,v5_mask,2,5062,30.0,0.5054633617401123,0.5160944884989109,0.48785868287086487,0.4909200668334961,0.16074006259441376
switzerland,hungary,v5_mask_only_dro,v5_mask,2,5062,35.0,0.4823402166366577,0.5135382647684124,0.464819073677063,0.46949130296707153,0.1518503725528717
switzerland,hungary,v5_mask_only_dro,v5_mask,2,5062,40.0,0.46013790369033813,0.5408758831816938,0.4443719685077667,0.4470636546611786,0.14420099556446075
switzerland,hungary,v5_mask_only_dro,v5_mask,2,5062,45.0,0.44633278250694275,0.5377602379097357,0.430287629365921,0.4346875250339508,0.1384519636631012
switzerland,hungary,v5_mask_only_dro,v5_mask,2,5062,50.0,0.4422664940357208,0.5802303686756483,0.42511284351348877,0.4319918751716614,0.1371413916349411
switzerland,hungary,v5_mask_only_dro,v5_mask,2,5062,55.0,0.42638713121414185,0.576331705023917,0.4101506173610687,0.41643238067626953,0.13095611333847046
switzerland,hungary,v5_mask_only_dro,v5_mask,2,5062,60.0,0.41685542464256287,0.5819260759787834,0.3992815613746643,0.40879058837890625,0.12819361686706543
switzerland,hungary,v5_mask_only_dro,v5_mask,2,5062,65.0,0.41428032517433167,0.5864848907422864,0.3944295346736908,0.4089832305908203,0.12573914229869843
switzerland,hungary,v5_mask_only_dro,v5_mask,2,5062,70.0,0.4020552933216095,0.5841814991724505,0.38281166553497314,0.396832674741745,0.12233119457960129
switzerland,hungary,v5_mask_only_dro,v5_mask,2,5062,75.0,0.394010990858078,0.6003627480473542,0.37402230501174927,0.39037105441093445,0.11814332008361816
switzerland,va_long_beach,v5_mask_only_dro,v5_mask,2,5062,5.0,0.5378304719924927,0.7359059925900505,0.5190369486808777,0.5224952697753906,0.1706433892250061
switzerland,va_long_beach,v5_mask_only_dro,v5_mask,2,5062,10.0,0.45150595903396606,0.784434776200338,0.43516138195991516,0.44022685289382935,0.13811826705932617
switzerland,va_long_beach,v5_mask_only_dro,v5_mask,2,5062,15.0,0.4297116994857788,0.7482365966038361,0.41511890292167664,0.4180026054382324,0.13150940835475922
switzerland,va_long_beach,v5_mask_only_dro,v5_mask,2,5062,20.0,0.4151420593261719,0.758291839123822,0.40155941247940063,0.40341272950172424,0.12655964493751526
switzerland,va_long_beach,v5_mask_only_dro,v5_mask,2,5062,25.0,0.4063955247402191,0.7964460097741812,0.3918360769748688,0.3963293135166168,0.12312817573547363
switzerland,va_long_beach,v5_mask_only_dro,v5_mask,2,5062,30.0,0.4002365171909332,0.769482342994497,0.3861798942089081,0.39000436663627625,0.12144378572702408
switzerland,va_long_beach,v5_mask_only_dro,v5_mask,2,5062,35.0,0.395942360162735,0.7734858750843292,0.3820585310459137,0.3857343792915344,0.12045882642269135
switzerland,va_long_beach,v5_mask_only_dro,v5_mask,2,5062,40.0,0.3926314115524292,0.7755139747468986,0.3784431517124176,0.38288766145706177,0.1196599155664444
switzerland,va_long_beach,v5_mask_only_dro,v5_mask,2,5062,45.0,0.38221898674964905,0.7685867060940291,0.36801522970199585,0.37327393889427185,0.11574404686689377
switzerland,cleveland,v5_mask_only_dro,v5_mask,3,5062,5.0,0.589949905872345,0.5219566753107548,0.5695716142654419,0.5716512799263,0.1933843195438385
switzerland,cleveland,v5_mask_only_dro,v5_mask,3,5062,10.0,0.5399987697601318,0.5347864588950071,0.5218546390533447,0.5233729481697083,0.1738499402999878
switzerland,cleveland,v5_mask_only_dro,v5_mask,3,5062,15.0,0.5196758508682251,0.5414688850496342,0.5024401545524597,0.5036056637763977,0.16652913391590118
switzerland,cleveland,v5_mask_only_dro,v5_mask,3,5062,20.0,0.5122382044792175,0.586179131497909,0.49510398507118225,0.4965568482875824,0.16407771408557892
switzerland,cleveland,v5_mask_only_dro,v5_mask,3,5062,25.0,0.4970787763595581,0.7342242182510686,0.4798087179660797,0.4827389717102051,0.1580493450164795
switzerland,cleveland,v5_mask_only_dro,v5_mask,3,5062,30.0,0.48275938630104065,0.822036909835237,0.46566975116729736,0.46938687562942505,0.1523107886314392
switzerland,cleveland,v5_mask_only_dro,v5_mask,3,5062,35.0,0.4657122492790222,0.7759231218274395,0.4477636516094208,0.45464593172073364,0.14507469534873962
switzerland,cleveland,v5_mask_only_dro,v5_mask,3,5062,40.0,0.45118448138237,0.8304617882167413,0.4351128339767456,0.4390701353549957,0.14093011617660522
switzerland,cleveland,v5_mask_only_dro,v5_mask,3,5062,45.0,0.4408140480518341,0.84356353228921,0.42346566915512085,0.4310382008552551,0.13562114536762238
switzerland,hungary,v5_mask_only_dro,v5_mask,3,5062,5.0,0.621852457523346,0.5666073481616895,0.6004734039306641,0.6019278764724731,0.20651841163635254
switzerland,hungary,v5_mask_only_dro,v5_mask,3,5062,10.0,0.5528050661087036,0.5123135070845184,0.5343387126922607,0.5355804562568665,0.17845521867275238
switzerland,hungary,v5_mask_only_dro,v5_mask,3,5062,15.0,0.5239527821540833,0.49537786019504654,0.5058477520942688,0.5085582137107849,0.16749806702136993
switzerland,hungary,v5_mask_only_dro,v5_mask,3,5062,20.0,0.498460054397583,0.5079429501763947,0.48177310824394226,0.48355942964553833,0.15793786942958832
switzerland,hungary,v5_mask_only_dro,v5_mask,3,5062,25.0,0.4746634066104889,0.5210077937496578,0.4582105278968811,0.4614231288433075,0.14846600592136383
switzerland,hungary,v5_mask_only_dro,v5_mask,3,5062,30.0,0.47007036209106445,0.5332059585185172,0.4529307186603546,0.4577901065349579,0.14709946513175964
switzerland,hungary,v5_mask_only_dro,v5_mask,3,5062,35.0,0.44362345337867737,0.5680091806161591,0.4257124960422516,0.4340701997280121,0.13732099533081055
switzerland,hungary,v5_mask_only_dro,v5_mask,3,5062,40.0,0.41672664880752563,0.5863718472171535,0.4007398188114166,0.4070598781108856,0.1282680630683899
switzerland,hungary,v5_mask_only_dro,v5_mask,3,5062,45.0,0.39936769008636475,0.5821415292715624,0.3831142783164978,0.39145174622535706,0.12084676325321198
switzerland,hungary,v5_mask_only_dro,v5_mask,3,5062,50.0,0.39167067408561707,0.6197978942783939,0.3734882175922394,0.38614997267723083,0.1185157299041748
switzerland,hungary,v5_mask_only_dro,v5_mask,3,5062,55.0,0.3731645941734314,0.5936566388446832,0.3555380403995514,0.3685891330242157,0.11101000756025314
switzerland,va_long_beach,v5_mask_only_dro,v5_mask,3,5062,5.0,0.4898395538330078,0.8229753057515213,0.4731568396091461,0.4758813977241516,0.15320423245429993
switzerland,va_long_beach,v5_mask_only_dro,v5_mask,3,5062,10.0,0.43413102626800537,0.7635368482664817,0.4177667200565338,0.424063503742218,0.13215914368629456
switzerland,va_long_beach,v5_mask_only_dro,v5_mask,3,5062,15.0,0.41608455777168274,0.7783755346874263,0.4020419120788574,0.4047096371650696,0.12708786129951477
switzerland,va_long_beach,v5_mask_only_dro,v5_mask,3,5062,20.0,0.39609819650650024,0.7752166341477522,0.383220911026001,0.38489875197410583,0.12038353085517883
switzerland,va_long_beach,v5_mask_only_dro,v5_mask,3,5062,25.0,0.38933342695236206,0.7592330836212351,0.37550321221351624,0.37970906496047974,0.11727280169725418
switzerland,va_long_beach,v5_mask_only_dro,v5_mask,3,5062,30.0,0.377514123916626,0.7637607859448066,0.3635028302669525,0.3687187135219574,0.11403349041938782
switzerland,va_long_beach,v5_mask_only_dro,v5_mask,3,5062,35.0,0.3684062659740448,0.7724271830541982,0.35512977838516235,0.35950562357902527,0.11088583618402481
switzerland,va_long_beach,v5_mask_only_dro,v5_mask,3,5062,40.0,0.3597717881202698,0.8005016377335478,0.3458767533302307,0.3520866334438324,0.10790112614631653
switzerland,va_long_beach,v5_mask_only_dro,v5_mask,3,5062,45.0,0.3500138819217682,0.8513930366639741,0.33546897768974304,0.34368690848350525,0.10435939580202103
switzerland,va_long_beach,v5_mask_only_dro,v5_mask,3,5062,50.0,0.3407774269580841,0.8429561121867764,0.32486629486083984,0.33664631843566895,0.10021134465932846
switzerland,va_long_beach,v5_mask_only_dro,v5_mask,3,5062,55.0,0.3208220601081848,0.8636933800289286,0.3071204721927643,0.3156174123287201,0.0945311039686203
switzerland,va_long_beach,v5_mask_only_dro,v5_mask,3,5062,60.0,0.312343955039978,0.9280428803046166,0.29566535353660583,0.31094828248023987,0.090371273458004
switzerland,va_long_beach,v5_mask_only_dro,v5_mask,3,5062,65.0,0.2906236946582794,0.8848701938245577,0.27713993191719055,0.287078857421875,0.08514326065778732
switzerland,cleveland,v5_mask_only_dro,v5_mask,4,5062,5.0,0.6275719404220581,0.5376870408620504,0.6058865189552307,0.6069756746292114,0.20868539810180664
switzerland,cleveland,v5_mask_only_dro,v5_mask,4,5062,10.0,0.5592430830001831,0.5160011404830839,0.540289580821991,0.5414304137229919,0.1809787005186081
switzerland,cleveland,v5_mask_only_dro,v5_mask,4,5062,15.0,0.5324203968048096,0.5208908642425147,0.5145470499992371,0.5155931711196899,0.17088782787322998
switzerland,cleveland,v5_mask_only_dro,v5_mask,4,5062,20.0,0.5293893814086914,0.528375348876241,0.5114116668701172,0.5126885771751404,0.17020070552825928
switzerland,cleveland,v5_mask_only_dro,v5_mask,4,5062,25.0,0.5171791315078735,0.546262800286626,0.49894535541534424,0.501191258430481,0.16549378633499146
switzerland,cleveland,v5_mask_only_dro,v5_mask,4,5062,30.0,0.5073704719543457,0.5945447917234894,0.4896177649497986,0.4917495846748352,0.16153831779956818
switzerland,cleveland,v5_mask_only_dro,v5_mask,4,5062,35.0,0.49499258399009705,0.6538418561941441,0.47631514072418213,0.4803670048713684,0.15638531744480133
switzerland,cleveland,v5_mask_only_dro,v5_mask,4,5062,40.0,0.4842158854007721,0.7202527683460043,0.46722307801246643,0.46946239471435547,0.1531333029270172
switzerland,cleveland,v5_mask_only_dro,v5_mask,4,5062,45.0,0.47675132751464844,0.7543054309535682,0.45903000235557556,0.4627271592617035,0.14948445558547974
switzerland,cleveland,v5_mask_only_dro,v5_mask,4,5062,50.0,0.462856650352478,0.7553866589189051,0.4447747766971588,0.4495774209499359,0.14479894936084747
switzerland,hungary,v5_mask_only_dro,v5_mask,4,5062,5.0,0.6367148160934448,0.5912003985110972,0.61476731300354,0.6157096028327942,0.21240752935409546
switzerland,hungary,v5_mask_only_dro,v5_mask,4,5062,10.0,0.5714419484138489,0.5365416938303916,0.5518859624862671,0.5532026290893555,0.18568481504917145
switzerland,hungary,v5_mask_only_dro,v5_mask,4,5062,15.0,0.5401709675788879,0.5248386075842302,0.5206277966499329,0.5235999226570129,0.17314085364341736
switzerland,hungary,v5_mask_only_dro,v5_mask,4,5062,20.0,0.5230798125267029,0.5205842957095693,0.5050489902496338,0.5068397521972656,0.16687753796577454
switzerland,hungary,v5_mask_only_dro,v5_mask,4,5062,25.0,0.5033246278762817,0.5218362514407197,0.4860672354698181,0.48781442642211914,0.15946972370147705
switzerland,hungary,v5_mask_only_dro,v5_mask,4,5062,30.0,0.5064957737922668,0.5144447788541193,0.488147109746933,0.4911656379699707,0.16084761917591095
switzerland,hungary,v5_mask_only_dro,v5_mask,4,5062,35.0,0.48377782106399536,0.511767197169303,0.4651338756084442,0.4697311520576477,0.15195965766906738
switzerland,hungary,v5_mask_only_dro,v5_mask,4,5062,40.0,0.4611493647098541,0.5396720797408161,0.4447377026081085,0.4473743438720703,0.1443418562412262
switzerland,hungary,v5_mask_only_dro,v5_mask,4,5062,45.0,0.4480767250061035,0.5365816052468781,0.4309772849082947,0.4352801442146301,0.13872255384922028
switzerland,hungary,v5_mask_only_dro,v5_mask,4,5062,50.0,0.4445367753505707,0.5794066557028739,0.4257856011390686,0.4324704110622406,0.13737598061561584
switzerland,hungary,v5_mask_only_dro,v5_mask,4,5062,55.0,0.4292495846748352,0.5749351305283961,0.4115039110183716,0.41763660311698914,0.13146157562732697
switzerland,hungary,v5_mask_only_dro,v5_mask,4,5062,60.0,0.4200834333896637,0.5785583974310722,0.4003092348575592,0.4095315933227539,0.12857450544834137
switzerland,hungary,v5_mask_only_dro,v5_mask,4,5062,65.0,0.41887861490249634,0.5830764098984589,0.3958360552787781,0.40972957015037537,0.1262241154909134
switzerland,hungary,v5_mask_only_dro,v5_mask,4,5062,70.0,0.4065197706222534,0.5794960985422878,0.3842448592185974,0.39757099747657776,0.12280283868312836
switzerland,hungary,v5_mask_only_dro,v5_mask,4,5062,75.0,0.3993529677391052,0.596037028136312,0.3759094774723053,0.39133167266845703,0.11876850575208664
switzerland,va_long_beach,v5_mask_only_dro,v5_mask,4,5062,5.0,0.5387435555458069,0.7343156643032386,0.5191481113433838,0.5225221514701843,0.17064939439296722
switzerland,va_long_beach,v5_mask_only_dro,v5_mask,4,5062,10.0,0.4527144730091095,0.7848061048869255,0.4351002871990204,0.4401734471321106,0.13809296488761902
switzerland,va_long_beach,v5_mask_only_dro,v5_mask,4,5062,15.0,0.4303736388683319,0.7475255602594648,0.4150947034358978,0.41793394088745117,0.1314951330423355
switzerland,va_long_beach,v5_mask_only_dro,v5_mask,4,5062,20.0,0.41555941104888916,0.7567095639904533,0.4015418589115143,0.4033629596233368,0.1265174299478531
switzerland,va_long_beach,v5_mask_only_dro,v5_mask,4,5062,25.0,0.4075815677642822,0.796299730601563,0.3919762969017029,0.3963608741760254,0.12316825985908508
switzerland,va_long_beach,v5_mask_only_dro,v5_mask,4,5062,30.0,0.4013820290565491,0.7693974161191421,0.38641077280044556,0.39017143845558167,0.12150755524635315
switzerland,va_long_beach,v5_mask_only_dro,v5_mask,4,5062,35.0,0.3970509469509125,0.7725597876247545,0.3823026418685913,0.38589659333229065,0.1205284371972084
switzerland,va_long_beach,v5_mask_only_dro,v5_mask,4,5062,40.0,0.3938366174697876,0.7742419276279846,0.3786371052265167,0.3829418122768402,0.11971007287502289
switzerland,va_long_beach,v5_mask_only_dro,v5_mask,4,5062,45.0,0.3838141858577728,0.7674375022237501,0.36839380860328674,0.3735058009624481,0.1158638522028923
switzerland,cleveland,v5_mask_only_dro,v5_mask,5,5062,5.0,0.5906674265861511,0.5215340844184824,0.569773256778717,0.5718359351158142,0.19347210228443146
switzerland,cleveland,v5_mask_only_dro,v5_mask,5,5062,10.0,0.5403683185577393,0.5341250302482079,0.5218590497970581,0.5233559608459473,0.17386548221111298
switzerland,cleveland,v5_mask_only_dro,v5_mask,5,5062,15.0,0.5199905037879944,0.5407235588499477,0.5024818778038025,0.5036212801933289,0.1665409654378891
switzerland,cleveland,v5_mask_only_dro,v5_mask,5,5062,20.0,0.5127111077308655,0.5838076720068586,0.4952279329299927,0.4966554641723633,0.1641252189874649
switzerland,cleveland,v5_mask_only_dro,v5_mask,5,5062,25.0,0.4981280565261841,0.7286636956981605,0.4801766574382782,0.4830237329006195,0.1581609845161438
switzerland,cleveland,v5_mask_only_dro,v5_mask,5,5062,30.0,0.4840122163295746,0.8141712327016426,0.4660767912864685,0.46966153383255005,0.15246841311454773
switzerland,cleveland,v5_mask_only_dro,v5_mask,5,5062,35.0,0.4680233895778656,0.7675486768241341,0.4484870731830597,0.4551559388637543,0.14534668624401093
switzerland,cleveland,v5_mask_only_dro,v5_mask,5,5062,40.0,0.4532308578491211,0.8211337286709381,0.43627673387527466,0.4400348663330078,0.14135527610778809
switzerland,cleveland,v5_mask_only_dro,v5_mask,5,5062,45.0,0.4440980553627014,0.8344514566639726,0.4251520335674286,0.43224412202835083,0.13626934587955475
switzerland,hungary,v5_mask_only_dro,v5_mask,5,5062,5.0,0.6229817271232605,0.5664544059571385,0.6012095808982849,0.6026577353477478,0.20686012506484985
switzerland,hungary,v5_mask_only_dro,v5_mask,5,5062,10.0,0.5535714626312256,0.5114752937187411,0.5347894430160522,0.5360153317451477,0.1786254197359085
switzerland,hungary,v5_mask_only_dro,v5_mask,5,5062,15.0,0.5243039727210999,0.49317238571768696,0.5055380463600159,0.5082470178604126,0.16734157502651215
switzerland,hungary,v5_mask_only_dro,v5_mask,5,5062,20.0,0.49934542179107666,0.5069163060444553,0.4821859896183014,0.483990877866745,0.1580577939748764
switzerland,hungary,v5_mask_only_dro,v5_mask,5,5062,25.0,0.4759083390235901,0.5229432183061213,0.4586813151836395,0.461831659078598,0.14864279329776764
switzerland,hungary,v5_mask_only_dro,v5_mask,5,5062,30.0,0.4714508354663849,0.5333830291752606,0.453172892332077,0.4579195976257324,0.14717920124530792
switzerland,hungary,v5_mask_only_dro,v5_mask,5,5062,35.0,0.4461038112640381,0.5653705525565444,0.4262390732765198,0.4343874156475067,0.13753461837768555
switzerland,hungary,v5_mask_only_dro,v5_mask,5,5062,40.0,0.4188530743122101,0.5814077616307833,0.40139105916023254,0.4075445234775543,0.12846924364566803
switzerland,hungary,v5_mask_only_dro,v5_mask,5,5062,45.0,0.40239086747169495,0.5785617576301219,0.38427460193634033,0.39226362109184265,0.12124501168727875
switzerland,hungary,v5_mask_only_dro,v5_mask,5,5062,50.0,0.39552682638168335,0.619513085051195,0.3745890259742737,0.3866561949253082,0.11887440830469131
switzerland,hungary,v5_mask_only_dro,v5_mask,5,5062,55.0,0.3775971829891205,0.5894314476305456,0.3570493161678314,0.36957892775535583,0.11150668561458588
switzerland,va_long_beach,v5_mask_only_dro,v5_mask,5,5062,5.0,0.49016720056533813,0.8230489607724929,0.47284480929374695,0.4755321443080902,0.15306894481182098
switzerland,va_long_beach,v5_mask_only_dro,v5_mask,5,5062,10.0,0.43561431765556335,0.7661692424464421,0.4177221655845642,0.4239599406719208,0.13213831186294556
switzerland,va_long_beach,v5_mask_only_dro,v5_mask,5,5062,15.0,0.41678401827812195,0.7788802407936903,0.4021211862564087,0.4047272801399231,0.12708257138729095
switzerland,va_long_beach,v5_mask_only_dro,v5_mask,5,5062,20.0,0.39683809876441956,0.778089078843647,0.3835550546646118,0.38520145416259766,0.1204824224114418
switzerland,va_long_beach,v5_mask_only_dro,v5_mask,5,5062,25.0,0.390739768743515,0.7586002043416677,0.37591326236724854,0.3800278604030609,0.11740575730800629
switzerland,va_long_beach,v5_mask_only_dro,v5_mask,5,5062,30.0,0.3792601525783539,0.7647162490258803,0.3640107810497284,0.36911335587501526,0.11422424763441086
switzerland,va_long_beach,v5_mask_only_dro,v5_mask,5,5062,35.0,0.37003812193870544,0.7694819625623195,0.35572031140327454,0.3599978983402252,0.11109619587659836
switzerland,va_long_beach,v5_mask_only_dro,v5_mask,5,5062,40.0,0.3617570996284485,0.7937665294122052,0.34646886587142944,0.3524399697780609,0.10809905081987381
switzerland,va_long_beach,v5_mask_only_dro,v5_mask,5,5062,45.0,0.35327669978141785,0.8476287898935694,0.33683672547340393,0.34478339552879333,0.10479986667633057
switzerland,va_long_beach,v5_mask_only_dro,v5_mask,5,5062,50.0,0.3452136516571045,0.8450402555167795,0.3266028165817261,0.33797988295555115,0.10078028589487076
switzerland,va_long_beach,v5_mask_only_dro,v5_mask,5,5062,55.0,0.32469838857650757,0.8513740990122938,0.30908918380737305,0.3172163963317871,0.0951380506157875
switzerland,va_long_beach,v5_mask_only_dro,v5_mask,5,5062,60.0,0.31807053089141846,0.9139686899886823,0.2983229160308838,0.3124673366546631,0.0913931131362915
switzerland,va_long_beach,v5_mask_only_dro,v5_mask,5,5062,65.0,0.2955036461353302,0.884553958051989,0.2799670100212097,0.28921863436698914,0.08597945421934128
va_long_beach,cleveland,v5_site_only_dro,v5_site,0,5062,5.0,0.5200731158256531,0.5479429865229677,0.5029923319816589,0.5053637623786926,0.16487956047058105
va_long_beach,cleveland,v5_site_only_dro,v5_site,0,5062,10.0,0.44542062282562256,0.6167072741054479,0.4316048324108124,0.43163833022117615,0.13807402551174164
va_long_beach,cleveland,v5_site_only_dro,v5_site,0,5062,15.0,0.4205193519592285,0.6514127239957264,0.40693268179893494,0.4099275767803192,0.12837941944599152
va_long_beach,cleveland,v5_site_only_dro,v5_site,0,5062,20.0,0.3957829475402832,0.6882939443078109,0.38297224044799805,0.3862121105194092,0.12000730633735657
va_long_beach,cleveland,v5_site_only_dro,v5_site,0,5062,25.0,0.38702085614204407,0.7303527033748626,0.37449583411216736,0.3779439926147461,0.11662982404232025
va_long_beach,cleveland,v5_site_only_dro,v5_site,0,5062,30.0,0.3760397136211395,0.762864725255151,0.36398613452911377,0.3670163154602051,0.11296023428440094
va_long_beach,cleveland,v5_site_only_dro,v5_site,0,5062,35.0,0.34708377718925476,0.7913982912255765,0.33470645546913147,0.3431011736392975,0.10278628766536713
va_long_beach,cleveland,v5_site_only_dro,v5_site,0,5062,40.0,0.34633949398994446,0.7656426114539892,0.3339650630950928,0.3424711227416992,0.1024792343378067
va_long_beach,cleveland,v5_site_only_dro,v5_site,0,5062,45.0,0.32312947511672974,0.7709796391848628,0.31030407547950745,0.32383671402931213,0.0944223701953888
va_long_beach,hungary,v5_site_only_dro,v5_site,0,5062,5.0,0.5606170892715454,0.5257537537135197,0.5416830778121948,0.5452796816825867,0.18034879863262177
va_long_beach,hungary,v5_site_only_dro,v5_site,0,5062,10.0,0.5092635750770569,0.5209288547526262,0.4927889406681061,0.4939573407173157,0.16182534396648407
va_long_beach,hungary,v5_site_only_dro,v5_site,0,5062,15.0,0.4680994153022766,0.516662443698032,0.4533553719520569,0.4533555209636688,0.14743982255458832
va_long_beach,hungary,v5_site_only_dro,v5_site,0,5062,20.0,0.42327162623405457,0.5122218161745864,0.410201758146286,0.41023364663124084,0.13061924278736115
va_long_beach,hungary,v5_site_only_dro,v5_site,0,5062,25.0,0.41379183530807495,0.5280069934785157,0.400860071182251,0.4014829695224762,0.12776044011116028
va_long_beach,hungary,v5_site_only_dro,v5_site,0,5062,30.0,0.3708338737487793,0.5198245884463149,0.35843557119369507,0.3633943200111389,0.11158651858568192
va_long_beach,hungary,v5_site_only_dro,v5_site,0,5062,35.0,0.3511579930782318,0.5175579948794629,0.3384805917739868,0.34729161858558655,0.104746513068676
va_long_beach,hungary,v5_site_only_dro,v5_site,0,5062,40.0,0.34322670102119446,0.5321266024691453,0.3304206132888794,0.34087511897087097,0.10192445665597916
va_long_beach,hungary,v5_site_only_dro,v5_site,0,5062,45.0,0.32522445917129517,0.5340404462567234,0.3107573688030243,0.33081188797950745,0.09453467279672623
va_long_beach,hungary,v5_site_only_dro,v5_site,0,5062,50.0,0.3257526457309723,0.5262131251348129,0.3121275007724762,0.32808157801628113,0.09636599570512772
va_long_beach,hungary,v5_site_only_dro,v5_site,0,5062,55.0,0.3154270350933075,0.537039390830373,0.3022136688232422,0.3183775544166565,0.0917242243885994
va_long_beach,hungary,v5_site_only_dro,v5_site,0,5062,60.0,0.2914075553417206,0.5473036997819627,0.277254194021225,0.30040380358695984,0.08365963399410248
va_long_beach,switzerland,v5_site_only_dro,v5_site,0,5062,5.0,0.538321316242218,0.7170961642983349,0.521113395690918,0.5215938091278076,0.17087826132774353
va_long_beach,switzerland,v5_site_only_dro,v5_site,0,5062,10.0,0.4563192129135132,0.8062588858297106,0.4421488046646118,0.44231152534484863,0.14129723608493805
va_long_beach,switzerland,v5_site_only_dro,v5_site,0,5062,15.0,0.4277915954589844,0.825602389163451,0.4146376848220825,0.41469478607177734,0.1313963085412979
va_long_beach,switzerland,v5_site_only_dro,v5_site,0,5062,20.0,0.4129224717617035,0.8126075432820082,0.4003409743309021,0.4003453850746155,0.12580424547195435
va_long_beach,switzerland,v5_site_only_dro,v5_site,0,5062,25.0,0.40087807178497314,0.8084663827968221,0.38858190178871155,0.38861575722694397,0.12287698686122894
va_long_beach,switzerland,v5_site_only_dro,v5_site,0,5062,30.0,0.3941822648048401,0.8226033651662237,0.3821491599082947,0.3821510374546051,0.12032667547464371
va_long_beach,switzerland,v5_site_only_dro,v5_site,0,5062,35.0,0.38105133175849915,0.820014663933212,0.369499534368515,0.36950188875198364,0.11551233381032944
va_long_beach,switzerland,v5_site_only_dro,v5_site,0,5062,40.0,0.37739700078964233,0.8234479253080054,0.365887314081192,0.3659076690673828,0.11504605412483215
va_long_beach,switzerland,v5_site_only_dro,v5_site,0,5062,45.0,0.36554092168807983,0.8535574247829646,0.35440513491630554,0.3544062674045563,0.11135521531105042
va_long_beach,cleveland,v5_site_only_dro,v5_site,1,5062,5.0,0.4842890202999115,0.5913106329600388,0.46872520446777344,0.4700256288051605,0.15238697826862335
va_long_beach,cleveland,v5_site_only_dro,v5_site,1,5062,10.0,0.42088156938552856,0.64510270811399,0.40776827931404114,0.40869981050491333,0.1288037896156311
va_long_beach,cleveland,v5_site_only_dro,v5_site,1,5062,15.0,0.39373934268951416,0.7169512237246877,0.3807148039340973,0.38535889983177185,0.11863497644662857
va_long_beach,cleveland,v5_site_only_dro,v5_site,1,5062,20.0,0.357785701751709,0.7914317611710024,0.3453502058982849,0.3527044355869293,0.10596975684165955
va_long_beach,cleveland,v5_site_only_dro,v5_site,1,5062,25.0,0.3374374508857727,0.7993940344421016,0.32525667548179626,0.3343781530857086,0.09900420904159546
va_long_beach,cleveland,v5_site_only_dro,v5_site,1,5062,30.0,0.332641065120697,0.7886674154257467,0.320700466632843,0.3293248116970062,0.09784514456987381
va_long_beach,cleveland,v5_site_only_dro,v5_site,1,5062,35.0,0.3074286878108978,0.7819462577406533,0.2943078577518463,0.31099405884742737,0.08949272334575653
va_long_beach,cleveland,v5_site_only_dro,v5_site,1,5062,40.0,0.30144912004470825,0.7777461482596459,0.2891888916492462,0.3034348487854004,0.08698733150959015
va_long_beach,cleveland,v5_site_only_dro,v5_site,1,5062,45.0,0.27748653292655945,0.7842466611555248,0.2645758390426636,0.28455621004104614,0.07915586233139038
va_long_beach,hungary,v5_site_only_dro,v5_site,1,5062,5.0,0.5439444184303284,0.5154319117985509,0.5256275534629822,0.5290488600730896,0.17461545765399933
va_long_beach,hungary,v5_site_only_dro,v5_site,1,5062,10.0,0.4791198670864105,0.521081954170955,0.46399497985839844,0.46400123834609985,0.1512334644794464
va_long_beach,hungary,v5_site_only_dro,v5_site,1,5062,15.0,0.4207291305065155,0.5120882946489518,0.40766677260398865,0.4078036844730377,0.13028143346309662
va_long_beach,hungary,v5_site_only_dro,v5_site,1,5062,20.0,0.36911246180534363,0.535538898005212,0.3565133512020111,0.3626251816749573,0.1107117235660553
va_long_beach,hungary,v5_site_only_dro,v5_site,1,5062,25.0,0.36646518111228943,0.5527930020327169,0.3533751368522644,0.36186909675598145,0.10966555774211884
va_long_beach,hungary,v5_site_only_dro,v5_site,1,5062,30.0,0.3237612545490265,0.55553422862268,0.30997127294540405,0.32789039611816406,0.09310214966535568
va_long_beach,hungary,v5_site_only_dro,v5_site,1,5062,35.0,0.3026045858860016,0.5672142841352112,0.2877594530582428,0.3121235966682434,0.08754090219736099
va_long_beach,hungary,v5_site_only_dro,v5_site,1,5062,40.0,0.2996838688850403,0.542404888416347,0.2858085334300995,0.3063426613807678,0.08741806447505951
va_long_beach,hungary,v5_site_only_dro,v5_site,1,5062,45.0,0.2816058397293091,0.5658554797870107,0.26745378971099854,0.2920937240123749,0.0799207016825676
va_long_beach,hungary,v5_site_only_dro,v5_site,1,5062,50.0,0.2861190438270569,0.5912576354737888,0.27254462242126465,0.29364871978759766,0.08298400044441223
va_long_beach,hungary,v5_site_only_dro,v5_site,1,5062,55.0,0.27976346015930176,0.6168217275680947,0.268231064081192,0.2824321389198303,0.07982133328914642
va_long_beach,switzerland,v5_site_only_dro,v5_site,1,5062,5.0,0.49846845865249634,0.7692476479309316,0.48281416296958923,0.48287659883499146,0.15638695657253265
va_long_beach,switzerland,v5_site_only_dro,v5_site,1,5062,10.0,0.43949559330940247,0.8149454174110333,0.4259659945964813,0.4259796142578125,0.13526208698749542
va_long_beach,switzerland,v5_site_only_dro,v5_site,1,5062,15.0,0.4071919620037079,0.8107601449152908,0.39474377036094666,0.39476606249809265,0.12442607432603836
va_long_beach,switzerland,v5_site_only_dro,v5_site,1,5062,20.0,0.394873708486557,0.8110428087536063,0.3828321695327759,0.3828822076320648,0.12029025703668594
va_long_beach,switzerland,v5_site_only_dro,v5_site,1,5062,25.0,0.3822547197341919,0.8365063893853621,0.3705179989337921,0.37068939208984375,0.11693872511386871
va_long_beach,switzerland,v5_site_only_dro,v5_site,1,5062,30.0,0.3721144497394562,0.841156576338896,0.360811322927475,0.3608132302761078,0.11302661895751953
va_long_beach,switzerland,v5_site_only_dro,v5_site,1,5062,35.0,0.3540589511394501,0.8612033748563348,0.3433600068092346,0.34336909651756287,0.10696662962436676
va_long_beach,switzerland,v5_site_only_dro,v5_site,1,5062,40.0,0.3456854820251465,0.8678949376738669,0.3352057635784149,0.3353378474712372,0.10446695983409882
va_long_beach,switzerland,v5_site_only_dro,v5_site,1,5062,45.0,0.3347601592540741,0.9101946464137357,0.32465073466300964,0.3246581554412842,0.10107578337192535
va_long_beach,cleveland,v5_site_only_dro,v5_site,2,5062,5.0,0.5203744769096375,0.5481985161386893,0.5028102993965149,0.5049828886985779,0.1647789478302002
va_long_beach,cleveland,v5_site_only_dro,v5_site,2,5062,10.0,0.44478949904441833,0.6190434306537772,0.43100669980049133,0.43101435899734497,0.1377895027399063
va_long_beach,cleveland,v5_site_only_dro,v5_site,2,5062,15.0,0.42087462544441223,0.6528467678082917,0.4064931869506836,0.40961214900016785,0.12821932137012482
va_long_beach,cleveland,v5_site_only_dro,v5_site,2,5062,20.0,0.39642736315727234,0.6867607539321725,0.3829173147678375,0.3859390914440155,0.11999150365591049
va_long_beach,cleveland,v5_site_only_dro,v5_site,2,5062,25.0,0.3874685764312744,0.722981202909138,0.3742755949497223,0.37733879685401917,0.11661376059055328
va_long_beach,cleveland,v5_site_only_dro,v5_site,2,5062,30.0,0.376565545797348,0.7513438623230047,0.3639942705631256,0.36653709411621094,0.11299875378608704
va_long_beach,cleveland,v5_site_only_dro,v5_site,2,5062,35.0,0.3486505448818207,0.7763934072419902,0.3345302939414978,0.34222087264060974,0.10274962335824966
va_long_beach,cleveland,v5_site_only_dro,v5_site,2,5062,40.0,0.34748342633247375,0.7531718826482895,0.33343783020973206,0.3410612642765045,0.10233864933252335
va_long_beach,cleveland,v5_site_only_dro,v5_site,2,5062,45.0,0.3265809118747711,0.7524385444484448,0.31136777997016907,0.3228015899658203,0.0949624553322792
va_long_beach,hungary,v5_site_only_dro,v5_site,2,5062,5.0,0.5614619255065918,0.5267499943854957,0.5417470932006836,0.5451072454452515,0.18034757673740387
va_long_beach,hungary,v5_site_only_dro,v5_site,2,5062,10.0,0.5094600319862366,0.5230517860282713,0.4928598999977112,0.4936917722225189,0.1618422567844391
va_long_beach,hungary,v5_site_only_dro,v5_site,2,5062,15.0,0.46798425912857056,0.5176371606789774,0.4532376527786255,0.4532453715801239,0.14742732048034668
va_long_beach,hungary,v5_site_only_dro,v5_site,2,5062,20.0,0.4228474497795105,0.5113245514046371,0.40978172421455383,0.4098221957683563,0.13045497238636017
va_long_beach,hungary,v5_site_only_dro,v5_site,2,5062,25.0,0.41380181908607483,0.5261856273260987,0.40073978900909424,0.4013291299343109,0.12767338752746582
va_long_beach,hungary,v5_site_only_dro,v5_site,2,5062,30.0,0.3715221583843231,0.5174853427845234,0.35798215866088867,0.3627825379371643,0.11139808595180511
va_long_beach,hungary,v5_site_only_dro,v5_site,2,5062,35.0,0.35352036356925964,0.5143994496051262,0.3389951288700104,0.34704962372779846,0.10497985035181046
va_long_beach,hungary,v5_site_only_dro,v5_site,2,5062,40.0,0.3441868722438812,0.5289457235865836,0.3292492926120758,0.33884549140930176,0.10139498859643936
va_long_beach,hungary,v5_site_only_dro,v5_site,2,5062,45.0,0.32991334795951843,0.5289824493354724,0.31141287088394165,0.32944175601005554,0.09486063569784164
va_long_beach,hungary,v5_site_only_dro,v5_site,2,5062,50.0,0.3273122310638428,0.5213136167403256,0.3105525076389313,0.32492929697036743,0.09571325778961182
va_long_beach,hungary,v5_site_only_dro,v5_site,2,5062,55.0,0.3164849877357483,0.5350426719517384,0.30049100518226624,0.3142111897468567,0.09133884310722351
va_long_beach,hungary,v5_site_only_dro,v5_site,2,5062,60.0,0.29576000571250916,0.5431335774326248,0.2767944931983948,0.2980707287788391,0.08327382057905197
va_long_beach,switzerland,v5_site_only_dro,v5_site,2,5062,5.0,0.5384746789932251,0.7172732473653813,0.521155595779419,0.5216167569160461,0.17088556289672852
va_long_beach,switzerland,v5_site_only_dro,v5_site,2,5062,10.0,0.45617178082466125,0.8068522069854638,0.44197481870651245,0.44212380051612854,0.1412246972322464
va_long_beach,switzerland,v5_site_only_dro,v5_site,2,5062,15.0,0.42777132987976074,0.8259724678561442,0.414601594209671,0.4146660268306732,0.13137531280517578
va_long_beach,switzerland,v5_site_only_dro,v5_site,2,5062,20.0,0.41295018792152405,0.8127873003531574,0.40036749839782715,0.40037068724632263,0.12581081688404083
va_long_beach,switzerland,v5_site_only_dro,v5_site,2,5062,25.0,0.40090474486351013,0.8085376767800988,0.38860076665878296,0.3886326253414154,0.12288064509630203
va_long_beach,switzerland,v5_site_only_dro,v5_site,2,5062,30.0,0.3941939175128937,0.8227449183855404,0.3821598291397095,0.38216206431388855,0.12032949924468994
va_long_beach,switzerland,v5_site_only_dro,v5_site,2,5062,35.0,0.38110101222991943,0.8201471229606843,0.3695474863052368,0.36954936385154724,0.11552585661411285
va_long_beach,switzerland,v5_site_only_dro,v5_site,2,5062,40.0,0.3774207830429077,0.8233885299368503,0.3659065365791321,0.3659243583679199,0.11505349725484848
va_long_beach,switzerland,v5_site_only_dro,v5_site,2,5062,45.0,0.3655935525894165,0.853658710284537,0.3544563949108124,0.3544568121433258,0.1113695278763771
va_long_beach,cleveland,v5_site_only_dro,v5_site,3,5062,5.0,0.4832760691642761,0.591796709211159,0.46755579113960266,0.46861687302589417,0.15189725160598755
va_long_beach,cleveland,v5_site_only_dro,v5_site,3,5062,10.0,0.41953232884407043,0.6455071769989952,0.40620577335357666,0.40720874071121216,0.12825079262256622
va_long_beach,cleveland,v5_site_only_dro,v5_site,3,5062,15.0,0.39407625794410706,0.7137127271338679,0.37999483942985535,0.3844836354255676,0.11837039142847061
va_long_beach,cleveland,v5_site_only_dro,v5_site,3,5062,20.0,0.35824263095855713,0.7778676416573702,0.34443235397338867,0.3509179651737213,0.10567499697208405
va_long_beach,cleveland,v5_site_only_dro,v5_site,3,5062,25.0,0.3374175429344177,0.7799353482073126,0.3236154615879059,0.3315240442752838,0.09847789257764816
va_long_beach,cleveland,v5_site_only_dro,v5_site,3,5062,30.0,0.33261969685554504,0.7677495152492045,0.31948015093803406,0.3262875974178314,0.09735823422670364
va_long_beach,cleveland,v5_site_only_dro,v5_site,3,5062,35.0,0.3087586760520935,0.7594937251946876,0.29292380809783936,0.3067733943462372,0.08910054713487625
va_long_beach,cleveland,v5_site_only_dro,v5_site,3,5062,40.0,0.30152827501296997,0.7505039645279953,0.28725942969322205,0.298528254032135,0.08634454756975174
va_long_beach,cleveland,v5_site_only_dro,v5_site,3,5062,45.0,0.27909648418426514,0.7569498089806914,0.2621596157550812,0.2803853154182434,0.0782400369644165
va_long_beach,hungary,v5_site_only_dro,v5_site,3,5062,5.0,0.5448013544082642,0.5170707896509723,0.525848388671875,0.5288254618644714,0.17464406788349152
va_long_beach,hungary,v5_site_only_dro,v5_site,3,5062,10.0,0.4791127145290375,0.5208065892494114,0.46399033069610596,0.46399298310279846,0.15121078491210938
va_long_beach,hungary,v5_site_only_dro,v5_site,3,5062,15.0,0.42061805725097656,0.5122045873035254,0.4075123369693756,0.4076821506023407,0.13020814955234528
va_long_beach,hungary,v5_site_only_dro,v5_site,3,5062,20.0,0.37054941058158875,0.5319605913170244,0.3565409779548645,0.3624044954776764,0.11076661199331284
va_long_beach,hungary,v5_site_only_dro,v5_site,3,5062,25.0,0.3688393533229828,0.5479604252590634,0.35401663184165955,0.36169561743736267,0.10983230173587799
va_long_beach,hungary,v5_site_only_dro,v5_site,3,5062,30.0,0.32737094163894653,0.5476613725398087,0.30978766083717346,0.3263437747955322,0.09305240213871002
va_long_beach,hungary,v5_site_only_dro,v5_site,3,5062,35.0,0.30726301670074463,0.5570773258224071,0.28784599900245667,0.3091680705547333,0.08755984902381897
va_long_beach,hungary,v5_site_only_dro,v5_site,3,5062,40.0,0.30460599064826965,0.5371937377693091,0.28709709644317627,0.30449581146240234,0.08809550851583481
va_long_beach,hungary,v5_site_only_dro,v5_site,3,5062,45.0,0.28462839126586914,0.5611113428724318,0.266218900680542,0.2871585786342621,0.07939636707305908
va_long_beach,hungary,v5_site_only_dro,v5_site,3,5062,50.0,0.28710928559303284,0.5878125810331887,0.2698063850402832,0.2879788875579834,0.08216635137796402
va_long_beach,hungary,v5_site_only_dro,v5_site,3,5062,55.0,0.2794715166091919,0.6089409575855959,0.26573315262794495,0.2773915231227875,0.07909180223941803
va_long_beach,switzerland,v5_site_only_dro,v5_site,3,5062,5.0,0.49862003326416016,0.7692526693609284,0.4829503297805786,0.48300525546073914,0.1564221829175949
va_long_beach,switzerland,v5_site_only_dro,v5_site,3,5062,10.0,0.4393475353717804,0.8154638571358435,0.42582225799560547,0.4258330464363098,0.13519883155822754
va_long_beach,switzerland,v5_site_only_dro,v5_site,3,5062,15.0,0.4071005582809448,0.8110537916563934,0.3946516513824463,0.39467087388038635,0.12439320981502533
va_long_beach,switzerland,v5_site_only_dro,v5_site,3,5062,20.0,0.39484310150146484,0.8112934392063333,0.3827923834323883,0.38283872604370117,0.12027557939291
va_long_beach,switzerland,v5_site_only_dro,v5_site,3,5062,25.0,0.3822272717952728,0.837015408876137,0.37045398354530334,0.37061744928359985,0.11691536009311676
va_long_beach,switzerland,v5_site_only_dro,v5_site,3,5062,30.0,0.37205469608306885,0.8414216841185076,0.3607533872127533,0.3607543110847473,0.11300861835479736
va_long_beach,switzerland,v5_site_only_dro,v5_site,3,5062,35.0,0.3539813458919525,0.8614789360298221,0.3432839512825012,0.3432903289794922,0.1069420725107193
va_long_beach,switzerland,v5_site_only_dro,v5_site,3,5062,40.0,0.3455953001976013,0.8679407782486195,0.335093230009079,0.3352127969264984,0.10442300885915756
va_long_beach,switzerland,v5_site_only_dro,v5_site,3,5062,45.0,0.3347364366054535,0.9100499766795704,0.32462751865386963,0.32463130354881287,0.10107002407312393
va_long_beach,cleveland,v5_site_only_dro,v5_site,4,5062,5.0,0.5207334160804749,0.5485153437743631,0.502770721912384,0.5047565698623657,0.16473279893398285
va_long_beach,cleveland,v5_site_only_dro,v5_site,4,5062,10.0,0.4442702829837799,0.6208176759543786,0.4305148422718048,0.4305148720741272,0.1375540792942047
va_long_beach,cleveland,v5_site_only_dro,v5_site,4,5062,15.0,0.4213721752166748,0.6539193034958852,0.4061589241027832,0.40936318039894104,0.12810063362121582
va_long_beach,cleveland,v5_site_only_dro,v5_site,4,5062,20.0,0.39699238538742065,0.6849530812358329,0.38289085030555725,0.38569536805152893,0.11998138576745987
va_long_beach,cleveland,v5_site_only_dro,v5_site,4,5062,25.0,0.38795456290245056,0.7159141726808016,0.3742507994174957,0.3769676685333252,0.11666104942560196
va_long_beach,cleveland,v5_site_only_dro,v5_site,4,5062,30.0,0.37706083059310913,0.741013690425551,0.36416497826576233,0.3662797510623932,0.11309764534235
va_long_beach,cleveland,v5_site_only_dro,v5_site,4,5062,35.0,0.35014140605926514,0.763039033261361,0.33459070324897766,0.3416178822517395,0.1028030663728714
va_long_beach,cleveland,v5_site_only_dro,v5_site,4,5062,40.0,0.3479840159416199,0.7429507160135369,0.3325759470462799,0.33951112627983093,0.10206706076860428
va_long_beach,cleveland,v5_site_only_dro,v5_site,4,5062,45.0,0.3294481635093689,0.736333869902134,0.3123936653137207,0.3224056363105774,0.09545501321554184
va_long_beach,hungary,v5_site_only_dro,v5_site,4,5062,5.0,0.5620893239974976,0.527763353057475,0.541718602180481,0.5448383688926697,0.18030856549739838
va_long_beach,hungary,v5_site_only_dro,v5_site,4,5062,10.0,0.5096443891525269,0.5251727194169065,0.4930231273174286,0.49359890818595886,0.16189439594745636
va_long_beach,hungary,v5_site_only_dro,v5_site,4,5062,15.0,0.46789219975471497,0.5183027689431263,0.45313167572021484,0.45315462350845337,0.14743287861347198
va_long_beach,hungary,v5_site_only_dro,v5_site,4,5062,20.0,0.42258355021476746,0.5104151797742785,0.4095163345336914,0.4095594882965088,0.13034841418266296
va_long_beach,hungary,v5_site_only_dro,v5_site,4,5062,25.0,0.41392579674720764,0.5246944464597975,0.4007490575313568,0.40129825472831726,0.12764838337898254
va_long_beach,hungary,v5_site_only_dro,v5_site,4,5062,30.0,0.37231093645095825,0.515494289127014,0.3577200174331665,0.3623361587524414,0.11128798127174377
va_long_beach,hungary,v5_site_only_dro,v5_site,4,5062,35.0,0.3557957708835602,0.5115587700379193,0.3397732973098755,0.34709498286247253,0.1053120419383049
va_long_beach,hungary,v5_site_only_dro,v5_site,4,5062,40.0,0.34530460834503174,0.525692595835163,0.32862818241119385,0.3373882472515106,0.10106371343135834
va_long_beach,hungary,v5_site_only_dro,v5_site,4,5062,45.0,0.33341091871261597,0.5236816428733122,0.31201693415641785,0.3278573155403137,0.09513691812753677
va_long_beach,hungary,v5_site_only_dro,v5_site,4,5062,50.0,0.32881036400794983,0.5181969876199286,0.3094855844974518,0.32255473732948303,0.09522910416126251
va_long_beach,hungary,v5_site_only_dro,v5_site,4,5062,55.0,0.31920602917671204,0.5293533773092493,0.3010329604148865,0.31305310130119324,0.0915798619389534
va_long_beach,hungary,v5_site_only_dro,v5_site,4,5062,60.0,0.2983675003051758,0.5374035717180994,0.2772885262966156,0.2942503094673157,0.08357647061347961
va_long_beach,switzerland,v5_site_only_dro,v5_site,4,5062,5.0,0.538609504699707,0.7174682801791143,0.5211887955665588,0.5216311812400818,0.1708894968032837
va_long_beach,switzerland,v5_site_only_dro,v5_site,4,5062,10.0,0.45602545142173767,0.8074281652622066,0.44180819392204285,0.44194385409355164,0.14115513861179352
va_long_beach,switzerland,v5_site_only_dro,v5_site,4,5062,15.0,0.4277586042881012,0.8263469077905221,0.41456902027130127,0.41464072465896606,0.13135801255702972
va_long_beach,switzerland,v5_site_only_dro,v5_site,4,5062,20.0,0.4129818379878998,0.8129957087159869,0.4003981649875641,0.40040045976638794,0.1258193403482437
va_long_beach,switzerland,v5_site_only_dro,v5_site,4,5062,25.0,0.40093860030174255,0.8086571530512405,0.38862699270248413,0.38865724205970764,0.12288907170295715
va_long_beach,switzerland,v5_site_only_dro,v5_site,4,5062,30.0,0.39420244097709656,0.8228533392845961,0.38216719031333923,0.3821697235107422,0.1203334629535675
va_long_beach,switzerland,v5_site_only_dro,v5_site,4,5062,35.0,0.3811447322368622,0.8202270529081634,0.36958980560302734,0.3695913255214691,0.11553781479597092
va_long_beach,switzerland,v5_site_only_dro,v5_site,4,5062,40.0,0.37744346261024475,0.8233000685288241,0.36592552065849304,0.3659413456916809,0.11506064981222153
va_long_beach,switzerland,v5_site_only_dro,v5_site,4,5062,45.0,0.36564451456069946,0.8536824635072577,0.35450616478919983,0.3545062243938446,0.1113833487033844
va_long_beach,cleveland,v5_site_only_dro,v5_site,5,5062,5.0,0.48250073194503784,0.5919470647268139,0.46669474244117737,0.46756696701049805,0.15151821076869965
va_long_beach,cleveland,v5_site_only_dro,v5_site,5,5062,10.0,0.41847941279411316,0.6457443272364419,0.40491294860839844,0.4059625267982483,0.1277926117181778
va_long_beach,cleveland,v5_site_only_dro,v5_site,5,5062,15.0,0.39458078145980835,0.7103012000712947,0.3795398771762848,0.3838326632976532,0.11821320652961731
va_long_beach,cleveland,v5_site_only_dro,v5_site,5,5062,20.0,0.3589126169681549,0.7677275036916578,0.34411537647247314,0.34976717829704285,0.10558398813009262
va_long_beach,cleveland,v5_site_only_dro,v5_site,5,5062,25.0,0.33838561177253723,0.7632254635958224,0.3233124911785126,0.3302833139896393,0.0984499379992485
va_long_beach,cleveland,v5_site_only_dro,v5_site,5,5062,30.0,0.3331957161426544,0.753310856747285,0.319489061832428,0.32479071617126465,0.09730437397956848
va_long_beach,cleveland,v5_site_only_dro,v5_site,5,5062,35.0,0.3091852366924286,0.7485386506644117,0.2918739318847656,0.30313506722450256,0.08865439891815186
va_long_beach,cleveland,v5_site_only_dro,v5_site,5,5062,40.0,0.30185768008232117,0.7441774452990924,0.28616058826446533,0.2956126630306244,0.08608052134513855
va_long_beach,cleveland,v5_site_only_dro,v5_site,5,5062,45.0,0.2809220254421234,0.7466121040457161,0.25967347621917725,0.2776893079280853,0.07736672461032867
va_long_beach,hungary,v5_site_only_dro,v5_site,5,5062,5.0,0.5450952649116516,0.5188262354671824,0.5257365703582764,0.5282739996910095,0.17455656826496124
va_long_beach,hungary,v5_site_only_dro,v5_site,5,5062,10.0,0.4787803590297699,0.521030713548865,0.4636540412902832,0.4636767506599426,0.15109272301197052
va_long_beach,hungary,v5_site_only_dro,v5_site,5,5062,15.0,0.420306921005249,0.51242232859773,0.40714728832244873,0.4073545038700104,0.1300421506166458
va_long_beach,hungary,v5_site_only_dro,v5_site,5,5062,20.0,0.37184736132621765,0.5290423231739495,0.35654693841934204,0.3621736466884613,0.1108039990067482
va_long_beach,hungary,v5_site_only_dro,v5_site,5,5062,25.0,0.3709670901298523,0.5436565726493845,0.3547895550727844,0.36168262362480164,0.110077403485775
va_long_beach,hungary,v5_site_only_dro,v5_site,5,5062,30.0,0.3306560516357422,0.5417568631718768,0.30994167923927307,0.32514283061027527,0.09313520789146423
va_long_beach,hungary,v5_site_only_dro,v5_site,5,5062,35.0,0.31098589301109314,0.5501834597425139,0.28817620873451233,0.3069029450416565,0.08764632046222687
va_long_beach,hungary,v5_site_only_dro,v5_site,5,5062,40.0,0.30899274349212646,0.534979222077109,0.2892211079597473,0.30369970202445984,0.0891268253326416
va_long_beach,hungary,v5_site_only_dro,v5_site,5,5062,45.0,0.2874346375465393,0.5564718839848233,0.2664944529533386,0.2838161587715149,0.07948893308639526
va_long_beach,hungary,v5_site_only_dro,v5_site,5,5062,50.0,0.2882215082645416,0.5859336378005316,0.2682482898235321,0.28398987650871277,0.08167018741369247
va_long_beach,hungary,v5_site_only_dro,v5_site,5,5062,55.0,0.2775273025035858,0.6015796977139516,0.2625501751899719,0.27210426330566406,0.07811573892831802
va_long_beach,switzerland,v5_site_only_dro,v5_site,5,5062,5.0,0.49867063760757446,0.7693889359089271,0.48299258947372437,0.48304057121276855,0.15642046928405762
va_long_beach,switzerland,v5_site_only_dro,v5_site,5,5062,10.0,0.4392322301864624,0.816069554713635,0.425711065530777,0.42571941018104553,0.13514918088912964
va_long_beach,switzerland,v5_site_only_dro,v5_site,5,5062,15.0,0.4070534408092499,0.8114077833894647,0.3946034014225006,0.3946199119091034,0.12437677383422852
va_long_beach,switzerland,v5_site_only_dro,v5_site,5,5062,20.0,0.39483827352523804,0.8115721756368748,0.382779061794281,0.38282179832458496,0.1202714592218399
va_long_beach,switzerland,v5_site_only_dro,v5_site,5,5062,25.0,0.3822363317012787,0.8372759059124083,0.37042856216430664,0.37058472633361816,0.1169065535068512
va_long_beach,switzerland,v5_site_only_dro,v5_site,5,5062,30.0,0.37202703952789307,0.8415595487507439,0.360726535320282,0.360726922750473,0.11300194263458252
va_long_beach,switzerland,v5_site_only_dro,v5_site,5,5062,35.0,0.3539431393146515,0.8614948870979922,0.34324708580970764,0.34325146675109863,0.10692770034074783
va_long_beach,switzerland,v5_site_only_dro,v5_site,5,5062,40.0,0.3455258309841156,0.8678845064599263,0.3350052535533905,0.33511456847190857,0.10438600927591324
va_long_beach,switzerland,v5_site_only_dro,v5_site,5,5062,45.0,0.33471453189849854,0.9096465933170937,0.3246072232723236,0.32460886240005493,0.10106096416711807
va_long_beach,cleveland,v5_mask_only_dro,v5_mask,0,5062,5.0,0.5204845070838928,0.547570836488867,0.5032453536987305,0.5062057375907898,0.16499021649360657
va_long_beach,cleveland,v5_mask_only_dro,v5_mask,0,5062,10.0,0.4471164345741272,0.6130603438796444,0.4322134852409363,0.4364705979824066,0.13838669657707214
va_long_beach,cleveland,v5_mask_only_dro,v5_mask,0,5062,15.0,0.4216369688510895,0.6475577481114434,0.4076143205165863,0.41224947571754456,0.12863881886005402
va_long_beach,cleveland,v5_mask_only_dro,v5_mask,0,5062,20.0,0.3972366452217102,0.6869524637744999,0.38368478417396545,0.3898008465766907,0.120228610932827
va_long_beach,cleveland,v5_mask_only_dro,v5_mask,0,5062,25.0,0.38952910900115967,0.7343670391003287,0.37598302960395813,0.38329869508743286,0.1171712875366211
va_long_beach,cleveland,v5_mask_only_dro,v5_mask,0,5062,30.0,0.3796229660511017,0.7715760140464073,0.36547544598579407,0.3766748607158661,0.11347649246454239
va_long_beach,cleveland,v5_mask_only_dro,v5_mask,0,5062,35.0,0.3515174686908722,0.8020129950619458,0.337166428565979,0.353114515542984,0.10364034026861191
va_long_beach,cleveland,v5_mask_only_dro,v5_mask,0,5062,40.0,0.3475992977619171,0.7775135784202414,0.33442530035972595,0.3461115062236786,0.10252438485622406
va_long_beach,cleveland,v5_mask_only_dro,v5_mask,0,5062,45.0,0.3244270980358124,0.7848598417723631,0.31276389956474304,0.3213406205177307,0.09519018232822418
va_long_beach,hungary,v5_mask_only_dro,v5_mask,0,5062,5.0,0.5605233907699585,0.5249333755478909,0.5419877171516418,0.5439295172691345,0.18050171434879303
va_long_beach,hungary,v5_mask_only_dro,v5_mask,0,5062,10.0,0.5103247761726379,0.517492298518207,0.49285241961479187,0.49799442291259766,0.1618686020374298
va_long_beach,hungary,v5_mask_only_dro,v5_mask,0,5062,15.0,0.4704457223415375,0.5138377927264381,0.45395633578300476,0.46086978912353516,0.14761044085025787
va_long_beach,hungary,v5_mask_only_dro,v5_mask,0,5062,20.0,0.4255901575088501,0.5102858101779685,0.41154399514198303,0.4152871072292328,0.13110381364822388
va_long_beach,hungary,v5_mask_only_dro,v5_mask,0,5062,25.0,0.4191548824310303,0.5257142711160935,0.4012138843536377,0.42182332277297974,0.1278865933418274
va_long_beach,hungary,v5_mask_only_dro,v5_mask,0,5062,30.0,0.3746725916862488,0.5158270754630395,0.36033767461776733,0.37273654341697693,0.11235197633504868
va_long_beach,hungary,v5_mask_only_dro,v5_mask,0,5062,35.0,0.3519858717918396,0.5142391032641417,0.3392643630504608,0.3481411933898926,0.10502293705940247
va_long_beach,hungary,v5_mask_only_dro,v5_mask,0,5062,40.0,0.34826603531837463,0.5289915586123279,0.33221763372421265,0.3554491102695465,0.10240524262189865
va_long_beach,hungary,v5_mask_only_dro,v5_mask,0,5062,45.0,0.3258865475654602,0.5340508568691038,0.3127528727054596,0.3272460103034973,0.09510408341884613
va_long_beach,hungary,v5_mask_only_dro,v5_mask,0,5062,50.0,0.3308713138103485,0.5269214022343913,0.31477272510528564,0.34029266238212585,0.0971859022974968
va_long_beach,hungary,v5_mask_only_dro,v5_mask,0,5062,55.0,0.3190147578716278,0.5328035098102433,0.30744701623916626,0.31636419892311096,0.09338448196649551
va_long_beach,hungary,v5_mask_only_dro,v5_mask,0,5062,60.0,0.29253676533699036,0.5429572881052709,0.2806929647922516,0.2940560281276703,0.08503016084432602
va_long_beach,switzerland,v5_mask_only_dro,v5_mask,0,5062,5.0,0.5391029119491577,0.7162990415667974,0.5213296413421631,0.5240421295166016,0.17095178365707397
va_long_beach,switzerland,v5_mask_only_dro,v5_mask,0,5062,10.0,0.45754578709602356,0.8058184323708687,0.44229987263679504,0.4467390179634094,0.1413610875606537
va_long_beach,switzerland,v5_mask_only_dro,v5_mask,0,5062,15.0,0.4286276698112488,0.8236198158489445,0.41455402970314026,0.4183010160923004,0.1313689798116684
va_long_beach,switzerland,v5_mask_only_dro,v5_mask,0,5062,20.0,0.41446325182914734,0.8096406706983599,0.4005765914916992,0.4057757556438446,0.1258687525987625
va_long_beach,switzerland,v5_mask_only_dro,v5_mask,0,5062,25.0,0.40200546383857727,0.8064293543358876,0.38875553011894226,0.39258939027786255,0.12291470915079117
va_long_beach,switzerland,v5_mask_only_dro,v5_mask,0,5062,30.0,0.39557287096977234,0.8192582223857019,0.3822741210460663,0.38733235001564026,0.12034217268228531
va_long_beach,switzerland,v5_mask_only_dro,v5_mask,0,5062,35.0,0.3823499083518982,0.8166133314950577,0.3698493242263794,0.3736034333705902,0.11562053114175797
va_long_beach,switzerland,v5_mask_only_dro,v5_mask,0,5062,40.0,0.3794444799423218,0.8207547688150335,0.36644718050956726,0.37233954668045044,0.11524200439453125
va_long_beach,switzerland,v5_mask_only_dro,v5_mask,0,5062,45.0,0.3673752248287201,0.8510964825281786,0.35496455430984497,0.35999223589897156,0.11153730005025864
va_long_beach,cleveland,v5_mask_only_dro,v5_mask,1,5062,5.0,0.4866648018360138,0.5922878162223961,0.47083935141563416,0.4728565216064453,0.15321172773838043
va_long_beach,cleveland,v5_mask_only_dro,v5_mask,1,5062,10.0,0.424003005027771,0.6454208053462303,0.40996360778808594,0.41428205370903015,0.1295977383852005
va_long_beach,cleveland,v5_mask_only_dro,v5_mask,1,5062,15.0,0.39661481976509094,0.7166909617780672,0.3834179639816284,0.3883311450481415,0.11968539655208588
va_long_beach,cleveland,v5_mask_only_dro,v5_mask,1,5062,20.0,0.3620571494102478,0.8010672002714858,0.3491347134113312,0.35792073607444763,0.10725905001163483
va_long_beach,cleveland,v5_mask_only_dro,v5_mask,1,5062,25.0,0.3446255922317505,0.8317812080143776,0.3322345018386841,0.34119534492492676,0.10150877386331558
va_long_beach,cleveland,v5_mask_only_dro,v5_mask,1,5062,30.0,0.3395295739173889,0.8221056977551178,0.32608526945114136,0.33994171023368835,0.09980197995901108
va_long_beach,cleveland,v5_mask_only_dro,v5_mask,1,5062,35.0,0.31379234790802,0.8275594654479996,0.2996934950351715,0.3196968138217926,0.09098012000322342
va_long_beach,cleveland,v5_mask_only_dro,v5_mask,1,5062,40.0,0.31070998311042786,0.7855690766573402,0.2978664040565491,0.3132394850254059,0.09000293910503387
va_long_beach,cleveland,v5_mask_only_dro,v5_mask,1,5062,45.0,0.28576400876045227,0.7583301206548038,0.27474090456962585,0.2856808602809906,0.0828811451792717
va_long_beach,hungary,v5_mask_only_dro,v5_mask,1,5062,5.0,0.5444716215133667,0.5134198452992165,0.5261309742927551,0.5295466780662537,0.17486707866191864
va_long_beach,hungary,v5_mask_only_dro,v5_mask,1,5062,10.0,0.4815117120742798,0.5203424832637215,0.4643394649028778,0.47249919176101685,0.15132294595241547
va_long_beach,hungary,v5_mask_only_dro,v5_mask,1,5062,15.0,0.42357200384140015,0.5085874556857607,0.4087696969509125,0.4157089293003082,0.1306750774383545
va_long_beach,hungary,v5_mask_only_dro,v5_mask,1,5062,20.0,0.3716805577278137,0.5354270152413164,0.35872766375541687,0.36594516038894653,0.11148510873317719
va_long_beach,hungary,v5_mask_only_dro,v5_mask,1,5062,25.0,0.36963793635368347,0.5499550362729135,0.3530852496623993,0.37546443939208984,0.10957895219326019
va_long_beach,hungary,v5_mask_only_dro,v5_mask,1,5062,30.0,0.32604074478149414,0.5559448333892467,0.313377320766449,0.3263711929321289,0.09414956718683243
va_long_beach,hungary,v5_mask_only_dro,v5_mask,1,5062,35.0,0.30211925506591797,0.5726732938517505,0.2906031310558319,0.3013525903224945,0.08828763663768768
va_long_beach,hungary,v5_mask_only_dro,v5_mask,1,5062,40.0,0.3063887357711792,0.5429639442845414,0.2912077009677887,0.316242516040802,0.08922336250543594
va_long_beach,hungary,v5_mask_only_dro,v5_mask,1,5062,45.0,0.2874479293823242,0.5505096968078399,0.2759596109390259,0.28879404067993164,0.08279702812433243
va_long_beach,hungary,v5_mask_only_dro,v5_mask,1,5062,50.0,0.29446664452552795,0.5829865945141948,0.2801414728164673,0.3032393455505371,0.08550705015659332
va_long_beach,hungary,v5_mask_only_dro,v5_mask,1,5062,55.0,0.28608059883117676,0.6028579518090994,0.27376046776771545,0.2901890277862549,0.0821298211812973
va_long_beach,switzerland,v5_mask_only_dro,v5_mask,1,5062,5.0,0.49930673837661743,0.7677702167531483,0.4831993281841278,0.4850229322910309,0.15651535987854004
va_long_beach,switzerland,v5_mask_only_dro,v5_mask,1,5062,10.0,0.4407324492931366,0.8134827937109759,0.42568239569664,0.4318174421787262,0.13516293466091156
va_long_beach,switzerland,v5_mask_only_dro,v5_mask,1,5062,15.0,0.40826621651649475,0.8077247320408026,0.3948414623737335,0.3987714946269989,0.12442241609096527
va_long_beach,switzerland,v5_mask_only_dro,v5_mask,1,5062,20.0,0.3968627154827118,0.8086908068664634,0.3829701840877533,0.3904043138027191,0.12033995240926743
va_long_beach,switzerland,v5_mask_only_dro,v5_mask,1,5062,25.0,0.3836110830307007,0.8330524446795813,0.37069204449653625,0.3755737245082855,0.11698601394891739
va_long_beach,switzerland,v5_mask_only_dro,v5_mask,1,5062,30.0,0.3740869164466858,0.8402137154436565,0.3613070845603943,0.36714765429496765,0.11319699883460999
va_long_beach,switzerland,v5_mask_only_dro,v5_mask,1,5062,35.0,0.3559202253818512,0.8585632731184476,0.34381598234176636,0.34939756989479065,0.10708880424499512
va_long_beach,switzerland,v5_mask_only_dro,v5_mask,1,5062,40.0,0.3486984372138977,0.862896779225437,0.33594006299972534,0.3450962007045746,0.10469334572553635
va_long_beach,switzerland,v5_mask_only_dro,v5_mask,1,5062,45.0,0.3378613591194153,0.9025210100827428,0.3253439962863922,0.3348686397075653,0.10136201977729797
va_long_beach,cleveland,v5_mask_only_dro,v5_mask,2,5062,5.0,0.5212529897689819,0.5474180717549291,0.5033024549484253,0.5062034726142883,0.1649997979402542
va_long_beach,cleveland,v5_mask_only_dro,v5_mask,2,5062,10.0,0.4480588436126709,0.6122053614937595,0.43212825059890747,0.4363167881965637,0.13836334645748138
va_long_beach,cleveland,v5_mask_only_dro,v5_mask,2,5062,15.0,0.4230087995529175,0.6457400798619527,0.4078863561153412,0.4123825132846832,0.12874360382556915
va_long_beach,cleveland,v5_mask_only_dro,v5_mask,2,5062,20.0,0.3993264138698578,0.6844891923890659,0.38432031869888306,0.39024850726127625,0.12042020261287689
va_long_beach,cleveland,v5_mask_only_dro,v5_mask,2,5062,25.0,0.3925219774246216,0.7307774925401747,0.3772202730178833,0.3842877447605133,0.11767996847629547
va_long_beach,cleveland,v5_mask_only_dro,v5_mask,2,5062,30.0,0.38386017084121704,0.7675673559277838,0.3670710623264313,0.37783393263816833,0.1140768826007843
va_long_beach,cleveland,v5_mask_only_dro,v5_mask,2,5062,35.0,0.35765933990478516,0.7960431486363196,0.3394395112991333,0.3549861013889313,0.10446549206972122
va_long_beach,cleveland,v5_mask_only_dro,v5_mask,2,5062,40.0,0.3518007695674896,0.7728808238897037,0.33600524067878723,0.34698864817619324,0.1030382364988327
va_long_beach,cleveland,v5_mask_only_dro,v5_mask,2,5062,45.0,0.32916387915611267,0.778031130395414,0.31551313400268555,0.32360583543777466,0.09604404121637344
va_long_beach,hungary,v5_mask_only_dro,v5_mask,2,5062,5.0,0.5612179040908813,0.5251087581430591,0.5421947836875916,0.5441241264343262,0.1805841624736786
va_long_beach,hungary,v5_mask_only_dro,v5_mask,2,5062,10.0,0.5115948915481567,0.5165030216552096,0.4928915798664093,0.49792155623435974,0.1618833988904953
va_long_beach,hungary,v5_mask_only_dro,v5_mask,2,5062,15.0,0.4725417196750641,0.5126270016182033,0.4544183313846588,0.46111440658569336,0.14775361120700836
va_long_beach,hungary,v5_mask_only_dro,v5_mask,2,5062,20.0,0.4272739887237549,0.5080423578413453,0.41232097148895264,0.4159553647041321,0.1313582807779312
va_long_beach,hungary,v5_mask_only_dro,v5_mask,2,5062,25.0,0.4241611063480377,0.5221642806792015,0.4015510082244873,0.4211767315864563,0.1279723197221756
va_long_beach,hungary,v5_mask_only_dro,v5_mask,2,5062,30.0,0.37889400124549866,0.5104055374562106,0.3619000315666199,0.37329474091529846,0.11296597868204117
va_long_beach,hungary,v5_mask_only_dro,v5_mask,2,5062,35.0,0.3556683659553528,0.5088918295367464,0.34076252579689026,0.3494642376899719,0.10554955899715424
va_long_beach,hungary,v5_mask_only_dro,v5_mask,2,5062,40.0,0.354407399892807,0.5236852127026066,0.33299097418785095,0.35533538460731506,0.10244224220514297
va_long_beach,hungary,v5_mask_only_dro,v5_mask,2,5062,45.0,0.331419974565506,0.5295694177357211,0.3147720694541931,0.32891398668289185,0.09576960653066635
va_long_beach,hungary,v5_mask_only_dro,v5_mask,2,5062,50.0,0.3380606472492218,0.5215565814742109,0.3164490759372711,0.34015247225761414,0.09759870171546936
va_long_beach,hungary,v5_mask_only_dro,v5_mask,2,5062,55.0,0.3237150013446808,0.5256474082230719,0.31013795733451843,0.31844931840896606,0.09421375393867493
va_long_beach,hungary,v5_mask_only_dro,v5_mask,2,5062,60.0,0.2982197403907776,0.5366449844797041,0.2831238806247711,0.29614266753196716,0.08586464822292328
va_long_beach,switzerland,v5_mask_only_dro,v5_mask,2,5062,5.0,0.5399960875511169,0.7157411483787639,0.5215609669685364,0.5242266058921814,0.17102308571338654
va_long_beach,switzerland,v5_mask_only_dro,v5_mask,2,5062,10.0,0.458629846572876,0.8060087741628182,0.44228917360305786,0.4466993510723114,0.14135600626468658
va_long_beach,switzerland,v5_mask_only_dro,v5_mask,2,5062,15.0,0.42943456768989563,0.8221731883775415,0.4144667983055115,0.4181365966796875,0.1313287764787674
va_long_beach,switzerland,v5_mask_only_dro,v5_mask,2,5062,20.0,0.4160224497318268,0.8070858004395214,0.4008549451828003,0.4060012996196747,0.1259431093931198
va_long_beach,switzerland,v5_mask_only_dro,v5_mask,2,5062,25.0,0.4031510055065155,0.8045307876147196,0.38897672295570374,0.3927322328090668,0.12296531349420547
va_long_beach,switzerland,v5_mask_only_dro,v5_mask,2,5062,30.0,0.3969533145427704,0.8161163577245618,0.3824409544467926,0.3873922526836395,0.12036705017089844
va_long_beach,switzerland,v5_mask_only_dro,v5_mask,2,5062,35.0,0.3837026059627533,0.8133812555640677,0.3702925145626068,0.3739614486694336,0.11575613915920258
va_long_beach,switzerland,v5_mask_only_dro,v5_mask,2,5062,40.0,0.3814113140106201,0.8181600739196986,0.36700576543807983,0.3727298676967621,0.11543500423431396
va_long_beach,switzerland,v5_mask_only_dro,v5_mask,2,5062,45.0,0.3692663609981537,0.8486511401857171,0.35565266013145447,0.36052829027175903,0.11175897717475891
va_long_beach,cleveland,v5_mask_only_dro,v5_mask,3,5062,5.0,0.48795217275619507,0.5936920690490313,0.4716067910194397,0.4735983908176422,0.15349562466144562
va_long_beach,cleveland,v5_mask_only_dro,v5_mask,3,5062,10.0,0.42552459239959717,0.6442060248040603,0.4104233384132385,0.4146731495857239,0.12976349890232086
va_long_beach,cleveland,v5_mask_only_dro,v5_mask,3,5062,15.0,0.3994040787220001,0.7129471086977992,0.38497957587242126,0.38976573944091797,0.12031396478414536
va_long_beach,cleveland,v5_mask_only_dro,v5_mask,3,5062,20.0,0.36652427911758423,0.7854104326128478,0.351675420999527,0.3597392141819,0.10816970467567444
va_long_beach,cleveland,v5_mask_only_dro,v5_mask,3,5062,25.0,0.3500951826572418,0.8162554681705045,0.33557653427124023,0.3440546691417694,0.10279559344053268
va_long_beach,cleveland,v5_mask_only_dro,v5_mask,3,5062,30.0,0.34420645236968994,0.8097008669281303,0.3276815712451935,0.3406636416912079,0.10033857077360153
va_long_beach,cleveland,v5_mask_only_dro,v5_mask,3,5062,35.0,0.3211387097835541,0.8160038915650685,0.30241522192955017,0.3214772343635559,0.09192494302988052
va_long_beach,cleveland,v5_mask_only_dro,v5_mask,3,5062,40.0,0.31110700964927673,0.7995176807066804,0.29526156187057495,0.30918237566947937,0.08885069936513901
va_long_beach,cleveland,v5_mask_only_dro,v5_mask,3,5062,45.0,0.3001030385494232,0.7529360254682771,0.2857910692691803,0.2970280647277832,0.08693496137857437
va_long_beach,hungary,v5_mask_only_dro,v5_mask,3,5062,5.0,0.5455330014228821,0.5132531465822929,0.5263580679893494,0.5297175645828247,0.1749519407749176
va_long_beach,hungary,v5_mask_only_dro,v5_mask,3,5062,10.0,0.4836537539958954,0.5194329858930712,0.46455129981040955,0.47248315811157227,0.15136507153511047
va_long_beach,hungary,v5_mask_only_dro,v5_mask,3,5062,15.0,0.42577967047691345,0.5059326247374153,0.40937483310699463,0.4160173535346985,0.13083572685718536
va_long_beach,hungary,v5_mask_only_dro,v5_mask,3,5062,20.0,0.37539586424827576,0.5317258624526442,0.36063334345817566,0.36772671341896057,0.11215826123952866
va_long_beach,hungary,v5_mask_only_dro,v5_mask,3,5062,25.0,0.3748699426651001,0.5429983869034978,0.3537730872631073,0.37399664521217346,0.10985070466995239
va_long_beach,hungary,v5_mask_only_dro,v5_mask,3,5062,30.0,0.33195173740386963,0.5493621102510112,0.3164287209510803,0.32844462990760803,0.0951504185795784
va_long_beach,hungary,v5_mask_only_dro,v5_mask,3,5062,35.0,0.30650296807289124,0.5667653954402843,0.29251956939697266,0.3027436435222626,0.08871359378099442
va_long_beach,hungary,v5_mask_only_dro,v5_mask,3,5062,40.0,0.3198390305042267,0.5385397566239296,0.29720979928970337,0.32418471574783325,0.09141778945922852
va_long_beach,hungary,v5_mask_only_dro,v5_mask,3,5062,45.0,0.2960847020149231,0.5453194040764345,0.2814600169658661,0.29376766085624695,0.08470866829156876
va_long_beach,hungary,v5_mask_only_dro,v5_mask,3,5062,50.0,0.30243685841560364,0.5677336899178074,0.2836019694805145,0.3039119839668274,0.08679907768964767
va_long_beach,hungary,v5_mask_only_dro,v5_mask,3,5062,55.0,0.2935391068458557,0.5917601100174984,0.2777741551399231,0.29260340332984924,0.08350316435098648
va_long_beach,switzerland,v5_mask_only_dro,v5_mask,3,5062,5.0,0.5005025863647461,0.7662051366881035,0.48392465710639954,0.4857284724712372,0.1567602902650833
va_long_beach,switzerland,v5_mask_only_dro,v5_mask,3,5062,10.0,0.441739946603775,0.8127392828025528,0.42521053552627563,0.4312731921672821,0.13498087227344513
va_long_beach,switzerland,v5_mask_only_dro,v5_mask,3,5062,15.0,0.409186452627182,0.805365161979138,0.39481496810913086,0.3986824154853821,0.12437770515680313
va_long_beach,switzerland,v5_mask_only_dro,v5_mask,3,5062,20.0,0.3987649977207184,0.8067246084081072,0.3830709457397461,0.3903842866420746,0.12037359178066254
va_long_beach,switzerland,v5_mask_only_dro,v5_mask,3,5062,25.0,0.38490554690361023,0.8302840752545615,0.3708273470401764,0.3755806088447571,0.11701546609401703
va_long_beach,switzerland,v5_mask_only_dro,v5_mask,3,5062,30.0,0.375980406999588,0.839913067655897,0.3617737591266632,0.3675154745578766,0.1133580207824707
va_long_beach,switzerland,v5_mask_only_dro,v5_mask,3,5062,35.0,0.3576113283634186,0.8564138349109438,0.3442102074623108,0.34957361221313477,0.10719427466392517
va_long_beach,switzerland,v5_mask_only_dro,v5_mask,3,5062,40.0,0.35149773955345154,0.8591772307483712,0.336638867855072,0.3453746736049652,0.10490993410348892
va_long_beach,switzerland,v5_mask_only_dro,v5_mask,3,5062,45.0,0.34090369939804077,0.8949033924974966,0.32615333795547485,0.3353174328804016,0.10168318450450897
va_long_beach,cleveland,v5_mask_only_dro,v5_mask,4,5062,5.0,0.5219377279281616,0.5474068658067515,0.5033066272735596,0.506149411201477,0.1649906188249588
va_long_beach,cleveland,v5_mask_only_dro,v5_mask,4,5062,10.0,0.4490458071231842,0.6113997189547913,0.43211284279823303,0.43624114990234375,0.13836754858493805
va_long_beach,cleveland,v5_mask_only_dro,v5_mask,4,5062,15.0,0.4243641197681427,0.6437403850126742,0.40820884704589844,0.41256704926490784,0.12886613607406616
va_long_beach,cleveland,v5_mask_only_dro,v5_mask,4,5062,20.0,0.40140289068222046,0.6816818833114153,0.3850138187408447,0.39078161120414734,0.12063246220350266
va_long_beach,cleveland,v5_mask_only_dro,v5_mask,4,5062,25.0,0.3954836130142212,0.726618123490436,0.37853890657424927,0.3853706419467926,0.11820898950099945
va_long_beach,cleveland,v5_mask_only_dro,v5_mask,4,5062,30.0,0.38797351717948914,0.7628608415964993,0.36872243881225586,0.379096120595932,0.11470823734998703
va_long_beach,cleveland,v5_mask_only_dro,v5_mask,4,5062,35.0,0.3635477125644684,0.7895728400401216,0.341668039560318,0.35680490732192993,0.10527011752128601
va_long_beach,cleveland,v5_mask_only_dro,v5_mask,4,5062,40.0,0.35558319091796875,0.7681007735691281,0.3374585211277008,0.34782490134239197,0.1034989282488823
va_long_beach,cleveland,v5_mask_only_dro,v5_mask,4,5062,45.0,0.3336317837238312,0.7716253437338169,0.3182208240032196,0.32585078477859497,0.09688496589660645
va_long_beach,hungary,v5_mask_only_dro,v5_mask,4,5062,5.0,0.5620112419128418,0.5253098250478664,0.5425018072128296,0.5444197654724121,0.18070952594280243
va_long_beach,hungary,v5_mask_only_dro,v5_mask,4,5062,10.0,0.5128284096717834,0.5155737428199632,0.4929445683956146,0.49786892533302307,0.16190579533576965
va_long_beach,hungary,v5_mask_only_dro,v5_mask,4,5062,15.0,0.47457998991012573,0.5116300613256552,0.4549245238304138,0.4614105224609375,0.14790959656238556
va_long_beach,hungary,v5_mask_only_dro,v5_mask,4,5062,20.0,0.428889662027359,0.5060754667495286,0.41307970881462097,0.4166129231452942,0.13160033524036407
va_long_beach,hungary,v5_mask_only_dro,v5_mask,4,5062,25.0,0.42888712882995605,0.5189486412918993,0.40202173590660095,0.42076149582862854,0.1281055063009262
va_long_beach,hungary,v5_mask_only_dro,v5_mask,4,5062,30.0,0.38299810886383057,0.5058998758386273,0.36367860436439514,0.3742839992046356,0.11365459114313126
va_long_beach,hungary,v5_mask_only_dro,v5_mask,4,5062,35.0,0.35978084802627563,0.5044406277801066,0.34269633889198303,0.3513149321079254,0.10620571672916412
va_long_beach,hungary,v5_mask_only_dro,v5_mask,4,5062,40.0,0.3607654869556427,0.5191930267129985,0.33431705832481384,0.3558879494667053,0.10270234197378159
va_long_beach,hungary,v5_mask_only_dro,v5_mask,4,5062,45.0,0.3372400104999542,0.5256919840746433,0.3171509802341461,0.3310585916042328,0.09658347070217133
va_long_beach,hungary,v5_mask_only_dro,v5_mask,4,5062,50.0,0.34467482566833496,0.5173329360611172,0.31827911734580994,0.34039831161499023,0.09806311130523682
va_long_beach,hungary,v5_mask_only_dro,v5_mask,4,5062,55.0,0.32857850193977356,0.5201468678639947,0.313200443983078,0.3210155665874481,0.09516704827547073
va_long_beach,hungary,v5_mask_only_dro,v5_mask,4,5062,60.0,0.30403998494148254,0.5316078255508869,0.2857690155506134,0.2985628545284271,0.08675593882799149
va_long_beach,hungary,v5_mask_only_dro,v5_mask,4,5062,65.0,0.29571670293807983,0.5422838054536679,0.27989593148231506,0.28972601890563965,0.08448215574026108
va_long_beach,hungary,v5_mask_only_dro,v5_mask,4,5062,70.0,0.3101205825805664,0.5494602939866374,0.2866640090942383,0.30647897720336914,0.08595355600118637
va_long_beach,hungary,v5_mask_only_dro,v5_mask,4,5062,75.0,0.2860829830169678,0.5464717651719326,0.2671096622943878,0.2817213535308838,0.08014558255672455
va_long_beach,switzerland,v5_mask_only_dro,v5_mask,4,5062,5.0,0.5408886671066284,0.7153081358039378,0.5218125581741333,0.524433434009552,0.17110483348369598
va_long_beach,switzerland,v5_mask_only_dro,v5_mask,4,5062,10.0,0.45970597863197327,0.8063841967020666,0.44228699803352356,0.44666528701782227,0.1413528025150299
va_long_beach,switzerland,v5_mask_only_dro,v5_mask,4,5062,15.0,0.4302048683166504,0.8209040380195205,0.41437843441963196,0.41797542572021484,0.1312868297100067
va_long_beach,switzerland,v5_mask_only_dro,v5_mask,4,5062,20.0,0.417560875415802,0.8046701809090618,0.40113240480422974,0.40623483061790466,0.12601660192012787
va_long_beach,switzerland,v5_mask_only_dro,v5_mask,4,5062,25.0,0.40423697233200073,0.8026995034543791,0.3891758918762207,0.3928562104701996,0.123008593916893
va_long_beach,switzerland,v5_mask_only_dro,v5_mask,4,5062,30.0,0.39832478761672974,0.8131080055581927,0.3826455771923065,0.3874971568584442,0.12040524929761887
va_long_beach,switzerland,v5_mask_only_dro,v5_mask,4,5062,35.0,0.38501954078674316,0.8101576411893906,0.37073877453804016,0.37432727217674255,0.1158941313624382
va_long_beach,switzerland,v5_mask_only_dro,v5_mask,4,5062,40.0,0.3832474946975708,0.8155859800128686,0.36751070618629456,0.3730789124965668,0.11560645699501038
va_long_beach,switzerland,v5_mask_only_dro,v5_mask,4,5062,45.0,0.37113580107688904,0.8460550012283261,0.3563864529132843,0.36111927032470703,0.1119975671172142
va_long_beach,cleveland,v5_mask_only_dro,v5_mask,5,5062,5.0,0.4891793131828308,0.5954795873545766,0.47232893109321594,0.4742913246154785,0.1537857949733734
va_long_beach,cleveland,v5_mask_only_dro,v5_mask,5,5062,10.0,0.42698246240615845,0.6424003006495288,0.41085758805274963,0.41503554582595825,0.1299140751361847
va_long_beach,cleveland,v5_mask_only_dro,v5_mask,5,5062,15.0,0.40237826108932495,0.7062499121082553,0.3867272138595581,0.39145660400390625,0.12104010581970215
va_long_beach,cleveland,v5_mask_only_dro,v5_mask,5,5062,20.0,0.3739086389541626,0.7637649482035963,0.3572346568107605,0.364761084318161,0.11029183864593506
va_long_beach,cleveland,v5_mask_only_dro,v5_mask,5,5062,25.0,0.35945966839790344,0.8017611936826343,0.34329065680503845,0.35073548555374146,0.10585371404886246
va_long_beach,cleveland,v5_mask_only_dro,v5_mask,5,5062,30.0,0.3523528575897217,0.7905992616688036,0.3329600393772125,0.3451770842075348,0.10230028629302979
va_long_beach,cleveland,v5_mask_only_dro,v5_mask,5,5062,35.0,0.3319869339466095,0.8088666069434991,0.3092219829559326,0.32700902223587036,0.09424667805433273
va_long_beach,cleveland,v5_mask_only_dro,v5_mask,5,5062,40.0,0.31783953309059143,0.7877531792004266,0.29929056763648987,0.3120187819004059,0.09002790600061417
va_long_beach,cleveland,v5_mask_only_dro,v5_mask,5,5062,45.0,0.30226749181747437,0.7559290760447027,0.28597474098205566,0.2961244583129883,0.08680465072393417
va_long_beach,hungary,v5_mask_only_dro,v5_mask,5,5062,5.0,0.5469063520431519,0.513082314725486,0.5269151329994202,0.5302135348320007,0.17517443001270294
va_long_beach,hungary,v5_mask_only_dro,v5_mask,5,5062,10.0,0.485891729593277,0.5189719734618548,0.4649597704410553,0.47267189621925354,0.15147855877876282
va_long_beach,hungary,v5_mask_only_dro,v5_mask,5,5062,15.0,0.42797186970710754,0.5033823537233945,0.41011595726013184,0.41645699739456177,0.13100112974643707
va_long_beach,hungary,v5_mask_only_dro,v5_mask,5,5062,20.0,0.37914523482322693,0.5279431143837624,0.362680584192276,0.3695836067199707,0.112873874604702
va_long_beach,hungary,v5_mask_only_dro,v5_mask,5,5062,25.0,0.37991926074028015,0.5366336013187459,0.35502830147743225,0.3735063672065735,0.11032406240701675
va_long_beach,hungary,v5_mask_only_dro,v5_mask,5,5062,30.0,0.3379819989204407,0.5436305023018515,0.3198445737361908,0.33118411898612976,0.09632755070924759
va_long_beach,hungary,v5_mask_only_dro,v5_mask,5,5062,35.0,0.31124022603034973,0.5616318217422368,0.2950311601161957,0.3047339618206024,0.08931953459978104
va_long_beach,hungary,v5_mask_only_dro,v5_mask,5,5062,40.0,0.3349769711494446,0.5365562373763725,0.30423080921173096,0.3326939642429352,0.09398789703845978
va_long_beach,hungary,v5_mask_only_dro,v5_mask,5,5062,45.0,0.30471810698509216,0.5438144213384304,0.2867894470691681,0.29912444949150085,0.08677415549755096
va_long_beach,hungary,v5_mask_only_dro,v5_mask,5,5062,50.0,0.31476500630378723,0.552807491021837,0.2920242249965668,0.31037217378616333,0.08979815244674683
va_long_beach,hungary,v5_mask_only_dro,v5_mask,5,5062,55.0,0.2987177073955536,0.577874894873894,0.2807014286518097,0.29346033930778503,0.08447117358446121
va_long_beach,switzerland,v5_mask_only_dro,v5_mask,5,5062,5.0,0.5015426874160767,0.7651497843395495,0.4845077693462372,0.4862935245037079,0.1569562405347824
va_long_beach,switzerland,v5_mask_only_dro,v5_mask,5,5062,10.0,0.44274717569351196,0.8125054384846235,0.42477694153785706,0.4307626783847809,0.13480935990810394
va_long_beach,switzerland,v5_mask_only_dro,v5_mask,5,5062,15.0,0.4101116359233856,0.8031396366729427,0.3948252499103546,0.3986278474330902,0.12434461712837219
va_long_beach,switzerland,v5_mask_only_dro,v5_mask,5,5062,20.0,0.4006652534008026,0.8051885340905238,0.3832242488861084,0.3904228210449219,0.12042085081338882
va_long_beach,switzerland,v5_mask_only_dro,v5_mask,5,5062,25.0,0.3861776292324066,0.8272409155709199,0.37099382281303406,0.37563133239746094,0.11705669015645981
va_long_beach,switzerland,v5_mask_only_dro,v5_mask,5,5062,30.0,0.37788936495780945,0.8391377613210272,0.36230531334877014,0.3679443299770355,0.11354807764291763
va_long_beach,switzerland,v5_mask_only_dro,v5_mask,5,5062,35.0,0.35923948884010315,0.8541761224121338,0.3446408808231354,0.3497962951660156,0.10732056200504303
va_long_beach,switzerland,v5_mask_only_dro,v5_mask,5,5062,40.0,0.3541658818721771,0.8554908868965984,0.3373833894729614,0.34574028849601746,0.10514812916517258
va_long_beach,switzerland,v5_mask_only_dro,v5_mask,5,5062,45.0,0.34391605854034424,0.8872841758022674,0.3270981013774872,0.33591747283935547,0.10203410685062408
