outer_target,model,weighting,calibration,policy,mask_replicate,n,prevalence,roc_auc,average_precision,log_loss,balanced_log_loss,brier,balanced_brier,accuracy,balanced_accuracy,f1,precision,recall,sensitivity_at_80_specificity,calibration_intercept,calibration_slope,aurc
cleveland,ft_transformer,pooled,raw,drop_advanced,0,303.0,0.45874587458745875,0.8698894542902263,0.8607223213627034,0.4689906294548598,0.463146363280099,0.15373004112023655,0.1514294549437302,0.768976897689769,0.77068345323741,0.7586206896551724,0.7284768211920529,0.7913669064748201,0.7410071942446043,-0.4591430710537171,1.135960141285014,0.1021587122100147
cleveland,ft_transformer,pooled,raw,drop_exercise,0,303.0,0.45874587458745875,0.794569222670644,0.7406928347060652,0.5529936943928292,0.5536841827287905,0.18583672383601219,0.18585627042317965,0.7194719471947195,0.7222100368485699,0.711864406779661,0.6730769230769231,0.7553956834532374,0.6618705035971223,-0.13184461020338897,1.3364876827088914,0.16605713703714586
cleveland,ft_transformer,pooled,raw,drop_routine,0,303.0,0.45874587458745875,0.8519477101245833,0.8277590968678381,0.7875455742901304,0.7384218036033957,0.2792473214642986,0.2600275979053681,0.5676567656765676,0.5989647306545008,0.674937965260546,0.5151515151515151,0.9784172661870504,0.697841726618705,-2.717862058214878,1.5676194117346278,0.25649162971534584
cleveland,ft_transformer,pooled,raw,empirical_source,0,303.0,0.45874587458745875,0.823960343919986,0.8029444085693784,0.5303358111251685,0.524089530860451,0.17853808485642828,0.17611351391738497,0.7227722772277227,0.726903842779435,0.72,0.6708074534161491,0.7769784172661871,0.6834532374100719,-0.39525523151347325,0.9313956194468768,0.14503181310359065
cleveland,ft_transformer,pooled,raw,empirical_source,1,303.0,0.45874587458745875,0.8301456395858922,0.8083208227036396,0.5197830634813321,0.5141168021750677,0.17263548311936808,0.170398143133897,0.7293729372937293,0.7330014037550447,0.7248322147651006,0.6792452830188679,0.7769784172661871,0.7122302158273381,-0.38917523849557567,0.941616845341569,0.14605958236112956
cleveland,ft_transformer,pooled,raw,empirical_source,2,303.0,0.45874587458745875,0.8404983330408843,0.8194261796991913,0.5145917066174734,0.5056225829783947,0.17018207834645235,0.166722429240238,0.7623762376237624,0.7673276013335673,0.7615894039735099,0.7055214723926381,0.8273381294964028,0.7266187050359713,-0.49669881002505734,0.9633287906510171,0.1356660471213055
cleveland,ft_transformer,pooled,raw,empirical_source,3,303.0,0.45874587458745875,0.833479557817161,0.80284256536887,0.5248689631014511,0.5159949796812429,0.17478409199384748,0.1712695207424329,0.7194719471947195,0.724951745920337,0.7213114754098361,0.6626506024096386,0.7913669064748201,0.7050359712230215,-0.4999641326023088,0.9832315089408666,0.15258649634098143
cleveland,ft_transformer,pooled,raw,empirical_source,4,303.0,0.45874587458745875,0.8444463941042288,0.8399985148967481,0.5064882489930553,0.499405349612951,0.16891965455668437,0.16605101586880439,0.7491749174917491,0.7534874539392875,0.7466666666666667,0.6956521739130435,0.8057553956834532,0.7410071942446043,-0.4637982472204916,1.010752111835612,0.12274768245724432
cleveland,ft_transformer,pooled,raw,empirical_source,5,303.0,0.45874587458745875,0.8135199157746973,0.776168005247604,0.5449761355127979,0.536979176028785,0.18237763212597655,0.17922969772435499,0.7458745874587459,0.7509870152658361,0.7458745874587459,0.6890243902439024,0.8129496402877698,0.6258992805755396,-0.410599985804012,0.8772947686320489,0.16525850230018832
cleveland,ft_transformer,pooled,raw,empirical_source,6,303.0,0.45874587458745875,0.844972802246008,0.8293687252619751,0.5046813629582263,0.49718696557024533,0.16761546038072228,0.1646027233460418,0.759075907590759,0.763730479031409,0.7574750830564784,0.7037037037037037,0.8201438848920863,0.7194244604316546,-0.45193202245438857,1.0099348347555648,0.12389164829127859
cleveland,ft_transformer,pooled,raw,empirical_source,7,303.0,0.45874587458745875,0.8233023337427618,0.8166497390852534,0.5479586763455829,0.5372283457671059,0.1853236868664101,0.1810041920054633,0.7227722772277227,0.729645551851202,0.7290322580645161,0.6608187134502924,0.8129496402877698,0.6906474820143885,-0.5264588985805265,0.8998740629574049,0.1473890295331098
cleveland,ft_transformer,pooled,raw,empirical_source,8,303.0,0.45874587458745875,0.8125548341814353,0.7987319285881256,0.5614450136053784,0.5509028682909055,0.19016160041783292,0.18603447105893597,0.7161716171617162,0.721902965432532,0.7189542483660131,0.6586826347305389,0.7913669064748201,0.6618705035971223,-0.4923905859251113,0.845972593410815,0.16090803920573085
cleveland,ft_transformer,pooled,raw,empirical_source,9,303.0,0.45874587458745875,0.8368573433935779,0.8099280413336901,0.5151980390693255,0.507179781514582,0.16958635573526593,0.16638677977369798,0.7557755775577558,0.761778382172311,0.7581699346405228,0.6946107784431138,0.8345323741007195,0.7266187050359713,-0.4650860261725231,0.9872256252210152,0.1416117449977284
cleveland,ft_transformer,pooled,raw,mar_age_sex_30,0,303.0,0.45874587458745875,0.828829619231444,0.8237708519664526,0.5536128916697745,0.5393791906857297,0.18709878964640328,0.18129444865170485,0.7227722772277227,0.7323872609229689,0.7375,0.6519337016574586,0.8489208633093526,0.697841726618705,-0.7253628659139297,1.0634081638703725,0.160390598040056
cleveland,ft_transformer,pooled,raw,mar_age_sex_30,1,303.0,0.45874587458745875,0.8161080891384452,0.7788713006960315,0.5732141076072631,0.5563851487531625,0.1938789092631231,0.1869681183075533,0.693069306930693,0.7054965783470785,0.7190332326283988,0.6197916666666666,0.8561151079136691,0.697841726618705,-0.7725976088408066,1.0562554985290709,0.18887265372584677
cleveland,ft_transformer,pooled,raw,mar_age_sex_30,2,303.0,0.45874587458745875,0.792156518687489,0.7556720600784808,0.5996716934553076,0.582138953571078,0.20388243719561192,0.19706022560302644,0.6963696369636964,0.7074486752061765,0.7177914110429447,0.6256684491978609,0.841726618705036,0.6115107913669064,-0.659198526710458,0.8667307043059789,0.20312132225480467
cleveland,ft_transformer,pooled,raw,mar_age_sex_30,3,303.0,0.45874587458745875,0.8305843130373749,0.7881112151081068,0.5569361076293489,0.5392810219731448,0.18694250638061294,0.17974478638016778,0.7227722772277227,0.7362256536234426,0.7485029940119761,0.6410256410256411,0.8992805755395683,0.6690647482014388,-0.8424039695177192,1.1198025398790765,0.17826544880594547
cleveland,ft_transformer,pooled,raw,mar_age_sex_30,4,303.0,0.45874587458745875,0.8342253026846816,0.7708002041358847,0.551469812994509,0.5337638947354625,0.1849038807806588,0.1778996736541942,0.7062706270627063,0.7176917002982979,0.72782874617737,0.6329787234042553,0.8561151079136691,0.7266187050359713,-0.8481845615725875,1.1163745347173886,0.18745004820210764
cleveland,ft_transformer,pooled,raw,mar_age_sex_30,5,303.0,0.45874587458745875,0.8080364976311633,0.7932739147013826,0.5897309449619101,0.5712305621255911,0.20203534108418159,0.1943766676992178,0.693069306930693,0.7071416037901386,0.7240356083086054,0.6161616161616161,0.8776978417266187,0.6402877697841727,-0.7732061885409919,0.9635463465542211,0.1833498739722184
cleveland,ft_transformer,pooled,raw,mar_age_sex_30,6,303.0,0.45874587458745875,0.791981049306896,0.7613086872767545,0.610785111104248,0.592779623448094,0.20986800705623562,0.20252011515460933,0.6765676567656765,0.6880593086506405,0.7012195121951219,0.6084656084656085,0.8273381294964028,0.6115107913669064,-0.6910343445091074,0.8700641671703653,0.20773678223607445
cleveland,ft_transformer,pooled,raw,mar_age_sex_30,7,303.0,0.45874587458745875,0.818652395157045,0.7716247853283351,0.5734904223801689,0.555930886939521,0.19506656206870446,0.18792335466515186,0.693069306930693,0.7065932619757853,0.7223880597014926,0.6173469387755102,0.8705035971223022,0.7050359712230215,-0.7983437941437674,1.045849211171507,0.19259851246634047
cleveland,ft_transformer,pooled,raw,mar_age_sex_30,8,303.0,0.45874587458745875,0.8090893139147219,0.7712916457126489,0.5796368286333965,0.5632796514752428,0.19780957805271643,0.19119210517552843,0.6864686468646864,0.6993990173714687,0.7147147147147147,0.6134020618556701,0.8561151079136691,0.6906474820143885,-0.7017555401180063,0.9659249740878826,0.18942065241841766
cleveland,ft_transformer,pooled,raw,mar_age_sex_30,9,303.0,0.45874587458745875,0.8167222319705211,0.8003392654658855,0.5837666760372286,0.5649825362249679,0.19871087571729762,0.19106094244620236,0.693069306930693,0.7060449201614318,0.7207207207207207,0.6185567010309279,0.8633093525179856,0.6474820143884892,-0.8182744449964515,1.0022343769686652,0.18384107475696104
cleveland,ft_transformer,pooled,raw,mcar_10,0,303.0,0.45874587458745875,0.8264169152482892,0.7976688277414915,0.5795058524186403,0.5598508739850627,0.19779557891534144,0.18996624832741038,0.7029702970297029,0.7173846288822601,0.7337278106508875,0.6231155778894473,0.8920863309352518,0.6618705035971223,-0.8916377294019584,1.0495303339368796,0.1859493557647135
cleveland,ft_transformer,pooled,raw,mcar_10,1,303.0,0.45874587458745875,0.8179066502895245,0.8045926397355014,0.5924944308439443,0.5720490220233225,0.20225272494357321,0.19402919037308244,0.6963696369636964,0.7112870679066503,0.7294117647058823,0.6169154228855721,0.8920863309352518,0.6546762589928058,-0.8939636372600218,1.0336952130816084,0.1888918797794723
cleveland,ft_transformer,pooled,raw,mcar_10,2,303.0,0.45874587458745875,0.8161080891384452,0.8075960150653506,0.5935130183004494,0.5732226832950306,0.20336432441218127,0.19531390777726332,0.6963696369636964,0.7090937006492367,0.7228915662650602,0.6217616580310881,0.8633093525179856,0.6546762589928058,-0.8662323103376587,0.993550703737712,0.18424761104809584
cleveland,ft_transformer,pooled,raw,mcar_10,3,303.0,0.45874587458745875,0.8185207931216002,0.8104421178819184,0.5936367571089404,0.5729990577102035,0.2039680939014829,0.19581872095105834,0.6897689768976898,0.702996139673627,0.718562874251497,0.6153846153846154,0.8633093525179856,0.6834532374100719,-0.871702290287524,0.9829563595115309,0.18336180127159216
cleveland,ft_transformer,pooled,raw,mcar_10,4,303.0,0.45874587458745875,0.822995262326724,0.8001367584723907,0.5746224423893181,0.5559592189575675,0.1961957322197287,0.18868731766905766,0.7095709570957096,0.722385506229163,0.7349397590361446,0.6321243523316062,0.8776978417266187,0.6402877697841727,-0.8264716028041088,1.019354365091877,0.17632086528625557
cleveland,ft_transformer,pooled,raw,mcar_10,5,303.0,0.45874587458745875,0.8277329356027373,0.7833252497619447,0.5752839878485324,0.5557685611137831,0.19472993383897377,0.18695721958837125,0.7194719471947195,0.7320801895069311,0.743202416918429,0.640625,0.8848920863309353,0.6690647482014388,-0.8842474216197311,1.0451587534615732,0.19174268778800038
cleveland,ft_transformer,pooled,raw,mcar_10,6,303.0,0.45874587458745875,0.8201000175469381,0.7864595794697425,0.583194015477335,0.5639881728230822,0.198994052880119,0.19123915764310193,0.6996699669966997,0.7137875065801018,0.7299703264094956,0.6212121212121212,0.8848920863309353,0.6330935251798561,-0.8400370448350769,1.0053372649056898,0.18853637420933245
cleveland,ft_transformer,pooled,raw,mcar_10,7,303.0,0.45874587458745875,0.8289612212668888,0.8254842411079434,0.5783597718802372,0.558521724154835,0.19822407393536798,0.19020866854976232,0.6897689768976898,0.7040928233023338,0.7218934911242604,0.6130653266331658,0.8776978417266187,0.6546762589928058,-0.9194452640943486,1.0721044755515614,0.1710928705002812
cleveland,ft_transformer,pooled,raw,mcar_10,8,303.0,0.45874587458745875,0.8048341814353395,0.7736325783223899,0.604846081512208,0.5849563721200781,0.20906806862340713,0.20111179211495847,0.6633663366336634,0.6775092121424812,0.6982248520710059,0.592964824120603,0.8489208633093526,0.6906474820143885,-0.8340524179730878,0.9658144775782029,0.20515523670116384
cleveland,ft_transformer,pooled,raw,mcar_10,9,303.0,0.45874587458745875,0.8237410071942447,0.786713535300791,0.5719512819126853,0.5532159274352995,0.19279965262618132,0.18531297153345944,0.7260726072607261,0.7392744341112476,0.7507507507507507,0.6443298969072165,0.8992805755395683,0.6546762589928058,-0.8321194968631943,1.0301098751701638,0.18532610199237726
cleveland,ft_transformer,pooled,raw,mcar_30,0,303.0,0.45874587458745875,0.7868924372696965,0.7817246834421219,0.6525870511780546,0.628202055946143,0.22918715281434654,0.21913137241674213,0.6336633663366337,0.6506185295665906,0.6819484240687679,0.5666666666666667,0.8561151079136691,0.5971223021582733,-0.8844883679028261,0.9029929415370765,0.21845952491153758
cleveland,ft_transformer,pooled,raw,mcar_30,1,303.0,0.45874587458745875,0.783909457799614,0.7837015626305037,0.66034334617413,0.63463801432424,0.23219307923793972,0.22171448319044418,0.6435643564356436,0.6614098964730655,0.6931818181818182,0.5727699530516432,0.8776978417266187,0.6115107913669064,-0.8940974504422052,0.8764924645832484,0.21744407688954204
cleveland,ft_transformer,pooled,raw,mcar_30,2,303.0,0.45874587458745875,0.7700035093876119,0.7158493868983788,0.6825359988853086,0.6504980744448456,0.23720121604787314,0.22425828601558065,0.6468646864686468,0.6688454114756974,0.7084468664850136,0.5701754385964912,0.935251798561151,0.5611510791366906,-1.1119462810816334,0.974530928076135,0.2665957823195646
cleveland,ft_transformer,pooled,raw,mcar_30,3,303.0,0.45874587458745875,0.7974644674504299,0.7815063044385085,0.6618611297296227,0.6355200260244993,0.23277383868602433,0.22187945665318465,0.636963696369637,0.6564090191261625,0.6927374301675978,0.5662100456621004,0.8920863309352518,0.6546762589928058,-1.0532122594111517,1.0046372770933996,0.2378962986119064
cleveland,ft_transformer,pooled,raw,mcar_30,4,303.0,0.45874587458745875,0.7696964379715739,0.746657493082818,0.6800082265313602,0.6531145286435468,0.24093702892598787,0.22990783645303767,0.6138613861386139,0.6328741884541147,0.6722689075630253,0.5504587155963303,0.8633093525179856,0.6258992805755396,-0.9162854878302702,0.8789497656102307,0.2517349884455512
cleveland,ft_transformer,pooled,raw,mcar_30,5,303.0,0.45874587458745875,0.7558782242498684,0.7408047390806876,0.6934525506782445,0.6646471604677635,0.2425565738790174,0.23082161773481297,0.636963696369637,0.6569573609405158,0.6944444444444444,0.5656108597285068,0.8992805755395683,0.5251798561151079,-0.9064257559428881,0.8434931345697152,0.2627174243604573
cleveland,ft_transformer,pooled,raw,mcar_30,6,303.0,0.45874587458745875,0.7891296718722581,0.7700965747630324,0.6720017802372539,0.6435298081841944,0.23712904410667693,0.22539525987604137,0.6204620462046204,0.6400684330584313,0.6796657381615598,0.5545454545454546,0.8776978417266187,0.6187050359712231,-1.0528782935929233,0.960216074349959,0.23829506377934004
cleveland,ft_transformer,pooled,raw,mcar_30,7,303.0,0.45874587458745875,0.7961923144411299,0.7705356875953077,0.6607750906297938,0.6314231440768575,0.2300452523378654,0.21809148075543996,0.6468646864686468,0.6677487278469907,0.7052341597796143,0.5714285714285714,0.920863309352518,0.6187050359712231,-1.1443167861409014,1.0355731495395284,0.23442486137497034
cleveland,ft_transformer,pooled,raw,mcar_30,8,303.0,0.45874587458745875,0.7725916827513598,0.7806202252067502,0.6767672789795921,0.6507328603137434,0.2405900945186531,0.22985886155041071,0.6237623762376238,0.6425688717318828,0.6797752808988764,0.5576036866359447,0.8705035971223022,0.5899280575539568,-0.9086109904507741,0.8769985390458692,0.23761239116829735
cleveland,ft_transformer,pooled,raw,mcar_30,9,303.0,0.45874587458745875,0.7527197753991929,0.7300328124217251,0.7078570337164526,0.6785891975891885,0.2493448818078269,0.23744375913676338,0.6105610561056105,0.6314704334093701,0.6758241758241759,0.5466666666666666,0.8848920863309353,0.5539568345323741,-0.8897606798305918,0.8003980739280173,0.2718493497059157
cleveland,ft_transformer,pooled,raw,mcar_50,0,303.0,0.45874587458745875,0.7162221442358309,0.6769999461121186,0.7703446650573128,0.7343139903339233,0.2747986543186599,0.25990941461283346,0.5643564356435643,0.5915292156518688,0.6597938144329897,0.5140562248995983,0.920863309352518,0.48201438848920863,-0.9674741877326863,0.7752695881122159,0.32623433787357
cleveland,ft_transformer,pooled,raw,mcar_50,1,303.0,0.45874587458745875,0.7121424811370416,0.6897863682782199,0.775692848256565,0.7382968368822678,0.2766484768998734,0.2612865387360167,0.5775577557755776,0.6042726794174417,0.6683937823834197,0.5222672064777328,0.9280575539568345,0.45323741007194246,-0.9867089552106837,0.7701328705692476,0.3101499532851455
cleveland,ft_transformer,pooled,raw,mcar_50,2,303.0,0.45874587458745875,0.6966573082997016,0.6606454786067028,0.7704801611328684,0.7353107521567116,0.2758804733794221,0.2612646980167747,0.5775577557755776,0.6031759957887348,0.6649214659685864,0.522633744855967,0.9136690647482014,0.4892086330935252,-0.8817284674972864,0.7274985434050182,0.33580662116616433
cleveland,ft_transformer,pooled,raw,mcar_50,3,303.0,0.45874587458745875,0.770836988945429,0.7645609509388107,0.7326426313701796,0.6950192094565195,0.26175699468900804,0.24620873784132113,0.6006600660066007,0.6278075100894894,0.6873385012919897,0.5362903225806451,0.9568345323741008,0.5971223021582733,-1.4125685362388467,1.0973704828052908,0.2655826096741448
cleveland,ft_transformer,pooled,raw,mcar_50,4,303.0,0.45874587458745875,0.7415774697315318,0.7350307131930209,0.7539667604074551,0.7176877388306035,0.269429960756969,0.2545088156078007,0.5742574257425742,0.6012238989296368,0.6666666666666666,0.5201612903225806,0.9280575539568345,0.539568345323741,-1.0916975178317447,0.8610814592583003,0.2857901451930539
cleveland,ft_transformer,pooled,raw,mcar_50,5,303.0,0.45874587458745875,0.7023600631689769,0.6341818164430022,0.771604127473925,0.7340439692999169,0.273534791274082,0.2580145175489059,0.5742574257425742,0.6017722407439902,0.6683804627249358,0.52,0.935251798561151,0.38848920863309355,-1.0098910828405434,0.8088163450895858,0.34993690235805597
cleveland,ft_transformer,pooled,raw,mcar_50,6,303.0,0.45874587458745875,0.7145332514476224,0.7082591274434118,0.7738254606205018,0.7375803187830035,0.2769037554212321,0.26210163049963286,0.5808580858085809,0.6062247762765397,0.6666666666666666,0.5247933884297521,0.9136690647482014,0.4892086330935252,-0.9204593332416484,0.7241785469278726,0.3026506386719308
cleveland,ft_transformer,pooled,raw,mcar_50,7,303.0,0.45874587458745875,0.7022723284786804,0.6860233460448358,0.8013949843140012,0.7654001460154612,0.2881634496394721,0.27334546528823495,0.5379537953795379,0.5643972626776628,0.6373056994818653,0.4979757085020243,0.8848920863309353,0.460431654676259,-0.8204091563126757,0.6321938307686029,0.33213213435631583
cleveland,ft_transformer,pooled,raw,mcar_50,8,303.0,0.45874587458745875,0.7145990524653448,0.6928462860953308,0.7950510958486122,0.7534100764026161,0.28475896429070613,0.26763921798591406,0.5577557755775577,0.5876250219336726,0.6633165829145728,0.5096525096525096,0.9496402877697842,0.4172661870503597,-1.209247001969887,0.8864904724765263,0.3182220237203559
cleveland,ft_transformer,pooled,raw,mcar_50,9,303.0,0.45874587458745875,0.7389454290226355,0.7124382350492,0.7345550187943599,0.6989470073235473,0.2597851892562388,0.24512354678939985,0.6105610561056105,0.6364055097385506,0.6910994764397905,0.5432098765432098,0.9496402877697842,0.4676258992805755,-1.14272381335351,0.938571553113392,0.2951491869383829
cleveland,ft_transformer,pooled,raw,natural,0,303.0,0.45874587458745875,0.852079312160028,0.839501793119249,0.5300091907598897,0.5145897627719913,0.17795407781297776,0.17183455208447806,0.7293729372937293,0.7401298473416389,0.7469135802469136,0.654054054054054,0.8705035971223022,0.6762589928057554,-0.8293946640102444,1.132377647116731,0.14323792688513445
cleveland,ft_transformer,pooled,source_oof_platt,drop_advanced,0,303.0,0.45874587458745875,0.8689682400421127,0.858903952551015,0.490113745738302,0.4983671822431551,0.1573793215793079,0.1608047349785125,0.7656765676567657,0.7599578873486577,0.7300380228136882,0.7741935483870968,0.6906474820143885,0.7410071942446043,0.29930013538147304,1.7868003913395623,0.10505168855826894
cleveland,ft_transformer,pooled,source_oof_platt,drop_exercise,0,303.0,0.45874587458745875,0.7942182839094578,0.7427952334478596,0.5877665229073211,0.602914722085274,0.20148989033438403,0.20839257687719562,0.6996699669966997,0.6841770486050185,0.6026200873362445,0.7666666666666667,0.49640287769784175,0.6618705035971223,0.7154656734693257,2.089376848317615,0.19380395707545506
cleveland,ft_transformer,pooled,source_oof_platt,drop_routine,0,303.0,0.45874587458745875,0.8527811896824005,0.8286266527355616,0.6081210298003183,0.5877555804739931,0.21071608208273424,0.2013620216489303,0.6501650165016502,0.6735392174065626,0.7150537634408602,0.5708154506437768,0.9568345323741008,0.7050359712230215,-1.7990903864365446,2.52347089037373,0.2093825709553577
cleveland,ft_transformer,pooled,source_oof_platt,empirical_source,0,303.0,0.45874587458745875,0.8222056501140551,0.7973572870717542,0.5316696964135513,0.5402484906252227,0.17610916244612454,0.17970039703270307,0.7557755775577558,0.7502632040708896,0.7196969696969697,0.76,0.6834532374100719,0.6834532374100719,0.21460103920065998,1.4512156627861326,0.14503064203128252
cleveland,ft_transformer,pooled,source_oof_platt,empirical_source,1,303.0,0.45874587458745875,0.8294437620635198,0.8030633770662126,0.5232586328308099,0.5320130788940538,0.17178288120686055,0.17539320466363817,0.7656765676567657,0.7599578873486577,0.7300380228136882,0.7741935483870968,0.6906474820143885,0.7050359712230215,0.22924092829444104,1.470307058302055,0.14689758773361972
cleveland,ft_transformer,pooled,source_oof_platt,empirical_source,2,303.0,0.45874587458745875,0.8393577820670294,0.8158985666303249,0.5128037416849008,0.5191332609097503,0.16754765848455416,0.17008145813478648,0.7656765676567657,0.7632479382347781,0.7418181818181818,0.75,0.7338129496402878,0.7266187050359713,0.13480910729563655,1.5056014015101642,0.12914241727955916
cleveland,ft_transformer,pooled,source_oof_platt,empirical_source,3,303.0,0.45874587458745875,0.833172486401123,0.8008504285480397,0.5227980788386015,0.5293897809414932,0.17179669363878908,0.17451002829290144,0.7557755775577558,0.7519082295139499,0.725925925925926,0.7480916030534351,0.7050359712230215,0.7050359712230215,0.14266227689586314,1.5347777798426738,0.13934541759178706
cleveland,ft_transformer,pooled,source_oof_platt,empirical_source,4,303.0,0.45874587458745875,0.8431742410949289,0.8372645252484718,0.5127638921627088,0.5204148740856303,0.16757991134023062,0.17070947602366132,0.7788778877887789,0.7743463765572907,0.7490636704119851,0.78125,0.7194244604316546,0.7410071942446043,0.1997539868107584,1.5787373031621206,0.12778290878332
cleveland,ft_transformer,pooled,source_oof_platt,empirical_source,5,303.0,0.45874587458745875,0.8117652219687664,0.7719789661806281,0.5376710099027836,0.5453504715472413,0.17880219264903438,0.1819399697435194,0.7161716171617162,0.7125811545885243,0.6838235294117647,0.6992481203007519,0.6690647482014388,0.6330935251798561,0.16534127721972047,1.3690838458246806,0.15419899171965873
cleveland,ft_transformer,pooled,source_oof_platt,empirical_source,6,303.0,0.45874587458745875,0.8440515879978943,0.8266225936594223,0.5114792166393196,0.5190002474149518,0.16747924071708145,0.1705549054837494,0.7656765676567657,0.7616029127917179,0.7360594795539034,0.7615384615384615,0.7122302158273381,0.7194244604316546,0.21094843226245047,1.5807320182340279,0.1229604648574466
cleveland,ft_transformer,pooled,source_oof_platt,empirical_source,7,303.0,0.45874587458745875,0.8209334971047552,0.8116076328866031,0.5328234545798278,0.5383556146514065,0.17665100346683812,0.1788122324064871,0.735973597359736,0.7352605720301808,0.7163120567375887,0.7062937062937062,0.7266187050359713,0.6834532374100719,0.06273973077681495,1.4004058681775133,0.1469132867315725
cleveland,ft_transformer,pooled,source_oof_platt,empirical_source,8,303.0,0.45874587458745875,0.8102737322337252,0.7942329247778757,0.5413613093531364,0.5471457879496906,0.18045677253761783,0.18274033476920337,0.7194719471947195,0.7161782768906826,0.6886446886446886,0.7014925373134329,0.6762589928057554,0.6618705035971223,0.06192763103249846,1.3149784379710856,0.15527783181335922
cleveland,ft_transformer,pooled,source_oof_platt,empirical_source,9,303.0,0.45874587458745875,0.8353219863133883,0.8085626126853719,0.5179582788994248,0.5251913690273227,0.1694863646863032,0.17241310594333925,0.7755775577557755,0.770200912440779,0.7424242424242424,0.784,0.7050359712230215,0.7050359712230215,0.18198223075801317,1.5400473745148124,0.13836696179287145
cleveland,ft_transformer,pooled,source_oof_platt,mar_age_sex_30,0,303.0,0.45874587458745875,0.8279961396736268,0.8194765144219804,0.5357465453157109,0.5386835911573102,0.1767746506892932,0.17789573442161477,0.7557755775577558,0.7551982804000702,0.7375886524822695,0.7272727272727273,0.7482014388489209,0.6762589928057554,-0.04714340667577057,1.6535335551787196,0.14501083384671914
cleveland,ft_transformer,pooled,source_oof_platt,mar_age_sex_30,1,303.0,0.45874587458745875,0.8152746095806281,0.7768325740182188,0.5467405105194302,0.548390620096203,0.181859604078114,0.18240943087041062,0.7524752475247525,0.7526978417266187,0.7368421052631579,0.7191780821917808,0.7553956834532374,0.6906474820143885,-0.09956567237167945,1.6423570005789925,0.15118950674274845
cleveland,ft_transformer,pooled,source_oof_platt,mar_age_sex_30,2,303.0,0.45874587458745875,0.7904456922267065,0.7530383852334315,0.5596236785612999,0.560931164746578,0.1886379866379095,0.18906424405641198,0.7194719471947195,0.7183716441480961,0.697508896797153,0.6901408450704225,0.7050359712230215,0.6115107913669064,-0.10612557532225449,1.3422142095044216,0.1653083715029534
cleveland,ft_transformer,pooled,source_oof_platt,mar_age_sex_30,3,303.0,0.45874587458745875,0.8294876294086683,0.7862159122276374,0.5339629574632764,0.5349417581223425,0.17635686038962764,0.17659316999333152,0.7524752475247525,0.7554395507983857,0.7457627118644068,0.7051282051282052,0.7913669064748201,0.6618705035971223,-0.12553743991041255,1.752579878705898,0.13391286248933787
cleveland,ft_transformer,pooled,source_oof_platt,mar_age_sex_30,4,303.0,0.45874587458745875,0.8342253026846815,0.7692606557822973,0.5282530046643005,0.5288994616894054,0.17390555412141245,0.17406104263783923,0.7491749174917491,0.7501974030531673,0.7361111111111112,0.7114093959731543,0.762589928057554,0.7266187050359713,-0.13555519186110573,1.74310714860881,0.12667692181388718
cleveland,ft_transformer,pooled,source_oof_platt,mar_age_sex_30,5,303.0,0.45874587458745875,0.8080364976311634,0.7930016501731876,0.5504861619356581,0.5510240629020438,0.18439739773725228,0.1843571545268267,0.7095709570957096,0.712515353570802,0.7027027027027027,0.6624203821656051,0.7482014388489209,0.6258992805755396,-0.160747417343351,1.498478170299792,0.1540377130077665
cleveland,ft_transformer,pooled,source_oof_platt,mar_age_sex_30,6,303.0,0.45874587458745875,0.7907527636427444,0.7573412120877168,0.5650546478489513,0.5662120246271631,0.19052002759061037,0.19076328621507496,0.7161716171617162,0.719161256360765,0.7094594594594594,0.6687898089171974,0.7553956834532374,0.6115107913669064,-0.1331746768060943,1.352539218574771,0.17552060565299604
cleveland,ft_transformer,pooled,source_oof_platt,mar_age_sex_30,7,303.0,0.45874587458745875,0.816546762589928,0.7672348258545649,0.5443069528539165,0.5452840936004862,0.18104289857933956,0.1812919616517573,0.7557755775577558,0.7584883312861905,0.7482993197278912,0.7096774193548387,0.7913669064748201,0.7050359712230215,-0.13459729352493302,1.6197889547102475,0.14958282375475823
cleveland,ft_transformer,pooled,source_oof_platt,mar_age_sex_30,8,303.0,0.45874587458745875,0.8070714160379013,0.7632160506516272,0.549726350802741,0.551649047503278,0.18383833698765734,0.18451292385581938,0.7293729372937293,0.7313563783119845,0.7191780821917808,0.6862745098039216,0.7553956834532374,0.6834532374100719,-0.08704050240418515,1.5008632923185052,0.15418704382337753
cleveland,ft_transformer,pooled,source_oof_platt,mar_age_sex_30,9,303.0,0.45874587458745875,0.8175995788734866,0.8008999454614742,0.5450159852927509,0.5451635105720427,0.181416468672332,0.1812501882400444,0.735973597359736,0.7396473065450079,0.7315436241610739,0.6855345911949685,0.7841726618705036,0.6474820143884892,-0.18071646194388583,1.570124228082869,0.1515886565128316
cleveland,ft_transformer,pooled,source_oof_platt,mcar_10,0,303.0,0.45874587458745875,0.826548517283734,0.7968992481567686,0.5409637424027107,0.5405073056766266,0.1796457645446702,0.17930348009703975,0.7425742574257426,0.7424548166344973,0.7253521126760564,0.7103448275862069,0.7410071942446043,0.6618705035971223,-0.21143835837908143,1.6613579633551376,0.13990776453710949
cleveland,ft_transformer,pooled,source_oof_platt,mcar_10,1,303.0,0.45874587458745875,0.8179505176346727,0.8019650728169685,0.5489734018612807,0.548283827141845,0.1829265825371647,0.18244342115472495,0.7524752475247525,0.7554395507983857,0.7457627118644068,0.7051282051282052,0.7913669064748201,0.6546762589928058,-0.22209391441907447,1.6370764327170646,0.1510922831632804
cleveland,ft_transformer,pooled,source_oof_platt,mcar_10,2,303.0,0.45874587458745875,0.8165906299350764,0.8055452667502633,0.5484238771756355,0.5477374043494551,0.1830905645858134,0.18262410842029753,0.735973597359736,0.7374539392875943,0.7241379310344828,0.695364238410596,0.7553956834532374,0.6906474820143885,-0.2202660455097077,1.570881127681529,0.14941579304415809
cleveland,ft_transformer,pooled,source_oof_platt,mcar_10,3,303.0,0.45874587458745875,0.8175995788734867,0.8076448090475382,0.5469324053836356,0.5459910281270147,0.1827797047205567,0.1822174299689459,0.7128712871287128,0.7139191086155465,0.698961937716263,0.6733333333333333,0.7266187050359713,0.6834532374100719,-0.2302746128690338,1.5546137814591945,0.140224354949972
cleveland,ft_transformer,pooled,source_oof_platt,mcar_10,4,303.0,0.45874587458745875,0.8230391296718723,0.7987216130272647,0.5392399012772879,0.5396700072837952,0.17943807789998883,0.17944773633043504,0.7293729372937293,0.731904720126338,0.7210884353741497,0.6838709677419355,0.762589928057554,0.6402877697841727,-0.1621134079734833,1.6125004359139217,0.13555492327083074
cleveland,ft_transformer,pooled,source_oof_platt,mcar_10,5,303.0,0.45874587458745875,0.827996139673627,0.7808163442932592,0.5377516075158171,0.5373734601192296,0.17794115728508303,0.17759337752821025,0.7326732673267327,0.7360501842428496,0.7272727272727273,0.6835443037974683,0.7769784172661871,0.6546762589928058,-0.20624854410169893,1.6532432702414503,0.14246949100119868
cleveland,ft_transformer,pooled,source_oof_platt,mcar_10,6,303.0,0.45874587458745875,0.8206702930338656,0.7841702550387825,0.5435308902719966,0.5436459930848627,0.1808211019549749,0.18064210107724563,0.7458745874587459,0.7493419898227759,0.7407407407407407,0.6962025316455697,0.7913669064748201,0.6474820143884892,-0.18431938120724634,1.5863352229041363,0.14790592936923136
cleveland,ft_transformer,pooled,source_oof_platt,mcar_10,7,303.0,0.45874587458745875,0.8297069661344093,0.8253251132116485,0.5398640124907221,0.5393600271093126,0.17928283489345861,0.17889088305554918,0.7425742574257426,0.7440998420775575,0.7310344827586207,0.7019867549668874,0.762589928057554,0.6474820143884892,-0.22225078062665665,1.6991543609698812,0.1350676729248298
cleveland,ft_transformer,pooled,source_oof_platt,mcar_10,8,303.0,0.45874587458745875,0.8049657834707844,0.7706671110073964,0.5569162845482124,0.5566239841995797,0.18672905440604176,0.1864379146153208,0.7293729372937293,0.7330014037550447,0.7248322147651006,0.6792452830188679,0.7769784172661871,0.697841726618705,-0.20669155754630805,1.5236045355743675,0.16601370444728095
cleveland,ft_transformer,pooled,source_oof_platt,mcar_10,9,303.0,0.45874587458745875,0.8229513949815757,0.7781526712995619,0.5381235042491842,0.5384396423461313,0.17823183278607935,0.17818323135148384,0.7227722772277227,0.7230654500789613,0.7062937062937062,0.6870748299319728,0.7266187050359713,0.6690647482014388,-0.16163258583060897,1.6280672634971245,0.1446175099637157
cleveland,ft_transformer,pooled,source_oof_platt,mcar_30,0,303.0,0.45874587458745875,0.7851377434637656,0.7736546905046303,0.5816279794909189,0.5788708107394273,0.1983286578585151,0.19679809318520702,0.6963696369636964,0.7052553079487629,0.710691823899371,0.6312849162011173,0.8129496402877698,0.6115107913669064,-0.30442389788501834,1.403889708139592,0.18862437972076918
cleveland,ft_transformer,pooled,source_oof_platt,mcar_30,1,303.0,0.45874587458745875,0.7825057027548693,0.7814898018376119,0.5822143278062527,0.5785811491108984,0.19919428769823289,0.1972952072018231,0.6798679867986799,0.6883663800666784,0.694006309148265,0.6179775280898876,0.7913669064748201,0.6258992805755396,-0.33213747071207816,1.372836689612466,0.1829193524469026
cleveland,ft_transformer,pooled,source_oof_platt,mcar_30,2,303.0,0.45874587458745875,0.7685558869977188,0.7137706323240965,0.5883609673338291,0.5808927486657591,0.2019199030187461,0.19832212662647236,0.6864686468646864,0.6977539919284086,0.709480122324159,0.6170212765957447,0.8345323741007195,0.5683453237410072,-0.4924155830114435,1.5315226321011568,0.186766329596519
cleveland,ft_transformer,pooled,source_oof_platt,mcar_30,3,303.0,0.45874587458745875,0.7972889980698368,0.7793853873366521,0.5835505610263167,0.5793424366853293,0.198020736271815,0.1958870739305262,0.7194719471947195,0.7282417968064573,0.7318611987381703,0.651685393258427,0.8345323741007195,0.6546762589928058,-0.40630138248170966,1.5767824522420004,0.20595165277838398
cleveland,ft_transformer,pooled,source_oof_platt,mcar_30,4,303.0,0.45874587458745875,0.7696964379715738,0.7448574799588107,0.5954849397790416,0.5913696799366097,0.2046984512106688,0.20262985597680322,0.66996699669967,0.6775750131602035,0.6815286624203821,0.6114285714285714,0.7697841726618705,0.5971223021582733,-0.3531392740449111,1.3822278975364786,0.20540389520911975
cleveland,ft_transformer,pooled,source_oof_platt,mcar_30,5,303.0,0.45874587458745875,0.7545622038954202,0.739421239760581,0.6020623912041501,0.5969154920424119,0.2075784475576859,0.20500487097042197,0.6534653465346535,0.6623311107211791,0.670846394984326,0.5944444444444444,0.7697841726618705,0.5179856115107914,-0.365617391404346,1.3155193211267644,0.21099214675663805
cleveland,ft_transformer,pooled,source_oof_platt,mcar_30,6,303.0,0.45874587458745875,0.7859712230215827,0.7646324693279261,0.586943896853425,0.5813920527710222,0.200876337030055,0.1980985086426421,0.6798679867986799,0.690559747324092,0.7015384615384616,0.6129032258064516,0.8201438848920863,0.5971223021582733,-0.43403085202661434,1.476122546032608,0.19406950461323696
cleveland,ft_transformer,pooled,source_oof_platt,mcar_30,7,303.0,0.45874587458745875,0.7943937532900509,0.7609052789147243,0.577464743277161,0.5714018716631634,0.1961859276301172,0.1932162995069992,0.6996699669966997,0.7083040884365679,0.7129337539432177,0.6348314606741573,0.8129496402877698,0.60431654676259,-0.47520242529498175,1.6193920654534193,0.1813487605980834
cleveland,ft_transformer,pooled,source_oof_platt,mcar_30,8,303.0,0.45874587458745875,0.7700035093876119,0.776122243280928,0.5950413927547858,0.5912627469327341,0.20450267411885564,0.20259381941430396,0.6765676567656765,0.6847692577645201,0.689873417721519,0.615819209039548,0.7841726618705036,0.5971223021582733,-0.34450393159256115,1.3620088642914139,0.20318735997301718
cleveland,ft_transformer,pooled,source_oof_platt,mcar_30,9,303.0,0.45874587458745875,0.7529391121249341,0.7302695712763791,0.6079286165242626,0.6024679242961386,0.21012454811804568,0.20740868896304848,0.6600660066006601,0.6695253553254957,0.6791277258566978,0.5989010989010989,0.7841726618705036,0.5539568345323741,-0.3759238353239566,1.255499120248921,0.22852237763029906
cleveland,ft_transformer,pooled,source_oof_platt,mcar_50,0,303.0,0.45874587458745875,0.7159589401649412,0.6736141781755827,0.6406235989100353,0.631343027461563,0.22506398460410162,0.2205347487840295,0.6303630363036303,0.646473065450079,0.6763005780346821,0.5652173913043478,0.841726618705036,0.49640287769784175,-0.4772772076735135,1.199973977384951,0.2802556387870847
cleveland,ft_transformer,pooled,source_oof_platt,mcar_50,1,303.0,0.45874587458745875,0.7085014914897351,0.6837472395701523,0.6405987354275224,0.6305406188860759,0.225695847778469,0.22080296308840935,0.6039603960396039,0.6209861379189331,0.6571428571428571,0.5450236966824644,0.8273381294964028,0.4460431654676259,-0.493613565015363,1.1854028174775655,0.2696044744976802
cleveland,ft_transformer,pooled,source_oof_platt,mcar_50,2,303.0,0.45874587458745875,0.6932795227232849,0.6565392753901955,0.6463271139668273,0.6380297789076135,0.22827665657092727,0.22423820900609925,0.5874587458745875,0.6030005264081417,0.6376811594202898,0.5339805825242718,0.7913669064748201,0.4892086330935252,-0.41466543699036285,1.115437585738522,0.2779384182807769
cleveland,ft_transformer,pooled,source_oof_platt,mcar_50,3,303.0,0.45874587458745875,0.7680733462010879,0.7606458405705296,0.6122473562172556,0.6012119017320845,0.21313527188989645,0.20786004122936474,0.6303630363036303,0.6459247236357256,0.6744186046511628,0.5658536585365853,0.8345323741007195,0.5971223021582733,-0.709550858934321,1.6785971443278849,0.20293505655302052
cleveland,ft_transformer,pooled,source_oof_platt,mcar_50,4,303.0,0.45874587458745875,0.7371907352167046,0.7271849780122905,0.6286596704367235,0.6187951202754994,0.2202700268727357,0.21551076417294318,0.636963696369637,0.6509256009826285,0.6745562130177515,0.5728643216080402,0.8201438848920863,0.5323741007194245,-0.5350728073576726,1.3040707488099317,0.24324383179047654
cleveland,ft_transformer,pooled,source_oof_platt,mcar_50,5,303.0,0.45874587458745875,0.6975785225478154,0.6289811644546645,0.6426024018250105,0.6327171783805221,0.22616261728770026,0.22135887417882322,0.6270627062706271,0.6450693104053342,0.6798866855524079,0.5607476635514018,0.8633093525179856,0.381294964028777,-0.48843689364174725,1.2349120879250517,0.28037474449442334
cleveland,ft_transformer,pooled,source_oof_platt,mcar_50,6,303.0,0.45874587458745875,0.7125372872433761,0.7072898898906952,0.6410898275676112,0.6316178027852062,0.2263273629183326,0.22174836934636538,0.594059405940594,0.609646429198105,0.6434782608695652,0.5388349514563107,0.7985611510791367,0.4676258992805755,-0.45762382470023655,1.1101763784220648,0.25600820264965246
cleveland,ft_transformer,pooled,source_oof_platt,mcar_50,7,303.0,0.45874587458745875,0.6992016143183015,0.6828400615579217,0.659964402673015,0.6509060074360613,0.2338037366515443,0.22936990091337833,0.5973597359735974,0.611598526057203,0.6411764705882353,0.5422885572139303,0.7841726618705036,0.460431654676259,-0.4142505621569872,0.9640898166612251,0.30884920759523427
cleveland,ft_transformer,pooled,source_oof_platt,mcar_50,8,303.0,0.45874587458745875,0.7103877873311107,0.6855931999606577,0.6468405382085547,0.634061413271423,0.22881130482975864,0.2226851454443982,0.6039603960396039,0.6242761888050535,0.6685082872928176,0.5426008968609866,0.8705035971223022,0.4244604316546763,-0.6367931024882023,1.3507684925150816,0.270467875307831
cleveland,ft_transformer,pooled,source_oof_platt,mcar_50,9,303.0,0.45874587458745875,0.7351289699947359,0.7042662588082174,0.6197458118260749,0.6103980453492711,0.21592347661624908,0.2114197759846281,0.6435643564356436,0.6592165292156519,0.686046511627907,0.5756097560975609,0.8489208633093526,0.4676258992805755,-0.542383188725065,1.4433344639176626,0.23190896076471793
cleveland,ft_transformer,pooled,source_oof_platt,natural,0,303.0,0.45874587458745875,0.8522109141954728,0.8337273576221351,0.5146056712355194,0.5165199788589828,0.1676445166805769,0.16835278363238376,0.7557755775577558,0.7541015967713633,0.7338129496402878,0.7338129496402878,0.7338129496402878,0.6762589928057554,-0.08708753002363513,1.8023755062921252,0.11759239468324931
cleveland,realmlp,pooled,raw,drop_advanced,0,303.0,0.45874587458745875,0.8676960870328129,0.8609101666344512,0.4676325338819273,0.4635343999166413,0.15174597325666075,0.1499525693936352,0.7986798679867987,0.8019608703281278,0.7932203389830509,0.75,0.841726618705036,0.7769784172661871,-0.3814933705812017,1.1987655416841787,0.10447200595043976
cleveland,realmlp,pooled,raw,drop_exercise,0,303.0,0.45874587458745875,0.8037374978066327,0.747453164845158,0.553974063659197,0.548458453442675,0.18637586431622552,0.18377892678020027,0.7326732673267327,0.7382435515002632,0.7344262295081967,0.6746987951807228,0.8057553956834532,0.6474820143884892,-0.38761674883991765,1.3344820155219224,0.1702755895753023
cleveland,realmlp,pooled,raw,drop_routine,0,303.0,0.45874587458745875,0.8644499034918406,0.8399415476193165,0.8700569006468152,0.8117392903085557,0.30827354379778094,0.286099308274099,0.5247524752475248,0.5598789261273908,0.6555023923444976,0.4910394265232975,0.9856115107913669,0.7482014388489209,-3.2737715705651147,1.6195439748992158,0.261811021669717
cleveland,realmlp,pooled,raw,empirical_source,0,303.0,0.45874587458745875,0.8304527110019302,0.8091213736910254,0.5212311073673889,0.5143491744719098,0.17388609592576798,0.17110147765647676,0.7293729372937293,0.7351947710124583,0.7320261437908496,0.6706586826347305,0.8057553956834532,0.7338129496402878,-0.42954169758108657,1.0156283679627904,0.14079388717644686
cleveland,realmlp,pooled,raw,empirical_source,1,303.0,0.45874587458745875,0.8366818740129847,0.8231763976292854,0.5155351334820681,0.5094682523330187,0.17122678004847383,0.1685779196429387,0.7524752475247525,0.7570845762414459,0.7508305647840532,0.6975308641975309,0.8129496402877698,0.7194244604316546,-0.42364156988369256,1.0040764369585364,0.14241400665510645
cleveland,realmlp,pooled,raw,empirical_source,2,303.0,0.45874587458745875,0.8392261800315844,0.8094233569213826,0.5136420810330364,0.5049952528707053,0.1695910578140782,0.16620242835585125,0.7524752475247525,0.7587296016845061,0.755700325732899,0.6904761904761905,0.8345323741007195,0.7050359712230215,-0.4887456756955327,1.0115978664028185,0.13839450249354562
cleveland,realmlp,pooled,raw,empirical_source,3,303.0,0.45874587458745875,0.8393577820670293,0.8142150436996045,0.5158827240845607,0.5081328315163096,0.1707195679731197,0.1675267056630168,0.735973597359736,0.7412923319880681,0.7368421052631579,0.6787878787878788,0.8057553956834532,0.7122302158273381,-0.4821542155227862,1.0354002467965537,0.14540228873004274
cleveland,realmlp,pooled,raw,empirical_source,4,303.0,0.45874587458745875,0.8513335672925074,0.8429601023586548,0.4951000044891772,0.48857700305351165,0.16441414532137236,0.16162165690817604,0.759075907590759,0.763730479031409,0.7574750830564784,0.7037037037037037,0.8201438848920863,0.7122302158273381,-0.4623821644656625,1.1048917417980526,0.11949790126918867
cleveland,realmlp,pooled,raw,empirical_source,5,303.0,0.45874587458745875,0.8315055272854887,0.8003350788794752,0.5209826984264289,0.513455168758968,0.1717413613546467,0.16867049631265446,0.759075907590759,0.763730479031409,0.7574750830564784,0.7037037037037037,0.8201438848920863,0.7194244604316546,-0.4343318066285119,0.9945363207162664,0.14708863151694127
cleveland,realmlp,pooled,raw,empirical_source,6,303.0,0.45874587458745875,0.8519477101245834,0.8315253396576195,0.49212552829870154,0.4851519199665675,0.16198434884323887,0.15909093126462484,0.7623762376237624,0.7667792595192139,0.76,0.7080745341614907,0.8201438848920863,0.7266187050359713,-0.45314859849063005,1.1114224411300442,0.1204910947746425
cleveland,realmlp,pooled,raw,empirical_source,7,303.0,0.45874587458745875,0.8319880680821197,0.8100992957429638,0.5290651176460754,0.5188857790896633,0.17571587427769303,0.1715197946130682,0.7425742574257426,0.7512282856641517,0.7531645569620253,0.672316384180791,0.8561151079136691,0.7266187050359713,-0.548053139240344,1.0026896253054198,0.15003550499049303
cleveland,realmlp,pooled,raw,empirical_source,8,303.0,0.45874587458745875,0.8261098438322512,0.8134861739791495,0.5349759740120675,0.5257819036490728,0.18013090454343492,0.17631160786094702,0.7326732673267327,0.7387918933146167,0.7361563517915309,0.6726190476190477,0.8129496402877698,0.6618705035971223,-0.49612573682391214,0.9616068083847972,0.14680098084553986
cleveland,realmlp,pooled,raw,empirical_source,9,303.0,0.45874587458745875,0.8400157922442534,0.8236882153821542,0.5100849599925545,0.5031612418286371,0.16867416825786696,0.16565800121063373,0.7557755775577558,0.7623267239866643,0.7597402597402597,0.6923076923076923,0.841726618705036,0.7266187050359713,-0.4561782742718302,1.0626349171606486,0.13624321095360398
cleveland,realmlp,pooled,raw,mar_age_sex_30,0,303.0,0.45874587458745875,0.8403228636602913,0.8139866623897207,0.5620613122930402,0.5414681334752727,0.190019078372925,0.1817097752955743,0.7227722772277227,0.7389673626952097,0.7558139534883721,0.6341463414634146,0.935251798561151,0.7338129496402878,-1.0243304129127138,1.182257506100767,0.17082881252896223
cleveland,realmlp,pooled,raw,mar_age_sex_30,1,303.0,0.45874587458745875,0.8211528338304965,0.7868152157033315,0.5902015734743609,0.5681913318147223,0.19955627865363207,0.1907834939144459,0.6963696369636964,0.7129320933497105,0.7341040462427746,0.6135265700483091,0.9136690647482014,0.6618705035971223,-0.9404878490278858,1.0275284543894863,0.19450203354983253
cleveland,realmlp,pooled,raw,mar_age_sex_30,2,303.0,0.45874587458745875,0.8135637831198456,0.7581396763365014,0.6036088205528359,0.579440555112374,0.2022569454918184,0.19299802122661058,0.6996699669966997,0.7148841902088086,0.7331378299120235,0.6188118811881188,0.8992805755395683,0.6690647482014388,-0.9281738687959512,0.961563636374855,0.21088066622721158
cleveland,realmlp,pooled,raw,mar_age_sex_30,3,303.0,0.45874587458745875,0.8288734865765923,0.7819044672181775,0.5900747159026681,0.5661447692310315,0.1995181923849262,0.18991328634358268,0.6963696369636964,0.7134804351640639,0.735632183908046,0.6124401913875598,0.920863309352518,0.6762589928057554,-1.0651340626303278,1.1053969909565549,0.1958637809959155
cleveland,realmlp,pooled,raw,mar_age_sex_30,4,303.0,0.45874587458745875,0.8421652921565186,0.7815793234806307,0.5674546003964122,0.5446474325002417,0.19011357419995759,0.1811648654603029,0.7227722772277227,0.7367739954377961,0.75,0.6395939086294417,0.9064748201438849,0.6834532374100719,-1.0703343697608378,1.1484095332925388,0.18730420837480674
cleveland,realmlp,pooled,raw,mar_age_sex_30,5,303.0,0.45874587458745875,0.8178189155992279,0.7961654645140372,0.600705876740027,0.577688231715813,0.20542344824584557,0.1961679060199749,0.7029702970297029,0.7179329706966134,0.7352941176470589,0.6218905472636815,0.8992805755395683,0.6330935251798561,-0.9631865795588785,0.993516112870636,0.1911961674440414
cleveland,realmlp,pooled,raw,mar_age_sex_30,6,303.0,0.45874587458745875,0.8074662221442358,0.7662031985478476,0.6207108641524132,0.5970399720364157,0.21372460154894105,0.20431702739060326,0.6633663366336634,0.6791542375855413,0.7034883720930233,0.5902439024390244,0.8705035971223022,0.7122302158273381,-0.9081261591579608,0.9270300649562776,0.20957536095240467
cleveland,realmlp,pooled,raw,mar_age_sex_30,7,303.0,0.45874587458745875,0.820407088962976,0.7580292592186086,0.6065064179414347,0.5824268855411591,0.20435030829808642,0.19493076654214692,0.6798679867986799,0.6982365327250395,0.7252124645892352,0.5981308411214953,0.920863309352518,0.6834532374100719,-0.9820269256246086,1.005428555690317,0.2164805547146554
cleveland,realmlp,pooled,raw,mar_age_sex_30,8,303.0,0.45874587458745875,0.8117213546236182,0.7577783640908214,0.5995733684576459,0.5776063563153959,0.20403398175481494,0.19540551954349208,0.6897689768976898,0.7046411651166872,0.7235294117647059,0.6119402985074627,0.8848920863309353,0.6834532374100719,-0.8702049417396123,0.9651854120827325,0.20637866920764258
cleveland,realmlp,pooled,raw,mar_age_sex_30,9,303.0,0.45874587458745875,0.8223811194946481,0.7924571614339225,0.6035080092920672,0.5791340284008206,0.20635569045538232,0.19665897593320814,0.693069306930693,0.710431654676259,0.7335243553008596,0.6095238095238096,0.920863309352518,0.7194244604316546,-1.040361323885737,1.0327972455987917,0.19730689506934268
cleveland,realmlp,pooled,raw,mcar_10,0,303.0,0.45874587458745875,0.8288296192314442,0.8087614474043379,0.5602056801059934,0.5428736805144505,0.19139255034201616,0.18433683392198696,0.7029702970297029,0.7157396034391998,0.7289156626506024,0.6269430051813472,0.8705035971223022,0.6690647482014388,-0.8623537076014621,1.1348287353950373,0.16931753783559875
cleveland,realmlp,pooled,raw,mcar_10,1,303.0,0.45874587458745875,0.8264607825934374,0.800894488476172,0.5687347107288323,0.5503817608036141,0.19163263092740737,0.18424833966753534,0.7194719471947195,0.7326285313212844,0.7447447447447447,0.6391752577319587,0.8920863309352518,0.697841726618705,-0.8660612425492199,1.1049517038852121,0.1796064313865645
cleveland,realmlp,pooled,raw,mcar_10,2,303.0,0.45874587458745875,0.8247499561326549,0.8140553718957441,0.5695037776979246,0.5510493770339095,0.19447975074465798,0.18707105181859054,0.7062706270627063,0.7176917002982979,0.72782874617737,0.6329787234042553,0.8561151079136691,0.697841726618705,-0.8566688965843736,1.0736520742961424,0.17110599498376466
cleveland,realmlp,pooled,raw,mcar_10,3,303.0,0.45874587458745875,0.8223811194946482,0.7994187335598946,0.5701408850705937,0.5519340832416642,0.193009204413407,0.1857632078883736,0.7194719471947195,0.7309835058782242,0.7400611620795107,0.6436170212765957,0.8705035971223022,0.6834532374100719,-0.8279085499348388,1.0506902023686566,0.1777653019338979
cleveland,realmlp,pooled,raw,mcar_10,4,303.0,0.45874587458745875,0.8294876294086682,0.8055026492709121,0.5520775517782227,0.5353466044329453,0.1865131918821913,0.17970493478779406,0.7293729372937293,0.7417748727846991,0.7515151515151515,0.6492146596858639,0.8920863309352518,0.6690647482014388,-0.804507736476238,1.1012775419868757,0.16309332272989674
cleveland,realmlp,pooled,raw,mcar_10,5,303.0,0.45874587458745875,0.8364625372872434,0.8029425235222982,0.553193713609779,0.5356177355214115,0.18529006373767917,0.17822062566612526,0.7293729372937293,0.7417748727846991,0.7515151515151515,0.6492146596858639,0.8920863309352518,0.7410071942446043,-0.8639953071885361,1.1244795202931734,0.17105293589324225
cleveland,realmlp,pooled,raw,mcar_10,6,303.0,0.45874587458745875,0.8261098438322512,0.7927331804320659,0.5641349095148025,0.5469153852903105,0.19102193259952488,0.18396221813054517,0.7227722772277227,0.7345806281803825,0.7439024390243902,0.6455026455026455,0.8776978417266187,0.6762589928057554,-0.8160786199365001,1.0753206218052043,0.17704418637237948
cleveland,realmlp,pooled,raw,mcar_10,7,303.0,0.45874587458745875,0.8401912616248465,0.8210201732609528,0.5496971478514883,0.5323477159823622,0.1862725477292798,0.17910374924749772,0.7491749174917491,0.7617125811545885,0.7696969696969697,0.6649214659685864,0.9136690647482014,0.697841726618705,-0.9042384679377977,1.1910557443271634,0.16130594533483925
cleveland,realmlp,pooled,raw,mcar_10,8,303.0,0.45874587458745875,0.8098350587822425,0.7662241148553992,0.5847500964593138,0.5662781923277883,0.19833602641526812,0.19105874431966352,0.6963696369636964,0.7090937006492367,0.7228915662650602,0.6217616580310881,0.8633093525179856,0.697841726618705,-0.7967365018590501,1.0122960159030485,0.20079575278045034
cleveland,realmlp,pooled,raw,mcar_10,9,303.0,0.45874587458745875,0.8288734865765923,0.7736000801807021,0.552282333029682,0.5356682655460849,0.1839939942714217,0.17739996781640083,0.7458745874587459,0.7570187752237234,0.7630769230769231,0.6666666666666666,0.8920863309352518,0.6690647482014388,-0.7745877372170529,1.0772000710982697,0.18003393020404407
cleveland,realmlp,pooled,raw,mcar_30,0,303.0,0.45874587458745875,0.7903140901912616,0.7527410157489799,0.67892599780076,0.6489634676466933,0.23759987832450072,0.22555234359055504,0.6237623762376238,0.6436655553605897,0.6833333333333333,0.5565610859728507,0.8848920863309353,0.6187050359712231,-1.0872877046668226,0.9459395057537331,0.24846989524360058
cleveland,realmlp,pooled,raw,mcar_30,1,303.0,0.45874587458745875,0.7963239164765749,0.7828511026762452,0.6693513597074812,0.6388728313724528,0.23432846462672022,0.22211201205117198,0.6402640264026402,0.6605544832426742,0.6980609418282548,0.5675675675675675,0.9064748201438849,0.6187050359712231,-1.1507446045421417,0.9830357656336602,0.2292726370655902
cleveland,realmlp,pooled,raw,mcar_30,2,303.0,0.45874587458745875,0.7870240393051413,0.7432600823651394,0.7083297773343531,0.6713082772619581,0.24531883340389551,0.23073055489553118,0.6270627062706271,0.651649412177575,0.7002652519893899,0.5546218487394958,0.9496402877697842,0.6115107913669064,-1.3455306391267474,1.0183318396369279,0.265075002926485
cleveland,realmlp,pooled,raw,mcar_30,3,303.0,0.45874587458745875,0.7948762940866819,0.7641798456450359,0.6899666991491286,0.6578495008389673,0.2431698132580284,0.2302409046330005,0.6039603960396039,0.6264695560624671,0.6756756756756757,0.5411255411255411,0.8992805755395683,0.6258992805755396,-1.2427228083958388,1.0267606348992175,0.25739726472954483
cleveland,realmlp,pooled,raw,mcar_30,4,303.0,0.45874587458745875,0.7871995086857343,0.7724047993950993,0.6919566689664309,0.6593407805522176,0.24511180907840946,0.2319650436455271,0.6072607260726073,0.6300666783646254,0.6792452830188679,0.5431034482758621,0.9064748201438849,0.6402877697841727,-1.2135213975315047,0.9992201599054416,0.25155704095148324
cleveland,realmlp,pooled,raw,mcar_30,5,303.0,0.45874587458745875,0.7652658361115986,0.75195188190099,0.7207946836788375,0.686567301015162,0.25238504463788547,0.23870667854832683,0.636963696369637,0.6591507281979294,0.7010869565217391,0.5633187772925764,0.9280575539568345,0.5323741007194245,-1.1123756949830332,0.888274811416137,0.27114872816293895
cleveland,realmlp,pooled,raw,mcar_30,6,303.0,0.45874587458745875,0.7834269170029828,0.7486769293372664,0.7158184628749035,0.6805335684329328,0.2507246000728425,0.23663066665088694,0.6039603960396039,0.6286629233198807,0.6825396825396826,0.5397489539748954,0.9280575539568345,0.5755395683453237,-1.2323743900160038,0.9534657888945988,0.2672912696378724
cleveland,realmlp,pooled,raw,mcar_30,7,303.0,0.45874587458745875,0.7986050184242849,0.7716926218026663,0.696663855488724,0.6615741536885267,0.2433224388495539,0.22925220375894945,0.6138613861386139,0.6383576065976487,0.6896551724137931,0.5462184873949579,0.935251798561151,0.6402877697841727,-1.3791630624660203,1.079851597340989,0.2526612789527085
cleveland,realmlp,pooled,raw,mcar_30,8,303.0,0.45874587458745875,0.7829882435515003,0.7672692011676034,0.6964223444800505,0.6638550001921555,0.24556417708964984,0.23247759351920144,0.6072607260726073,0.6306150201789787,0.6809651474530831,0.5427350427350427,0.9136690647482014,0.6115107913669064,-1.172723318205456,0.9614985993639317,0.2550023895621255
cleveland,realmlp,pooled,raw,mcar_30,9,303.0,0.45874587458745875,0.7638620810668537,0.7435734298053769,0.7394603257454594,0.7035895696862526,0.2621224738722645,0.24767896390100289,0.5742574257425742,0.6006755571152834,0.6649350649350649,0.5203252032520326,0.920863309352518,0.5827338129496403,-1.138213411321014,0.8731772275468935,0.2743730926400274
cleveland,realmlp,pooled,raw,mcar_50,0,303.0,0.45874587458745875,0.7241182663625196,0.685568077319455,0.8693107367238038,0.8185496749625667,0.3077026800934268,0.2877220618622319,0.5313531353135313,0.5637831198455869,0.6519607843137255,0.4944237918215613,0.9568345323741008,0.460431654676259,-1.4576398736677063,0.8894403413676717,0.34944377193752424
cleveland,realmlp,pooled,raw,mcar_50,1,303.0,0.45874587458745875,0.7255220214072644,0.6995475096603431,0.8634739009066215,0.8128855018964907,0.30364688888473224,0.28401190109351304,0.5511551155115512,0.5820758027724162,0.6616915422885572,0.5057034220532319,0.9568345323741008,0.4748201438848921,-1.376608834029254,0.8284081132565226,0.3246891191712844
cleveland,realmlp,pooled,raw,mcar_50,2,303.0,0.45874587458745875,0.7089840322863659,0.6656706415116486,0.865711560983477,0.8164859547881449,0.3052717582378511,0.28586929467831135,0.5577557755775577,0.5887217055623793,0.6666666666666666,0.5095057034220533,0.9640287769784173,0.4892086330935252,-1.2767505610594083,0.7968483991198249,0.3623214321847581
cleveland,realmlp,pooled,raw,mcar_50,3,303.0,0.45874587458745875,0.7542551324793824,0.7382988351611028,0.8525484317648963,0.8009763438230322,0.30024687114238563,0.28012589717512465,0.5808580858085809,0.6122565362344271,0.684863523573201,0.5227272727272727,0.9928057553956835,0.5899280575539568,-1.7199999470275196,1.0208188761849708,0.31401086188892957
cleveland,realmlp,pooled,raw,mcar_50,4,303.0,0.45874587458745875,0.7462274083172487,0.7202800918591798,0.853460611349919,0.8022542043253038,0.30061731136683123,0.2806063972752949,0.5577557755775577,0.5903667310054396,0.6715686274509803,0.5092936802973977,0.9856115107913669,0.5035971223021583,-1.6660132758569814,0.999883671813219,0.3257480517843626
cleveland,realmlp,pooled,raw,mcar_50,5,303.0,0.45874587458745875,0.6966134409545535,0.6430678394887485,0.870555770083171,0.8197878414498371,0.3053693675847545,0.28553414152117346,0.5544554455445545,0.5851245832602211,0.6633416458852868,0.5076335877862596,0.9568345323741008,0.41007194244604317,-1.2928109390577234,0.7966902503564931,0.3670718536879808
cleveland,realmlp,pooled,raw,mcar_50,6,303.0,0.45874587458745875,0.721420424635901,0.7201724495461975,0.8812478737202046,0.8300680512152236,0.3114927436072571,0.2916157702683323,0.5478547854785478,0.578478680470258,0.6583541147132169,0.5038167938931297,0.9496402877697842,0.48201438848920863,-1.3367719572835917,0.7912815105103017,0.32855808103561773
cleveland,realmlp,pooled,raw,mcar_50,7,303.0,0.45874587458745875,0.7113528689243727,0.6987283243325559,0.8984061387665869,0.8478489559857784,0.3206494964805047,0.30078184513128114,0.5247524752475248,0.556040533426917,0.6435643564356436,0.49056603773584906,0.935251798561151,0.48201438848920863,-1.1941343977991583,0.7105281770246471,0.34585165453109534
cleveland,realmlp,pooled,raw,mcar_50,8,303.0,0.45874587458745875,0.7193367257413581,0.6904450516574702,0.9016996996906724,0.8466981122295847,0.3200551744541328,0.29845686654382286,0.5247524752475248,0.5582339006843305,0.6504854368932039,0.4908424908424908,0.9640287769784173,0.4316546762589928,-1.6281384995103974,0.9429432139698445,0.3427766190263263
cleveland,realmlp,pooled,raw,mcar_50,9,303.0,0.45874587458745875,0.7370591331812598,0.6963088249708528,0.8463511809469657,0.7965440195395597,0.29810486582459805,0.2785838375964445,0.5610561056105611,0.5923188278645376,0.6699751861042184,0.5113636363636364,0.9712230215827338,0.4892086330935252,-1.5327211667542742,0.9470966357206255,0.3354944045634739
cleveland,realmlp,pooled,raw,natural,0,303.0,0.45874587458745875,0.863353219863134,0.8516879324680163,0.49270818597438265,0.48275134682781984,0.1618186330448205,0.15775501351531004,0.768976897689769,0.7756185295665906,0.7727272727272727,0.7041420118343196,0.8561151079136691,0.7697841726618705,-0.6552114598906051,1.278979623119588,0.11884888877704919
cleveland,realmlp,pooled,source_oof_platt,drop_advanced,0,303.0,0.45874587458745875,0.867081944200737,0.8595306399054436,0.5071660444840491,0.5143972713583341,0.16394161759844442,0.16704532418957713,0.7755775577557755,0.7691042288120723,0.7384615384615385,0.7933884297520661,0.6906474820143885,0.7769784172661871,0.29328834028904105,2.117297483116847,0.10901927166923395
cleveland,realmlp,pooled,source_oof_platt,drop_exercise,0,303.0,0.45874587458745875,0.8033426917002983,0.7473009447356788,0.5828160599194567,0.5914979670442857,0.19801716090151492,0.20200660007318666,0.7194719471947195,0.7101465169327952,0.6613545816733067,0.7410714285714286,0.5971223021582733,0.6402877697841727,0.3932328104975151,2.381881183517577,0.1676388283096439
cleveland,realmlp,pooled,source_oof_platt,drop_routine,0,303.0,0.45874587458745875,0.8635725565888752,0.8386207921571032,0.6442856068990749,0.6176174676087334,0.22871997350381032,0.21660646120646032,0.5907590759075908,0.6197578522547815,0.6852791878172588,0.5294117647058824,0.9712230215827338,0.7482014388489209,-2.545366040136123,2.943523029432836,0.24163904679963416
cleveland,realmlp,pooled,source_oof_platt,empirical_source,0,303.0,0.45874587458745875,0.8304527110019302,0.8095724400301999,0.5355967250885654,0.5414438996665741,0.17707354493407834,0.17960532874728602,0.7623762376237624,0.758554132303913,0.7333333333333333,0.7557251908396947,0.7122302158273381,0.7338129496402878,0.14158976566296738,1.7990891963951263,0.13620685582294362
cleveland,realmlp,pooled,source_oof_platt,empirical_source,1,303.0,0.45874587458745875,0.8369450780838743,0.8254559945499533,0.5294363564316231,0.5355963713393536,0.17396914824306048,0.1765610232871735,0.7623762376237624,0.7569091068608528,0.7272727272727273,0.768,0.6906474820143885,0.7050359712230215,0.14270145145376648,1.785428074548851,0.13788220045969832
cleveland,realmlp,pooled,source_oof_platt,empirical_source,2,303.0,0.45874587458745875,0.8382610984383225,0.8098195271479454,0.5255049735046412,0.5301285880900936,0.17240839431236654,0.1743606494805094,0.759075907590759,0.7560536936304615,0.7326007326007326,0.746268656716418,0.7194244604316546,0.697841726618705,0.08241256356150711,1.7868891991275482,0.12878297426877844
cleveland,realmlp,pooled,source_oof_platt,empirical_source,3,303.0,0.45874587458745875,0.8383049657834708,0.808413667203488,0.529397247648548,0.5345272919052468,0.17388201683904517,0.17605125393665577,0.7623762376237624,0.758554132303913,0.7333333333333333,0.7557251908396947,0.7122302158273381,0.7122302158273381,0.10125716553495692,1.8261905625143504,0.13819977450963594
cleveland,realmlp,pooled,source_oof_platt,empirical_source,4,303.0,0.45874587458745875,0.850807159150728,0.8437374307367314,0.5185790494936098,0.5244085908642708,0.16955103543859473,0.17203486435827448,0.7623762376237624,0.7591024741182664,0.7352941176470589,0.7518796992481203,0.7194244604316546,0.7122302158273381,0.16139258721743305,1.9539522478570506,0.11637918344009121
cleveland,realmlp,pooled,source_oof_platt,empirical_source,5,303.0,0.45874587458745875,0.830759782417968,0.8017408919191793,0.5334229125364104,0.538935805888248,0.1758425621679843,0.17817404871905376,0.7557755775577558,0.7513598876995964,0.7238805970149254,0.751937984496124,0.697841726618705,0.7050359712230215,0.12410700518682866,1.7532742896712359,0.1376662579612112
cleveland,realmlp,pooled,source_oof_platt,empirical_source,6,303.0,0.45874587458745875,0.8517283733988419,0.8337825458549403,0.5180251543215006,0.5237399824501368,0.16933755185176658,0.17177482906091499,0.768976897689769,0.7652000350938761,0.7407407407407407,0.7633587786259542,0.7194244604316546,0.7194244604316546,0.17173247739218975,1.9593369856429925,0.11339967978142099
cleveland,realmlp,pooled,source_oof_platt,empirical_source,7,303.0,0.45874587458745875,0.8309791191437094,0.8104155201551593,0.5335875761599485,0.5373398839309849,0.17580351306259512,0.17732463414505312,0.7623762376237624,0.7601991577469731,0.7391304347826086,0.7445255474452555,0.7338129496402878,0.7266187050359713,0.01628623528590765,1.765496325274851,0.13886610134123312
cleveland,realmlp,pooled,source_oof_platt,empirical_source,8,303.0,0.45874587458745875,0.8264607825934374,0.8156213434732507,0.5374495647221551,0.5419233641594614,0.17804809870222493,0.17990928583988253,0.7293729372937293,0.7280663274258642,0.7071428571428572,0.7021276595744681,0.7122302158273381,0.6618705035971223,0.04806871573802257,1.709215280293428,0.13658755801755973
cleveland,realmlp,pooled,source_oof_platt,empirical_source,9,303.0,0.45874587458745875,0.8401035269345499,0.824652001439385,0.5283781985432111,0.5341636086598387,0.17353936914287427,0.17598502746408654,0.7656765676567657,0.7621512546060712,0.7380073800738007,0.7575757575757576,0.7194244604316546,0.7338129496402878,0.14348800326446812,1.88040925167624,0.13265196689542386
cleveland,realmlp,pooled,source_oof_platt,mar_age_sex_30,0,303.0,0.45874587458745875,0.8385243025092122,0.8103059023274215,0.5406111356601809,0.5378766000238915,0.1788966557303175,0.17755456075190634,0.735973597359736,0.7390989647306545,0.7297297297297297,0.6878980891719745,0.7769784172661871,0.7410071942446043,-0.3593336202243275,2.066537226457156,0.1303241280170901
cleveland,realmlp,pooled,source_oof_platt,mar_age_sex_30,1,303.0,0.45874587458745875,0.8190033339182312,0.7859516104124422,0.5524315212447775,0.5490229027589031,0.1844041266449654,0.1827298561004447,0.735973597359736,0.7407439901737147,0.7350993377483444,0.6809815950920245,0.7985611510791367,0.6690647482014388,-0.3676062048802032,1.8031178397963168,0.15205292499643314
cleveland,realmlp,pooled,source_oof_platt,mar_age_sex_30,2,303.0,0.45874587458745875,0.810229864888577,0.7472880911540511,0.5572651566198986,0.5525529580684173,0.1866223367936809,0.18443222416082572,0.7293729372937293,0.7351947710124583,0.7320261437908496,0.6706586826347305,0.8057553956834532,0.6546762589928058,-0.39006186258442105,1.6631206650093233,0.1624162074403642
cleveland,realmlp,pooled,source_oof_platt,mar_age_sex_30,3,303.0,0.45874587458745875,0.8248815581680996,0.7763920371294608,0.5511572857285546,0.5465997551921711,0.18380395978387934,0.1815764702991004,0.7491749174917491,0.7584225302684682,0.7610062893081762,0.6759776536312849,0.8705035971223022,0.6762589928057554,-0.4485903158643802,1.908723074013832,0.14953148454901485
cleveland,realmlp,pooled,source_oof_platt,mar_age_sex_30,4,303.0,0.45874587458745875,0.839796455518512,0.7797094202840591,0.5392462784725319,0.5351289653772557,0.17825217937995416,0.1762938550325834,0.7623762376237624,0.768424284962274,0.7647058823529411,0.7005988023952096,0.841726618705036,0.6834532374100719,-0.4265221589626689,1.9984981828254553,0.1368370339035363
cleveland,realmlp,pooled,source_oof_platt,mar_age_sex_30,5,303.0,0.45874587458745875,0.8176434462186348,0.7954634522019218,0.5538166960489914,0.5497044438670619,0.18543889503945107,0.1834131741306673,0.7128712871287128,0.7188541849447272,0.7166123778501629,0.6547619047619048,0.7913669064748201,0.6330935251798561,-0.4103619893983524,1.734091822910248,0.15555450885160205
cleveland,realmlp,pooled,source_oof_platt,mar_age_sex_30,6,303.0,0.45874587458745875,0.8046587120547465,0.7602859560890884,0.5658606101850219,0.5616543602827773,0.19091054901257046,0.1888496479547112,0.693069306930693,0.7016581856466046,0.7066246056782335,0.6292134831460674,0.8057553956834532,0.7194244604316546,-0.3869042099185634,1.6104961970377996,0.16888991433338835
cleveland,realmlp,pooled,source_oof_platt,mar_age_sex_30,7,303.0,0.45874587458745875,0.8169854360414107,0.7492582884199893,0.5600091564646548,0.5552670603696571,0.18732073667584156,0.1850806166269498,0.7458745874587459,0.7526320407088963,0.7508090614886731,0.6823529411764706,0.8345323741007195,0.6690647482014388,-0.4185345776589539,1.7348284046695472,0.17322777305730463
cleveland,realmlp,pooled,source_oof_platt,mar_age_sex_30,8,303.0,0.45874587458745875,0.8079048955957185,0.7472453517909989,0.5598285076120021,0.5564868180330724,0.18792203710188424,0.1863160475133643,0.7161716171617162,0.721902965432532,0.7189542483660131,0.6586826347305389,0.7913669064748201,0.6834532374100719,-0.33482271097521293,1.667889848502552,0.16276341053632826
cleveland,realmlp,pooled,source_oof_platt,mar_age_sex_30,9,303.0,0.45874587458745875,0.8204948236532724,0.7910575228193434,0.5547914014706421,0.5498813765277464,0.18566903063764645,0.18331108524737813,0.6996699669966997,0.7077557466222144,0.7111111111111111,0.6363636363636364,0.8057553956834532,0.7122302158273381,-0.45939013921369537,1.8008509769738317,0.15329323735990819
cleveland,realmlp,pooled,source_oof_platt,mcar_10,0,303.0,0.45874587458745875,0.8263291805579926,0.8052507662938351,0.5477141553037512,0.5474041539340546,0.18224387045880397,0.18203134081085395,0.7326732673267327,0.733856816985436,0.7197231833910035,0.6933333333333334,0.7482014388489209,0.6690647482014388,-0.20761023662138597,1.991742441090418,0.13337777558627278
cleveland,realmlp,pooled,source_oof_platt,mcar_10,1,303.0,0.45874587458745875,0.8258466397613617,0.7994397075707953,0.5505760889116375,0.549833104466598,0.182974299757681,0.1825440414589532,0.7557755775577558,0.7584883312861905,0.7482993197278912,0.7096774193548387,0.7913669064748201,0.6834532374100719,-0.2263034823682351,1.955401832614628,0.14533078537734934
cleveland,realmlp,pooled,source_oof_platt,mcar_10,2,303.0,0.45874587458745875,0.8236532725039482,0.8104994699493903,0.5492135532750491,0.5482764859287023,0.18308345325367748,0.18258397451332498,0.7392739273927392,0.741599403404106,0.7303754266211604,0.6948051948051948,0.7697841726618705,0.697841726618705,-0.2364897641002702,1.8946348733244693,0.1337977296265534
cleveland,realmlp,pooled,source_oof_platt,mcar_10,3,303.0,0.45874587458745875,0.8224249868397964,0.798397768028811,0.5490790484514376,0.548365704514907,0.18274283499431687,0.18234287255812998,0.7260726072607261,0.7277592560098263,0.7147766323024055,0.6842105263157895,0.7482014388489209,0.6906474820143885,-0.21948379835595636,1.874606691579097,0.13942476350675967
cleveland,realmlp,pooled,source_oof_platt,mcar_10,4,303.0,0.45874587458745875,0.8303649763116335,0.8073734870046543,0.5412795890937044,0.5414987316188318,0.1795032052261732,0.1794924484979425,0.7524752475247525,0.7543428671696789,0.7422680412371134,0.7105263157894737,0.7769784172661871,0.6690647482014388,-0.17048468994696472,1.954278859982129,0.12942709424446305
cleveland,realmlp,pooled,source_oof_platt,mcar_10,5,303.0,0.45874587458745875,0.8354097210036848,0.8027198654283931,0.5414390830412491,0.541019617957835,0.1788727765825553,0.17857327296530623,0.7623762376237624,0.7645858922618003,0.7534246575342466,0.7189542483660131,0.7913669064748201,0.7338129496402878,-0.2111291317966452,1.9883222174632673,0.1355847175672081
cleveland,realmlp,pooled,source_oof_platt,mcar_10,6,303.0,0.45874587458745875,0.8250131602035444,0.7937487278203526,0.5479462479054917,0.5478997325676587,0.18214445317951905,0.18197349922428852,0.7458745874587459,0.7487936480084225,0.7389830508474576,0.6987179487179487,0.7841726618705036,0.6834532374100719,-0.19715858370913503,1.9009816987943757,0.14198467269797144
cleveland,realmlp,pooled,source_oof_platt,mcar_10,7,303.0,0.45874587458745875,0.84010352693455,0.8218750856021162,0.5404812876678976,0.5401749143428874,0.1787774188727423,0.17852164125276546,0.7458745874587459,0.7487936480084225,0.7389830508474576,0.6987179487179487,0.7841726618705036,0.6906474820143885,-0.21816649466343233,2.1086266032652774,0.12531143591110624
cleveland,realmlp,pooled,source_oof_platt,mcar_10,8,303.0,0.45874587458745875,0.810580803649763,0.7687304837043658,0.5592504501380994,0.5585377210899453,0.18712386708172088,0.18673635528785104,0.7524752475247525,0.7543428671696789,0.7422680412371134,0.7105263157894737,0.7769784172661871,0.697841726618705,-0.21383901283495002,1.7928819089336985,0.15647139552832107
cleveland,realmlp,pooled,source_oof_platt,mcar_10,9,303.0,0.45874587458745875,0.8284348131251097,0.7729776371682718,0.5427398585913742,0.5429972316496756,0.17957604290482734,0.17960394388666812,0.7425742574257426,0.7440998420775575,0.7310344827586207,0.7019867549668874,0.762589928057554,0.6690647482014388,-0.15324860878107024,1.8966154359188276,0.14177155424909238
cleveland,realmlp,pooled,source_oof_platt,mcar_30,0,303.0,0.45874587458745875,0.7901386208106685,0.7534932219680045,0.5929588867080007,0.5855779190831348,0.20298782229468185,0.19944564625628514,0.6864686468646864,0.6983023337427618,0.7112462006079028,0.6157894736842106,0.841726618705036,0.6474820143884892,-0.5518357277596915,1.6684475619052728,0.20289557584117673
cleveland,realmlp,pooled,source_oof_platt,mcar_30,1,303.0,0.45874587458745875,0.7927706615195648,0.7773249460677873,0.5861630004413912,0.5781834422168074,0.20041109191821085,0.19662091224896466,0.6963696369636964,0.7085453588348833,0.7212121212121212,0.6230366492146597,0.8561151079136691,0.6187050359712231,-0.5906729154445134,1.7107932339826915,0.1835239299632037
cleveland,realmlp,pooled,source_oof_platt,mcar_30,2,303.0,0.45874587458745875,0.7847868047025793,0.7418503751754004,0.5980467660283209,0.5865908156803015,0.20561409834622432,0.2002492732370757,0.693069306930693,0.7093349710475523,0.7304347826086957,0.6116504854368932,0.9064748201438849,0.5971223021582733,-0.7663238435428976,1.7942901241124254,0.20497570880953458
cleveland,realmlp,pooled,source_oof_platt,mcar_30,3,303.0,0.45874587458745875,0.7920249166520441,0.7586191226627508,0.5982274202809887,0.589307094970527,0.20531133817394287,0.2011112992835618,0.6765676567656765,0.6891559922793473,0.7048192771084337,0.6062176165803109,0.841726618705036,0.6330935251798561,-0.6589801173722551,1.7947085464428065,0.21241119508733672
cleveland,realmlp,pooled,source_oof_platt,mcar_30,4,303.0,0.45874587458745875,0.7856641516055448,0.7719175814684038,0.5979680053556854,0.5888408171295477,0.20596008010491962,0.20168076640741806,0.636963696369637,0.6498289173539218,0.6706586826347305,0.5743589743589743,0.8057553956834532,0.6330935251798561,-0.6508407525118117,1.755806507391321,0.19433125119478323
cleveland,realmlp,pooled,source_oof_platt,mcar_30,5,303.0,0.45874587458745875,0.7632479382347781,0.7538736286768448,0.6113673089860557,0.6017925001400077,0.2117321548734036,0.2072104102612476,0.6633663366336634,0.6764125285137743,0.6946107784431138,0.5948717948717949,0.8345323741007195,0.5179856115107914,-0.6085752668745942,1.5689496297897148,0.2257574977261107
cleveland,realmlp,pooled,source_oof_platt,mcar_30,6,303.0,0.45874587458745875,0.7786015090366731,0.7398420942017436,0.6065107110201117,0.5959596170153693,0.20939062781490606,0.20442061792702448,0.6600660066006601,0.6761054570977365,0.7014492753623188,0.587378640776699,0.8705035971223022,0.5899280575539568,-0.6832784673396741,1.6541626860834342,0.2213761501481687
cleveland,realmlp,pooled,source_oof_platt,mcar_30,7,303.0,0.45874587458745875,0.7984734163888401,0.7706923553388016,0.5949915213070068,0.5844161481598331,0.20400234946681564,0.1990138406715243,0.6864686468646864,0.702689068257589,0.7246376811594203,0.6067961165048543,0.8992805755395683,0.6258992805755396,-0.7779053125036663,1.9172597490166916,0.19876593298064799
cleveland,realmlp,pooled,source_oof_platt,mcar_30,8,303.0,0.45874587458745875,0.7791717845236006,0.7598209943494328,0.6005251369297249,0.5914752822293203,0.20689080546024607,0.20264969045265252,0.6732673267326733,0.6866555536058958,0.7044776119402985,0.6020408163265306,0.8489208633093526,0.60431654676259,-0.6244088637535088,1.6845881531460967,0.2065414970517616
cleveland,realmlp,pooled,source_oof_platt,mcar_30,9,303.0,0.45874587458745875,0.7617564484997367,0.7396467094832574,0.6183958574160449,0.6078839465566968,0.2153038877291048,0.21032737600820606,0.6303630363036303,0.6470214072644324,0.6781609195402298,0.5645933014354066,0.8489208633093526,0.5899280575539568,-0.6417045281124921,1.5316815094530527,0.23307437952382487
cleveland,realmlp,pooled,source_oof_platt,mcar_50,0,303.0,0.45874587458745875,0.717055623793648,0.6766495477327672,0.6726638824055327,0.653689582035667,0.23997732224550578,0.23108957232354427,0.5775577557755776,0.6037243376030883,0.6666666666666666,0.5224489795918368,0.920863309352518,0.460431654676259,-0.9541822321158824,1.5260566910449473,0.3219492738976793
cleveland,realmlp,pooled,source_oof_platt,mcar_50,1,303.0,0.45874587458745875,0.717538164590279,0.6867705881876509,0.6653700521351211,0.646568182235097,0.23718411642449122,0.22837992597831136,0.5907590759075908,0.6164678013686612,0.675392670157068,0.5308641975308642,0.9280575539568345,0.45323741007194246,-0.8952728391369124,1.409277977536574,0.289602159707495
cleveland,realmlp,pooled,source_oof_platt,mcar_50,2,303.0,0.45874587458745875,0.7083260221091421,0.661734418199622,0.6721239705280992,0.6544102808347292,0.23951705358738604,0.23119807648348795,0.5841584158415841,0.6081768731356378,0.6648936170212766,0.5274261603375527,0.8992805755395683,0.4676258992805755,-0.8353941016166311,1.3940818673133515,0.3330825048020698
cleveland,realmlp,pooled,source_oof_platt,mcar_50,3,303.0,0.45874587458745875,0.7496490612388138,0.7354361413934426,0.6574100456312544,0.63751896834794,0.23348690761726598,0.2242211534459167,0.6006600660066007,0.6261624846464292,0.6824146981627297,0.5371900826446281,0.935251798561151,0.5899280575539568,-1.1593345957029004,1.782549188521315,0.27734391215779386
cleveland,realmlp,pooled,source_oof_platt,mcar_50,4,303.0,0.45874587458745875,0.7459203369012107,0.7205954586142587,0.6576995637306062,0.638214775847569,0.2333455606647022,0.22427332706195094,0.6105610561056105,0.6364055097385506,0.6910994764397905,0.5432098765432098,0.9496402877697842,0.4892086330935252,-1.1265319919371641,1.7706446766919532,0.2874457304987948
cleveland,realmlp,pooled,source_oof_platt,mcar_50,5,303.0,0.45874587458745875,0.6914809615722057,0.6447819134645592,0.6734276187938841,0.6549230501095508,0.2404315784175085,0.23174652703477003,0.5973597359735974,0.622565362344271,0.6789473684210526,0.5352697095435685,0.9280575539568345,0.4028776978417266,-0.8468986443661556,1.3773029100881178,0.3234256588828459
cleveland,realmlp,pooled,source_oof_platt,mcar_50,6,303.0,0.45874587458745875,0.7180426390594841,0.7160356148580066,0.6732583763543519,0.654133551840022,0.24095562242490165,0.23202284361416542,0.5676567656765676,0.5929329706966134,0.6561679790026247,0.5165289256198347,0.8992805755395683,0.4748201438848921,-0.8954824183779901,1.3775981325893398,0.29460256169694016
cleveland,realmlp,pooled,source_oof_platt,mcar_50,7,303.0,0.45874587458745875,0.7050798385681699,0.6903916557913029,0.6867089550695709,0.668148447797112,0.24699796193442336,0.2382843189241063,0.5577557755775577,0.5832382874188454,0.6492146596858639,0.5102880658436214,0.8920863309352518,0.45323741007194246,-0.7924067535427781,1.2293178135435245,0.3317249685156215
cleveland,realmlp,pooled,source_oof_platt,mcar_50,8,303.0,0.45874587458745875,0.7112651342340761,0.6778689928575226,0.6824861127192008,0.6613715839888223,0.2451529563934244,0.2352313081629275,0.5643564356435643,0.5937225829092823,0.6666666666666666,0.5136186770428015,0.9496402877697842,0.45323741007194246,-1.0915422151568648,1.6190034733460914,0.3147367555588383
cleveland,realmlp,pooled,source_oof_platt,mcar_50,9,303.0,0.45874587458745875,0.7311370415862432,0.6906190631849823,0.6597413673265913,0.6412628018588412,0.23417307760547765,0.2255342333096837,0.5973597359735974,0.6209203369012107,0.6737967914438503,0.5361702127659574,0.9064748201438849,0.4676258992805755,-0.9996690367288192,1.6398221248343894,0.29662975145794973
cleveland,realmlp,pooled,source_oof_platt,natural,0,303.0,0.45874587458745875,0.862563607650465,0.850779854143909,0.5186767419223602,0.5225963232252326,0.1685464250006123,0.17024133622905765,0.7788778877887789,0.7754430601859975,0.7527675276752768,0.7727272727272727,0.7338129496402878,0.762589928057554,0.08677638150088907,2.2594472866735766,0.10818440733645301
cleveland,tabicl,pooled,raw,drop_advanced,0,303.0,0.45874587458745875,0.8696262502193367,0.8609045576283827,0.46064683720233884,0.4558718915249338,0.14938968961524765,0.1475585891583568,0.7788778877887789,0.7814748201438849,0.7713310580204779,0.7337662337662337,0.8129496402877698,0.7697841726618705,-0.4102982720367543,1.0517777777236408,0.10253894910273204
cleveland,tabicl,pooled,raw,drop_exercise,0,303.0,0.45874587458745875,0.8194420073697138,0.7744985723637069,0.567217160361415,0.5584733534495305,0.19152408197207135,0.18741874672421693,0.7128712871287128,0.7254342867169679,0.7371601208459214,0.6354166666666666,0.8776978417266187,0.6690647482014388,-0.6450710869068847,1.6793375821573528,0.17803209823064847
cleveland,tabicl,pooled,raw,drop_routine,0,303.0,0.45874587458745875,0.8631777504825409,0.8423916525248111,0.8895146321086466,0.82893662538298,0.31144110043892553,0.2889877667793959,0.49504950495049505,0.5324399017371468,0.6416861826697893,0.4756944444444444,0.9856115107913669,0.7482014388489209,-2.9773776693606275,1.3720831043739146,0.26572115313295075
cleveland,tabicl,pooled,raw,empirical_source,0,303.0,0.45874587458745875,0.8229952623267239,0.7971752742175128,0.5442551199798659,0.5329292059883166,0.18158702545372635,0.17742227817361722,0.7227722772277227,0.7290972100368486,0.7272727272727273,0.6627218934911243,0.8057553956834532,0.697841726618705,-0.5144510823539553,0.8352071984752046,0.1531453359914466
cleveland,tabicl,pooled,raw,empirical_source,1,303.0,0.45874587458745875,0.8254079663098789,0.8002512067057813,0.5527150754622777,0.5425402371295884,0.18161504497781814,0.17762347572675863,0.7227722772277227,0.7285488682224952,0.7254901960784313,0.6646706586826348,0.7985611510791367,0.7122302158273381,-0.5149601689334217,0.7954797182879575,0.16422213426973464
cleveland,tabicl,pooled,raw,empirical_source,2,303.0,0.45874587458745875,0.841726618705036,0.8293414197703249,0.5257804556152037,0.5125721700710149,0.17572386007496937,0.1708441239903017,0.7524752475247525,0.759826285313213,0.7588424437299035,0.686046511627907,0.8489208633093526,0.7050359712230215,-0.660798043018992,0.9230025271724324,0.13840085580164913
cleveland,tabicl,pooled,raw,empirical_source,3,303.0,0.45874587458745875,0.8233900684330584,0.8021686039361855,0.5586491662820952,0.5447506356916278,0.18617234771728072,0.18085065594963404,0.7095709570957096,0.7190954553430426,0.725,0.6408839779005525,0.8345323741007195,0.6906474820143885,-0.6277476009836902,0.835137387685329,0.16867509734671973
cleveland,tabicl,pooled,raw,empirical_source,4,303.0,0.45874587458745875,0.8407615371117739,0.8343447207408768,0.5222489892776303,0.5111204013173546,0.17446656317120568,0.17010286677816044,0.7392739273927392,0.744341112475873,0.7392739273927392,0.6829268292682927,0.8057553956834532,0.7338129496402878,-0.6040433895004085,0.9251520819661561,0.1374128537609773
cleveland,tabicl,pooled,raw,empirical_source,5,303.0,0.45874587458745875,0.8025969468327777,0.7832146043436603,0.5808338093887248,0.5683187814807417,0.19601661749567686,0.1913959695624039,0.7095709570957096,0.7158054044569222,0.7142857142857143,0.650887573964497,0.7913669064748201,0.6618705035971223,-0.5189465369837056,0.7388115089453232,0.17391316643946414
cleveland,tabicl,pooled,raw,empirical_source,6,303.0,0.45874587458745875,0.8438322512721531,0.827027054623525,0.5156995191310585,0.5040942815189957,0.17067505886347778,0.16631226190824022,0.7755775577557755,0.781167748727847,0.7763157894736842,0.7151515151515152,0.8489208633093526,0.7482014388489209,-0.586877936826976,0.9395530008903161,0.13342616962088935
cleveland,tabicl,pooled,raw,empirical_source,7,303.0,0.45874587458745875,0.8235655378136516,0.8148947362372256,0.5774859357057841,0.5599294675586067,0.19436674177886284,0.18768765172424268,0.7161716171617162,0.7268380417617126,0.7345679012345679,0.6432432432432432,0.8561151079136691,0.7338129496402878,-0.7224504000411639,0.8330047254224915,0.1648280822446197
cleveland,tabicl,pooled,raw,empirical_source,8,303.0,0.45874587458745875,0.8203632216178277,0.8083050147403423,0.5733114554568937,0.5581454930491877,0.19129786665900636,0.18537447039611243,0.7260726072607261,0.7359843832251272,0.7414330218068536,0.6538461538461539,0.8561151079136691,0.6546762589928058,-0.6409030399352075,0.791268148675702,0.1686377999792671
cleveland,tabicl,pooled,raw,empirical_source,9,303.0,0.45874587458745875,0.8320319354272679,0.8163634154481785,0.5414208659373332,0.5289406764051408,0.18007893757521257,0.17528150629502148,0.7491749174917491,0.7562291630110546,0.7548387096774194,0.6842105263157895,0.841726618705036,0.7050359712230215,-0.5932964681488083,0.861460529082246,0.15032840656323945
cleveland,tabicl,pooled,raw,mar_age_sex_30,0,303.0,0.45874587458745875,0.837866292331988,0.8102781105830402,0.5674921025233045,0.5473769681201055,0.19272819381357478,0.184745438499411,0.7128712871287128,0.7248859449026145,0.7355623100303952,0.6368421052631579,0.8705035971223022,0.7338129496402878,-1.0182106181545407,1.1803281700586283,0.18090214622979245
cleveland,tabicl,pooled,raw,mar_age_sex_30,1,303.0,0.45874587458745875,0.8327338129496402,0.791188520378681,0.5849788843782008,0.5631710145064643,0.19690147830467686,0.18826598970651204,0.7062706270627063,0.720433409370065,0.7359050445103857,0.6262626262626263,0.8920863309352518,0.7050359712230215,-1.0113562110348842,1.1205457103512242,0.19763346527870618
cleveland,tabicl,pooled,raw,mar_age_sex_30,2,303.0,0.45874587458745875,0.8051412528513774,0.7709024546730503,0.6134525530144422,0.5897242633596332,0.20791300450709319,0.1987989580879525,0.693069306930693,0.7093349710475523,0.7304347826086957,0.6116504854368932,0.9064748201438849,0.6330935251798561,-0.912299534508311,0.937280341667192,0.21126553709585194
cleveland,tabicl,pooled,raw,mar_age_sex_30,3,303.0,0.45874587458745875,0.8501930163186523,0.8133936461192748,0.5596521606576603,0.53849951298239,0.1868733686548722,0.1784687870615275,0.7260726072607261,0.7420161431830146,0.7580174927113703,0.6372549019607843,0.935251798561151,0.7769784172661871,-1.0893425048512655,1.2522485487983295,0.17884293608154495
cleveland,tabicl,pooled,raw,mar_age_sex_30,4,303.0,0.45874587458745875,0.8587910159677137,0.7827276397989217,0.5581769056458261,0.5355957239451925,0.18274753361861915,0.17409690702089925,0.735973597359736,0.7511624846464291,0.7647058823529411,0.6467661691542289,0.935251798561151,0.762589928057554,-1.1192296141332192,1.224025756561603,0.19198385315576963
cleveland,tabicl,pooled,raw,mar_age_sex_30,5,303.0,0.45874587458745875,0.8188717318827864,0.8019570365223916,0.5986358739987572,0.5761021149922279,0.20468719096817847,0.1956804634216734,0.6864686468646864,0.7037857518862958,0.7277936962750716,0.6047619047619047,0.9136690647482014,0.6762589928057554,-0.9694614229051512,1.012872239994641,0.19424476866833373
cleveland,tabicl,pooled,raw,mar_age_sex_30,6,303.0,0.45874587458745875,0.8112826811721354,0.7585669792128443,0.6084030252735247,0.5862650253316846,0.20612375284812207,0.19746676000134106,0.693069306930693,0.7082382874188454,0.7272727272727273,0.6138613861386139,0.8920863309352518,0.697841726618705,-0.9030058337794259,0.9883782728994253,0.21999254765253787
cleveland,tabicl,pooled,raw,mar_age_sex_30,7,303.0,0.45874587458745875,0.8276013335672925,0.7773116265580428,0.5865780750575029,0.5647311917668524,0.1975786069573675,0.18909483172337074,0.7029702970297029,0.7184813125109668,0.7368421052631579,0.6206896551724138,0.9064748201438849,0.7050359712230215,-0.9666715589211724,1.0749674525720792,0.20196969219762734
cleveland,tabicl,pooled,raw,mar_age_sex_30,8,303.0,0.45874587458745875,0.8200122828566415,0.7867039490420055,0.5894347308501799,0.5678422781068422,0.1991002148877802,0.1908258887728739,0.7095709570957096,0.7234821898578698,0.7380952380952381,0.6294416243654822,0.8920863309352518,0.6906474820143885,-0.8982893209484601,0.983599327243728,0.19295044898823324
cleveland,tabicl,pooled,raw,mar_age_sex_30,9,303.0,0.45874587458745875,0.8394016494121775,0.8169748526147921,0.5785894884480371,0.5557224124656939,0.19622170063735173,0.1871612339041421,0.6996699669966997,0.7148841902088086,0.7331378299120235,0.6188118811881188,0.8992805755395683,0.7410071942446043,-1.1037560456703024,1.1508639502118865,0.1849951824603931
cleveland,tabicl,pooled,raw,mcar_10,0,303.0,0.45874587458745875,0.8506755571152834,0.8216899703327813,0.5623749125052596,0.5408072352809028,0.1911635536083379,0.18258263425413535,0.6996699669966997,0.7159808738375153,0.736231884057971,0.616504854368932,0.9136690647482014,0.762589928057554,-1.1338215382961274,1.2521364350817812,0.17520864642091225
cleveland,tabicl,pooled,raw,mcar_10,1,303.0,0.45874587458745875,0.843349710475522,0.8150542865022757,0.5696065916009817,0.5478214141629147,0.1922639558259656,0.18368167616622533,0.7062706270627063,0.7209817511844183,0.7374631268436578,0.625,0.8992805755395683,0.7338129496402878,-1.0886272219023985,1.2015174904695813,0.18133947387071772
cleveland,tabicl,pooled,raw,mcar_10,2,303.0,0.45874587458745875,0.8346639761361644,0.8039344443800065,0.5819251772082,0.5598294458460167,0.1974144014781108,0.18875023919199097,0.7161716171617162,0.7312247762765398,0.7470588235294118,0.6318407960199005,0.9136690647482014,0.7338129496402878,-1.0540839104586646,1.156551932198122,0.19303466051740667
cleveland,tabicl,pooled,raw,mcar_10,3,303.0,0.45874587458745875,0.8507632918055799,0.8439149035703272,0.55088003213197,0.5304608559147359,0.1861889547723408,0.1782428714852689,0.7458745874587459,0.7570187752237234,0.7630769230769231,0.6666666666666666,0.8920863309352518,0.7482014388489209,-1.0618500664763593,1.1820253002507934,0.16071885355550775
cleveland,tabicl,pooled,raw,mcar_10,4,303.0,0.45874587458745875,0.8552816283558519,0.8148514783667851,0.543336201322436,0.5237399228529576,0.18059521067772855,0.17297306186174027,0.735973597359736,0.7489691173890156,0.7590361445783133,0.6528497409326425,0.9064748201438849,0.7194244604316546,-1.0148778114818848,1.226517784636553,0.16754998153677125
cleveland,tabicl,pooled,raw,mcar_10,5,303.0,0.45874587458745875,0.8546674855237761,0.8042166266210693,0.5529945187701016,0.5322653495350812,0.18326610616933856,0.17534292820311176,0.7392739273927392,0.7525662396911739,0.7627627627627628,0.654639175257732,0.9136690647482014,0.7410071942446043,-1.0467924348397264,1.1931912109064442,0.1804668258932295
cleveland,tabicl,pooled,raw,mcar_10,6,303.0,0.45874587458745875,0.8479119143709423,0.8066512335388737,0.5540265203714745,0.5347866138278298,0.1845862445269282,0.17715819082480821,0.7260726072607261,0.7392744341112476,0.7507507507507507,0.6443298969072165,0.8992805755395683,0.7482014388489209,-0.9669852756257901,1.1740932542380496,0.17531494815502913
cleveland,tabicl,pooled,raw,mcar_10,7,303.0,0.45874587458745875,0.8628706790665028,0.8512595630535805,0.540344268436799,0.5197680595695952,0.1825371335430358,0.17423580460810217,0.7458745874587459,0.7592121424811371,0.7687687687687688,0.6597938144329897,0.920863309352518,0.7338129496402878,-1.177195454391672,1.3548730483650346,0.1540587845755592
cleveland,tabicl,pooled,raw,mcar_10,8,303.0,0.45874587458745875,0.8276013335672925,0.776653871643277,0.5892330129806043,0.5674422868643418,0.1991829441962298,0.19073466745839557,0.693069306930693,0.7082382874188454,0.7272727272727273,0.6138613861386139,0.8920863309352518,0.7410071942446043,-0.9807228390090741,1.0794865127505535,0.2065520147851601
cleveland,tabicl,pooled,raw,mcar_10,9,303.0,0.45874587458745875,0.8473855062291631,0.7937631139418457,0.5549539569842187,0.5344775405248495,0.182791844740271,0.17501534176974784,0.7491749174917491,0.7617125811545885,0.7696969696969697,0.6649214659685864,0.9136690647482014,0.762589928057554,-0.9838181329284623,1.1626329825281727,0.1811201673851293
cleveland,tabicl,pooled,raw,mcar_30,0,303.0,0.45874587458745875,0.8060624670994911,0.7634744254498672,0.6619855573559749,0.6322695008952106,0.2286480246207008,0.2167780235790575,0.6435643564356436,0.6646999473591858,0.7032967032967034,0.5688888888888889,0.920863309352518,0.6618705035971223,-1.1598672044571154,1.004294631893308,0.2436353959955499
cleveland,tabicl,pooled,raw,mcar_30,1,303.0,0.45874587458745875,0.8120722933848044,0.7980674419385556,0.6548734490548395,0.6248098361905622,0.2299304718171093,0.21781675351709864,0.6237623762376238,0.6447622389892964,0.6868131868131868,0.5555555555555556,0.8992805755395683,0.6762589928057554,-1.264339496804353,1.0837804958565418,0.22610664615470594
cleveland,tabicl,pooled,raw,mcar_30,2,303.0,0.45874587458745875,0.7904456922267064,0.7188068141868803,0.7059394190103409,0.6689911025415117,0.2418412849691713,0.22738290059980465,0.6468646864686468,0.6710387787331111,0.7146666666666667,0.5677966101694916,0.9640287769784173,0.6187050359712231,-1.319737929848605,1.016877047209666,0.280197425997029
cleveland,tabicl,pooled,raw,mcar_30,3,303.0,0.45874587458745875,0.8103175995788735,0.7987525376393197,0.6627972162009711,0.6325369613955221,0.23447993024085498,0.22208963096043877,0.6006600660066007,0.6239691173890156,0.675603217158177,0.5384615384615384,0.9064748201438849,0.6906474820143885,-1.3107882189108209,1.132172429158602,0.23494812298418227
cleveland,tabicl,pooled,raw,mcar_30,4,303.0,0.45874587458745875,0.7970257939989471,0.7630561011499606,0.6758111747662066,0.6437572755372852,0.23585782775820088,0.22307417315524994,0.636963696369637,0.6591507281979294,0.7010869565217391,0.5633187772925764,0.9280575539568345,0.6474820143884892,-1.2370395514540067,1.0374803811324824,0.2531387543864232
cleveland,tabicl,pooled,raw,mcar_30,5,303.0,0.45874587458745875,0.7901386208106685,0.7501483514363121,0.6850045455339977,0.6528206367395042,0.23818567372971938,0.22530125065662854,0.6336633663366337,0.6566502895244779,0.7008086253369272,0.5603448275862069,0.935251798561151,0.6187050359712231,-1.1977510806210157,1.0083871305978924,0.26260891491650373
cleveland,tabicl,pooled,raw,mcar_30,6,303.0,0.45874587458745875,0.8030356202842605,0.775963099524692,0.6872896775412964,0.6538220643292908,0.2402299759419344,0.22687121687916398,0.636963696369637,0.6602474118266363,0.7043010752688172,0.5622317596566524,0.9424460431654677,0.5971223021582733,-1.302838566961935,1.0343221421602777,0.24882855017335778
cleveland,tabicl,pooled,raw,mcar_30,7,303.0,0.45874587458745875,0.8339620986137919,0.8220965676267499,0.6464568671755377,0.615109051536133,0.22645203151476756,0.2136956384322222,0.6435643564356436,0.6668933146165994,0.7096774193548387,0.5665236051502146,0.9496402877697842,0.6762589928057554,-1.5155582320208942,1.2639665891604916,0.21883173775674722
cleveland,tabicl,pooled,raw,mcar_30,8,303.0,0.45874587458745875,0.7733812949640287,0.7414676310427085,0.6976428613226536,0.666341288384479,0.24409261638701096,0.2316559807004504,0.6171617161716172,0.6397613616423934,0.6864864864864865,0.5497835497835498,0.9136690647482014,0.6330935251798561,-1.0649100164211331,0.9049879414171588,0.27456953943108764
cleveland,tabicl,pooled,raw,mcar_30,9,303.0,0.45874587458745875,0.7702667134585015,0.7535027544412144,0.7254512143243133,0.6904820502085636,0.2553087179607832,0.24136804697057096,0.6105610561056105,0.6358571679241972,0.6894736842105263,0.5435684647302904,0.9424460431654677,0.60431654676259,-1.1601912907599798,0.8965735451128894,0.2756191628048657
cleveland,tabicl,pooled,raw,mcar_50,0,303.0,0.45874587458745875,0.7420161431830146,0.7018941349136357,0.8088482716759589,0.7654912215046596,0.2854424532388473,0.2683798102021482,0.5577557755775577,0.5870766801193192,0.6616161616161617,0.5097276264591439,0.9424460431654677,0.5611510791366906,-1.221008363383201,0.8133292118834327,0.323986581996585
cleveland,tabicl,pooled,raw,mcar_50,1,303.0,0.45874587458745875,0.7078873486576592,0.6663096961293142,0.8455168499498756,0.798807373763577,0.2943366136039798,0.2763809169990685,0.5874587458745875,0.6156123881382699,0.680306905370844,0.5277777777777778,0.9568345323741008,0.4460431654676259,-1.0855285212138286,0.6883041469797254,0.3394157157097008
cleveland,tabicl,pooled,raw,mcar_50,2,303.0,0.45874587458745875,0.7181084400772065,0.6391703927644403,0.8016390575192397,0.7601978053686962,0.2781213620675279,0.26193392073287775,0.5808580858085809,0.6089664853483068,0.6751918158567775,0.5238095238095238,0.9496402877697842,0.4460431654676259,-1.0214304276181227,0.7256008208299538,0.3598939047550335
cleveland,tabicl,pooled,raw,mcar_50,3,303.0,0.45874587458745875,0.7730303562028426,0.7639709622632662,0.7757144761790307,0.7320260611683824,0.27488121149158007,0.2575805639803421,0.5676567656765676,0.597868047025794,0.6716791979949874,0.5153846153846153,0.9640287769784173,0.60431654676259,-1.5386194879777997,1.0155219897297179,0.28203013360434703
cleveland,tabicl,pooled,raw,mcar_50,4,303.0,0.45874587458745875,0.7516669591156344,0.7292377712665492,0.8280996762313855,0.7803448137400453,0.2923233495197139,0.2736506148997643,0.5478547854785478,0.5806720477276716,0.6650366748166259,0.5037037037037037,0.9784172661870504,0.5251798561151079,-1.4784181226699369,0.9177417520272424,0.31452602474275687
cleveland,tabicl,pooled,raw,mcar_50,5,303.0,0.45874587458745875,0.7383751535357079,0.6728843666039451,0.8035707802402292,0.7595659408490762,0.2814344922221478,0.2640144863455003,0.5643564356435643,0.5948192665379891,0.67,0.5134099616858238,0.9640287769784173,0.48201438848920863,-1.2807820958390561,0.8774822802268569,0.34178280274772244
cleveland,tabicl,pooled,raw,mcar_50,6,303.0,0.45874587458745875,0.7224732409194595,0.702361400606864,0.8273891846627024,0.7821737818080836,0.2899662460594241,0.2725062577415348,0.5643564356435643,0.593174241094929,0.6649746192893401,0.5137254901960784,0.9424460431654677,0.4892086330935252,-1.1320087987977032,0.7257298024128744,0.3237300159613975
cleveland,tabicl,pooled,raw,mcar_50,7,303.0,0.45874587458745875,0.7216178276890682,0.698124701412682,0.8382033057367272,0.7943025722081698,0.29432739999070107,0.27738586881543137,0.5478547854785478,0.5762853132128444,0.6513994910941476,0.5039370078740157,0.920863309352518,0.539568345323741,-1.0458711407340398,0.6707761015834725,0.33229305238383217
cleveland,tabicl,pooled,raw,mcar_50,8,303.0,0.45874587458745875,0.7332426741533602,0.6990190156128413,0.8356680289625324,0.7885752299645341,0.29489330583501117,0.27643608572507683,0.5379537953795379,0.5693323390068433,0.6534653465346535,0.4981132075471698,0.9496402877697842,0.49640287769784175,-1.299647075626296,0.8206080939676077,0.3268965502815069
cleveland,tabicl,pooled,raw,mcar_50,9,303.0,0.45874587458745875,0.7373662045972977,0.6935577162858024,0.7939723257712965,0.7509217333891826,0.27549274247392974,0.2587894739237041,0.5874587458745875,0.6156123881382699,0.680306905370844,0.5277777777777778,0.9568345323741008,0.460431654676259,-1.1955191486816974,0.8131493507629086,0.3214248399891452
cleveland,tabicl,pooled,raw,natural,0,303.0,0.45874587458745875,0.8781365151781014,0.8666042580204125,0.48950215318658424,0.4753118290572509,0.160534744009747,0.1550576779954893,0.7920792079207921,0.801346727496052,0.8012618296529969,0.7134831460674157,0.9136690647482014,0.8057553956834532,-0.9178611566884728,1.3636654106742057,0.11983462935064146
cleveland,tabicl,pooled,source_oof_platt,drop_advanced,0,303.0,0.45874587458745875,0.8695385155290402,0.8608536515482953,0.46281664270284917,0.46940296422193706,0.14792736602846623,0.15053478582456092,0.801980198019802,0.797332865414985,0.7744360902255639,0.8110236220472441,0.7410071942446043,0.7697841726618705,0.14942275706476213,1.4149767058752976,0.10092657303486252
cleveland,tabicl,pooled,source_oof_platt,drop_exercise,0,303.0,0.45874587458745875,0.8194858747148622,0.7745656280143854,0.570516793709286,0.5775812025780191,0.1919598895280844,0.19510327847632747,0.7491749174917491,0.7425206176522197,0.7076923076923077,0.7603305785123967,0.6618705035971223,0.6690647482014388,0.2493271485853512,2.2584539532887153,0.15439020752879495
cleveland,tabicl,pooled,source_oof_platt,drop_routine,0,303.0,0.45874587458745875,0.8632654851728374,0.8424615119179744,0.6603032119794928,0.6257452275680495,0.23505522695308556,0.22059323259764843,0.5775577557755776,0.6064660466748553,0.6751269035532995,0.5215686274509804,0.9568345323741008,0.7482014388489209,-2.2477556379308483,1.8458564297181896,0.23883276579862156
cleveland,tabicl,pooled,source_oof_platt,empirical_source,0,303.0,0.45874587458745875,0.8230829970170205,0.7973897366817584,0.5149254893830051,0.5173907033468834,0.17102561070648586,0.17202779321559392,0.7524752475247525,0.7516011580979118,0.7330960854092526,0.7253521126760564,0.7410071942446043,0.697841726618705,-0.07005311116248805,1.1235980976946602,0.13665920980389468
cleveland,tabicl,pooled,source_oof_platt,empirical_source,1,303.0,0.45874587458745875,0.8253640989647306,0.8002257522090435,0.5183671441565212,0.5213609985845284,0.16959127485977435,0.17062153352140907,0.7656765676567657,0.7643446218634848,0.7455197132616488,0.7428571428571429,0.7482014388489209,0.7122302158273381,-0.09167095789649023,1.0701613804598085,0.14996448569012988
cleveland,tabicl,pooled,source_oof_platt,empirical_source,2,303.0,0.45874587458745875,0.8417704860501842,0.8296684308887029,0.4942698967089282,0.49464312220159934,0.16239693465489352,0.16257387537761064,0.759075907590759,0.7582470608878751,0.7402135231316725,0.7323943661971831,0.7482014388489209,0.7050359712230215,-0.16970285769952964,1.2418407027169223,0.11929150263519482
cleveland,tabicl,pooled,source_oof_platt,empirical_source,3,303.0,0.45874587458745875,0.8234778031233551,0.8023662286143749,0.5178295915390748,0.518058967021386,0.17093934654719928,0.17095938507223432,0.7557755775577558,0.7535532549570101,0.7318840579710145,0.7372262773722628,0.7266187050359713,0.6906474820143885,-0.1834940065008644,1.123439594839379,0.145614789980671
cleveland,tabicl,pooled,source_oof_platt,empirical_source,4,303.0,0.45874587458745875,0.8406299350763292,0.8341423288384581,0.49563700646937864,0.4977188541503031,0.1625962875481516,0.16333004188859163,0.768976897689769,0.7668450605369364,0.7463768115942029,0.7518248175182481,0.7410071942446043,0.7338129496402878,-0.11187557954524022,1.2442982604865427,0.12223600444749658
cleveland,tabicl,pooled,source_oof_platt,empirical_source,5,303.0,0.45874587458745875,0.8025530794876293,0.7831541643942765,0.5375293942356735,0.5392400980575243,0.18071616521417275,0.1813712970731943,0.7326732673267327,0.7311151079136691,0.7096774193548387,0.7071428571428572,0.7122302158273381,0.6618705035971223,-0.12591532347095233,0.9938644954023419,0.15538063959515908
cleveland,tabicl,pooled,source_oof_platt,empirical_source,6,303.0,0.45874587458745875,0.8438761186173013,0.8271149346300788,0.49255641788364646,0.4944147874905337,0.16162231846732936,0.16232853443647988,0.7722772277227723,0.7704421828390946,0.7509025270758123,0.7536231884057971,0.7482014388489209,0.7482014388489209,-0.08700909708143965,1.2637873541486588,0.11739296925598564
cleveland,tabicl,pooled,source_oof_platt,empirical_source,7,303.0,0.45874587458745875,0.8235216704685032,0.8148604325543441,0.5249191858141452,0.5224895635408431,0.17503034815437976,0.17387841324629516,0.7524752475247525,0.7565362344270925,0.7491638795986622,0.7,0.8057553956834532,0.7338129496402878,-0.2792875479535341,1.1206818292067302,0.14103140361940525
cleveland,tabicl,pooled,source_oof_platt,empirical_source,8,303.0,0.45874587458745875,0.8203632216178277,0.8082991446552205,0.5239830835464074,0.5232952030968171,0.17401381289118634,0.17344407776646026,0.7458745874587459,0.7471486225653623,0.7335640138408305,0.7066666666666667,0.762589928057554,0.6546762589928058,-0.21991654116238502,1.064371716415635,0.1476622491051213
cleveland,tabicl,pooled,source_oof_platt,empirical_source,9,303.0,0.45874587458745875,0.8320319354272679,0.8163634154481785,0.5079101436007578,0.5091787825674161,0.16749070746626138,0.16786835730571348,0.7623762376237624,0.7618441831900333,0.7446808510638298,0.7342657342657343,0.7553956834532374,0.7050359712230215,-0.13498729261712655,1.158621309470908,0.13346110201219558
cleveland,tabicl,pooled,source_oof_platt,mar_age_sex_30,0,303.0,0.45874587458745875,0.8379101596771362,0.8103295707625348,0.5239247700107456,0.5199367823937376,0.17241203175191405,0.1706734559221747,0.7623762376237624,0.7662309177048605,0.7583892617449665,0.710691823899371,0.8129496402877698,0.7338129496402878,-0.3904058343062897,1.587231760788809,0.1376976907974431
cleveland,tabicl,pooled,source_oof_platt,mar_age_sex_30,1,303.0,0.45874587458745875,0.8327338129496402,0.7911267409894204,0.5342335984103881,0.5291332727719416,0.17628423436915544,0.17405341932327978,0.7755775577557755,0.7806194069134935,0.7748344370860927,0.7177914110429447,0.841726618705036,0.7050359712230215,-0.41532624824207587,1.5065484059825174,0.15783989578331162
cleveland,tabicl,pooled,source_oof_platt,mar_age_sex_30,2,303.0,0.45874587458745875,0.805097385506229,0.7708666712245604,0.5500855398833913,0.5437441048961937,0.18493359764165745,0.18225219645844098,0.7458745874587459,0.7487936480084225,0.7389830508474576,0.6987179487179487,0.7841726618705036,0.6330935251798561,-0.4136268700446698,1.2603533604953698,0.16737531260550978
cleveland,tabicl,pooled,source_oof_platt,mar_age_sex_30,3,303.0,0.45874587458745875,0.8500614142832076,0.8133069904863522,0.5169844721611265,0.5121220696997699,0.1688846836772734,0.16677773183402983,0.7788778877887789,0.7842165292156519,0.7788778877887789,0.7195121951219512,0.8489208633093526,0.7769784172661871,-0.4233171006665989,1.6837963411266732,0.13434157210910874
cleveland,tabicl,pooled,source_oof_platt,mar_age_sex_30,4,303.0,0.45874587458745875,0.8587471486225654,0.7826661491625,0.5123545382606247,0.5062106286316297,0.16531033267707668,0.16272786329762634,0.7953795379537953,0.7989120898403228,0.7905405405405406,0.7452229299363057,0.841726618705036,0.762589928057554,-0.46818689657129997,1.646066026641327,0.14702143038205404
cleveland,tabicl,pooled,source_oof_platt,mar_age_sex_30,5,303.0,0.45874587458745875,0.818652395157045,0.8016689591169719,0.5396878578334647,0.5340894435076167,0.18059335608747165,0.17803820179747723,0.735973597359736,0.742389015616775,0.7402597402597403,0.6745562130177515,0.8201438848920863,0.6690647482014388,-0.4306168503093642,1.3618808832102647,0.15263532963222168
cleveland,tabicl,pooled,source_oof_platt,mar_age_sex_30,6,303.0,0.45874587458745875,0.8111510791366906,0.758491881978244,0.5516168582412074,0.5466076990059295,0.18403197062269913,0.18185584888123654,0.7194719471947195,0.7244034041059835,0.7194719471947195,0.6646341463414634,0.7841726618705036,0.697841726618705,-0.3773592236779171,1.329102772234836,0.17612856894938922
cleveland,tabicl,pooled,source_oof_platt,mar_age_sex_30,7,303.0,0.45874587458745875,0.8275574662221442,0.7771363046307108,0.535333735756044,0.5301932345958901,0.17704572127388354,0.17491927641964988,0.7524752475247525,0.7565362344270925,0.7491638795986622,0.7,0.8057553956834532,0.7050359712230215,-0.39483009026831933,1.4453325631381888,0.15955579265606012
cleveland,tabicl,pooled,source_oof_platt,mar_age_sex_30,8,303.0,0.45874587458745875,0.8199684155114932,0.7864446975061875,0.5357700754585726,0.5307722657477374,0.17861834544236802,0.17653290923295056,0.7392739273927392,0.7426960870328128,0.734006734006734,0.689873417721519,0.7841726618705036,0.6906474820143885,-0.37516537109126386,1.322492177281372,0.15202890971537864
cleveland,tabicl,pooled,source_oof_platt,mar_age_sex_30,9,303.0,0.45874587458745875,0.839313914721881,0.8168270672670854,0.5246001759873034,0.5183806569929159,0.17326342320038218,0.17054959484656793,0.7458745874587459,0.752083698894543,0.749185667752443,0.6845238095238095,0.8273381294964028,0.7410071942446043,-0.4916610230568489,1.547265170900384,0.14031098209526816
cleveland,tabicl,pooled,source_oof_platt,mcar_10,0,303.0,0.45874587458745875,0.8507194244604316,0.8217921148635694,0.5159689299033163,0.5106231212252084,0.16933683430124874,0.16707914805027263,0.759075907590759,0.763730479031409,0.7574750830564784,0.7037037037037037,0.8201438848920863,0.762589928057554,-0.46798208094533794,1.6836934658210987,0.13059504303714176
cleveland,tabicl,pooled,source_oof_platt,mcar_10,1,303.0,0.45874587458745875,0.843218108440077,0.8147201339203445,0.5219196686084242,0.516552742651376,0.17151206177514444,0.16922079255623532,0.7854785478547854,0.7892174065625548,0.7811447811447811,0.7341772151898734,0.8345323741007195,0.7338129496402878,-0.4496659057762915,1.6157659625173297,0.13651153174307595
cleveland,tabicl,pooled,source_oof_platt,mcar_10,2,303.0,0.45874587458745875,0.8345762414458678,0.8037248866654406,0.531301783091745,0.5258346071334932,0.17560777949023812,0.1733391824772584,0.7458745874587459,0.7504386734514827,0.7441860465116279,0.691358024691358,0.8057553956834532,0.7338129496402878,-0.4390089692569013,1.5550295890259027,0.14715887290546906
cleveland,tabicl,pooled,source_oof_platt,mcar_10,3,303.0,0.45874587458745875,0.8507194244604317,0.8438392020268064,0.5070002473754546,0.5021875502612432,0.16622349547804235,0.16423615245492817,0.7623762376237624,0.7651342340761538,0.7551020408163265,0.7161290322580646,0.7985611510791367,0.7482014388489209,-0.43309102512741343,1.5893462345627978,0.11817224732446466
cleveland,tabicl,pooled,source_oof_platt,mcar_10,4,303.0,0.45874587458745875,0.8551938936655553,0.8147001580783414,0.506773522904369,0.5028383844648461,0.16479708724626474,0.1632003427004689,0.7821782178217822,0.7845236006316898,0.773972602739726,0.738562091503268,0.8129496402877698,0.7194244604316546,-0.36248850829842455,1.6493014902113572,0.12665340405408615
cleveland,tabicl,pooled,source_oof_platt,mcar_10,5,303.0,0.45874587458745875,0.8544920161431829,0.803934141911725,0.5103010836015378,0.5053590468274344,0.16538134660016393,0.16341382270974283,0.768976897689769,0.7723284786804703,0.7635135135135135,0.7197452229299363,0.8129496402877698,0.7410071942446043,-0.412260801174251,1.6045643473939442,0.14164013965960048
cleveland,tabicl,pooled,source_oof_platt,mcar_10,6,303.0,0.45874587458745875,0.8478241796806457,0.8066066209998684,0.5155525703221232,0.511998669389028,0.1678950456856641,0.16647088472264557,0.7788778877887789,0.7803781365151781,0.7681660899653979,0.74,0.7985611510791367,0.7482014388489209,-0.3425864664004847,1.578849532705699,0.13851754524801366
cleveland,tabicl,pooled,source_oof_platt,mcar_10,7,303.0,0.45874587458745875,0.8627829443762063,0.8511847049671586,0.502167835304228,0.49747782754958414,0.163910826720045,0.16185461284798502,0.768976897689769,0.7739735041235305,0.7682119205298014,0.7116564417177914,0.8345323741007195,0.7338129496402878,-0.45664491899464804,1.821900766472478,0.10589210144997292
cleveland,tabicl,pooled,source_oof_platt,mcar_10,8,303.0,0.45874587458745875,0.8275574662221442,0.7765885902844882,0.5367529277326397,0.5316105154963139,0.17727240161811242,0.17514451699448755,0.759075907590759,0.7626337954027023,0.7542087542087542,0.7088607594936709,0.8057553956834532,0.7410071942446043,-0.40665187534888114,1.452102349464311,0.16203956784196955
cleveland,tabicl,pooled,source_oof_platt,mcar_10,9,303.0,0.45874587458745875,0.8474293735743113,0.7938141486289703,0.5145948558314026,0.5101254016164862,0.16737133999672546,0.1655697572357024,0.7788778877887789,0.7803781365151781,0.7681660899653979,0.74,0.7985611510791367,0.762589928057554,-0.3655696875510265,1.5634689392514034,0.14168396704354455
cleveland,tabicl,pooled,source_oof_platt,mcar_30,0,303.0,0.45874587458745875,0.806062467099491,0.7640353984992265,0.5736015830784187,0.5630610160972257,0.19430956701823596,0.1895508035658385,0.7128712871287128,0.7237892612739076,0.7323076923076923,0.6397849462365591,0.8561151079136691,0.6618705035971223,-0.6258233613417906,1.3504774001997026,0.19758479282727573
cleveland,tabicl,pooled,source_oof_platt,mcar_30,1,303.0,0.45874587458745875,0.8118968240042113,0.7979289086236611,0.5673970933881755,0.5564962748553856,0.19338900093421008,0.18852745717478867,0.6831683168316832,0.6958018950693104,0.7108433734939759,0.6113989637305699,0.8489208633093526,0.6762589928057554,-0.6877096519481882,1.4570748198738979,0.17606404922069357
cleveland,tabicl,pooled,source_oof_platt,mcar_30,2,303.0,0.45874587458745875,0.7903140901912616,0.7182666376254738,0.5953211191737373,0.579769476727114,0.20341204203041413,0.19660335300067439,0.6633663366336634,0.6813476048429549,0.7102272727272727,0.5868544600938967,0.8992805755395683,0.6187050359712231,-0.7789882679346745,1.36764788617576,0.22465617713928698
cleveland,tabicl,pooled,source_oof_platt,mcar_30,3,303.0,0.45874587458745875,0.8103175995788736,0.7989646730996435,0.5741543825084718,0.5632765912555913,0.19609873665372277,0.1912139559601247,0.6897689768976898,0.7024477978592736,0.7168674698795181,0.616580310880829,0.8561151079136691,0.6906474820143885,-0.7083635043906978,1.5219790504960624,0.18431319490087889
cleveland,tabicl,pooled,source_oof_platt,mcar_30,4,303.0,0.45874587458745875,0.7970696613440954,0.7629096293273988,0.58147524940485,0.5693610533887372,0.1988407850884352,0.19354849333895047,0.6831683168316832,0.6952535532549571,0.7090909090909091,0.612565445026178,0.841726618705036,0.6474820143884892,-0.6853843764372101,1.395110332478728,0.19742145764238234
cleveland,tabicl,pooled,source_oof_platt,mcar_30,5,303.0,0.45874587458745875,0.7900508861203719,0.7499966939594341,0.5890739506843873,0.5770730161027309,0.2015520713013012,0.196224941577804,0.6996699669966997,0.7137875065801018,0.7299703264094956,0.6212121212121212,0.8848920863309353,0.6187050359712231,-0.6613731282682219,1.3559577044735545,0.2108269106385427
cleveland,tabicl,pooled,source_oof_platt,mcar_30,6,303.0,0.45874587458745875,0.8029917529391121,0.7761260537844041,0.5844718907453429,0.5712112881738749,0.20021387331417143,0.19430043070794356,0.6798679867986799,0.694946481838919,0.7155425219941349,0.6039603960396039,0.8776978417266187,0.5971223021582733,-0.7526024578632232,1.3906945929958312,0.20246533053133983
cleveland,tabicl,pooled,source_oof_platt,mcar_30,7,303.0,0.45874587458745875,0.8337427618880506,0.82193548119358,0.5580641206014075,0.5459474934642818,0.1887184297412123,0.1832855973946902,0.7194719471947195,0.7304351640638709,0.7384615384615385,0.6451612903225806,0.8633093525179856,0.6762589928057554,-0.8432693859345538,1.6990963959630756,0.16674844936781558
cleveland,tabicl,pooled,source_oof_platt,mcar_30,8,303.0,0.45874587458745875,0.7732935602737322,0.7413534679150938,0.6007300082891859,0.5895446796064594,0.20691019719816514,0.20204982194019103,0.6633663366336634,0.6747675030707142,0.6890243902439024,0.5978835978835979,0.8129496402877698,0.6330935251798561,-0.5834331689861405,1.2167604278407012,0.22437311190563675
cleveland,tabicl,pooled,source_oof_platt,mcar_30,9,303.0,0.45874587458745875,0.7703105808036497,0.7536191966910069,0.6115654997169655,0.5976861710843573,0.2124681465768545,0.2063005636880655,0.6567656765676567,0.6714116511668714,0.6941176470588235,0.5870646766169154,0.8489208633093526,0.60431654676259,-0.6833137229739947,1.2053399116797616,0.22852354654136375
cleveland,tabicl,pooled,source_oof_platt,mcar_50,0,303.0,0.45874587458745875,0.7419284084927181,0.7017480476910567,0.6572140357514885,0.6377246648459282,0.23213957003566357,0.2234796583422386,0.6105610561056105,0.6309220915950167,0.6740331491712708,0.547085201793722,0.8776978417266187,0.5611510791366906,-0.7881858327826757,1.0934003040686986,0.2854895574465037
cleveland,tabicl,pooled,source_oof_platt,mcar_50,1,303.0,0.45874587458745875,0.7075802772416214,0.6661332426584307,0.6792061693987592,0.6576493724792475,0.2416889752675888,0.23216781907717765,0.5841584158415841,0.6065318476925776,0.6594594594594595,0.5281385281385281,0.8776978417266187,0.4460431654676259,-0.7193297277132907,0.9255136808001885,0.2968606783720829
cleveland,tabicl,pooled,source_oof_platt,mcar_50,2,303.0,0.45874587458745875,0.7181084400772065,0.6425843696707043,0.6620276380017999,0.6443965224536403,0.23231410598339206,0.22455674900110262,0.6237623762376238,0.6431172135462362,0.6815642458100558,0.5570776255707762,0.8776978417266187,0.4460431654676259,-0.6352678407821379,0.9752741034939431,0.3142743633732764
cleveland,tabicl,pooled,source_oof_platt,mcar_50,3,303.0,0.45874587458745875,0.7728548868222496,0.7635745559809526,0.6294228154066044,0.6091297346101502,0.22180047630196492,0.2128120111622184,0.6270627062706271,0.6461659940340411,0.6834733893557423,0.5596330275229358,0.8776978417266187,0.60431654676259,-0.9985081656563253,1.3657054387990073,0.23736607012342942
cleveland,tabicl,pooled,source_oof_platt,mcar_50,4,303.0,0.45874587458745875,0.751623091770486,0.7289507006060503,0.6610140734140821,0.6381091565198493,0.23458132747848917,0.22447052354285219,0.5907590759075908,0.614822775925601,0.6702127659574468,0.5316455696202531,0.9064748201438849,0.5251798561151079,-0.9902948416221758,1.2341808783604906,0.2762881138780795
cleveland,tabicl,pooled,source_oof_platt,mcar_50,5,303.0,0.45874587458745875,0.7384190208808563,0.6730154711038387,0.6561217399105899,0.6363937183009021,0.23058737035471008,0.22177783266803863,0.6336633663366337,0.6566502895244779,0.7008086253369272,0.5603448275862069,0.935251798561151,0.48201438848920863,-0.8140861840731641,1.1800004769176715,0.2984027035392216
cleveland,tabicl,pooled,source_oof_platt,mcar_50,6,303.0,0.45874587458745875,0.7224732409194595,0.7023684205398565,0.6680216209733129,0.6472960861592285,0.23760284630168393,0.22857661233452523,0.594059405940594,0.6145815055272854,0.6611570247933884,0.5357142857142857,0.8633093525179856,0.4892086330935252,-0.7459073929638192,0.9757040418351518,0.283033801432743
cleveland,tabicl,pooled,source_oof_platt,mcar_50,7,303.0,0.45874587458745875,0.72157396034392,0.6980371045411677,0.6770819415444711,0.6573415194904888,0.24040432853665555,0.23175370341357993,0.5973597359735974,0.6165336023863837,0.659217877094972,0.5388127853881278,0.8489208633093526,0.539568345323741,-0.6888036348268581,0.9016327637497288,0.30024485959594893
cleveland,tabicl,pooled,source_oof_platt,mcar_50,8,303.0,0.45874587458745875,0.7331110721179154,0.6988202069639636,0.6697781716107357,0.647688339661052,0.23813273783101577,0.2283466443306541,0.6171617161716172,0.6414063870854536,0.6914893617021277,0.5485232067510548,0.935251798561151,0.49640287769784175,-0.8631237970606402,1.1033846787976793,0.29397883673310277
cleveland,tabicl,pooled,source_oof_platt,mcar_50,9,303.0,0.45874587458745875,0.7372346025618529,0.6936663808804382,0.6488582460632126,0.6295651676302145,0.22780481749623116,0.21930324070974622,0.6501650165016502,0.668604141077382,0.7005649717514124,0.5767441860465117,0.8920863309352518,0.460431654676259,-0.7628142167873385,1.0933284004511328,0.2755006605233659
cleveland,tabicl,pooled,source_oof_platt,natural,0,303.0,0.45874587458745875,0.8780487804878049,0.8663775238233546,0.4752811514840218,0.474845042250273,0.1511990320000293,0.15109775992147295,0.8118811881188119,0.8103175995788734,0.7942238267148014,0.7971014492753623,0.7913669064748201,0.8057553956834532,-0.19272603197284366,1.8337109027325775,0.09164233648841041
cleveland,tabm,pooled,raw,drop_advanced,0,303.0,0.45874587458745875,0.8719950868573433,0.8707714407393813,0.45847278891756865,0.4565239022376783,0.14843166179172487,0.14732835671512734,0.7656765676567657,0.7681830145639585,0.757679180887372,0.7207792207792207,0.7985611510791367,0.7769784172661871,-0.3053196069839922,0.882381253424465,0.09966073067031402
cleveland,tabm,pooled,raw,drop_exercise,0,303.0,0.45874587458745875,0.8000526408141778,0.7530650823397349,0.59509131347454,0.6238576446969364,0.20491997372987628,0.2165195025487059,0.6963696369636964,0.6745481663449728,0.5533980582524272,0.8507462686567164,0.41007194244604317,0.6115107913669064,0.856869995255381,1.0907646956079957,0.19500426630887174
cleveland,tabm,pooled,raw,drop_routine,0,303.0,0.45874587458745875,0.8656781891559924,0.8465169119153976,0.9932568705954448,0.9229638030490109,0.32493022607330396,0.3013024778578995,0.5247524752475248,0.5598789261273908,0.6555023923444976,0.4910394265232975,0.9856115107913669,0.7769784172661871,-2.6028029813167786,0.9473230321132071,0.25877087426812306
cleveland,tabm,pooled,raw,empirical_source,0,303.0,0.45874587458745875,0.8246622214423583,0.800019386705648,0.5400272245805813,0.5374131231163441,0.1747186123917065,0.17381212491185727,0.759075907590759,0.7604404281452887,0.7474048442906575,0.72,0.7769784172661871,0.7266187050359713,-0.2465096275343946,0.6786816115917813,0.1421955559838201
cleveland,tabm,pooled,raw,empirical_source,1,303.0,0.45874587458745875,0.8313739252500438,0.8236337118756851,0.5350113339806832,0.5332045133702952,0.17425428923386527,0.1731089063037552,0.7293729372937293,0.7308080364976312,0.7172413793103448,0.6887417218543046,0.7482014388489209,0.6906474820143885,-0.27511175919705694,0.6834361598250887,0.13969695468962845
cleveland,tabm,pooled,raw,empirical_source,2,303.0,0.45874587458745875,0.8380856290577294,0.8152305245489498,0.5248720267199852,0.5186011746977601,0.17007911515536508,0.1680217489789894,0.7557755775577558,0.7579399894718372,0.7465753424657534,0.7124183006535948,0.7841726618705036,0.7266187050359713,-0.36013819885576137,0.7101607658733671,0.1313128249498526
cleveland,tabm,pooled,raw,empirical_source,3,303.0,0.45874587458745875,0.8363309352517985,0.8038700555071526,0.5289491587124777,0.5236977782008696,0.1710310504624663,0.16917423668986106,0.7326732673267327,0.733856816985436,0.7197231833910035,0.6933333333333334,0.7482014388489209,0.6834532374100719,-0.33953555734781293,0.707825135160249,0.1449185326317043
cleveland,tabm,pooled,raw,empirical_source,4,303.0,0.45874587458745875,0.8550622916301105,0.8595791149827235,0.4839754833216031,0.48167261817489593,0.15961066785824307,0.15816772596110756,0.7524752475247525,0.7543428671696789,0.7422680412371134,0.7105263157894737,0.7769784172661871,0.7338129496402878,-0.32608001590706387,0.8241765017456019,0.11032690452888363
cleveland,tabm,pooled,raw,empirical_source,5,303.0,0.45874587458745875,0.8044832426741534,0.7834377668684365,0.5783732967883626,0.5748468490769622,0.18937415248228112,0.1880847369362399,0.7260726072607261,0.726114230566766,0.7087719298245614,0.6917808219178082,0.7266187050359713,0.6402877697841727,-0.2522241373599581,0.6004986125570646,0.15742318664801308
cleveland,tabm,pooled,raw,empirical_source,6,303.0,0.45874587458745875,0.8417704860501842,0.8238917171323713,0.5050189803029939,0.50215416394416,0.16561325212904943,0.16447614839433977,0.7623762376237624,0.7634892086330936,0.75,0.7248322147651006,0.7769784172661871,0.7338129496402878,-0.2618713814351798,0.758444919597533,0.12125173381815825
cleveland,tabm,pooled,raw,empirical_source,7,303.0,0.45874587458745875,0.814748201438849,0.7974051239500356,0.5747641952590997,0.5658389714716938,0.18756994688460302,0.18412329426028534,0.735973597359736,0.7412923319880681,0.7368421052631579,0.6787878787878788,0.8057553956834532,0.6546762589928058,-0.41289586939940986,0.6374394148970494,0.15651941639164307
cleveland,tabm,pooled,raw,empirical_source,8,303.0,0.45874587458745875,0.8276452009124409,0.8199981159163925,0.546119607213626,0.5400704177097109,0.17991897251306674,0.17721490764163642,0.7326732673267327,0.736598526057203,0.7290969899665551,0.68125,0.7841726618705036,0.6906474820143885,-0.37142716205643517,0.6811906807089099,0.141235068960413
cleveland,tabm,pooled,raw,empirical_source,9,303.0,0.45874587458745875,0.8375592209159503,0.8231728129641149,0.5166083607902127,0.5141518042645739,0.1674567654504032,0.16625224883764989,0.759075907590759,0.7615371117739954,0.7508532423208191,0.7142857142857143,0.7913669064748201,0.7050359712230215,-0.27978095553268717,0.734893186819102,0.13080480739210829
cleveland,tabm,pooled,raw,mar_age_sex_30,0,303.0,0.45874587458745875,0.831242323214599,0.8071540081871449,0.5254120152949415,0.5170719086145193,0.17412442444632295,0.1712951033663333,0.7293729372937293,0.734646429198105,0.7302631578947368,0.6727272727272727,0.7985611510791367,0.7266187050359713,-0.43200127659675214,0.8014074737549398,0.13766019358936865
cleveland,tabm,pooled,raw,mar_age_sex_30,1,303.0,0.45874587458745875,0.8206264256887172,0.792512534052795,0.5611885769275313,0.5496687304882089,0.18430403417196106,0.17995149905294774,0.7458745874587459,0.7531803825232497,0.752411575562701,0.6802325581395349,0.841726618705036,0.6618705035971223,-0.4892109273397662,0.7276535446694198,0.16001232526114317
cleveland,tabm,pooled,raw,mar_age_sex_30,2,303.0,0.45874587458745875,0.8043955079838567,0.7578222939889594,0.5974574953846848,0.5799220395743957,0.19404145581462112,0.1884398462089577,0.7062706270627063,0.7127566239691174,0.7119741100323624,0.6470588235294118,0.7913669064748201,0.6402877697841727,-0.5205895781393357,0.6398009383569946,0.17584244509316063
cleveland,tabm,pooled,raw,mar_age_sex_30,3,303.0,0.45874587458745875,0.8268555886997719,0.7885476374726921,0.5536592048698151,0.5396429874824951,0.1810378720501508,0.17589639010720526,0.7458745874587459,0.7542770661519564,0.7555555555555555,0.6761363636363636,0.8561151079136691,0.7050359712230215,-0.5373378835827898,0.7552376401797783,0.1542525397122046
cleveland,tabm,pooled,raw,mar_age_sex_30,4,303.0,0.45874587458745875,0.8493156694156869,0.781548565957355,0.5324537848082013,0.5178436636205641,0.1678625886264934,0.16308953628479306,0.7557755775577558,0.7645200912440779,0.7658227848101266,0.6836158192090396,0.8705035971223022,0.7266187050359713,-0.5663636951213036,0.7958293735877029,0.15781864493807235
cleveland,tabm,pooled,raw,mar_age_sex_30,5,303.0,0.45874587458745875,0.8256273030356203,0.8122182351239664,0.5651313485656775,0.5537523348086857,0.1867205215539485,0.18206175019621196,0.7161716171617162,0.7246446745042989,0.7278481012658228,0.6497175141242938,0.8273381294964028,0.7122302158273381,-0.5152421707759516,0.7009369632982623,0.15430336547820603
cleveland,tabm,pooled,raw,mar_age_sex_30,6,303.0,0.45874587458745875,0.8025530794876294,0.7657029254955515,0.6016515451029846,0.5882355264533775,0.1989340016542499,0.19403852219361947,0.7062706270627063,0.7133049657834708,0.7138263665594855,0.6453488372093024,0.7985611510791367,0.6834532374100719,-0.4736918529556601,0.6442491312524049,0.17815626182498395
cleveland,tabm,pooled,raw,mar_age_sex_30,7,303.0,0.45874587458745875,0.8208457624144586,0.7570354517526315,0.5830277402495827,0.5682325541310964,0.18262071453343545,0.17794917157143958,0.7491749174917491,0.7556808211967012,0.7532467532467533,0.6863905325443787,0.8345323741007195,0.7122302158273381,-0.5031585787842842,0.6759677303217613,0.18441633311486672
cleveland,tabm,pooled,raw,mar_age_sex_30,8,303.0,0.45874587458745875,0.8214160379013862,0.7718548650647392,0.5680649315949796,0.5561527800888877,0.18277706647561187,0.17879225749679706,0.7326732673267327,0.7387918933146167,0.7361563517915309,0.6726190476190477,0.8129496402877698,0.6690647482014388,-0.44911273813515,0.6836418155804652,0.1674574993911132
cleveland,tabm,pooled,raw,mar_age_sex_30,9,303.0,0.45874587458745875,0.8239164765748377,0.803777558896314,0.559820095735446,0.545824102379719,0.18716022196782053,0.1820912338394879,0.7062706270627063,0.7144016494121777,0.7174603174603175,0.6420454545454546,0.8129496402877698,0.7050359712230215,-0.5780486349406454,0.7419079260398305,0.15395123320594306
cleveland,tabm,pooled,raw,mcar_10,0,303.0,0.45874587458745875,0.84238462888226,0.8134205243612675,0.5115061990020705,0.5055097488587688,0.16723744140370222,0.16510394179965543,0.7524752475247525,0.7570845762414459,0.7508305647840532,0.6975308641975309,0.8129496402877698,0.7697841726618705,-0.38382736440917936,0.8705649088718573,0.1346137622514867
cleveland,tabm,pooled,raw,mcar_10,1,303.0,0.45874587458745875,0.8432619757852255,0.810870999583201,0.5135761060011276,0.5060385805299791,0.16534241180446402,0.16251488132671787,0.7788778877887789,0.783119845586945,0.7759197324414716,0.725,0.8345323741007195,0.7697841726618705,-0.4152517214439662,0.8804840639152492,0.13882975811001871
cleveland,tabm,pooled,raw,mcar_10,2,303.0,0.45874587458745875,0.8389191086155465,0.8162759076612566,0.5093253171599733,0.5027092548846717,0.16860119010777486,0.1661119546220469,0.7425742574257426,0.7473898929636777,0.7417218543046358,0.6871165644171779,0.8057553956834532,0.7410071942446043,-0.3995320788293961,0.8856455287303027,0.13066984235260162
cleveland,tabm,pooled,raw,mcar_10,3,303.0,0.45874587458745875,0.8441831900333391,0.8244542476976059,0.501589519416473,0.4962570915770683,0.1645585554732319,0.1626515844788584,0.7722772277227723,0.7753772591682752,0.7661016949152543,0.7243589743589743,0.8129496402877698,0.762589928057554,-0.3645997526442776,0.8722441211198053,0.1259351657095169
cleveland,tabm,pooled,raw,mcar_10,4,303.0,0.45874587458745875,0.8463326899456045,0.8157421621186828,0.49871562062039393,0.4929429957409948,0.16303385313102117,0.16094153126925007,0.7557755775577558,0.7606816985436041,0.7549668874172185,0.6993865030674846,0.8201438848920863,0.7482014388489209,-0.3405910307513696,0.8633218433736016,0.12490490412402466
cleveland,tabm,pooled,raw,mcar_10,5,303.0,0.45874587458745875,0.8482189857869802,0.8079880659264309,0.5002989801081141,0.49497551708751253,0.16111041467124196,0.15925963109561397,0.7491749174917491,0.7529391121249343,0.7449664429530202,0.6981132075471698,0.7985611510791367,0.762589928057554,-0.3428052920461752,0.8853649738916938,0.13240580663032714
cleveland,tabm,pooled,raw,mcar_10,6,303.0,0.45874587458745875,0.8333040884365678,0.7871481226522655,0.5279960866305861,0.5229424104516502,0.16818041607881748,0.16632422893522425,0.7722772277227723,0.7759256009826285,0.7676767676767676,0.7215189873417721,0.8201438848920863,0.7913669064748201,-0.3179011549232079,0.8005444238181424,0.15324297378308663
cleveland,tabm,pooled,raw,mcar_10,7,303.0,0.45874587458745875,0.8503246183540972,0.8305375212844006,0.49067526305067605,0.4848106577155586,0.16191221238200634,0.15950936138821914,0.7623762376237624,0.7673276013335673,0.7615894039735099,0.7055214723926381,0.8273381294964028,0.7122302158273381,-0.3885285215766886,0.9481429917100707,0.11984140795780944
cleveland,tabm,pooled,raw,mcar_10,8,303.0,0.45874587458745875,0.8182575890507106,0.776862441902141,0.5527769991057152,0.545529748243246,0.17782814863933807,0.1755063268051228,0.7326732673267327,0.7371468678715565,0.7308970099667774,0.6790123456790124,0.7913669064748201,0.762589928057554,-0.3672160354190244,0.753738868925152,0.1673737677576212
cleveland,tabm,pooled,raw,mcar_10,9,303.0,0.45874587458745875,0.8374276188805053,0.7865491050167728,0.5140235192227596,0.5084056011251192,0.16598871934098453,0.16404135767820477,0.7458745874587459,0.7487936480084225,0.7389830508474576,0.6987179487179487,0.7841726618705036,0.7482014388489209,-0.3187122960910616,0.8324735314789358,0.14686791802977386
cleveland,tabm,pooled,raw,mcar_30,0,303.0,0.45874587458745875,0.7935602737322338,0.7600098254083837,0.6333367273343131,0.6142861833984588,0.21379921990356487,0.20636622061364068,0.6600660066006601,0.6744604316546763,0.696165191740413,0.59,0.8489208633093526,0.6834532374100719,-0.6384349950129077,0.6964595473371947,0.20620940451399106
cleveland,tabm,pooled,raw,mcar_30,1,303.0,0.45874587458745875,0.7987366204597298,0.7871524434533607,0.6167298264958965,0.5965739991530352,0.21013030289022877,0.20243581651701764,0.6798679867986799,0.6922047727671521,0.7069486404833837,0.609375,0.841726618705036,0.6187050359712231,-0.7034470465097815,0.7221174848369969,0.18637148449989055
cleveland,tabm,pooled,raw,mcar_30,2,303.0,0.45874587458745875,0.7895244779785928,0.7424051144157713,0.6701141635790971,0.6401202494583832,0.2242891230005903,0.21333591461485907,0.6633663366336634,0.6813476048429549,0.7102272727272727,0.5868544600938967,0.8992805755395683,0.5539568345323741,-0.8510342176913445,0.7041242027674428,0.2195966188039542
cleveland,tabm,pooled,raw,mcar_30,3,303.0,0.45874587458745875,0.7915862432005614,0.7673872810514935,0.644799472516884,0.6231945157145349,0.21844715714784582,0.21024983137208622,0.6633663366336634,0.6780575539568345,0.7,0.5920398009950248,0.8561151079136691,0.6762589928057554,-0.7308716204972033,0.7154140847122515,0.21582399613550796
cleveland,tabm,pooled,raw,mcar_30,4,303.0,0.45874587458745875,0.7907527636427444,0.7583872625241392,0.6489125265404021,0.6248186774280619,0.22029774188224407,0.21161274395619334,0.6468646864686468,0.6606202842603965,0.6824925816023739,0.5808080808080808,0.8273381294964028,0.6834532374100719,-0.751823910703295,0.697677524647955,0.21190873895877457
cleveland,tabm,pooled,raw,mcar_30,5,303.0,0.45874587458745875,0.7546938059308651,0.7265623757477035,0.6767245423530164,0.6558750186150516,0.22866357290892197,0.22088059084406614,0.6468646864686468,0.6600719424460432,0.6805970149253732,0.5816326530612245,0.8201438848920863,0.5899280575539568,-0.5948284372988049,0.5986164533187937,0.2395634108388276
cleveland,tabm,pooled,raw,mcar_30,6,303.0,0.45874587458745875,0.7829005088612037,0.7558292909358866,0.6661294312397008,0.6402934280123812,0.22688139964840975,0.21733991452900475,0.6468646864686468,0.6633619933321635,0.69164265129683,0.5769230769230769,0.8633093525179856,0.6115107913669064,-0.7683585105495311,0.6785102380217295,0.21768937685280443
cleveland,tabm,pooled,raw,mcar_30,7,303.0,0.45874587458745875,0.813476048429549,0.7971498213343302,0.611524778913802,0.5879091613610046,0.2050770048880996,0.19625599922914652,0.7062706270627063,0.7209817511844183,0.7374631268436578,0.625,0.8992805755395683,0.6474820143884892,-0.8392491064564764,0.7915913891198271,0.18584662793435622
cleveland,tabm,pooled,raw,mcar_30,8,303.0,0.45874587458745875,0.7741270398315494,0.7479570777710698,0.6641549096350454,0.6412341186428558,0.2246651672908296,0.21637688926304904,0.6567656765676567,0.670863309352518,0.6923076923076923,0.5879396984924623,0.841726618705036,0.6115107913669064,-0.6922374917745026,0.6484807621417557,0.2251518050704204
cleveland,tabm,pooled,raw,mcar_30,9,303.0,0.45874587458745875,0.7646955606246709,0.7463711091969968,0.6976273745728444,0.6725069806811583,0.23618567180351582,0.22674740207079147,0.6501650165016502,0.6664107738199684,0.6936416184971098,0.5797101449275363,0.8633093525179856,0.5971223021582733,-0.6981568012675962,0.5996356968153418,0.2387783025193434
cleveland,tabm,pooled,raw,mcar_50,0,303.0,0.45874587458745875,0.7174504298999824,0.6751938183175048,0.8458132831870875,0.801251866806944,0.2812228552347756,0.2653272661450246,0.5907590759075908,0.6153711177399543,0.671957671957672,0.5313807531380753,0.9136690647482014,0.4172661870503597,-0.8680289054132012,0.5279611560183047,0.31871277551623034
cleveland,tabm,pooled,raw,mcar_50,1,303.0,0.45874587458745875,0.7110019301631866,0.675079892021609,0.8685100342116083,0.822188014960773,0.2880958027900578,0.27182737703723814,0.594059405940594,0.6167748727846991,0.6684636118598383,0.5344827586206896,0.8920863309352518,0.4676258992805755,-0.8359042610054975,0.48848568886319094,0.3029557765773446
cleveland,tabm,pooled,raw,mcar_50,2,303.0,0.45874587458745875,0.6999912265309703,0.6475983360978783,0.8581797566203465,0.816244547530099,0.28517587310301734,0.27003737338562933,0.5676567656765676,0.5918362870679067,0.6525198938992043,0.5168067226890757,0.8848920863309353,0.4676258992805755,-0.7326837780309865,0.45576822126447236,0.3407033824716461
cleveland,tabm,pooled,raw,mcar_50,3,303.0,0.45874587458745875,0.75583435690472,0.7430915852964137,0.8249386371857903,0.778073206777767,0.27809166563365856,0.2612729271627271,0.6171617161716172,0.6425030707141604,0.6947368421052632,0.5477178423236515,0.9496402877697842,0.539568345323741,-1.1481642809552857,0.6511066210859692,0.27559256233562024
cleveland,tabm,pooled,raw,mcar_50,4,303.0,0.45874587458745875,0.723679592911037,0.6996369106376044,0.8716591173775695,0.8226066563263508,0.28767378939344324,0.27061054193185996,0.594059405940594,0.6195165818564661,0.6771653543307087,0.5330578512396694,0.9280575539568345,0.5107913669064749,-0.9775779801509024,0.5407272785244113,0.30960503399374456
cleveland,tabm,pooled,raw,mcar_50,5,303.0,0.45874587458745875,0.6941568696262502,0.6476578397523018,0.8648114474405763,0.8189796021052846,0.2911682822167812,0.2745488157154151,0.5808580858085809,0.6062247762765397,0.6666666666666666,0.5247933884297521,0.9136690647482014,0.4172661870503597,-0.817968048962518,0.49622348583079484,0.3322083117887418
cleveland,tabm,pooled,raw,mcar_50,6,303.0,0.45874587458745875,0.7236576592384628,0.7124869100050164,0.8713162921256382,0.8257069041847088,0.29288616401552325,0.2768327005660455,0.570957095709571,0.595433409370065,0.656084656084656,0.5188284518828452,0.8920863309352518,0.49640287769784175,-0.899289398471268,0.506388326367952,0.29786957691187455
cleveland,tabm,pooled,raw,mcar_50,7,303.0,0.45874587458745875,0.6924899105106159,0.6798318875200142,0.9132385581219087,0.8689251851623501,0.3103119555600352,0.2943167170332026,0.5379537953795379,0.563300579048956,0.6335078534031413,0.49794238683127573,0.8705035971223022,0.4892086330935252,-0.7377378619033348,0.417778334338748,0.33565597825991583
cleveland,tabm,pooled,raw,mcar_50,8,303.0,0.45874587458745875,0.7217494297245131,0.6907945575492005,0.878245438115781,0.8285126660451645,0.2968851974640175,0.27878960782931894,0.5742574257425742,0.6023205825583435,0.670076726342711,0.5198412698412699,0.9424460431654677,0.5179856115107914,-1.0344170273492799,0.5825774118271759,0.31636713226436963
cleveland,tabm,pooled,raw,mcar_50,9,303.0,0.45874587458745875,0.7252149499912266,0.6698064419984342,0.8370186316413459,0.7912014924077296,0.2755358367918675,0.2594762980382028,0.6072607260726073,0.6317117038076856,0.6843501326259946,0.542016806722689,0.9280575539568345,0.4676258992805755,-0.915260358356754,0.551814097852864,0.3142707787534268
cleveland,tabm,pooled,raw,natural,0,303.0,0.45874587458745875,0.8705474644674506,0.8493612055704478,0.4518348007106966,0.4532359581547519,0.14341360163651523,0.14392575391759438,0.7953795379537953,0.7950736971398491,0.7801418439716312,0.7692307692307693,0.7913669064748201,0.7841726618705036,-0.13331509254079232,1.003359290090132,0.10299432183850424
cleveland,tabm,pooled,source_oof_platt,drop_advanced,0,303.0,0.45874587458745875,0.8711616072995262,0.8676225363796879,0.49920890162939474,0.5073960650452919,0.16081667983226147,0.16433278483836117,0.7920792079207921,0.78325144762239,0.749003984063745,0.8392857142857143,0.6762589928057554,0.7913669064748201,0.3558277418898758,2.084710764429321,0.10666776970072514
cleveland,tabm,pooled,source_oof_platt,drop_exercise,0,303.0,0.45874587458745875,0.8014125285137743,0.7573984538359464,0.6197237515795884,0.6454840494954669,0.2179508551908004,0.2297605228104912,0.5874587458745875,0.5531014213019828,0.2331288343558282,0.7916666666666666,0.1366906474820144,0.6258992805755396,1.552564901943666,2.4236705910294147,0.2269206864770228
cleveland,tabm,pooled,source_oof_platt,drop_routine,0,303.0,0.45874587458745875,0.8648885769433234,0.8435780678935263,0.6084477047513285,0.5827667710891157,0.21321007010426454,0.20205059260401614,0.6303630363036303,0.6552465344797334,0.7037037037037037,0.5564853556485355,0.9568345323741008,0.762589928057554,-1.8782600500950581,2.139379900814094,0.22125414391713566
cleveland,tabm,pooled,source_oof_platt,empirical_source,0,303.0,0.45874587458745875,0.8249692928583962,0.799407334744288,0.5323270655005905,0.540757560144636,0.17650140715618046,0.18019516901814736,0.768976897689769,0.760813300579049,0.7244094488188977,0.8,0.6618705035971223,0.7194244604316546,0.25867297087741137,1.6046631785601635,0.1411578668855732
cleveland,tabm,pooled,source_oof_platt,empirical_source,1,303.0,0.45874587458745875,0.8287418845411475,0.8117820085546908,0.5285942175409268,0.5368787069306568,0.17423231609517914,0.17777602703343087,0.7623762376237624,0.7547157396034392,0.71875,0.7863247863247863,0.6618705035971223,0.6906474820143885,0.23038681142179396,1.5967452479938191,0.1445132073634962
cleveland,tabm,pooled,source_oof_platt,empirical_source,2,303.0,0.45874587458745875,0.8383049657834708,0.8045733488078554,0.5191039027122308,0.5251892449655223,0.17040220618507856,0.1730810272443239,0.7656765676567657,0.7599578873486577,0.7300380228136882,0.7741935483870968,0.6906474820143885,0.7122302158273381,0.1628655819502534,1.6587289675578856,0.13037068803281418
cleveland,tabm,pooled,source_oof_platt,empirical_source,3,303.0,0.45874587458745875,0.837383751535357,0.8046637232742951,0.5233546583780088,0.5301836347180688,0.17187435114330812,0.17485241874026125,0.7524752475247525,0.7455693981400245,0.7104247104247104,0.7666666666666667,0.6618705035971223,0.6762589928057554,0.19027732667651476,1.6693680868090504,0.13766580451900096
cleveland,tabm,pooled,source_oof_platt,empirical_source,4,303.0,0.45874587458745875,0.854009475346552,0.8558697838682461,0.5089734966401042,0.5167973840911887,0.16585082379938784,0.16923668546347723,0.7722772277227723,0.7649587646955607,0.7315175097276264,0.7966101694915254,0.6762589928057554,0.7338129496402878,0.282191649834424,1.9139328877857884,0.11624306489125838
cleveland,tabm,pooled,source_oof_platt,empirical_source,5,303.0,0.45874587458745875,0.8049657834707843,0.777877557817544,0.5462267333686031,0.5542661616936446,0.1832214217999309,0.18671366296617053,0.7227722772277227,0.7153886646780137,0.6744186046511628,0.7310924369747899,0.6258992805755396,0.6258992805755396,0.18659945620396653,1.4078809101904168,0.15696529373367016
cleveland,tabm,pooled,source_oof_platt,empirical_source,6,303.0,0.45874587458745875,0.840454465695736,0.8170134586892113,0.5199109955947216,0.5280281387177389,0.1713815341842973,0.17492633396209495,0.768976897689769,0.7619099842077557,0.7286821705426356,0.7899159663865546,0.6762589928057554,0.7194244604316546,0.2907315065270972,1.7644296267720836,0.12414614403400379
cleveland,tabm,pooled,source_oof_platt,empirical_source,7,303.0,0.45874587458745875,0.8115897525881733,0.7874806174390997,0.5401636802098878,0.5452388906879866,0.17984484232908737,0.1820125586472603,0.7293729372937293,0.7247762765397439,0.6940298507462687,0.7209302325581395,0.6690647482014388,0.6618705035971223,0.05891179730883806,1.4732463842836754,0.15102663510619885
cleveland,tabm,pooled,source_oof_platt,empirical_source,8,303.0,0.45874587458745875,0.8234339357782067,0.8070016066480716,0.532147154812699,0.5384408224867764,0.17618382528592272,0.17882777051943335,0.7458745874587459,0.741116862607475,0.7116104868913857,0.7421875,0.6834532374100719,0.6762589928057554,0.12000656999051441,1.5486416643894505,0.14120740349948913
cleveland,tabm,pooled,source_oof_platt,empirical_source,9,303.0,0.45874587458745875,0.8382610984383225,0.823372017340364,0.5233598724213201,0.531373996020477,0.17205825861566895,0.17554663529568304,0.7491749174917491,0.7425206176522197,0.7076923076923077,0.7603305785123967,0.6618705035971223,0.7050359712230215,0.2600001588597652,1.7310480112070845,0.13288763731776498
cleveland,tabm,pooled,source_oof_platt,mar_age_sex_30,0,303.0,0.45874587458745875,0.8351026495876469,0.8089205215579973,0.5294447701046309,0.5346531563763102,0.17482069953171944,0.1771627141362706,0.759075907590759,0.7522153009299877,0.7181467181467182,0.775,0.6690647482014388,0.7338129496402878,0.14094236207515118,1.88305246007474,0.12731735408907982
cleveland,tabm,pooled,source_oof_platt,mar_age_sex_30,1,303.0,0.45874587458745875,0.823653272503948,0.7964870449565719,0.5383796303442492,0.5425107674821279,0.17873728645280315,0.1805335633246704,0.7557755775577558,0.7530049131426566,0.7299270072992701,0.7407407407407407,0.7194244604316546,0.6618705035971223,0.048359618526376456,1.7387786897304456,0.14063676337151135
cleveland,tabm,pooled,source_oof_platt,mar_age_sex_30,2,303.0,0.45874587458745875,0.8042639059484119,0.7500289258572235,0.5465841493968636,0.5483147765927325,0.18367723487619494,0.18447997204632685,0.7326732673267327,0.7283733988419021,0.6988847583643123,0.7230769230769231,0.6762589928057554,0.6115107913669064,-0.05397447782134169,1.4613584574081615,0.1495834445968458
cleveland,tabm,pooled,source_oof_platt,mar_age_sex_30,3,303.0,0.45874587458745875,0.8296630987892613,0.7898190523533912,0.5338985905383966,0.5371772517936341,0.17704335793463016,0.1784409214904203,0.7491749174917491,0.7463590103526935,0.7226277372262774,0.7333333333333333,0.7122302158273381,0.7050359712230215,0.019856753936980494,1.7851970975156766,0.13282027260165263
cleveland,tabm,pooled,source_oof_platt,mar_age_sex_30,4,303.0,0.45874587458745875,0.8491402000350939,0.7767300737686789,0.5237962796978283,0.5263047001526662,0.1710227993594444,0.17215797439352118,0.7623762376237624,0.7580057904895596,0.7313432835820896,0.7596899224806202,0.7050359712230215,0.7338129496402878,0.01289100699924945,1.8422585182861078,0.13084859963425344
cleveland,tabm,pooled,source_oof_platt,mar_age_sex_30,5,303.0,0.45874587458745875,0.8236971398490963,0.8070987994549541,0.5357999677005437,0.5394319116934163,0.17781726917924348,0.1793060722872168,0.7623762376237624,0.7596508159326198,0.7372262773722628,0.7481481481481481,0.7266187050359713,0.7266187050359713,-0.008779624266407202,1.6219390414571813,0.14172379676525784
cleveland,tabm,pooled,source_oof_platt,mar_age_sex_30,6,303.0,0.45874587458745875,0.8040445692226705,0.767488611206274,0.554446076559026,0.5579562282510404,0.18602540341804333,0.18749032897993734,0.7326732673267327,0.7316634497280224,0.7117437722419929,0.704225352112676,0.7194244604316546,0.6906474820143885,-0.010840577327021554,1.5082552778834528,0.16165477324855718
cleveland,tabm,pooled,source_oof_platt,mar_age_sex_30,7,303.0,0.45874587458745875,0.8201438848920863,0.7522378064402852,0.5466297911517299,0.5491915212462093,0.181278275036638,0.18249154000378354,0.7656765676567657,0.7616029127917179,0.7360594795539034,0.7615384615384615,0.7122302158273381,0.7122302158273381,-0.012312518265097331,1.5643690611524155,0.16122168520286212
cleveland,tabm,pooled,source_oof_platt,mar_age_sex_30,8,303.0,0.45874587458745875,0.8174679768380417,0.7549529689540774,0.5428619796797819,0.5467267402890008,0.18008632209039563,0.18180889474951828,0.7491749174917491,0.7447139849096334,0.7164179104477612,0.7441860465116279,0.6906474820143885,0.6762589928057554,0.03802680542871059,1.5445791970699618,0.15629734607098794
cleveland,tabm,pooled,source_oof_platt,mar_age_sex_30,9,303.0,0.45874587458745875,0.8241796806457272,0.7922169740571133,0.5348358449798013,0.537315716602323,0.17727541251596032,0.17835078076145355,0.7623762376237624,0.7601991577469731,0.7391304347826086,0.7445255474452555,0.7338129496402878,0.7122302158273381,-0.038548754233342294,1.7023403685156206,0.13830585433337286
cleveland,tabm,pooled,source_oof_platt,mcar_10,0,303.0,0.45874587458745875,0.8430865064046325,0.8182375568806695,0.5297969761101574,0.5358321307607112,0.17440687945875352,0.17710601074290167,0.7854785478547854,0.7782505702754869,0.7470817120622568,0.8135593220338984,0.6906474820143885,0.762589928057554,0.19686558695766282,2.0040358520970307,0.1281250400328487
cleveland,tabm,pooled,source_oof_platt,mcar_10,1,303.0,0.45874587458745875,0.8426039656080013,0.8109114299196596,0.5327205790655353,0.538234115883524,0.17549479304446777,0.1779404710872869,0.7887788778877888,0.7829443762063519,0.7557251908396947,0.8048780487804879,0.7122302158273381,0.7697841726618705,0.1748308435009763,2.0082541237720912,0.13007658318342144
cleveland,tabm,pooled,source_oof_platt,mcar_10,2,303.0,0.45874587458745875,0.8398403228636602,0.8177995863862707,0.5306434863046433,0.5364266700025054,0.17517361846191437,0.1777512882104569,0.7722772277227723,0.7666037901386208,0.7376425855513308,0.782258064516129,0.697841726618705,0.7194244604316546,0.18513744053326234,2.016131420366836,0.12436332968226127
cleveland,tabm,pooled,source_oof_platt,mcar_10,3,303.0,0.45874587458745875,0.8445779961396737,0.8283324269000911,0.5240712301161783,0.5302287049006513,0.17213135412997238,0.17487950826406562,0.7788778877887789,0.7737980347429374,0.7471698113207547,0.7857142857142857,0.7122302158273381,0.7410071942446043,0.20995721037719225,1.993237658968843,0.12116465649901786
cleveland,tabm,pooled,source_oof_platt,mcar_10,4,303.0,0.45874587458745875,0.8475609756097561,0.8204863453515883,0.5230231074906624,0.5297342012792522,0.17213292759722906,0.17509781902942295,0.7821782178217822,0.7752017897876821,0.7441860465116279,0.8067226890756303,0.6906474820143885,0.7482014388489209,0.25090044394726657,1.9976470948437497,0.1176788657887179
cleveland,tabm,pooled,source_oof_platt,mcar_10,5,303.0,0.45874587458745875,0.8501052816283559,0.8114875156701437,0.5246375566774378,0.531132439216359,0.1720439709513872,0.1749223772869011,0.7854785478547854,0.7787989120898403,0.749034749034749,0.8083333333333333,0.697841726618705,0.7410071942446043,0.2435099229830338,2.0401756847936183,0.12427586769527756
cleveland,tabm,pooled,source_oof_platt,mcar_10,6,303.0,0.45874587458745875,0.8339182312686435,0.7889301431483775,0.5380496041758067,0.5450511403980463,0.17779167226808915,0.1808475852919082,0.7821782178217822,0.7746534479733287,0.7421875,0.811965811965812,0.6834532374100719,0.762589928057554,0.22155745214145386,1.8430694831177674,0.14464782623147104
cleveland,tabm,pooled,source_oof_platt,mcar_10,7,303.0,0.45874587458745875,0.8518161080891383,0.8357047509871258,0.5225976080633391,0.528926753030448,0.1716331526741119,0.17442153582354925,0.7788778877887789,0.7716046674855237,0.7392996108949417,0.8050847457627118,0.6834532374100719,0.7122302158273381,0.24047487520919378,2.1654834732000827,0.11181189640187775
cleveland,tabm,pooled,source_oof_platt,mcar_10,8,303.0,0.45874587458745875,0.8211967011756448,0.7812104592692799,0.5464599263639806,0.5523452046547519,0.1815689169500136,0.18420119969213672,0.7755775577557755,0.7691042288120723,0.7384615384615385,0.7933884297520661,0.6906474820143885,0.7553956834532374,0.15097726482362342,1.7730402806304548,0.1535589874295359
cleveland,tabm,pooled,source_oof_platt,mcar_10,9,303.0,0.45874587458745875,0.8387875065801017,0.7817231019161479,0.5322971196813219,0.5390847900120249,0.1754495812728071,0.17844502504168047,0.7656765676567657,0.7583128619055974,0.7237354085603113,0.788135593220339,0.6690647482014388,0.7410071942446043,0.2421458776126244,1.9156434207980129,0.13285813029060545
cleveland,tabm,pooled,source_oof_platt,mcar_30,0,303.0,0.45874587458745875,0.794744692051237,0.7613059524817729,0.5726284651106525,0.5733184838653831,0.19356642621076353,0.1937506155207624,0.7260726072607261,0.7277592560098263,0.7147766323024055,0.6842105263157895,0.7482014388489209,0.6906474820143885,-0.15317236718665436,1.6181257520677794,0.17745408112413152
cleveland,tabm,pooled,source_oof_platt,mcar_30,1,303.0,0.45874587458745875,0.8014125285137743,0.7910063534920121,0.5591778928362805,0.5590002119802555,0.18848698603219796,0.18833584600682235,0.7227722772277227,0.7252588173363748,0.7142857142857143,0.6774193548387096,0.7553956834532374,0.6402877697841727,-0.1941128812677653,1.7056080952238708,0.15479926870165753
cleveland,tabm,pooled,source_oof_platt,mcar_30,2,303.0,0.45874587458745875,0.7914546411651167,0.7477273446287845,0.57085813436747,0.566816713028471,0.19372700328150436,0.1918242700600249,0.7161716171617162,0.7229996490612388,0.7225806451612903,0.6549707602339181,0.8057553956834532,0.5755395683453237,-0.3555365665554385,1.6599190122616343,0.1710355148421686
cleveland,tabm,pooled,source_oof_platt,mcar_30,3,303.0,0.45874587458745875,0.7960607124056852,0.7732998985376438,0.5752725091691316,0.5744805394658912,0.19441752621152447,0.19398731622784393,0.7326732673267327,0.7344051587997894,0.7216494845360825,0.6907894736842105,0.7553956834532374,0.6762589928057554,-0.2288814207996519,1.6948108514801805,0.18081535403779872
cleveland,tabm,pooled,source_oof_platt,mcar_30,4,303.0,0.45874587458745875,0.7890419371819617,0.7579113835377811,0.5737045539307625,0.5718780989183528,0.1944843219291638,0.19368182969262876,0.7128712871287128,0.7161124758729602,0.7070707070707071,0.6645569620253164,0.7553956834532374,0.6474820143884892,-0.25276521310420824,1.6113691690775196,0.17548504462437195
cleveland,tabm,pooled,source_oof_platt,mcar_30,5,303.0,0.45874587458745875,0.7554395507983858,0.7211223034703755,0.5920149785910102,0.5918717262780596,0.20265493068376322,0.2025524411243857,0.6798679867986799,0.679592911037024,0.6596491228070176,0.6438356164383562,0.6762589928057554,0.539568345323741,-0.17865175347174797,1.3953705060981187,0.20580404807080213
cleveland,tabm,pooled,source_oof_platt,mcar_30,6,303.0,0.45874587458745875,0.7853132128443586,0.7502963880847116,0.5765841280946817,0.5740020065758313,0.19562584221332424,0.19444238787224694,0.6963696369636964,0.6992235479908756,0.6891891891891891,0.6496815286624203,0.7338129496402878,0.6258992805755396,-0.2874921970272534,1.5708836321828485,0.18522685105453018
cleveland,tabm,pooled,source_oof_platt,mcar_30,7,303.0,0.45874587458745875,0.8107562730303561,0.7897889855276605,0.5582298055799326,0.5558763945940831,0.18768051422691506,0.18659384823548414,0.7293729372937293,0.7308080364976312,0.7172413793103448,0.6887417218543046,0.7482014388489209,0.6330935251798561,-0.29373866899280177,1.8201096127218068,0.1501028436327752
cleveland,tabm,pooled,source_oof_platt,mcar_30,8,303.0,0.45874587458745875,0.7762326723986664,0.7522919339583114,0.5806653974927869,0.5792940024084181,0.19762270499381213,0.19701745629215944,0.7260726072607261,0.7277592560098263,0.7147766323024055,0.6842105263157895,0.7482014388489209,0.6115107913669064,-0.2357505490026387,1.5208264577149473,0.18765569834824466
cleveland,tabm,pooled,source_oof_platt,mcar_30,9,303.0,0.45874587458745875,0.7662309177048605,0.747503235323951,0.5902145545837493,0.5878233972606215,0.2023359911366037,0.20120229348182905,0.7128712871287128,0.7161124758729602,0.7070707070707071,0.6645569620253164,0.7553956834532374,0.5611510791366906,-0.2809041955574222,1.408392697744586,0.2012108598209532
cleveland,tabm,pooled,source_oof_platt,mcar_50,0,303.0,0.45874587458745875,0.715125460607124,0.6664352777087552,0.6358436703999142,0.626221875099295,0.22288417994030224,0.21845470495017266,0.6237623762376238,0.635988769959642,0.6566265060240963,0.5647668393782384,0.7841726618705036,0.4316546762589928,-0.4766844351715373,1.1966166430089515,0.27397665980835195
cleveland,tabm,pooled,source_oof_platt,mcar_50,1,303.0,0.45874587458745875,0.7077996139673627,0.6641399294659536,0.6349788440499424,0.624778568182982,0.22328095448732738,0.21852414350090887,0.6303630363036303,0.6470214072644324,0.6781609195402298,0.5645933014354066,0.8489208633093526,0.5035971223021583,-0.47251082438067776,1.108490329193667,0.2671919651293816
cleveland,tabm,pooled,source_oof_platt,mcar_50,2,303.0,0.45874587458745875,0.7001228285664152,0.642995821354673,0.6464855419090336,0.6383774788367643,0.22634541277369635,0.22263734977570557,0.6204620462046204,0.6318433058431303,0.6504559270516718,0.5631578947368421,0.7697841726618705,0.4892086330935252,-0.3947144154511361,1.0486596801815158,0.30046011784731397
cleveland,tabm,pooled,source_oof_platt,mcar_50,3,303.0,0.45874587458745875,0.7574574486752061,0.7440307859332025,0.6110661682512294,0.5995401103295491,0.212698384109346,0.20739786393616522,0.636963696369637,0.6525706264256887,0.6802325581395349,0.5707317073170731,0.841726618705036,0.5611510791366906,-0.6781272787516979,1.538174525328679,0.22387554845097438
cleveland,tabm,pooled,source_oof_platt,mcar_50,4,303.0,0.45874587458745875,0.7250833479557818,0.6901534920431713,0.6333651624638372,0.6213027277251939,0.22212761078599025,0.2166649025280915,0.6435643564356436,0.6570231619582383,0.6785714285714286,0.5786802030456852,0.8201438848920863,0.5035971223021583,-0.5801811446869766,1.2476140860513856,0.26661167827794074
cleveland,tabm,pooled,source_oof_platt,mcar_50,5,303.0,0.45874587458745875,0.6962625021933672,0.6480081262842805,0.641254533861458,0.6318345411185962,0.22589018595465798,0.22150072591427158,0.6105610561056105,0.6270836988945429,0.6609195402298851,0.5502392344497608,0.8273381294964028,0.4244604316546763,-0.45760690632618406,1.169408586462358,0.2797513468316141
cleveland,tabm,pooled,source_oof_platt,mcar_50,6,303.0,0.45874587458745875,0.7218152307422354,0.7059412916063925,0.6329857948053201,0.6222638972584408,0.2225663525008797,0.21765223784542698,0.6138613861386139,0.6268424284962274,0.6507462686567164,0.5561224489795918,0.7841726618705036,0.4892086330935252,-0.5255914418569397,1.163939919876298,0.25746506926474105
cleveland,tabm,pooled,source_oof_platt,mcar_50,7,303.0,0.45874587458745875,0.6902088085629057,0.6622247518662062,0.6598763740291671,0.6503014442410912,0.23377991015071384,0.22933638917350394,0.6039603960396039,0.616599403404106,0.6407185628742516,0.5487179487179488,0.7697841726618705,0.460431654676259,-0.4258508818606219,0.9524864396378928,0.3128091160121343
cleveland,tabm,pooled,source_oof_platt,mcar_50,8,303.0,0.45874587458745875,0.7197315318476927,0.6848649978733261,0.6405179770747536,0.6285187821200187,0.22554964123210328,0.2199514037498455,0.6336633663366337,0.6528118968240042,0.6890756302521008,0.5642201834862385,0.8848920863309353,0.4748201438848921,-0.605840510551841,1.337202280046567,0.2765556244223535
cleveland,tabm,pooled,source_oof_platt,mcar_50,9,303.0,0.45874587458745875,0.724820143884892,0.663436397905855,0.6279662502432899,0.6178650214528241,0.21921237489024242,0.2145936440164668,0.636963696369637,0.6503772591682752,0.6726190476190477,0.5736040609137056,0.8129496402877698,0.4460431654676259,-0.5073200987832309,1.2713760060772683,0.2635166475730484
cleveland,tabm,pooled,source_oof_platt,natural,0,303.0,0.45874587458745875,0.8729601684506054,0.8554374008199492,0.507331673206995,0.517063734230437,0.1644371808729524,0.1687276772366399,0.8085808580858086,0.7990436918757677,0.7661290322580645,0.8715596330275229,0.6834532374100719,0.7841726618705036,0.5223824706405982,2.2767536827325316,0.1071550367351228
hungary,ft_transformer,pooled,raw,drop_advanced,0,294.0,0.36054421768707484,0.8852870333199517,0.8353231566977133,0.42759222287434273,0.42992038780608854,0.13513461046911518,0.13687454350771483,0.8061224489795918,0.8010839020473706,0.7443946188340808,0.7094017094017094,0.7830188679245284,0.8018867924528302,-0.5783129083219054,1.0534828416157536,0.08836885478067921
hungary,ft_transformer,pooled,raw,drop_exercise,0,294.0,0.36054421768707484,0.8391208350060216,0.7281590315818546,0.4836464888511044,0.5117534655354236,0.1566126700113399,0.16777612321837707,0.7857142857142857,0.7748394219189081,0.7123287671232876,0.6902654867256637,0.7358490566037735,0.7547169811320755,-0.18262878958346052,1.3291524716865248,0.11034003240463494
hungary,ft_transformer,pooled,raw,drop_routine,0,294.0,0.36054421768707484,0.9021477318346046,0.8607650733895109,0.7706848159141895,0.6304373357122723,0.267157469817117,0.21500769784730622,0.5952380952380952,0.6773384183059012,0.6338461538461538,0.4703196347031963,0.9716981132075472,0.8584905660377359,-3.003500507752112,1.471477901686948,0.2562984094665508
hungary,ft_transformer,pooled,raw,empirical_source,0,294.0,0.36054421768707484,0.8703833801686068,0.8123566295818322,0.4880815238192796,0.46131416978936246,0.16014306685598548,0.1506533997528734,0.7755102040816326,0.7874347651545563,0.7272727272727273,0.6470588235294118,0.8301886792452831,0.7830188679245284,-0.9492624078090476,1.0477925198549976,0.1198210278764717
hungary,ft_transformer,pooled,raw,empirical_source,1,294.0,0.36054421768707484,0.8698815736651947,0.8049389104432332,0.4986061237562181,0.46795801589851693,0.16291870948273932,0.15146268423529546,0.7517006802721088,0.7729325572059413,0.7114624505928854,0.6122448979591837,0.8490566037735849,0.7830188679245284,-1.003266461184606,1.0189743380823957,0.1325377748683502
hungary,ft_transformer,pooled,raw,empirical_source,2,294.0,0.36054421768707484,0.8802689682858289,0.826842984276533,0.49578777575553323,0.456766469191368,0.1607036694793967,0.14653521721564333,0.7721088435374149,0.7930048173424328,0.7330677290836654,0.6344827586206897,0.8679245283018868,0.8207547169811321,-1.1251061136839915,1.0563075465141945,0.1291515266203817
hungary,ft_transformer,pooled,raw,empirical_source,3,294.0,0.36054421768707484,0.8646126053793657,0.7796120347075959,0.487459412976429,0.4649686213862644,0.15702946292960485,0.1496092095045637,0.7687074829931972,0.7800582095543959,0.71900826446281,0.6397058823529411,0.8207547169811321,0.8113207547169812,-0.8897070577904737,0.9840790621526377,0.1389070472375566
hungary,ft_transformer,pooled,raw,empirical_source,4,294.0,0.36054421768707484,0.8646126053793657,0.7851217329454095,0.5002145142086623,0.4704380743480999,0.16044789468253357,0.1501564280077263,0.7755102040816326,0.795664391810518,0.736,0.6388888888888888,0.8679245283018868,0.7735849056603774,-0.9287620475103583,0.9657109248468402,0.14308922930709064
hungary,ft_transformer,pooled,raw,empirical_source,5,294.0,0.36054421768707484,0.8694801284624648,0.8235930908580822,0.49768464732845946,0.46823548526280356,0.1640547532848782,0.1527808737882268,0.7551020408163265,0.7735347250100362,0.712,0.6180555555555556,0.839622641509434,0.7830188679245284,-1.0222380456156352,1.0463325758485544,0.12316304159722646
hungary,ft_transformer,pooled,raw,empirical_source,6,294.0,0.36054421768707484,0.8661682055399438,0.7971785173609582,0.514223584302384,0.47593827270844374,0.1674124235368388,0.15335335250629528,0.7517006802721088,0.7749899638699318,0.7137254901960784,0.610738255033557,0.8584905660377359,0.7924528301886793,-1.0526088385075247,1.004727446514826,0.14403064522984274
hungary,ft_transformer,pooled,raw,empirical_source,7,294.0,0.36054421768707484,0.8747992773986352,0.8015758467236349,0.4966069067843974,0.4606350003587957,0.16109805148017167,0.1481819467718471,0.7721088435374149,0.7909474106784424,0.7309236947791165,0.6363636363636364,0.8584905660377359,0.8018867924528302,-1.0373535603644215,1.0295920488161507,0.13417242494004858
hungary,ft_transformer,pooled,raw,empirical_source,8,294.0,0.36054421768707484,0.8916599759132879,0.8337865186630251,0.45938741358764323,0.4303656889551722,0.1470600800286232,0.13635149068606428,0.7925170068027211,0.8089622641509434,0.7510204081632653,0.6618705035971223,0.8679245283018868,0.839622641509434,-1.065757792213603,1.185212743807575,0.11211685170278028
hungary,ft_transformer,pooled,raw,empirical_source,9,294.0,0.36054421768707484,0.8915094339622642,0.8316956451591412,0.4569440017601548,0.42628376922687217,0.14458207916051333,0.13390040439326883,0.7959183673469388,0.8095644319550381,0.7520661157024794,0.6691176470588235,0.8584905660377359,0.839622641509434,-1.0554782310991029,1.136247584156474,0.11423335804553568
hungary,ft_transformer,pooled,raw,mar_age_sex_30,0,294.0,0.36054421768707484,0.8485046166198315,0.7768101551068358,0.5155157663080514,0.4931704831179941,0.170797424581845,0.16264965556716562,0.7482993197278912,0.7620433560818949,0.6991869918699187,0.6142857142857143,0.8113207547169812,0.7264150943396226,-0.8251121980199868,0.9542443183523397,0.13616708775977215
hungary,ft_transformer,pooled,raw,mar_age_sex_30,1,294.0,0.36054421768707484,0.8860397430750703,0.8022260573175396,0.4707765533875178,0.43945072524604617,0.15222993326076298,0.1404054958328889,0.7721088435374149,0.7930048173424328,0.7330677290836654,0.6344827586206897,0.8679245283018868,0.8301886792452831,-1.0127465741028943,1.1201173956549149,0.11978479812662822
hungary,ft_transformer,pooled,raw,mar_age_sex_30,2,294.0,0.36054421768707484,0.8746487354476115,0.792713834176609,0.48007374816208775,0.45313229187270565,0.1543227697046674,0.14414073284789625,0.7857142857142857,0.8057005218787636,0.7469879518072289,0.6503496503496503,0.8773584905660378,0.8301886792452831,-0.9436205075411591,1.0923025492828078,0.12844595383407537
hungary,ft_transformer,pooled,raw,mar_age_sex_30,3,294.0,0.36054421768707484,0.8902549177037336,0.8596885273489663,0.4607585667271562,0.43512125425959003,0.1500837657693728,0.1400514667512141,0.7755102040816326,0.7936069851465275,0.7338709677419355,0.6408450704225352,0.8584905660377359,0.8301886792452831,-1.0428096341615134,1.168878775475164,0.09721309517253433
hungary,ft_transformer,pooled,raw,mar_age_sex_30,4,294.0,0.36054421768707484,0.8522681653954235,0.7878835943243638,0.5151155079887069,0.48759253839375016,0.168148677429845,0.1580434439840514,0.7448979591836735,0.7614411882778,0.6987951807228916,0.6083916083916084,0.8207547169811321,0.7735849056603774,-0.909920268917071,0.9484043201181777,0.14492346449813454
hungary,ft_transformer,pooled,raw,mar_age_sex_30,5,294.0,0.36054421768707484,0.8864411882778002,0.8126910747567053,0.4702976995634457,0.43989466765914775,0.15111371319962913,0.13931769845336966,0.7857142857142857,0.8077579285427539,0.749003984063745,0.6482758620689655,0.8867924528301887,0.8584905660377359,-1.0493706087423482,1.1426217079211811,0.12160410624841278
hungary,ft_transformer,pooled,raw,mar_age_sex_30,6,294.0,0.36054421768707484,0.8655158570855077,0.7827562337100691,0.48696298402915483,0.46330369794110327,0.1577600133548488,0.1495937953056678,0.7789115646258503,0.7900943396226415,0.7302904564315352,0.6518518518518519,0.8301886792452831,0.7641509433962265,-0.8603269539513472,1.0292287658747457,0.12798238268693138
hungary,ft_transformer,pooled,raw,mar_age_sex_30,7,294.0,0.36054421768707484,0.8627559213167403,0.7916705528893195,0.5051956762875826,0.4743577102824923,0.16407108030947823,0.1528852910824896,0.7653061224489796,0.7815134484142915,0.7206477732793523,0.6312056737588653,0.839622641509434,0.7735849056603774,-0.9291576128635066,0.9818192302200003,0.13773462971563355
hungary,ft_transformer,pooled,raw,mar_age_sex_30,8,294.0,0.36054421768707484,0.8668205539943798,0.80218674839393,0.49361630506161763,0.46742056134901705,0.16023118970938036,0.15036372522568825,0.7789115646258503,0.7942091529506223,0.7346938775510204,0.6474820143884892,0.8490566037735849,0.7924528301886793,-0.917516419201296,1.0196161703900033,0.13042222810028414
hungary,ft_transformer,pooled,raw,mar_age_sex_30,9,294.0,0.36054421768707484,0.8712364512244078,0.8195690545153405,0.48602692944418957,0.4601755056802617,0.1585437073886668,0.14892630779179933,0.7721088435374149,0.7827177840224809,0.7219917012448133,0.6444444444444445,0.8207547169811321,0.7830188679245284,-0.9288896069454624,1.0203862866202469,0.11689179920568664
hungary,ft_transformer,pooled,raw,mcar_10,0,294.0,0.36054421768707484,0.8701324769169009,0.8308027303827837,0.47929035368295686,0.4584324879628816,0.15522489570822717,0.1477310160828591,0.7925170068027211,0.8027900441589724,0.7447698744769874,0.6691729323308271,0.839622641509434,0.8301886792452831,-0.9272805847536417,1.0893038957851437,0.11515971747850462
hungary,ft_transformer,pooled,raw,mcar_10,1,294.0,0.36054421768707484,0.862906463267764,0.8079324870145392,0.5008758664055591,0.4751817890054407,0.16527010925349744,0.15586814381436812,0.7585034013605442,0.7700220794861501,0.7078189300411523,0.6277372262773723,0.8113207547169812,0.7924528301886793,-0.9138798548163547,0.9961203207944906,0.12423281991785402
hungary,ft_transformer,pooled,raw,mcar_10,2,294.0,0.36054421768707484,0.8775090325170615,0.8058099084440109,0.4756274667287401,0.45128464912957206,0.15383428995682466,0.14458835118205754,0.7857142857142857,0.7995283018867925,0.7407407407407407,0.656934306569343,0.8490566037735849,0.7924528301886793,-0.9473896339367548,1.1240432779249983,0.1254446585713181
hungary,ft_transformer,pooled,raw,mcar_10,3,294.0,0.36054421768707484,0.8596447209955841,0.8038210051041266,0.5026605356637731,0.4788842131101313,0.16564962559391974,0.15668884950204248,0.7551020408163265,0.7694199116820555,0.7073170731707317,0.6214285714285714,0.8207547169811321,0.7735849056603774,-0.9225601977207457,0.9821836518329214,0.13096126712666484
hungary,ft_transformer,pooled,raw,mcar_10,4,294.0,0.36054421768707484,0.8708851866720192,0.8103236485369438,0.4997433728826688,0.46705801532609836,0.16259337634433496,0.15017261218719155,0.7755102040816326,0.795664391810518,0.736,0.6388888888888888,0.8679245283018868,0.7924528301886793,-1.0337983545471672,1.0526873205064333,0.13267227549735203
hungary,ft_transformer,pooled,raw,mcar_10,5,294.0,0.36054421768707484,0.867523083099157,0.7970734497570173,0.4887554578428511,0.464331074287919,0.15794020388241034,0.14926876990937057,0.782312925170068,0.7906965074267363,0.7310924369747899,0.6590909090909091,0.8207547169811321,0.7830188679245284,-0.9330298829251963,1.0129396766168746,0.13250907356027614
hungary,ft_transformer,pooled,raw,mcar_10,6,294.0,0.36054421768707484,0.869078683259735,0.8126191131055609,0.496370242449191,0.46659888916163844,0.16237043241500412,0.1508873797305771,0.7653061224489796,0.7835708550782818,0.7228915662650602,0.6293706293706294,0.8490566037735849,0.7735849056603774,-0.9973829110645442,1.0499211696859663,0.12682995801029
hungary,ft_transformer,pooled,raw,mcar_10,7,294.0,0.36054421768707484,0.8640104375752711,0.7902753845440116,0.5056696838190524,0.47461482835202395,0.16569869292521816,0.1545886808948283,0.7517006802721088,0.76470293054998,0.7020408163265306,0.6187050359712231,0.8113207547169812,0.7735849056603774,-0.9703214058709297,1.0181767961065897,0.13826927832191385
hungary,ft_transformer,pooled,raw,mcar_10,8,294.0,0.36054421768707484,0.8808209554395825,0.821712726133884,0.48364706359843324,0.4511782358836508,0.15718708317567137,0.14502996594570058,0.7687074829931972,0.7862304295463669,0.7258064516129032,0.6338028169014085,0.8490566037735849,0.8113207547169812,-1.025794943501384,1.0741543387371935,0.1189970610263183
hungary,ft_transformer,pooled,raw,mcar_10,9,294.0,0.36054421768707484,0.8560317141710158,0.815366853832534,0.5219643357699509,0.49279882872445446,0.17441663572591337,0.16369347943478235,0.7380952380952381,0.7561220393416299,0.6932270916334662,0.6,0.8207547169811321,0.7169811320754716,-0.9605254053779915,0.9643973055040652,0.13195539044121218
hungary,ft_transformer,pooled,raw,mcar_30,0,294.0,0.36054421768707484,0.7927037334403854,0.7349291128425107,0.7302770332248031,0.6395061821218022,0.25890538136103725,0.22321913637965052,0.6054421768707483,0.6606282617422722,0.610738255033557,0.4739583333333333,0.8584905660377359,0.6415094339622641,-1.375470410500067,0.8579634467343431,0.2657359807485601
hungary,ft_transformer,pooled,raw,mcar_30,1,294.0,0.36054421768707484,0.8276294660778803,0.7280930104060334,0.66192652524739,0.5753171960560721,0.22558312145943388,0.19205079587425425,0.6632653061224489,0.7181854676836612,0.6621160409556314,0.5187165775401069,0.9150943396226415,0.6698113207547169,-1.4726497109629568,1.0022926338342693,0.24324961257852948
hungary,ft_transformer,pooled,raw,mcar_30,2,294.0,0.36054421768707484,0.827980730630269,0.740084737520896,0.6703795240231782,0.5802555476558616,0.23012653557549786,0.19569574109841087,0.6564625850340136,0.7087515054195103,0.6529209621993127,0.5135135135135135,0.8962264150943396,0.660377358490566,-1.5085538441034416,1.002597344639492,0.24338583454018187
hungary,ft_transformer,pooled,raw,mcar_30,3,294.0,0.36054421768707484,0.8332496989160979,0.7602556981201691,0.6590851750370995,0.5737806335946831,0.22621819465432244,0.19346147106524406,0.6666666666666666,0.7208450421517463,0.6643835616438356,0.521505376344086,0.9150943396226415,0.6981132075471698,-1.4948452258268476,1.0151206810913753,0.23262746012036067
hungary,ft_transformer,pooled,raw,mcar_30,4,294.0,0.36054421768707484,0.8532215977519069,0.7765436731687483,0.6132017711167544,0.5390399479815144,0.21005693496260486,0.1810706005660469,0.673469387755102,0.7199919710959455,0.6619718309859155,0.5280898876404494,0.8867924528301887,0.7735849056603774,-1.513745554555144,1.118449520459515,0.20377648248859906
hungary,ft_transformer,pooled,raw,mcar_30,5,294.0,0.36054421768707484,0.8435367322360497,0.7761823228913778,0.6483236808299945,0.5688845953433539,0.22359825256714316,0.19169057802256778,0.6496598639455783,0.7075471698113207,0.6531986531986532,0.5078534031413613,0.9150943396226415,0.7641509433962265,-1.5419120663024954,1.0840368217231506,0.22119708916330724
hungary,ft_transformer,pooled,raw,mcar_30,6,294.0,0.36054421768707484,0.814381774387796,0.7151217141922861,0.691625680173167,0.5995393595040498,0.2379149703472672,0.2020020870541276,0.6462585034013606,0.7048875953432356,0.6510067114093959,0.5052083333333334,0.9150943396226415,0.6320754716981132,-1.4758358410223047,0.9708042347893185,0.26513822922470914
hungary,ft_transformer,pooled,raw,mcar_30,7,294.0,0.36054421768707484,0.8273785628261742,0.7312108302229268,0.6562649556979722,0.570421911866557,0.22556167949934838,0.19224708767871534,0.6530612244897959,0.7019771176234444,0.6458333333333334,0.510989010989011,0.8773584905660378,0.6981132075471698,-1.476554795590967,1.0359805005098484,0.2381858639175452
hungary,ft_transformer,pooled,raw,mcar_30,8,294.0,0.36054421768707484,0.8397731834604577,0.7752056584815269,0.6459608414650297,0.5653659510240504,0.22417072138166264,0.19219215152425279,0.6496598639455783,0.7075471698113207,0.6531986531986532,0.5078534031413613,0.9150943396226415,0.7547169811320755,-1.5317162468214718,1.0833794578410898,0.2185193499415341
hungary,ft_transformer,pooled,raw,mcar_30,9,294.0,0.36054421768707484,0.8263247691690084,0.7404372038015002,0.6554483255928099,0.5727660235428496,0.22591652097694942,0.1932383114874191,0.6836734693877551,0.7362003211561622,0.6782006920415224,0.5355191256830601,0.9245283018867925,0.6698113207547169,-1.4772718866067196,1.0596987937978912,0.23980120357390816
hungary,ft_transformer,pooled,raw,mcar_50,0,294.0,0.36054421768707484,0.7690686471296669,0.6602614653460942,0.8892361783448768,0.7438158677924278,0.31477192588589537,0.25876985408429576,0.5306122448979592,0.6165194700923324,0.5868263473053892,0.4298245614035088,0.9245283018867925,0.5943396226415094,-1.8082995914412483,0.9231295118354251,0.3830851165762085
hungary,ft_transformer,pooled,raw,mcar_50,1,294.0,0.36054421768707484,0.7692693697310318,0.6639041606313787,0.8740582426596049,0.7365150740839763,0.30545368208947987,0.2532122268731426,0.5714285714285714,0.6484343637093537,0.6086956521739131,0.4537037037037037,0.9245283018867925,0.5377358490566038,-1.628576946474508,0.8204520599207771,0.3628071929007112
hungary,ft_transformer,pooled,raw,mcar_50,2,294.0,0.36054421768707484,0.7912484945804898,0.6980514696042355,0.8667817076047859,0.7238034544443024,0.3046726852930579,0.24977068759555277,0.5510204081632653,0.6345343235648334,0.6,0.4419642857142857,0.9339622641509434,0.6415094339622641,-1.9009944695611494,0.9739393615053076,0.3482895603509769
hungary,ft_transformer,pooled,raw,mcar_50,3,294.0,0.36054421768707484,0.771527498996387,0.6401151070974948,0.954988342389741,0.786083403632962,0.3350023481374438,0.2710798504940506,0.5034013605442177,0.6014150943396226,0.5804597701149425,0.41735537190082644,0.9528301886792453,0.5471698113207547,-2.0180600293640536,0.944330165805743,0.3966775551766583
hungary,ft_transformer,pooled,raw,mcar_50,4,294.0,0.36054421768707484,0.8142312324367724,0.7283760414141645,0.8919359708045949,0.7323762679812218,0.316456195872307,0.2544274308055836,0.5306122448979592,0.6268065034122843,0.5988372093023255,0.4327731092436975,0.9716981132075472,0.660377358490566,-2.5215169596247575,1.2818886107083713,0.3484272472364869
hungary,ft_transformer,pooled,raw,mcar_50,5,294.0,0.36054421768707484,0.7483440385387395,0.6357848024449098,0.9017003931920035,0.753656698880105,0.31751598597306807,0.2605157330337323,0.5340136054421769,0.6232938578883982,0.5934718100890207,0.4329004329004329,0.9433962264150944,0.4811320754716981,-1.6764056501394213,0.8432858555680409,0.391827900811554
hungary,ft_transformer,pooled,raw,mcar_50,6,294.0,0.36054421768707484,0.7984243275792854,0.7396135833903825,0.8689982948798523,0.7265773544079961,0.3123801332900475,0.25615138731704135,0.5102040816326531,0.6046768366118025,0.5813953488372093,0.42016806722689076,0.9433962264150944,0.6509433962264151,-2.008209126567211,1.0542764996042138,0.33626558465533996
hungary,ft_transformer,pooled,raw,mcar_50,7,294.0,0.36054421768707484,0.758129265355279,0.6645787414252008,0.9159947392595201,0.7668800891146469,0.3246197897664725,0.26694972470421074,0.5204081632653061,0.6147129666800482,0.5889212827988338,0.42616033755274263,0.9528301886792453,0.5660377358490566,-1.7039545672942091,0.8385796083565689,0.3793346743787147
hungary,ft_transformer,pooled,raw,mcar_50,8,294.0,0.36054421768707484,0.8008329987956644,0.7104111745659374,0.8491106543102265,0.7078398929262963,0.29896358462200145,0.24431957897113427,0.5578231292517006,0.6439682858289844,0.608433734939759,0.4469026548672566,0.9528301886792453,0.6226415094339622,-1.9940840679055667,1.048655348713297,0.33569309358942456
hungary,ft_transformer,pooled,raw,mcar_50,9,294.0,0.36054421768707484,0.7153251706142112,0.5912013358967856,0.9198971787568274,0.7720168059378152,0.3230328580852906,0.26627498211554745,0.5476190476190477,0.629817342432758,0.5957446808510638,0.43946188340807174,0.9245283018867925,0.4339622641509434,-1.4664224283531249,0.7104660235079334,0.4132098130910689
hungary,ft_transformer,pooled,raw,natural,0,294.0,0.36054421768707484,0.8927137695704536,0.849878714905582,0.42140383621014754,0.41644033411725134,0.1330311618636661,0.1316164547055261,0.8095238095238095,0.8099156965074268,0.7543859649122807,0.7049180327868853,0.8113207547169812,0.8113207547169812,-0.6954434893310275,1.093177700884321,0.08366644117315021
hungary,ft_transformer,pooled,source_oof_platt,drop_advanced,0,294.0,0.36054421768707484,0.8862906463267763,0.8361394202401304,0.4563124451518013,0.5286479743164687,0.1444917725660379,0.17503203682065405,0.8095238095238095,0.7564231232436772,0.6818181818181818,0.8571428571428571,0.5660377358490566,0.8018867924528302,0.8720674051718654,1.9762816151613485,0.09288776912809753
hungary,ft_transformer,pooled,source_oof_platt,drop_exercise,0,294.0,0.36054421768707484,0.8411782416700121,0.7325434224382414,0.5372589119956579,0.640211141073086,0.18187174612584375,0.22787406489519454,0.6768707482993197,0.5580590124448013,0.22764227642276422,0.8235294117647058,0.1320754716981132,0.7641509433962265,1.5812472489284157,2.418625394703269,0.14116933942235874
hungary,ft_transformer,pooled,source_oof_platt,drop_routine,0,294.0,0.36054421768707484,0.9029004415897229,0.8618991812261605,0.5113220476143002,0.5014584731216266,0.16457650525221817,0.15945077084108278,0.7993197278911565,0.8183962264150944,0.7611336032388664,0.6666666666666666,0.8867924528301887,0.8584905660377359,-0.9875690633833646,2.777229774344572,0.09225913903369634
hungary,ft_transformer,pooled,source_oof_platt,empirical_source,0,294.0,0.36054421768707484,0.8718887996788439,0.8136087718799283,0.46841394132585057,0.5250058762588101,0.14882492416653886,0.17297999700136868,0.8129251700680272,0.7714271376957045,0.7058823529411765,0.8148148148148148,0.6226415094339622,0.7735849056603774,0.48858261602585906,1.9542546393322933,0.0921338847959865
hungary,ft_transformer,pooled,source_oof_platt,empirical_source,1,294.0,0.36054421768707484,0.8699317543155359,0.8021874700585346,0.46755374628484153,0.5209703775848051,0.14801524395487228,0.17043790033216988,0.8163265306122449,0.7823163388197512,0.7216494845360825,0.7954545454545454,0.660377358490566,0.7830188679245284,0.3913678354570978,1.9018656876373041,0.09713438199971614
hungary,ft_transformer,pooled,source_oof_platt,empirical_source,2,294.0,0.36054421768707484,0.8803191489361702,0.8270336314117743,0.45816026184824377,0.5051252590578339,0.14386223736818265,0.16354086408638555,0.8299319727891157,0.7991268566840626,0.7448979591836735,0.8111111111111111,0.6886792452830188,0.8207547169811321,0.3223760729453646,1.9676412730994925,0.0888566754895846
hungary,ft_transformer,pooled,source_oof_platt,empirical_source,3,294.0,0.36054421768707484,0.8660176635889201,0.7807831865078659,0.4666628040963616,0.5242353952331338,0.14756154651167647,0.1718410246476197,0.8163265306122449,0.7720293054997993,0.7065217391304348,0.8333333333333334,0.6132075471698113,0.8018867924528302,0.461163359822816,1.8400041718187072,0.10016643973899542
hungary,ft_transformer,pooled,source_oof_platt,empirical_source,4,294.0,0.36054421768707484,0.8652649538338015,0.784480370727412,0.47041383168683404,0.5251076506177539,0.14990757887800235,0.17299708095894484,0.8027210884353742,0.7613910076274588,0.6914893617021277,0.7926829268292683,0.6132075471698113,0.7830188679245284,0.39561583745199397,1.8045557214097843,0.09775810992217013
hungary,ft_transformer,pooled,source_oof_platt,empirical_source,5,294.0,0.36054421768707484,0.8705339221196308,0.8241579621271168,0.4685949860304088,0.5226947781171549,0.14809132924780258,0.17085326110952492,0.8163265306122449,0.7802589321557607,0.71875,0.8023255813953488,0.6509433962264151,0.7830188679245284,0.40954394903879715,1.9466462078651756,0.09581631718116873
hungary,ft_transformer,pooled,source_oof_platt,empirical_source,6,294.0,0.36054421768707484,0.8669710959454036,0.7980624616521472,0.4716818160678427,0.5215129922601367,0.15013507676471913,0.17117566378439872,0.8027210884353742,0.7613910076274588,0.6914893617021277,0.7926829268292683,0.6132075471698113,0.7924528301886793,0.323120076295913,1.87523086655708,0.09557736537739366
hungary,ft_transformer,pooled,source_oof_platt,empirical_source,7,294.0,0.36054421768707484,0.8753010839020473,0.8016093653423504,0.4641432915276253,0.5145400747584369,0.1471861445963537,0.16852682717866488,0.8027210884353742,0.7634484142914493,0.6947368421052632,0.7857142857142857,0.6226415094339622,0.7924528301886793,0.37258514766148126,1.9199889713176483,0.08856376105143661
hungary,ft_transformer,pooled,source_oof_platt,empirical_source,8,294.0,0.36054421768707484,0.8924126856684063,0.8343573628813843,0.44943546554763647,0.5014828660258723,0.1397046646542037,0.16177520020099456,0.8367346938775511,0.7921015656362906,0.7362637362637363,0.881578947368421,0.6320754716981132,0.8490566037735849,0.5580326431863757,2.2142453063732663,0.08171694226531309
hungary,ft_transformer,pooled,source_oof_platt,empirical_source,9,294.0,0.36054421768707484,0.8926134082697711,0.8326266376349101,0.4457715686572504,0.49630583931335326,0.13844152712328264,0.15976157320182147,0.8333333333333334,0.7956142111601766,0.7407407407407407,0.8433734939759037,0.660377358490566,0.8301886792452831,0.5033525519118744,2.1205932379380443,0.08048314672951402
hungary,ft_transformer,pooled,source_oof_platt,mar_age_sex_30,0,294.0,0.36054421768707484,0.8498093135287033,0.7781140400442553,0.49132157178511315,0.5546831562530614,0.15955087454343106,0.1867890858652854,0.7755102040816326,0.7277699718988357,0.6413043478260869,0.7564102564102564,0.5566037735849056,0.7264150943396226,0.48168597706147837,1.778722049609726,0.10923962033392709
hungary,ft_transformer,pooled,source_oof_platt,mar_age_sex_30,1,294.0,0.36054421768707484,0.8864913689281414,0.8030885196503657,0.45843894624392656,0.5125662962151183,0.14522610315996587,0.16818111418226503,0.8163265306122449,0.7823163388197512,0.7216494845360825,0.7954545454545454,0.660377358490566,0.8301886792452831,0.5193087127621854,2.085142884794701,0.08177717594379988
hungary,ft_transformer,pooled,source_oof_platt,mar_age_sex_30,2,294.0,0.36054421768707484,0.8747490967482938,0.7921936381812196,0.46782750703820275,0.525422644201351,0.14880800539752043,0.17330706859788741,0.8129251700680272,0.7734845443596949,0.708994708994709,0.8072289156626506,0.6320754716981132,0.839622641509434,0.5505979456914245,2.0363518631636635,0.09103758713836752
hungary,ft_transformer,pooled,source_oof_platt,mar_age_sex_30,3,294.0,0.36054421768707484,0.8918606985146528,0.8613298161430154,0.4526212433729632,0.5073469967496066,0.1412119619937448,0.16424896031925224,0.8401360544217688,0.8029907667603372,0.7513227513227513,0.8554216867469879,0.6698113207547169,0.8301886792452831,0.5566147859680463,2.183858542835081,0.08189919388618597
hungary,ft_transformer,pooled,source_oof_platt,mar_age_sex_30,4,294.0,0.36054421768707484,0.8531714171015656,0.7886758831474885,0.48097118392627974,0.5384243516648493,0.1541685338407338,0.1784442595298355,0.7959183673469388,0.7540144520272982,0.6808510638297872,0.7804878048780488,0.6037735849056604,0.7830188679245284,0.39068348424988697,1.7728064362647022,0.11059828895332419
hungary,ft_transformer,pooled,source_oof_platt,mar_age_sex_30,5,294.0,0.36054421768707484,0.886641910879165,0.8106909251783756,0.4563222626916982,0.5094875458267671,0.14334873704812337,0.1657296840546319,0.8095238095238095,0.7708249698916098,0.7052631578947368,0.7976190476190477,0.6320754716981132,0.8679245283018868,0.5095315238281898,2.1300935365379297,0.08329586327480942
hungary,ft_transformer,pooled,source_oof_platt,mar_age_sex_30,6,294.0,0.36054421768707484,0.8663689281413087,0.7837587490010862,0.4740815351207145,0.5343083935123379,0.1520785980799899,0.1779540694276094,0.8027210884353742,0.7552187876354877,0.6813186813186813,0.8157894736842105,0.5849056603773585,0.7641509433962265,0.551245695151339,1.9200111704935636,0.09512509271514558
hungary,ft_transformer,pooled,source_oof_platt,mar_age_sex_30,7,294.0,0.36054421768707484,0.8635086310718588,0.7913070853148039,0.4758202443807217,0.5318126969534738,0.15276603558509114,0.176530030469413,0.7925170068027211,0.7554696908871938,0.6839378238341969,0.7586206896551724,0.6226415094339622,0.7735849056603774,0.41637082800379344,1.8319125353502006,0.09669602494154243
hungary,ft_transformer,pooled,source_oof_platt,mar_age_sex_30,8,294.0,0.36054421768707484,0.8671216378964272,0.8051553401590825,0.4727165635415714,0.5305560325532739,0.15084579623978747,0.1753569811652297,0.7959183673469388,0.7519570453633079,0.6774193548387096,0.7875,0.5943396226415094,0.7924528301886793,0.47617702618183355,1.900988151711204,0.09865969479101554
hungary,ft_transformer,pooled,source_oof_platt,mar_age_sex_30,9,294.0,0.36054421768707484,0.8721397029305501,0.8198985031305173,0.4664949354839171,0.5234498541833593,0.148285606471419,0.1723280966813666,0.7993197278911565,0.7566740264953833,0.6844919786096256,0.7901234567901234,0.6037735849056604,0.7830188679245284,0.46979513888916974,1.9038003448494452,0.09321930972416047
hungary,ft_transformer,pooled,source_oof_platt,mcar_10,0,294.0,0.36054421768707484,0.8708851866720192,0.8308348406068882,0.46803195815832943,0.5271099987082846,0.14744734127203835,0.17259086563004525,0.826530612244898,0.782065435568045,0.7213114754098361,0.8571428571428571,0.6226415094339622,0.8301886792452831,0.570355765924947,2.0375086455785354,0.0984471707774715
hungary,ft_transformer,pooled,source_oof_platt,mcar_10,1,294.0,0.36054421768707484,0.8646627860297069,0.809291108637704,0.47646835604308546,0.5348423986727101,0.15243708864314418,0.17722517591268663,0.8061224489795918,0.7681653954235247,0.7015706806282722,0.788235294117647,0.6320754716981132,0.7924528301886793,0.450801521016507,1.8589379833019741,0.09749678546142712
hungary,ft_transformer,pooled,source_oof_platt,mcar_10,2,294.0,0.36054421768707484,0.8785628261742272,0.807834031058202,0.4675486980227192,0.5258823148759477,0.14805979027773802,0.1730067686093069,0.8129251700680272,0.7652549177037334,0.6961325966850829,0.84,0.5943396226415094,0.7924528301886793,0.5912550843299088,2.095201196971306,0.09641160049117573
hungary,ft_transformer,pooled,source_oof_platt,mcar_10,3,294.0,0.36054421768707484,0.8604476114010438,0.8032279717022538,0.4754151943719797,0.533689518066672,0.15112142143645327,0.17557729034145708,0.8231292517006803,0.7835206744279406,0.723404255319149,0.8292682926829268,0.6415094339622641,0.7735849056603774,0.4220153371123374,1.8319987138317426,0.10662924428458052
hungary,ft_transformer,pooled,source_oof_platt,mcar_10,4,294.0,0.36054421768707484,0.8715877157767964,0.8121554196908326,0.46949706907300115,0.5223489349755366,0.14872647126691502,0.17101499313816887,0.7993197278911565,0.7628462464873544,0.694300518134715,0.7701149425287356,0.6320754716981132,0.7924528301886793,0.4079178792374842,1.9694734913919725,0.0959101183830533
hungary,ft_transformer,pooled,source_oof_platt,mcar_10,5,294.0,0.36054421768707484,0.8684263348052992,0.797187394379572,0.46783705633467293,0.5248764747236698,0.1477858528814863,0.17171179757334198,0.8333333333333334,0.7997290244881574,0.7461139896373057,0.8275862068965517,0.6792452830188679,0.7830188679245284,0.45661746311643947,1.8918630468147974,0.10054268386384321
hungary,ft_transformer,pooled,source_oof_platt,mcar_10,6,294.0,0.36054421768707484,0.8698815736651946,0.8140112398813666,0.4703627116493097,0.5254872250677259,0.14927915441377596,0.17255179889282862,0.8095238095238095,0.7728823765556001,0.7083333333333334,0.7906976744186046,0.6415094339622641,0.7735849056603774,0.4423565315283976,1.9633073101755696,0.09871653811230036
hungary,ft_transformer,pooled,source_oof_platt,mcar_10,7,294.0,0.36054421768707484,0.8643115214773183,0.7906405281873607,0.47655906792726704,0.5318694550232488,0.15229810179622882,0.17593480723567298,0.8095238095238095,0.7728823765556001,0.7083333333333334,0.7906976744186046,0.6415094339622641,0.7735849056603774,0.42549572060531027,1.8989677090781494,0.0992037546716024
hungary,ft_transformer,pooled,source_oof_platt,mcar_10,8,294.0,0.36054421768707484,0.8807707747892413,0.8210583454226562,0.4620053994296015,0.5148183122655522,0.14626185921414853,0.16856265953419314,0.8027210884353742,0.76756322761943,0.7010309278350515,0.7727272727272727,0.6415094339622641,0.8113207547169812,0.4431122305285853,2.001591024709508,0.08666248701516649
hungary,ft_transformer,pooled,source_oof_platt,mcar_10,9,294.0,0.36054421768707484,0.8572360497792051,0.8153212457534897,0.48318939551437606,0.539480504015902,0.15470547624501949,0.17855705610661948,0.8061224489795918,0.7681653954235247,0.7015706806282722,0.788235294117647,0.6320754716981132,0.7264150943396226,0.3597094310839007,1.7980449533535408,0.10536401858609185
hungary,ft_transformer,pooled,source_oof_platt,mcar_30,0,294.0,0.36054421768707484,0.7931553592934564,0.7359631404873197,0.549972999222901,0.5794708639801677,0.18368855605489184,0.1961641671765527,0.7380952380952381,0.7211461260537937,0.6451612903225806,0.6306306306306306,0.660377358490566,0.6415094339622641,-0.20437188872995887,1.5919230139728917,0.15191798402003537
hungary,ft_transformer,pooled,source_oof_platt,mcar_30,1,294.0,0.36054421768707484,0.8285828984343637,0.727284142889034,0.5197526216664639,0.5486161496450903,0.17088629646194967,0.1831395370301846,0.7585034013605442,0.7391609795262946,0.6666666666666666,0.6635514018691588,0.6698113207547169,0.6698113207547169,-0.10649298678048033,1.8720059640667737,0.11813964361929397
hungary,ft_transformer,pooled,source_oof_platt,mcar_30,2,294.0,0.36054421768707484,0.8286832597350462,0.7397193579629842,0.5216620878062407,0.54841532164374,0.17173803448390434,0.18327290542700117,0.7482993197278912,0.7311822561220394,0.6574074074074074,0.6454545454545455,0.6698113207547169,0.660377358490566,-0.13968165708924335,1.870222497632104,0.11428625989207239
hungary,ft_transformer,pooled,source_oof_platt,mcar_30,3,294.0,0.36054421768707484,0.8325471698113208,0.7561353636478577,0.5186826032447329,0.5474364374008155,0.1700699947205609,0.18235224200221212,0.7721088435374149,0.7559714973906062,0.6883720930232559,0.6788990825688074,0.6981132075471698,0.6981132075471698,-0.11177466063225423,1.8853758036458073,0.11307251592947773
hungary,ft_transformer,pooled,source_oof_platt,mcar_30,4,294.0,0.36054421768707484,0.8533721397029306,0.7770041979487665,0.502541472367628,0.5358297953649446,0.16250371901710498,0.17671675052981856,0.8027210884353742,0.7860798875953432,0.7264150943396226,0.7264150943396226,0.7264150943396226,0.7735849056603774,0.010718347991320439,2.0762365391252913,0.10412260411651592
hungary,ft_transformer,pooled,source_oof_platt,mcar_30,5,294.0,0.36054421768707484,0.844439983942192,0.7772779549501949,0.515141885640573,0.5465836442113712,0.16752786311696766,0.18062881415567714,0.7925170068027211,0.7739863508631072,0.7109004739336493,0.7142857142857143,0.7075471698113207,0.7641509433962265,-0.06578981781396656,2.0235610928946803,0.11732599288344892
hungary,ft_transformer,pooled,source_oof_platt,mcar_30,6,294.0,0.36054421768707484,0.8146326776395022,0.7166446402445622,0.5324285205445709,0.559880845498676,0.17630646030675726,0.18809082593241902,0.7448979591836735,0.7244078683259735,0.647887323943662,0.6448598130841121,0.6509433962264151,0.6320754716981132,-0.14871143371267684,1.811654709099919,0.13004191584456587
hungary,ft_transformer,pooled,source_oof_platt,mcar_30,7,294.0,0.36054421768707484,0.827980730630269,0.7284733809085158,0.5209553422828118,0.5511250780159177,0.17173892074398367,0.18492749789230287,0.7619047619047619,0.7438779606583701,0.6728971962616822,0.6666666666666666,0.6792452830188679,0.6981132075471698,-0.062472427704352844,1.9345464939446184,0.11229124120377346
hungary,ft_transformer,pooled,source_oof_platt,mcar_30,8,294.0,0.36054421768707484,0.8391208350060217,0.7739714725285146,0.5163289487849696,0.5476375854826743,0.16872213187898816,0.18205460458061318,0.782312925170068,0.7680650341228422,0.7037037037037037,0.6909090909090909,0.7169811320754716,0.7358490566037735,-0.0597324906882339,2.008131754381306,0.11307261045104093
hungary,ft_transformer,pooled,source_oof_platt,mcar_30,9,294.0,0.36054421768707484,0.8268265756724207,0.7415441630409842,0.5238420825632171,0.5557727976585456,0.17230830838500252,0.1862404829543538,0.7551020408163265,0.7282717784022481,0.6504854368932039,0.67,0.6320754716981132,0.6792452830188679,-0.034516899371595376,1.9815871013481388,0.11607903186145266
hungary,ft_transformer,pooled,source_oof_platt,mcar_50,0,294.0,0.36054421768707484,0.768667201926937,0.6585563763372094,0.5932203371949345,0.5964365637674046,0.20278461360771727,0.20370615336628398,0.7074829931972789,0.7198414291449218,0.6532258064516129,0.5704225352112676,0.7641509433962265,0.5754716981132075,-0.5506636139190748,1.7233775720128663,0.1958734686027811
hungary,ft_transformer,pooled,source_oof_platt,mcar_50,1,294.0,0.36054421768707484,0.7706242472902448,0.6658699860779163,0.5867781022640766,0.5936136301773265,0.20031795644885148,0.2023939167810611,0.7006802721088435,0.7206945002007226,0.65625,0.56,0.7924528301886793,0.5471698113207547,-0.5089077928921371,1.5288138824593647,0.19262765831649817
hungary,ft_transformer,pooled,source_oof_platt,mcar_50,2,294.0,0.36054421768707484,0.7911983139301485,0.6966388072440081,0.5788467928837032,0.5811931747358996,0.19663888308224714,0.1968413122298444,0.6972789115646258,0.7159775190686472,0.6509803921568628,0.5570469798657718,0.7830188679245284,0.6509433962264151,-0.5753356576830844,1.824339071638813,0.17235455365908559
hungary,ft_transformer,pooled,source_oof_platt,mcar_50,3,294.0,0.36054421768707484,0.7709253311922921,0.6400141329379997,0.6042237203713396,0.5951864682845918,0.2087353868901459,0.20383301362002398,0.6836734693877551,0.7135688478522682,0.651685393258427,0.5403726708074534,0.8207547169811321,0.5377358490566038,-0.729802146251177,1.7686575233044821,0.20722279618862005
hungary,ft_transformer,pooled,source_oof_platt,mcar_50,4,294.0,0.36054421768707484,0.814381774387796,0.729065670939249,0.5792322958008526,0.5723893387309845,0.1969281055994075,0.19309077834473165,0.6870748299319728,0.720343235648334,0.6592592592592592,0.5426829268292683,0.839622641509434,0.660377358490566,-0.7826208118760959,2.4223755804785,0.15669167962662003
hungary,ft_transformer,pooled,source_oof_platt,mcar_50,5,294.0,0.36054421768707484,0.7502509032517062,0.6381955037442155,0.5995441072698018,0.6035598756188727,0.20657429341455175,0.20782511100461823,0.6700680272108843,0.6864712966680048,0.6196078431372549,0.5302013422818792,0.7452830188679245,0.4811320754716981,-0.52899687078431,1.5942768642552543,0.195558716925054
hungary,ft_transformer,pooled,source_oof_platt,mcar_50,6,294.0,0.36054421768707484,0.7999297470895224,0.736752961702887,0.5816133855481802,0.5848462607685838,0.19769579525042308,0.1984606116237137,0.6768707482993197,0.691790445604175,0.6245059288537549,0.5374149659863946,0.7452830188679245,0.6509433962264151,-0.5764239087542792,1.9845002141303663,0.17088600284185082
hungary,ft_transformer,pooled,source_oof_platt,mcar_50,7,294.0,0.36054421768707484,0.7586812525090325,0.6694625570787007,0.6026174817451919,0.605357669025353,0.20760576119111376,0.20807185456261174,0.6598639455782312,0.6826073865917303,0.6183206106870229,0.5192307692307693,0.7641509433962265,0.5566037735849056,-0.5618301014621766,1.570021325509641,0.2027931870299732
hungary,ft_transformer,pooled,source_oof_platt,mcar_50,8,294.0,0.36054421768707484,0.8015857085507829,0.708437499747083,0.5718477404323312,0.5751194637733075,0.19360907607113498,0.19426758607501274,0.6972789115646258,0.7159775190686472,0.6509803921568628,0.5570469798657718,0.7830188679245284,0.6320754716981132,-0.5634153565741604,1.9571305297200725,0.15744183011735025
hungary,ft_transformer,pooled,source_oof_platt,mcar_50,9,294.0,0.36054421768707484,0.7151244480128462,0.5899084376399684,0.6114852069319788,0.6180115189739526,0.21269598598117848,0.21503077232910595,0.6292517006802721,0.6442693697310318,0.5758754863813229,0.4900662251655629,0.6981132075471698,0.44339622641509435,-0.4982896461800465,1.330688539663502,0.2169227686952832
hungary,ft_transformer,pooled,source_oof_platt,natural,0,294.0,0.36054421768707484,0.8935668406262545,0.8504586927148643,0.4462544202496199,0.5128072644021127,0.13979578177936364,0.16773694584236495,0.826530612244898,0.7800080289040545,0.7182320441988951,0.8666666666666667,0.6132075471698113,0.8113207547169812,0.8057108165895174,2.0472489676349217,0.0854907684523196
hungary,realmlp,pooled,raw,drop_advanced,0,294.0,0.36054421768707484,0.883129265355279,0.8290771142525947,0.46343710494746615,0.44225190234972833,0.14932061259399124,0.14150369737423765,0.7959183673469388,0.8054496186270574,0.7478991596638656,0.6742424242424242,0.839622641509434,0.8018867924528302,-0.9264356639046594,1.2047209228387932,0.10723988681476736
hungary,realmlp,pooled,raw,drop_exercise,0,294.0,0.36054421768707484,0.8309915696507427,0.7113270884218289,0.5287599278584664,0.5228504028765281,0.17486122499597648,0.17170563361077304,0.7619047619047619,0.7685668406262545,0.7058823529411765,0.6363636363636364,0.7924528301886793,0.7264150943396226,-0.6683381264976768,1.4857727134681575,0.14470662961529324
hungary,realmlp,pooled,raw,drop_routine,0,294.0,0.36054421768707484,0.9009433962264151,0.8493476273052717,1.05048124188089,0.83648878166242,0.3712324656601175,0.29243291445764197,0.3979591836734694,0.5292553191489362,0.5449871465295629,0.3745583038869258,1.0,0.8490566037735849,-4.230923202800815,1.6291748019655223,0.3356265216012251
hungary,realmlp,pooled,raw,empirical_source,0,294.0,0.36054421768707484,0.859845443596949,0.7948838758497907,0.5508438134644219,0.49841204527701866,0.18627030509562661,0.16586430859799858,0.7312925170068028,0.7610899237254115,0.6996197718631179,0.5859872611464968,0.8679245283018868,0.7547169811320755,-1.2858867003244983,1.1631255155919227,0.16312085729296014
hungary,realmlp,pooled,raw,empirical_source,1,294.0,0.36054421768707484,0.862906463267764,0.7930088447882584,0.5556212931184965,0.5019566507163089,0.18648143011186522,0.16581763166962502,0.7074829931972789,0.7424729024488157,0.6814814814814815,0.5609756097560976,0.8679245283018868,0.8018867924528302,-1.3026641412192068,1.1143680122342667,0.1679988723100294
hungary,realmlp,pooled,raw,empirical_source,2,294.0,0.36054421768707484,0.8689783219590526,0.8087338167087992,0.5664095417764405,0.5044631106146159,0.19014811808785015,0.16633679668338247,0.7142857142857143,0.753964271376957,0.6934306569343066,0.5654761904761905,0.8962264150943396,0.8018867924528302,-1.4183713437107153,1.1385543849925381,0.17183198547931933
hungary,realmlp,pooled,raw,empirical_source,3,294.0,0.36054421768707484,0.8555299076676033,0.7553918054165583,0.5569094242372794,0.5047099062443176,0.18396856760714841,0.1651091752010737,0.7278911564625851,0.7543155359293456,0.6923076923076923,0.5844155844155844,0.8490566037735849,0.7924528301886793,-1.211455473883038,1.0393929968635598,0.18191594663531252
hungary,realmlp,pooled,raw,empirical_source,4,294.0,0.36054421768707484,0.8576876756322761,0.7718158778787155,0.5656962300545878,0.5082542038779645,0.18723834494929226,0.16585632057390404,0.7108843537414966,0.7430750702529105,0.6816479400749064,0.5652173913043478,0.8584905660377359,0.7924528301886793,-1.2520877947385327,1.0497056861515495,0.17808211288217224
hungary,realmlp,pooled,raw,empirical_source,5,294.0,0.36054421768707484,0.8598956242472902,0.8096558780142677,0.5594325734768847,0.5056419563090261,0.19109332256435205,0.16983742231305632,0.6938775510204082,0.729777197912485,0.6691176470588235,0.5481927710843374,0.8584905660377359,0.7830188679245284,-1.3351652509499043,1.1492793938645331,0.16319569832324338
hungary,realmlp,pooled,raw,empirical_source,6,294.0,0.36054421768707484,0.8560818948213569,0.7852829110178196,0.5822155925911399,0.5190773037136723,0.19655638139897844,0.172340887598495,0.7006802721088435,0.7412685668406263,0.6811594202898551,0.5529411764705883,0.8867924528301887,0.7830188679245284,-1.364846725945943,1.0808524220030498,0.1849601184968457
hungary,realmlp,pooled,raw,empirical_source,7,294.0,0.36054421768707484,0.8649638699317543,0.7767919634999638,0.561539317308379,0.4996366816488625,0.18763229055294434,0.164197851286646,0.7244897959183674,0.759885588117222,0.6988847583643123,0.5766871165644172,0.8867924528301887,0.7830188679245284,-1.3625218661900376,1.1361768247125366,0.17628233704110113
hungary,realmlp,pooled,raw,empirical_source,8,294.0,0.36054421768707484,0.8883480529907668,0.8288031424585378,0.5287291311876873,0.473291155623956,0.17665682637413888,0.1547676012530288,0.7312925170068028,0.7713769570453632,0.7106227106227107,0.5808383233532934,0.9150943396226415,0.8301886792452831,-1.5016587854133665,1.3346853513341848,0.15062896561130368
hungary,realmlp,pooled,raw,empirical_source,9,294.0,0.36054421768707484,0.8896025692492975,0.8204795600591555,0.5219282043453437,0.46602875601723265,0.17140590338643527,0.150387164812249,0.7482993197278912,0.7805600160578081,0.7196969696969697,0.6012658227848101,0.8962264150943396,0.8584905660377359,-1.4296998013431794,1.2741182222369944,0.14745316413350468
hungary,realmlp,pooled,raw,mar_age_sex_30,0,294.0,0.36054421768707484,0.8423323966278603,0.7650484245156188,0.5834568027522499,0.5245292825829884,0.19895438592640605,0.17602994891775692,0.7006802721088435,0.7392111601766359,0.6788321167883211,0.5535714285714286,0.8773584905660378,0.7452830188679245,-1.2681995088992124,1.0813549379350162,0.18660600236651015
hungary,realmlp,pooled,raw,mar_age_sex_30,1,294.0,0.36054421768707484,0.8776595744680852,0.7849565201350825,0.5533528223888868,0.49138958283613776,0.1850977154951232,0.1606288317968424,0.7108843537414966,0.7513046969088719,0.6909090909090909,0.5621301775147929,0.8962264150943396,0.8490566037735849,-1.4873811178017136,1.253349738261444,0.1740703897854555
hungary,realmlp,pooled,raw,mar_age_sex_30,2,294.0,0.36054421768707484,0.8627057406663992,0.7766931597670855,0.5646850990620395,0.5050166961400191,0.18914454255874252,0.16601746877209095,0.6972789115646258,0.7365515857085507,0.6763636363636364,0.5502958579881657,0.8773584905660378,0.8207547169811321,-1.3680871568561674,1.169209516946308,0.1772853753456539
hungary,realmlp,pooled,raw,mar_age_sex_30,3,294.0,0.36054421768707484,0.8759534323564834,0.8346999371307227,0.5525812139664977,0.4937941282064262,0.18852538973280378,0.16522666662195085,0.7074829931972789,0.7486451224407868,0.6884057971014492,0.5588235294117647,0.8962264150943396,0.7924528301886793,-1.5003484399814142,1.2475515013034857,0.15686354459902985
hungary,realmlp,pooled,raw,mar_age_sex_30,4,294.0,0.36054421768707484,0.8318948213568848,0.774135453295905,0.6093013399190419,0.5480306576784069,0.20791325925587975,0.1842703425622047,0.6870748299319728,0.7306302689682859,0.6714285714285714,0.5402298850574713,0.8867924528301887,0.6886792452830188,-1.268991549931684,0.9742293279119953,0.2011760907223778
hungary,realmlp,pooled,raw,mar_age_sex_30,5,294.0,0.36054421768707484,0.8707346447209955,0.7867732634575726,0.5645823637597374,0.504277350931275,0.1903943016950238,0.1663651806617848,0.7040816326530612,0.7480429546366921,0.6881720430107527,0.5549132947976878,0.9056603773584906,0.8301886792452831,-1.4524874786244963,1.214415434620065,0.17948602425297291
hungary,realmlp,pooled,raw,mar_age_sex_30,6,294.0,0.36054421768707484,0.8467482938578884,0.7577550662876121,0.5719143007453944,0.5162398687434726,0.19285985855325138,0.17157406761222102,0.6836734693877551,0.7197410678442393,0.6593406593406593,0.5389221556886228,0.8490566037735849,0.7547169811320755,-1.2251333521060883,1.056546542554813,0.18435289222604506
hungary,realmlp,pooled,raw,mar_age_sex_30,7,294.0,0.36054421768707484,0.8509634684865516,0.775107595639161,0.5902364425595323,0.5254827978623929,0.19921946826215867,0.17412884854291466,0.7142857142857143,0.7560216780409474,0.6956521739130435,0.5647058823529412,0.9056603773584906,0.7735849056603774,-1.349535538423353,1.0659606532351225,0.19055246031921252
hungary,realmlp,pooled,raw,mar_age_sex_30,8,294.0,0.36054421768707484,0.8582898434363709,0.7896159497416037,0.5792636109718533,0.5162736170381957,0.19502389710631124,0.17067838440402383,0.7006802721088435,0.745383380168607,0.6857142857142857,0.5517241379310345,0.9056603773584906,0.7547169811320755,-1.3676155308482367,1.0939995047025144,0.18146336775533406
hungary,realmlp,pooled,raw,mar_age_sex_30,9,294.0,0.36054421768707484,0.8526194299478121,0.7780848318640652,0.5806386604872426,0.5198085218706481,0.1961813729688141,0.17261865775923513,0.7142857142857143,0.753964271376957,0.6934306569343066,0.5654761904761905,0.8962264150943396,0.7735849056603774,-1.3210612432187576,1.0621518613235041,0.18428279772086753
hungary,realmlp,pooled,raw,mcar_10,0,294.0,0.36054421768707484,0.8693295865114412,0.81871742493582,0.535331091141254,0.48781711402701355,0.179380969219829,0.1608839635396809,0.7278911564625851,0.7604877559213168,0.6992481203007519,0.58125,0.8773584905660378,0.7735849056603774,-1.292837236720396,1.239535313525397,0.15092206186569235
hungary,realmlp,pooled,raw,mcar_10,1,294.0,0.36054421768707484,0.8586411079887595,0.8068214013550745,0.5503718933815344,0.5001448467122004,0.1866611213802689,0.16702520060638232,0.7040816326530612,0.7336411079887595,0.6716981132075471,0.559748427672956,0.839622641509434,0.7735849056603774,-1.2612880980885903,1.1537824561005414,0.15948654578409488
hungary,realmlp,pooled,raw,mcar_10,2,294.0,0.36054421768707484,0.8653653151344841,0.7905746740608315,0.5439895668709562,0.4951510684609357,0.1829695779852936,0.16345327920285546,0.7278911564625851,0.7625451625853071,0.7014925373134329,0.5802469135802469,0.8867924528301887,0.7358490566037735,-1.3121074158482773,1.2617306089374047,0.1690477420865679
hungary,realmlp,pooled,raw,mcar_10,3,294.0,0.36054421768707484,0.8580389401846649,0.7883168829568125,0.5485563094478756,0.5019035389080817,0.18426639060464062,0.16602761883305286,0.7074829931972789,0.7445303091128062,0.6838235294117647,0.5602409638554217,0.8773584905660378,0.7830188679245284,-1.236352497500218,1.116892476966322,0.16780752678217817
hungary,realmlp,pooled,raw,mcar_10,4,294.0,0.36054421768707484,0.8654656764351665,0.7985402110022761,0.561691748262202,0.504572187219725,0.1884937499566882,0.16610333364024554,0.717687074829932,0.7545664391810518,0.6937269372693727,0.5696969696969697,0.8867924528301887,0.8018867924528302,-1.3773646396107513,1.1832919688987942,0.17218840626621226
hungary,realmlp,pooled,raw,mcar_10,5,294.0,0.36054421768707484,0.868175431553593,0.7896155491477319,0.539550453252586,0.48909749995544505,0.17985510887762188,0.16044418515072484,0.7244897959183674,0.7557707747892413,0.6943396226415094,0.5786163522012578,0.8679245283018868,0.8018867924528302,-1.2968833509023625,1.1805655956243322,0.16363380524290166
hungary,realmlp,pooled,raw,mcar_10,6,294.0,0.36054421768707484,0.8621537535126457,0.8012236223969653,0.5556428415355255,0.5032696321357631,0.18698515566936658,0.16623563958739265,0.7244897959183674,0.759885588117222,0.6988847583643123,0.5766871165644172,0.8867924528301887,0.7452830188679245,-1.301838937583508,1.154017633654403,0.16664140066177607
hungary,realmlp,pooled,raw,mcar_10,7,294.0,0.36054421768707484,0.8500602167804094,0.7817252682641599,0.5683053106188619,0.5129177314879523,0.1929994270775702,0.17163262457145398,0.7142857142857143,0.747792051384986,0.6865671641791045,0.5679012345679012,0.8679245283018868,0.7641509433962265,-1.2867148614239137,1.1316974102121802,0.17696804334052044
hungary,realmlp,pooled,raw,mcar_10,8,294.0,0.36054421768707484,0.875652348454436,0.8105557227452883,0.5400480708585849,0.48494455031544065,0.18075967022218092,0.15918556502288694,0.7278911564625851,0.7646025692492975,0.7037037037037037,0.5792682926829268,0.8962264150943396,0.8207547169811321,-1.3905152771058988,1.2526198362474736,0.15690471422299618
hungary,realmlp,pooled,raw,mcar_10,9,294.0,0.36054421768707484,0.8489562424729027,0.798442040535911,0.5774732744986,0.5205005449746285,0.19803274378154248,0.1759519863535157,0.6938775510204082,0.7277197912484946,0.6666666666666666,0.5487804878048781,0.8490566037735849,0.7547169811320755,-1.3192186319263952,1.1216614621510907,0.17815372426179132
hungary,realmlp,pooled,raw,mcar_30,0,294.0,0.36054421768707484,0.7835708550782818,0.7263065159120206,0.832740822153272,0.7044025616765057,0.2990355813881136,0.24848010028604006,0.5204081632653061,0.6085407466880771,0.5816023738872403,0.42424242424242425,0.9245283018867925,0.6792452830188679,-1.75571152031254,0.9473321133998983,0.3304668955348119
hungary,realmlp,pooled,raw,mcar_30,1,294.0,0.36054421768707484,0.8228121236451225,0.7192108789007808,0.7631352112704336,0.6447349803453921,0.2655247961096299,0.2193766068321803,0.5884353741496599,0.6679044560417503,0.6253869969040248,0.46543778801843316,0.9528301886792453,0.660377358490566,-1.8507100636550669,1.0795579236672177,0.3073982988403377
hungary,realmlp,pooled,raw,mcar_30,2,294.0,0.36054421768707484,0.8313930148534725,0.7535669995000449,0.7635342696584004,0.6405772813063304,0.26974416373619964,0.22141888466814547,0.5816326530612245,0.6646427137695705,0.6238532110091743,0.46153846153846156,0.9622641509433962,0.6698113207547169,-2.040752966062163,1.1865410735409043,0.29663943572330753
hungary,realmlp,pooled,raw,mcar_30,3,294.0,0.36054421768707484,0.832848253713368,0.7731888242099382,0.7540051676456285,0.6351942668159486,0.26613054654145213,0.21969582779288746,0.5850340136054422,0.6631874749096749,0.6211180124223602,0.46296296296296297,0.9433962264150944,0.660377358490566,-1.9834449348559324,1.1574259523013841,0.28552071461781187
hungary,realmlp,pooled,raw,mcar_30,4,294.0,0.36054421768707484,0.8525692492974709,0.7711268275308958,0.7051141127842739,0.5978848748170571,0.24848508163883226,0.20590343375015008,0.6054421768707483,0.6791449217181855,0.6329113924050633,0.47619047619047616,0.9433962264150944,0.7735849056603774,-2.024538068617262,1.2884104893092492,0.26965188193941303
hungary,realmlp,pooled,raw,mcar_30,5,294.0,0.36054421768707484,0.8301384985949419,0.7496469766524908,0.7552326014402436,0.6420639602139289,0.267077984090796,0.2220356184781157,0.5952380952380952,0.6732236049779206,0.6292834890965732,0.4697674418604651,0.9528301886792453,0.7169811320754716,-1.8987385492000735,1.1384580568357126,0.296137235140484
hungary,realmlp,pooled,raw,mcar_30,6,294.0,0.36054421768707484,0.8050983540746689,0.6972429125605059,0.7967310626250339,0.6708291545695071,0.27917672301795815,0.2300057658974031,0.5748299319727891,0.663438378161381,0.6246246246246246,0.4581497797356828,0.9811320754716981,0.6415094339622641,-1.8017227210619136,1.0169974418267596,0.3342109639013984
hungary,realmlp,pooled,raw,mcar_30,7,294.0,0.36054421768707484,0.8132778000802892,0.7174929008002029,0.7671849120876717,0.6465964960906991,0.27022792081818414,0.22274867139381244,0.5850340136054422,0.6631874749096749,0.6211180124223602,0.46296296296296297,0.9433962264150944,0.6509433962264151,-1.8660690439078744,1.1051073739210349,0.3107998420329262
hungary,realmlp,pooled,raw,mcar_30,8,294.0,0.36054421768707484,0.8221095945403453,0.7552892622858746,0.7443006379091438,0.6324752739635147,0.2636118701019017,0.21919995970326467,0.5748299319727891,0.6531513448414291,0.6130030959752322,0.45622119815668205,0.9339622641509434,0.6320754716981132,-1.8543900651710719,1.1349209002597598,0.2883009883998912
hungary,realmlp,pooled,raw,mcar_30,9,294.0,0.36054421768707484,0.8101164191087916,0.7394792108721442,0.7532723626476227,0.6403573311062611,0.2684738611457405,0.22305992641112077,0.5782312925170068,0.6619831393014853,0.6219512195121951,0.4594594594594595,0.9622641509433962,0.6698113207547169,-1.8213569754295864,1.125476909135562,0.3007193164532614
hungary,realmlp,pooled,raw,mcar_50,0,294.0,0.36054421768707484,0.752408671216379,0.6311025746253228,1.025948833409225,0.8385437750903123,0.3634353416792837,0.291795774652236,0.41496598639455784,0.5363809714973906,0.544973544973545,0.3786764705882353,0.9716981132075472,0.5094339622641509,-2.123017069452819,0.9525093386690464,0.43295321901003403
hungary,realmlp,pooled,raw,mcar_50,1,294.0,0.36054421768707484,0.7534624648735447,0.6503068141326467,1.0130113706043407,0.8325287599973634,0.3565644599389306,0.28870324114849255,0.46938775510204084,0.5727619429947812,0.5617977528089888,0.4,0.9433962264150944,0.5566037735849056,-2.006685616053049,0.8885893694795521,0.416289833109748
hungary,realmlp,pooled,raw,mcar_50,2,294.0,0.36054421768707484,0.7717784022480932,0.6863688822234029,1.0114517196220258,0.8258582022386154,0.3586521310029288,0.287955289334029,0.45918367346938777,0.5688980329185066,0.5619834710743802,0.3968871595330739,0.9622641509433962,0.5094339622641509,-2.2887910100717663,1.026780663360558,0.39868452069855775
hungary,realmlp,pooled,raw,mcar_50,3,294.0,0.36054421768707484,0.762419710959454,0.639335026419046,1.0970889279806701,0.8863124175084303,0.3828030956399185,0.30426934678431306,0.4557823129251701,0.574468085106383,0.5698924731182796,0.39849624060150374,1.0,0.5471698113207547,-2.510244263044233,1.050173131291501,0.42888184093928117
hungary,realmlp,pooled,raw,mcar_50,4,294.0,0.36054421768707484,0.7966178241670012,0.6940539966608555,1.0228098485861805,0.8284884957973283,0.3628210711709842,0.2885676144276461,0.45918367346938777,0.5771276595744681,0.5714285714285714,0.4,1.0,0.6132075471698113,-2.817442700429539,1.2799684746326787,0.3994935069595951
hungary,realmlp,pooled,raw,mcar_50,5,294.0,0.36054421768707484,0.7490967482938578,0.6550931878648665,1.0291537414855971,0.84092718362413,0.3650440856775725,0.2929538793428755,0.46258503401360546,0.5797872340425532,0.572972972972973,0.4015151515151515,1.0,0.5660377358490566,-2.1454939356512086,0.9622316814641207,0.41975617112562674
hungary,realmlp,pooled,raw,mcar_50,6,294.0,0.36054421768707484,0.7798323966278602,0.6992686812955731,0.9836851107282976,0.8054800747177953,0.3540394545217937,0.28466850532212623,0.4523809523809524,0.5656362906463268,0.5613079019073569,0.3946360153256705,0.9716981132075472,0.6132075471698113,-2.3765039223372018,1.1179833303489606,0.39416356728984364
hungary,realmlp,pooled,raw,mcar_50,7,294.0,0.36054421768707484,0.7725311120032117,0.683445867491,1.0200107447310482,0.8337971697746291,0.3634839234666032,0.29211768384439607,0.43537414965986393,0.5502810116419109,0.5513513513513514,0.38636363636363635,0.9622641509433962,0.5754716981132075,-2.3245263473909774,1.048800253454623,0.4021119168172882
hungary,realmlp,pooled,raw,mcar_50,8,294.0,0.36054421768707484,0.7818898032918506,0.6831647006843901,0.9972824938890759,0.8127783850916305,0.3508356729236223,0.28094717182257867,0.47619047619047616,0.5863107185869129,0.574585635359116,0.40625,0.9811320754716981,0.6037735849056604,-2.357381456911202,1.0663723400700442,0.3961890848030406
hungary,realmlp,pooled,raw,mcar_50,9,294.0,0.36054421768707484,0.7082496989160979,0.5870954342758473,1.0444459057587647,0.8559166692517797,0.3661617143427914,0.2946580986604972,0.46598639455782315,0.5783319951826575,0.5698630136986301,0.4015444015444015,0.9811320754716981,0.44339622641509435,-1.8058784818353089,0.7809650451251552,0.45443753746482846
hungary,realmlp,pooled,raw,natural,0,294.0,0.36054421768707484,0.8883480529907668,0.837377303508132,0.46100712841406954,0.437091332064437,0.1484493242610788,0.1394377042884688,0.7925170068027211,0.8027900441589724,0.7447698744769874,0.6691729323308271,0.839622641509434,0.8113207547169812,-0.9847002424527842,1.2369103316316827,0.10513636630822877
hungary,realmlp,pooled,source_oof_platt,drop_advanced,0,294.0,0.36054421768707484,0.88358089120835,0.8294890935412133,0.4546412241639487,0.5201998658916819,0.14356008732144618,0.17117115257704119,0.8163265306122449,0.7658570855078282,0.6966292134831461,0.8611111111111112,0.5849056603773585,0.8018867924528302,0.7279151357106122,2.005792234567668,0.0916327994782615
hungary,realmlp,pooled,source_oof_platt,drop_exercise,0,294.0,0.36054421768707484,0.8291850662384584,0.7072603273138838,0.540502894544249,0.6332321612879921,0.18241487693830222,0.22414053398122238,0.6700680272108843,0.54656764351666,0.18487394957983194,0.8461538461538461,0.10377358490566038,0.7169811320754716,1.296543237798431,2.3967602833535233,0.1484107559735136
hungary,realmlp,pooled,source_oof_platt,drop_routine,0,294.0,0.36054421768707484,0.902248093135287,0.8526907799547864,0.6136421533514964,0.5497076715448335,0.2135268170300935,0.18451249013989168,0.6462585034013606,0.7110598153352068,0.6578947368421053,0.5050505050505051,0.9433962264150944,0.8490566037735849,-2.4991708693995163,3.1556112246412638,0.22402236896382113
hungary,realmlp,pooled,source_oof_platt,empirical_source,0,294.0,0.36054421768707484,0.8583902047370533,0.7896945607351507,0.4792705578572221,0.5258202350419663,0.15364062034678988,0.17357492362364077,0.7959183673469388,0.7601866720192694,0.6907216494845361,0.7613636363636364,0.6320754716981132,0.7641509433962265,0.2510802575568708,1.893195774984782,0.09782727557743527
hungary,realmlp,pooled,source_oof_platt,empirical_source,1,294.0,0.36054421768707484,0.8595443596949016,0.7880510897237434,0.47645503113169646,0.520537696372423,0.15174828088805278,0.17011607015342206,0.8231292517006803,0.7938077077478924,0.7373737373737373,0.7934782608695652,0.6886792452830188,0.7924528301886793,0.16300069809349185,1.8023662843249642,0.10187605170425425
hungary,realmlp,pooled,source_oof_platt,empirical_source,2,294.0,0.36054421768707484,0.8653151344841429,0.8016918687252758,0.4740011794897793,0.5112154183727353,0.15060951098162326,0.16618813430045354,0.8027210884353742,0.7716780409474107,0.7070707070707071,0.7608695652173914,0.660377358490566,0.7830188679245284,0.0740723667559292,1.8525677816545403,0.09580167188644201
hungary,realmlp,pooled,source_oof_platt,empirical_source,3,294.0,0.36054421768707484,0.852368526696106,0.752137770508902,0.47794236416420816,0.5231510662360508,0.15239410147243448,0.17155865376050278,0.8061224489795918,0.7681653954235247,0.7015706806282722,0.788235294117647,0.6320754716981132,0.7830188679245284,0.16983079356119554,1.6933135392239846,0.10728590743144653
hungary,realmlp,pooled,source_oof_platt,empirical_source,4,294.0,0.36054421768707484,0.8525190686471298,0.7596549594631067,0.48252721999922493,0.5252223909086771,0.15536184374687476,0.17343125107860557,0.7925170068027211,0.7554696908871938,0.6839378238341969,0.7586206896551724,0.6226415094339622,0.7924528301886793,0.12744295826581128,1.690429578680009,0.10307587815085104
hungary,realmlp,pooled,source_oof_platt,empirical_source,5,294.0,0.36054421768707484,0.8579385788839824,0.804495840879325,0.4804765848523698,0.5247296393314999,0.15353556988009198,0.17212975157261157,0.7925170068027211,0.7575270975511843,0.6871794871794872,0.7528089887640449,0.6320754716981132,0.7924528301886793,0.16295323969366626,1.8409945164890402,0.10064647359233238
hungary,realmlp,pooled,source_oof_platt,empirical_source,6,294.0,0.36054421768707484,0.8524187073464472,0.7772357074153017,0.484664689774679,0.5231781548777609,0.15571340285320354,0.17188084707972642,0.7891156462585034,0.7548675230830991,0.6836734693877551,0.7444444444444445,0.6320754716981132,0.7641509433962265,0.05368159776941682,1.7505674984130792,0.1028327393498692
hungary,realmlp,pooled,source_oof_platt,empirical_source,7,294.0,0.36054421768707484,0.8590927338418306,0.7668948279102418,0.4777586699087355,0.5166948601550536,0.15359387295289373,0.1702598843918954,0.7857142857142857,0.7501505419510237,0.676923076923077,0.7415730337078652,0.6226415094339622,0.7452830188679245,0.11601209019630628,1.8194636423565074,0.09315325842568922
hungary,realmlp,pooled,source_oof_platt,empirical_source,8,294.0,0.36054421768707484,0.8869429947812124,0.8268044841655227,0.45786900381913115,0.4979296767749563,0.14313238208158469,0.15995495902047238,0.8299319727891157,0.7929546366920914,0.7368421052631579,0.8333333333333334,0.660377358490566,0.839622641509434,0.2455472247240098,2.170676059890654,0.08192934236757068
hungary,realmlp,pooled,source_oof_platt,empirical_source,9,294.0,0.36054421768707484,0.8899538338016861,0.8207907949566576,0.4524504801636251,0.4920779791461465,0.14133519496542377,0.15815383935876248,0.8333333333333334,0.7997290244881574,0.7461139896373057,0.8275862068965517,0.6792452830188679,0.8584905660377359,0.26295581625467696,2.1165455999096916,0.07740652326213666
hungary,realmlp,pooled,source_oof_platt,mar_age_sex_30,0,294.0,0.36054421768707484,0.8372641509433962,0.7576896612777887,0.496968437843018,0.5411439544403038,0.1620149300226821,0.18101112381313578,0.7891156462585034,0.7528101164191088,0.6804123711340206,0.75,0.6226415094339622,0.6981132075471698,0.12921064365286516,1.7261861781920704,0.10935835415783124
hungary,realmlp,pooled,source_oof_platt,mar_age_sex_30,1,294.0,0.36054421768707484,0.8736953030911282,0.7772270662629697,0.4715770778915039,0.5097324377161794,0.1500601320014812,0.16589005001388205,0.8197278911564626,0.7932055399437976,0.736318407960199,0.7789473684210526,0.6981132075471698,0.8018867924528302,0.13334870133726065,2.0264013320703937,0.0902484325394569
hungary,realmlp,pooled,source_oof_platt,mar_age_sex_30,2,294.0,0.36054421768707484,0.8589421918908069,0.7700386072652088,0.48188515708586926,0.5230093481201258,0.15454913184449176,0.17184570722803888,0.8231292517006803,0.7958651144118827,0.74,0.7872340425531915,0.6981132075471698,0.8113207547169812,0.14788630054259028,1.9005955358036692,0.09857294092418423
hungary,realmlp,pooled,source_oof_platt,mar_age_sex_30,3,294.0,0.36054421768707484,0.8757527097551184,0.8338758528707573,0.46869651420877095,0.5074023253708317,0.148061622611866,0.16415803292953773,0.8231292517006803,0.7979225210758731,0.7425742574257426,0.78125,0.7075471698113207,0.8113207547169812,0.12691405551445006,2.0410340426949,0.08827156841770593
hungary,realmlp,pooled,source_oof_platt,mar_age_sex_30,4,294.0,0.36054421768707484,0.8294359694901646,0.7666941568511556,0.5009936343434753,0.5416951230079019,0.16234466090333102,0.1793434863057602,0.7925170068027211,0.7595845042151745,0.6903553299492385,0.7472527472527473,0.6415094339622641,0.7075471698113207,-0.0010940675055944658,1.5786002289025278,0.121610105837368
hungary,realmlp,pooled,source_oof_platt,mar_age_sex_30,5,294.0,0.36054421768707484,0.8693797671617824,0.7862960798265461,0.4764528005141389,0.5146016803414435,0.15134722368337852,0.16707796842103573,0.8129251700680272,0.785828984343637,0.7263681592039801,0.7684210526315789,0.6886792452830188,0.8207547169811321,0.09922604866731,1.974687141840774,0.09480502603990926
hungary,realmlp,pooled,source_oof_platt,mar_age_sex_30,6,294.0,0.36054421768707484,0.8432356483340024,0.7534068715202911,0.4898806606560009,0.5349522313305899,0.15893007665806652,0.17817134329431517,0.782312925170068,0.7433761541549578,0.6666666666666666,0.7441860465116279,0.6037735849056604,0.7452830188679245,0.14866942289809937,1.7013102941909393,0.10524759649447307
hungary,realmlp,pooled,source_oof_platt,mar_age_sex_30,7,294.0,0.36054421768707484,0.8474508229626656,0.7689267580134515,0.4901268845795387,0.5281896531705563,0.15859369114413166,0.1744932000034118,0.7891156462585034,0.7589823364110799,0.69,0.7340425531914894,0.6509433962264151,0.7641509433962265,0.03421325464504087,1.7306800071152078,0.10511471651567772
hungary,realmlp,pooled,source_oof_platt,mar_age_sex_30,8,294.0,0.36054421768707484,0.8544259333600963,0.7843445909649674,0.4839625610295079,0.522362843208304,0.15564438136459433,0.17167091762688771,0.7857142857142857,0.7542653552790044,0.6834170854271356,0.7311827956989247,0.6415094339622641,0.7358490566037735,0.05876915087123314,1.7802644901695983,0.09954958769496035
hungary,realmlp,pooled,source_oof_platt,mar_age_sex_30,9,294.0,0.36054421768707484,0.851063829787234,0.7754221160686617,0.4854595915151041,0.52564652675399,0.15642942758477618,0.17309674307971468,0.7857142857142857,0.7583801686069851,0.6896551724137931,0.7216494845360825,0.660377358490566,0.7358490566037735,0.05960098370005872,1.71420902605374,0.10360917122067557
hungary,realmlp,pooled,source_oof_platt,mcar_10,0,294.0,0.36054421768707484,0.8689783219590526,0.818651867167335,0.474029728171272,0.5229065894199085,0.15005774007810102,0.1709598767056217,0.826530612244898,0.7800080289040545,0.7182320441988951,0.8666666666666667,0.6132075471698113,0.7830188679245284,0.3596838172895402,2.0514500202608055,0.09690363491309989
hungary,realmlp,pooled,source_oof_platt,mcar_10,1,294.0,0.36054421768707484,0.8591429144921718,0.80745903449659,0.48081806690361517,0.5300347313058372,0.154253036808015,0.1752722961365465,0.8061224489795918,0.770222802087515,0.7046632124352331,0.7816091954022989,0.6415094339622641,0.7735849056603774,0.28710487454811817,1.9019661057331474,0.09825648888148535
hungary,realmlp,pooled,source_oof_platt,mcar_10,2,294.0,0.36054421768707484,0.864662786029707,0.7849683418079039,0.481136468300842,0.5307341060464514,0.1531804643097307,0.17441971923221355,0.8163265306122449,0.7740867121637895,0.7096774193548387,0.825,0.6226415094339622,0.7358490566037735,0.361332670942878,2.070775880228866,0.10323368381581
hungary,realmlp,pooled,source_oof_platt,mcar_10,3,294.0,0.36054421768707484,0.856533520674428,0.7857019194571196,0.4798264720798113,0.5294993222729277,0.1525478165854334,0.17325868046254844,0.8231292517006803,0.7876354877559213,0.7291666666666666,0.813953488372093,0.660377358490566,0.7547169811320755,0.24872966174729896,1.8242542995576736,0.10675547114014426
hungary,realmlp,pooled,source_oof_platt,mcar_10,4,294.0,0.36054421768707484,0.8622039341629868,0.7900541826649398,0.4809573029492373,0.524095065149352,0.1533056103882487,0.1714185792514547,0.7993197278911565,0.7649036531513449,0.6974358974358974,0.7640449438202247,0.6415094339622641,0.7924528301886793,0.18281563917406946,1.9201161111721026,0.10058350522809173
hungary,realmlp,pooled,source_oof_platt,mcar_10,5,294.0,0.36054421768707484,0.8679245283018868,0.7839967477474397,0.47201067171167943,0.5184295877322049,0.14962075880018025,0.16916564256075303,0.8163265306122449,0.7843737454837414,0.7244897959183674,0.7888888888888889,0.6698113207547169,0.7924528301886793,0.2712639748782927,1.9544271812588037,0.09702343188612762
hungary,realmlp,pooled,source_oof_platt,mcar_10,6,294.0,0.36054421768707484,0.8594941790445604,0.7984713913075171,0.4819060803974651,0.5287922370951889,0.15402096151925027,0.17376106574465167,0.7993197278911565,0.7669610598153351,0.700507614213198,0.7582417582417582,0.6509433962264151,0.7547169811320755,0.23274461574737015,1.8926950817983816,0.10301975962878034
hungary,realmlp,pooled,source_oof_platt,mcar_10,7,294.0,0.36054421768707484,0.8484042553191489,0.7803127660354757,0.4883224237212262,0.535216544537048,0.15729414482765333,0.1775233731129982,0.8027210884353742,0.7613910076274588,0.6914893617021277,0.7926829268292683,0.6132075471698113,0.7641509433962265,0.23374997348100954,1.8694702647943648,0.10426397602460943
hungary,realmlp,pooled,source_oof_platt,mcar_10,8,294.0,0.36054421768707484,0.8737956643918106,0.8079684223094789,0.4716274224050936,0.5158897415077293,0.15007101424805966,0.16892422834602866,0.8027210884353742,0.7655058209554395,0.6979166666666666,0.7790697674418605,0.6320754716981132,0.8207547169811321,0.2782640251518319,2.062086252852881,0.08776076488387581
hungary,realmlp,pooled,source_oof_platt,mcar_10,9,294.0,0.36054421768707484,0.8447410678442393,0.7938046880672068,0.4927535652143843,0.5385056359081991,0.15893738062879745,0.17855165470737228,0.7993197278911565,0.7607888398233641,0.6910994764397905,0.7764705882352941,0.6226415094339622,0.7264150943396226,0.1737744531137572,1.8239156972730775,0.10789557164064897
hungary,realmlp,pooled,source_oof_platt,mcar_30,0,294.0,0.36054421768707484,0.77900441589723,0.7208974658368684,0.5762228750253364,0.5830306971577883,0.1958867061669265,0.19818005981405523,0.6870748299319728,0.6935969490164593,0.6229508196721312,0.5507246376811594,0.7169811320754716,0.660377358490566,-0.5245164641931475,1.5329116335646837,0.18141663268807864
hungary,realmlp,pooled,source_oof_platt,mcar_30,1,294.0,0.36054421768707484,0.8156864712966679,0.7078775956933776,0.5452589331361459,0.5543287061780535,0.1815773404800825,0.18484303058625698,0.7448979591836735,0.7449819349658771,0.6781115879828327,0.6220472440944882,0.7452830188679245,0.6415094339622641,-0.45226421615052004,1.7618749213949738,0.14370221200897093
hungary,realmlp,pooled,source_oof_platt,mcar_30,2,294.0,0.36054421768707484,0.8236150140505821,0.7456765634010201,0.5423564749525872,0.5471465310575251,0.18079187397949714,0.182432721558991,0.7312925170068028,0.7343436370935368,0.6666666666666666,0.6030534351145038,0.7452830188679245,0.6886792452830188,-0.5204091862857114,1.9394582271298022,0.13080348763588154
hungary,realmlp,pooled,source_oof_platt,mcar_30,3,294.0,0.36054421768707484,0.8245684464070654,0.7575867154496119,0.5390635819908814,0.5465279083710921,0.17917629782636993,0.18197664366897584,0.7346938775510204,0.7308309915696507,0.6608695652173913,0.6129032258064516,0.7169811320754716,0.6509433962264151,-0.48204012815264663,1.8715114362997016,0.12793488918386275
hungary,realmlp,pooled,source_oof_platt,mcar_30,4,294.0,0.36054421768707484,0.8447410678442393,0.7616749931211516,0.5228018982645911,0.5358513895488513,0.17124609042945627,0.17661219432718125,0.7755102040816326,0.7648032918506624,0.7,0.6754385964912281,0.7264150943396226,0.7264150943396226,-0.3657490589329939,2.09809079705184,0.11261874567028779
hungary,realmlp,pooled,source_oof_platt,mcar_30,5,294.0,0.36054421768707484,0.8243677238057004,0.7424071365164513,0.5453009338413652,0.5572633867496505,0.18084486607717767,0.18521216118389494,0.7517006802721088,0.748243677238057,0.6812227074235808,0.6341463414634146,0.7358490566037735,0.7169811320754716,-0.4341542815920825,1.864989689515143,0.14205733069713344
hungary,realmlp,pooled,source_oof_platt,mcar_30,6,294.0,0.36054421768707484,0.7942091529506222,0.6823087520106923,0.5625230456125114,0.568667197134309,0.18957600822084933,0.19186236778638416,0.7244897959183674,0.720794861501405,0.6493506493506493,0.6,0.7075471698113207,0.5943396226415094,-0.49160849311807475,1.6388027558754872,0.15990381569850276
hungary,realmlp,pooled,source_oof_platt,mcar_30,7,294.0,0.36054421768707484,0.8060517864311522,0.708673492191374,0.5490905300146229,0.5591266574836966,0.18415927777643415,0.1883105795171115,0.7278911564625851,0.7213970293054998,0.6491228070175439,0.6065573770491803,0.6981132075471698,0.6415094339622641,-0.42534145485551694,1.8129359550038786,0.13614345755468132
hungary,realmlp,pooled,source_oof_platt,mcar_30,8,294.0,0.36054421768707484,0.8150843034925733,0.7435280662696454,0.5423829701153041,0.5554408853130894,0.18065651577291453,0.18591773360934088,0.7346938775510204,0.7308309915696507,0.6608695652173913,0.6129032258064516,0.7169811320754716,0.6226415094339622,-0.3962800259957628,1.845852984002954,0.13367365329962105
hungary,realmlp,pooled,source_oof_platt,mcar_30,9,294.0,0.36054421768707484,0.8017362505018064,0.7283464235645709,0.5504042018231757,0.5645690714173912,0.18457128352788527,0.19050455834957694,0.7108843537414966,0.7060417503010838,0.6320346320346321,0.584,0.6886792452830188,0.6415094339622641,-0.37683559585509907,1.8049805102159868,0.13999189291473504
hungary,realmlp,pooled,source_oof_platt,mcar_50,0,294.0,0.36054421768707484,0.7389100762745884,0.6203968814959844,0.6429501223152551,0.6163371749252629,0.22624534238472754,0.21360761116690735,0.6224489795918368,0.6656965074267363,0.6105263157894737,0.4860335195530726,0.8207547169811321,0.4811320754716981,-0.9152861415837116,1.5502789660612903,0.28370309539192
hungary,realmlp,pooled,source_oof_platt,mcar_50,1,294.0,0.36054421768707484,0.7459353673223605,0.6474361642430477,0.633894335835319,0.6120338972453,0.22213809756666775,0.21139431370403278,0.6258503401360545,0.6704134885588118,0.6153846153846154,0.4888888888888889,0.8301886792452831,0.5566037735849056,-0.8551879665451969,1.4413599746569858,0.26215571668118987
hungary,realmlp,pooled,source_oof_platt,mcar_50,2,294.0,0.36054421768707484,0.7686672019269369,0.6790188556157958,0.6275921440990189,0.5996408663360131,0.2196899405734177,0.20622128751597035,0.6496598639455783,0.6993175431553593,0.643598615916955,0.5081967213114754,0.8773584905660378,0.5,-1.0088339229316745,1.747954776030735,0.24889159018142004
hungary,realmlp,pooled,source_oof_platt,mcar_50,3,294.0,0.36054421768707484,0.7557456844640706,0.6302573805174196,0.652152787359603,0.6114951241782576,0.23126688918037633,0.21192171619521652,0.5952380952380952,0.658821758329988,0.6123778501628665,0.46766169154228854,0.8867924528301887,0.5377358490566038,-1.1927442789224214,1.8069182572524711,0.28240460016734653
hungary,realmlp,pooled,source_oof_platt,mcar_50,4,294.0,0.36054421768707484,0.7892914492171819,0.6841983357755129,0.6255239334641097,0.5920426848581164,0.21831784922121228,0.20233262888253117,0.6224489795918368,0.6821557607386592,0.6312292358803987,0.48717948717948717,0.8962264150943396,0.5754716981132075,-1.2082393233248256,2.1643002410431897,0.237736038388214
hungary,realmlp,pooled,source_oof_platt,mcar_50,5,294.0,0.36054421768707484,0.7404154957848254,0.6494928338202862,0.6405613895260388,0.6145496372479848,0.22575772836090144,0.21327453644428407,0.6054421768707483,0.6523986350863107,0.6,0.47282608695652173,0.8207547169811321,0.5283018867924528,-0.9247909389957089,1.5977006851790465,0.2585454282395561
hungary,realmlp,pooled,source_oof_platt,mcar_50,6,294.0,0.36054421768707484,0.7792804094741067,0.6966253902727757,0.6184787836389791,0.5950901381724015,0.2153035177021555,0.20403026461803325,0.6428571428571429,0.6837113608992373,0.6263345195729537,0.5028571428571429,0.8301886792452831,0.6226415094339622,-0.983245215086257,1.9147951369771123,0.2303559774540057
hungary,realmlp,pooled,source_oof_platt,mcar_50,7,294.0,0.36054421768707484,0.7605881172219991,0.6722723235150687,0.6339755490234658,0.6076481406888036,0.22238136244798828,0.20955362667827301,0.6258503401360545,0.6683560818948213,0.6126760563380281,0.4887640449438202,0.8207547169811321,0.5943396226415094,-0.9715664577863293,1.6953839775545838,0.26190166871188725
hungary,realmlp,pooled,source_oof_platt,mcar_50,8,294.0,0.36054421768707484,0.774262344439984,0.6724958237300988,0.6192012823523667,0.5924638582780181,0.21575014288477493,0.20292262103025827,0.6122448979591837,0.6577177840224809,0.6041666666666666,0.47802197802197804,0.8207547169811321,0.5754716981132075,-0.9907554037132044,1.7723227032724618,0.22723786737842794
hungary,realmlp,pooled,source_oof_platt,mcar_50,9,294.0,0.36054421768707484,0.7003211561621838,0.5789438154946305,0.6526663960218905,0.6291400147532207,0.2316368974452659,0.22026192098862135,0.5850340136054422,0.6261541549578483,0.5734265734265734,0.45555555555555555,0.7735849056603774,0.41509433962264153,-0.8125049599664731,1.2905256425435734,0.2836186377139415
hungary,realmlp,pooled,source_oof_platt,natural,0,294.0,0.36054421768707484,0.8891509433962264,0.8385090059839668,0.44944449673435816,0.5123327887010584,0.1411376313928139,0.1675564788790832,0.8231292517006803,0.7752910477719791,0.7111111111111111,0.8648648648648649,0.6037735849056604,0.8113207547169812,0.7128419873870202,2.0651232615558723,0.08751960687688529
hungary,tabicl,pooled,raw,drop_advanced,0,294.0,0.36054421768707484,0.8874949819349659,0.8307408874911675,0.4992879181891931,0.46082338277161716,0.1623623501211032,0.14832915817872902,0.8027210884353742,0.8189983942191891,0.7622950819672131,0.6739130434782609,0.8773584905660378,0.8301886792452831,-1.1801986910690976,1.4155366838782677,0.12919062825065022
hungary,tabicl,pooled,raw,drop_exercise,0,294.0,0.36054421768707484,0.8426334805299076,0.7346351382741501,0.5484446444209681,0.5303452376637927,0.18215109538184796,0.17393910245449282,0.7448979591836735,0.7634985949417905,0.701195219123506,0.6068965517241379,0.8301886792452831,0.7641509433962265,-0.9023272630173208,1.9689270476063085,0.15507380004824595
hungary,tabicl,pooled,raw,drop_routine,0,294.0,0.36054421768707484,0.9001405058209555,0.8273074585117338,0.9526009778179605,0.7640401070382143,0.3430910882522405,0.27109578498598674,0.36054421768707484,0.5,0.53,0.36054421768707484,1.0,0.7924528301886793,-3.7726500716546885,1.6452295423658099,0.3456876515281361
hungary,tabicl,pooled,raw,empirical_source,0,294.0,0.36054421768707484,0.866218386190285,0.8071733435965232,0.5735177872958445,0.5090326492925735,0.1961580319105063,0.17081108157318015,0.7006802721088435,0.7433259735046167,0.6834532374100719,0.5523255813953488,0.8962264150943396,0.7735849056603774,-1.5412493210650835,1.3682833972367738,0.18563421362541702
hungary,tabicl,pooled,raw,empirical_source,1,294.0,0.36054421768707484,0.8680750702529105,0.8085698071843327,0.5790988782665397,0.5126250349012561,0.19656047630878948,0.17068126854050336,0.7040816326530612,0.7480429546366921,0.6881720430107527,0.5549132947976878,0.9056603773584906,0.8113207547169812,-1.5573444672395627,1.3249083485682194,0.1896635606429059
hungary,tabicl,pooled,raw,empirical_source,2,294.0,0.36054421768707484,0.8675732637494982,0.8047766734270632,0.6017490724671944,0.5253757772842185,0.20547805077301784,0.17607765771978454,0.6802721088435374,0.733540746688077,0.6758620689655173,0.532608695652174,0.9245283018867925,0.8207547169811321,-1.6752801761433136,1.2854213337109295,0.2062528613156419
hungary,tabicl,pooled,raw,empirical_source,3,294.0,0.36054421768707484,0.865114411882778,0.7909623819453602,0.574795303879207,0.511110265040323,0.19338506234730618,0.16927294971826423,0.7040816326530612,0.7459855479727018,0.6859205776173285,0.5555555555555556,0.8962264150943396,0.7547169811320755,-1.4511399632152728,1.2606580130266967,0.1888057241963213
hungary,tabicl,pooled,raw,empirical_source,4,294.0,0.36054421768707484,0.8655660377358491,0.7908134754453346,0.5906642676813711,0.5200173635177441,0.19904979661014507,0.17190727003223183,0.7074829931972789,0.7527599357687675,0.6928571428571428,0.5574712643678161,0.9150943396226415,0.8113207547169812,-1.5103792323671434,1.2577131846149419,0.19856248303905494
hungary,tabicl,pooled,raw,empirical_source,5,294.0,0.36054421768707484,0.8683761541549578,0.8190182854454057,0.5791135805991487,0.5123009999864746,0.19884495450100748,0.17220680330418614,0.6870748299319728,0.7347450822962666,0.676056338028169,0.5393258426966292,0.9056603773584906,0.8113207547169812,-1.628665875894011,1.410841148921375,0.18849477046635013
hungary,tabicl,pooled,raw,empirical_source,6,294.0,0.36054421768707484,0.8577378562826173,0.7874633283445355,0.6113573042299184,0.535886400838914,0.20777579918473188,0.1787784910344788,0.673469387755102,0.7261641910879165,0.6689655172413793,0.5271739130434783,0.9150943396226415,0.7735849056603774,-1.5371707469015987,1.192695020862986,0.2112183130447767
hungary,tabicl,pooled,raw,empirical_source,7,294.0,0.36054421768707484,0.8709353673223604,0.7879822786962046,0.5915124674513068,0.5180870672428108,0.1995224814935663,0.17129908601293842,0.7040816326530612,0.7521577679646728,0.6925795053003534,0.5536723163841808,0.9245283018867925,0.8113207547169812,-1.5878638054634895,1.2809268181140203,0.202460032273185
hungary,tabicl,pooled,raw,empirical_source,8,294.0,0.36054421768707484,0.8799177037334404,0.8267100315961815,0.5670919948579082,0.5005101800296873,0.19299196849242733,0.16692098422670748,0.7006802721088435,0.7515556001605781,0.6923076923076923,0.55,0.9339622641509434,0.8113207547169812,-1.641675534053824,1.4222125004825013,0.1789448297240436
hungary,tabicl,pooled,raw,empirical_source,9,294.0,0.36054421768707484,0.892111601766359,0.8284469331543176,0.555004006942047,0.48683071299640845,0.18591621794750887,0.159700867572835,0.717687074829932,0.7648534725010037,0.7046263345195729,0.5657142857142857,0.9339622641509434,0.8301886792452831,-1.7075794293636384,1.4766134217266556,0.17136208927150917
hungary,tabicl,pooled,raw,mar_age_sex_30,0,294.0,0.36054421768707484,0.8421316740264955,0.7650202098396313,0.5901665142552197,0.5326575342365727,0.20131967979918566,0.17824512503412937,0.7040816326530612,0.7459855479727018,0.6859205776173285,0.5555555555555556,0.8962264150943396,0.6886792452830188,-1.3126779491653786,1.268398102386825,0.20403570526647863
hungary,tabicl,pooled,raw,mar_age_sex_30,1,294.0,0.36054421768707484,0.8837314331593737,0.7800756437480526,0.5568476454491655,0.4922385884101907,0.18489014384865693,0.15934773009366926,0.7414965986394558,0.7855279004415897,0.7246376811594203,0.5882352941176471,0.9433962264150944,0.8207547169811321,-1.6041221753724366,1.4912514707665134,0.1887482705360175
hungary,tabicl,pooled,raw,mar_age_sex_30,2,294.0,0.36054421768707484,0.859193095142513,0.7506315646393534,0.5745953194287428,0.5153426245351339,0.19185227339554148,0.16846485705233477,0.717687074829932,0.7586812525090325,0.6981818181818182,0.5680473372781065,0.9056603773584906,0.8018867924528302,-1.380749307680855,1.3289386992183598,0.2034693114203641
hungary,tabicl,pooled,raw,mar_age_sex_30,3,294.0,0.36054421768707484,0.8841328783621037,0.8482052893929228,0.5383784562622795,0.48313635848116154,0.18219561075495225,0.1601543797521353,0.7142857142857143,0.753964271376957,0.6934306569343066,0.5654761904761905,0.8962264150943396,0.8018867924528302,-1.5840952751867388,1.5642319742901594,0.15283930103903107
hungary,tabicl,pooled,raw,mar_age_sex_30,4,294.0,0.36054421768707484,0.8410276997189884,0.7746287585445054,0.5962322510799346,0.5353274354056929,0.2033514317970417,0.1795141526798636,0.7006802721088435,0.7392111601766359,0.6788321167883211,0.5535714285714286,0.8773584905660378,0.7169811320754716,-1.3421033430317022,1.205221475141213,0.20658731105207945
hungary,tabicl,pooled,raw,mar_age_sex_30,5,294.0,0.36054421768707484,0.8777097551184263,0.7926166625884861,0.5583558004705403,0.4965772058555977,0.1869533499996972,0.16280179923564278,0.717687074829932,0.7586812525090325,0.6981818181818182,0.5680473372781065,0.9056603773584906,0.8207547169811321,-1.5523200176487268,1.4256854572952131,0.18579017733613284
hungary,tabicl,pooled,raw,mar_age_sex_30,6,294.0,0.36054421768707484,0.8635086310718587,0.7767396706538398,0.5712994895272605,0.5100599169624369,0.19215779700432734,0.1680620699917215,0.7074829931972789,0.7507025291047772,0.6906474820143885,0.5581395348837209,0.9056603773584906,0.7924528301886793,-1.4450621826092136,1.3543013454379842,0.19179756389942287
hungary,tabicl,pooled,raw,mar_age_sex_30,7,294.0,0.36054421768707484,0.8484544359694902,0.7433135262331092,0.5889494280577889,0.5262078365585596,0.1970331462273916,0.17289440464085173,0.7108843537414966,0.7533621035728624,0.6931407942238267,0.5614035087719298,0.9056603773584906,0.7641509433962265,-1.3527907404463517,1.205779354598516,0.21358394317645746
hungary,tabicl,pooled,raw,mar_age_sex_30,8,294.0,0.36054421768707484,0.8671718185467684,0.8002583252804525,0.5628155294089384,0.5046392536938074,0.18971959712973124,0.16658136923370934,0.7380952380952381,0.7787535126455238,0.717948717948718,0.5868263473053892,0.9245283018867925,0.8018867924528302,-1.4460965214858374,1.3865281767608548,0.1811923768543058
hungary,tabicl,pooled,raw,mar_age_sex_30,9,294.0,0.36054421768707484,0.8606483340024088,0.7898574572381024,0.5655952914840513,0.5086567974421984,0.19089930473063968,0.16856829643519322,0.7074829931972789,0.7465877157767965,0.6861313868613139,0.5595238095238095,0.8867924528301887,0.7641509433962265,-1.3810394277024032,1.3103912434703693,0.18367369760410474
hungary,tabicl,pooled,raw,mcar_10,0,294.0,0.36054421768707484,0.8761541549578483,0.8215751951219744,0.5561017065739677,0.4985295179576496,0.18773530458562065,0.16500136412857644,0.7244897959183674,0.7640004014452028,0.7032967032967034,0.5748502994011976,0.9056603773584906,0.8113207547169812,-1.5074368188068992,1.4904249058495382,0.17146076267805352
hungary,tabicl,pooled,raw,mcar_10,1,294.0,0.36054421768707484,0.8588418305901245,0.7949344863491339,0.5734615744523184,0.5136374778928399,0.1952011787940837,0.17162172653657798,0.6972789115646258,0.7365515857085507,0.6763636363636364,0.5502958579881657,0.8773584905660378,0.7641509433962265,-1.436867941019659,1.3409729765284026,0.18679075437526638
hungary,tabicl,pooled,raw,mcar_10,2,294.0,0.36054421768707484,0.8722902448815737,0.7837884545887954,0.5625386421774538,0.5059718478159341,0.18920055952394088,0.16685286344193528,0.7142857142857143,0.7580790847049378,0.697841726618705,0.563953488372093,0.9150943396226415,0.7452830188679245,-1.437876262052619,1.45761997727841,0.18901542400859828
hungary,tabicl,pooled,raw,mcar_10,3,294.0,0.36054421768707484,0.8487555198715376,0.7985868173006968,0.5849890885166747,0.5252441133597444,0.1999099046078406,0.1765178688069436,0.7006802721088435,0.7392111601766359,0.6788321167883211,0.5535714285714286,0.8773584905660378,0.7264150943396226,-1.395703935057099,1.2464053190835493,0.19461115761911496
hungary,tabicl,pooled,raw,mcar_10,4,294.0,0.36054421768707484,0.8665194700923324,0.7991159679204228,0.5794459537957368,0.5142267767110236,0.19581972831411315,0.17032544378610986,0.7142857142857143,0.7580790847049378,0.697841726618705,0.563953488372093,0.9150943396226415,0.8018867924528302,-1.5072986166866584,1.326564636801027,0.1926982833038037
hungary,tabicl,pooled,raw,mcar_10,5,294.0,0.36054421768707484,0.8669209152950622,0.7918456297112078,0.5627538651457177,0.5040110967729607,0.1893449556764699,0.16659724270516157,0.717687074829932,0.7545664391810518,0.6937269372693727,0.5696969696969697,0.8867924528301887,0.7735849056603774,-1.4532290463732342,1.3409670099652333,0.18680459810063724
hungary,tabicl,pooled,raw,mcar_10,6,294.0,0.36054421768707484,0.8639602569249298,0.7786095483181394,0.5742446580773792,0.5128148469196065,0.19357942527836167,0.16955869249316674,0.7210884353741497,0.763398233641108,0.7028985507246377,0.5705882352941176,0.9150943396226415,0.7830188679245284,-1.4639204147885583,1.339160161334489,0.19831157859108073
hungary,tabicl,pooled,raw,mcar_10,7,294.0,0.36054421768707484,0.8596949016459253,0.7906504684596802,0.5820705680251769,0.5191211034215499,0.19804662496224487,0.1732612184099041,0.6972789115646258,0.7406663990365315,0.6810035842293907,0.5491329479768786,0.8962264150943396,0.7547169811320755,-1.4734624696014293,1.3355250115912296,0.19673634275769056
hungary,tabicl,pooled,raw,mcar_10,8,294.0,0.36054421768707484,0.8676234443998395,0.8001980614327665,0.5682743580272374,0.506713411791263,0.19103168248817556,0.16728012047181073,0.7244897959183674,0.7640004014452028,0.7032967032967034,0.5748502994011976,0.9056603773584906,0.7830188679245284,-1.4637638385373926,1.3091867474842518,0.18572477353161132
hungary,tabicl,pooled,raw,mcar_10,9,294.0,0.36054421768707484,0.8515656362906463,0.7931576504678689,0.5865512238848675,0.5240184869295814,0.2011479631573582,0.17647558371905153,0.7074829931972789,0.7465877157767965,0.6861313868613139,0.5595238095238095,0.8867924528301887,0.7169811320754716,-1.448843364913628,1.2974825791528684,0.19817259709371174
hungary,tabicl,pooled,raw,mcar_30,0,294.0,0.36054421768707484,0.7825170614211161,0.731957789998593,0.7672009489119157,0.6592402015780343,0.2780764308475981,0.23404218342946548,0.5136054421768708,0.5991067844239262,0.573134328358209,0.4192139737991266,0.9056603773584906,0.660377358490566,-1.697844577594626,1.0821750235997185,0.32781495817301276
hungary,tabicl,pooled,raw,mcar_30,1,294.0,0.36054421768707484,0.81985146527499,0.7119092620923233,0.736642860094346,0.6266138819144949,0.2581279997804713,0.21425392084679834,0.6020408163265306,0.6764853472501003,0.6309148264984227,0.47393364928909953,0.9433962264150944,0.6320754716981132,-1.8265276505505983,1.1920655655662642,0.31624396780297714
hungary,tabicl,pooled,raw,mcar_30,2,294.0,0.36054421768707484,0.8239662786029707,0.7322822808411507,0.7392394728178433,0.6259974254201999,0.2584984774375981,0.21379934695514766,0.6122448979591837,0.6885788839823364,0.6415094339622641,0.4811320754716981,0.9622641509433962,0.6415094339622641,-1.8470963567905174,1.1639368016388951,0.3061765224007748
hungary,tabicl,pooled,raw,mcar_30,3,294.0,0.36054421768707484,0.8144319550381371,0.7093865462743114,0.743464897314931,0.6327040947583713,0.26163017841834374,0.2175198204709593,0.5884353741496599,0.6637896427137696,0.6206896551724138,0.4647887323943662,0.9339622641509434,0.6886792452830188,-1.8142732430797004,1.173908262266861,0.3222555763683591
hungary,tabicl,pooled,raw,mcar_30,4,294.0,0.36054421768707484,0.8450923323966277,0.7542189264717476,0.6791250724538134,0.5832228395941451,0.23788059155393693,0.19916494460564463,0.6258503401360545,0.6992171818546769,0.6496815286624203,0.49038461538461536,0.9622641509433962,0.7264150943396226,-1.871992316493202,1.359594326585635,0.2766521089184731
hungary,tabicl,pooled,raw,mcar_30,5,294.0,0.36054421768707484,0.8366118024889604,0.7795070728480018,0.7161046330858547,0.6128349211158978,0.2568099642089934,0.21427809966642997,0.5918367346938775,0.668506623845845,0.625,0.4672897196261682,0.9433962264150944,0.7264150943396226,-2.014054123293358,1.3970357277533028,0.29127666597751045
hungary,tabicl,pooled,raw,mcar_30,6,294.0,0.36054421768707484,0.7937575270975512,0.6884802218894653,0.7735976834461151,0.6587149490989238,0.2729212540907883,0.22714430036170394,0.54421768707483,0.6333299879566439,0.6011904761904762,0.4391304347826087,0.9528301886792453,0.5094339622641509,-1.676724211162763,1.04220351031219,0.34469988362526127
hungary,tabicl,pooled,raw,mcar_30,7,294.0,0.36054421768707484,0.8142814130871137,0.7171975194663145,0.726197087216788,0.6217965402418836,0.2571385384892506,0.21469470251148545,0.5782312925170068,0.659925732637495,0.6196319018404908,0.4590909090909091,0.9528301886792453,0.6509433962264151,-1.7788262732956563,1.2272647033981685,0.3155556497681232
hungary,tabicl,pooled,raw,mcar_30,8,294.0,0.36054421768707484,0.8172420714572461,0.7258603611920037,0.7264173140420629,0.6221756622410026,0.25727104961769637,0.21512805984077232,0.5816326530612245,0.6605279004415897,0.6191950464396285,0.4608294930875576,0.9433962264150944,0.660377358490566,-1.8094160416773089,1.2245622380066503,0.3115614117512109
hungary,tabicl,pooled,raw,mcar_30,9,294.0,0.36054421768707484,0.8019369731031714,0.6923586245407046,0.733089958559003,0.6305077149240246,0.25796885957527016,0.21661938074092305,0.5986394557823129,0.6738257727820153,0.6289308176100629,0.4716981132075472,0.9433962264150944,0.6037735849056604,-1.6379531094833548,1.120122790084545,0.32585715536175774
hungary,tabicl,pooled,raw,mcar_50,0,294.0,0.36054421768707484,0.7149237254114813,0.5614527080846998,0.938371336671006,0.7840872773129909,0.3345416324999448,0.27367200460757635,0.4489795918367347,0.5588619028502609,0.554945054945055,0.39147286821705424,0.9528301886792453,0.4339622641509434,-1.6202296459657906,0.8137356737439438,0.46737375966555816
hungary,tabicl,pooled,raw,mcar_50,1,294.0,0.36054421768707484,0.767362505018065,0.6692034344397201,0.8907824379663832,0.744058100029166,0.31812205273476385,0.2605692411882551,0.5,0.5946407065435568,0.5739130434782609,0.41422594142259417,0.9339622641509434,0.5566037735849056,-1.8799700549975704,0.9850662116623297,0.3936057378718164
hungary,tabicl,pooled,raw,mcar_50,2,294.0,0.36054421768707484,0.7640004014452026,0.6530179849657113,0.9060632764187336,0.7515849782669826,0.32054977422168823,0.2603359655647718,0.5136054421768708,0.6135086310718587,0.5902578796561605,0.42386831275720166,0.9716981132075472,0.5188679245283019,-1.9197657390508498,0.9838267169422849,0.40334148517248913
hungary,tabicl,pooled,raw,mcar_50,3,294.0,0.36054421768707484,0.7351214371738257,0.5991249903981706,0.9999519794167325,0.8217177856086693,0.35328656200557335,0.28477944208634554,0.4523809523809524,0.5718085106382979,0.5683646112600537,0.3970037453183521,1.0,0.5,-1.9243304665016525,0.887898290019439,0.4470650316092547
hungary,tabicl,pooled,raw,mcar_50,4,294.0,0.36054421768707484,0.7809112806101967,0.6449712647635649,0.942929594657819,0.772523031303809,0.333872320221892,0.2674798152779481,0.4931972789115646,0.6037234042553191,0.5872576177285319,0.41568627450980394,1.0,0.5283018867924528,-2.3053129603271127,1.1511081316366512,0.4153173072897328
hungary,tabicl,pooled,raw,mcar_50,5,294.0,0.36054421768707484,0.7196908871938981,0.5719582356884942,0.944312136548013,0.7851836272339145,0.3375440366258507,0.27461775453288517,0.47959183673469385,0.588970293054998,0.5761772853185596,0.40784313725490196,0.9811320754716981,0.4528301886792453,-1.7778545401373083,0.9011057525079328,0.45922602866876927
hungary,tabicl,pooled,raw,mcar_50,6,294.0,0.36054421768707484,0.7837966680048173,0.6863489372817427,0.8817719316451536,0.7338293769713193,0.318651731478406,0.2593583779913855,0.4931972789115646,0.5996085909273384,0.5826330532212886,0.41434262948207173,0.9811320754716981,0.6037735849056604,-2.1090957316143384,1.1481068634544893,0.38820710199620834
hungary,tabicl,pooled,raw,mcar_50,7,294.0,0.36054421768707484,0.7336912886391008,0.6331787094533752,0.9429875805786039,0.7849640040963166,0.3367873235972936,0.2749193939037019,0.4897959183673469,0.5928342031312726,0.576271186440678,0.4112903225806452,0.9622641509433962,0.5094339622641509,-1.7670222400757145,0.8708333499984477,0.42389226840798466
hungary,tabicl,pooled,raw,mcar_50,8,294.0,0.36054421768707484,0.7826926936973103,0.6792694187810403,0.8907241819058882,0.7378173842149562,0.31745726461408846,0.257120208864905,0.4965986394557823,0.6002107587314331,0.5819209039548022,0.4153225806451613,0.9716981132075472,0.5849056603773585,-2.106345285940242,1.1167969130046864,0.38814035790267
hungary,tabicl,pooled,raw,mcar_50,9,294.0,0.36054421768707484,0.7020272982737856,0.5635904403486915,0.945567078143143,0.7901829634378039,0.33556673546108745,0.2745909053094603,0.48639455782312924,0.5942894419911682,0.5793871866295265,0.41106719367588934,0.9811320754716981,0.42452830188679247,-1.5301334698462246,0.7460538121105921,0.4555603617710131
hungary,tabicl,pooled,raw,natural,0,294.0,0.36054421768707484,0.8920614211160176,0.8413958976221975,0.4964982737694693,0.45457477214127695,0.1619533076675658,0.14632273103327276,0.7891156462585034,0.810417503010839,0.752,0.6527777777777778,0.8867924528301887,0.8490566037735849,-1.2826441719354311,1.467157301657073,0.12636013163099025
hungary,tabicl,pooled,source_oof_platt,drop_advanced,0,294.0,0.36054421768707484,0.8874949819349659,0.8307091489755487,0.4607332383904991,0.5049764117608291,0.14388498205669864,0.16360694135652348,0.8061224489795918,0.7619931754315536,0.6918918918918919,0.810126582278481,0.6037735849056604,0.8301886792452831,0.4460988440044033,2.201798612832643,0.07946203766290787
hungary,tabicl,pooled,source_oof_platt,drop_exercise,0,294.0,0.36054421768707484,0.8426334805299076,0.7346351382741501,0.540911814491667,0.6165750171689055,0.18079723277635198,0.21587625203699357,0.6904761904761905,0.5789843436370935,0.29457364341085274,0.8260869565217391,0.1792452830188679,0.7641509433962265,1.360752301803163,3.0599669049360507,0.13353796352040873
hungary,tabicl,pooled,source_oof_platt,drop_routine,0,294.0,0.36054421768707484,0.9001906864712966,0.8273446355782155,0.574659623925133,0.5215834953846447,0.19435684293346742,0.17090006262751806,0.7585034013605442,0.7988257727820153,0.7380073800738007,0.6060606060606061,0.9433962264150944,0.7924528301886793,-1.881330609206358,2.5608490295930384,0.19378733392771785
hungary,tabicl,pooled,source_oof_platt,empirical_source,0,294.0,0.36054421768707484,0.8663187474909675,0.8072533682105163,0.4809836262350786,0.5096062952804263,0.1525520556783258,0.16550515767463303,0.8027210884353742,0.7696206342834203,0.7040816326530612,0.7666666666666667,0.6509433962264151,0.7735849056603774,0.03069086221976206,2.1281342136571606,0.08497579624252878
hungary,tabicl,pooled,source_oof_platt,empirical_source,1,294.0,0.36054421768707484,0.8679245283018868,0.8083405965208887,0.48100239961609825,0.507733017232171,0.1522041492330542,0.1640574046238249,0.8163265306122449,0.7884885588117222,0.73,0.776595744680851,0.6886792452830188,0.8113207547169812,-0.03512461289057938,2.0606165640795884,0.09263331313909931
hungary,tabicl,pooled,source_oof_platt,empirical_source,2,294.0,0.36054421768707484,0.8675230830991569,0.8043213433464889,0.4822725103472064,0.5011542677409362,0.15249308666499023,0.1609416684851675,0.8163265306122449,0.7926033721397029,0.7352941176470589,0.7653061224489796,0.7075471698113207,0.8207547169811321,-0.19852964601273662,1.998891985777499,0.09578593489457232
hungary,tabicl,pooled,source_oof_platt,empirical_source,3,294.0,0.36054421768707484,0.865114411882778,0.7913230424074803,0.4809855101073057,0.5092125013470704,0.152256288811013,0.1650963305950251,0.826530612244898,0.794409875551987,0.7384615384615385,0.8089887640449438,0.6792452830188679,0.7547169811320755,-0.0025588184534370093,1.9607348801092548,0.09581106098922652
hungary,tabicl,pooled,source_oof_platt,empirical_source,4,294.0,0.36054421768707484,0.8656663990365315,0.7908372346440159,0.4870011296700209,0.5120483559308856,0.15565108021017796,0.1670694258072572,0.7857142857142857,0.752207948615014,0.6802030456852792,0.7362637362637363,0.6320754716981132,0.8113207547169812,-0.06538607077356681,1.9561750053280944,0.0865464545007611
hungary,tabicl,pooled,source_oof_platt,empirical_source,5,294.0,0.36054421768707484,0.8685266961059815,0.8192170541583605,0.48156170863046527,0.5086334480478127,0.1525283100287821,0.16457083397198552,0.8129251700680272,0.785828984343637,0.7263681592039801,0.7684210526315789,0.6886792452830188,0.8113207547169812,-0.007874200346843675,2.1942207581903674,0.08804378648166447
hungary,tabicl,pooled,source_oof_platt,empirical_source,6,294.0,0.36054421768707484,0.8578382175832997,0.7876162182889312,0.49289276007409194,0.5148153323043719,0.15813580544401037,0.16796333855376477,0.7959183673469388,0.7663588920112405,0.7,0.7446808510638298,0.660377358490566,0.7735849056603774,-0.16697979125672927,1.8557114204011305,0.0985036198343587
hungary,tabicl,pooled,source_oof_platt,empirical_source,7,294.0,0.36054421768707484,0.870835006021678,0.7878704193755921,0.4824430295607723,0.5043298973660719,0.15322684779367712,0.16316512205138267,0.7925170068027211,0.7636993175431553,0.6965174129353234,0.7368421052631579,0.660377358490566,0.8113207547169812,-0.11640334566051586,1.9924166608115927,0.0890839439655974
hungary,tabicl,pooled,source_oof_platt,empirical_source,8,294.0,0.36054421768707484,0.8799678843837817,0.8267560844924322,0.4717050719724621,0.4967657288604879,0.1478534851607367,0.15911244195400515,0.8197278911564626,0.7890907266158169,0.7309644670050761,0.7912087912087912,0.6792452830188679,0.8113207547169812,-0.0077556352886969,2.212035369392372,0.08365401553553214
hungary,tabicl,pooled,source_oof_platt,empirical_source,9,294.0,0.36054421768707484,0.8922119630670414,0.8287587596507819,0.4623563189910838,0.4847727343392854,0.14344721869261173,0.15355768385819962,0.8435374149659864,0.8159373745483741,0.7676767676767676,0.8260869565217391,0.7169811320754716,0.8301886792452831,-0.011511610325822264,2.296481707351103,0.07667171539386015
hungary,tabicl,pooled,source_oof_platt,mar_age_sex_30,0,294.0,0.36054421768707484,0.842031312725813,0.7648423413346652,0.507515310413265,0.5467414719781996,0.16489799243656825,0.18256222078991471,0.7721088435374149,0.7333400240867122,0.6528497409326425,0.7241379310344828,0.5943396226415094,0.6886792452830188,0.1441570882539282,1.971519519843469,0.10614900256527027
hungary,tabicl,pooled,source_oof_platt,mar_age_sex_30,1,294.0,0.36054421768707484,0.88358089120835,0.7798124853062909,0.4775032623203872,0.5074483888970924,0.1510285204834874,0.1642216634129462,0.8129251700680272,0.7899437976716178,0.7317073170731707,0.7575757575757576,0.7075471698113207,0.8207547169811321,0.10908003074052276,2.3186816134403023,0.07618153870447053
hungary,tabicl,pooled,source_oof_platt,mar_age_sex_30,2,294.0,0.36054421768707484,0.8592934564431955,0.7507555746981908,0.4955284560165565,0.5317622528906012,0.15918129068693532,0.17526879317187932,0.7925170068027211,0.761641910879165,0.6934673366834171,0.7419354838709677,0.6509433962264151,0.8018867924528302,0.14584265255301107,2.066922095066957,0.10054411601263258
hungary,tabicl,pooled,source_oof_platt,mar_age_sex_30,3,294.0,0.36054421768707484,0.8841328783621036,0.8482188943426091,0.4690897718999214,0.5030925167896858,0.14649558655599704,0.1615038613288136,0.8469387755102041,0.8185969490164593,0.7715736040609137,0.8351648351648352,0.7169811320754716,0.8018867924528302,0.21278426198864533,2.43243841010733,0.08047287506916173
hungary,tabicl,pooled,source_oof_platt,mar_age_sex_30,4,294.0,0.36054421768707484,0.8407767964672821,0.7737932140517492,0.5036065035151194,0.5386287028525404,0.16281282190605456,0.17854212901235528,0.7891156462585034,0.7548675230830991,0.6836734693877551,0.7444444444444445,0.6320754716981132,0.7169811320754716,0.042545282882380776,1.8739103246448199,0.10668500467643496
hungary,tabicl,pooled,source_oof_platt,mar_age_sex_30,5,294.0,0.36054421768707484,0.8777097551184263,0.7925386261514866,0.47675311236875684,0.5072921932255703,0.1501374077668759,0.16358201288522886,0.8231292517006803,0.7958651144118827,0.74,0.7872340425531915,0.6981132075471698,0.8207547169811321,0.08549265716286251,2.216503350638517,0.08683350075616311
hungary,tabicl,pooled,source_oof_platt,mar_age_sex_30,6,294.0,0.36054421768707484,0.8633079084704938,0.7765046881129957,0.48851272568770154,0.5217920368780701,0.15610314064491182,0.1709464277081193,0.7993197278911565,0.7628462464873544,0.694300518134715,0.7701149425287356,0.6320754716981132,0.7924528301886793,0.1107409748055524,2.1053642046946464,0.09292032092779569
hungary,tabicl,pooled,source_oof_platt,mar_age_sex_30,7,294.0,0.36054421768707484,0.8484544359694902,0.7433067813767966,0.4982557442249878,0.5314816697445759,0.1604516034239491,0.1751946421361617,0.7925170068027211,0.7595845042151745,0.6903553299492385,0.7472527472527473,0.6415094339622641,0.7641509433962265,0.03275195249882459,1.8752211034827764,0.10558044465715846
hungary,tabicl,pooled,source_oof_platt,mar_age_sex_30,8,294.0,0.36054421768707484,0.8670714572460859,0.8000369919403921,0.4854326413391887,0.5204004764187005,0.15461629478810457,0.1701191276384515,0.8027210884353742,0.7716780409474107,0.7070707070707071,0.7608695652173914,0.660377358490566,0.8018867924528302,0.14661170248413735,2.1556441643757953,0.0894107441211042
hungary,tabicl,pooled,source_oof_platt,mar_age_sex_30,9,294.0,0.36054421768707484,0.8605981533520674,0.789552820332481,0.48737484340871334,0.5231849804280655,0.1556740628766064,0.17156178642711595,0.8027210884353742,0.7716780409474107,0.7070707070707071,0.7608695652173914,0.660377358490566,0.7641509433962265,0.12450375602289548,2.0374042536682877,0.09331660818467874
hungary,tabicl,pooled,source_oof_platt,mcar_10,0,294.0,0.36054421768707484,0.8760537936571658,0.8212823101312199,0.48008868400982957,0.5139228059031009,0.15121827591642192,0.1664585511690078,0.826530612244898,0.7902950622240064,0.7329842931937173,0.8235294117647058,0.660377358490566,0.8113207547169812,0.20458756176643506,2.317372859455075,0.08896047546623187
hungary,tabicl,pooled,source_oof_platt,mcar_10,1,294.0,0.36054421768707484,0.8589421918908069,0.7965938588555677,0.48970335342541726,0.5237378723051413,0.15650004138120618,0.17175747458076093,0.8061224489795918,0.7722802087515054,0.7076923076923077,0.7752808988764045,0.6509433962264151,0.7641509433962265,0.10350715947437035,2.084955888590052,0.09106108752390861
hungary,tabicl,pooled,source_oof_platt,mcar_10,2,294.0,0.36054421768707484,0.8720393416298676,0.7835379736967141,0.4886810565331235,0.5250674559230172,0.15508072481456112,0.1715448702861632,0.8061224489795918,0.7640505820955439,0.6951871657754011,0.8024691358024691,0.6132075471698113,0.7452830188679245,0.23627927178629143,2.2665874461369544,0.09697930709106639
hungary,tabicl,pooled,source_oof_platt,mcar_10,3,294.0,0.36054421768707484,0.8488558811722201,0.7986870306876267,0.49419191668687434,0.5280518827131482,0.15818142583049868,0.1732052580644607,0.8027210884353742,0.7696206342834203,0.7040816326530612,0.7666666666666667,0.6509433962264151,0.7264150943396226,0.03595365393506856,1.9375132367674628,0.10556184803504606
hungary,tabicl,pooled,source_oof_platt,mcar_10,4,294.0,0.36054421768707484,0.8664692894419912,0.7990873585303512,0.4863337273985898,0.5155669399224299,0.15484959451954913,0.16787982221767878,0.8027210884353742,0.773735447611401,0.71,0.7553191489361702,0.6698113207547169,0.8018867924528302,0.016563240802398377,2.0629730567778135,0.09179741646476403
hungary,tabicl,pooled,source_oof_platt,mcar_10,5,294.0,0.36054421768707484,0.8669710959454034,0.7917932170592101,0.48165576576167696,0.514626885158519,0.1522819072282914,0.1668324997824057,0.8197278911564626,0.7911481332798073,0.7336683417085427,0.7849462365591398,0.6886792452830188,0.7735849056603774,0.08708309725531978,2.0848490211126545,0.09536060787064082
hungary,tabicl,pooled,source_oof_platt,mcar_10,6,294.0,0.36054421768707484,0.8640606182256122,0.7786772000786234,0.4881974144516101,0.5205799594776909,0.15522076062893206,0.1695849607041705,0.8129251700680272,0.779656764351666,0.717948717948718,0.7865168539325843,0.660377358490566,0.7830188679245284,0.07450759628528547,2.0823813053987634,0.09800621149131078
hungary,tabicl,pooled,source_oof_platt,mcar_10,7,294.0,0.36054421768707484,0.8596949016459252,0.7906533131922905,0.49127418235363524,0.5229212641620777,0.1567717464033294,0.17100586171506854,0.8061224489795918,0.7722802087515054,0.7076923076923077,0.7752808988764045,0.6509433962264151,0.7547169811320755,0.06094150037969205,2.07694066089629,0.09658690575507396
hungary,tabicl,pooled,source_oof_platt,mcar_10,8,294.0,0.36054421768707484,0.8675230830991569,0.7998997655387936,0.48162077140708387,0.5124283756399668,0.15262047027576298,0.1662746211984648,0.8027210884353742,0.773735447611401,0.71,0.7553191489361702,0.6698113207547169,0.7830188679245284,0.040368049908250166,2.035883244623977,0.09122660877447851
hungary,tabicl,pooled,source_oof_platt,mcar_10,9,294.0,0.36054421768707484,0.8515656362906463,0.7931032225706474,0.49386006811405836,0.526075047580161,0.15819372943922272,0.17270150088222727,0.7959183673469388,0.7643014853472501,0.696969696969697,0.75,0.6509433962264151,0.7169811320754716,0.04142051821301586,2.0172741510073187,0.09734192804285695
hungary,tabicl,pooled,source_oof_platt,mcar_30,0,294.0,0.36054421768707484,0.7823665194700924,0.7315977260462572,0.5642139123546729,0.5743991254986032,0.1897264909494074,0.19432876982867303,0.7448979591836735,0.7264652749899638,0.6511627906976745,0.6422018348623854,0.660377358490566,0.660377358490566,-0.45433118786540344,1.682307994726533,0.16221875071238565
hungary,tabicl,pooled,source_oof_platt,mcar_30,1,294.0,0.36054421768707484,0.8198012846246487,0.711724590114601,0.545770933162733,0.5523539830861841,0.18141060155891686,0.18425606560657903,0.7414965986394558,0.7299779205138499,0.6576576576576577,0.6293103448275862,0.6886792452830188,0.6320754716981132,-0.4568759013560682,1.852665208534523,0.13407096347488748
hungary,tabicl,pooled,source_oof_platt,mcar_30,2,294.0,0.36054421768707484,0.8238659173022883,0.7321245654318103,0.5420473700975263,0.5452676490991805,0.18020694023624656,0.18167598244957728,0.7482993197278912,0.7414692894419912,0.672566371681416,0.6333333333333333,0.7169811320754716,0.6415094339622641,-0.5095856397920282,1.808801113939328,0.12437019116969349
hungary,tabicl,pooled,source_oof_platt,mcar_30,3,294.0,0.36054421768707484,0.8144821356884784,0.7090690994980886,0.5490913106443124,0.5554521954200481,0.1827062161900442,0.18553787739387573,0.7551020408163265,0.744731031714171,0.6756756756756757,0.646551724137931,0.7075471698113207,0.6886792452830188,-0.46545986935309536,1.825014330571412,0.1395570299744085
hungary,tabicl,pooled,source_oof_platt,mcar_30,4,294.0,0.36054421768707484,0.8451425130469691,0.7541137618484222,0.522489349182513,0.5358205934978858,0.1703810092935705,0.17642447099292535,0.7755102040816326,0.7565736651947009,0.6886792452830188,0.6886792452830188,0.6886792452830188,0.7264150943396226,-0.30992216184424154,2.1140867733250506,0.10874482059448165
hungary,tabicl,pooled,source_oof_platt,mcar_30,5,294.0,0.36054421768707484,0.8364612605379366,0.7792785235679588,0.5369845656515106,0.5471384894541081,0.17669971504057486,0.18108896197875565,0.7687074829931972,0.7553693295865114,0.6880733944954128,0.6696428571428571,0.7075471698113207,0.7169811320754716,-0.4087841902895823,2.172085351171813,0.12185902711248925
hungary,tabicl,pooled,source_oof_platt,mcar_30,6,294.0,0.36054421768707484,0.7936069851465275,0.6884043757368833,0.5656694695233662,0.5715902348003057,0.19062024523849988,0.19343145785326535,0.717687074829932,0.7010738659173023,0.6210045662100456,0.6017699115044248,0.6415094339622641,0.5094339622641509,-0.479000465986289,1.6204803966335055,0.15645654337358753
hungary,tabicl,pooled,source_oof_platt,mcar_30,7,294.0,0.36054421768707484,0.8142312324367725,0.7168769064883439,0.5468856794494423,0.5582834052837483,0.18197753913510703,0.1873007014206171,0.7414965986394558,0.7238057005218788,0.6481481481481481,0.6363636363636364,0.660377358490566,0.6509433962264151,-0.3686621059822543,1.907962843355608,0.128442061273552
hungary,tabicl,pooled,source_oof_platt,mcar_30,8,294.0,0.36054421768707484,0.8171918908069049,0.7257094395400636,0.5449609899976177,0.5557034983952294,0.1808169581506758,0.18555262999489125,0.7278911564625851,0.7193396226415094,0.6460176991150443,0.6083333333333333,0.6886792452830188,0.660377358490566,-0.40240861198396655,1.9035933514771746,0.13573256617096077
hungary,tabicl,pooled,source_oof_platt,mcar_30,9,294.0,0.36054421768707484,0.8017864311521476,0.6922777874660925,0.5545357465167059,0.5682951082952573,0.18541317840474442,0.1917765778000326,0.7244897959183674,0.7063930148534725,0.6267281105990783,0.6126126126126126,0.6415094339622641,0.6037735849056604,-0.35122442499972667,1.7407850968621503,0.14242983963517214
hungary,tabicl,pooled,source_oof_platt,mcar_50,0,294.0,0.36054421768707484,0.7149237254114813,0.5607452548135444,0.6354257466168368,0.6236488752838497,0.22209986801558315,0.21666969215148246,0.673469387755102,0.6767864311521476,0.6033057851239669,0.5367647058823529,0.6886792452830188,0.4339622641509434,-0.6848742253922221,1.265235147626614,0.2847027578150556
hungary,tabicl,pooled,source_oof_platt,mcar_50,1,294.0,0.36054421768707484,0.7672621437173827,0.6690416315352763,0.6041388956615875,0.5917031075971275,0.2079781704895536,0.2020066617546991,0.6904761904761905,0.7065435568044962,0.6403162055335968,0.5510204081632653,0.7641509433962265,0.5566037735849056,-0.7477115926245725,1.5308242163802068,0.2189950246821079
hungary,tabicl,pooled,source_oof_platt,mcar_50,2,294.0,0.36054421768707484,0.7640505820955439,0.6529663161663637,0.608055364328736,0.5909530549287063,0.21007592983485848,0.20212114736586978,0.6700680272108843,0.6905861099959856,0.6254826254826255,0.5294117647058824,0.7641509433962265,0.5188679245283019,-0.788820152972578,1.529959808193379,0.21635068162735402
hungary,tabicl,pooled,source_oof_platt,mcar_50,3,294.0,0.36054421768707484,0.7350210758731434,0.5988966055558064,0.6438808020326121,0.6143549572558791,0.22658391637876274,0.2128784415673004,0.6054421768707483,0.6379967884383781,0.5797101449275363,0.47058823529411764,0.7547169811320755,0.5,-0.9038841940791066,1.3806933812060116,0.28717852821155404
hungary,tabicl,pooled,source_oof_platt,mcar_50,4,294.0,0.36054421768707484,0.7809112806101968,0.6453862230829966,0.6142362194613561,0.5864202584784948,0.2126185659547254,0.19962056772856693,0.6700680272108843,0.7008731433159374,0.6394052044609665,0.5276073619631901,0.8113207547169812,0.5283018867924528,-0.9822415134898188,1.7894279974294733,0.23451089927031843
hungary,tabicl,pooled,source_oof_platt,mcar_50,5,294.0,0.36054421768707484,0.7196908871938981,0.5719595099166489,0.6330170205065604,0.6175630741337037,0.22133976477480702,0.21395514597658954,0.6666666666666666,0.68586912886391,0.6201550387596899,0.5263157894736842,0.7547169811320755,0.4528301886792453,-0.7420640471896695,1.4006264776913293,0.2692709173115032
hungary,tabicl,pooled,source_oof_platt,mcar_50,6,294.0,0.36054421768707484,0.7838468486551585,0.6865059722594551,0.5977569579531399,0.5843568656443145,0.20507867183693404,0.19873433837798543,0.673469387755102,0.6850160578081091,0.616,0.5347222222222222,0.7264150943396226,0.6037735849056604,-0.7895316381935142,1.7853570619779806,0.20371472263123522
hungary,tabicl,pooled,source_oof_platt,mcar_50,7,294.0,0.36054421768707484,0.7336912886391007,0.6284554891464844,0.6283305334004442,0.6117306883351692,0.21961523108092598,0.21170619964782977,0.6462585034013606,0.6699116820553994,0.6060606060606061,0.5063291139240507,0.7547169811320755,0.5094339622641509,-0.7658459671222195,1.3531164302484975,0.24898693514659914
hungary,tabicl,pooled,source_oof_platt,mcar_50,8,294.0,0.36054421768707484,0.7824919710959454,0.6789454007508818,0.5992803228577445,0.5823909428221664,0.20594025598425644,0.1979481524737826,0.6938775510204082,0.7153753512645524,0.6511627906976745,0.5526315789473685,0.7924528301886793,0.5849056603773585,-0.8226244008894309,1.735712928153855,0.20097371925947277
hungary,tabicl,pooled,source_oof_platt,mcar_50,9,294.0,0.36054421768707484,0.7020272982737856,0.5636988312027882,0.6392235653221523,0.6274757750395389,0.2249678071190462,0.21937427264359813,0.6258503401360545,0.6313227619429947,0.5564516129032258,0.4859154929577465,0.6509433962264151,0.42452830188679247,-0.6725162299791516,1.159855631511312,0.26458602309175083
hungary,tabicl,pooled,source_oof_platt,natural,0,294.0,0.36054421768707484,0.8921116017663588,0.8414247111320426,0.4540366903941913,0.49478540143076866,0.14073137153906443,0.15879477541615966,0.8197278911564626,0.7788036932958651,0.7165775401069518,0.8271604938271605,0.6320754716981132,0.8490566037735849,0.4027189326180835,2.2820529243688057,0.07557984372193242
hungary,tabm,pooled,raw,drop_advanced,0,294.0,0.36054421768707484,0.8889502207948615,0.8439113760673608,0.4466219777992017,0.4256122792961497,0.1416018108209147,0.13516050950907438,0.7959183673469388,0.8054496186270574,0.7478991596638656,0.6742424242424242,0.839622641509434,0.8113207547169812,-0.892283105630225,1.0181191967649748,0.09960863313584185
hungary,tabm,pooled,raw,drop_exercise,0,294.0,0.36054421768707484,0.8468988358089121,0.7443665001651484,0.4945854301469203,0.4937826657628288,0.16078672679760078,0.16028611297786208,0.7925170068027211,0.7966178241670012,0.7381974248927039,0.6771653543307087,0.8113207547169812,0.7641509433962265,-0.5716427226455254,1.3420411085838024,0.12106504211943964
hungary,tabm,pooled,raw,drop_routine,0,294.0,0.36054421768707484,0.9028000802890405,0.8559982982224654,1.1008500847039102,0.8725593716482689,0.369803689611401,0.29122503536286914,0.4217687074829932,0.5458149337615416,0.5526315789473685,0.38321167883211676,0.9905660377358491,0.8490566037735849,-3.606903306663287,1.1567337779521256,0.3293609861830805
hungary,tabm,pooled,raw,empirical_source,0,294.0,0.36054421768707484,0.8732938578883982,0.816052181816611,0.5242475246917822,0.47507383405394144,0.17200963962342777,0.1550411804907541,0.7619047619047619,0.7850260939381775,0.7244094488188977,0.6216216216216216,0.8679245283018868,0.7830188679245284,-1.1908460553164961,0.9709253528981757,0.13987201502828256
hungary,tabm,pooled,raw,empirical_source,1,294.0,0.36054421768707484,0.8703331995182657,0.8042217585305769,0.5394083540024891,0.48620934288949036,0.17456211712353528,0.156133214501117,0.7517006802721088,0.7832195905258932,0.7224334600760456,0.6050955414012739,0.8962264150943396,0.8301886792452831,-1.2179030263556263,0.9252245866347811,0.15299104687819348
hungary,tabm,pooled,raw,empirical_source,2,294.0,0.36054421768707484,0.8804195102368526,0.8274305849699066,0.5468447765517385,0.4839432429940137,0.17721591144679277,0.1554698685610021,0.7482993197278912,0.7805600160578081,0.7196969696969697,0.6012658227848101,0.8962264150943396,0.8301886792452831,-1.372601097712338,0.9533171035864715,0.1506253358613555
hungary,tabm,pooled,raw,empirical_source,3,294.0,0.36054421768707484,0.864662786029707,0.7733202542996915,0.5457680795725532,0.49356042390040844,0.17183462054769644,0.15568111228834727,0.7585034013605442,0.7823665194700924,0.7215686274509804,0.6174496644295302,0.8679245283018868,0.8018867924528302,-1.144589730827354,0.8470358748777803,0.16350716990377567
hungary,tabm,pooled,raw,empirical_source,4,294.0,0.36054421768707484,0.8663689281413087,0.782585444105017,0.5549565337014677,0.4977388054930495,0.17529932468196213,0.15672522093037128,0.7346938775510204,0.7658069048574869,0.7045454545454546,0.5886075949367089,0.8773584905660378,0.8113207547169812,-1.1671134138272041,0.8512439858516273,0.16457476870949317
hungary,tabm,pooled,raw,empirical_source,5,294.0,0.36054421768707484,0.8717382577278202,0.8267416673052792,0.539689684082264,0.486405875447974,0.1788711799732555,0.15973371382929008,0.7346938775510204,0.7658069048574869,0.7045454545454546,0.5886075949367089,0.8773584905660378,0.8113207547169812,-1.2677442036781377,0.9616828771787148,0.1444082324060246
hungary,tabm,pooled,raw,empirical_source,6,294.0,0.36054421768707484,0.8656663990365315,0.7931519101921354,0.5702117385605417,0.5064753972378416,0.18438722624328535,0.16256157166324012,0.7414965986394558,0.7731834604576475,0.7121212121212122,0.5949367088607594,0.8867924528301887,0.8113207547169812,-1.2782777058921735,0.8815623752730037,0.16699046835195488
hungary,tabm,pooled,raw,empirical_source,7,294.0,0.36054421768707484,0.8761541549578482,0.7906468963721115,0.5481658906120386,0.4849659495322986,0.1753013336416198,0.1540241881503095,0.7482993197278912,0.7805600160578081,0.7196969696969697,0.6012658227848101,0.8962264150943396,0.8113207547169812,-1.2852150908549036,0.9251901657102471,0.16135152624299698
hungary,tabm,pooled,raw,empirical_source,8,294.0,0.36054421768707484,0.8920614211160175,0.8347892336386421,0.5045439941903882,0.4520733618647039,0.16280613900715626,0.14434396367194147,0.782312925170068,0.8133279807306303,0.7538461538461538,0.6363636363636364,0.9245283018867925,0.8301886792452831,-1.3281088413952264,1.0542622508818171,0.13159550598913738
hungary,tabm,pooled,raw,empirical_source,9,294.0,0.36054421768707484,0.8981834604576475,0.8343868434718258,0.5009997617326472,0.4440592220025506,0.15804583759048618,0.13884721864056532,0.7789115646258503,0.8065535929345644,0.7470817120622568,0.6357615894039735,0.9056603773584906,0.8584905660377359,-1.358982750098769,1.054661844623736,0.13152019120065533
hungary,tabm,pooled,raw,mar_age_sex_30,0,294.0,0.36054421768707484,0.8567342432757928,0.7823115481744644,0.5629676164804326,0.5059490544463529,0.18607436761599,0.1660763297219583,0.7278911564625851,0.7563729425933361,0.6946564885496184,0.5833333333333334,0.8584905660377359,0.7169811320754716,-1.1965209140723772,0.9214439765729071,0.16694599890014472
hungary,tabm,pooled,raw,mar_age_sex_30,1,294.0,0.36054421768707484,0.8857386591730229,0.7962030747176175,0.5341199566608531,0.47067108672156477,0.1733097025190574,0.1502991131919426,0.7380952380952381,0.7746386993175431,0.7137546468401487,0.588957055214724,0.9056603773584906,0.8679245283018868,-1.4190997003339734,1.067582125300553,0.1577610771720639
hungary,tabm,pooled,raw,mar_age_sex_30,2,294.0,0.36054421768707484,0.8746487354476115,0.7995102503564184,0.5446043238712275,0.4843175870027058,0.178049923096932,0.15653969707155566,0.7346938775510204,0.7678643115214774,0.706766917293233,0.5875,0.8867924528301887,0.839622641509434,-1.3414533098462096,1.0305467874256546,0.15810678518536955
hungary,tabm,pooled,raw,mar_age_sex_30,3,294.0,0.36054421768707484,0.8928643115214772,0.8566735012362888,0.5217855087285399,0.4634229940712791,0.1736693818518118,0.15204725599052882,0.7312925170068028,0.7672621437173825,0.7063197026022305,0.5828220858895705,0.8962264150943396,0.839622641509434,-1.490049058460151,1.1219162958434774,0.13393009730942346
hungary,tabm,pooled,raw,mar_age_sex_30,4,294.0,0.36054421768707484,0.8505118426334807,0.7955424706029703,0.589148706153463,0.5270524497684808,0.1952798900047385,0.1730851347617764,0.7278911564625851,0.7625451625853071,0.7014925373134329,0.5802469135802469,0.8867924528301887,0.7641509433962265,-1.2671851796260043,0.8702510781979569,0.1784411145688611
hungary,tabm,pooled,raw,mar_age_sex_30,5,294.0,0.36054421768707484,0.8832296266559614,0.79922308046201,0.5445812372328538,0.4815637364189564,0.1766964748858675,0.15396245877824005,0.7346938775510204,0.7740365315134484,0.7132352941176471,0.5843373493975904,0.9150943396226415,0.8584905660377359,-1.411084851601574,1.0456855508563119,0.1623588063437259
hungary,tabm,pooled,raw,mar_age_sex_30,6,294.0,0.36054421768707484,0.8646627860297069,0.7878233722960131,0.5498220337568341,0.4933547345636154,0.17944646297801825,0.15992223707161832,0.7414965986394558,0.7731834604576475,0.7121212121212122,0.5949367088607594,0.8867924528301887,0.7547169811320755,-1.2025162682321786,0.9235332057325943,0.15954564602930998
hungary,tabm,pooled,raw,mar_age_sex_30,7,294.0,0.36054421768707484,0.8606483340024087,0.7840613505055717,0.5804163654770084,0.5134022472430686,0.18905185468304478,0.16543149556506492,0.7278911564625851,0.7666599759132878,0.7058823529411765,0.5783132530120482,0.9056603773584906,0.7735849056603774,-1.280807692630631,0.8997200317851554,0.1764593615966737
hungary,tabm,pooled,raw,mar_age_sex_30,8,294.0,0.36054421768707484,0.869530309112806,0.8031644281592589,0.5600329175981099,0.4964324683955489,0.18336105804188177,0.1608226891329356,0.7585034013605442,0.7905961461260538,0.7300380228136882,0.6114649681528662,0.9056603773584906,0.7735849056603774,-1.3244638090539373,0.9517739267748436,0.1637086101425469
hungary,tabm,pooled,raw,mar_age_sex_30,9,294.0,0.36054421768707484,0.8700321156162183,0.8021152528439954,0.5568312922636978,0.4949369089002762,0.18293233095240152,0.16097307254689355,0.7482993197278912,0.7805600160578081,0.7196969696969697,0.6012658227848101,0.8962264150943396,0.7830188679245284,-1.3131981766076057,0.9407789263099071,0.16073709551796914
hungary,tabm,pooled,raw,mcar_10,0,294.0,0.36054421768707484,0.8790144520272984,0.8363027028974864,0.5126340205212997,0.46558362792688923,0.1678128827519221,0.15120267292321327,0.7380952380952381,0.7664090726615818,0.7049808429118773,0.5935483870967742,0.8679245283018868,0.8113207547169812,-1.2587902327186071,1.0649502940565592,0.1347139939853168
hungary,tabm,pooled,raw,mcar_10,1,294.0,0.36054421768707484,0.8714371738257727,0.8198810706740889,0.5274500041165662,0.47702795974339374,0.17447457742460112,0.15646823403887117,0.7278911564625851,0.7563729425933361,0.6946564885496184,0.5833333333333334,0.8584905660377359,0.7735849056603774,-1.2206022404719317,0.9978170324047408,0.14260832436895024
hungary,tabm,pooled,raw,mcar_10,2,294.0,0.36054421768707484,0.8787133681252509,0.8180891312290095,0.5225456004538306,0.47221350374804705,0.1718268259865778,0.1532919827494837,0.7517006802721088,0.7832195905258932,0.7224334600760456,0.6050955414012739,0.8962264150943396,0.8207547169811321,-1.273818633662682,1.0890776197264551,0.14451510165826004
hungary,tabm,pooled,raw,mcar_10,3,294.0,0.36054421768707484,0.8691288639100762,0.816039829055751,0.5354057985881683,0.4859321010922535,0.17694167132788002,0.15885338036388674,0.7585034013605442,0.7885387394620634,0.7279693486590039,0.6129032258064516,0.8962264150943396,0.7924528301886793,-1.2392834945349271,0.9751528794755786,0.14828650591898934
hungary,tabm,pooled,raw,mcar_10,4,294.0,0.36054421768707484,0.8731934965877157,0.8168128138100489,0.5506563704122357,0.4909904287768556,0.18124298991103638,0.15959345370791989,0.7380952380952381,0.7746386993175431,0.7137546468401487,0.588957055214724,0.9056603773584906,0.839622641509434,-1.3411065246974418,0.997164164827224,0.156227354284152
hungary,tabm,pooled,raw,mcar_10,5,294.0,0.36054421768707484,0.8759534323564833,0.804287904270956,0.5288107221157243,0.47548958258193696,0.17145097078485055,0.1531472248395998,0.7448979591836735,0.7717282215977519,0.7104247104247104,0.6013071895424836,0.8679245283018868,0.8113207547169812,-1.2718531855098187,0.9915960278729896,0.15081072849312993
hungary,tabm,pooled,raw,mcar_10,6,294.0,0.36054421768707484,0.8708851866720192,0.8171147115775881,0.5410921598243342,0.48602794833852425,0.17864660405372573,0.15851750232288223,0.7346938775510204,0.7678643115214774,0.706766917293233,0.5875,0.8867924528301887,0.8207547169811321,-1.2987276866229631,1.010261489642467,0.1513343327793865
hungary,tabm,pooled,raw,mcar_10,7,294.0,0.36054421768707484,0.8706342834203131,0.81583467755413,0.5419894780020036,0.48539280119548006,0.1802862332451037,0.15990921201170108,0.7380952380952381,0.768466479325572,0.7072243346007605,0.5923566878980892,0.8773584905660378,0.7641509433962265,-1.291242845994847,1.0170388264027597,0.15103413254467468
hungary,tabm,pooled,raw,mcar_10,8,294.0,0.36054421768707484,0.8834303492573263,0.8246648288233067,0.521596021270778,0.46663696794490295,0.17008904546667042,0.15036026553510795,0.7653061224489796,0.795915295062224,0.735632183908046,0.6193548387096774,0.9056603773584906,0.8301886792452831,-1.3028180324144405,1.05051232997458,0.1410863567151604
hungary,tabm,pooled,raw,mcar_10,9,294.0,0.36054421768707484,0.8588920112404657,0.808088676946418,0.5639115959002065,0.5053661642137737,0.1900790962849171,0.16903261714114592,0.7244897959183674,0.7557707747892413,0.6943396226415094,0.5786163522012578,0.8679245283018868,0.7547169811320755,-1.2808932678742664,0.9561204919602754,0.16178672665282268
hungary,tabm,pooled,raw,mcar_30,0,294.0,0.36054421768707484,0.8048474508229626,0.7489378089928604,0.8228988420742607,0.6927542898956676,0.2866587386885993,0.23851185776114978,0.5782312925170068,0.6558109193095143,0.6149068322981367,0.4583333333333333,0.9339622641509434,0.6792452830188679,-1.7236400969074153,0.8318919856057198,0.29790555383888795
hungary,tabm,pooled,raw,mcar_30,1,294.0,0.36054421768707484,0.8270272982737856,0.72977858685368,0.7764352008492212,0.6508420479575079,0.2598646025679114,0.2143977680310401,0.6224489795918368,0.6945002007226013,0.645367412140575,0.48792270531400966,0.9528301886792453,0.7075471698113207,-1.7391271426784687,0.879062822495499,0.28933909034805055
hungary,tabm,pooled,raw,mcar_30,2,294.0,0.36054421768707484,0.8353572862304296,0.7667992768173035,0.7799837316642692,0.6480680718316305,0.2672896707933636,0.21863662462218914,0.608843537414966,0.6859193095142513,0.6394984326018809,0.4788732394366197,0.9622641509433962,0.6698113207547169,-1.9244089590695357,0.9593364814577809,0.28070513759683224
hungary,tabm,pooled,raw,mcar_30,3,294.0,0.36054421768707484,0.8336009634684866,0.770888576708302,0.7652968016663619,0.6411688553764346,0.2607403174712212,0.2155206405805178,0.6224489795918368,0.6903853873946206,0.6407766990291263,0.4876847290640394,0.9339622641509434,0.660377358490566,-1.8145686452883663,0.9206321951625198,0.2712924118352428
hungary,tabm,pooled,raw,mcar_30,4,294.0,0.36054421768707484,0.856784423926134,0.7800843200174722,0.6989990602715977,0.5896846433281029,0.240104302282347,0.19937856289407974,0.6292517006802721,0.6977619429947812,0.6472491909385113,0.49261083743842365,0.9433962264150944,0.7547169811320755,-1.8781510756552935,1.0558940268898978,0.24701508583716442
hungary,tabm,pooled,raw,mcar_30,5,294.0,0.36054421768707484,0.8351063829787234,0.7635981653217627,0.7597610592422253,0.6400828941568635,0.26072017789057944,0.216008411721824,0.6258503401360545,0.6951023685266962,0.6451612903225806,0.49019607843137253,0.9433962264150944,0.7075471698113207,-1.8247455696706962,0.9587227353861104,0.2741246263431087
hungary,tabm,pooled,raw,mcar_30,6,294.0,0.36054421768707484,0.8084102769971898,0.7205515516398472,0.8166492642824812,0.6833470777525785,0.27608087576591345,0.2277600646232621,0.5850340136054422,0.6631874749096749,0.6211180124223602,0.46296296296296297,0.9433962264150944,0.6132075471698113,-1.6879886384021388,0.8128461741467539,0.30920705860347264
hungary,tabm,pooled,raw,mcar_30,7,294.0,0.36054421768707484,0.8252207948615013,0.7343248275051255,0.7720403798862238,0.6460541923936451,0.2643242450241304,0.21776475792487293,0.6054421768707483,0.6791449217181855,0.6329113924050633,0.47619047619047616,0.9433962264150944,0.7169811320754716,-1.7846562873203213,0.9288182148149076,0.287119767323904
hungary,tabm,pooled,raw,mcar_30,8,294.0,0.36054421768707484,0.8363608992372541,0.766981063659706,0.7374996340096777,0.6215355241869993,0.25420697392735037,0.21071319028892777,0.608843537414966,0.6797470895222802,0.6325878594249201,0.4782608695652174,0.9339622641509434,0.6509433962264151,-1.822199124691025,0.9893562498008792,0.2664288599166015
hungary,tabm,pooled,raw,mcar_30,9,294.0,0.36054421768707484,0.8183962264150942,0.7512723920147373,0.7687068631659528,0.6485634781689259,0.2677593281301869,0.22221884680113632,0.6020408163265306,0.6764853472501003,0.6309148264984227,0.47393364928909953,0.9433962264150944,0.6981132075471698,-1.7509495232808099,0.9305300338166056,0.2854802708509465
hungary,tabm,pooled,raw,mcar_50,0,294.0,0.36054421768707484,0.7606382978723404,0.6352887910355371,1.0896450802467552,0.8839916459182329,0.3642639316038008,0.2922378712989814,0.48639455782312924,0.5922320353271778,0.5770308123249299,0.4103585657370518,0.9716981132075472,0.5849056603773585,-1.9665957101404912,0.7388085543526884,0.42010348124558883
hungary,tabm,pooled,raw,mcar_50,1,294.0,0.36054421768707484,0.7599859494179044,0.6610143863095094,1.055442648112749,0.8611470411601277,0.3520932546224196,0.2844857167599927,0.5238095238095238,0.6173725411481332,0.5906432748538012,0.4279661016949153,0.9528301886792453,0.5377358490566038,-1.8873758689131832,0.7237031799085076,0.39677635507213915
hungary,tabm,pooled,raw,mcar_50,2,294.0,0.36054421768707484,0.7907968687274187,0.7060144294344427,1.0545935180761963,0.8533878054205457,0.35619136826877396,0.28492572303284425,0.48639455782312924,0.5881172219991971,0.5722379603399433,0.4089068825910931,0.9528301886792453,0.5754716981132075,-2.2394423380912936,0.8624402278179537,0.3789405327095525
hungary,tabm,pooled,raw,mcar_50,3,294.0,0.36054421768707484,0.7663839823364111,0.6526080882897473,1.1777424023333356,0.9454407393270827,0.3878837706006342,0.30803159734800883,0.46938775510204084,0.5830489763147331,0.5737704918032787,0.40384615384615385,0.9905660377358491,0.5754716981132075,-2.2427018213236822,0.7888375642524716,0.41698400658953094
hungary,tabm,pooled,raw,mcar_50,4,294.0,0.36054421768707484,0.8006824568446407,0.6995780457625786,1.0788133785490823,0.8675168993264559,0.3645472053785099,0.2893911319264761,0.48639455782312924,0.5942894419911682,0.5793871866295265,0.41106719367588934,0.9811320754716981,0.6226415094339622,-2.4916579867492774,0.9581731234050278,0.3897282074055895
hungary,tabm,pooled,raw,mcar_50,5,294.0,0.36054421768707484,0.7637996788438378,0.6814296437311211,1.071202504845593,0.8703570900302898,0.36511212976040053,0.29304188995733893,0.47959183673469385,0.5848554797270172,0.5714285714285714,0.4063745019920319,0.9622641509433962,0.5849056603773585,-2.0340870518252396,0.791491989407632,0.39870026894703303
hungary,tabm,pooled,raw,mcar_50,6,294.0,0.36054421768707484,0.789416900843035,0.7114876892567797,1.0308573731422923,0.8375465034286331,0.3546115702280541,0.2846793800805277,0.4897959183673469,0.594891609795263,0.5786516853932584,0.412,0.9716981132075472,0.6509433962264151,-2.227618406654156,0.8878717101804237,0.3776128842832342
hungary,tabm,pooled,raw,mcar_50,7,294.0,0.36054421768707484,0.7770473705339221,0.6927007132418815,1.06520700806567,0.8651351356079688,0.3637699075026016,0.2919438292777402,0.47959183673469385,0.5869128863910076,0.5738161559888579,0.40711462450592883,0.9716981132075472,0.6226415094339622,-2.152341924328158,0.8353594446627047,0.3881807774573663
hungary,tabm,pooled,raw,mcar_50,8,294.0,0.36054421768707484,0.7840475712565235,0.677328169413931,1.0387062485124448,0.842884271333119,0.3467840325970547,0.2782248137757876,0.5204081632653061,0.6188277800080288,0.5936599423631124,0.42738589211618255,0.9716981132075472,0.5754716981132075,-2.089907031572091,0.8121590999268403,0.3847810774367576
hungary,tabm,pooled,raw,mcar_50,9,294.0,0.36054421768707484,0.7314833400240868,0.6244386363759242,1.0940970205903062,0.8892563072679673,0.3666784990767469,0.29420157582143136,0.5068027210884354,0.6081894821356885,0.5868945868945868,0.4204081632653061,0.9716981132075472,0.4716981132075472,-1.8158733063369712,0.6869807825791959,0.42624320959278655
hungary,tabm,pooled,raw,natural,0,294.0,0.36054421768707484,0.8963769570453632,0.8557003093578234,0.44204736043066584,0.41610086713696404,0.13999564142342563,0.131374227393158,0.8027210884353742,0.8169409875551987,0.7603305785123967,0.6764705882352942,0.8679245283018868,0.839622641509434,-0.9888953126224642,1.0641417592075342,0.09620065030606445
hungary,tabm,pooled,source_oof_platt,drop_advanced,0,294.0,0.36054421768707484,0.8892011240465677,0.8438857776888193,0.4895322957314538,0.5551918400244016,0.15680497936626586,0.18653409130440565,0.7857142857142857,0.7172320353271778,0.6134969325153374,0.8771929824561403,0.4716981132075472,0.8113207547169812,1.2628078533226013,2.9673728257711085,0.09615224214808896
hungary,tabm,pooled,source_oof_platt,drop_exercise,0,294.0,0.36054421768707484,0.8461963067041348,0.7420529052037208,0.5616584995790456,0.6518934792578946,0.19049981889437792,0.2327051118758757,0.6530612244897959,0.5188679245283019,0.07272727272727272,1.0,0.03773584905660377,0.7452830188679245,2.303997187076821,3.9326090020802535,0.1411622643300495
hungary,tabm,pooled,source_oof_platt,drop_routine,0,294.0,0.36054421768707484,0.905309112806102,0.8557894109801721,0.5463875506935951,0.522191937976026,0.1798030711942661,0.16868405416453772,0.8027210884353742,0.8231132075471699,0.7661290322580645,0.6690140845070423,0.8962264150943396,0.8490566037735849,-1.3296831203311887,3.4113226414333773,0.11521227158465738
hungary,tabm,pooled,source_oof_platt,empirical_source,0,294.0,0.36054421768707484,0.8728924126856684,0.8127700021674181,0.5013885795868868,0.5565917483315748,0.16147343735526,0.18673451028936286,0.7891156462585034,0.7281212364512244,0.6352941176470588,0.84375,0.5094339622641509,0.7830188679245284,0.8575474326201823,2.809194601596549,0.09698381375232754
hungary,tabm,pooled,source_oof_platt,empirical_source,1,294.0,0.36054421768707484,0.8700321156162184,0.8063814994439628,0.500002283021652,0.552967703107287,0.16076436357966084,0.18486091626894374,0.782312925170068,0.7228020875150543,0.627906976744186,0.8181818181818182,0.5094339622641509,0.8207547169811321,0.7340718631882105,2.6782052676149557,0.09999403580513906
hungary,tabm,pooled,source_oof_platt,empirical_source,2,294.0,0.36054421768707484,0.8812725812926536,0.827705630774765,0.4929764259188255,0.5396645792046393,0.15710761242145518,0.17834931854593578,0.8061224489795918,0.7537635487755922,0.6779661016949152,0.8450704225352113,0.5660377358490566,0.8207547169811321,0.6394724688176006,2.7678108504059047,0.0902990749911378
hungary,tabm,pooled,source_oof_platt,empirical_source,3,294.0,0.36054421768707484,0.865114411882778,0.7744466921971833,0.4994736959089435,0.5515411108920398,0.16031037763223874,0.18399774006125713,0.782312925170068,0.7207446808510638,0.6235294117647059,0.828125,0.5,0.8018867924528302,0.6490008898817219,2.46664532456637,0.10282498872638915
hungary,tabm,pooled,source_oof_platt,empirical_source,4,294.0,0.36054421768707484,0.8668205539943797,0.7860599420208798,0.5027038579164431,0.5545153596164369,0.16222130911499974,0.1858352833484138,0.7789115646258503,0.7242573263749499,0.632768361581921,0.7887323943661971,0.5283018867924528,0.8018867924528302,0.6308188177711329,2.474677343358065,0.09989018103034547
hungary,tabm,pooled,source_oof_platt,empirical_source,5,294.0,0.36054421768707484,0.8711360899237254,0.8236498071206912,0.500217577797024,0.5527925077190041,0.16061762596135948,0.18458169871547012,0.7891156462585034,0.7281212364512244,0.6352941176470588,0.84375,0.5094339622641509,0.8113207547169812,0.7638693962138589,2.788121836042832,0.09890137530013754
hungary,tabm,pooled,source_oof_platt,empirical_source,6,294.0,0.36054421768707484,0.8655158570855078,0.7919669004683091,0.5028706128317554,0.5515887433277238,0.16194094274831114,0.18413235294333807,0.782312925170068,0.7228020875150543,0.627906976744186,0.8181818181818182,0.5094339622641509,0.8018867924528302,0.5782276665040763,2.5533506245407374,0.09849800213097877
hungary,tabm,pooled,source_oof_platt,empirical_source,7,294.0,0.36054421768707484,0.8766559614612605,0.791057159915194,0.4980100026040467,0.5468236380005626,0.15999557336744824,0.18232294697846155,0.7891156462585034,0.7322360497792051,0.6436781609195402,0.8235294117647058,0.5283018867924528,0.8113207547169812,0.6613990644768128,2.674546805029968,0.08995736711226876
hungary,tabm,pooled,source_oof_platt,empirical_source,8,294.0,0.36054421768707484,0.892362505018065,0.8358623798517434,0.4867566421269857,0.5371364255411784,0.15441947864717487,0.17737755456650434,0.8095238095238095,0.7502509032517062,0.6705882352941176,0.890625,0.5377358490566038,0.8113207547169812,0.8936508099537749,3.054137776219091,0.08548163682774862
hungary,tabm,pooled,source_oof_platt,empirical_source,9,294.0,0.36054421768707484,0.8997892412685667,0.8387840981450698,0.4829645417446118,0.5312076738485992,0.15289006619720458,0.17492470153783685,0.7993197278911565,0.7422721798474508,0.6589595375722543,0.8507462686567164,0.5377358490566038,0.8584905660377359,0.8786889212949157,3.087961488590014,0.0770647814955709
hungary,tabm,pooled,source_oof_platt,mar_age_sex_30,0,294.0,0.36054421768707484,0.8557306302689682,0.7796015519739764,0.5146023634016105,0.5691119088461699,0.16757467714968052,0.1926402909453358,0.7959183673469388,0.735497792051385,0.6470588235294118,0.859375,0.5188679245283019,0.7169811320754716,0.7252076024620293,2.6428021521927376,0.10616040246793042
hungary,tabm,pooled,source_oof_platt,mar_age_sex_30,1,294.0,0.36054421768707484,0.886641910879165,0.79328117839889,0.49939446004546867,0.5498314056636375,0.16057641520428698,0.18358452780389017,0.7857142857142857,0.7275190686471297,0.6358381502890174,0.8208955223880597,0.5188679245283019,0.8773584905660378,0.8140528309605312,3.0786219248306397,0.08946943565739737
hungary,tabm,pooled,source_oof_platt,mar_age_sex_30,2,294.0,0.36054421768707484,0.8747992773986352,0.7971909763297623,0.505707871170165,0.5576655884638466,0.16328945078701396,0.18712169311884988,0.7857142857142857,0.7213468486551586,0.6227544910179641,0.8524590163934426,0.49056603773584906,0.839622641509434,0.8219322592349503,2.98758503951114,0.09634410912667217
hungary,tabm,pooled,source_oof_platt,mar_age_sex_30,3,294.0,0.36054421768707484,0.8921617824167001,0.8547992715393722,0.4924431464996846,0.5412464162475681,0.1566306885173732,0.1788703893740337,0.8163265306122449,0.759684865515857,0.686046511627907,0.8939393939393939,0.5566037735849056,0.8301886792452831,0.8525480847816844,3.240708448481941,0.08654912381669315
hungary,tabm,pooled,source_oof_platt,mar_age_sex_30,4,294.0,0.36054421768707484,0.8509634684865516,0.7948574522665657,0.5126652946219131,0.5626204095211635,0.16596106372284633,0.18876105726287268,0.7789115646258503,0.7180851063829787,0.6198830409356725,0.8153846153846154,0.5,0.7735849056603774,0.5512892553718101,2.5149388861717377,0.11376509126219973
hungary,tabm,pooled,source_oof_platt,mar_age_sex_30,5,294.0,0.36054421768707484,0.8817242071457246,0.7994839484993841,0.5011378961472996,0.5506642088379208,0.16092352304514607,0.1835361373339205,0.7891156462585034,0.7301786431152149,0.6395348837209303,0.8333333333333334,0.5188679245283019,0.8679245283018868,0.7777446385052471,3.0263792465820143,0.09554916893997241
hungary,tabm,pooled,source_oof_platt,mar_age_sex_30,6,294.0,0.36054421768707484,0.8649136892814131,0.7874919958961106,0.5071869623870027,0.5609957826136849,0.16435039381325123,0.18897621465107692,0.7857142857142857,0.7275190686471297,0.6358381502890174,0.8208955223880597,0.5188679245283019,0.7641509433962265,0.7371745050012997,2.6732875753641894,0.10001601611655937
hungary,tabm,pooled,source_oof_platt,mar_age_sex_30,7,294.0,0.36054421768707484,0.8603472501003613,0.7831371408183502,0.5121846811514571,0.5624675219838935,0.16643323172934926,0.18944081978424612,0.7687074829931972,0.7121637896427138,0.6136363636363636,0.7714285714285715,0.5094339622641509,0.7735849056603774,0.5990110680600315,2.5902545005793,0.10210876713387923
hungary,tabm,pooled,source_oof_platt,mar_age_sex_30,8,294.0,0.36054421768707484,0.8687274187073464,0.8009695066963803,0.5052633881130673,0.555112844238494,0.16311140833735574,0.18589187137046798,0.7789115646258503,0.7221999197109594,0.6285714285714286,0.7971014492753623,0.5188679245283019,0.7830188679245284,0.663164167376614,2.741522312760423,0.09712170458978929
hungary,tabm,pooled,source_oof_platt,mar_age_sex_30,9,294.0,0.36054421768707484,0.8694299478121236,0.8025121615591599,0.502789485649712,0.5526559956205437,0.16202307430686325,0.184740702197644,0.7789115646258503,0.7242573263749499,0.632768361581921,0.7887323943661971,0.5283018867924528,0.8113207547169812,0.6466130340707019,2.7046747854751283,0.09722876494116862
hungary,tabm,pooled,source_oof_platt,mcar_10,0,294.0,0.36054421768707484,0.8791649939783219,0.8337461506258123,0.5004751857649994,0.555385379038103,0.16032138344232644,0.18546199565032012,0.7925170068027211,0.7307808109193095,0.6390532544378699,0.8571428571428571,0.5094339622641509,0.8207547169811321,0.9823990498572257,3.0825955290956926,0.10074934608460072
hungary,tabm,pooled,source_oof_platt,mcar_10,1,294.0,0.36054421768707484,0.871688077077479,0.8178323441191854,0.5046914275356549,0.5603808337072852,0.16290891864147755,0.18841089803075395,0.782312925170068,0.7166298675230831,0.6144578313253012,0.85,0.4811320754716981,0.7924528301886793,0.8816748397163808,2.890456644098496,0.09932004098608074
hungary,tabm,pooled,source_oof_platt,mcar_10,2,294.0,0.36054421768707484,0.8786631874749097,0.8186638606772494,0.5080800500574635,0.5643599697803923,0.16397912428293976,0.18986615881152924,0.7993197278911565,0.7360999598554797,0.6467065868263473,0.8852459016393442,0.5094339622641509,0.7924528301886793,1.0246462205615416,3.1591980868505996,0.10358454242706655
hungary,tabm,pooled,source_oof_platt,mcar_10,3,294.0,0.36054421768707484,0.8705339221196307,0.820207622982898,0.5033397831002097,0.5581280155204921,0.16180596319399332,0.18673221472188997,0.8027210884353742,0.7408169409875551,0.6547619047619048,0.8870967741935484,0.5188679245283019,0.7830188679245284,0.8222061920740893,2.8433565396223215,0.10531771161105553
hungary,tabm,pooled,source_oof_platt,mcar_10,4,294.0,0.36054421768707484,0.8717884383781614,0.8096109974185812,0.5049025469852474,0.5558853298105831,0.1625771586423299,0.1858771720174181,0.7891156462585034,0.7301786431152149,0.6395348837209303,0.8333333333333334,0.5188679245283019,0.839622641509434,0.7441381273875349,2.867644695601475,0.10041000749225579
hungary,tabm,pooled,source_oof_platt,mcar_10,5,294.0,0.36054421768707484,0.8760537936571657,0.8048358265267465,0.5000821120017312,0.5528570119265298,0.1603662785534771,0.18442045835886633,0.7993197278911565,0.7422721798474508,0.6589595375722543,0.8507462686567164,0.5377358490566038,0.8113207547169812,0.8155277661947674,2.878765954672003,0.09825773774321724
hungary,tabm,pooled,source_oof_platt,mcar_10,6,294.0,0.36054421768707484,0.8713869931754316,0.8181544627771223,0.5056682128952087,0.5593542309661227,0.16298874281040102,0.1875234576054554,0.7891156462585034,0.7240064231232437,0.6265060240963856,0.8666666666666667,0.49056603773584906,0.8207547169811321,0.8359886105685047,2.937651581406449,0.10131013098741085
hungary,tabm,pooled,source_oof_platt,mcar_10,7,294.0,0.36054421768707484,0.8704335608189482,0.815406334824333,0.5073783565540574,0.5608663365323798,0.16388438651870227,0.18850311259801145,0.7891156462585034,0.726063829787234,0.6309523809523809,0.8548387096774194,0.5,0.7641509433962265,0.8631072233142467,2.965188374707105,0.09801809970248072
hungary,tabm,pooled,source_oof_platt,mcar_10,8,294.0,0.36054421768707484,0.8833299879566439,0.8238789321854935,0.5004438877352634,0.5539120409943477,0.1609626944232228,0.18547441602817755,0.782312925170068,0.7186872741870735,0.6190476190476191,0.8387096774193549,0.49056603773584906,0.839622641509434,0.9153294244922783,3.0493087592932464,0.09178891220322617
hungary,tabm,pooled,source_oof_platt,mcar_10,9,294.0,0.36054421768707484,0.8584403853873945,0.8080085877138419,0.5130017768857883,0.5662013595425568,0.16634018396136163,0.19076304396696675,0.7857142857142857,0.7275190686471297,0.6358381502890174,0.8208955223880597,0.5188679245283019,0.7547169811320755,0.7279753879533031,2.7621815985072278,0.10440953904091382
hungary,tabm,pooled,source_oof_platt,mcar_30,0,294.0,0.36054421768707484,0.8048474508229627,0.746191024240194,0.5569349069013144,0.5877020555298238,0.18542027747273387,0.1996623132750426,0.7789115646258503,0.7407165796868727,0.6632124352331606,0.735632183908046,0.6037735849056604,0.660377358490566,0.012599325424636165,2.3775652054361105,0.13748836494472588
hungary,tabm,pooled,source_oof_platt,mcar_30,1,294.0,0.36054421768707484,0.8261742272179848,0.7262627061981632,0.5462939837719676,0.5775683199102061,0.18081152755214866,0.19531054699866318,0.7278911564625851,0.6864211160176636,0.5876288659793815,0.6477272727272727,0.5377358490566038,0.6886792452830188,0.0891425243145071,2.494415690528871,0.12047741433488318
hungary,tabm,pooled,source_oof_platt,mcar_30,2,294.0,0.36054421768707484,0.8350060216780409,0.7675380848544785,0.5415041057666652,0.5690116969388882,0.17859318223568846,0.19147766282604153,0.7789115646258503,0.7345443596949016,0.6524064171122995,0.7530864197530864,0.5754716981132075,0.660377358490566,0.07189598552290728,2.736036993229084,0.10188522372648208
hungary,tabm,pooled,source_oof_platt,mcar_30,3,294.0,0.36054421768707484,0.8315937374548374,0.7658828203950903,0.5419721686869735,0.5729436924695506,0.17878435504314188,0.19319221326195352,0.7653061224489796,0.7300782818145324,0.649746192893401,0.7032967032967034,0.6037735849056604,0.6415094339622641,0.11049394252094037,2.628149189889117,0.10978487262898601
hungary,tabm,pooled,source_oof_platt,mcar_30,4,294.0,0.36054421768707484,0.8561822561220394,0.778674015081083,0.5303077805545588,0.5651295247800112,0.17314512231867943,0.1893422688129146,0.7959183673469388,0.7540144520272982,0.6808510638297872,0.7804878048780488,0.6037735849056604,0.7641509433962265,0.3280285100431135,3.0264576798754614,0.10077243869595934
hungary,tabm,pooled,source_oof_platt,mcar_30,5,294.0,0.36054421768707484,0.8341529506222402,0.7606340222575942,0.5447855786111205,0.5782591080053923,0.17980608559616282,0.1952894867820581,0.782312925170068,0.739261340826977,0.6595744680851063,0.7560975609756098,0.5849056603773585,0.6886792452830188,0.17934451051782163,2.750103775302334,0.11847213644061716
hungary,tabm,pooled,source_oof_platt,mcar_30,6,294.0,0.36054421768707484,0.8062525090325171,0.7146732506064994,0.5562157025479214,0.5854309109033919,0.1853377499001312,0.19900536660035872,0.7517006802721088,0.7070955439582497,0.6137566137566137,0.6987951807228916,0.5471698113207547,0.6037735849056604,-0.0037965645308595405,2.2884745151588874,0.13117938048180194
hungary,tabm,pooled,source_oof_platt,mcar_30,7,294.0,0.36054421768707484,0.8246186270574066,0.7308549787432319,0.5484243333848416,0.5810551059712943,0.18192168503014525,0.1971929564343754,0.7619047619047619,0.7171316740264954,0.6276595744680851,0.7195121951219512,0.5566037735849056,0.7075471698113207,0.1559958003651405,2.6513731320708125,0.1145923301999094
hungary,tabm,pooled,source_oof_platt,mcar_30,8,294.0,0.36054421768707484,0.8348052990766761,0.7601692809039537,0.541224866411768,0.5757302545028027,0.17838816512493633,0.1944690739209765,0.782312925170068,0.7372039341629868,0.6559139784946236,0.7625,0.5754716981132075,0.6509433962264151,0.23704046311154414,2.802204546587916,0.11332338059552201
hungary,tabm,pooled,source_oof_platt,mcar_30,9,294.0,0.36054421768707484,0.8171918908069048,0.7504614057057045,0.5510021073744847,0.5857594344317054,0.18283588000705717,0.1990949285719681,0.7619047619047619,0.7068446407065436,0.6067415730337079,0.75,0.5094339622641509,0.6886792452830188,0.19518315612838943,2.678520233655806,0.12266422581809516
hungary,tabm,pooled,source_oof_platt,mcar_50,0,294.0,0.36054421768707484,0.7571758329987957,0.628587376411958,0.6023415357083087,0.6107406381301901,0.20643567836290017,0.21037100689943947,0.7006802721088435,0.6918908069048575,0.6140350877192983,0.5737704918032787,0.660377358490566,0.5943396226415094,-0.43343958809520605,2.0808205720299724,0.18699388480468468
hungary,tabm,pooled,source_oof_platt,mcar_50,1,294.0,0.36054421768707484,0.7571758329987957,0.6566416160304818,0.5968193374784758,0.6092553138374146,0.20411876076437585,0.209816737993417,0.7006802721088435,0.6960056202328382,0.6206896551724138,0.5714285714285714,0.6792452830188679,0.5377358490566038,-0.38118005302412183,2.0446285629207788,0.1774642893190037
hungary,tabm,pooled,source_oof_platt,mcar_50,2,294.0,0.36054421768707484,0.7870333199518266,0.6990714192727173,0.5877751557649459,0.5946523065507269,0.19975167550177667,0.20292777900418435,0.7142857142857143,0.7066439181051787,0.631578947368421,0.5901639344262295,0.6792452830188679,0.5377358490566038,-0.44922185584659713,2.407053066770939,0.1536447607274899
hungary,tabm,pooled,source_oof_platt,mcar_50,3,294.0,0.36054421768707484,0.7622691690084303,0.6458048122444793,0.6092594244854886,0.6077039693562948,0.20993479705538104,0.2090622384906011,0.673469387755102,0.6809012444801285,0.6097560975609756,0.5357142857142857,0.7075471698113207,0.5471698113207547,-0.6094604125414812,2.2315929635962695,0.190045270072762
hungary,tabm,pooled,source_oof_platt,mcar_50,4,294.0,0.36054421768707484,0.7960658370132476,0.6983434597350058,0.5901835139078393,0.5939831512918992,0.2006002750393012,0.20235946713550856,0.7108843537414966,0.7101565636290645,0.6382978723404256,0.5813953488372093,0.7075471698113207,0.5943396226415094,-0.494858975129564,2.6967757168978035,0.1466564139519005
hungary,tabm,pooled,source_oof_platt,mcar_50,5,294.0,0.36054421768707484,0.7630971497390605,0.6821372253342712,0.5999389095528387,0.6106947032000081,0.2053773565777549,0.21042209056278316,0.7108843537414966,0.6916399036531513,0.6082949308755761,0.5945945945945946,0.6226415094339622,0.5566037735849056,-0.3898131036169209,2.2591080236300276,0.17128678067896297
hungary,tabm,pooled,source_oof_platt,mcar_50,6,294.0,0.36054421768707484,0.7844991971095946,0.7047539953139361,0.5874003983621976,0.5976614735568533,0.19929849568732888,0.20408790697381482,0.7312925170068028,0.7158269771176234,0.639269406392694,0.6194690265486725,0.660377358490566,0.6509433962264151,-0.3841189699237498,2.468295180557639,0.1558619823690983
hungary,tabm,pooled,source_oof_platt,mcar_50,7,294.0,0.36054421768707484,0.7778502609393818,0.698239566035777,0.5929816967047499,0.6020509029010552,0.20205528116470167,0.20623544522215126,0.7244897959183674,0.7105078281814532,0.6334841628959276,0.6086956521739131,0.660377358490566,0.6132075471698113,-0.41599064612688896,2.4079428473784135,0.16346945961503997
hungary,tabm,pooled,source_oof_platt,mcar_50,8,294.0,0.36054421768707484,0.7809865515857086,0.67193982678202,0.5876169716230887,0.5975037049077692,0.1997431922303381,0.20426423654442502,0.7244897959183674,0.7166800481734243,0.6431718061674009,0.6033057851239669,0.6886792452830188,0.6037735849056604,-0.3999310322297563,2.2832698345583173,0.1595728540128178
hungary,tabm,pooled,source_oof_platt,mcar_50,9,294.0,0.36054421768707484,0.7309313528703332,0.6181353065017555,0.6097544011082793,0.6216996611907353,0.21033821855862622,0.21594343675815317,0.6836734693877551,0.6662484945804897,0.579185520361991,0.5565217391304348,0.6037735849056604,0.4716981132075472,-0.3895856427679997,1.941671855828563,0.19256441249974826
hungary,tabm,pooled,source_oof_platt,natural,0,294.0,0.36054421768707484,0.8965776796467283,0.8553026760147009,0.48408980715369826,0.5467747443526456,0.1541938838341726,0.18255779559675359,0.7959183673469388,0.7313829787234043,0.6385542168674698,0.8833333333333333,0.5,0.8301886792452831,1.264198640761344,3.1032685199684726,0.09062848156793495
switzerland,ft_transformer,pooled,raw,drop_advanced,0,123.0,0.9349593495934959,0.7391304347826088,0.9711920247924046,0.5134026101120424,0.6124531924491865,0.16916616387064695,0.2114286575545094,0.7642276422764228,0.6413043478260869,0.861244019138756,0.9574468085106383,0.782608695652174,0.4956521739130435,2.501757324905455,0.7598735678373891,0.1400761201129468
switzerland,ft_transformer,pooled,raw,drop_exercise,0,123.0,0.9349593495934959,0.7739130434782608,0.9811193342453971,0.5404752170218129,0.5738169123561097,0.17863894699852956,0.19527042275757414,0.7479674796747967,0.6326086956521739,0.8502415458937198,0.9565217391304348,0.7652173913043478,0.591304347826087,2.531397322605997,0.9174211645343904,0.1836839087440671
switzerland,ft_transformer,pooled,raw,drop_routine,0,123.0,0.9349593495934959,0.7489130434782609,0.9744452980079885,0.4688983430599221,0.6283275326731338,0.14962032448415183,0.21624002228126313,0.7967479674796748,0.6586956521739131,0.8826291079812206,0.9591836734693877,0.8173913043478261,0.48695652173913045,2.3923092025564037,0.68795137017365,0.12151179785875822
switzerland,ft_transformer,pooled,raw,empirical_source,0,123.0,0.9349593495934959,0.7173913043478262,0.9696391510413824,0.5392207451588517,0.6522729490527472,0.18065664908168716,0.22555085118040685,0.7398373983739838,0.6864130434782609,0.8431372549019608,0.9662921348314607,0.7478260869565218,0.3565217391304348,2.513189409714105,0.6731038673454243,0.1551947217517903
switzerland,ft_transformer,pooled,raw,empirical_source,1,123.0,0.9349593495934959,0.7315217391304347,0.9703258389324589,0.5078776670758177,0.6285052732628756,0.16457257217569907,0.21524584790879442,0.7804878048780488,0.65,0.8720379146919431,0.9583333333333334,0.8,0.34782608695652173,2.4806048354833456,0.7110548048601494,0.14754953694068562
switzerland,ft_transformer,pooled,raw,empirical_source,2,123.0,0.9349593495934959,0.7619565217391304,0.9747701725144935,0.5155121036376453,0.5945340924211301,0.1694989604511993,0.20360779456012787,0.7723577235772358,0.6456521739130434,0.8666666666666667,0.9578947368421052,0.7913043478260869,0.6347826086956522,2.5254675246392555,0.7841581252097787,0.14600181126461848
switzerland,ft_transformer,pooled,raw,empirical_source,3,123.0,0.9349593495934959,0.7456521739130435,0.9737945418740257,0.5129527989193639,0.6149333154808494,0.16736027238235618,0.2096844528158445,0.7804878048780488,0.7081521739130434,0.8708133971291866,0.9680851063829787,0.7913043478260869,0.3652173913043478,2.500039676752758,0.7350056468636524,0.14779037928138283
switzerland,ft_transformer,pooled,raw,empirical_source,4,123.0,0.9349593495934959,0.7445652173913043,0.9725411487400875,0.5107289611321909,0.6192045663327183,0.16904980460248295,0.21174440634997208,0.7479674796747967,0.6907608695652174,0.848780487804878,0.9666666666666667,0.7565217391304347,0.3565217391304348,2.4963575638588096,0.777131591982156,0.13050535117802464
switzerland,ft_transformer,pooled,raw,empirical_source,5,123.0,0.9349593495934959,0.6956521739130435,0.9676152927993713,0.5365062299103942,0.6778883955537526,0.1769852476298939,0.2345226399861818,0.7560975609756098,0.6369565217391304,0.8557692307692307,0.956989247311828,0.7739130434782608,0.3652173913043478,2.4642455572321875,0.5515593546397246,0.17744112163214024
switzerland,ft_transformer,pooled,raw,empirical_source,6,123.0,0.9349593495934959,0.7434782608695651,0.9737500454621139,0.49341549536236673,0.6169878544597373,0.1629924768109502,0.21554862353726922,0.7886178861788617,0.6543478260869565,0.8773584905660378,0.9587628865979382,0.808695652173913,0.5130434782608696,2.4518835150957257,0.783414311485856,0.11570427301799985
switzerland,ft_transformer,pooled,raw,empirical_source,7,123.0,0.9349593495934959,0.7684782608695653,0.9767341855409237,0.534137899518942,0.584945942890184,0.17773000338672096,0.199704073289554,0.7398373983739838,0.6864130434782609,0.8431372549019608,0.9662921348314607,0.7478260869565218,0.6347826086956522,2.570269060458375,0.7726853155314322,0.1588505700045512
switzerland,ft_transformer,pooled,raw,empirical_source,8,123.0,0.9349593495934959,0.6989130434782609,0.9677373129614099,0.5212742707836314,0.6678222385474707,0.17291177313432451,0.23466498165274732,0.7642276422764228,0.6413043478260869,0.861244019138756,0.9574468085106383,0.782608695652174,0.34782608695652173,2.471646671219722,0.6620245350638917,0.14583883746009063
switzerland,ft_transformer,pooled,raw,empirical_source,9,123.0,0.9349593495934959,0.717391304347826,0.9706415937937201,0.5100891516867812,0.6511425044274566,0.16864910020219445,0.22730424462337348,0.7723577235772358,0.6456521739130434,0.8666666666666667,0.9578947368421052,0.7913043478260869,0.3652173913043478,2.4535329701327533,0.669512032547449,0.13533201392169494
switzerland,ft_transformer,pooled,raw,mar_age_sex_30,0,123.0,0.9349593495934959,0.6934782608695652,0.967246221551655,0.5353091509012455,0.6659623032296678,0.1770407235794505,0.23445937757289056,0.7398373983739838,0.6282608695652174,0.8446601941747572,0.9560439560439561,0.7565217391304347,0.391304347826087,2.5000231895514635,0.6628547375585461,0.1595165296172658
switzerland,ft_transformer,pooled,raw,mar_age_sex_30,1,123.0,0.9349593495934959,0.7315217391304347,0.9707197357347961,0.4984488014864285,0.6316672141059991,0.15943508789468205,0.21768320617344755,0.8048780487804879,0.6630434782608696,0.8878504672897196,0.9595959595959596,0.8260869565217391,0.5391304347826087,2.4425570422119347,0.6792841075143051,0.15504694436902772
switzerland,ft_transformer,pooled,raw,mar_age_sex_30,2,123.0,0.9349593495934959,0.75,0.9772928827504265,0.5496299176482332,0.6161998538538271,0.18372752841018325,0.21794796217127307,0.7235772357723578,0.6195652173913043,0.8333333333333334,0.9550561797752809,0.7391304347826086,0.48695652173913045,2.562405304937471,0.7263981928826861,0.1735697333885796
switzerland,ft_transformer,pooled,raw,mar_age_sex_30,3,123.0,0.9349593495934959,0.8010869565217391,0.9824944869036786,0.49608525061399394,0.5577144545307139,0.15945122151354763,0.19033826915358085,0.7967479674796748,0.6586956521739131,0.8826291079812206,0.9591836734693877,0.8173913043478261,0.6521739130434783,2.5023072812778957,0.8624252303067025,0.14319706750717284
switzerland,ft_transformer,pooled,raw,mar_age_sex_30,4,123.0,0.9349593495934959,0.7434782608695653,0.9692859475067339,0.5166393132324104,0.6256509531380048,0.16970195404715666,0.21342879036445658,0.7642276422764228,0.6994565217391304,0.8599033816425121,0.967391304347826,0.7739130434782608,0.4956521739130435,2.5045258381122526,0.7652653289389854,0.1456863293990879
switzerland,ft_transformer,pooled,raw,mar_age_sex_30,5,123.0,0.9349593495934959,0.75,0.9735546711342351,0.50166956408779,0.6013941593449806,0.16375404047461542,0.2082707647676799,0.7642276422764228,0.6994565217391304,0.8599033816425121,0.967391304347826,0.7739130434782608,0.5217391304347826,2.499082212911851,0.8268579332907803,0.1343206965973996
switzerland,ft_transformer,pooled,raw,mar_age_sex_30,6,123.0,0.9349593495934959,0.7347826086956523,0.9683663030817747,0.5067558291323323,0.6199139031530037,0.16514764543281693,0.21054615028861043,0.7967479674796748,0.7168478260869565,0.8815165876777251,0.96875,0.808695652173913,0.48695652173913045,2.489455065911312,0.7755362320766656,0.14490483201934373
switzerland,ft_transformer,pooled,raw,mar_age_sex_30,7,123.0,0.9349593495934959,0.7445652173913043,0.971903631121753,0.5302720195126438,0.6110639159072004,0.17604789570404686,0.21080140804128514,0.7235772357723578,0.6195652173913043,0.8333333333333334,0.9550561797752809,0.7391304347826086,0.5826086956521739,2.5449363903752027,0.8010602812825085,0.15752265751972028
switzerland,ft_transformer,pooled,raw,mar_age_sex_30,8,123.0,0.9349593495934959,0.7532608695652174,0.9787235618236256,0.5201514961618435,0.6070681149204187,0.16999415508281637,0.21547801710204822,0.7723577235772358,0.6456521739130434,0.8666666666666667,0.9578947368421052,0.7913043478260869,0.5391304347826087,2.5053065311915526,0.6881331880205406,0.15423355773350356
switzerland,ft_transformer,pooled,raw,mar_age_sex_30,9,123.0,0.9349593495934959,0.7695652173913043,0.9801557162433591,0.5164534530939697,0.5962085243125661,0.16932601170097067,0.21065787556848367,0.7642276422764228,0.6413043478260869,0.861244019138756,0.9574468085106383,0.782608695652174,0.5304347826086957,2.511270270942899,0.7564510874759541,0.15171345869590047
switzerland,ft_transformer,pooled,raw,mcar_10,0,123.0,0.9349593495934959,0.7445652173913043,0.9745094489910537,0.4729241625707306,0.6298586292928581,0.1534365626736156,0.21828393446239827,0.7967479674796748,0.6586956521739131,0.8826291079812206,0.9591836734693877,0.8173913043478261,0.46956521739130436,2.3693606408631354,0.7077614516221371,0.10750420757897403
switzerland,ft_transformer,pooled,raw,mcar_10,1,123.0,0.9349593495934959,0.7054347826086955,0.968491618151397,0.48434644342637023,0.6868760189722083,0.15575633585914384,0.23422061742287847,0.7886178861788617,0.6543478260869565,0.8773584905660378,0.9587628865979382,0.808695652173913,0.24347826086956523,2.367398720987258,0.5666716024415811,0.12490470411006215
switzerland,ft_transformer,pooled,raw,mcar_10,2,123.0,0.9349593495934959,0.7130434782608696,0.971783501304595,0.4723057789826257,0.6773518291382752,0.15448886001821277,0.24221531837417248,0.7804878048780488,0.5918478260869565,0.8732394366197183,0.9489795918367347,0.808695652173913,0.41739130434782606,2.3566099457746805,0.6433598336337254,0.10716781586591805
switzerland,ft_transformer,pooled,raw,mcar_10,3,123.0,0.9349593495934959,0.782608695652174,0.9811510642899363,0.44670859309158534,0.5693019052937447,0.1465179248841123,0.20187510213522636,0.7967479674796748,0.6586956521739131,0.8826291079812206,0.9591836734693877,0.8173913043478261,0.5304347826086957,2.373589764553852,0.9103812237035787,0.08089745323953333
switzerland,ft_transformer,pooled,raw,mcar_10,4,123.0,0.9349593495934959,0.7293478260869566,0.972917677612586,0.4977547422314563,0.6455887668980402,0.16403559078137073,0.22549407661547485,0.7723577235772358,0.6456521739130434,0.8666666666666667,0.9578947368421052,0.7913043478260869,0.4782608695652174,2.423106186384948,0.6650014448009405,0.1234079455285275
switzerland,ft_transformer,pooled,raw,mcar_10,5,123.0,0.9349593495934959,0.6956521739130435,0.9653579543415038,0.4887078509315157,0.6876048688631862,0.15833388332408335,0.2356481293960855,0.7967479674796748,0.6586956521739131,0.8826291079812206,0.9591836734693877,0.8173913043478261,0.22608695652173913,2.3944056288107194,0.6287235588082353,0.12371529509266459
switzerland,ft_transformer,pooled,raw,mcar_10,6,123.0,0.9349593495934959,0.7380434782608696,0.9737515476497411,0.5040194196207417,0.6296550461039684,0.16349212748347977,0.21760613595740738,0.7479674796747967,0.6326086956521739,0.8502415458937198,0.9565217391304348,0.7652173913043478,0.40869565217391307,2.4634353243868534,0.6807822171414044,0.14431996627072946
switzerland,ft_transformer,pooled,raw,mcar_10,7,123.0,0.9349593495934959,0.716304347826087,0.9710606276602132,0.4821712516150908,0.653473350038057,0.15630661263456586,0.22705877246494197,0.7723577235772358,0.6456521739130434,0.8666666666666667,0.9578947368421052,0.7913043478260869,0.3652173913043478,2.3810745231186727,0.6796956461479652,0.12126784323109126
switzerland,ft_transformer,pooled,raw,mcar_10,8,123.0,0.9349593495934959,0.7467391304347826,0.9757685946226624,0.4794790471362859,0.6214379427431959,0.15503863645712132,0.2135230307714948,0.8048780487804879,0.6630434782608696,0.8878504672897196,0.9595959595959596,0.8260869565217391,0.5304347826086957,2.369920421362388,0.6807254447810883,0.11727230726867788
switzerland,ft_transformer,pooled,raw,mcar_10,9,123.0,0.9349593495934959,0.7293478260869566,0.9720470172237085,0.4869603312614554,0.6456237255280024,0.15950668555209072,0.22108930233103674,0.7560975609756098,0.6369565217391304,0.8557692307692307,0.956989247311828,0.7739130434782608,0.2956521739130435,2.398614293436521,0.6955255789875674,0.11625527000763158
switzerland,ft_transformer,pooled,raw,mcar_30,0,123.0,0.9349593495934959,0.7000000000000001,0.9699584985681157,0.4811550616907713,0.6632755013763523,0.15562632114000705,0.2333144723774185,0.7886178861788617,0.6543478260869565,0.8773584905660378,0.9587628865979382,0.808695652173913,0.33043478260869563,2.364384800610762,0.6666310841085882,0.12253623455881989
switzerland,ft_transformer,pooled,raw,mcar_30,1,123.0,0.9349593495934959,0.7760869565217391,0.9794959909978457,0.446451524041124,0.5808849566700229,0.1424560354607334,0.20220035212841297,0.7967479674796748,0.6586956521739131,0.8826291079812206,0.9591836734693877,0.8173913043478261,0.5391304347826087,2.330947603512468,0.9099142314979769,0.08952708376626933
switzerland,ft_transformer,pooled,raw,mcar_30,2,123.0,0.9349593495934959,0.7565217391304349,0.9728296301342657,0.45854749911790127,0.6085192565615468,0.14520675602086902,0.2060490838522205,0.8048780487804879,0.6048913043478261,0.8888888888888888,0.9504950495049505,0.8347826086956521,0.6434782608695652,2.3251699367655845,0.8280526566185499,0.10080610681994719
switzerland,ft_transformer,pooled,raw,mcar_30,3,123.0,0.9349593495934959,0.6771739130434783,0.9663170476645804,0.46069683827887403,0.688974198469439,0.1473353597785714,0.24204193149893663,0.8130081300813008,0.6673913043478261,0.8930232558139535,0.96,0.8347826086956521,0.3130434782608696,2.2965292326397178,0.661593490355311,0.09924866863110335
switzerland,ft_transformer,pooled,raw,mcar_30,4,123.0,0.9349593495934959,0.6304347826086957,0.9505906872557739,0.47402717864480876,0.746648626737001,0.1532018239993057,0.25821159121457626,0.7804878048780488,0.5918478260869565,0.8732394366197183,0.9489795918367347,0.808695652173913,0.09565217391304348,2.3261773155904746,0.5733558827232994,0.11378789999184996
switzerland,ft_transformer,pooled,raw,mcar_30,5,123.0,0.9349593495934959,0.7347826086956522,0.9704634370484858,0.46839920389148443,0.6252944728319305,0.1512693299012696,0.20975230527319433,0.8130081300813008,0.7255434782608696,0.892018779342723,0.9693877551020408,0.8260869565217391,0.25217391304347825,2.334280455835981,0.8537922354584366,0.10003748581228003
switzerland,ft_transformer,pooled,raw,mcar_30,6,123.0,0.9349593495934959,0.7641304347826088,0.9791821190384802,0.4724165546650485,0.6025393463078583,0.15494855557943873,0.21207260335038777,0.7642276422764228,0.6413043478260869,0.861244019138756,0.9574468085106383,0.782608695652174,0.5043478260869565,2.3622252683120015,0.8008229955946463,0.09795155078838509
switzerland,ft_transformer,pooled,raw,mcar_30,7,123.0,0.9349593495934959,0.8119565217391305,0.9829195331462798,0.4605617356593764,0.5443322507591843,0.14630889797451108,0.1821899998572801,0.8048780487804879,0.7211956521739131,0.8867924528301887,0.9690721649484536,0.8173913043478261,0.7565217391304347,2.403347398657019,0.8730150727720759,0.10313560304579282
switzerland,ft_transformer,pooled,raw,mcar_30,8,123.0,0.9349593495934959,0.758695652173913,0.9756318235869732,0.4651110842491763,0.6042533553044639,0.15080366704291828,0.20761164352971592,0.7967479674796748,0.6586956521739131,0.8826291079812206,0.9591836734693877,0.8173913043478261,0.591304347826087,2.353795021429304,0.8212669590027969,0.09983713465576582
switzerland,ft_transformer,pooled,raw,mcar_30,9,123.0,0.9349593495934959,0.7434782608695651,0.9745413800306194,0.49509715231730217,0.6247621487679964,0.1611986210423507,0.2150498949291521,0.7804878048780488,0.5918478260869565,0.8732394366197183,0.9489795918367347,0.808695652173913,0.6260869565217392,2.397504695866035,0.677134534927885,0.13036525776070812
switzerland,ft_transformer,pooled,raw,mcar_50,0,123.0,0.9349593495934959,0.7467391304347826,0.9772917723723162,0.40471131160425355,0.6270217736577828,0.12271449871555122,0.22296878058434103,0.8455284552845529,0.5684782608695652,0.9147982062780269,0.9444444444444444,0.8869565217391304,0.5739130434782609,1.995685644555034,1.078414053657274,0.04875328205530277
switzerland,ft_transformer,pooled,raw,mcar_50,1,123.0,0.9349593495934959,0.7119565217391305,0.9737051397113274,0.43341249015625666,0.657990924314619,0.13533773760098736,0.23775870231588658,0.8373983739837398,0.5641304347826087,0.9099099099099099,0.9439252336448598,0.8782608695652174,0.5130434782608696,2.1779441813927516,0.8412037870046004,0.0688354171515757
switzerland,ft_transformer,pooled,raw,mcar_50,2,123.0,0.9349593495934959,0.7326086956521739,0.9741461223926505,0.47800917960210076,0.6489956118881659,0.15425495728405333,0.22878987413639604,0.7804878048780488,0.5918478260869565,0.8732394366197183,0.9489795918367347,0.808695652173913,0.5826086956521739,2.3249125407667948,0.6995939117295359,0.10452680480351194
switzerland,ft_transformer,pooled,raw,mcar_50,3,123.0,0.9349593495934959,0.6554347826086957,0.9656743695204619,0.4809311011992812,0.7046653391127644,0.15407869358512088,0.25429884401838204,0.8048780487804879,0.5467391304347826,0.8899082568807339,0.941747572815534,0.8434782608695652,0.2956521739130435,2.3488187654889097,0.5709415333837176,0.12050612561702871
switzerland,ft_transformer,pooled,raw,mcar_50,4,123.0,0.9349593495934959,0.741304347826087,0.9710131411454297,0.4299246764102465,0.6017771459574504,0.13312936825605923,0.20750519580892823,0.8536585365853658,0.6891304347826087,0.9181818181818182,0.9619047619047619,0.8782608695652174,0.26956521739130435,2.211104824021906,1.1697288803737977,0.06712470564300466
switzerland,ft_transformer,pooled,raw,mcar_50,5,123.0,0.9349593495934959,0.7206521739130435,0.9707620444904215,0.48668785586283814,0.6445519750095773,0.1581218894560772,0.2254999999098934,0.7723577235772358,0.5875,0.8679245283018868,0.9484536082474226,0.8,0.4956521739130435,2.3506060983752564,0.7640986079880526,0.11318382929032349
switzerland,ft_transformer,pooled,raw,mcar_50,6,123.0,0.9349593495934959,0.7021739130434783,0.9723069203884955,0.4781064992061862,0.6369855350764476,0.1529553232814647,0.22687001784348867,0.8130081300813008,0.6092391304347826,0.8940092165898618,0.9509803921568627,0.8434782608695652,0.45217391304347826,2.334190786807679,0.7833973420443399,0.11329303410258265
switzerland,ft_transformer,pooled,raw,mcar_50,7,123.0,0.9349593495934959,0.6554347826086957,0.956797381359691,0.48734955834037147,0.6953334121492825,0.15657237704044194,0.2412280606383615,0.7967479674796748,0.6586956521739131,0.8826291079812206,0.9591836734693877,0.8173913043478261,0.45217391304347826,2.347568880625958,0.6433527003482986,0.13164584092923634
switzerland,ft_transformer,pooled,raw,mcar_50,8,123.0,0.9349593495934959,0.5163043478260869,0.9426890987973182,0.5318121379304303,0.8295640456763997,0.17445434556087502,0.30200923299268456,0.7723577235772358,0.47119565217391307,0.8703703703703703,0.9306930693069307,0.8173913043478261,0.1826086956521739,2.60930556717067,0.08014855708920546,0.17105145114956408
switzerland,ft_transformer,pooled,raw,mcar_50,9,123.0,0.9349593495934959,0.8184782608695653,0.9844728756645269,0.44188902447661926,0.536449486431505,0.13821900125180175,0.18213131887231052,0.8292682926829268,0.6760869565217391,0.9032258064516129,0.9607843137254902,0.8521739130434782,0.7043478260869566,2.3109927547146474,1.2243186227267635,0.07633022010168046
switzerland,ft_transformer,pooled,raw,natural,0,123.0,0.9349593495934959,0.7423913043478261,0.9748300875426623,0.48062432820541007,0.6347969825386959,0.15564032372732065,0.22026796074702862,0.7886178861788617,0.6543478260869565,0.8773584905660378,0.9587628865979382,0.808695652173913,0.40869565217391307,2.405598990016058,0.678679575581149,0.11671186040942501
switzerland,ft_transformer,pooled,source_oof_platt,drop_advanced,0,123.0,0.9349593495934959,0.741304347826087,0.9717712491335392,0.5160108273561506,0.5914939033938676,0.16905909344558004,0.20399988254577134,0.7723577235772358,0.6456521739130434,0.8666666666666667,0.9578947368421052,0.7913043478260869,0.5043478260869565,2.5005227775123946,0.9867878125874273,0.14609595851985133
switzerland,ft_transformer,pooled,source_oof_platt,drop_exercise,0,123.0,0.9349593495934959,0.7739130434782608,0.9811715178387785,0.5595867795650177,0.5809185551295044,0.18634589126173653,0.1971919632683356,0.7479674796747967,0.6907608695652174,0.848780487804878,0.9666666666666667,0.7565217391304347,0.6,2.5563883092031223,1.1864644803338913,0.20935547815796063
switzerland,ft_transformer,pooled,source_oof_platt,drop_routine,0,123.0,0.9349593495934959,0.7456521739130435,0.9739957158954221,0.48071069961852153,0.5991986533933855,0.1534033968185788,0.20668126179166071,0.7967479674796748,0.6586956521739131,0.8826291079812206,0.9591836734693877,0.8173913043478261,0.4608695652173913,2.4001952048658737,0.8951762692535438,0.13116135646384108
switzerland,ft_transformer,pooled,source_oof_platt,empirical_source,0,123.0,0.9349593495934959,0.7217391304347827,0.9700610716631888,0.5366614191627811,0.6181946860783125,0.1786942236143918,0.21447187174664348,0.7479674796747967,0.6907608695652174,0.848780487804878,0.9666666666666667,0.7565217391304347,0.3565217391304348,2.519456397562334,0.8796214774924161,0.16254537536678873
switzerland,ft_transformer,pooled,source_oof_platt,empirical_source,1,123.0,0.9349593495934959,0.7315217391304347,0.9705017742974591,0.5124163424488266,0.6023956502319687,0.16617246635064817,0.2073684743033968,0.7886178861788617,0.6543478260869565,0.8773584905660378,0.9587628865979382,0.808695652173913,0.3391304347826087,2.4844448180143552,0.9170278503124452,0.1530872775478303
switzerland,ft_transformer,pooled,source_oof_platt,empirical_source,2,123.0,0.9349593495934959,0.7608695652173914,0.9746615854493846,0.520174267473143,0.5806816593851892,0.17061097013519014,0.1990290575390011,0.7723577235772358,0.6456521739130434,0.8666666666666667,0.9578947368421052,0.7913043478260869,0.6347826086956522,2.5268296402353894,1.003695703503494,0.14915701531843656
switzerland,ft_transformer,pooled,source_oof_platt,empirical_source,3,123.0,0.9349593495934959,0.7423913043478261,0.9732981559618318,0.5178337983688299,0.593976761481601,0.16884162575582062,0.20339318327188308,0.7886178861788617,0.7125,0.8761904761904762,0.968421052631579,0.8,0.34782608695652173,2.505040600938653,0.9389423196693504,0.15355439753562056
switzerland,ft_transformer,pooled,source_oof_platt,empirical_source,4,123.0,0.9349593495934959,0.7445652173913043,0.9725145024293302,0.5146810644856986,0.5954681068334097,0.16915860396704702,0.20448807189457663,0.7560975609756098,0.6951086956521739,0.8543689320388349,0.967032967032967,0.7652173913043478,0.3565217391304348,2.499193362287116,1.0086448100387992,0.13866868361356952
switzerland,ft_transformer,pooled,source_oof_platt,empirical_source,5,123.0,0.9349593495934959,0.6956521739130435,0.967544577709481,0.5362983083171194,0.6464252191097442,0.17675906468107289,0.2253195525099021,0.7642276422764228,0.6413043478260869,0.861244019138756,0.9574468085106383,0.782608695652174,0.3565217391304348,2.4658052534133557,0.7110434499806081,0.1856069527203537
switzerland,ft_transformer,pooled,source_oof_platt,empirical_source,6,123.0,0.9349593495934959,0.7456521739130435,0.973857519771648,0.5007889750916557,0.5943301145350817,0.16386280144512694,0.2066205613350969,0.7886178861788617,0.6543478260869565,0.8773584905660378,0.9587628865979382,0.808695652173913,0.5130434782608696,2.456161624666743,1.0221198760886365,0.11533124270940974
switzerland,ft_transformer,pooled,source_oof_platt,empirical_source,7,123.0,0.9349593495934959,0.7673913043478262,0.9763997373803887,0.532879487388735,0.5716560042818214,0.1764477008814401,0.19480664826109917,0.7479674796747967,0.6907608695652174,0.848780487804878,0.9666666666666667,0.7565217391304347,0.6347826086956522,2.574208907352791,0.9966637784467121,0.1693387913834456
switzerland,ft_transformer,pooled,source_oof_platt,empirical_source,8,123.0,0.9349593495934959,0.7,0.9680182651228082,0.5242016100600079,0.6331771425403087,0.17293405104653253,0.22260017447946578,0.7723577235772358,0.6456521739130434,0.8666666666666667,0.9578947368421052,0.7913043478260869,0.3391304347826087,2.4749602474432075,0.8573504925512926,0.1490499848310622
switzerland,ft_transformer,pooled,source_oof_platt,empirical_source,9,123.0,0.9349593495934959,0.7152173913043478,0.9703439933767048,0.5127333205030781,0.6200988333303777,0.16831210567387106,0.2166688076941332,0.7804878048780488,0.65,0.8720379146919431,0.9583333333333334,0.8,0.3565217391304348,2.456538750702206,0.868594539799468,0.14367674264403693
switzerland,ft_transformer,pooled,source_oof_platt,mar_age_sex_30,0,123.0,0.9349593495934959,0.6945652173913044,0.9673958545273749,0.5403653084691978,0.6310480809645093,0.17900666309059565,0.22170569585955494,0.7560975609756098,0.6369565217391304,0.8557692307692307,0.956989247311828,0.7739130434782608,0.391304347826087,2.509756620220889,0.8753734601168899,0.16232036783075218
switzerland,ft_transformer,pooled,source_oof_platt,mar_age_sex_30,1,123.0,0.9349593495934959,0.7358695652173912,0.971193174945239,0.5098505771208112,0.6038009254738241,0.16433034742724179,0.20822805007985717,0.8048780487804879,0.6630434782608696,0.8878504672897196,0.9595959595959596,0.8260869565217391,0.5565217391304348,2.4581129655815213,0.890347351625523,0.1661088758154548
switzerland,ft_transformer,pooled,source_oof_platt,mar_age_sex_30,2,123.0,0.9349593495934959,0.7489130434782609,0.9771509901016158,0.5537123860509544,0.5956224040150745,0.18484058055345207,0.20765809095216786,0.7317073170731707,0.6239130434782609,0.8390243902439024,0.9555555555555556,0.7478260869565218,0.48695652173913045,2.580408621732142,0.954259594832671,0.1916378064013698
switzerland,ft_transformer,pooled,source_oof_platt,mar_age_sex_30,3,123.0,0.9349593495934959,0.8021739130434783,0.9824804708946442,0.512426473391558,0.55443755651303,0.16560823884374004,0.1875399250543194,0.8048780487804879,0.7211956521739131,0.8867924528301887,0.9690721649484536,0.8173913043478261,0.6608695652173913,2.520618156968767,1.123261038630221,0.15134832858405006
switzerland,ft_transformer,pooled,source_oof_platt,mar_age_sex_30,4,123.0,0.9349593495934959,0.7489130434782608,0.9699283113909454,0.5236877783203017,0.5987855376287874,0.17170543990127057,0.2051583276789855,0.7642276422764228,0.6994565217391304,0.8599033816425121,0.967391304347826,0.7739130434782608,0.5304347826086957,2.5170636381155487,1.01444585765298,0.15054481946673076
switzerland,ft_transformer,pooled,source_oof_platt,mar_age_sex_30,5,123.0,0.9349593495934959,0.7489130434782609,0.973620449796787,0.5138049574502493,0.5823110480196628,0.16772667549051046,0.2007168434714458,0.7804878048780488,0.7081521739130434,0.8708133971291866,0.9680851063829787,0.7913043478260869,0.4956521739130435,2.5122404773294544,1.0799040478475612,0.13835868078416125
switzerland,ft_transformer,pooled,source_oof_platt,mar_age_sex_30,6,123.0,0.9349593495934959,0.7402173913043478,0.9688235742866933,0.5160700170859898,0.594528318094017,0.1684279411181832,0.20298841142634963,0.8048780487804879,0.7211956521739131,0.8867924528301887,0.9690721649484536,0.8173913043478261,0.48695652173913045,2.502719196727657,1.0275160341901064,0.14921829613268645
switzerland,ft_transformer,pooled,source_oof_platt,mar_age_sex_30,7,123.0,0.9349593495934959,0.7434782608695651,0.9718353594724538,0.5378122368192235,0.5922693048267318,0.17823662658331102,0.20382627543325552,0.7235772357723578,0.6195652173913043,0.8333333333333334,0.9550561797752809,0.7391304347826086,0.5826086956521739,2.559293016851893,1.0519519584096506,0.16312206756023218
switzerland,ft_transformer,pooled,source_oof_platt,mar_age_sex_30,8,123.0,0.9349593495934959,0.7521739130434781,0.9786772320424217,0.5248975702071506,0.5849322869361541,0.1718747953471324,0.2039892390939017,0.7723577235772358,0.6456521739130434,0.8666666666666667,0.9578947368421052,0.7913043478260869,0.5391304347826087,2.5220983568762594,0.9042859687370256,0.16110987827828321
switzerland,ft_transformer,pooled,source_oof_platt,mar_age_sex_30,9,123.0,0.9349593495934959,0.7684782608695653,0.9798903988449029,0.5270019274007222,0.5834696109501722,0.17296787590146473,0.20289370656326164,0.7642276422764228,0.6413043478260869,0.861244019138756,0.9574468085106383,0.782608695652174,0.5391304347826087,2.524208341463141,0.9789747060726242,0.15974658584076978
switzerland,ft_transformer,pooled,source_oof_platt,mcar_10,0,123.0,0.9349593495934959,0.7434782608695651,0.9742188063166031,0.48362825267220244,0.6061414668142996,0.15580716360079747,0.2103001105056581,0.8048780487804879,0.6630434782608696,0.8878504672897196,0.9595959595959596,0.8260869565217391,0.46956521739130436,2.3726189581194035,0.920646219716448,0.11003981649492653
switzerland,ft_transformer,pooled,source_oof_platt,mcar_10,1,123.0,0.9349593495934959,0.7032608695652174,0.9680856523031521,0.4914268704908383,0.6490990127907459,0.15774073334389763,0.22479872317882327,0.7886178861788617,0.6543478260869565,0.8773584905660378,0.9587628865979382,0.808695652173913,0.24347826086956523,2.3715319999318343,0.7283514694161349,0.13275492845960424
switzerland,ft_transformer,pooled,source_oof_platt,mcar_10,2,123.0,0.9349593495934959,0.7130434782608696,0.971783501304595,0.48328533152038183,0.6421402697131293,0.1561047598947514,0.228647834712187,0.7804878048780488,0.5918478260869565,0.8732394366197183,0.9489795918367347,0.808695652173913,0.41739130434782606,2.3590342394527966,0.8239542654429928,0.1117502857616198
switzerland,ft_transformer,pooled,source_oof_platt,mcar_10,3,123.0,0.9349593495934959,0.7804347826086957,0.9808319309273246,0.4625883609934508,0.5618941071581759,0.1486572313717595,0.19518031317192056,0.7967479674796748,0.6586956521739131,0.8826291079812206,0.9591836734693877,0.8173913043478261,0.5304347826086957,2.370448262662313,1.1638342244030824,0.08096013783548217
switzerland,ft_transformer,pooled,source_oof_platt,mcar_10,4,123.0,0.9349593495934959,0.7326086956521739,0.9733802208550263,0.5031734717619907,0.614162130187239,0.1644673174763687,0.21410511928701836,0.7804878048780488,0.65,0.8720379146919431,0.9583333333333334,0.8,0.4782608695652174,2.4288530533850543,0.8569772250737155,0.1251205894939543
switzerland,ft_transformer,pooled,source_oof_platt,mcar_10,5,123.0,0.9349593495934959,0.7032608695652174,0.9663050384242522,0.49459303220165857,0.6421567476768052,0.15959185139339216,0.22313330970884826,0.7967479674796748,0.6586956521739131,0.8826291079812206,0.9591836734693877,0.8173913043478261,0.23478260869565218,2.398284571709752,0.8233133415797308,0.12523678630378499
switzerland,ft_transformer,pooled,source_oof_platt,mcar_10,6,123.0,0.9349593495934959,0.7391304347826086,0.973883389695521,0.5085574417370633,0.6031446373708499,0.1648092173470362,0.20853416950681392,0.7723577235772358,0.6456521739130434,0.8666666666666667,0.9578947368421052,0.7913043478260869,0.391304347826087,2.4696015992815847,0.8760545025000427,0.15235184103046506
switzerland,ft_transformer,pooled,source_oof_platt,mcar_10,7,123.0,0.9349593495934959,0.7141304347826087,0.9707242202898623,0.49410971432916156,0.6274267451633218,0.159396069905884,0.2189111677745676,0.7804878048780488,0.65,0.8720379146919431,0.9583333333333334,0.8,0.3739130434782609,2.38432783475034,0.863615427345415,0.12704443584672345
switzerland,ft_transformer,pooled,source_oof_platt,mcar_10,8,123.0,0.9349593495934959,0.7478260869565216,0.9759023075281146,0.49010148873786386,0.6059165993073853,0.15771714201522488,0.20872483804877726,0.8048780487804879,0.6630434782608696,0.8878504672897196,0.9595959595959596,0.8260869565217391,0.5391304347826087,2.369429302758195,0.8649456552901602,0.1235959865330687
switzerland,ft_transformer,pooled,source_oof_platt,mcar_10,9,123.0,0.9349593495934959,0.7304347826086957,0.9719034107711891,0.4939584106195089,0.6146330431287749,0.16033529116738607,0.21217743605038777,0.7642276422764228,0.6413043478260869,0.861244019138756,0.9574468085106383,0.782608695652174,0.30434782608695654,2.4025287060226845,0.901970599035001,0.11800658993487177
switzerland,ft_transformer,pooled,source_oof_platt,mcar_30,0,123.0,0.9349593495934959,0.7054347826086956,0.9709497279404288,0.4936005919284105,0.632762890116979,0.15897510904849013,0.2223475438082581,0.7967479674796748,0.6586956521739131,0.8826291079812206,0.9591836734693877,0.8173913043478261,0.34782608695652173,2.362377375515666,0.8714688647629611,0.1239836165280106
switzerland,ft_transformer,pooled,source_oof_platt,mcar_30,1,123.0,0.9349593495934959,0.7760869565217392,0.9793556609127319,0.4673003628649805,0.5733107426657766,0.1479395650523626,0.19690601755530143,0.8130081300813008,0.6673913043478261,0.8930232558139535,0.96,0.8347826086956521,0.5391304347826087,2.3290856382866756,1.1784550809805414,0.08891716209805647
switzerland,ft_transformer,pooled,source_oof_platt,mcar_30,2,123.0,0.9349593495934959,0.7619565217391304,0.9732309872110728,0.479050224417568,0.5961495736717953,0.152013833288977,0.20354225339443272,0.8048780487804879,0.6048913043478261,0.8888888888888888,0.9504950495049505,0.8347826086956521,0.6434782608695652,2.3252894137518174,1.0799383933415772,0.10162384950509548
switzerland,ft_transformer,pooled,source_oof_platt,mcar_30,3,123.0,0.9349593495934959,0.675,0.9654379810003475,0.48003460841206397,0.6589164268156954,0.15305051497789948,0.23253403299175276,0.8211382113821138,0.6717391304347826,0.8981481481481481,0.9603960396039604,0.8434782608695652,0.26956521739130435,2.296731356786092,0.8474568874100761,0.10216305746351885
switzerland,ft_transformer,pooled,source_oof_platt,mcar_30,4,123.0,0.9349593495934959,0.6282608695652174,0.9497877128277237,0.4897785249466176,0.6961167875762604,0.1576887627491223,0.24509378546027644,0.7804878048780488,0.5918478260869565,0.8732394366197183,0.9489795918367347,0.808695652173913,0.09565217391304348,2.3235370529752,0.756480159729023,0.11385963330939633
switzerland,ft_transformer,pooled,source_oof_platt,mcar_30,5,123.0,0.9349593495934959,0.7369565217391305,0.9702829863992954,0.4855432418608674,0.6051058211851902,0.15586355935669352,0.20571451106788818,0.8211382113821138,0.7298913043478261,0.897196261682243,0.9696969696969697,0.8347826086956521,0.2608695652173913,2.3350456931303634,1.1279377336061835,0.09926814135798823
switzerland,ft_transformer,pooled,source_oof_platt,mcar_30,6,123.0,0.9349593495934959,0.7663043478260869,0.9792905523126285,0.4863910444085243,0.5891387628186925,0.1574434248092689,0.20456602720520933,0.7642276422764228,0.6413043478260869,0.861244019138756,0.9574468085106383,0.782608695652174,0.4956521739130435,2.3616289010893587,1.0498612080844802,0.0984298895602137
switzerland,ft_transformer,pooled,source_oof_platt,mcar_30,7,123.0,0.9349593495934959,0.8152173913043479,0.983314598338073,0.47793668182678434,0.546434264709526,0.1520383478823533,0.18335082400499422,0.8048780487804879,0.7211956521739131,0.8867924528301887,0.9690721649484536,0.8173913043478261,0.7565217391304347,2.4045910544491518,1.1330173715794185,0.1041722672296405
switzerland,ft_transformer,pooled,source_oof_platt,mcar_30,8,123.0,0.9349593495934959,0.7543478260869565,0.9746726258422369,0.4818980876246934,0.5926260285333043,0.15491328945938432,0.2038188961223494,0.7967479674796748,0.6586956521739131,0.8826291079812206,0.9591836734693877,0.8173913043478261,0.591304347826087,2.353898644453035,1.061867679885696,0.10140647854788638
switzerland,ft_transformer,pooled,source_oof_platt,mcar_30,9,123.0,0.9349593495934959,0.7358695652173912,0.9736562965149468,0.5075516970060272,0.6150362825636906,0.16496188356215655,0.2131156263862434,0.7804878048780488,0.5918478260869565,0.8732394366197183,0.9489795918367347,0.808695652173913,0.6260869565217392,2.397191311024094,0.8630657550808514,0.13743178651738944
switzerland,ft_transformer,pooled,source_oof_platt,mcar_50,0,123.0,0.9349593495934959,0.7489130434782608,0.9777498311191845,0.44412570293913195,0.6195914943401338,0.1359822440386847,0.21783560150382913,0.8536585365853658,0.5728260869565218,0.9196428571428571,0.944954128440367,0.8956521739130435,0.5739130434782609,1.9989620114386926,1.396021445891383,0.049999972605196306
switzerland,ft_transformer,pooled,source_oof_platt,mcar_50,1,123.0,0.9349593495934959,0.7152173913043478,0.9741587030939527,0.46541944911998795,0.6384213857838295,0.14573708642777186,0.22732094002783118,0.8373983739837398,0.5641304347826087,0.9099099099099099,0.9439252336448598,0.8782608695652174,0.5130434782608696,2.174296048006502,1.1105832202158559,0.06869898165333596
switzerland,ft_transformer,pooled,source_oof_platt,mcar_50,2,123.0,0.9349593495934959,0.7336956521739131,0.9743334983471784,0.501071746400694,0.634550905358496,0.16190252797916305,0.22308100043115495,0.7723577235772358,0.5293478260869565,0.8691588785046729,0.9393939393939394,0.808695652173913,0.6,2.33080916447439,0.9076463374774483,0.10814169816492385
switzerland,ft_transformer,pooled,source_oof_platt,mcar_50,3,123.0,0.9349593495934959,0.6532608695652173,0.9655295472085523,0.5020085565721155,0.6766190871872194,0.16144548228848915,0.24307471996088595,0.8048780487804879,0.5467391304347826,0.8899082568807339,0.941747572815534,0.8434782608695652,0.2956521739130435,2.353899752195644,0.729647682241618,0.1221229097444999
switzerland,ft_transformer,pooled,source_oof_platt,mcar_50,4,123.0,0.9349593495934959,0.7423913043478261,0.9715136528916892,0.464118428659947,0.5902110797938224,0.14493040666649218,0.20327588279917927,0.8536585365853658,0.6891304347826087,0.9181818181818182,0.9619047619047619,0.8782608695652174,0.2782608695652174,2.214619012254687,1.5325910313380873,0.06671256709122117
switzerland,ft_transformer,pooled,source_oof_platt,mcar_50,5,123.0,0.9349593495934959,0.7206521739130435,0.9703963728341986,0.5076693858667651,0.6311907454561311,0.16499563697147332,0.2208883056692776,0.7723577235772358,0.5875,0.8679245283018868,0.9484536082474226,0.8,0.48695652173913045,2.3565709873527276,0.9828639808778306,0.11688193328892497
switzerland,ft_transformer,pooled,source_oof_platt,mcar_50,6,123.0,0.9349593495934959,0.7086956521739131,0.9729966616942873,0.5026743959378343,0.6235272157835136,0.16158188600907974,0.21932134866713462,0.8130081300813008,0.6092391304347826,0.8940092165898618,0.9509803921568627,0.8434782608695652,0.45217391304347826,2.3412596057078106,1.0147961673642878,0.11537269024706477
switzerland,ft_transformer,pooled,source_oof_platt,mcar_50,7,123.0,0.9349593495934959,0.6576086956521738,0.9570349804044458,0.5079825435756158,0.6668318304276093,0.16381980367522675,0.23373387826283532,0.7967479674796748,0.6586956521739131,0.8826291079812206,0.9591836734693877,0.8173913043478261,0.4260869565217391,2.349472062447463,0.8352982405707651,0.13506424886998408
switzerland,ft_transformer,pooled,source_oof_platt,mcar_50,8,123.0,0.9349593495934959,0.5141304347826087,0.942232245053131,0.54511390153853,0.7725026499862445,0.17990624086055135,0.28325038712439016,0.7723577235772358,0.47119565217391307,0.8703703703703703,0.9306930693069307,0.8173913043478261,0.2,2.6076661180567444,0.10849943942487104,0.1758156018715851
switzerland,ft_transformer,pooled,source_oof_platt,mcar_50,9,123.0,0.9349593495934959,0.816304347826087,0.9840938511321686,0.4740701793938948,0.5488116645768821,0.14914372216356306,0.18490183976193317,0.8292682926829268,0.6760869565217391,0.9032258064516129,0.9607843137254902,0.8521739130434782,0.7043478260869566,2.32296885320582,1.5431782517990338,0.079784415776635
switzerland,ft_transformer,pooled,source_oof_platt,natural,0,123.0,0.9349593495934959,0.741304347826087,0.974730309548699,0.4871477639254255,0.6058038665764455,0.1568198163741603,0.21039751157028935,0.7967479674796748,0.6586956521739131,0.8826291079812206,0.9591836734693877,0.8173913043478261,0.40869565217391307,2.4093653689291066,0.8713907016157666,0.12257587469660422
switzerland,realmlp,pooled,raw,drop_advanced,0,123.0,0.9349593495934959,0.7717391304347827,0.9735894298174965,0.5053550104172172,0.5894455135964026,0.16717252200245059,0.19778132872681128,0.7560975609756098,0.6951086956521739,0.8543689320388349,0.967032967032967,0.7652173913043478,0.6260869565217392,2.530005155542611,0.9146180424676333,0.1264733996909307
switzerland,realmlp,pooled,raw,drop_exercise,0,123.0,0.9349593495934959,0.775,0.9808570719805567,0.4947501184492422,0.591627078539999,0.1597265854880986,0.20537291550777592,0.7967479674796748,0.6586956521739131,0.8826291079812206,0.9591836734693877,0.8173913043478261,0.6086956521739131,2.39464356813393,0.958791604210037,0.12234864237330058
switzerland,realmlp,pooled,raw,drop_routine,0,123.0,0.9349593495934959,0.7510869565217391,0.9740703100033277,0.21165928670914178,1.0633123754244458,0.05468265015334383,0.34240166675947536,0.9349593495934959,0.5,0.9663865546218487,0.9349593495934959,1.0,0.391304347826087,0.27832609718350676,1.01814825445273,0.027037085738971376
switzerland,realmlp,pooled,raw,empirical_source,0,123.0,0.9349593495934959,0.6989130434782609,0.9640232562006283,0.5202513482123982,0.6756070586830741,0.17335896499745443,0.22991712532662267,0.7642276422764228,0.6994565217391304,0.8599033816425121,0.967391304347826,0.7739130434782608,0.2956521739130435,2.467415626186077,0.7000225688024403,0.1411290103118496
switzerland,realmlp,pooled,raw,empirical_source,1,123.0,0.9349593495934959,0.7380434782608696,0.9671842260362804,0.48216787736487743,0.6123225436387126,0.1570677201989848,0.20650549336635676,0.7886178861788617,0.7125,0.8761904761904762,0.968421052631579,0.8,0.3391304347826087,2.4557438223362587,0.8681352577970429,0.11916209294551457
switzerland,realmlp,pooled,raw,empirical_source,2,123.0,0.9349593495934959,0.7239130434782609,0.9697593662139308,0.48962918192511434,0.6487450395212214,0.16213028831912743,0.22556716018759804,0.7560975609756098,0.5788043478260869,0.8571428571428571,0.9473684210526315,0.782608695652174,0.6086956521739131,2.3795921657672277,0.7268429466810069,0.11456161529868003
switzerland,realmlp,pooled,raw,empirical_source,3,123.0,0.9349593495934959,0.7434782608695653,0.9706388079953041,0.4853870222663351,0.5989096990498652,0.15801015233744198,0.20281447660588298,0.7967479674796748,0.7168478260869565,0.8815165876777251,0.96875,0.808695652173913,0.3391304347826087,2.4664195585631195,0.8779737291741448,0.12231783785391338
switzerland,realmlp,pooled,raw,empirical_source,4,123.0,0.9349593495934959,0.7489130434782609,0.969503216943185,0.47705701365398984,0.6081932730966382,0.15629526658850426,0.20462360897466156,0.7642276422764228,0.6994565217391304,0.8599033816425121,0.967391304347826,0.7739130434782608,0.3391304347826087,2.4398591101527147,0.9076481308218554,0.1065824289362433
switzerland,realmlp,pooled,raw,empirical_source,5,123.0,0.9349593495934959,0.6880434782608695,0.964244122472943,0.49817107242417813,0.6893722924513254,0.1618588306485505,0.2377677238034672,0.7723577235772358,0.5875,0.8679245283018868,0.9484536082474226,0.8,0.34782608695652173,2.388210796278501,0.5933098409403198,0.13108161550227307
switzerland,realmlp,pooled,raw,empirical_source,6,123.0,0.9349593495934959,0.7836956521739131,0.9750404274555825,0.4552192263068763,0.5833361087169052,0.14879125097733592,0.19855383451843697,0.7723577235772358,0.6456521739130434,0.8666666666666667,0.9578947368421052,0.7913043478260869,0.6608695652173913,2.4013711291127158,1.0018888005143172,0.0876121249480032
switzerland,realmlp,pooled,raw,empirical_source,7,123.0,0.9349593495934959,0.7652173913043478,0.9746920907329855,0.48639389692646107,0.5918904378427825,0.1596610440530797,0.20362107383743877,0.7642276422764228,0.6413043478260869,0.861244019138756,0.9574468085106383,0.782608695652174,0.6434782608695652,2.4527861958617683,0.842992729204599,0.11423060993645943
switzerland,realmlp,pooled,raw,empirical_source,8,123.0,0.9349593495934959,0.6619565217391306,0.9613466850759029,0.49982060360994085,0.7197119509474645,0.16610827564167577,0.25506191640908166,0.7560975609756098,0.5788043478260869,0.8571428571428571,0.9473684210526315,0.782608695652174,0.391304347826087,2.382494588185579,0.5654702665577998,0.12276447296162625
switzerland,realmlp,pooled,raw,empirical_source,9,123.0,0.9349593495934959,0.7217391304347827,0.9689487608583669,0.48839492588917405,0.6452059899641597,0.16094759726177826,0.22211896543235266,0.7723577235772358,0.6456521739130434,0.8666666666666667,0.9578947368421052,0.7913043478260869,0.3391304347826087,2.4116883541750402,0.7514236492423766,0.11525310445306723
switzerland,realmlp,pooled,raw,mar_age_sex_30,0,123.0,0.9349593495934959,0.675,0.9672362640700511,0.3811109049216072,0.7839863017789678,0.11941785307913881,0.26899507525341715,0.8211382113821138,0.6135869565217391,0.8990825688073395,0.9514563106796117,0.8521739130434782,0.3217391304347826,2.092193043156034,0.5665526665532502,0.05983201337181853
switzerland,realmlp,pooled,raw,mar_age_sex_30,1,123.0,0.9349593495934959,0.7086956521739131,0.9617649750377442,0.3642293444525948,0.7499756201165511,0.10884305464408185,0.23110333108914258,0.8699186991869918,0.6978260869565218,0.9279279279279279,0.9626168224299065,0.8956521739130435,0.1565217391304348,2.0314452202594473,0.7164172892380598,0.061908102514524034
switzerland,realmlp,pooled,raw,mar_age_sex_30,2,123.0,0.9349593495934959,0.5978260869565217,0.9526410112830109,0.39992202659217047,0.9065254587103497,0.12261216361807753,0.29452387464050317,0.8373983739837398,0.6222826086956521,0.9090909090909091,0.9523809523809523,0.8695652173913043,0.20869565217391303,2.19335034702268,0.4230858902482382,0.07790666523042744
switzerland,realmlp,pooled,raw,mar_age_sex_30,3,123.0,0.9349593495934959,0.7152173913043478,0.9742684297743012,0.375643390568304,0.753384058671041,0.11912193015802094,0.2674697248283845,0.8211382113821138,0.5554347826086956,0.9,0.9428571428571428,0.8608695652173913,0.5043478260869565,2.075058685282175,0.5452126792624681,0.05327964239576198
switzerland,realmlp,pooled,raw,mar_age_sex_30,4,123.0,0.9349593495934959,0.6108695652173913,0.9402492295135856,0.4005675051787283,0.9277456310362465,0.12417970396931015,0.3018901829284392,0.8048780487804879,0.5467391304347826,0.8899082568807339,0.941747572815534,0.8434782608695652,0.1826086956521739,2.244593217197093,0.3426742745094331,0.0888159996161244
switzerland,realmlp,pooled,raw,mar_age_sex_30,5,123.0,0.9349593495934959,0.6684782608695652,0.9656466432593038,0.3948484259902348,0.7707942815672159,0.12535535018650326,0.2690095794993644,0.8130081300813008,0.6092391304347826,0.8940092165898618,0.9509803921568627,0.8434782608695652,0.26956521739130435,2.125600712637534,0.5675622268587303,0.06489460519050994
switzerland,realmlp,pooled,raw,mar_age_sex_30,6,123.0,0.9349593495934959,0.7043478260869565,0.9638385233619606,0.3653231282021033,0.7628361956010438,0.1107527884395743,0.24730919366770096,0.8373983739837398,0.6222826086956521,0.9090909090909091,0.9523809523809523,0.8695652173913043,0.21739130434782608,2.0256187216011154,0.5996629910927299,0.06030139779537488
switzerland,realmlp,pooled,raw,mar_age_sex_30,7,123.0,0.9349593495934959,0.6630434782608696,0.964239957226926,0.40394244763263265,0.7861654228357732,0.12779112367655673,0.2636122011127434,0.8292682926829268,0.6760869565217391,0.9032258064516129,0.9607843137254902,0.8521739130434782,0.30434782608695654,2.1489703548387085,0.5897176976215284,0.07061903770321115
switzerland,realmlp,pooled,raw,mar_age_sex_30,8,123.0,0.9349593495934959,0.7434782608695653,0.9770104369755416,0.3625245037775097,0.6931043599933804,0.1144430588405924,0.24604872509937037,0.8536585365853658,0.6309782608695652,0.918918918918919,0.9532710280373832,0.8869565217391304,0.5478260869565217,2.0348445736866916,0.6759204373600287,0.05085632262365569
switzerland,realmlp,pooled,raw,mar_age_sex_30,9,123.0,0.9349593495934959,0.7826086956521738,0.9812542373638458,0.3207854223702458,0.6373498888639582,0.0952529242080275,0.22372904032240667,0.8780487804878049,0.7021739130434783,0.9327354260089686,0.9629629629629629,0.9043478260869565,0.5304347826086957,1.8188667873450879,0.8964250888826887,0.03285418893625265
switzerland,realmlp,pooled,raw,mcar_10,0,123.0,0.9349593495934959,0.6510869565217391,0.9545348221918326,0.4400965775885518,0.7968376051619185,0.13936214827284335,0.2632708804352524,0.8048780487804879,0.6048913043478261,0.8888888888888888,0.9504950495049505,0.8347826086956521,0.21739130434782608,2.2606299871926336,0.4982573956090745,0.09559989399209239
switzerland,realmlp,pooled,raw,mcar_10,1,123.0,0.9349593495934959,0.7032608695652174,0.9497052326845242,0.431640051946997,0.7610026790047676,0.13269863299151433,0.23162425153583777,0.8373983739837398,0.6804347826086956,0.908256880733945,0.9611650485436893,0.8608695652173913,0.25217391304347825,2.2362299823794523,0.5646992899680128,0.10744640834375113
switzerland,realmlp,pooled,raw,mcar_10,2,123.0,0.9349593495934959,0.7141304347826087,0.9728772602411235,0.4321570944865245,0.7124453736995211,0.14141605153430126,0.25588881063720076,0.8048780487804879,0.5467391304347826,0.8899082568807339,0.941747572815534,0.8434782608695652,0.5391304347826087,2.2334681778123935,0.5505342152245879,0.07851031216339392
switzerland,realmlp,pooled,raw,mcar_10,3,123.0,0.9349593495934959,0.7326086956521739,0.9765084316678023,0.4151611954861482,0.6564546173713561,0.13563668560597072,0.23571668050510308,0.7804878048780488,0.5918478260869565,0.8732394366197183,0.9489795918367347,0.808695652173913,0.4608695652173913,2.1614946817547476,0.7517446293789588,0.06521793859264945
switzerland,realmlp,pooled,raw,mcar_10,4,123.0,0.9349593495934959,0.7065217391304348,0.9715481777521104,0.4409013692317646,0.7255804908791672,0.1429003353819622,0.25470418193530325,0.8048780487804879,0.6048913043478261,0.8888888888888888,0.9504950495049505,0.8347826086956521,0.4260869565217391,2.257294938215738,0.4967621650156383,0.08804462437994456
switzerland,realmlp,pooled,raw,mcar_10,5,123.0,0.9349593495934959,0.6641304347826087,0.9523054299093371,0.4591895213260265,0.7575557814621057,0.14717927853550603,0.2446028024273435,0.7967479674796748,0.6586956521739131,0.8826291079812206,0.9591836734693877,0.8173913043478261,0.19130434782608696,2.303504872249924,0.599381644050616,0.10783419609773903
switzerland,realmlp,pooled,raw,mcar_10,6,123.0,0.9349593495934959,0.7456521739130435,0.9749696847872,0.42047714403396225,0.6468539328872936,0.13552232705174894,0.22711518498448277,0.8130081300813008,0.6092391304347826,0.8940092165898618,0.9509803921568627,0.8434782608695652,0.591304347826087,2.212135266158142,0.747594618792496,0.07315057893376366
switzerland,realmlp,pooled,raw,mcar_10,7,123.0,0.9349593495934959,0.7315217391304348,0.9714493657526138,0.4270503879743561,0.6467182596887887,0.13530532087824143,0.22280529644666994,0.8130081300813008,0.6673913043478261,0.8930232558139535,0.96,0.8347826086956521,0.46956521739130436,2.234298554079181,0.7401559291913339,0.08230084838906439
switzerland,realmlp,pooled,raw,mcar_10,8,123.0,0.9349593495934959,0.7771739130434783,0.9781080325497284,0.40539191227029897,0.6139631675023185,0.12696288975769582,0.20782791349651195,0.8211382113821138,0.6717391304347826,0.8981481481481481,0.9603960396039604,0.8434782608695652,0.5739130434782609,2.159710099032907,0.7734915069333453,0.07055878828572745
switzerland,realmlp,pooled,raw,mcar_10,9,123.0,0.9349593495934959,0.7282608695652175,0.9681173547179851,0.45508028272764983,0.6615600066266,0.1474894028084196,0.21988659763254575,0.7967479674796748,0.6586956521739131,0.8826291079812206,0.9591836734693877,0.8173913043478261,0.2,2.3217435417952683,0.7134571099717755,0.09863710033904924
switzerland,realmlp,pooled,raw,mcar_30,0,123.0,0.9349593495934959,0.6847826086956522,0.9608258693137016,0.38106262660660356,0.7855576320648905,0.11471776422820612,0.25999474337505424,0.8455284552845529,0.5684782608695652,0.9147982062780269,0.9444444444444444,0.8869565217391304,0.2956521739130435,2.0928046077163365,0.5679625127579876,0.06624640340161513
switzerland,realmlp,pooled,raw,mcar_30,1,123.0,0.9349593495934959,0.7195652173913043,0.9757284003720833,0.3740178734040323,0.7191056720256819,0.11810450801292519,0.26220039330865275,0.8455284552845529,0.5684782608695652,0.9147982062780269,0.9444444444444444,0.8869565217391304,0.5217391304347826,2.0498935438168897,0.6271740839782523,0.05144122751080298
switzerland,realmlp,pooled,raw,mcar_30,2,123.0,0.9349593495934959,0.7206521739130436,0.959477150066472,0.3205427821229923,0.7908357953634986,0.09017870259889746,0.2579750037173771,0.9024390243902439,0.5989130434782608,0.9478260869565217,0.9478260869565217,0.9478260869565217,0.6260869565217392,1.7710118526227274,0.7377408715698791,0.0492495731965472
switzerland,realmlp,pooled,raw,mcar_30,3,123.0,0.9349593495934959,0.716304347826087,0.9735875115814618,0.34964693934689806,0.7027611695578007,0.10593396306996504,0.24847892073779834,0.8861788617886179,0.6483695652173913,0.9380530973451328,0.954954954954955,0.9217391304347826,0.4956521739130435,1.9176318977190832,0.7634467508600975,0.04596486121203041
switzerland,realmlp,pooled,raw,mcar_30,4,123.0,0.9349593495934959,0.5989130434782609,0.9470559837270608,0.35684328343694116,0.8884874977683705,0.1039188247295264,0.2923308288524234,0.8780487804878049,0.5858695652173913,0.933920704845815,0.9464285714285714,0.9217391304347826,0.16521739130434782,2.0497052404540304,0.5067973283653591,0.06347400171235197
switzerland,realmlp,pooled,raw,mcar_30,5,123.0,0.9349593495934959,0.633695652173913,0.9583437551185819,0.35099381637604693,0.8488734470277526,0.10341258230601885,0.28573954167213234,0.8780487804878049,0.6440217391304348,0.9333333333333333,0.9545454545454546,0.9130434782608695,0.24347826086956523,1.9969553912032116,0.5563972780311343,0.05395908996177553
switzerland,realmlp,pooled,raw,mcar_30,6,123.0,0.9349593495934959,0.6369565217391304,0.9533748325429496,0.38367628538333176,0.8491703885348111,0.11700620365884917,0.2801326958546184,0.8536585365853658,0.6309782608695652,0.918918918918919,0.9532710280373832,0.8869565217391304,0.14782608695652175,2.1447907276282856,0.45430659948017127,0.07387096828682517
switzerland,realmlp,pooled,raw,mcar_30,7,123.0,0.9349593495934959,0.7260869565217392,0.9740565749069503,0.37000722714244283,0.713262413322466,0.11288589136779,0.248291554894373,0.8699186991869918,0.6396739130434783,0.9285714285714286,0.9541284403669725,0.9043478260869565,0.34782608695652173,2.0371599810166052,0.6321938954473164,0.05607897444899354
switzerland,realmlp,pooled,raw,mcar_30,8,123.0,0.9349593495934959,0.5847826086956522,0.9469275061832698,0.4029308292956622,0.9418867525915443,0.12489836385580287,0.3117347436535551,0.8130081300813008,0.49293478260869567,0.8959276018099548,0.9339622641509434,0.8608695652173913,0.24347826086956523,2.3152619753295434,0.27139148511564076,0.0816744328754218
switzerland,realmlp,pooled,raw,mcar_30,9,123.0,0.9349593495934959,0.7336956521739131,0.9666343238441641,0.357420850145312,0.7387605275304464,0.10772763692603074,0.2467884017546975,0.8536585365853658,0.5728260869565218,0.9196428571428571,0.944954128440367,0.8956521739130435,0.5565217391304348,1.9775097742088787,0.6354718051542076,0.05545633436512575
switzerland,realmlp,pooled,raw,mcar_50,0,123.0,0.9349593495934959,0.7423913043478261,0.9746315591953,0.25465716842573805,0.8373405032126673,0.06691698481231408,0.28764673841977567,0.9349593495934959,0.616304347826087,0.9658119658119658,0.9495798319327731,0.9826086956521739,0.4956521739130435,1.13130371189966,0.954680375257872,0.027778772194266426
switzerland,realmlp,pooled,raw,mcar_50,1,123.0,0.9349593495934959,0.691304347826087,0.9628572009981997,0.270010497209552,0.8593302993716804,0.07175238970948498,0.285433595797925,0.926829268292683,0.6119565217391305,0.9613733905579399,0.9491525423728814,0.9739130434782609,0.3826086956521739,1.4369379990362448,0.8039862720098808,0.038973241316762296
switzerland,realmlp,pooled,raw,mcar_50,2,123.0,0.9349593495934959,0.5717391304347825,0.9520971917550443,0.318558509277401,1.0500872742458167,0.09087897704605707,0.3494527979294052,0.9024390243902439,0.5407608695652174,0.9482758620689655,0.9401709401709402,0.9565217391304348,0.391304347826087,2.1598943467770813,0.2843396892398743,0.054508852022975327
switzerland,realmlp,pooled,raw,mcar_50,3,123.0,0.9349593495934959,0.6489130434782608,0.9661627465467517,0.30211490153192977,0.930626006884169,0.08664704993753268,0.32164206981190013,0.9024390243902439,0.5407608695652174,0.9482758620689655,0.9401709401709402,0.9565217391304348,0.4,1.8588174980899008,0.4918897273093349,0.038837369725679506
switzerland,realmlp,pooled,raw,mcar_50,4,123.0,0.9349593495934959,0.6206521739130435,0.9466441719750515,0.2946986644300095,0.9987226932692492,0.07973801060033424,0.3218411670630633,0.9186991869918699,0.5494565217391305,0.9572649572649573,0.9411764705882353,0.9739130434782609,0.06956521739130435,1.8530384433241744,0.47088194875666545,0.05705089026999335
switzerland,realmlp,pooled,raw,mcar_50,5,123.0,0.9349593495934959,0.6434782608695652,0.9614402666531707,0.3310272847574747,0.8653211807064626,0.09752187528868365,0.2961291235972191,0.8861788617886179,0.5902173913043478,0.9385964912280702,0.9469026548672567,0.9304347826086956,0.3217391304347826,1.9331415818860074,0.5474762235641444,0.04903759738249891
switzerland,realmlp,pooled,raw,mcar_50,6,123.0,0.9349593495934959,0.5652173913043479,0.9502802166141655,0.3198436710081737,0.9859239469467995,0.08899326880132184,0.3197526558425681,0.8943089430894309,0.5945652173913043,0.9432314410480349,0.9473684210526315,0.9391304347826087,0.21739130434782608,1.987296382881224,0.4369161591654922,0.05371881460646891
switzerland,realmlp,pooled,raw,mcar_50,7,123.0,0.9349593495934959,0.6608695652173913,0.9535122643627937,0.32935387124919907,0.9195558217249625,0.09551395828709074,0.3065833865150491,0.8861788617886179,0.5320652173913043,0.9391304347826087,0.9391304347826087,0.9391304347826087,0.4,2.0134119957103063,0.4305774923577475,0.059721618145656206
switzerland,realmlp,pooled,raw,mcar_50,8,123.0,0.9349593495934959,0.5065217391304347,0.9299704183019079,0.37863730622132347,1.1275891977929497,0.11216544352104296,0.3611834320748928,0.8617886178861789,0.5190217391304348,0.9251101321585903,0.9375,0.9130434782608695,0.22608695652173913,2.6505296457773926,0.008866937875079233,0.08546158062604796
switzerland,realmlp,pooled,raw,mcar_50,9,123.0,0.9349593495934959,0.7456521739130435,0.9782859033817022,0.297850477159175,0.7617364797335673,0.08557566273436977,0.276763479434118,0.9105691056910569,0.5451086956521739,0.9527896995708155,0.940677966101695,0.9652173913043478,0.5304347826086957,1.564523041402238,0.8322459862462898,0.027386750513202704
switzerland,realmlp,pooled,raw,natural,0,123.0,0.9349593495934959,0.7467391304347826,0.9728302501959469,0.46026435783699027,0.6293066676141092,0.1495986915746309,0.21590186661033448,0.7967479674796748,0.6586956521739131,0.8826291079812206,0.9591836734693877,0.8173913043478261,0.4434782608695652,2.3599242320952043,0.7568529182627138,0.10220362564978829
switzerland,realmlp,pooled,source_oof_platt,drop_advanced,0,123.0,0.9349593495934959,0.7695652173913043,0.9733978591427117,0.42631320928709293,0.597791601249694,0.1321670059475512,0.201070449746043,0.8130081300813008,0.7255434782608696,0.892018779342723,0.9693877551020408,0.8260869565217391,0.6260869565217392,2.142259614933049,1.1920400884121802,0.0644723376677582
switzerland,realmlp,pooled,source_oof_platt,drop_exercise,0,123.0,0.9349593495934959,0.7652173913043478,0.9797777004589548,0.4275757218724871,0.6257796076030909,0.12968147462678212,0.21925584753789756,0.8211382113821138,0.6717391304347826,0.8981481481481481,0.9603960396039604,0.8434782608695652,0.5565217391304348,1.9923043575840893,1.2381668647858004,0.04492819984787782
switzerland,realmlp,pooled,source_oof_platt,drop_routine,0,123.0,0.9349593495934959,0.7510869565217391,0.9740661387622749,0.2122743253546158,1.0596539392861792,0.05477527965179558,0.35398570587839623,0.9349593495934959,0.5,0.9663865546218487,0.9349593495934959,1.0,0.391304347826087,-0.31769759468510483,1.3159682991187898,0.027040200712649853
switzerland,realmlp,pooled,source_oof_platt,empirical_source,0,123.0,0.9349593495934959,0.6967391304347826,0.9633523147271751,0.43658324631758666,0.6647054525818891,0.1366920472294798,0.2247818484657946,0.8130081300813008,0.7255434782608696,0.892018779342723,0.9693877551020408,0.8260869565217391,0.2956521739130435,2.173753116274002,0.9078731932744768,0.07870698967303941
switzerland,realmlp,pooled,source_oof_platt,empirical_source,1,123.0,0.9349593495934959,0.732608695652174,0.9663687644395182,0.4114571443010974,0.6167795995046604,0.1256664208385046,0.2072688179185608,0.8292682926829268,0.7342391304347826,0.9023255813953488,0.97,0.8434782608695652,0.3130434782608696,2.0897672745342746,1.1277756019128262,0.06459182012411721
switzerland,realmlp,pooled,source_oof_platt,empirical_source,2,123.0,0.9349593495934959,0.7195652173913043,0.9693167330440258,0.4189782729499613,0.6592220353448386,0.12967856663260066,0.2305390476230399,0.7967479674796748,0.6005434782608696,0.8837209302325582,0.95,0.8260869565217391,0.6,2.0772675783436756,0.9467024678107941,0.06225365301403939
switzerland,realmlp,pooled,source_oof_platt,empirical_source,3,123.0,0.9349593495934959,0.7423913043478261,0.9702868439871504,0.41327882245894093,0.6062749975000191,0.12631921299041254,0.20433765864241876,0.8211382113821138,0.7298913043478261,0.897196261682243,0.9696969696969697,0.8347826086956521,0.3217391304347826,2.095132583067834,1.144866943520465,0.06344961673650074
switzerland,realmlp,pooled,source_oof_platt,empirical_source,4,123.0,0.9349593495934959,0.7445652173913043,0.968966518966458,0.407732582124906,0.6146416622237867,0.12440964186381862,0.20603754458371645,0.8292682926829268,0.7342391304347826,0.9023255813953488,0.97,0.8434782608695652,0.33043478260869563,2.056765278865996,1.180646482302573,0.05956713876344797
switzerland,realmlp,pooled,source_oof_platt,empirical_source,5,123.0,0.9349593495934959,0.6847826086956522,0.9632556358800025,0.42616711304742955,0.6952299127453648,0.13140298490135138,0.242347359014538,0.8373983739837398,0.6222826086956521,0.9090909090909091,0.9523809523809523,0.8695652173913043,0.33043478260869563,2.1459721901963578,0.7599768502060251,0.07252277364762652
switzerland,realmlp,pooled,source_oof_platt,empirical_source,6,123.0,0.9349593495934959,0.7782608695652173,0.9745279773902176,0.39290501629114793,0.5985056256775865,0.11879922960504415,0.20289596368872959,0.8130081300813008,0.6673913043478261,0.8930232558139535,0.96,0.8347826086956521,0.6434782608695652,1.976190039936181,1.307136056862683,0.0467087419383874
switzerland,realmlp,pooled,source_oof_platt,empirical_source,7,123.0,0.9349593495934959,0.7597826086956521,0.9734856180139526,0.4131454147686832,0.6054563117723194,0.12733287634581128,0.20809992611053185,0.8130081300813008,0.6673913043478261,0.8930232558139535,0.96,0.8347826086956521,0.6347826086956522,2.0937515347493996,1.0979313237602961,0.06332169887341478
switzerland,realmlp,pooled,source_oof_platt,empirical_source,8,123.0,0.9349593495934959,0.657608695652174,0.9607757171184236,0.4266577176147181,0.717055663522706,0.13280000431741457,0.2535781226323994,0.7886178861788617,0.5961956521739131,0.8785046728971962,0.9494949494949495,0.8173913043478261,0.3739130434782609,2.15029835914628,0.7305892020771722,0.07005905282428466
switzerland,realmlp,pooled,source_oof_platt,empirical_source,9,123.0,0.9349593495934959,0.7184782608695652,0.9685720753136278,0.4156948659533451,0.6479917460787366,0.1284156093344023,0.22233622511412754,0.8130081300813008,0.6673913043478261,0.8930232558139535,0.96,0.8347826086956521,0.33043478260869563,2.096979298931405,0.9733275503232555,0.06602917259986676
switzerland,realmlp,pooled,source_oof_platt,mar_age_sex_30,0,123.0,0.9349593495934959,0.6673913043478261,0.966506384701443,0.3379953811895109,0.7970759885981769,0.0991150657132527,0.27274124560284313,0.8943089430894309,0.6527173913043478,0.9427312775330396,0.9553571428571429,0.9304347826086956,0.3565217391304348,1.876335572516332,0.6770903028974916,0.04460075574381615
switzerland,realmlp,pooled,source_oof_platt,mar_age_sex_30,1,123.0,0.9349593495934959,0.7054347826086956,0.9614606891242232,0.3255831914244277,0.74776878889822,0.09088387726481777,0.2349816131934102,0.8861788617886179,0.7065217391304348,0.9375,0.963302752293578,0.9130434782608695,0.1565217391304348,1.7403982626823091,0.8847074366213966,0.046395471015065914
switzerland,realmlp,pooled,source_oof_platt,mar_age_sex_30,2,123.0,0.9349593495934959,0.5717391304347825,0.9474678247768058,0.3547235098684651,0.9026202912207103,0.1023440050076652,0.29519879893817347,0.8861788617886179,0.6483695652173913,0.9380530973451328,0.954954954954955,0.9217391304347826,0.1826086956521739,2.064713092164772,0.47754514666090764,0.0639846492968916
switzerland,realmlp,pooled,source_oof_platt,mar_age_sex_30,3,123.0,0.9349593495934959,0.7086956521739131,0.973426614609624,0.33366177792389395,0.7762586975909002,0.09947077887608315,0.2761056205966693,0.8699186991869918,0.5815217391304348,0.9292035398230089,0.9459459459459459,0.9130434782608695,0.5217391304347826,1.8553137019870691,0.6701068997324764,0.03733318998483096
switzerland,realmlp,pooled,source_oof_platt,mar_age_sex_30,4,123.0,0.9349593495934959,0.5956521739130435,0.9378570530599242,0.35583529304764633,0.9195876982382989,0.1040182374931746,0.30625950342684183,0.8536585365853658,0.5728260869565218,0.9196428571428571,0.944954128440367,0.8956521739130435,0.1565217391304348,2.140748238992566,0.3941019844197226,0.07594493687145512
switzerland,realmlp,pooled,source_oof_platt,mar_age_sex_30,5,123.0,0.9349593495934959,0.6554347826086956,0.9643371951703263,0.3506114976227634,0.7851127255899316,0.10381309378490118,0.2740422023229936,0.8617886178861789,0.6353260869565218,0.9237668161434978,0.9537037037037037,0.8956521739130435,0.2782608695652174,1.9154976413333449,0.6817519849869305,0.04653373027919417
switzerland,realmlp,pooled,source_oof_platt,mar_age_sex_30,6,123.0,0.9349593495934959,0.7097826086956522,0.9659445049448014,0.32672803920625937,0.7702459357338706,0.09354604905009982,0.2589035477478744,0.8699186991869918,0.5815217391304348,0.9292035398230089,0.9459459459459459,0.9130434782608695,0.1826086956521739,1.770681419134462,0.7580139173084623,0.04215909518061195
switzerland,realmlp,pooled,source_oof_platt,mar_age_sex_30,7,123.0,0.9349593495934959,0.6510869565217392,0.9620604030720037,0.3555981858148551,0.793830581817085,0.10439408819663383,0.26467543291810197,0.8861788617886179,0.7065217391304348,0.9375,0.963302752293578,0.9130434782608695,0.33043478260869563,1.9324225680315774,0.6944182501024521,0.049495760002822756
switzerland,realmlp,pooled,source_oof_platt,mar_age_sex_30,8,123.0,0.9349593495934959,0.7336956521739131,0.97580611915624,0.32331120854710094,0.7207775230127679,0.0956701616616072,0.2522822533144695,0.8780487804878049,0.6440217391304348,0.9333333333333333,0.9545454545454546,0.9130434782608695,0.5217391304347826,1.767370508451644,0.8173898453971824,0.03569119772837135
switzerland,realmlp,pooled,source_oof_platt,mar_age_sex_30,9,123.0,0.9349593495934959,0.7836956521739131,0.9813532307935108,0.2932574727418019,0.6609723816079067,0.08145491710870906,0.2333366043728511,0.8943089430894309,0.6527173913043478,0.9427312775330396,0.9553571428571429,0.9304347826086956,0.5304347826086957,1.4232968512442838,1.1521631806509687,0.02337681468050613
switzerland,realmlp,pooled,source_oof_platt,mcar_10,0,123.0,0.9349593495934959,0.6456521739130434,0.95203903802796,0.3856419508759996,0.7931130579942453,0.11477500603075465,0.26750083364483335,0.8373983739837398,0.5641304347826087,0.9099099099099099,0.9439252336448598,0.8782608695652174,0.22608695652173913,2.0761493611560122,0.6102502309805983,0.06442415589267125
switzerland,realmlp,pooled,source_oof_platt,mcar_10,1,123.0,0.9349593495934959,0.6967391304347825,0.9488044492893206,0.376052280406514,0.7505216172940552,0.10984852760834454,0.23899456060247848,0.8617886178861789,0.6934782608695652,0.9230769230769231,0.9622641509433962,0.8869565217391304,0.23478260869565218,2.004892265022237,0.7191511264616911,0.07423598750653854
switzerland,realmlp,pooled,source_oof_platt,mcar_10,2,123.0,0.9349593495934959,0.7130434782608696,0.9731344314549865,0.3744496947554538,0.7135896006346927,0.11517915596578372,0.25680072890623856,0.8211382113821138,0.5554347826086956,0.9,0.9428571428571428,0.8608695652173913,0.5304347826086957,1.9951877917381604,0.7255645734074699,0.0463066595044945
switzerland,realmlp,pooled,source_oof_platt,mcar_10,3,123.0,0.9349593495934959,0.7119565217391304,0.9732953855020074,0.3663706476738975,0.682600887390277,0.11022333781989901,0.2426821028460136,0.8292682926829268,0.6179347826086956,0.9041095890410958,0.9519230769230769,0.8608695652173913,0.45217391304347826,1.855258014669113,0.9552176178068453,0.04135292386791523
switzerland,realmlp,pooled,source_oof_platt,mcar_10,4,123.0,0.9349593495934959,0.7021739130434783,0.9710793408248217,0.3796324874883213,0.7255863135297668,0.11671212947863675,0.2575542960854633,0.8211382113821138,0.6135869565217391,0.8990825688073395,0.9514563106796117,0.8521739130434782,0.4260869565217391,2.0382117517910863,0.6555307165307425,0.050756000320397315
switzerland,realmlp,pooled,source_oof_platt,mcar_10,5,123.0,0.9349593495934959,0.6543478260869565,0.95013772567346,0.39541045232502925,0.7439326201196031,0.11887204949009582,0.24372485680102007,0.8130081300813008,0.6673913043478261,0.8930232558139535,0.96,0.8347826086956521,0.17391304347826086,2.0624902107429497,0.750301297255053,0.07307847147099163
switzerland,realmlp,pooled,source_oof_platt,mcar_10,6,123.0,0.9349593495934959,0.7380434782608696,0.9743747985574519,0.36727461752177337,0.6613826500332729,0.1104983273879391,0.2321534294517737,0.8373983739837398,0.6222826086956521,0.9090909090909091,0.9523809523809523,0.8695652173913043,0.5565217391304348,1.8970579072764764,0.9639880039055214,0.041968476960464844
switzerland,realmlp,pooled,source_oof_platt,mcar_10,7,123.0,0.9349593495934959,0.7282608695652174,0.9712720337776941,0.37360625893057403,0.661732639012515,0.11111584510540395,0.2305290688410598,0.8536585365853658,0.6309782608695652,0.918918918918919,0.9532710280373832,0.8869565217391304,0.4434782608695652,1.9197786112559059,0.9609739408656818,0.048257356919318026
switzerland,realmlp,pooled,source_oof_platt,mcar_10,8,123.0,0.9349593495934959,0.7760869565217391,0.9781823333335375,0.3568022496350649,0.6410380060609994,0.10536350077440423,0.2219547211870696,0.8455284552845529,0.6266304347826087,0.9140271493212669,0.9528301886792453,0.8782608695652174,0.5652173913043478,1.8300124535216666,1.0018775893049359,0.04046507318557921
switzerland,realmlp,pooled,source_oof_platt,mcar_10,9,123.0,0.9349593495934959,0.7293478260869566,0.9686840394354831,0.389387513748079,0.6585112696234894,0.1185492592191141,0.22127182459666406,0.8292682926829268,0.6760869565217391,0.9032258064516129,0.9607843137254902,0.8521739130434782,0.20869565217391303,2.019064320039319,0.928744410571913,0.057699014393560635
switzerland,realmlp,pooled,source_oof_platt,mcar_30,0,123.0,0.9349593495934959,0.682608695652174,0.9591204487304252,0.34275851246756667,0.7857244678971572,0.09758431897930549,0.26649454367084424,0.8861788617886179,0.5902173913043478,0.9385964912280702,0.9469026548672567,0.9304347826086956,0.30434782608695654,1.8600052088902863,0.7201891072029466,0.05015472633888955
switzerland,realmlp,pooled,source_oof_platt,mcar_30,1,123.0,0.9349593495934959,0.7076086956521739,0.9739071363456153,0.33680950463043935,0.7468313981132738,0.0996405664269039,0.2703047722630685,0.8699186991869918,0.5815217391304348,0.9292035398230089,0.9459459459459459,0.9130434782608695,0.5304347826086957,1.810223752732307,0.7675081051078232,0.03514883644765864
switzerland,realmlp,pooled,source_oof_platt,mcar_30,2,123.0,0.9349593495934959,0.7032608695652174,0.957534295725899,0.303167166590176,0.8140507021378106,0.08137057335961873,0.2736415289368464,0.9186991869918699,0.6076086956521739,0.9568965517241379,0.9487179487179487,0.9652173913043478,0.5304347826086957,1.5328443407860997,0.8702227558764236,0.04533002938846156
switzerland,realmlp,pooled,source_oof_platt,mcar_30,3,123.0,0.9349593495934959,0.7130434782608696,0.973422178408615,0.3189804722847983,0.718373111794858,0.09065146140995747,0.2561201319632953,0.8943089430894309,0.5945652173913043,0.9432314410480349,0.9473684210526315,0.9391304347826087,0.5043478260869565,1.5950806692647221,0.9816003908718819,0.03155991854279006
switzerland,realmlp,pooled,source_oof_platt,mcar_30,4,123.0,0.9349593495934959,0.5967391304347827,0.9484259403182432,0.32801336824442273,0.8709158885975203,0.09012900245260537,0.29358902979370655,0.8861788617886179,0.5902173913043478,0.9385964912280702,0.9469026548672567,0.9304347826086956,0.1565217391304348,1.8548430687702822,0.6311601252891166,0.05444666440968286
switzerland,realmlp,pooled,source_oof_platt,mcar_30,5,123.0,0.9349593495934959,0.6141304347826088,0.958186121771926,0.32367575975960056,0.8570665038800941,0.09005455713166095,0.2938896464146726,0.9186991869918699,0.6076086956521739,0.9568965517241379,0.9487179487179487,0.9652173913043478,0.2956521739130435,1.8196898183184078,0.6494838304992516,0.045132537777388314
switzerland,realmlp,pooled,source_oof_platt,mcar_30,6,123.0,0.9349593495934959,0.6315217391304349,0.9514550197372851,0.3439814710676432,0.8497954691215525,0.09902523469170901,0.2866291360764353,0.8617886178861789,0.5771739130434783,0.9244444444444444,0.9454545454545454,0.9043478260869565,0.13043478260869565,1.9790546179790767,0.5512618288338759,0.05771356147250047
switzerland,realmlp,pooled,source_oof_platt,mcar_30,7,123.0,0.9349593495934959,0.7195652173913043,0.9730144225209839,0.3351058142867615,0.7428841623806332,0.0969812618000975,0.26294951379798764,0.8943089430894309,0.5945652173913043,0.9432314410480349,0.9473684210526315,0.9391304347826087,0.3652173913043478,1.7911456553676293,0.7846285694482636,0.03877312686526242
switzerland,realmlp,pooled,source_oof_platt,mcar_30,8,123.0,0.9349593495934959,0.5684782608695653,0.9440290251570809,0.3617734322191485,0.9407504753643889,0.10573113958783585,0.3176138785699212,0.8699186991869918,0.5233695652173913,0.9298245614035088,0.9380530973451328,0.9217391304347826,0.20869565217391303,2.2721270347418057,0.28716358569142814,0.0657908522233409
switzerland,realmlp,pooled,source_oof_platt,mcar_30,9,123.0,0.9349593495934959,0.7260869565217392,0.9648811021638721,0.3252872772350203,0.7674503891599531,0.09268604234386614,0.26438698778591424,0.8780487804878049,0.5277173913043478,0.9344978165938864,0.9385964912280702,0.9304347826086956,0.5130434782608696,1.7307976452432154,0.7841582342949359,0.042277159284142725
switzerland,realmlp,pooled,source_oof_platt,mcar_50,0,123.0,0.9349593495934959,0.7304347826086957,0.9732477475283734,0.2532065051706838,0.8675474236036459,0.06506582240177529,0.30196840688618015,0.9349593495934959,0.5581521739130435,0.9661016949152542,0.9421487603305785,0.991304347826087,0.4260869565217391,0.8560808412045868,1.107869288950932,0.027869037406068987
switzerland,realmlp,pooled,source_oof_platt,mcar_50,1,123.0,0.9349593495934959,0.6815217391304348,0.9606746986352055,0.26276919939126486,0.8693944277116005,0.06718167730973783,0.29234954895006393,0.926829268292683,0.6119565217391305,0.9613733905579399,0.9491525423728814,0.9739130434782609,0.3565217391304348,1.1546664914380291,0.9653953701125918,0.04037842202216902
switzerland,realmlp,pooled,source_oof_platt,mcar_50,2,123.0,0.9349593495934959,0.5456521739130434,0.9488613272414737,0.3018244903495657,1.0586508506774004,0.08269983324988664,0.3576090627452425,0.9024390243902439,0.5407608695652174,0.9482758620689655,0.9401709401709402,0.9565217391304348,0.3652173913043478,2.1750995179669657,0.27240948046444097,0.05321092021107148
switzerland,realmlp,pooled,source_oof_platt,mcar_50,3,123.0,0.9349593495934959,0.6543478260869566,0.9665073244717521,0.2863497284551074,0.9329680054910923,0.07851416055829102,0.32723567607967163,0.926829268292683,0.553804347826087,0.9617021276595744,0.9416666666666667,0.9826086956521739,0.41739130434782606,1.6756829088661056,0.599685084427767,0.03550178557538225
switzerland,realmlp,pooled,source_oof_platt,mcar_50,4,123.0,0.9349593495934959,0.6021739130434782,0.9448250716523852,0.28335986496379445,0.9961214997766297,0.07450597703269837,0.3316364309569471,0.926829268292683,0.553804347826087,0.9617021276595744,0.9416666666666667,0.9826086956521739,0.06956521739130435,1.7392589923550108,0.5339754130265597,0.05704959789451887
switzerland,realmlp,pooled,source_oof_platt,mcar_50,5,123.0,0.9349593495934959,0.6228260869565218,0.9579355342640984,0.30674421665359636,0.8801885104820338,0.08517142580617937,0.3016852008228301,0.8943089430894309,0.5945652173913043,0.9432314410480349,0.9473684210526315,0.9391304347826087,0.2956521739130435,1.753537367454051,0.6388355808656909,0.04544718917452864
switzerland,realmlp,pooled,source_oof_platt,mcar_50,6,123.0,0.9349593495934959,0.5554347826086956,0.9478959161442915,0.30196815208784344,0.9843112544321733,0.080127992777275,0.32445192645364407,0.926829268292683,0.6119565217391305,0.9613733905579399,0.9491525423728814,0.9739130434782609,0.2,1.8971820163563775,0.4786206700471532,0.053280887732652986
switzerland,realmlp,pooled,source_oof_platt,mcar_50,7,123.0,0.9349593495934959,0.6510869565217392,0.9523712260840195,0.30552163562947277,0.9308460789737201,0.08523796835380067,0.3181838642495383,0.8861788617886179,0.5320652173913043,0.9391304347826087,0.9391304347826087,0.9391304347826087,0.3739130434782609,1.880878436970943,0.4989115589724083,0.05347274450075458
switzerland,realmlp,pooled,source_oof_platt,mcar_50,8,123.0,0.9349593495934959,0.5032608695652174,0.9292932437462726,0.3433409995112943,1.0919517688395097,0.09695669836610478,0.3604656347011699,0.8861788617886179,0.5320652173913043,0.9391304347826087,0.9391304347826087,0.9391304347826087,0.22608695652173913,2.650026137190544,0.009115933909655354,0.07764882856943772
switzerland,realmlp,pooled,source_oof_platt,mcar_50,9,123.0,0.9349593495934959,0.7228260869565217,0.9755025688976409,0.28679664623113765,0.814028125826073,0.07855094927071647,0.29595362663140246,0.9186991869918699,0.5494565217391305,0.9572649572649573,0.9411764705882353,0.9739130434782609,0.46956521739130436,1.3439288950645063,0.9346950514984687,0.026426721878198778
switzerland,realmlp,pooled,source_oof_platt,natural,0,123.0,0.9349593495934959,0.7413043478260869,0.9718747586427134,0.39471410822485054,0.6353924213103465,0.12044767909663895,0.21763681812445348,0.8130081300813008,0.6673913043478261,0.8930232558139535,0.96,0.8347826086956521,0.4260869565217391,2.0408025401457937,0.9846430479863165,0.05636224348395031
switzerland,tabicl,pooled,raw,drop_advanced,0,123.0,0.9349593495934959,0.7336956521739131,0.9674138122714419,0.4953303226548483,0.64381047328052,0.1631048586650814,0.21367320794829966,0.7560975609756098,0.6951086956521739,0.8543689320388349,0.967032967032967,0.7652173913043478,0.4434782608695652,2.416783178989943,0.773462350342969,0.1259035258675606
switzerland,tabicl,pooled,raw,drop_exercise,0,123.0,0.9349593495934959,0.7695652173913043,0.980270332596755,0.49811051208372703,0.5890990583951592,0.15951334539980033,0.20281335071638923,0.7886178861788617,0.6543478260869565,0.8773584905660378,0.9587628865979382,0.808695652173913,0.5478260869565217,2.378370300099037,1.0685673634570547,0.1280718054549468
switzerland,tabicl,pooled,raw,drop_routine,0,123.0,0.9349593495934959,0.7347826086956522,0.9687737455247922,0.4009629009531785,0.6760481636666381,0.12367849545287692,0.2225492332096222,0.8373983739837398,0.6804347826086956,0.908256880733945,0.9611650485436893,0.8608695652173913,0.43478260869565216,2.1157439321809117,0.759704720718564,0.06910242998268588
switzerland,tabicl,pooled,raw,empirical_source,0,123.0,0.9349593495934959,0.7032608695652174,0.9641966274503341,0.5280914639629765,0.705921943005378,0.17697149516222999,0.23586929411484123,0.7235772357723578,0.6777173913043478,0.8316831683168316,0.9655172413793104,0.7304347826086957,0.2782608695652174,2.4508637215509737,0.6180277232326227,0.14248572944462562
switzerland,tabicl,pooled,raw,empirical_source,1,123.0,0.9349593495934959,0.7217391304347825,0.9652998366912033,0.4916597241600084,0.6640115898893527,0.1599103786051427,0.21803263173479617,0.7642276422764228,0.6994565217391304,0.8599033816425121,0.967391304347826,0.7739130434782608,0.2608695652173913,2.40647639641703,0.7248578140580432,0.12513637967063126
switzerland,tabicl,pooled,raw,empirical_source,2,123.0,0.9349593495934959,0.7271739130434782,0.9669215657424328,0.5022167754587911,0.6569944675799073,0.16484482391988098,0.21894484151591345,0.7723577235772358,0.7038043478260869,0.8653846153846154,0.967741935483871,0.782608695652174,0.43478260869565216,2.417001183336119,0.7117717958571961,0.12994587319102766
switzerland,tabicl,pooled,raw,empirical_source,3,123.0,0.9349593495934959,0.7250000000000001,0.9669878025549202,0.5023331047919531,0.633604467133471,0.16478061931161025,0.21267924063897492,0.7560975609756098,0.6951086956521739,0.8543689320388349,0.967032967032967,0.7652173913043478,0.25217391304347825,2.449860298796275,0.7548116985985993,0.13390390230753035
switzerland,tabicl,pooled,raw,empirical_source,4,123.0,0.9349593495934959,0.732608695652174,0.9657922390411241,0.49874951594032124,0.6625265828948559,0.1638764458713326,0.21720095339704934,0.7560975609756098,0.6951086956521739,0.8543689320388349,0.967032967032967,0.7652173913043478,0.2782608695652174,2.420765000816143,0.7330395993017845,0.12571014725431096
switzerland,tabicl,pooled,raw,empirical_source,5,123.0,0.9349593495934959,0.6771739130434782,0.9593038425179902,0.5130223709815009,0.7236070773682297,0.166638857015604,0.24079737306096796,0.7804878048780488,0.7081521739130434,0.8708133971291866,0.9680851063829787,0.7913043478260869,0.24347826086956523,2.410729552487038,0.5078047254175058,0.14259112338319083
switzerland,tabicl,pooled,raw,empirical_source,6,123.0,0.9349593495934959,0.7467391304347826,0.9706872037416313,0.47575849322644914,0.6343627970471646,0.15511727610710288,0.21068643690536695,0.7642276422764228,0.6994565217391304,0.8599033816425121,0.967391304347826,0.7739130434782608,0.45217391304347826,2.3835322622803727,0.7930472464078595,0.10958938338904914
switzerland,tabicl,pooled,raw,empirical_source,7,123.0,0.9349593495934959,0.7467391304347826,0.9731462426944837,0.5218604319409035,0.6104534600473548,0.1725554520781721,0.20719322461036319,0.7479674796747967,0.6907608695652174,0.848780487804878,0.9666666666666667,0.7565217391304347,0.6086956521739131,2.485195058766193,0.6970920864071345,0.14606064893555318
switzerland,tabicl,pooled,raw,empirical_source,8,123.0,0.9349593495934959,0.683695652173913,0.9600187376484535,0.5033341723566246,0.7097481234930867,0.1669886652154968,0.23876420391798853,0.7398373983739838,0.6864130434782609,0.8431372549019608,0.9662921348314607,0.7478260869565218,0.2782608695652174,2.392272040393689,0.6343008492793814,0.12883310758458238
switzerland,tabicl,pooled,raw,empirical_source,9,123.0,0.9349593495934959,0.7097826086956522,0.9655860421494773,0.5012376077776773,0.6847581899582026,0.16522914832499697,0.2277991671648845,0.7479674796747967,0.6907608695652174,0.848780487804878,0.9666666666666667,0.7565217391304347,0.2782608695652174,2.401851728210526,0.6440224993869551,0.1280840843007539
switzerland,tabicl,pooled,raw,mar_age_sex_30,0,123.0,0.9349593495934959,0.6880434782608696,0.9588532989782769,0.5120865954640347,0.6806427993474055,0.1681594386265414,0.2295673934816278,0.7642276422764228,0.6413043478260869,0.861244019138756,0.9574468085106383,0.782608695652174,0.40869565217391307,2.419783070935885,0.7168155683346105,0.1388327223074138
switzerland,tabicl,pooled,raw,mar_age_sex_30,1,123.0,0.9349593495934959,0.7228260869565217,0.9636792790012234,0.4815387478372126,0.636376001889709,0.15457800916794776,0.21341919690387223,0.7886178861788617,0.7125,0.8761904761904762,0.968421052631579,0.8,0.5130434782608696,2.3754851831179606,0.7971522858696849,0.121758187777868
switzerland,tabicl,pooled,raw,mar_age_sex_30,2,123.0,0.9349593495934959,0.7250000000000001,0.9728921802996453,0.5155050789599215,0.6204353144150789,0.17012185257689322,0.2170125507960681,0.7479674796747967,0.6326086956521739,0.8502415458937198,0.9565217391304348,0.7652173913043478,0.34782608695652173,2.4510490546677777,0.8493217388155286,0.13948046557717972
switzerland,tabicl,pooled,raw,mar_age_sex_30,3,123.0,0.9349593495934959,0.7608695652173912,0.9774236494611934,0.4926277126870013,0.5757352130661956,0.15985320492692562,0.19807813751899253,0.7804878048780488,0.7081521739130434,0.8708133971291866,0.9680851063829787,0.7913043478260869,0.5130434782608696,2.437132498210657,0.9680368953098002,0.11711165870426396
switzerland,tabicl,pooled,raw,mar_age_sex_30,4,123.0,0.9349593495934959,0.7032608695652174,0.9567842834524192,0.5010371522664143,0.6788600984061853,0.1629185301871653,0.22291842902368242,0.7886178861788617,0.7125,0.8761904761904762,0.968421052631579,0.8,0.3739130434782609,2.404232407782519,0.8134157649392006,0.12871439115799838
switzerland,tabicl,pooled,raw,mar_age_sex_30,5,123.0,0.9349593495934959,0.7304347826086957,0.9716052862832412,0.49592753823078384,0.6128377888050663,0.16287587045191917,0.21194467978221618,0.7642276422764228,0.6413043478260869,0.861244019138756,0.9574468085106383,0.782608695652174,0.3739130434782609,2.4207484992689157,0.8983382556287431,0.11925669128354177
switzerland,tabicl,pooled,raw,mar_age_sex_30,6,123.0,0.9349593495934959,0.7336956521739131,0.9638300788477654,0.48060905101102597,0.6539168193176633,0.15473962635804014,0.21230706346022746,0.7804878048780488,0.65,0.8720379146919431,0.9583333333333334,0.8,0.4782608695652174,2.3559585841440462,0.847517100828229,0.11523993044790096
switzerland,tabicl,pooled,raw,mar_age_sex_30,7,123.0,0.9349593495934959,0.7086956521739131,0.9600478683314645,0.5143910827730093,0.6595693635797174,0.17014818960584457,0.22146401684994366,0.7317073170731707,0.6239130434782609,0.8390243902439024,0.9555555555555556,0.7478260869565218,0.45217391304347826,2.4473276943168867,0.8297938270724975,0.13795212560425815
switzerland,tabicl,pooled,raw,mar_age_sex_30,8,123.0,0.9349593495934959,0.7706521739130434,0.9801878252118494,0.48444998689642943,0.5664901625028419,0.15938159052822515,0.19788340905354826,0.7723577235772358,0.6456521739130434,0.8666666666666667,0.9578947368421052,0.7913043478260869,0.5565217391304348,2.43746670774226,0.9419885425309367,0.11099970548969382
switzerland,tabicl,pooled,raw,mar_age_sex_30,9,123.0,0.9349593495934959,0.7260869565217392,0.973706209911684,0.4845473235155366,0.6145601713578805,0.15731823259368477,0.21488033706301374,0.7723577235772358,0.7038043478260869,0.8653846153846154,0.967741935483871,0.782608695652174,0.391304347826087,2.370455476972216,0.8804198969799811,0.11483143544660016
switzerland,tabicl,pooled,raw,mcar_10,0,123.0,0.9349593495934959,0.7130434782608696,0.9665346331827991,0.46964685636378567,0.6724871267000373,0.1525030925058158,0.22526093203241607,0.7723577235772358,0.7038043478260869,0.8653846153846154,0.967741935483871,0.782608695652174,0.3391304347826087,2.32383062758245,0.7084032533163306,0.10397772373174008
switzerland,tabicl,pooled,raw,mcar_10,1,123.0,0.9349593495934959,0.6945652173913044,0.9612210224438117,0.4778013477586624,0.7289247732318271,0.15149128275558163,0.23472495855772796,0.7967479674796748,0.7168478260869565,0.8815165876777251,0.96875,0.808695652173913,0.14782608695652175,2.341470462969852,0.5254095539614528,0.12196411514209358
switzerland,tabicl,pooled,raw,mcar_10,2,123.0,0.9349593495934959,0.6880434782608695,0.9608804722326605,0.4765360900062205,0.7092626860607172,0.1550519729868267,0.2400092760304655,0.7723577235772358,0.6456521739130434,0.8666666666666667,0.9578947368421052,0.7913043478260869,0.30434782608695654,2.3358714651607215,0.6148855074030233,0.11257224715860871
switzerland,tabicl,pooled,raw,mcar_10,3,123.0,0.9349593495934959,0.7663043478260869,0.9786361383096207,0.4393757685197155,0.5842917873772216,0.1446372953965072,0.20471620404611185,0.7642276422764228,0.6413043478260869,0.861244019138756,0.9574468085106383,0.782608695652174,0.46956521739130436,2.2773953766409125,1.0167720171168713,0.07661395247916611
switzerland,tabicl,pooled,raw,mcar_10,4,123.0,0.9349593495934959,0.7032608695652174,0.9686698747243904,0.4882726648547143,0.6723509893379843,0.1588329073929331,0.23088176647194633,0.7642276422764228,0.6413043478260869,0.861244019138756,0.9574468085106383,0.782608695652174,0.5130434782608696,2.36951361183268,0.5954261570359468,0.12232577566804964
switzerland,tabicl,pooled,raw,mcar_10,5,123.0,0.9349593495934959,0.6902173913043479,0.956091416444716,0.4859855047517985,0.7222954598126747,0.15741181427067868,0.2326829611880866,0.7886178861788617,0.7125,0.8761904761904762,0.968421052631579,0.8,0.16521739130434782,2.3584229433464947,0.637205191235318,0.1241893814543336
switzerland,tabicl,pooled,raw,mcar_10,6,123.0,0.9349593495934959,0.7163043478260869,0.9653921393971727,0.4997676731984406,0.6640795838741342,0.16224484205541795,0.2188044373541122,0.7723577235772358,0.7038043478260869,0.8653846153846154,0.967741935483871,0.782608695652174,0.3130434782608696,2.412301066515189,0.6749850113854221,0.1331804319588557
switzerland,tabicl,pooled,raw,mcar_10,7,123.0,0.9349593495934959,0.6989130434782609,0.9620743859733378,0.4827572319952473,0.6893548694214052,0.15521436766322735,0.22869818402209097,0.7804878048780488,0.7081521739130434,0.8708133971291866,0.9680851063829787,0.7913043478260869,0.24347826086956523,2.3586958490314385,0.6601770295861342,0.12065238456222344
switzerland,tabicl,pooled,raw,mcar_10,8,123.0,0.9349593495934959,0.7217391304347827,0.9680853088164507,0.47395414501845734,0.6783493106532825,0.15270596508434797,0.22433166579380556,0.7804878048780488,0.7081521739130434,0.8708133971291866,0.9680851063829787,0.7913043478260869,0.3565217391304348,2.3251922658891018,0.6275823972144738,0.11048580784347044
switzerland,tabicl,pooled,raw,mcar_10,9,123.0,0.9349593495934959,0.7086956521739132,0.9631836597711266,0.489359671861752,0.6865495602880106,0.15964305661898218,0.22460132110911019,0.7723577235772358,0.7038043478260869,0.8653846153846154,0.967741935483871,0.782608695652174,0.21739130434782608,2.3714802810989757,0.6570604869911207,0.12232173536975142
switzerland,tabicl,pooled,raw,mcar_30,0,123.0,0.9349593495934959,0.6630434782608696,0.9570502804767932,0.46844380741398256,0.7018368101297963,0.14959043519548573,0.24102840705947642,0.7967479674796748,0.6586956521739131,0.8826291079812206,0.9591836734693877,0.8173913043478261,0.28695652173913044,2.298904921143006,0.6871950829906297,0.10332163917295874
switzerland,tabicl,pooled,raw,mcar_30,1,123.0,0.9349593495934959,0.7532608695652174,0.9745523995528588,0.43679064301696213,0.5945665822359752,0.13949012707095126,0.20373086295640833,0.7967479674796748,0.6586956521739131,0.8826291079812206,0.9591836734693877,0.8173913043478261,0.41739130434782606,2.2210028229893357,1.1257063733170036,0.07414568165460349
switzerland,tabicl,pooled,raw,mcar_30,2,123.0,0.9349593495934959,0.7576086956521739,0.9668374854851143,0.4478561846375623,0.6478925271514204,0.13991607730353714,0.20958286702793952,0.8292682926829268,0.6760869565217391,0.9032258064516129,0.9607843137254902,0.8521739130434782,0.6956521739130435,2.2220158108081547,0.918014205758276,0.08782772761013329
switzerland,tabicl,pooled,raw,mcar_30,3,123.0,0.9349593495934959,0.6434782608695653,0.9548175461507945,0.4606915438344088,0.7409304573091494,0.14601619638224178,0.24975034172442395,0.8292682926829268,0.6760869565217391,0.9032258064516129,0.9607843137254902,0.8521739130434782,0.25217391304347825,2.279967112332977,0.5983187224575502,0.09972298851491994
switzerland,tabicl,pooled,raw,mcar_30,4,123.0,0.9349593495934959,0.6152173913043478,0.9318173430579514,0.4646371056563414,0.8237463449849787,0.14539809219739344,0.2625443091294706,0.8211382113821138,0.6717391304347826,0.8981481481481481,0.9603960396039604,0.8434782608695652,0.017391304347826087,2.3275873719170397,0.4660333996356497,0.1164845304634561
switzerland,tabicl,pooled,raw,mcar_30,5,123.0,0.9349593495934959,0.6934782608695652,0.9550674471337804,0.4674383415459645,0.6928950374692546,0.14967106383716478,0.23035398630559142,0.7723577235772358,0.7038043478260869,0.8653846153846154,0.967741935483871,0.782608695652174,0.19130434782608696,2.2610589406776413,0.8175266004842525,0.09990471105558366
switzerland,tabicl,pooled,raw,mcar_30,6,123.0,0.9349593495934959,0.7141304347826087,0.9733284078373302,0.46102066267402586,0.6388720577380824,0.151221136587221,0.22823190086767245,0.7560975609756098,0.6369565217391304,0.8557692307692307,0.956989247311828,0.7739130434782608,0.4260869565217391,2.2765812599358224,0.8199281352577168,0.0868579933716749
switzerland,tabicl,pooled,raw,mcar_30,7,123.0,0.9349593495934959,0.8054347826086956,0.9824576708888547,0.4404683259158461,0.5634170038038046,0.13944201392194772,0.19085454810003769,0.8211382113821138,0.6717391304347826,0.8981481481481481,0.9603960396039604,0.8434782608695652,0.7391304347826086,2.255315328155603,0.9866624311733391,0.07992759638318457
switzerland,tabicl,pooled,raw,mcar_30,8,123.0,0.9349593495934959,0.7326086956521739,0.9721721971415083,0.45285665964462196,0.6274321059125949,0.14395201072859157,0.21696275582791427,0.8048780487804879,0.6630434782608696,0.8878504672897196,0.9595959595959596,0.8260869565217391,0.5217391304347826,2.2752856421541634,0.7999682811617056,0.0967296012157232
switzerland,tabicl,pooled,raw,mcar_30,9,123.0,0.9349593495934959,0.6815217391304348,0.9582629589139117,0.48915599212777067,0.7030533393225951,0.15859852967632077,0.23756417370911548,0.7560975609756098,0.5788043478260869,0.8571428571428571,0.9473684210526315,0.782608695652174,0.4,2.344065752274358,0.5924069082778614,0.12191965978805523
switzerland,tabicl,pooled,raw,mcar_50,0,123.0,0.9349593495934959,0.7086956521739131,0.9736416292988284,0.4093282614361102,0.6792037282621269,0.12413624653828984,0.2460648867473055,0.8780487804878049,0.5858695652173913,0.933920704845815,0.9464285714285714,0.9217391304347826,0.591304347826087,1.965489990801387,0.9711105173147162,0.04199163690711595
switzerland,tabicl,pooled,raw,mcar_50,1,123.0,0.9349593495934959,0.6956521739130435,0.9694892396688299,0.42552924357159505,0.662055715666242,0.1296854122511683,0.23665332406431483,0.8617886178861789,0.5771739130434783,0.9244444444444444,0.9454545454545454,0.9043478260869565,0.5478260869565217,2.055848556792,0.9872403146925705,0.06041345885016644
switzerland,tabicl,pooled,raw,mcar_50,2,123.0,0.9349593495934959,0.7195652173913044,0.9699826004560175,0.4597013216586159,0.6684029481173624,0.14545352159653932,0.23525507885704336,0.8373983739837398,0.5641304347826087,0.9099099099099099,0.9439252336448598,0.8782608695652174,0.6521739130434783,2.2280058258348383,0.7723469376109434,0.08506775422473334
switzerland,tabicl,pooled,raw,mcar_50,3,123.0,0.9349593495934959,0.6489130434782608,0.9646317179932139,0.4503214032820905,0.6923528261316045,0.14068445953062095,0.2485537296070966,0.8292682926829268,0.5597826086956521,0.9049773755656109,0.9433962264150944,0.8695652173913043,0.3391304347826087,2.227520157152013,0.6894771542817074,0.08752814296970303
switzerland,tabicl,pooled,raw,mcar_50,4,123.0,0.9349593495934959,0.7239130434782608,0.9642333345724878,0.4201257356527221,0.6285275093662323,0.1269617803002288,0.21401247622298547,0.8536585365853658,0.6891304347826087,0.9181818181818182,0.9619047619047619,0.8782608695652174,0.20869565217391303,2.010107129587796,1.3330081298104381,0.05795141667668114
switzerland,tabicl,pooled,raw,mcar_50,5,123.0,0.9349593495934959,0.6684782608695652,0.9624674586557784,0.475020849580147,0.6766515483249642,0.15282000594983822,0.23714794442165457,0.8130081300813008,0.6092391304347826,0.8940092165898618,0.9509803921568627,0.8434782608695652,0.40869565217391307,2.2751039646325606,0.8191384514925993,0.09434550859301864
switzerland,tabicl,pooled,raw,mcar_50,6,123.0,0.9349593495934959,0.6510869565217392,0.9662781839847272,0.46658116185940474,0.6428158323799197,0.14745954545383944,0.22944350815422596,0.8292682926829268,0.6179347826086956,0.9041095890410958,0.9519230769230769,0.8608695652173913,0.41739130434782606,2.2382083356544005,0.9657803399827737,0.08833924062150134
switzerland,tabicl,pooled,raw,mcar_50,7,123.0,0.9349593495934959,0.6554347826086957,0.9457257491938252,0.47785015326621977,0.7121242204388009,0.14956451989311373,0.23998045515231728,0.8536585365853658,0.6891304347826087,0.9181818181818182,0.9619047619047619,0.8782608695652174,0.34782608695652173,2.309848590243391,0.6733760625090853,0.12002376902656353
switzerland,tabicl,pooled,raw,mcar_50,8,123.0,0.9349593495934959,0.5076086956521739,0.9396107052571423,0.5148779692529497,0.8327080487213403,0.16780423620177448,0.3037479235096981,0.7804878048780488,0.47554347826086957,0.8755760368663594,0.9313725490196079,0.8260869565217391,0.17391304347826086,2.6891164134328056,-0.03157644560072988,0.13748511942452898
switzerland,tabicl,pooled,raw,mcar_50,9,123.0,0.9349593495934959,0.8282608695652174,0.9858950457043488,0.4402957155669347,0.5323906744758524,0.13704204177785323,0.17989376769767948,0.8292682926829268,0.6760869565217391,0.9032258064516129,0.9607843137254902,0.8521739130434782,0.6521739130434783,2.2134421199556407,1.5640927767350898,0.058138724968775465
switzerland,tabicl,pooled,raw,natural,0,123.0,0.9349593495934959,0.7217391304347827,0.9685635986002046,0.4841051408195217,0.6754077275704417,0.1569584312383724,0.2233355814660305,0.7723577235772358,0.7038043478260869,0.8653846153846154,0.967741935483871,0.782608695652174,0.3217391304347826,2.372669066680333,0.6327378069197285,0.1171620689753068
switzerland,tabicl,pooled,source_oof_platt,drop_advanced,0,123.0,0.9349593495934959,0.7336956521739131,0.9674138122714419,0.5047348221699811,0.629233729017638,0.16677753385917693,0.21152029016782287,0.7560975609756098,0.6951086956521739,0.8543689320388349,0.967032967032967,0.7652173913043478,0.4434782608695652,2.435880242707656,0.8655157988657634,0.1303995134845368
switzerland,tabicl,pooled,source_oof_platt,drop_exercise,0,123.0,0.9349593495934959,0.7695652173913043,0.980270332596755,0.5157876208264665,0.5901115294416436,0.16660860785146875,0.2025744898788221,0.7886178861788617,0.6543478260869565,0.8773584905660378,0.9587628865979382,0.808695652173913,0.5478260869565217,2.4049078865867326,1.1947985574561035,0.13663208326982354
switzerland,tabicl,pooled,source_oof_platt,drop_routine,0,123.0,0.9349593495934959,0.7347826086956522,0.9687737455247922,0.4156819819448704,0.6561023440070535,0.12879581454239197,0.21942599070253277,0.8373983739837398,0.6804347826086956,0.908256880733945,0.9611650485436893,0.8608695652173913,0.43478260869565216,2.1345031929138125,0.8499120959492233,0.07246264310388159
switzerland,tabicl,pooled,source_oof_platt,empirical_source,0,123.0,0.9349593495934959,0.7032608695652174,0.9641966274503341,0.5333488169697191,0.6821946601898182,0.17933433870279236,0.23185704499501675,0.7235772357723578,0.6777173913043478,0.8316831683168316,0.9655172413793104,0.7304347826086957,0.2782608695652174,2.466140271080428,0.6912640756020696,0.147614605950208
switzerland,tabicl,pooled,source_oof_platt,empirical_source,1,123.0,0.9349593495934959,0.7217391304347825,0.9652998366912033,0.5004901663443622,0.6454250458526417,0.16365423644842472,0.21558533205977623,0.7642276422764228,0.6994565217391304,0.8599033816425121,0.967391304347826,0.7739130434782608,0.2608695652173913,2.424324010841677,0.8109852158069518,0.12859490651996955
switzerland,tabicl,pooled,source_oof_platt,empirical_source,2,123.0,0.9349593495934959,0.7271739130434782,0.9669215657424328,0.511213231108688,0.6414001317962106,0.1685290003322655,0.2164210429067116,0.7723577235772358,0.7038043478260869,0.8653846153846154,0.967741935483871,0.782608695652174,0.43478260869565216,2.434523625079977,0.7961831886212972,0.13484432125030993
switzerland,tabicl,pooled,source_oof_platt,empirical_source,3,123.0,0.9349593495934959,0.7250000000000001,0.9669878025549202,0.5106314320713321,0.619266211217068,0.16831848765847882,0.21009647304480994,0.7560975609756098,0.6951086956521739,0.8543689320388349,0.967032967032967,0.7652173913043478,0.25217391304347825,2.4684026159437513,0.8442441035098084,0.13912936731267792
switzerland,tabicl,pooled,source_oof_platt,empirical_source,4,123.0,0.9349593495934959,0.732608695652174,0.9657922390411241,0.5071113145561049,0.6443933382485463,0.16727908209879744,0.21496239886832066,0.7560975609756098,0.6951086956521739,0.8543689320388349,0.967032967032967,0.7652173913043478,0.2782608695652174,2.43884912842292,0.8203599309941817,0.13015064641247423
switzerland,tabicl,pooled,source_oof_platt,empirical_source,5,123.0,0.9349593495934959,0.6771739130434782,0.9593038425179902,0.5198061091010241,0.6998999088110275,0.17004816964661557,0.23719269403704862,0.7804878048780488,0.7081521739130434,0.8708133971291866,0.9680851063829787,0.7913043478260869,0.24347826086956523,2.423276531620281,0.5681354797291446,0.14811533347130443
switzerland,tabicl,pooled,source_oof_platt,empirical_source,6,123.0,0.9349593495934959,0.7467391304347826,0.9706872037416313,0.4858398862599864,0.6196223971267038,0.1589066007281653,0.20819150297858283,0.7642276422764228,0.6994565217391304,0.8599033816425121,0.967391304347826,0.7739130434782608,0.45217391304347826,2.402997293140858,0.8871972785837927,0.11337735585873954
switzerland,tabicl,pooled,source_oof_platt,empirical_source,7,123.0,0.9349593495934959,0.7467391304347826,0.9731462426944837,0.527984558582571,0.6007003264037384,0.1753970843932093,0.2048853642754,0.7479674796747967,0.6907608695652174,0.848780487804878,0.9666666666666667,0.7565217391304347,0.6086956521739131,2.5024794723321913,0.7798666671887975,0.14891157031980012
switzerland,tabicl,pooled,source_oof_platt,empirical_source,8,123.0,0.9349593495934959,0.683695652173913,0.9600187376484535,0.5115802269846292,0.6865976051308958,0.17009710179215054,0.23454899585016847,0.7398373983739838,0.6864130434782609,0.8431372549019608,0.9662921348314607,0.7478260869565218,0.2782608695652174,2.40786533998149,0.7097427286097547,0.13211158060414468
switzerland,tabicl,pooled,source_oof_platt,empirical_source,9,123.0,0.9349593495934959,0.7097826086956522,0.9655860421494773,0.5086106198905416,0.6641580687138106,0.16832688684034947,0.22454115792406615,0.7398373983739838,0.6864130434782609,0.8431372549019608,0.9662921348314607,0.7478260869565218,0.2782608695652174,2.4177437000065387,0.7205968336916231,0.1325545563503781
switzerland,tabicl,pooled,source_oof_platt,mar_age_sex_30,0,123.0,0.9349593495934959,0.6880434782608696,0.9588532989782769,0.5228833456498231,0.6640633113837078,0.17267407524875808,0.2265566398547653,0.7642276422764228,0.6413043478260869,0.861244019138756,0.9574468085106383,0.782608695652174,0.40869565217391307,2.4374796850312443,0.8018998920188776,0.1449881999314319
switzerland,tabicl,pooled,source_oof_platt,mar_age_sex_30,1,123.0,0.9349593495934959,0.7228260869565217,0.9636792790012234,0.4938679523500166,0.6241540031935274,0.1594823842276435,0.21114228628264295,0.7886178861788617,0.7125,0.8761904761904762,0.968421052631579,0.8,0.5130434782608696,2.3951171154217823,0.8916143645400626,0.12662503674917372
switzerland,tabicl,pooled,source_oof_platt,mar_age_sex_30,2,123.0,0.9349593495934959,0.7250000000000001,0.9728921802996453,0.5279119667973998,0.6134693820945853,0.17486399317607587,0.21416768948920126,0.7560975609756098,0.6951086956521739,0.8543689320388349,0.967032967032967,0.7652173913043478,0.34782608695652173,2.4719839595349113,0.950029691379046,0.14634658853451468
switzerland,tabicl,pooled,source_oof_platt,mar_age_sex_30,3,123.0,0.9349593495934959,0.7608695652173912,0.9774236494611934,0.5065706593121344,0.5737781325227383,0.1651633867313923,0.19672852923968445,0.7804878048780488,0.7081521739130434,0.8708133971291866,0.9680851063829787,0.7913043478260869,0.5130434782608696,2.4609839466163717,1.0827886738293868,0.12403305096328252
switzerland,tabicl,pooled,source_oof_platt,mar_age_sex_30,4,123.0,0.9349593495934959,0.7032608695652174,0.9567842834524192,0.5132671413820089,0.6617689490208776,0.16776340641160656,0.22080014940936415,0.7886178861788617,0.7125,0.8761904761904762,0.968421052631579,0.8,0.3739130434782609,2.4243502890664033,0.9102305552839571,0.13305558795992872
switzerland,tabicl,pooled,source_oof_platt,mar_age_sex_30,5,123.0,0.9349593495934959,0.7304347826086957,0.9716052862832412,0.5085767319778669,0.6050438063984438,0.16765441970956915,0.20939507819188347,0.7642276422764228,0.6413043478260869,0.861244019138756,0.9574468085106383,0.782608695652174,0.3739130434782609,2.4428831569582505,1.004695431490941,0.12535528812469773
switzerland,tabicl,pooled,source_oof_platt,mar_age_sex_30,6,123.0,0.9349593495934959,0.7336956521739131,0.9638300788477654,0.4936391060837845,0.6400794033421032,0.15989856454753637,0.21120217254060736,0.7723577235772358,0.6456521739130434,0.8666666666666667,0.9578947368421052,0.7913043478260869,0.4782608695652174,2.376933746512383,0.9481028831757845,0.12103972035167343
switzerland,tabicl,pooled,source_oof_platt,mar_age_sex_30,7,123.0,0.9349593495934959,0.7086956521739131,0.9600478683314645,0.5256705457648511,0.6455517601117406,0.1745368679017242,0.2190524069054938,0.7235772357723578,0.6195652173913043,0.8333333333333334,0.9550561797752809,0.7391304347826086,0.45217391304347826,2.4678264363048967,0.9279955350904558,0.14269657525187315
switzerland,tabicl,pooled,source_oof_platt,mar_age_sex_30,8,123.0,0.9349593495934959,0.7706521739130434,0.9801878252118494,0.49664991536407593,0.5638113657326763,0.16353126810805566,0.19544587814115383,0.7723577235772358,0.6456521739130434,0.8666666666666667,0.9578947368421052,0.7913043478260869,0.5565217391304348,2.4607623046239007,1.0533645516620547,0.11528246761062494
switzerland,tabicl,pooled,source_oof_platt,mar_age_sex_30,9,123.0,0.9349593495934959,0.7260869565217392,0.973706209911684,0.49876732017012604,0.6075610008632334,0.1625061918527932,0.21189873438569717,0.7723577235772358,0.7038043478260869,0.8653846153846154,0.967741935483871,0.782608695652174,0.391304347826087,2.3922330757950436,0.9848244129598173,0.11848160246203704
switzerland,tabicl,pooled,source_oof_platt,mcar_10,0,123.0,0.9349593495934959,0.7130434782608696,0.9665346331827991,0.48077641618844225,0.6546079485388084,0.15669894324821754,0.2222632488040304,0.7723577235772358,0.7038043478260869,0.8653846153846154,0.967741935483871,0.782608695652174,0.3391304347826087,2.341289530603591,0.7925866642660883,0.10812301030807032
switzerland,tabicl,pooled,source_oof_platt,mcar_10,1,123.0,0.9349593495934959,0.6945652173913044,0.9612210224438117,0.486138125984949,0.7033217711110245,0.15555454795801887,0.23233405335843232,0.7967479674796748,0.7168478260869565,0.8815165876777251,0.96875,0.808695652173913,0.14782608695652175,2.3545382118394826,0.5878843581086303,0.12507833486666117
switzerland,tabicl,pooled,source_oof_platt,mcar_10,2,123.0,0.9349593495934959,0.6880434782608695,0.9608804722326605,0.4865154225534464,0.6862013618056603,0.1585624550228678,0.23527199256293133,0.7723577235772358,0.6456521739130434,0.8666666666666667,0.9578947368421052,0.7913043478260869,0.30434782608695654,2.3510562577498577,0.6878721356140726,0.11585971776116173
switzerland,tabicl,pooled,source_oof_platt,mcar_10,3,123.0,0.9349593495934959,0.7663043478260869,0.9786361383096207,0.45346857811515656,0.5774269276046013,0.1485989668486832,0.20142078693659,0.7642276422764228,0.6413043478260869,0.861244019138756,0.9574468085106383,0.782608695652174,0.46956521739130436,2.302474178943922,1.1373023551848025,0.08106326650337183
switzerland,tabicl,pooled,source_oof_platt,mcar_10,4,123.0,0.9349593495934959,0.7032608695652174,0.9686698747243904,0.49671692914803683,0.6545480515105763,0.1623044161962968,0.22639133536524492,0.7642276422764228,0.6413043478260869,0.861244019138756,0.9574468085106383,0.782608695652174,0.5130434782608696,2.3842212216552037,0.6659744514684781,0.12724685710300904
switzerland,tabicl,pooled,source_oof_platt,mcar_10,5,123.0,0.9349593495934959,0.6902173913043479,0.956091416444716,0.4952574085822539,0.6968916604736991,0.16130837281702218,0.2300986703776355,0.7804878048780488,0.7081521739130434,0.8708133971291866,0.9680851063829787,0.7913043478260869,0.16521739130434782,2.3741918158157143,0.7127626919399797,0.12851692970180023
switzerland,tabicl,pooled,source_oof_platt,mcar_10,6,123.0,0.9349593495934959,0.7163043478260869,0.9653921393971727,0.5081647577046332,0.6467493203399093,0.16608621329690793,0.2165158191597773,0.7642276422764228,0.6994565217391304,0.8599033816425121,0.967391304347826,0.7739130434782608,0.3130434782608696,2.4289416211436303,0.7550465419901571,0.13852792601857117
switzerland,tabicl,pooled,source_oof_platt,mcar_10,7,123.0,0.9349593495934959,0.6989130434782609,0.9620743859733378,0.4936337833074665,0.6696236505768762,0.15983750022351811,0.2259298687410958,0.7804878048780488,0.7081521739130434,0.8708133971291866,0.9680851063829787,0.7913043478260869,0.24347826086956523,2.3749925976367,0.738564224644618,0.1252429655794679
switzerland,tabicl,pooled,source_oof_platt,mcar_10,8,123.0,0.9349593495934959,0.7217391304347827,0.9680853088164507,0.4845890049779294,0.6611493030337442,0.1570375933894478,0.22224044620180863,0.7804878048780488,0.7081521739130434,0.8708133971291866,0.9680851063829787,0.7913043478260869,0.3565217391304348,2.340728731013927,0.7020352698351044,0.11424624359960855
switzerland,tabicl,pooled,source_oof_platt,mcar_10,9,123.0,0.9349593495934959,0.7086956521739132,0.9631836597711266,0.49810117075897237,0.6661309373729748,0.1633413963936265,0.22233349834433702,0.7723577235772358,0.7038043478260869,0.8653846153846154,0.967741935483871,0.782608695652174,0.21739130434782608,2.387771699224077,0.7348039154105624,0.12752121799310365
switzerland,tabicl,pooled,source_oof_platt,mcar_30,0,123.0,0.9349593495934959,0.6630434782608696,0.9570502804767932,0.4830282640734786,0.6828171093527418,0.15528874791986785,0.23689836867275244,0.7967479674796748,0.6586956521739131,0.8826291079812206,0.9591836734693877,0.8173913043478261,0.28695652173913044,2.315826084935942,0.7689285240098542,0.1087480230318751
switzerland,tabicl,pooled,source_oof_platt,mcar_30,1,123.0,0.9349593495934959,0.7532608695652174,0.9745523995528588,0.4538731041029918,0.5884372613183798,0.1452533887222662,0.2017872035709181,0.7804878048780488,0.65,0.8720379146919431,0.9583333333333334,0.8,0.41739130434782606,2.2488199729497342,1.2590138157525805,0.07754691185080258
switzerland,tabicl,pooled,source_oof_platt,mcar_30,2,123.0,0.9349593495934959,0.7576086956521739,0.9668374854851143,0.464743702532529,0.6367483329666489,0.14664674798566874,0.20952267623369922,0.8292682926829268,0.6760869565217391,0.9032258064516129,0.9607843137254902,0.8521739130434782,0.6956521739130435,2.244891731234496,1.0268804873997228,0.09162087089536211
switzerland,tabicl,pooled,source_oof_platt,mcar_30,3,123.0,0.9349593495934959,0.6434782608695653,0.9548175461507945,0.4753936859726602,0.7173077671356006,0.15186097706759316,0.24580317841453286,0.8292682926829268,0.6760869565217391,0.9032258064516129,0.9607843137254902,0.8521739130434782,0.25217391304347825,2.294534830566439,0.6698282025284165,0.10357060926599004
switzerland,tabicl,pooled,source_oof_platt,mcar_30,4,123.0,0.9349593495934959,0.6152173913043478,0.9318173430579514,0.47899505344210513,0.7892040351479324,0.1514804633092192,0.2593259590347962,0.8130081300813008,0.6673913043478261,0.8930232558139535,0.96,0.8347826086956521,0.017391304347826087,2.3388557093647906,0.5218812876337954,0.12072954337163654
switzerland,tabicl,pooled,source_oof_platt,mcar_30,5,123.0,0.9349593495934959,0.6934782608695652,0.9550674471337804,0.4832930305190565,0.6762945701326631,0.15571332203042532,0.22861297965776967,0.7723577235772358,0.7038043478260869,0.8653846153846154,0.967741935483871,0.782608695652174,0.19130434782608696,2.281409611346938,0.9147166004625477,0.10320016071974451
switzerland,tabicl,pooled,source_oof_platt,mcar_30,6,123.0,0.9349593495934959,0.7141304347826087,0.9733284078373302,0.475484870061641,0.6282127052883247,0.1556804659664519,0.2234585833996358,0.7560975609756098,0.6369565217391304,0.8557692307692307,0.956989247311828,0.7739130434782608,0.4260869565217391,2.296795283304091,0.9168190838986149,0.09098783196452166
switzerland,tabicl,pooled,source_oof_platt,mcar_30,7,123.0,0.9349593495934959,0.8054347826086956,0.9824576708888547,0.456624869946235,0.5626833496274326,0.14522255048472074,0.19055965054463705,0.8211382113821138,0.6717391304347826,0.8981481481481481,0.9603960396039604,0.8434782608695652,0.7391304347826086,2.27972486160478,1.1038572983096797,0.0833215870916
switzerland,tabicl,pooled,source_oof_platt,mcar_30,8,123.0,0.9349593495934959,0.7326086956521739,0.9721721971415083,0.4677710989866298,0.6177908578937797,0.14948058337412082,0.21402901880585018,0.8048780487804879,0.6630434782608696,0.8878504672897196,0.9595959595959596,0.8260869565217391,0.5217391304347826,2.295095214222598,0.8946192351456074,0.09943923641244101
switzerland,tabicl,pooled,source_oof_platt,mcar_30,9,123.0,0.9349593495934959,0.6815217391304348,0.9582629589139117,0.5025006056277478,0.6870826558694206,0.16379476995788284,0.23507988509659372,0.7560975609756098,0.6369565217391304,0.8557692307692307,0.956989247311828,0.7739130434782608,0.4,2.3586853679354465,0.6628639955174763,0.12695122841311476
switzerland,tabicl,pooled,source_oof_platt,mcar_50,0,123.0,0.9349593495934959,0.7086956521739131,0.9736416292988284,0.4314148901998083,0.6671814192369405,0.13217512913511303,0.2404223050198076,0.8780487804878049,0.5858695652173913,0.933920704845815,0.9464285714285714,0.9217391304347826,0.591304347826087,1.9893676440305812,1.086402603751677,0.04442941780544906
switzerland,tabicl,pooled,source_oof_platt,mcar_50,1,123.0,0.9349593495934959,0.6956521739130435,0.9694892396688299,0.44720026409431207,0.6519404910783118,0.13778699778137407,0.23207514589025455,0.8617886178861789,0.5771739130434783,0.9244444444444444,0.9454545454545454,0.9043478260869565,0.5478260869565217,2.0800944582339933,1.1043369982687576,0.06394759065731676
switzerland,tabicl,pooled,source_oof_platt,mcar_50,2,123.0,0.9349593495934959,0.7195652173913044,0.9699826004560175,0.4780348669782438,0.6588312257312223,0.15241230547144427,0.232078347024367,0.8455284552845529,0.6266304347826087,0.9140271493212669,0.9528301886792453,0.8782608695652174,0.6521739130434783,2.247037631262396,0.863942435759705,0.08960599111070403
switzerland,tabicl,pooled,source_oof_platt,mcar_50,3,123.0,0.9349593495934959,0.6489130434782608,0.9646317179932139,0.4690630378056323,0.6787604852130213,0.14783501100391877,0.2432120368761953,0.8292682926829268,0.5597826086956521,0.9049773755656109,0.9433962264150944,0.8695652173913043,0.3391304347826087,2.2446023192836466,0.7712517621359989,0.09201914662502554
switzerland,tabicl,pooled,source_oof_platt,mcar_50,4,123.0,0.9349593495934959,0.7239130434782608,0.9642333345724878,0.44226063684284994,0.6204384407349947,0.1355572823686665,0.21242719204777852,0.8536585365853658,0.6891304347826087,0.9181818181818182,0.9619047619047619,0.8782608695652174,0.20869565217391303,2.04303892568554,1.491172830083,0.06037350046679971
switzerland,tabicl,pooled,source_oof_platt,mcar_50,5,123.0,0.9349593495934959,0.6673913043478261,0.9617985623347082,0.4921352277339355,0.6643592540694271,0.15940175787115038,0.23366535239351297,0.8048780487804879,0.6048913043478261,0.8888888888888888,0.9504950495049505,0.8347826086956521,0.40869565217391307,2.2953311228720525,0.916199131506714,0.09932723753466403
switzerland,tabicl,pooled,source_oof_platt,mcar_50,6,123.0,0.9349593495934959,0.6510869565217392,0.9662781839847272,0.48573462694159925,0.6352925655523699,0.15492415595381812,0.22556311448113028,0.8292682926829268,0.6179347826086956,0.9041095890410958,0.9519230769230769,0.8608695652173913,0.41739130434782606,2.262344856890197,1.0793226821219273,0.09267687953250237
switzerland,tabicl,pooled,source_oof_platt,mcar_50,7,123.0,0.9349593495934959,0.6554347826086957,0.9457257491938252,0.4947992929509741,0.6951658280714212,0.15691095436681335,0.2374333210630462,0.8373983739837398,0.6804347826086956,0.908256880733945,0.9611650485436893,0.8608695652173913,0.34782608695652173,2.326463128863217,0.7533865093397532,0.12426089123344042
switzerland,tabicl,pooled,source_oof_platt,mcar_50,8,123.0,0.9349593495934959,0.5076086956521739,0.9396107052571423,0.5290507612124218,0.8039999662965315,0.1737480053911433,0.2947943819856283,0.7723577235772358,0.47119565217391307,0.8703703703703703,0.9306930693069307,0.8173913043478261,0.17391304347826086,2.688257662896437,-0.03502810847608972,0.14462017917515904
switzerland,tabicl,pooled,source_oof_platt,mcar_50,9,123.0,0.9349593495934959,0.8282608695652174,0.9858950457043488,0.46165095571257,0.5382704319842578,0.14501718604970273,0.18110492575291162,0.8292682926829268,0.6760869565217391,0.9032258064516129,0.9607843137254902,0.8521739130434782,0.6521739130434783,2.2520918477781278,1.749413720065984,0.06339144469064358
switzerland,tabicl,pooled,source_oof_platt,natural,0,123.0,0.9349593495934959,0.7217391304347827,0.9685635986002046,0.49154045700439875,0.6548327842300724,0.160280086537688,0.22018935400541323,0.7723577235772358,0.7038043478260869,0.8653846153846154,0.967741935483871,0.782608695652174,0.3217391304347826,2.388315675122471,0.7078337517926034,0.12135986973980577
switzerland,tabm,pooled,raw,drop_advanced,0,123.0,0.9349593495934959,0.7673913043478261,0.9764490406371331,0.5167244989999071,0.6669755985674367,0.17244131132418594,0.21462135828640702,0.7398373983739838,0.6864130434782609,0.8431372549019608,0.9662921348314607,0.7478260869565218,0.6347826086956522,2.411408079157397,0.5222318261375523,0.12284528733528141
switzerland,tabm,pooled,raw,drop_exercise,0,123.0,0.9349593495934959,0.7489130434782608,0.9776308965290689,0.49384832814126617,0.6255497372749838,0.15988643524014645,0.21755164495822243,0.7642276422764228,0.6994565217391304,0.8599033816425121,0.967391304347826,0.7739130434782608,0.46956521739130436,2.403936742478929,0.6860494269091632,0.14084462545480572
switzerland,tabm,pooled,raw,drop_routine,0,123.0,0.9349593495934959,0.7478260869565218,0.9737078895965864,0.2713698658154681,0.8518150428552992,0.07634964997744044,0.27733172643403764,0.9105691056910569,0.6032608695652174,0.9523809523809523,0.9482758620689655,0.9565217391304348,0.6,1.5148488626188588,0.6891356041964835,0.029891202973334193
switzerland,tabm,pooled,raw,empirical_source,0,123.0,0.9349593495934959,0.7086956521739131,0.9686356276999674,0.5830725208193553,0.7859472894878491,0.19265319968054767,0.25339352365734624,0.7235772357723578,0.6777173913043478,0.8316831683168316,0.9655172413793104,0.7304347826086957,0.34782608695652173,2.4966269752316608,0.42638004119409734,0.15204777092357533
switzerland,tabm,pooled,raw,empirical_source,1,123.0,0.9349593495934959,0.7434782608695653,0.9735291497819458,0.5239117614214155,0.7022345633635798,0.1725410530930788,0.2251527539465949,0.7479674796747967,0.6907608695652174,0.848780487804878,0.9666666666666667,0.7565217391304347,0.43478260869565216,2.4164748785809693,0.4910409488702402,0.12635458036636904
switzerland,tabm,pooled,raw,empirical_source,2,123.0,0.9349593495934959,0.7206521739130435,0.9723335179409848,0.5413081030070519,0.7160417483280737,0.17808435786492013,0.23239929478595053,0.7398373983739838,0.6864130434782609,0.8431372549019608,0.9662921348314607,0.7478260869565218,0.6173913043478261,2.4171533659630917,0.39376178424569735,0.13921991581396814
switzerland,tabm,pooled,raw,empirical_source,3,123.0,0.9349593495934959,0.7456521739130435,0.9742514908274087,0.5352292295724127,0.7001375817056317,0.17714553818568163,0.22649334531502302,0.7560975609756098,0.6951086956521739,0.8543689320388349,0.967032967032967,0.7652173913043478,0.4434782608695652,2.439448241090896,0.4914578793042582,0.1281491255913134
switzerland,tabm,pooled,raw,empirical_source,4,123.0,0.9349593495934959,0.7467391304347826,0.973139253928893,0.5364617598976378,0.6999250050545784,0.1779342160103672,0.2260249926359988,0.7398373983739838,0.6864130434782609,0.8431372549019608,0.9662921348314607,0.7478260869565218,0.41739130434782606,2.46379124991792,0.5198706007154701,0.13119202719679265
switzerland,tabm,pooled,raw,empirical_source,5,123.0,0.9349593495934959,0.716304347826087,0.9712668044274599,0.5467243550004118,0.7494568693814295,0.17648754454145713,0.24062042164320255,0.7642276422764228,0.6994565217391304,0.8599033816425121,0.967391304347826,0.7739130434782608,0.45217391304347826,2.4197402709893803,0.3750481228069583,0.13899042270515977
switzerland,tabm,pooled,raw,empirical_source,6,123.0,0.9349593495934959,0.7706521739130434,0.9769044783336093,0.5033851686036492,0.6555565673186521,0.16823100523062198,0.21289644304319436,0.7479674796747967,0.6907608695652174,0.848780487804878,0.9666666666666667,0.7565217391304347,0.6434782608695652,2.419001972293194,0.5813325703260158,0.11376054483485457
switzerland,tabm,pooled,raw,empirical_source,7,123.0,0.9349593495934959,0.7478260869565218,0.9746850713473703,0.5612093852227324,0.6746907533863875,0.18578181246448533,0.21821949178771718,0.7317073170731707,0.6820652173913043,0.8374384236453202,0.9659090909090909,0.7391304347826086,0.6,2.4976465536710077,0.4830836870266727,0.14557111922198512
switzerland,tabm,pooled,raw,empirical_source,8,123.0,0.9349593495934959,0.6956521739130435,0.969687472335036,0.5448229361625715,0.7657029011398202,0.1812713515462107,0.25043967580266435,0.7398373983739838,0.6864130434782609,0.8431372549019608,0.9662921348314607,0.7478260869565218,0.4260869565217391,2.4116371857173458,0.356536082847613,0.13583824209457215
switzerland,tabm,pooled,raw,empirical_source,9,123.0,0.9349593495934959,0.7271739130434782,0.9720015463579272,0.5330807092173149,0.7236890747975339,0.17632359499956107,0.23519143413367166,0.7398373983739838,0.6864130434782609,0.8431372549019608,0.9662921348314607,0.7478260869565218,0.45217391304347826,2.4345825738257125,0.46347664300387803,0.12825566243762293
switzerland,tabm,pooled,raw,mar_age_sex_30,0,123.0,0.9349593495934959,0.6630434782608696,0.9638422190391902,0.47289425550127656,0.859165556052806,0.14640576031693694,0.28025474404437406,0.8292682926829268,0.6760869565217391,0.9032258064516129,0.9607843137254902,0.8521739130434782,0.3826086956521739,2.335586667218949,0.3153326632880575,0.11437159071235752
switzerland,tabm,pooled,raw,mar_age_sex_30,1,123.0,0.9349593495934959,0.7652173913043478,0.9740712976257699,0.4146542350238852,0.6860693447915048,0.12989165947348166,0.215684189444484,0.8292682926829268,0.7342391304347826,0.9023255813953488,0.97,0.8434782608695652,0.5478260869565217,2.258050787600079,0.5818213315466404,0.079481828607225
switzerland,tabm,pooled,raw,mar_age_sex_30,2,123.0,0.9349593495934959,0.6510869565217391,0.9624312145116558,0.45765982847074466,0.839279723512337,0.1431623319942567,0.27781279170138556,0.7886178861788617,0.5961956521739131,0.8785046728971962,0.9494949494949495,0.8173913043478261,0.3217391304347826,2.309524577114703,0.3665930194654848,0.10719202058396929
switzerland,tabm,pooled,raw,mar_age_sex_30,3,123.0,0.9349593495934959,0.7021739130434782,0.969552479801679,0.414309133169636,0.7851608666332397,0.12980918991985127,0.2598414114407611,0.8292682926829268,0.6760869565217391,0.9032258064516129,0.9607843137254902,0.8521739130434782,0.4,2.2024385294510447,0.430150019484089,0.08056775125752226
switzerland,tabm,pooled,raw,mar_age_sex_30,4,123.0,0.9349593495934959,0.6423913043478262,0.9542148285587235,0.452499018615256,0.903094183709172,0.14394991268580035,0.28434601535171655,0.8048780487804879,0.6630434782608696,0.8878504672897196,0.9595959595959596,0.8260869565217391,0.30434782608695654,2.3057685275169293,0.3204759475617588,0.10156841166893883
switzerland,tabm,pooled,raw,mar_age_sex_30,5,123.0,0.9349593495934959,0.6586956521739131,0.9611926568186575,0.44841081638745506,0.8426735115067278,0.14299531025582277,0.2718576107156675,0.8048780487804879,0.6630434782608696,0.8878504672897196,0.9595959595959596,0.8260869565217391,0.3130434782608696,2.283113196540164,0.41371898831334264,0.09677469935451109
switzerland,tabm,pooled,raw,mar_age_sex_30,6,123.0,0.9349593495934959,0.7141304347826086,0.9661535974598048,0.42758594528042565,0.7848744165876718,0.13270235130954858,0.24264079396640897,0.8455284552845529,0.6847826086956521,0.91324200913242,0.9615384615384616,0.8695652173913043,0.41739130434782606,2.2251343202970757,0.4277189249585532,0.09026891207739063
switzerland,tabm,pooled,raw,mar_age_sex_30,7,123.0,0.9349593495934959,0.6695652173913044,0.9628655359009552,0.46234812935813824,0.8155995087872613,0.15036736392079086,0.26751600911765205,0.7479674796747967,0.6326086956521739,0.8502415458937198,0.9565217391304348,0.7652173913043478,0.34782608695652173,2.292869290419758,0.4347691717377482,0.10131586981823218
switzerland,tabm,pooled,raw,mar_age_sex_30,8,123.0,0.9349593495934959,0.7489130434782609,0.978104095958704,0.43335745461158837,0.6888113108894038,0.14363469356534295,0.24566646214322385,0.7723577235772358,0.5875,0.8679245283018868,0.9484536082474226,0.8,0.5565217391304348,2.2526665435092377,0.5414380969415128,0.07904325781887703
switzerland,tabm,pooled,raw,mar_age_sex_30,9,123.0,0.9349593495934959,0.7467391304347826,0.9765840630514722,0.38528749636278264,0.685654015452875,0.12050894693964496,0.23294917034783352,0.8455284552845529,0.7429347826086956,0.9124423963133641,0.9705882352941176,0.8608695652173913,0.43478260869565216,2.11702440691024,0.5967933726872036,0.0657335507897907
switzerland,tabm,pooled,raw,mcar_10,0,123.0,0.9349593495934959,0.7065217391304348,0.9699591665038627,0.45785791076785565,0.7448338803153364,0.14940674366137988,0.24703184570709857,0.7804878048780488,0.65,0.8720379146919431,0.9583333333333334,0.8,0.3739130434782609,2.3016885036999972,0.49168501707442713,0.09610586130841067
switzerland,tabm,pooled,raw,mcar_10,1,123.0,0.9349593495934959,0.7032608695652174,0.9659599797091674,0.4786878442063236,0.8138248702606614,0.14871473199485205,0.2385965816830685,0.7967479674796748,0.7168478260869565,0.8815165876777251,0.96875,0.808695652173913,0.22608695652173913,2.3113226450159363,0.376408879406383,0.10941436784724981
switzerland,tabm,pooled,raw,mcar_10,2,123.0,0.9349593495934959,0.7021739130434782,0.9701660844188895,0.468113934991826,0.754664951093401,0.1530727124934686,0.2500364801757763,0.7723577235772358,0.6456521739130434,0.8666666666666667,0.9578947368421052,0.7913043478260869,0.4782608695652174,2.3011872626520855,0.40759332444812146,0.10378943121869884
switzerland,tabm,pooled,raw,mcar_10,3,123.0,0.9349593495934959,0.7434782608695653,0.9775391740019426,0.4312748072095326,0.6721970021735085,0.14550447768518904,0.23855061623445073,0.7723577235772358,0.6456521739130434,0.8666666666666667,0.9578947368421052,0.7913043478260869,0.4956521739130435,2.2141870689654954,0.5467577130393667,0.07872396366132273
switzerland,tabm,pooled,raw,mcar_10,4,123.0,0.9349593495934959,0.683695652173913,0.9675578753253761,0.5160885395958569,0.8134078161387955,0.16618443699399016,0.26146159269375935,0.7804878048780488,0.65,0.8720379146919431,0.9583333333333334,0.8,0.4260869565217391,2.378155646813803,0.29992454475278707,0.12272655253246459
switzerland,tabm,pooled,raw,mcar_10,5,123.0,0.9349593495934959,0.6619565217391304,0.9583751717073444,0.5042417941120181,0.9005553580762897,0.16300661129572075,0.26631584016637233,0.7642276422764228,0.6413043478260869,0.861244019138756,0.9574468085106383,0.782608695652174,0.19130434782608696,2.349576761299908,0.38041334458127146,0.11844965388684375
switzerland,tabm,pooled,raw,mcar_10,6,123.0,0.9349593495934959,0.741304347826087,0.9733564914139399,0.46701182976812544,0.7009495626662553,0.15201962587041226,0.22851191738909704,0.7560975609756098,0.6369565217391304,0.8557692307692307,0.956989247311828,0.7739130434782608,0.5043478260869565,2.3101964041878706,0.5016907988967687,0.09965264166384623
switzerland,tabm,pooled,raw,mcar_10,7,123.0,0.9349593495934959,0.7206521739130436,0.97088853846186,0.47402709075542354,0.7314846661567692,0.15419559237711083,0.23873823245968262,0.7886178861788617,0.7125,0.8761904761904762,0.968421052631579,0.8,0.43478260869565216,2.318117211423048,0.46442383584353686,0.10665426891875603
switzerland,tabm,pooled,raw,mcar_10,8,123.0,0.9349593495934959,0.7336956521739131,0.9739188837168556,0.46637441846816374,0.7244406072060138,0.15037376848153242,0.23419032420023755,0.7723577235772358,0.7038043478260869,0.8653846153846154,0.967741935483871,0.782608695652174,0.5130434782608696,2.293750454102255,0.4093273753079442,0.10321587270842275
switzerland,tabm,pooled,raw,mcar_10,9,123.0,0.9349593495934959,0.6945652173913043,0.9638941777260125,0.5123326406923717,0.819872464841844,0.1647849134017268,0.24282642901051027,0.7723577235772358,0.7038043478260869,0.8653846153846154,0.967741935483871,0.782608695652174,0.20869565217391303,2.364549717476266,0.3712948215009983,0.12461024762365358
switzerland,tabm,pooled,raw,mcar_30,0,123.0,0.9349593495934959,0.7054347826086956,0.9673797333082635,0.399894061895335,0.7987602320970748,0.11949335970960179,0.25332816966236904,0.8617886178861789,0.6934782608695652,0.9230769230769231,0.9622641509433962,0.8869565217391304,0.26956521739130435,2.18558659190618,0.4258974612564649,0.08070147470328476
switzerland,tabm,pooled,raw,mcar_30,1,123.0,0.9349593495934959,0.7326086956521739,0.976590231007584,0.4097893253987842,0.731399611571388,0.1285146183243318,0.2595315715713395,0.8211382113821138,0.6135869565217391,0.8990825688073395,0.9514563106796117,0.8521739130434782,0.5043478260869565,2.18988565718813,0.44606294554925374,0.08016781868719636
switzerland,tabm,pooled,raw,mcar_30,2,123.0,0.9349593495934959,0.7195652173913043,0.9670092643862448,0.3732137825146013,0.7964768664728633,0.11441624332328176,0.2565829507348309,0.8292682926829268,0.6179347826086956,0.9041095890410958,0.9519230769230769,0.8608695652173913,0.6434782608695652,2.0807691203407397,0.49595266585354447,0.06210278499785429
switzerland,tabm,pooled,raw,mcar_30,3,123.0,0.9349593495934959,0.7119565217391305,0.9710473873864713,0.39082825131619753,0.779191843454328,0.12287615581226088,0.26346406064420475,0.8292682926829268,0.5597826086956521,0.9049773755656109,0.9433962264150944,0.8695652173913043,0.43478260869565216,2.142037371733263,0.45382571915856385,0.06729018742333318
switzerland,tabm,pooled,raw,mcar_30,4,123.0,0.9349593495934959,0.6413043478260869,0.9494792154045455,0.3970517149009925,0.9308462160593377,0.1217469696073042,0.2728446400109415,0.8292682926829268,0.6760869565217391,0.9032258064516129,0.9607843137254902,0.8521739130434782,0.09565217391304348,2.177897341185948,0.38601906814628506,0.07893691732416792
switzerland,tabm,pooled,raw,mcar_30,5,123.0,0.9349593495934959,0.6521739130434783,0.9553311657960604,0.40389363824375313,0.8780303608253712,0.12538614253526545,0.26611698188890676,0.8292682926829268,0.6179347826086956,0.9041095890410958,0.9519230769230769,0.8608695652173913,0.1565217391304348,2.1675426147391237,0.45364602079808863,0.07918809743784845
switzerland,tabm,pooled,raw,mcar_30,6,123.0,0.9349593495934959,0.6815217391304348,0.9686928292924134,0.42575972089654734,0.8241019319356291,0.1376932256741804,0.27985709476874243,0.7804878048780488,0.5918478260869565,0.8732394366197183,0.9489795918367347,0.808695652173913,0.4260869565217391,2.224088058149279,0.39806397748498584,0.07998952506355367
switzerland,tabm,pooled,raw,mcar_30,7,123.0,0.9349593495934959,0.7217391304347825,0.9730464967669832,0.4126331996612006,0.7733907134966037,0.13137557716870676,0.2638787256400427,0.8211382113821138,0.5554347826086956,0.9,0.9428571428571428,0.8608695652173913,0.5217391304347826,2.1935796811124617,0.4192820931567152,0.07727527496354904
switzerland,tabm,pooled,raw,mcar_30,8,123.0,0.9349593495934959,0.6847826086956521,0.9684934356780311,0.4492112691879693,0.8241689077091332,0.1440980197000694,0.277429497176642,0.7967479674796748,0.6005434782608696,0.8837209302325582,0.95,0.8260869565217391,0.46956521739130436,2.2795080346521086,0.343965709443416,0.09485470672579595
switzerland,tabm,pooled,raw,mcar_30,9,123.0,0.9349593495934959,0.7250000000000001,0.9726561149615006,0.4262241320681879,0.7351867488939701,0.1358412132185659,0.24587612762115454,0.7886178861788617,0.5380434782608696,0.8796296296296297,0.9405940594059405,0.8260869565217391,0.6956521739130435,2.2306431268973026,0.42501050929298323,0.08422883286240286
switzerland,tabm,pooled,raw,mcar_50,0,123.0,0.9349593495934959,0.7271739130434783,0.9735682941881438,0.2818915949338151,0.8314054015291219,0.07963070411583681,0.28999773686325586,0.9105691056910569,0.6032608695652174,0.9523809523809523,0.9482758620689655,0.9565217391304348,0.5043478260869565,1.6014770816103483,0.684646807700728,0.033019115294513665
switzerland,tabm,pooled,raw,mcar_50,1,123.0,0.9349593495934959,0.7119565217391305,0.973096558233503,0.29830958286477155,0.8206269563982114,0.08792381464223374,0.28816392231332033,0.8780487804878049,0.5858695652173913,0.933920704845815,0.9464285714285714,0.9217391304347826,0.3652173913043478,1.731380015281474,0.6631395872555366,0.033761915360045754
switzerland,tabm,pooled,raw,mcar_50,2,123.0,0.9349593495934959,0.6869565217391305,0.9679551600423906,0.3451726124316203,0.8914560344527062,0.10457795002252016,0.2999661710617163,0.8455284552845529,0.5684782608695652,0.9147982062780269,0.9444444444444444,0.8869565217391304,0.5043478260869565,2.052517975642967,0.4125726215249968,0.049647786321010294
switzerland,tabm,pooled,raw,mcar_50,3,123.0,0.9349593495934959,0.6815217391304348,0.9716026081771736,0.3665669633367401,0.8635111270709481,0.11422789065757691,0.30230780286469944,0.8455284552845529,0.5684782608695652,0.9147982062780269,0.9444444444444444,0.8869565217391304,0.45217391304347826,2.125699340679125,0.38499349097300417,0.05737094328635917
switzerland,tabm,pooled,raw,mcar_50,4,123.0,0.9349593495934959,0.6630434782608695,0.9573201228452062,0.319876853937719,0.8787486266392835,0.08933982448363141,0.2784694673410357,0.9024390243902439,0.5989130434782608,0.9478260869565217,0.9478260869565217,0.9478260869565217,0.1565217391304348,1.8941506173933018,0.5531873430958142,0.05429242407613603
switzerland,tabm,pooled,raw,mcar_50,5,123.0,0.9349593495934959,0.683695652173913,0.9679368588949102,0.3656252266893157,0.8085038189635759,0.11326485183022317,0.2789697855440737,0.8536585365853658,0.5728260869565218,0.9196428571428571,0.944954128440367,0.8956521739130435,0.5217391304347826,2.055007923367211,0.514949674020675,0.055400714516924986
switzerland,tabm,pooled,raw,mcar_50,6,123.0,0.9349593495934959,0.607608695652174,0.9602485164008576,0.34667239706024905,0.8740291246867969,0.10422236516374223,0.3030275078924313,0.8455284552845529,0.5684782608695652,0.9147982062780269,0.9444444444444444,0.8869565217391304,0.3565217391304348,2.0100375171130684,0.5102095801281845,0.05158182403483461
switzerland,tabm,pooled,raw,mcar_50,7,123.0,0.9349593495934959,0.6456521739130434,0.9515451342634786,0.4064160331178531,0.932658468299513,0.12182393163915242,0.29936977655472463,0.8211382113821138,0.5554347826086956,0.9,0.9428571428571428,0.8608695652173913,0.3391304347826087,2.2841307869180465,0.28722453922308105,0.09273836033765424
switzerland,tabm,pooled,raw,mcar_50,8,123.0,0.9349593495934959,0.491304347826087,0.9402821485876778,0.4267929802259161,1.1423616146952906,0.1356059289394196,0.3801232893539789,0.7967479674796748,0.4842391304347826,0.8858447488584474,0.9326923076923077,0.8434782608695652,0.2,2.6472755384247617,0.011120344437852071,0.08749824256352552
switzerland,tabm,pooled,raw,mcar_50,9,123.0,0.9349593495934959,0.807608695652174,0.9841426831418598,0.3146769855923391,0.6377553013847663,0.09367996229897746,0.22736071073870584,0.9024390243902439,0.6570652173913043,0.9473684210526315,0.9557522123893806,0.9391304347826087,0.5739130434782609,1.7541545245645114,0.8511703137304902,0.032272651456121036
switzerland,tabm,pooled,raw,natural,0,123.0,0.9349593495934959,0.7326086956521738,0.972942874469545,0.5137485161008442,0.718925955789938,0.16713274590639796,0.230924448566438,0.7479674796747967,0.6907608695652174,0.848780487804878,0.9666666666666667,0.7565217391304347,0.4260869565217391,2.382780798748791,0.4420769804673051,0.12261379603365466
switzerland,tabm,pooled,source_oof_platt,drop_advanced,0,123.0,0.9349593495934959,0.7521739130434784,0.9693799572274945,0.45107744275553374,0.6429031213184526,0.14545419709893023,0.21315724356969393,0.7642276422764228,0.6994565217391304,0.8599033816425121,0.967391304347826,0.7739130434782608,0.6086956521739131,2.230060357236924,0.8601230563797863,0.08764699519118527
switzerland,tabm,pooled,source_oof_platt,drop_exercise,0,123.0,0.9349593495934959,0.7434782608695653,0.97668481094492,0.4743856185195541,0.6182403912563307,0.14887126211740312,0.21507789805029326,0.8130081300813008,0.6673913043478261,0.8930232558139535,0.96,0.8347826086956521,0.48695652173913045,2.206700751561272,1.1597345555622967,0.08559684011147461
switzerland,tabm,pooled,source_oof_platt,drop_routine,0,123.0,0.9349593495934959,0.7423913043478261,0.9698044707093336,0.2991026533162865,0.7699589592306716,0.08129766703628583,0.2659419892328035,0.926829268292683,0.553804347826087,0.9617021276595744,0.9416666666666667,0.9826086956521739,0.6,1.3942174586780247,1.0116327516639476,0.0325202924600016
switzerland,tabm,pooled,source_oof_platt,empirical_source,0,123.0,0.9349593495934959,0.6967391304347826,0.9627956725993123,0.4806184454422276,0.6911719930937593,0.15806830677068834,0.2325668557084406,0.7398373983739838,0.6864130434782609,0.8431372549019608,0.9662921348314607,0.7478260869565218,0.3652173913043478,2.330336923686414,0.7079504608538285,0.11097662080801018
switzerland,tabm,pooled,source_oof_platt,empirical_source,1,123.0,0.9349593495934959,0.7217391304347827,0.9645691460117256,0.4534876044448902,0.663135535998408,0.1464516909805418,0.2205267592169292,0.7723577235772358,0.7038043478260869,0.8653846153846154,0.967741935483871,0.782608695652174,0.3826086956521739,2.2454118297699535,0.7863720055028522,0.09372864322335903
switzerland,tabm,pooled,source_oof_platt,empirical_source,2,123.0,0.9349593495934959,0.717391304347826,0.9660887300464985,0.464399373239662,0.6739099233774127,0.15056077172791374,0.22722853838872897,0.7723577235772358,0.7038043478260869,0.8653846153846154,0.967741935483871,0.782608695652174,0.6173913043478261,2.2718907118838954,0.6895148513012664,0.09760567051462422
switzerland,tabm,pooled,source_oof_platt,empirical_source,3,123.0,0.9349593495934959,0.7250000000000001,0.9662913935562445,0.4540459663920612,0.6479442904479773,0.14729209712615138,0.21638959110104403,0.7723577235772358,0.7038043478260869,0.8653846153846154,0.967741935483871,0.782608695652174,0.391304347826087,2.255077476538074,0.825656389073133,0.09352951971283456
switzerland,tabm,pooled,source_oof_platt,empirical_source,4,123.0,0.9349593495934959,0.7347826086956522,0.9655604232514372,0.45810383706944674,0.6510560185316474,0.14793894273676736,0.2149793120853198,0.7642276422764228,0.6994565217391304,0.8599033816425121,0.967391304347826,0.7739130434782608,0.3826086956521739,2.268802356440312,0.8479271514412937,0.09535248500624093
switzerland,tabm,pooled,source_oof_platt,empirical_source,5,123.0,0.9349593495934959,0.7032608695652174,0.963592595867954,0.4605283754805913,0.6894970628610533,0.14891220859320028,0.23209773342486417,0.7886178861788617,0.7125,0.8761904761904762,0.968421052631579,0.8,0.4,2.2730053742387386,0.6431087836102599,0.09948435152085074
switzerland,tabm,pooled,source_oof_platt,empirical_source,6,123.0,0.9349593495934959,0.7543478260869565,0.9701754315692206,0.44488557574964854,0.632469148269523,0.1429275701361767,0.20933538576758412,0.7723577235772358,0.7038043478260869,0.8653846153846154,0.967741935483871,0.782608695652174,0.6260869565217392,2.2222271015354482,0.9307626640753233,0.08360348278383006
switzerland,tabm,pooled,source_oof_platt,empirical_source,7,123.0,0.9349593495934959,0.7456521739130435,0.970736931100022,0.47039299836531323,0.6307267015639608,0.1541716309503988,0.21153777088080003,0.7479674796747967,0.6907608695652174,0.848780487804878,0.9666666666666667,0.7565217391304347,0.6,2.3157065272603257,0.8311283326773262,0.09894553531923041
switzerland,tabm,pooled,source_oof_platt,empirical_source,8,123.0,0.9349593495934959,0.6815217391304348,0.9590865943167577,0.46739457732727324,0.705768303217684,0.15220474909973974,0.23993227581517731,0.7560975609756098,0.6951086956521739,0.8543689320388349,0.967032967032967,0.7652173913043478,0.391304347826087,2.2901954051542353,0.6026664640610963,0.10375971782103507
switzerland,tabm,pooled,source_oof_platt,empirical_source,9,123.0,0.9349593495934959,0.7043478260869566,0.9632361562941746,0.45873897959952187,0.6709324192432096,0.14867170833245513,0.2254822545734278,0.7479674796747967,0.6907608695652174,0.848780487804878,0.9666666666666667,0.7565217391304347,0.3739130434782609,2.270283666282601,0.7611052664490086,0.09689731682229208
switzerland,tabm,pooled,source_oof_platt,mar_age_sex_30,0,123.0,0.9349593495934959,0.6445652173913043,0.9559639497467078,0.42772620128745525,0.7640189180188199,0.13277663465643996,0.262060557415475,0.8292682926829268,0.6760869565217391,0.9032258064516129,0.9607843137254902,0.8521739130434782,0.30434782608695654,2.228139760065107,0.5274149218171322,0.0846715028526717
switzerland,tabm,pooled,source_oof_platt,mar_age_sex_30,1,123.0,0.9349593495934959,0.7521739130434782,0.9643132935702378,0.39086236542202635,0.6468184365263353,0.11853699168193178,0.2109534282663251,0.8455284552845529,0.7429347826086956,0.9124423963133641,0.9705882352941176,0.8608695652173913,0.5130434782608696,2.05689755439278,0.9370085098891907,0.06646150164571268
switzerland,tabm,pooled,source_oof_platt,mar_age_sex_30,2,123.0,0.9349593495934959,0.6282608695652174,0.9516870769867414,0.4271594059841422,0.7655014466985264,0.1314879405312267,0.26410320705522544,0.8211382113821138,0.6135869565217391,0.8990825688073395,0.9514563106796117,0.8521739130434782,0.26956521739130435,2.217369712512376,0.5538277626602719,0.08377752906551891
switzerland,tabm,pooled,source_oof_platt,mar_age_sex_30,3,123.0,0.9349593495934959,0.6934782608695652,0.9667664558616331,0.39651563672999357,0.7062459940643404,0.12078956594710194,0.24661522845117362,0.8455284552845529,0.6266304347826087,0.9140271493212669,0.9528301886792453,0.8782608695652174,0.41739130434782606,2.056672309814909,0.7317607847675811,0.05867147684722189
switzerland,tabm,pooled,source_oof_platt,mar_age_sex_30,4,123.0,0.9349593495934959,0.6217391304347826,0.9457875526289452,0.42161507029908346,0.7946839356553832,0.13019019402407306,0.27072756340081505,0.8211382113821138,0.6135869565217391,0.8990825688073395,0.9514563106796117,0.8521739130434782,0.2956521739130435,2.235851195004937,0.4826310600428391,0.08558130498524523
switzerland,tabm,pooled,source_oof_platt,mar_age_sex_30,5,123.0,0.9349593495934959,0.6380434782608696,0.9554041139964243,0.425571191485456,0.7496280942322551,0.13210500769901226,0.25821727137829414,0.8211382113821138,0.6135869565217391,0.8990825688073395,0.9514563106796117,0.8521739130434782,0.25217391304347825,2.1811148874231967,0.6365907523518862,0.07516880963982281
switzerland,tabm,pooled,source_oof_platt,mar_age_sex_30,6,123.0,0.9349593495934959,0.7032608695652174,0.9594543454196606,0.40436285492338164,0.7153389783219873,0.12301392069011365,0.23721249186342738,0.8455284552845529,0.6847826086956521,0.91324200913242,0.9615384615384616,0.8695652173913043,0.3565217391304348,2.088573854585949,0.715916821169512,0.07067272775509056
switzerland,tabm,pooled,source_oof_platt,mar_age_sex_30,7,123.0,0.9349593495934959,0.6467391304347827,0.9543686342136721,0.43293886310852875,0.7513706372287526,0.135424159988879,0.25633012894297297,0.8048780487804879,0.6630434782608696,0.8878504672897196,0.9595959595959596,0.8260869565217391,0.34782608695652173,2.202021048035681,0.6166398781743413,0.08398599918413441
switzerland,tabm,pooled,source_oof_platt,mar_age_sex_30,8,123.0,0.9349593495934959,0.7380434782608696,0.9764150581430285,0.40124100891727094,0.6395079405162774,0.12620063629436593,0.22732420928804337,0.8130081300813008,0.6092391304347826,0.8940092165898618,0.9509803921568627,0.8434782608695652,0.5304347826086957,2.069664046680163,0.8905282057857341,0.055672374127101035
switzerland,tabm,pooled,source_oof_platt,mar_age_sex_30,9,123.0,0.9349593495934959,0.7336956521739131,0.9734929259071698,0.3821713311017334,0.6481296614929903,0.11476304196903409,0.22569532653906338,0.8617886178861789,0.6353260869565218,0.9237668161434978,0.9537037037037037,0.8956521739130435,0.4608695652173913,1.9255846842160376,1.0079114055430052,0.04782762287767193
switzerland,tabm,pooled,source_oof_platt,mcar_10,0,123.0,0.9349593495934959,0.6891304347826087,0.9631935615036045,0.42883107028693057,0.7000109155395309,0.13484176124635378,0.23941210725524872,0.8048780487804879,0.6630434782608696,0.8878504672897196,0.9595959595959596,0.8260869565217391,0.34782608695652173,2.163423177013547,0.7615951527434446,0.07514960058432027
switzerland,tabm,pooled,source_oof_platt,mcar_10,1,123.0,0.9349593495934959,0.6760869565217391,0.9534352329357959,0.42612120261630226,0.7449992504684481,0.13209790965500687,0.24078665180748873,0.8130081300813008,0.6673913043478261,0.8930232558139535,0.96,0.8347826086956521,0.08695652173913043,2.197376675212563,0.5875052310482671,0.08831551098800791
switzerland,tabm,pooled,source_oof_platt,mcar_10,2,123.0,0.9349593495934959,0.6891304347826086,0.9620438058288909,0.4290667084129682,0.7084710507434536,0.1354234756377715,0.2424174164051194,0.7967479674796748,0.6586956521739131,0.8826291079812206,0.9591836734693877,0.8173913043478261,0.4260869565217391,2.1816813915575173,0.6572715491767019,0.07969733533403836
switzerland,tabm,pooled,source_oof_platt,mcar_10,3,123.0,0.9349593495934959,0.7347826086956522,0.9750089660070054,0.40368807798079276,0.6474272074378611,0.1269306307160998,0.2282865176480541,0.7967479674796748,0.6586956521739131,0.8826291079812206,0.9591836734693877,0.8173913043478261,0.45217391304347826,2.0322331502805007,0.9221468735925143,0.05475940256306559
switzerland,tabm,pooled,source_oof_platt,mcar_10,4,123.0,0.9349593495934959,0.6771739130434782,0.962256501391803,0.44758907941738807,0.7311782807216168,0.1435211876951975,0.24970730108749964,0.7967479674796748,0.6586956521739131,0.8826291079812206,0.9591836734693877,0.8173913043478261,0.4434782608695652,2.270300263008307,0.5143420780167605,0.09001068803203445
switzerland,tabm,pooled,source_oof_platt,mcar_10,5,123.0,0.9349593495934959,0.6456521739130434,0.9447550470789868,0.44622875930994454,0.7771613156270261,0.1407839665216326,0.25189901409697957,0.8130081300813008,0.6673913043478261,0.8930232558139535,0.96,0.8347826086956521,0.1391304347826087,2.244844875149249,0.582493404325316,0.098781965733637
switzerland,tabm,pooled,source_oof_platt,mcar_10,6,123.0,0.9349593495934959,0.7228260869565217,0.9673453238779837,0.4289226804960589,0.6719599980539422,0.1348544238855243,0.2256210711695263,0.7886178861788617,0.6543478260869565,0.8773584905660378,0.9587628865979382,0.808695652173913,0.4260869565217391,2.1599423119245,0.7892367046539283,0.07563710385585631
switzerland,tabm,pooled,source_oof_platt,mcar_10,7,123.0,0.9349593495934959,0.7054347826086956,0.963660746636263,0.4338102969682049,0.6950189986129683,0.13616154716922674,0.2353564256694295,0.8130081300813008,0.6673913043478261,0.8930232558139535,0.96,0.8347826086956521,0.391304347826087,2.171040981215891,0.7457506190494326,0.0770405862369696
switzerland,tabm,pooled,source_oof_platt,mcar_10,8,123.0,0.9349593495934959,0.7152173913043478,0.9663599564738441,0.4209424045796984,0.6915470608067729,0.13218274120357323,0.2346300136239989,0.8211382113821138,0.7298913043478261,0.897196261682243,0.9696969696969697,0.8347826086956521,0.4956521739130435,2.155316475529824,0.6746748811351119,0.07325826341541289
switzerland,tabm,pooled,source_oof_platt,mcar_10,9,123.0,0.9349593495934959,0.6728260869565218,0.9515610354857842,0.4529036559926964,0.7414963293741504,0.14344036052086778,0.2400996195958727,0.7967479674796748,0.7168478260869565,0.8815165876777251,0.96875,0.808695652173913,0.0782608695652174,2.2611148624529362,0.5833649744255938,0.10053150685756075
switzerland,tabm,pooled,source_oof_platt,mcar_30,0,123.0,0.9349593495934959,0.7032608695652174,0.9653585781165548,0.3889016889172392,0.7136164150975306,0.11574664706189314,0.2453172516534602,0.8536585365853658,0.6309782608695652,0.918918918918919,0.9532710280373832,0.8869565217391304,0.2608695652173913,2.021339991249907,0.7520904469840377,0.058515299681510737
switzerland,tabm,pooled,source_oof_platt,mcar_30,1,123.0,0.9349593495934959,0.716304347826087,0.9735770499635714,0.38390440812395177,0.6852137453773124,0.11734341919585865,0.24511112120993567,0.8455284552845529,0.6266304347826087,0.9140271493212669,0.9528301886792453,0.8782608695652174,0.45217391304347826,2.0178232948421875,0.7539612798207251,0.05265827287785924
switzerland,tabm,pooled,source_oof_platt,mcar_30,2,123.0,0.9349593495934959,0.7130434782608696,0.9566899894960736,0.3770420100246022,0.7293803804680786,0.11097437165069306,0.24745592647786238,0.8455284552845529,0.6266304347826087,0.9140271493212669,0.9528301886792453,0.8782608695652174,0.6086956521739131,1.9336153087743357,0.8120713496211349,0.05930951601720767
switzerland,tabm,pooled,source_oof_platt,mcar_30,3,123.0,0.9349593495934959,0.7,0.9631900535365845,0.38622151336670085,0.7310666314062243,0.11574850319592608,0.2533955225432097,0.8373983739837398,0.5641304347826087,0.9099099099099099,0.9439252336448598,0.8782608695652174,0.4434782608695652,2.0059447035212954,0.7355987209778708,0.05396243649725776
switzerland,tabm,pooled,source_oof_platt,mcar_30,4,123.0,0.9349593495934959,0.6239130434782609,0.9335478964995064,0.39851356201701094,0.8241340734429639,0.1181781116094384,0.26751788699414036,0.8373983739837398,0.6222826086956521,0.9090909090909091,0.9523809523809523,0.8695652173913043,0.05217391304347826,2.1594639992925306,0.5195172018410698,0.0843165126637122
switzerland,tabm,pooled,source_oof_platt,mcar_30,5,123.0,0.9349593495934959,0.6315217391304347,0.9454978467733464,0.39995543958434393,0.7845308284478679,0.11964464595851977,0.2606269558938518,0.8211382113821138,0.6135869565217391,0.8990825688073395,0.9514563106796117,0.8521739130434782,0.09565217391304348,2.1034098498529934,0.6284097972848051,0.07245040907661278
switzerland,tabm,pooled,source_oof_platt,mcar_30,6,123.0,0.9349593495934959,0.6521739130434783,0.9620102788825872,0.4023205570024219,0.7494189073697299,0.12391382087869493,0.2635548846261563,0.8292682926829268,0.6179347826086956,0.9041095890410958,0.9519230769230769,0.8608695652173913,0.22608695652173913,2.1201989860063195,0.6165175200544722,0.0629952054721361
switzerland,tabm,pooled,source_oof_platt,mcar_30,7,123.0,0.9349593495934959,0.7195652173913043,0.9724087391439654,0.38882149433265994,0.7029709398099123,0.1191729830154702,0.24940020270381832,0.8373983739837398,0.5641304347826087,0.9099099099099099,0.9439252336448598,0.8782608695652174,0.4956521739130435,2.028384702411949,0.7372915306063887,0.05212545326931503
switzerland,tabm,pooled,source_oof_platt,mcar_30,8,123.0,0.9349593495934959,0.6684782608695652,0.9631590259538243,0.40958844720602594,0.7562304973821454,0.12740601793941397,0.26398416567176,0.8130081300813008,0.6092391304347826,0.8940092165898618,0.9509803921568627,0.8434782608695652,0.391304347826087,2.171809544605151,0.5472971716846756,0.06580287452452721
switzerland,tabm,pooled,source_oof_platt,mcar_30,9,123.0,0.9349593495934959,0.7184782608695652,0.9651743972898956,0.4101444632549014,0.7122319392374659,0.1255988102453254,0.24464834359354304,0.8373983739837398,0.5641304347826087,0.9099099099099099,0.9439252336448598,0.8782608695652174,0.7043478260869566,2.1144307408144627,0.6766803158101716,0.06611034406213666
switzerland,tabm,pooled,source_oof_platt,mcar_50,0,123.0,0.9349593495934959,0.7239130434782609,0.9689479912500945,0.3207424015284812,0.764532347745954,0.0871171948183722,0.27198191619784123,0.926829268292683,0.6119565217391305,0.9613733905579399,0.9491525423728814,0.9739130434782609,0.5652173913043478,1.473902450586879,1.0342738964423992,0.034045903318278614
switzerland,tabm,pooled,source_oof_platt,mcar_50,1,123.0,0.9349593495934959,0.692391304347826,0.9694431896901095,0.33070917567105734,0.7364232474159709,0.09215413837197203,0.26465872545103614,0.9105691056910569,0.6032608695652174,0.9523809523809523,0.9482758620689655,0.9565217391304348,0.30434782608695654,1.5570305657942236,1.0496440072453783,0.03404695803204486
switzerland,tabm,pooled,source_oof_platt,mcar_50,2,123.0,0.9349593495934959,0.6728260869565217,0.9640113013122718,0.3590548229614478,0.798204115813921,0.1040651886878945,0.2827057565688421,0.8780487804878049,0.5858695652173913,0.933920704845815,0.9464285714285714,0.9217391304347826,0.48695652173913045,1.9890902320787995,0.6091549101786218,0.04469958275145018
switzerland,tabm,pooled,source_oof_platt,mcar_50,3,123.0,0.9349593495934959,0.683695652173913,0.9719318638751782,0.3699226818678263,0.7569372710296033,0.11014666929810406,0.27542533983253564,0.8617886178861789,0.5771739130434783,0.9244444444444444,0.9454545454545454,0.9043478260869565,0.4434782608695652,1.9977432625663094,0.6531794350725886,0.04244457804866333
switzerland,tabm,pooled,source_oof_platt,mcar_50,4,123.0,0.9349593495934959,0.6456521739130435,0.9517026520577087,0.34780754305288547,0.7788884761084086,0.09635652099155181,0.2665909440643348,0.9186991869918699,0.6076086956521739,0.9568965517241379,0.9487179487179487,0.9652173913043478,0.1391304347826087,1.7612064825543774,0.8647053366768146,0.05245903642182534
switzerland,tabm,pooled,source_oof_platt,mcar_50,5,123.0,0.9349593495934959,0.6663043478260869,0.9599661169007271,0.37844235107840846,0.7531962890715982,0.11143343878676444,0.2637491924207832,0.8699186991869918,0.5815217391304348,0.9292035398230089,0.9459459459459459,0.9130434782608695,0.45217391304347826,1.963505597987097,0.7514400767778683,0.05026506624531844
switzerland,tabm,pooled,source_oof_platt,mcar_50,6,123.0,0.9349593495934959,0.575,0.952676571265997,0.3696626326846479,0.7778168940304285,0.10653753746319425,0.27907471639894704,0.8536585365853658,0.5728260869565218,0.9196428571428571,0.944954128440367,0.8956521739130435,0.24347826086956523,1.9212305876459137,0.7567935837310459,0.05389308126368615
switzerland,tabm,pooled,source_oof_platt,mcar_50,7,123.0,0.9349593495934959,0.6423913043478262,0.9455601886379706,0.39659056506810225,0.8119513353870007,0.11766132334244715,0.27989783028704807,0.8455284552845529,0.5103260869565218,0.9155555555555556,0.9363636363636364,0.8956521739130435,0.2782608695652174,2.206012668741665,0.4580665121339204,0.0797048635732478
switzerland,tabm,pooled,source_oof_platt,mcar_50,8,123.0,0.9349593495934959,0.475,0.9221500784504535,0.41543390723301904,0.9666082832645855,0.12598261459796165,0.3406795475475492,0.8373983739837398,0.5059782608695652,0.9107142857142857,0.9357798165137615,0.8869565217391304,0.10434782608695652,2.800825862070488,-0.11017690687363621,0.09657614564653859
switzerland,tabm,pooled,source_oof_platt,mcar_50,9,123.0,0.9349593495934959,0.7869565217391303,0.9816456077607123,0.3476703393621775,0.643035275021724,0.09896633266297675,0.2294421501731207,0.9024390243902439,0.5989130434782608,0.9478260869565217,0.9478260869565217,0.9478260869565217,0.4782608695652174,1.5273952171705398,1.3444274433901717,0.026729863221864686
switzerland,tabm,pooled,source_oof_platt,natural,0,123.0,0.9349593495934959,0.7173913043478262,0.9656497073048922,0.4481243563600098,0.6732275252728627,0.1435575293273372,0.2249709813502413,0.7886178861788617,0.7125,0.8761904761904762,0.968421052631579,0.8,0.3826086956521739,2.2280923469305294,0.7473290159808533,0.08891951147966587
va_long_beach,ft_transformer,pooled,raw,drop_advanced,0,200.0,0.745,0.7319384129490722,0.8728559086249759,0.6532027716299811,0.7118004741225917,0.2161719223408229,0.22849390979444134,0.685,0.6854191340965916,0.7640449438202247,0.864406779661017,0.6845637583892618,0.46308724832214765,0.9465163231714016,0.44851010866150437,0.19474419953341754
va_long_beach,ft_transformer,pooled,raw,drop_exercise,0,200.0,0.745,0.7089090669824977,0.8461766019795481,0.9990635793766464,0.7951933741803647,0.36171033359059296,0.27597938078838824,0.43,0.5852085800763258,0.41237113402061853,0.8888888888888888,0.2684563758389262,0.5704697986577181,1.6668176025556853,0.5711414849637426,0.48869150781703763
va_long_beach,ft_transformer,pooled,raw,drop_routine,0,200.0,0.745,0.7022634557178576,0.8488963921129029,0.6583989605382796,1.1631088467170847,0.19300799727678172,0.34174566128099837,0.74,0.5740228977497039,0.8395061728395061,0.7771428571428571,0.912751677852349,0.5503355704697986,-0.03640934188002924,0.4486454909776599,0.160331860296405
va_long_beach,ft_transformer,pooled,raw,empirical_source,0,200.0,0.745,0.6950914594025529,0.84809715790318,0.6744200750311998,0.8131640411567728,0.21937213022080201,0.256640635434332,0.695,0.6598894591393605,0.7813620071684588,0.8384615384615385,0.7315436241610739,0.37583892617449666,0.8358408999019695,0.35125942908073016,0.20423866454495626
va_long_beach,ft_transformer,pooled,raw,empirical_source,1,200.0,0.745,0.7324647979997368,0.8620571841448432,0.6240560529402253,0.7260736207669269,0.20234898693427986,0.22881422070827073,0.72,0.696012633241216,0.7985611510791367,0.8604651162790697,0.7449664429530202,0.5234899328859061,0.8240661708355722,0.4322333205444727,0.18653724349644296
va_long_beach,ft_transformer,pooled,raw,empirical_source,2,200.0,0.745,0.725227003553099,0.867342658006253,0.613572171049047,0.7417557017635241,0.199511352881905,0.2363834472143549,0.725,0.6864719041979208,0.8056537102473498,0.8507462686567164,0.7651006711409396,0.4899328859060403,0.7697221148788308,0.428348011055474,0.17962549269570918
va_long_beach,ft_transformer,pooled,raw,empirical_source,3,200.0,0.745,0.726016581129096,0.864235764130679,0.6358813393186731,0.7623256347088498,0.20542637870604621,0.23775543876377925,0.705,0.6666008685353336,0.7900355871886121,0.8409090909090909,0.7449664429530202,0.4228187919463087,0.8007796855830499,0.4036049502965498,0.17955137576194474
va_long_beach,ft_transformer,pooled,raw,empirical_source,4,200.0,0.745,0.7164100539544677,0.8639813550725409,0.6442120587968178,0.7784891976895509,0.2079328875281035,0.2425673111930792,0.705,0.6730490854059745,0.7885304659498208,0.8461538461538461,0.738255033557047,0.40939597315436244,0.7990070597501131,0.38945708172052984,0.1807243655235075
va_long_beach,ft_transformer,pooled,raw,empirical_source,5,200.0,0.745,0.7202263455717858,0.8508190910228253,0.6435112275095366,0.7762534401465583,0.20920555301018828,0.24241345753866356,0.71,0.6893012238452428,0.7898550724637681,0.8582677165354331,0.7315436241610739,0.4429530201342282,0.8088469881693601,0.3964535902402833,0.1920728628151251
va_long_beach,ft_transformer,pooled,raw,empirical_source,6,200.0,0.745,0.7277931306750889,0.8602309176864332,0.6393337732741102,0.7644080611513252,0.20861667555677585,0.2406862949135699,0.695,0.6663376760100013,0.779783393501805,0.84375,0.7248322147651006,0.4899328859060403,0.8035856792876152,0.400901301155643,0.18476567421369855
va_long_beach,ft_transformer,pooled,raw,empirical_source,7,200.0,0.745,0.7010790893538623,0.8435648613376606,0.6511168706134515,0.8041579294667198,0.20893065474103917,0.2516934009995357,0.705,0.6537044347940519,0.7929824561403509,0.8308823529411765,0.7583892617449665,0.4563758389261745,0.7952141022493402,0.37048286868950564,0.20025384549174374
va_long_beach,ft_transformer,pooled,raw,empirical_source,8,200.0,0.745,0.7360836952230556,0.8741864454120666,0.6205692407957705,0.7399919572445642,0.20134567976529444,0.23164185864324488,0.705,0.6730490854059745,0.7885304659498208,0.8461538461538461,0.738255033557047,0.5234899328859061,0.7915020590607064,0.4266673947138857,0.1700956567703537
va_long_beach,ft_transformer,pooled,raw,empirical_source,9,200.0,0.745,0.705487564153178,0.8341090778098095,0.6466976810655359,0.7976099470063851,0.20689054344850408,0.24599431567708174,0.705,0.6666008685353336,0.7900355871886121,0.8409090909090909,0.7449664429530202,0.4161073825503356,0.7981521778293427,0.3821328893863715,0.2092667376695338
va_long_beach,ft_transformer,pooled,raw,mar_age_sex_30,0,200.0,0.745,0.6914067640479009,0.8502682839879734,0.6451069413809921,0.7802203908180748,0.21176388033114868,0.25151190229731535,0.705,0.6601526516646927,0.7915194346289752,0.835820895522388,0.7516778523489933,0.3624161073825503,0.8321326237129775,0.38516794599482274,0.2012921105392396
va_long_beach,ft_transformer,pooled,raw,mar_age_sex_30,1,200.0,0.745,0.7360178970917226,0.8793433857054518,0.5935990606188959,0.7000555054309905,0.19696593419257358,0.22862555969110354,0.72,0.6831161994999342,0.8014184397163121,0.849624060150376,0.7583892617449665,0.5771812080536913,0.787576160079045,0.47596717132121036,0.16559601288834197
va_long_beach,ft_transformer,pooled,raw,mar_age_sex_30,2,200.0,0.745,0.7087774707198317,0.8499947533321324,0.6021673884417384,0.7568439021172806,0.19675716988183983,0.24404372390616907,0.72,0.6637715488880116,0.8055555555555556,0.8345323741007195,0.7785234899328859,0.4563758389261745,0.7495503080099708,0.43331185819450174,0.18603890043089932
va_long_beach,ft_transformer,pooled,raw,mar_age_sex_30,3,200.0,0.745,0.7137781287011449,0.8684294037052527,0.6087801186024491,0.741366304621384,0.2041228337158811,0.24742086243522532,0.69,0.6307408869588104,0.7832167832167832,0.8175182481751825,0.7516778523489933,0.4899328859060403,0.7827489535684231,0.4381561736786736,0.171517405348327
va_long_beach,ft_transformer,pooled,raw,mar_age_sex_30,4,200.0,0.745,0.6859455191472562,0.8372338369447133,0.6367124719699236,0.7839282355442736,0.2111039065066233,0.25533110358886707,0.69,0.6371891038294513,0.7816901408450704,0.8222222222222222,0.7449664429530202,0.4429530201342282,0.7933615595329103,0.3796593805271106,0.20656117809015004
va_long_beach,ft_transformer,pooled,raw,mar_age_sex_30,5,200.0,0.745,0.727069351230425,0.853257303568005,0.6000126516842728,0.716915560133921,0.19609346563314248,0.22912767879948143,0.72,0.6895644163705751,0.8,0.8549618320610687,0.7516778523489933,0.5033557046979866,0.7930920241335776,0.46793450591655267,0.18866978139031781
va_long_beach,ft_transformer,pooled,raw,mar_age_sex_30,6,200.0,0.745,0.684761152783261,0.8443985049912495,0.6593363451744411,0.8011127854707047,0.21694116222710716,0.25711394532435844,0.7,0.6696933807079879,0.7841726618705036,0.8449612403100775,0.7315436241610739,0.3825503355704698,0.8420089808525796,0.3642006214069291,0.2059941605106141
va_long_beach,ft_transformer,pooled,raw,mar_age_sex_30,7,200.0,0.745,0.7003553099091987,0.8774499370833168,0.6532536489795049,0.7411993414201599,0.22225927431932269,0.24896446056134963,0.68,0.6498223450454007,0.7681159420289855,0.8346456692913385,0.7114093959731543,0.4966442953020134,0.8592030334120073,0.39050670493721007,0.1900385320397469
va_long_beach,ft_transformer,pooled,raw,mar_age_sex_30,8,200.0,0.745,0.7275957362810896,0.8585860682449427,0.6047547676270686,0.7079009536909393,0.20069957425421525,0.23074993470579563,0.695,0.6663376760100013,0.779783393501805,0.84375,0.7248322147651006,0.44966442953020136,0.8234370604939905,0.47139322051481536,0.18909330559563214
va_long_beach,ft_transformer,pooled,raw,mar_age_sex_30,9,200.0,0.745,0.7526648243189894,0.8933869456816073,0.568837673083604,0.6938414479549585,0.1878726421684911,0.2257948928628447,0.745,0.7063429398605079,0.8210526315789474,0.8602941176470589,0.785234899328859,0.5100671140939598,0.728990597759077,0.5023382963817206,0.1436943460181993
va_long_beach,ft_transformer,pooled,raw,mcar_10,0,200.0,0.745,0.711014607185156,0.8460895171486876,0.6439371827108595,0.7738478749699933,0.2106602754212632,0.24696163069075372,0.7,0.6632451638373471,0.7857142857142857,0.8396946564885496,0.738255033557047,0.4899328859060403,0.8164085138088839,0.39076911084936194,0.20209540876285464
va_long_beach,ft_transformer,pooled,raw,mcar_10,1,200.0,0.745,0.7093038557704961,0.8389036846741076,0.6701184777014718,0.7597640541899608,0.2180288026064517,0.23613058358412947,0.695,0.6856823266219239,0.7749077490774908,0.860655737704918,0.7046979865771812,0.4563758389261745,0.8916799824736564,0.38832934307871547,0.2214103226881204
va_long_beach,ft_transformer,pooled,raw,mcar_10,2,200.0,0.745,0.7216739044611133,0.8649793984589647,0.6502670122463708,0.7302034481075106,0.21888096091927473,0.23959410460828495,0.675,0.652914857218055,0.7619047619047619,0.8387096774193549,0.697986577181208,0.5100671140939598,0.890276360815327,0.4195037664680493,0.19686729335499253
va_long_beach,ft_transformer,pooled,raw,mcar_10,3,200.0,0.745,0.7250954072904331,0.8512244247243125,0.6403222086685492,0.7332210922834898,0.2087345235030159,0.23247150392501628,0.715,0.6797604948019476,0.797153024911032,0.8484848484848485,0.7516778523489933,0.5369127516778524,0.8520378694128173,0.415622911546579,0.20532516168888962
va_long_beach,ft_transformer,pooled,raw,mcar_10,4,200.0,0.745,0.7250954072904329,0.8555952429221334,0.6441690232622003,0.7407753167062392,0.20966965203534024,0.23226970378183603,0.695,0.6727858928806422,0.7781818181818182,0.8492063492063492,0.7181208053691275,0.44966442953020136,0.8772502835402421,0.4225722038682696,0.19947344394404118
va_long_beach,ft_transformer,pooled,raw,mcar_10,5,200.0,0.745,0.717594420318463,0.8551456606069759,0.6545654213178438,0.7563253585940479,0.21975678573546897,0.2460068507063184,0.675,0.6464666403474142,0.7636363636363637,0.8333333333333334,0.7046979865771812,0.5100671140939598,0.8460595726464196,0.3928281829663765,0.194305081239871
va_long_beach,ft_transformer,pooled,raw,mcar_10,6,200.0,0.745,0.6940386893012239,0.8427062518861304,0.6776061117040664,0.7957433579752504,0.2257944166712869,0.2546795262249184,0.655,0.6265956046848269,0.7472527472527473,0.8225806451612904,0.6845637583892618,0.4429530201342282,0.8613542862067954,0.35538351635092513,0.21147137940678248
va_long_beach,ft_transformer,pooled,raw,mcar_10,7,200.0,0.745,0.7151598894591394,0.8492564457276934,0.658835346584902,0.7479553588121353,0.21781086734400773,0.23859342008772125,0.665,0.6462034478220818,0.7527675276752768,0.8360655737704918,0.6845637583892618,0.5167785234899329,0.8767975109032077,0.3981717909266633,0.20806536854854457
va_long_beach,ft_transformer,pooled,raw,mcar_10,8,200.0,0.745,0.7116067903671537,0.8563352571073528,0.6528859435979105,0.767593823173295,0.21261852560967057,0.24308086022083494,0.705,0.6601526516646927,0.7915194346289752,0.835820895522388,0.7516778523489933,0.5033557046979866,0.8323898572762143,0.3861369066992673,0.1949255075198384
va_long_beach,ft_transformer,pooled,raw,mcar_10,9,200.0,0.745,0.6846953546519279,0.8361270683430078,0.6786121392026431,0.8074974931682253,0.2217889186930033,0.2560218630604943,0.685,0.6531780497433872,0.7725631768953068,0.8359375,0.7181208053691275,0.4899328859060403,0.8587164811068282,0.34401043119937574,0.22062830385398266
va_long_beach,ft_transformer,pooled,raw,mcar_30,0,200.0,0.745,0.6132385840242137,0.7989716125825805,0.7448843308079265,0.9475033442392449,0.24474538996346054,0.302189150608045,0.65,0.5974470325042769,0.75,0.8015267175572519,0.7046979865771812,0.38926174496644295,0.8853068200833705,0.205449676696901,0.2582529489316097
va_long_beach,ft_transformer,pooled,raw,mcar_30,1,200.0,0.745,0.7003553099091987,0.8466249380863768,0.6347457830125349,0.7768565565057557,0.21046009253838036,0.252193400975954,0.695,0.6469930253980787,0.784452296819788,0.8283582089552238,0.7449664429530202,0.5436241610738255,0.7921426477816639,0.39171573229065476,0.19438522782850612
va_long_beach,ft_transformer,pooled,raw,mcar_30,2,200.0,0.745,0.6715357283853141,0.8399865735435916,0.6570469031950644,0.850192107802489,0.21721206777126945,0.27665301623261074,0.695,0.6212001579155152,0.7903780068728522,0.8098591549295775,0.7718120805369127,0.44966442953020136,0.7616713843674068,0.3262843913171298,0.20062998202191187
va_long_beach,ft_transformer,pooled,raw,mcar_30,3,200.0,0.745,0.6796288985392814,0.8357871960330194,0.6409606770321497,0.8087480440563808,0.21058648704456331,0.2606147804331767,0.7,0.6374522963547835,0.7916666666666666,0.8201438848920863,0.7651006711409396,0.4429530201342282,0.7882397381052348,0.3696978529136272,0.20317727623538312
va_long_beach,ft_transformer,pooled,raw,mcar_30,4,200.0,0.745,0.7323332017370707,0.8644592189777339,0.5854784060539048,0.72905820123894,0.18981877117039198,0.23538216884772595,0.705,0.6279115673114883,0.7986348122866894,0.8125,0.785234899328859,0.5167785234899329,0.7066561686513846,0.4561483448070898,0.1739692571965628
va_long_beach,ft_transformer,pooled,raw,mcar_30,5,200.0,0.745,0.6733780760626399,0.8412093079011854,0.6479460309613283,0.8124419782439996,0.21406979271100565,0.26404092822819175,0.675,0.601329122252928,0.7750865051903114,0.8,0.7516778523489933,0.44966442953020136,0.7963424382046805,0.3507941938032354,0.20248805289679955
va_long_beach,ft_transformer,pooled,raw,mcar_30,6,200.0,0.745,0.6544940123700487,0.8094640090943058,0.6792146710271665,0.8575495302770783,0.22131896626880626,0.2709787468279615,0.69,0.6307408869588104,0.7832167832167832,0.8175182481751825,0.7516778523489933,0.436241610738255,0.8134007332431136,0.2958182784665391,0.23883402912049237
va_long_beach,ft_transformer,pooled,raw,mcar_30,7,200.0,0.745,0.6528490590867219,0.8324372792592627,0.7027007423473486,0.8631462891408194,0.23306758764127597,0.27913167733404864,0.68,0.636925911304119,0.7714285714285715,0.8244274809160306,0.7248322147651006,0.4161073825503356,0.8504987831699273,0.28362497344593346,0.2243175499963269
va_long_beach,ft_transformer,pooled,raw,mcar_30,8,200.0,0.745,0.6970654033425451,0.8685555733176751,0.6110054279845712,0.7624760569853681,0.208635116687285,0.26023675949729086,0.675,0.6077773391235689,0.7735191637630662,0.8043478260869565,0.7449664429530202,0.46308724832214765,0.7403346718501586,0.4109174832735651,0.17295458964056032
va_long_beach,ft_transformer,pooled,raw,mcar_30,9,200.0,0.745,0.6331096196868008,0.8241433180859191,0.7050378866920414,0.906782560267256,0.23401528555332976,0.29633921841369015,0.675,0.5884326885116462,0.7781569965870307,0.7916666666666666,0.7651006711409396,0.38926174496644295,0.8299451175586544,0.24985341946385806,0.2255408336932701
va_long_beach,ft_transformer,pooled,raw,mcar_50,0,200.0,0.745,0.644492696407422,0.8232813618442534,0.6566346432835072,0.8460097381985735,0.21939387724431073,0.2817748569137496,0.685,0.5886958810369786,0.7878787878787878,0.7905405405405406,0.785234899328859,0.42953020134228187,0.7932309841030618,0.3000413673696659,0.22323714007981083
va_long_beach,ft_transformer,pooled,raw,mcar_50,1,200.0,0.745,0.6033030661929202,0.8020666482349321,0.6916515292407831,0.9543584104812751,0.22614148134972084,0.3087609497476474,0.69,0.5856033688643243,0.7933333333333333,0.7880794701986755,0.7986577181208053,0.33557046979865773,0.8188146963902759,0.2126382792565449,0.23402895562940665
va_long_beach,ft_transformer,pooled,raw,mcar_50,2,200.0,0.745,0.7066061323858401,0.8559905860097101,0.5848205060556129,0.7490899343057517,0.1928360208012191,0.2446615481240178,0.695,0.6405448085274379,0.7859649122807018,0.8235294117647058,0.7516778523489933,0.37583892617449666,0.7014680507515149,0.4618640623780813,0.17325013332622477
va_long_beach,ft_transformer,pooled,raw,mcar_50,3,200.0,0.745,0.6387682589814448,0.810604168709474,0.6760551399536954,0.8628971729264312,0.22439536604504084,0.28488222895198434,0.68,0.5982366100802737,0.7808219178082192,0.7972027972027972,0.7651006711409396,0.38926174496644295,0.8293278372432163,0.2892186390235885,0.23496385292971428
va_long_beach,ft_transformer,pooled,raw,mcar_50,4,200.0,0.745,0.6812738518226082,0.8458306274171907,0.6184112038717933,0.7902146197208528,0.20350333683755156,0.26166214302295593,0.73,0.6511383076720622,0.8175675675675675,0.8231292517006803,0.8120805369127517,0.40268456375838924,0.7377765685954248,0.38135078720828236,0.19760741326806416
va_long_beach,ft_transformer,pooled,raw,mcar_50,5,200.0,0.745,0.6664692722726675,0.8357155876568292,0.6142266150275488,0.8350136535997008,0.19941968325599682,0.27166142265763565,0.73,0.6382418739307804,0.82,0.8145695364238411,0.825503355704698,0.3221476510067114,0.6842012533835022,0.36282737917761443,0.19619473484677857
va_long_beach,ft_transformer,pooled,raw,mcar_50,6,200.0,0.745,0.704434794051849,0.8464032705162015,0.5679516112842663,0.7678762297731831,0.18557423930371897,0.25433679856359037,0.715,0.5959336754836163,0.8143322475570033,0.7911392405063291,0.8389261744966443,0.5436241610738255,0.5906169485628762,0.4765067870776186,0.17991618583022195
va_long_beach,ft_transformer,pooled,raw,mcar_50,7,200.0,0.745,0.6560073693907094,0.8409940784962671,0.6349068761849788,0.8321687231977551,0.21266653846758146,0.2772524415149271,0.675,0.601329122252928,0.7750865051903114,0.8,0.7516778523489933,0.31543624161073824,0.756691133303142,0.3523805249669598,0.19206567373527106
va_long_beach,ft_transformer,pooled,raw,mcar_50,8,200.0,0.745,0.6994341360705356,0.8787423647688258,0.5985030913101926,0.7671293147041778,0.20216641976629368,0.26213640737585375,0.695,0.5889590735623108,0.7973421926910299,0.7894736842105263,0.8053691275167785,0.5100671140939598,0.6819983741983322,0.4185022152737543,0.16128724363673125
va_long_beach,ft_transformer,pooled,raw,mcar_50,9,200.0,0.745,0.6320568495854717,0.8394875924150267,0.6813866881164072,0.8794093337477848,0.23057815346488758,0.2936899766839637,0.675,0.5948809053822872,0.7766323024054983,0.795774647887324,0.7583892617449665,0.3624161073825503,0.8196023882232856,0.26589086605565004,0.21100940856936656
va_long_beach,ft_transformer,pooled,raw,natural,0,200.0,0.745,0.7348335307277274,0.8600865207151617,0.6451018689677784,0.7296269673492177,0.2120450582422108,0.23022564292046516,0.685,0.6789709172259508,0.7657992565055762,0.8583333333333333,0.6912751677852349,0.5167785234899329,0.8742195680280702,0.4247251143688374,0.19281068752406286
va_long_beach,ft_transformer,pooled,source_oof_platt,drop_advanced,0,200.0,0.745,0.7315436241610738,0.8722142775878802,0.6251438980184261,0.6232375409503025,0.21634243883800586,0.21392758420261826,0.67,0.6882484537439136,0.7461538461538462,0.8738738738738738,0.6510067114093959,0.46308724832214765,1.0967088901724704,0.7183917229254388,0.22589691909072113
va_long_beach,ft_transformer,pooled,source_oof_platt,drop_exercise,0,200.0,0.745,0.7085142781944993,0.8469545340865875,0.9102605802711627,0.7306093107742652,0.3436090796479077,0.2637290513038641,0.37,0.544940123700487,0.3076923076923077,0.8484848484848485,0.18791946308724833,0.5704697986577181,1.8555786866780855,0.9184731645020634,0.523423296752543
va_long_beach,ft_transformer,pooled,source_oof_platt,drop_routine,0,200.0,0.745,0.7023950519805238,0.850525600126881,0.5282640643221683,0.808081389638471,0.1740406818083855,0.2839662842396763,0.75,0.5936307408869588,0.84472049689441,0.7861271676300579,0.912751677852349,0.5503355704697986,0.11241333739623026,0.7281903388817047,0.15803106956393886
va_long_beach,ft_transformer,pooled,source_oof_platt,empirical_source,0,200.0,0.745,0.6953546519278853,0.8482443168964189,0.6234409462540352,0.6714457825139454,0.21544625525819086,0.2327106293601611,0.67,0.6495591525200684,0.7573529411764706,0.8373983739837398,0.6912751677852349,0.3825503355704698,0.953882068139938,0.5636052641315318,0.2257562252290053
va_long_beach,ft_transformer,pooled,source_oof_platt,empirical_source,1,200.0,0.745,0.73167522042374,0.8614633350890262,0.5938144795994971,0.6233670968505336,0.2020349012812621,0.21177590732288445,0.715,0.7055533622845112,0.7912087912087912,0.8709677419354839,0.7248322147651006,0.5167785234899329,0.9692793857330824,0.6932751766832652,0.21622989060640552
va_long_beach,ft_transformer,pooled,source_oof_platt,empirical_source,2,200.0,0.745,0.7243058297144361,0.8669507038882138,0.5861585956795022,0.6316950669019886,0.19958527530167658,0.2166526690257698,0.715,0.6991051454138703,0.7927272727272727,0.8650793650793651,0.7315436241610739,0.4899328859060403,0.9137571237605171,0.687648748306296,0.20265047520572907
va_long_beach,ft_transformer,pooled,source_oof_platt,empirical_source,3,200.0,0.745,0.7265429661797604,0.8647739228429834,0.5942563747410309,0.638306690112576,0.20312131536142167,0.2182712917804629,0.695,0.6792341097512831,0.7765567765567766,0.8548387096774194,0.7114093959731543,0.42953020134228187,0.9362457902276812,0.6473843416647351,0.19972109422889345
va_long_beach,ft_transformer,pooled,source_oof_platt,empirical_source,4,200.0,0.745,0.7166732464798,0.8638143486585028,0.5990623834808472,0.6474057393976292,0.20481524341045237,0.22200426023507797,0.705,0.6923937360178971,0.7838827838827839,0.8629032258064516,0.7181208053691275,0.4228187919463087,0.929842236638403,0.6251858601401531,0.20203971855781544
va_long_beach,ft_transformer,pooled,source_oof_platt,empirical_source,5,200.0,0.745,0.7194367679957889,0.85072272637877,0.6006890204808024,0.6471032109156682,0.20619411304392185,0.22203763933804843,0.67,0.6624555862613501,0.753731343283582,0.8487394957983193,0.6778523489932886,0.4429530201342282,0.9422734266621674,0.6355325609815753,0.21333041035585318
va_long_beach,ft_transformer,pooled,source_oof_platt,empirical_source,6,200.0,0.745,0.7273983418870905,0.8602111471444194,0.5964066691644817,0.6397554456887795,0.20468111659311156,0.21952433841014868,0.7,0.6890380313199105,0.7794117647058824,0.8617886178861789,0.7114093959731543,0.48322147651006714,0.9377885945815395,0.6450972761332917,0.2040566155363445
va_long_beach,ft_transformer,pooled,source_oof_platt,empirical_source,7,200.0,0.745,0.7008158968285301,0.8439781116947483,0.6059985202798513,0.663818423519318,0.20669316602488352,0.22826277708449333,0.695,0.6727858928806422,0.7781818181818182,0.8492063492063492,0.7181208053691275,0.44966442953020136,0.9199638628144021,0.594051434483426,0.22328438080549484
va_long_beach,ft_transformer,pooled,source_oof_platt,empirical_source,8,200.0,0.745,0.7359520989603894,0.8739712692143611,0.5846984609510987,0.6251941768503582,0.1993433913997042,0.21316629850812063,0.71,0.7021976575865245,0.7867647058823529,0.8699186991869918,0.7181208053691275,0.5234899328859061,0.9355387452594721,0.6860848968055372,0.18932365429969522
va_long_beach,ft_transformer,pooled,source_oof_platt,empirical_source,9,200.0,0.745,0.7056191604158443,0.8334823498482401,0.6025886185474041,0.6586963475043071,0.20558697938380427,0.2253426854900959,0.69,0.6629819713120146,0.7753623188405797,0.84251968503937,0.7181208053691275,0.40939597315436244,0.9265500793386304,0.6149726777251114,0.22993915701309808
va_long_beach,ft_transformer,pooled,source_oof_platt,mar_age_sex_30,0,200.0,0.745,0.6906171864719042,0.848740451820724,0.6188704586933064,0.663242854647601,0.21417011825976234,0.23104223659496562,0.69,0.6629819713120146,0.7753623188405797,0.84251968503937,0.7181208053691275,0.35570469798657717,0.959977584728241,0.6187166716831465,0.22848734844124782
va_long_beach,ft_transformer,pooled,source_oof_platt,mar_age_sex_30,1,200.0,0.745,0.7347019344650612,0.8787756275270105,0.5816352719580271,0.613973239962903,0.198976307729638,0.21102862895003754,0.7,0.6890380313199105,0.7794117647058824,0.8617886178861789,0.7114093959731543,0.5637583892617449,0.9454050641870103,0.7652225454059921,0.1902359998891976
va_long_beach,ft_transformer,pooled,source_oof_platt,mar_age_sex_30,2,200.0,0.745,0.7074615080931702,0.8494213859510518,0.5872826182185128,0.6455416022105773,0.20120197009985494,0.2236995447837613,0.705,0.6794973022766153,0.7870036101083032,0.8515625,0.7315436241610739,0.4563758389261745,0.894215877783954,0.6974665206720538,0.20874269771028156
va_long_beach,ft_transformer,pooled,source_oof_platt,mar_age_sex_30,3,200.0,0.745,0.7128569548624819,0.8672622923203333,0.5926781608522452,0.637689715398859,0.20431068905677446,0.22261517943220932,0.695,0.6534412422687196,0.7829181494661922,0.8333333333333334,0.738255033557047,0.4899328859060403,0.9290282699878685,0.7029325476571494,0.19732847887531418
va_long_beach,ft_transformer,pooled,source_oof_platt,mar_age_sex_30,4,200.0,0.745,0.6854191340965917,0.8366965980919379,0.6101847353527123,0.6641605148299219,0.21087048281102047,0.2313300719606023,0.665,0.6462034478220818,0.7527675276752768,0.8360655737704918,0.6845637583892618,0.42953020134228187,0.919529411302286,0.6124467970109869,0.23141367417186048
va_long_beach,ft_transformer,pooled,source_oof_platt,mar_age_sex_30,5,200.0,0.745,0.7266745624424267,0.8534957549797855,0.588270612805792,0.6245891345986943,0.2004133906612929,0.21353811027027303,0.68,0.6756152125279642,0.7611940298507462,0.8571428571428571,0.6845637583892618,0.4966442953020134,0.9498030239321072,0.7517977064629624,0.21852197936283915
va_long_beach,ft_transformer,pooled,source_oof_platt,mar_age_sex_30,6,200.0,0.745,0.683971575207264,0.8441326628831782,0.6263533362043774,0.6733855900780781,0.21766092294560785,0.23504517268806277,0.66,0.6428477431240953,0.7481481481481481,0.8347107438016529,0.6778523489932886,0.3825503355704698,0.9639352053776976,0.5856405119751524,0.23542546974700437
va_long_beach,ft_transformer,pooled,source_oof_platt,mar_age_sex_30,7,200.0,0.745,0.6982497697065404,0.876585378267612,0.6269634059144537,0.6471727709034455,0.21910109341395567,0.22632612997274038,0.67,0.6624555862613501,0.753731343283582,0.8487394957983193,0.6778523489932886,0.4899328859060403,0.9889218226207941,0.6225199596176811,0.22008100289833896
va_long_beach,ft_transformer,pooled,source_oof_platt,mar_age_sex_30,8,200.0,0.745,0.7273325437557574,0.857952708990541,0.5969806790954834,0.6243652695895594,0.20570872654708977,0.21501569364500858,0.68,0.6691669956573234,0.762962962962963,0.8512396694214877,0.6912751677852349,0.44966442953020136,0.9809275789118881,0.7576255235695611,0.217783501721149
va_long_beach,ft_transformer,pooled,source_oof_platt,mar_age_sex_30,9,200.0,0.745,0.7537175944203185,0.894242041130324,0.5580363301553838,0.6017735578192239,0.1899133447861201,0.20652609949207087,0.71,0.6893012238452428,0.7898550724637681,0.8582677165354331,0.7315436241610739,0.5234899328859061,0.8979952027645215,0.8105022459679606,0.16147139133592447
va_long_beach,ft_transformer,pooled,source_oof_platt,mcar_10,0,200.0,0.745,0.7095670482958285,0.845405926561544,0.6066668855491385,0.651229446017739,0.2083819138670104,0.22453395484856953,0.69,0.6694301881826556,0.7737226277372263,0.848,0.7114093959731543,0.47651006711409394,0.946065786542343,0.6257336927931492,0.22647491458619315
va_long_beach,ft_transformer,pooled,source_oof_platt,mcar_10,1,200.0,0.745,0.7094354520331623,0.8388927389286687,0.6293928474448366,0.6483505276496129,0.2171228323058039,0.22089585783716978,0.675,0.6851559415712594,0.752851711026616,0.868421052631579,0.6644295302013423,0.4697986577181208,1.0217182405361884,0.6254880851801377,0.248886567852303
va_long_beach,ft_transformer,pooled,source_oof_platt,mcar_10,2,200.0,0.745,0.7216739044611133,0.864971681110948,0.6214012453402558,0.6341679869695438,0.2166291664498063,0.21983071064867002,0.68,0.688511646269246,0.7575757575757576,0.8695652173913043,0.6711409395973155,0.5033557046979866,1.0307511946621521,0.6735482776256971,0.22319397427168408
va_long_beach,ft_transformer,pooled,source_oof_platt,mcar_10,3,200.0,0.745,0.7256217923410976,0.8513854492658104,0.6058862211163043,0.6290430022983509,0.20728430836520517,0.2142255231497383,0.695,0.6856823266219239,0.7749077490774908,0.860655737704918,0.7046979865771812,0.5369127516778524,0.9915155013294875,0.6687106962605226,0.23087566234868945
va_long_beach,ft_transformer,pooled,source_oof_platt,mcar_10,4,200.0,0.745,0.7260165811290961,0.8556022353641968,0.6126284004711555,0.6351616504784978,0.2105466999486891,0.21680130887622706,0.69,0.6887748387945782,0.7686567164179104,0.865546218487395,0.6912751677852349,0.47651006711409394,1.017879848367527,0.6797235417574601,0.2253855042836185
va_long_beach,ft_transformer,pooled,source_oof_platt,mcar_10,5,200.0,0.745,0.7179892091064615,0.857378820171692,0.613023964898605,0.6414397681107098,0.21306733216437643,0.22193654112176253,0.68,0.6756152125279642,0.7611940298507462,0.8571428571428571,0.6845637583892618,0.5167785234899329,0.9782427980072207,0.6303231824447945,0.21377347663294347
va_long_beach,ft_transformer,pooled,source_oof_platt,mcar_10,6,200.0,0.745,0.694301881826556,0.8424672943359219,0.6323090087148742,0.6677713030143412,0.22088021217204976,0.23186653413283237,0.65,0.6554809843400446,0.732824427480916,0.8495575221238938,0.6442953020134228,0.4429530201342282,0.9808651947263144,0.5720133699748918,0.2361087509519929
va_long_beach,ft_transformer,pooled,source_oof_platt,mcar_10,7,200.0,0.745,0.7150282931964732,0.849358126723539,0.621179460215633,0.6407493570490775,0.21493721315566516,0.21966039678476074,0.66,0.6686406106066587,0.7404580152671756,0.8584070796460177,0.6510067114093959,0.5100671140939598,1.0106920121869662,0.6402560946190741,0.2347623887832846
va_long_beach,ft_transformer,pooled,source_oof_platt,mcar_10,8,200.0,0.745,0.7114751941044875,0.8561717946507437,0.6110353722671129,0.6466911781196829,0.20981794301458123,0.22196588382992458,0.7,0.6890380313199105,0.7794117647058824,0.8617886178861789,0.7114093959731543,0.5167785234899329,0.9623335579452402,0.6213709934759527,0.2194222835982782
va_long_beach,ft_transformer,pooled,source_oof_platt,mcar_10,9,200.0,0.745,0.6848269509145941,0.8363477241724686,0.6351415314658846,0.6760518640947029,0.22018845519385372,0.23417341403014982,0.655,0.6394920384261087,0.7434944237918215,0.8333333333333334,0.6711409395973155,0.48322147651006714,0.9738481717949641,0.5536983386206538,0.2478848932999502
va_long_beach,ft_transformer,pooled,source_oof_platt,mcar_30,0,200.0,0.745,0.6141597578628767,0.7995725198453724,0.6720866624495164,0.7548105900225984,0.23645334609916582,0.2675180001231506,0.615,0.5739570996183708,0.717948717948718,0.7903225806451613,0.6577181208053692,0.3959731543624161,0.9526710529799169,0.3337619432489809,0.2855235633852138
va_long_beach,ft_transformer,pooled,source_oof_platt,mcar_30,1,200.0,0.745,0.7006185024345308,0.8481859559783324,0.6049617203723765,0.656518735655601,0.20854069528370012,0.2278205324133008,0.675,0.6400184234767732,0.7653429602888087,0.828125,0.7114093959731543,0.5436241610738255,0.9223060895569042,0.6282430435736159,0.21960613819454095
va_long_beach,ft_transformer,pooled,source_oof_platt,mcar_30,2,200.0,0.745,0.6704829582839849,0.8397160852826846,0.6125144360368885,0.6943570109206829,0.21244688365119602,0.24453097129816853,0.65,0.6038952493749177,0.7482014388489209,0.8062015503875969,0.697986577181208,0.4429530201342282,0.8715853730030656,0.522829609057785,0.22223761514690837
va_long_beach,ft_transformer,pooled,source_oof_platt,mcar_30,3,200.0,0.745,0.680155283589946,0.8349568010418448,0.6105734425594875,0.6753704590251445,0.21111906769637515,0.23606870382618106,0.68,0.6498223450454007,0.7681159420289855,0.8346456692913385,0.7114093959731543,0.436241610738255,0.9099121111919191,0.5941051951556392,0.22715148383227923
va_long_beach,ft_transformer,pooled,source_oof_platt,mcar_30,4,200.0,0.745,0.7310172391104093,0.8638216249961914,0.5701509352248341,0.6269977805349093,0.19301261270900885,0.21523880169693224,0.74,0.7158836689038031,0.8142857142857143,0.8702290076335878,0.7651006711409396,0.5167785234899329,0.8573992199885031,0.7331949899730015,0.19768460852193048
va_long_beach,ft_transformer,pooled,source_oof_platt,mcar_30,5,200.0,0.745,0.6733780760626398,0.8417752174912567,0.6167475263454432,0.6800923861000034,0.21345416884723403,0.23792287338585869,0.665,0.6397552309514409,0.7545787545787546,0.8306451612903226,0.6912751677852349,0.4563758389261745,0.9124880052103922,0.5644678327836864,0.22839602510660337
va_long_beach,ft_transformer,pooled,source_oof_platt,mcar_30,6,200.0,0.745,0.6546256086327149,0.809336828560142,0.6331146823414704,0.7056367746300622,0.21944029071710158,0.24566682308294283,0.645,0.6263324121594946,0.7360594795539034,0.825,0.6644295302013423,0.42953020134228187,0.9119632329699724,0.477164782268781,0.2623784565693962
va_long_beach,ft_transformer,pooled,source_oof_platt,mcar_30,7,200.0,0.745,0.6525858665613897,0.8328390640290464,0.6479789550905043,0.7083909726822056,0.2271901372308603,0.24980329464055023,0.665,0.6397552309514409,0.7545787545787546,0.8306451612903226,0.6912751677852349,0.4228187919463087,0.9447916115684406,0.45592567176728904,0.24973462339356203
va_long_beach,ft_transformer,pooled,source_oof_platt,mcar_30,8,200.0,0.745,0.6978549809185419,0.8692486791760985,0.5937369971169957,0.6524093486671001,0.20602137430403678,0.23020367104139347,0.655,0.6265956046848269,0.7472527472527473,0.8225806451612904,0.6845637583892618,0.4697986577181208,0.8764282956412605,0.658228453052591,0.1950483267380113
va_long_beach,ft_transformer,pooled,source_oof_platt,mcar_30,9,200.0,0.745,0.6324516383734703,0.8241754075920671,0.6450770069938632,0.7301221371369792,0.22600833395290185,0.25958878462104046,0.64,0.5971838399789446,0.7391304347826086,0.8031496062992126,0.6845637583892618,0.38926174496644295,0.9139974658479457,0.4010834072078686,0.24986345840450785
va_long_beach,ft_transformer,pooled,source_oof_platt,mcar_50,0,200.0,0.745,0.6437031188314253,0.823297892722265,0.6242270766683223,0.703193601487144,0.21704421952227232,0.24897115503377,0.645,0.5940913278062903,0.7455197132616488,0.8,0.697986577181208,0.436241610738255,0.891952926723806,0.4835665060986333,0.2505230483166946
va_long_beach,ft_transformer,pooled,source_oof_platt,mcar_50,1,200.0,0.745,0.6048822213449138,0.8032678529210322,0.6340723860259725,0.754758713689891,0.22040935650057886,0.2689163774123182,0.66,0.5848137912883274,0.7638888888888888,0.7913669064748201,0.738255033557047,0.3422818791946309,0.8864316021748754,0.34883853037915113,0.2540010343867545
va_long_beach,ft_transformer,pooled,source_oof_platt,mcar_50,2,200.0,0.745,0.7072641136991709,0.8567736461128197,0.57722805209515,0.6420272729172636,0.19709513215056212,0.2228390861812496,0.69,0.6694301881826556,0.7737226277372263,0.848,0.7114093959731543,0.37583892617449666,0.8541781138113458,0.7472095705113498,0.19286588290434625
va_long_beach,ft_transformer,pooled,source_oof_platt,mcar_50,3,200.0,0.745,0.6391630477694434,0.8105392422774698,0.6365452673023128,0.7100552604473412,0.22158636398913326,0.25152928842773425,0.675,0.6206737728648506,0.7703180212014135,0.8134328358208955,0.7315436241610739,0.38926174496644295,0.9253178006652449,0.4672087501047815,0.26580994711422773
va_long_beach,ft_transformer,pooled,source_oof_platt,mcar_50,4,200.0,0.745,0.6812738518226082,0.8464067926070247,0.6005009773358754,0.6710654196663431,0.2062857007723495,0.2353684049780032,0.68,0.6304776944334781,0.7730496453900709,0.8195488721804511,0.7315436241610739,0.40268456375838924,0.8646038882405126,0.6072991004844724,0.22267351149242362
va_long_beach,ft_transformer,pooled,source_oof_platt,mcar_50,5,200.0,0.745,0.666074483484669,0.8356554253362909,0.5920723626378361,0.6910032834143749,0.2025269826086233,0.24277821395261534,0.71,0.631267272009475,0.8027210884353742,0.8137931034482758,0.7919463087248322,0.3288590604026846,0.8046442988768535,0.5854732801992558,0.21574365968810286
va_long_beach,ft_transformer,pooled,source_oof_platt,mcar_50,6,200.0,0.745,0.7043031977891828,0.8465641266146617,0.5692657798989864,0.6579607844053736,0.19198523844761176,0.22815270328551238,0.71,0.631267272009475,0.8027210884353742,0.8137931034482758,0.7919463087248322,0.5570469798657718,0.746284001396437,0.7740036831167962,0.19880774781889132
va_long_beach,ft_transformer,pooled,source_oof_platt,mcar_50,7,200.0,0.745,0.6583761021186999,0.8420746906000621,0.6073752623721675,0.6887983221954095,0.21103720591418887,0.24458659166269203,0.645,0.5876431109356495,0.7473309608540926,0.7954545454545454,0.7046979865771812,0.31543624161073824,0.8720179172823255,0.5696506153856485,0.21178586969176247
va_long_beach,ft_transformer,pooled,source_oof_platt,mcar_50,8,200.0,0.745,0.6990393472825372,0.8784009574480625,0.5807460221786552,0.6516163837193318,0.1993062133428706,0.22960356633464818,0.67,0.617318068166864,0.7659574468085106,0.8120300751879699,0.7248322147651006,0.5234899328859061,0.8215550284526878,0.6716900831508967,0.1873949147575897
va_long_beach,ft_transformer,pooled,source_oof_platt,mcar_50,9,200.0,0.745,0.6312672720094749,0.8379869035819799,0.6378838816347339,0.7202176107382965,0.22498038580887275,0.25803485331988324,0.62,0.5773128043163575,0.7226277372262774,0.792,0.6644295302013423,0.3691275167785235,0.9088351518586107,0.4270847578331345,0.23527798172194725
va_long_beach,ft_transformer,pooled,source_oof_platt,natural,0,200.0,0.745,0.7345703382023951,0.8596609607446416,0.6076535740921218,0.6252353398025116,0.20900263130235153,0.21297599781915932,0.68,0.688511646269246,0.7575757575757576,0.8695652173913043,0.6711409395973155,0.5234899328859061,1.0172204879591882,0.6821849906263556,0.21671190193972995
va_long_beach,realmlp,pooled,raw,drop_advanced,0,200.0,0.745,0.6990393472825372,0.8640756387006734,0.5663749446820187,0.6513372519472378,0.1937159307507203,0.22803645100324899,0.69,0.6436373207000922,0.7801418439716312,0.8270676691729323,0.738255033557047,0.3825503355704698,0.7908939325946961,0.7185263111646446,0.17757933255720967
va_long_beach,realmlp,pooled,raw,drop_exercise,0,200.0,0.745,0.693249111725227,0.8326822096199058,0.5628455493630293,0.6799091912840912,0.18758583342230814,0.23711497277278476,0.735,0.6158047111462035,0.8284789644012945,0.8,0.8590604026845637,0.42953020134228187,0.624144720658699,0.8955329343390176,0.17996063010776298
va_long_beach,realmlp,pooled,raw,drop_routine,0,200.0,0.745,0.7058165548098434,0.8673419953605637,0.6466154017376198,1.1910689683631221,0.2035379999660372,0.3907766504562312,0.745,0.5,0.8538681948424068,0.745,1.0,0.5436241610738255,-1.2807806454808164,0.9550996025771675,0.1441712652129345
va_long_beach,realmlp,pooled,raw,empirical_source,0,200.0,0.745,0.678247137781287,0.8544693348262742,0.5614212983891619,0.7166881847011588,0.1895697028388245,0.250224040083992,0.715,0.6217265429661798,0.8093645484949833,0.8066666666666666,0.8120805369127517,0.40268456375838924,0.6628109870283875,0.5698082926571065,0.1702111533042288
va_long_beach,realmlp,pooled,raw,empirical_source,1,200.0,0.745,0.7058823529411765,0.8456228692500309,0.544629505695142,0.6882062540398293,0.18033114312265117,0.2338950656904744,0.73,0.6640347414133438,0.815068493150685,0.8321678321678322,0.7986577181208053,0.42953020134228187,0.6341709541066459,0.6548487554397433,0.17270480841715524
va_long_beach,realmlp,pooled,raw,empirical_source,2,200.0,0.745,0.6833793920252665,0.85721641776426,0.5465746606227821,0.7084381344296071,0.1832848975585992,0.24755629271469448,0.73,0.6317936570601395,0.8211920529801324,0.8104575163398693,0.8322147651006712,0.40939597315436244,0.5895382978124322,0.6317836211107383,0.16378464966754097
va_long_beach,realmlp,pooled,raw,empirical_source,3,200.0,0.745,0.7006185024345308,0.8620028590506846,0.5485206656389824,0.7037097118773415,0.18282366347838555,0.24167300139656359,0.725,0.621989735491512,0.8184818481848185,0.8051948051948052,0.8322147651006712,0.436241610738255,0.6095499938481698,0.615851428059363,0.16350534995383842
va_long_beach,realmlp,pooled,raw,empirical_source,4,200.0,0.745,0.6833793920252665,0.8478832103346801,0.5471625412918847,0.7234697656464519,0.18228898319996123,0.2503223514958081,0.725,0.6284379523621529,0.8172757475083057,0.8092105263157895,0.825503355704698,0.46308724832214765,0.5733838980231573,0.6158731450932498,0.16747249318203442
va_long_beach,realmlp,pooled,raw,empirical_source,5,200.0,0.745,0.6878536649559154,0.8332332295090623,0.555406480257308,0.7177546668366928,0.18510896010555597,0.2460169702157989,0.72,0.6250822476641664,0.8133333333333334,0.8079470198675497,0.8187919463087249,0.42953020134228187,0.6333844685636036,0.5893218369597133,0.18812170363338315
va_long_beach,realmlp,pooled,raw,empirical_source,6,200.0,0.745,0.7059481510725095,0.8689026741636249,0.534910232247192,0.694453524866599,0.17869437180135264,0.24114222133820362,0.735,0.6351493617581261,0.8250825082508251,0.8116883116883117,0.8389261744966443,0.4161073825503356,0.5656297214249469,0.6677272103452245,0.1495213511188092
va_long_beach,realmlp,pooled,raw,empirical_source,7,200.0,0.745,0.6485721805500725,0.8288766354856698,0.5813683644809291,0.7589045877746154,0.19519031412770335,0.26289858133273447,0.705,0.6085669166995658,0.802675585284281,0.8,0.8053691275167785,0.40268456375838924,0.6973809587071653,0.47679483589444216,0.1919756389658363
va_long_beach,realmlp,pooled,raw,empirical_source,8,200.0,0.745,0.7037110146071851,0.8619062411278973,0.5410308139703376,0.6992453540682536,0.17999398361577973,0.24017358949932688,0.735,0.6480457954994079,0.822742474916388,0.82,0.825503355704698,0.44966442953020136,0.5912821333746067,0.6354052288716572,0.15823450772456144
va_long_beach,realmlp,pooled,raw,empirical_source,9,200.0,0.745,0.678247137781287,0.8369618953404677,0.5651410750022585,0.7263815791663726,0.1885400822466366,0.24988112901695794,0.725,0.621989735491512,0.8184818481848185,0.8051948051948052,0.8322147651006712,0.4228187919463087,0.6666319418595453,0.5493023596724709,0.18607951109535587
va_long_beach,realmlp,pooled,raw,mar_age_sex_30,0,200.0,0.745,0.6512699039347283,0.8202225783593675,0.5577337048328148,0.8210694146141975,0.1819345951221908,0.2821859125899343,0.74,0.5740228977497039,0.8395061728395061,0.7771428571428571,0.912751677852349,0.3624161073825503,0.4446746502489511,0.5287221745846968,0.187208544151039
va_long_beach,realmlp,pooled,raw,mar_age_sex_30,1,200.0,0.745,0.7171996315304645,0.8741731281024545,0.511121962022419,0.7755582882232899,0.16820159841573176,0.2744035844775486,0.75,0.5549414396631136,0.8502994011976048,0.7675675675675676,0.9530201342281879,0.5369127516778524,0.008353804922234934,0.8378834104140371,0.13526847431674205
va_long_beach,realmlp,pooled,raw,mar_age_sex_30,2,200.0,0.745,0.6667982629293329,0.8527648614255333,0.5431604555333069,0.8369029295577645,0.1781782957840391,0.2915273766884919,0.75,0.5678378734043953,0.8484848484848485,0.7734806629834254,0.9395973154362416,0.40939597315436244,0.2586217076379293,0.5999798803978466,0.15324246074644374
va_long_beach,realmlp,pooled,raw,mar_age_sex_30,3,200.0,0.745,0.7004869061718648,0.8799715651281617,0.52252908790929,0.7688406180031053,0.1734688437022529,0.2711679992010423,0.755,0.5905382287143045,0.8492307692307692,0.7840909090909091,0.9261744966442953,0.436241610738255,0.2605976778516639,0.6912631998373691,0.13235105805700959
va_long_beach,realmlp,pooled,raw,mar_age_sex_30,4,200.0,0.745,0.6080405316489012,0.8019332351291459,0.594296528996263,0.8863867446538842,0.19642472536316746,0.3073553370181523,0.73,0.5608632714830899,0.8333333333333334,0.7714285714285715,0.9060402684563759,0.31543624161073824,0.6190596265261196,0.3541392403931803,0.20889672717463675
va_long_beach,realmlp,pooled,raw,mar_age_sex_30,5,200.0,0.745,0.6939070930385578,0.8451146140699808,0.5340420884367458,0.8058457142514471,0.1754248068239012,0.2820386975519671,0.735,0.5448743255691538,0.8398791540785498,0.7637362637362637,0.9328859060402684,0.5167785234899329,0.2284399196237867,0.6648640831304883,0.16210122768709345
va_long_beach,realmlp,pooled,raw,mar_age_sex_30,6,200.0,0.745,0.6580471114620345,0.834885704124152,0.5566895078806656,0.8113134854768935,0.18217640282338649,0.2794142373182419,0.74,0.5869193314909857,0.8375,0.783625730994152,0.8993288590604027,0.38926174496644295,0.474984940769738,0.5168456659024839,0.17340678104894452
va_long_beach,realmlp,pooled,raw,mar_age_sex_30,7,200.0,0.745,0.6802210817212792,0.8735757220634217,0.537693701252791,0.7893596286910642,0.1820494689194792,0.2852337172225646,0.735,0.5448743255691538,0.8398791540785498,0.7637362637362637,0.9328859060402684,0.48322147651006714,0.2854690586601303,0.6487759714593948,0.14354263904635037
va_long_beach,realmlp,pooled,raw,mar_age_sex_30,8,200.0,0.745,0.6914067640479011,0.8606726131726186,0.5365140089298426,0.7802532211904611,0.17780819503838471,0.27394109416042706,0.74,0.567574680879063,0.8404907975460123,0.7740112994350282,0.9194630872483222,0.47651006711409394,0.3389675025339944,0.6296916619022611,0.1528814711792741
va_long_beach,realmlp,pooled,raw,mar_age_sex_30,9,200.0,0.745,0.7558231346229768,0.9022133052555441,0.4873944938674761,0.7183229951550871,0.1613623393404353,0.2543746869801172,0.765,0.5908014212396367,0.8571428571428571,0.7833333333333333,0.9463087248322147,0.6040268456375839,0.010525107747158558,0.8959694864547963,0.1119706009622044
va_long_beach,realmlp,pooled,raw,mcar_10,0,200.0,0.745,0.6481115936307409,0.8316418373325996,0.5839231010364421,0.753079064708717,0.19754001423603681,0.2634950436771001,0.695,0.5889590735623108,0.7973421926910299,0.7894736842105263,0.8053691275167785,0.3825503355704698,0.7071258297974234,0.4726582941261241,0.19618144777245722
va_long_beach,realmlp,pooled,raw,mcar_10,1,200.0,0.745,0.6790367153572838,0.8286475785643612,0.5640479405614601,0.709144965251234,0.18835902071174002,0.24234574696007585,0.69,0.6049480194762469,0.7891156462585034,0.8,0.7785234899328859,0.4697986577181208,0.6804105159888109,0.5947151042887185,0.19279015013392176
va_long_beach,realmlp,pooled,raw,mcar_10,2,200.0,0.745,0.6719305171733122,0.84979044599354,0.564471435586997,0.7084634511762238,0.19201946302050615,0.24972250871588564,0.7,0.6052112120015791,0.7986577181208053,0.7986577181208053,0.7986577181208053,0.3691275167785235,0.6826782593218313,0.5831026176691118,0.17727792465308576
va_long_beach,realmlp,pooled,raw,mcar_10,3,200.0,0.745,0.6837741808132649,0.8421844614993739,0.5606885635467639,0.7103605086445197,0.18758165882322494,0.24394919021488642,0.725,0.6348861692327938,0.8160535117056856,0.8133333333333334,0.8187919463087249,0.4697986577181208,0.6647863109932852,0.5836435439207555,0.1822891351688281
va_long_beach,realmlp,pooled,raw,mcar_10,4,200.0,0.745,0.6752204237399657,0.8518874118464828,0.556663665036197,0.6982773139760743,0.18802878292921435,0.24471832147636144,0.7,0.6181076457428609,0.7959183673469388,0.8068965517241379,0.785234899328859,0.436241610738255,0.6652129086359402,0.6269585304377836,0.16965582177891503
va_long_beach,realmlp,pooled,raw,mcar_10,5,200.0,0.745,0.6841689696012634,0.854427272400126,0.5609715164395199,0.7163839738631503,0.18865362753381085,0.24837726138498134,0.73,0.6317936570601395,0.8211920529801324,0.8104575163398693,0.8322147651006712,0.436241610738255,0.6622880020904601,0.5630094156884968,0.17116907864755343
va_long_beach,realmlp,pooled,raw,mcar_10,6,200.0,0.745,0.6577181208053692,0.8330027280848443,0.5720252896155865,0.7457204368620121,0.1925143150193878,0.26064792355761435,0.72,0.6057375970522437,0.8169934640522876,0.7961783439490446,0.8389261744966443,0.3825503355704698,0.6653122143909088,0.5088646429371128,0.19113979467013442
va_long_beach,realmlp,pooled,raw,mcar_10,7,200.0,0.745,0.6598894591393605,0.8361320433576616,0.5713014291938906,0.7274410590108249,0.19258921045081578,0.25316630453008193,0.695,0.5954072904329517,0.7959866220735786,0.7933333333333333,0.7986577181208053,0.3624161073825503,0.6962417970836786,0.5393479241652334,0.18645822109828009
va_long_beach,realmlp,pooled,raw,mcar_10,8,200.0,0.745,0.6867350967232531,0.8646296916836027,0.5581268338565942,0.7028630356146983,0.18937142942975269,0.24666754679796776,0.705,0.6085669166995658,0.802675585284281,0.8,0.8053691275167785,0.47651006711409394,0.6456254130634855,0.5973056943991331,0.16681047984100456
va_long_beach,realmlp,pooled,raw,mcar_10,9,200.0,0.745,0.6282405579681537,0.8228140517024725,0.5841116267009009,0.7652441657859278,0.19699915141913657,0.2682581162076138,0.72,0.6057375970522437,0.8169934640522876,0.7961783439490446,0.8389261744966443,0.3624161073825503,0.7074604403062124,0.4609132053845131,0.195675019059009
va_long_beach,realmlp,pooled,raw,mcar_30,0,200.0,0.745,0.5777733912356889,0.7896982159529189,0.6081310842828944,0.9095442489160777,0.19891038548027878,0.31175899167915805,0.73,0.554415054612449,0.8343558282208589,0.768361581920904,0.912751677852349,0.2684563758389262,0.6981887683532713,0.2906221320959729,0.21923083849360372
va_long_beach,realmlp,pooled,raw,mcar_30,1,200.0,0.745,0.6698249769706541,0.8318238427491291,0.5458757373530575,0.7818027365434415,0.17951269675884077,0.2707546569871888,0.74,0.5933675483616265,0.8364779874213837,0.7869822485207101,0.8926174496644296,0.40939597315436244,0.4319065534147456,0.5892847382351956,0.17725536361655317
va_long_beach,realmlp,pooled,raw,mcar_30,2,200.0,0.745,0.5958678773522833,0.8236985708986536,0.5997132352524635,0.8961990086288482,0.20018057246610815,0.3146526497175361,0.71,0.5216475852085801,0.823170731707317,0.7541899441340782,0.9060402684563759,0.3288590604026846,0.6354071882456099,0.3340339016015694,0.1891135784010568
va_long_beach,realmlp,pooled,raw,mcar_30,3,200.0,0.745,0.6113304382155548,0.7958601326810646,0.5881193132169487,0.8602564421786174,0.19361312415605475,0.29819554479935817,0.72,0.5154625608632715,0.8323353293413174,0.7513513513513513,0.9328859060402684,0.26174496644295303,0.6292960660944374,0.3719179821784801,0.21578630744727495
va_long_beach,realmlp,pooled,raw,mcar_30,4,200.0,0.745,0.6721279115673116,0.8561366982724462,0.5515699708914241,0.803603969646909,0.18432701451507597,0.2831317726312798,0.725,0.5575075667851033,0.8297213622291022,0.7701149425287356,0.8993288590604027,0.47651006711409394,0.41374104808219997,0.5509081090135045,0.15950506995743863
va_long_beach,realmlp,pooled,raw,mcar_30,5,200.0,0.745,0.627582576654823,0.8204178820140265,0.5788633057475007,0.8554529135879646,0.19150251041958108,0.2987956787030822,0.71,0.5216475852085801,0.823170731707317,0.7541899441340782,0.9060402684563759,0.3288590604026846,0.5544047679040044,0.4214195903699489,0.18985360869175927
va_long_beach,realmlp,pooled,raw,mcar_30,6,200.0,0.745,0.5878405053296487,0.7822048110987693,0.6243441742798902,0.933817126834887,0.20441108574942568,0.31953509509604583,0.71,0.5216475852085801,0.823170731707317,0.7541899441340782,0.9060402684563759,0.33557046979865773,0.7726719633204736,0.22317336279912522,0.23522398136717432
va_long_beach,realmlp,pooled,raw,mcar_30,7,200.0,0.745,0.6212659560468483,0.8131182150341921,0.5825220846551747,0.8504370171750386,0.19151772320457922,0.2929555549634789,0.735,0.5642189761810765,0.8369230769230769,0.7727272727272727,0.912751677852349,0.2953020134228188,0.5882360267302392,0.4083234986137807,0.19665695360585464
va_long_beach,realmlp,pooled,raw,mcar_30,8,200.0,0.745,0.6344255823134624,0.8432388979142799,0.5637984399680096,0.8279828103765428,0.18928296602391112,0.2954230265076435,0.725,0.5381629161731807,0.8328267477203647,0.7611111111111111,0.9194630872483222,0.3825503355704698,0.46557249007850465,0.5046747731839419,0.16925261234215827
va_long_beach,realmlp,pooled,raw,mcar_30,9,200.0,0.745,0.5662587182524016,0.8085661319314595,0.6186735429233166,0.9060735828874031,0.20539871859374667,0.31291634811514696,0.71,0.5538886695617844,0.8176100628930818,0.7692307692307693,0.87248322147651,0.2483221476510067,0.7480232587994305,0.26811927882629744,0.20241940169285053
va_long_beach,realmlp,pooled,raw,mcar_50,0,200.0,0.745,0.6098170811948941,0.8221570236329457,0.5863078030736306,0.9497724322554277,0.19205758018826694,0.33115493970756493,0.745,0.5322410843532044,0.8495575221238938,0.7578947368421053,0.9664429530201343,0.348993288590604,0.33712286088354115,0.4605513148077958,0.18454700029103932
va_long_beach,realmlp,pooled,raw,mcar_50,1,200.0,0.745,0.5552704303197789,0.7902300314497863,0.6424004728268393,1.0613598272932743,0.20974013527992127,0.36485112183834556,0.72,0.4961179102513488,0.8352941176470589,0.743455497382199,0.9530201342281879,0.2751677852348993,0.7633522161625349,0.17417493639119705,0.21652149963956663
va_long_beach,realmlp,pooled,raw,mcar_50,2,200.0,0.745,0.6284379523621529,0.8311198666352725,0.5743279408641423,0.9182178914205511,0.18785471541211707,0.3200962575119747,0.76,0.5423081984471642,0.8596491228070176,0.7616580310880829,0.9865771812080537,0.3691275167785235,0.3066207854928747,0.5014020240952693,0.17561596488454184
va_long_beach,realmlp,pooled,raw,mcar_50,3,200.0,0.745,0.6163310961968679,0.8167266264208741,0.5889728298026984,0.9200214944618783,0.19290654263983442,0.31773909682151824,0.73,0.5350704040005264,0.8373493975903614,0.7595628415300546,0.9328859060402684,0.2348993288590604,0.47859432974703503,0.40233845754819647,0.19210969301653605
va_long_beach,realmlp,pooled,raw,mcar_50,4,200.0,0.745,0.6412685879721016,0.8359642557100209,0.5735873686972188,0.9338200438996456,0.18938030482799062,0.3295553850781229,0.75,0.5227003553099092,0.8546511627906976,0.7538461538461538,0.9865771812080537,0.42953020134228187,0.1519592778498183,0.5710392345576035,0.17254942977885393
va_long_beach,realmlp,pooled,raw,mcar_50,5,200.0,0.745,0.5921831819976313,0.8028596863400683,0.6082656835300799,0.9879872723978823,0.19897916514296085,0.34150125816834764,0.73,0.502829319647322,0.8421052631578947,0.7461139896373057,0.9664429530201343,0.22818791946308725,0.5121321049546524,0.3400069858299752,0.20310806599186176
va_long_beach,realmlp,pooled,raw,mcar_50,6,200.0,0.745,0.6136991709435452,0.811819896398196,0.6116730290224577,0.98422921142192,0.20266098957616582,0.3445522824308603,0.715,0.49921042242400315,0.8308605341246291,0.7446808510638298,0.9395973154362416,0.3959731543624161,0.5617914911695471,0.31513454168528665,0.1975495456082841
va_long_beach,realmlp,pooled,raw,mcar_50,7,200.0,0.745,0.6052770101329121,0.8300138841579636,0.6046178300847199,0.9433246857374513,0.20108287542852632,0.33037714865636053,0.72,0.5154625608632715,0.8323353293413174,0.7513513513513513,0.9328859060402684,0.348993288590604,0.5709069567487216,0.3328789502266745,0.18267866135007674
va_long_beach,realmlp,pooled,raw,mcar_50,8,200.0,0.745,0.659560468482695,0.8433446831364384,0.5603914959192775,0.8857214644263137,0.18413991740590624,0.3084317526467758,0.74,0.5417818133964996,0.844311377245509,0.7621621621621621,0.9463087248322147,0.42953020134228187,0.2459781156920447,0.5557445665665878,0.16300712069663173
va_long_beach,realmlp,pooled,raw,mcar_50,9,200.0,0.745,0.5679694696670614,0.8142361645096424,0.6165314056559128,0.974448522364443,0.20448626195185782,0.3415476120765588,0.715,0.49921042242400315,0.8308605341246291,0.7446808510638298,0.9395973154362416,0.2953020134228188,0.6545157506110383,0.2688711595601242,0.19715499833289568
va_long_beach,realmlp,pooled,raw,natural,0,200.0,0.745,0.7031188314251876,0.8598532899698255,0.5574245358443892,0.6656902689860382,0.18844754067221905,0.23051066486883126,0.705,0.6472562179234109,0.794425087108014,0.8260869565217391,0.7651006711409396,0.4161073825503356,0.7269731928314747,0.6858498199607133,0.17146951176516578
va_long_beach,realmlp,pooled,source_oof_platt,drop_advanced,0,200.0,0.745,0.6923279378865642,0.8650472072327391,0.6164670528620778,0.63431000540294,0.21359396301463854,0.22215335057370306,0.68,0.6562705619160416,0.7664233576642335,0.84,0.7046979865771812,0.37583892617449666,0.959378015136107,1.4827651387767835,0.20968677408475417
va_long_beach,realmlp,pooled,source_oof_platt,drop_exercise,0,200.0,0.745,0.6737728648506383,0.8336065022964565,0.6184150743417127,0.6587990468737723,0.2136129696702727,0.23303292483657606,0.725,0.6284379523621529,0.8172757475083057,0.8092105263157895,0.825503355704698,0.37583892617449666,0.7609267807719009,1.872903090566249,0.19663611103002115
va_long_beach,realmlp,pooled,source_oof_platt,drop_routine,0,200.0,0.745,0.7188445848137913,0.8747545556136339,0.5314230736284937,0.7687769051769283,0.175836216857395,0.2838409336527777,0.745,0.5,0.8538681948424068,0.745,1.0,0.5570469798657718,-1.3789529474192694,2.3837445276284,0.13786911450053832
va_long_beach,realmlp,pooled,source_oof_platt,empirical_source,0,200.0,0.745,0.6765363863666272,0.8579221162984862,0.5964873665801395,0.6469953623351196,0.20429560362273058,0.228222640888918,0.705,0.6279115673114883,0.7986348122866894,0.8125,0.785234899328859,0.3691275167785235,0.7979408749254031,1.2434715638249818,0.18515177197359037
va_long_beach,realmlp,pooled,source_oof_platt,empirical_source,1,200.0,0.745,0.7020660613238583,0.846880194607346,0.5904869968759305,0.6359729216171321,0.2010525865790793,0.22230127964046226,0.73,0.6704829582839847,0.8137931034482758,0.8368794326241135,0.7919463087248322,0.4161073825503356,0.793420572660285,1.4078913554921748,0.19161467028440665
va_long_beach,realmlp,pooled,source_oof_platt,empirical_source,2,200.0,0.745,0.673509672325306,0.8558550197872965,0.592762229377373,0.6480068722727665,0.20237301651885936,0.22856738365710452,0.715,0.6217265429661798,0.8093645484949833,0.8066666666666666,0.8120805369127517,0.40939597315436244,0.7509388117384082,1.3272965899040667,0.1795986420888368
va_long_beach,realmlp,pooled,source_oof_platt,empirical_source,3,200.0,0.745,0.6945650743518884,0.8632904877457754,0.5894373174898928,0.6420493937078446,0.20077594763408338,0.22541571022800733,0.73,0.6640347414133438,0.815068493150685,0.8321678321678322,0.7986577181208053,0.4697986577181208,0.7588682104814474,1.3354471813210143,0.18043728220618444
va_long_beach,realmlp,pooled,source_oof_platt,empirical_source,4,200.0,0.745,0.6802210817212792,0.8537421226677963,0.5889843557506493,0.6483481832145901,0.20044911928791712,0.22849860878593187,0.695,0.6147519410448743,0.7918088737201365,0.8055555555555556,0.7785234899328859,0.47651006711409394,0.7260391503844049,1.3414497339584017,0.17502653071729643
va_long_beach,realmlp,pooled,source_oof_platt,empirical_source,5,200.0,0.745,0.6798262929332808,0.8336621729199463,0.5935213870200402,0.6478538189197669,0.20263964971136347,0.22809017057370823,0.72,0.6444268982760889,0.8095238095238095,0.8206896551724138,0.7986577181208053,0.40268456375838924,0.7742744213549699,1.2752444227136348,0.1987613445434202
va_long_beach,realmlp,pooled,source_oof_platt,empirical_source,6,200.0,0.745,0.6946308724832215,0.8660286767352637,0.5839695691839484,0.6383560786272306,0.19835423396031995,0.2241394886473389,0.73,0.6511383076720622,0.8175675675675675,0.8231292517006803,0.8120805369127517,0.38926174496644295,0.7263374427034643,1.4437884591540007,0.16483195558165875
va_long_beach,realmlp,pooled,source_oof_platt,empirical_source,7,200.0,0.745,0.6387024608501118,0.8294024266873669,0.6082647409987126,0.6665346162508097,0.20958855954672956,0.23707829671025996,0.69,0.6113962363468878,0.7876712328767124,0.8041958041958042,0.7718120805369127,0.3221476510067114,0.8246756481818215,1.0023484737595716,0.21316657129256392
va_long_beach,realmlp,pooled,source_oof_platt,empirical_source,8,200.0,0.745,0.6943676799578893,0.8586475394124807,0.5854158885264112,0.6392912689217732,0.19880971871305125,0.2241450331392429,0.74,0.6771943676799579,0.821917808219178,0.8391608391608392,0.8053691275167785,0.3959731543624161,0.7499855643838679,1.3508691950130765,0.17727982145739024
va_long_beach,realmlp,pooled,source_oof_platt,empirical_source,9,200.0,0.745,0.6727200947493092,0.8374522416498782,0.5984720878929619,0.6509439654903201,0.2048261039241965,0.22951482060741157,0.72,0.6508751151467298,0.8082191780821918,0.8251748251748252,0.7919463087248322,0.4697986577181208,0.8015637363015575,1.1917819259752356,0.2041156478317484
va_long_beach,realmlp,pooled,source_oof_platt,mar_age_sex_30,0,200.0,0.745,0.6416633767601,0.8094841645850235,0.5748193974220847,0.6832355477271472,0.19347889955842348,0.24398630299253532,0.755,0.616331096196868,0.8454258675078864,0.7976190476190477,0.8993288590604027,0.348993288590604,0.576117046959531,1.0691379033080795,0.2025935561002185
va_long_beach,realmlp,pooled,source_oof_platt,mar_age_sex_30,1,200.0,0.745,0.7181208053691276,0.8761104313228454,0.5463221816321316,0.6588320831442465,0.1807367289085013,0.23395699444519027,0.75,0.5678378734043953,0.8484848484848485,0.7734806629834254,0.9395973154362416,0.5704697986577181,0.1565026851993963,1.8075004292537795,0.13380335332335552
va_long_beach,realmlp,pooled,source_oof_platt,mar_age_sex_30,2,200.0,0.745,0.6566653507040401,0.8507147958789303,0.5568898433007962,0.6797753699164605,0.1859139551644273,0.2434928625681232,0.745,0.5773786024476905,0.8430769230769231,0.7784090909090909,0.9194630872483222,0.4228187919463087,0.4162228114958835,1.2193703315830056,0.15715890943908511
va_long_beach,realmlp,pooled,source_oof_platt,mar_age_sex_30,3,200.0,0.745,0.6977233846558758,0.8738022277047937,0.5540797622798577,0.6549763948292325,0.18458742925464244,0.232128268707342,0.74,0.5933675483616265,0.8364779874213837,0.7869822485207101,0.8926174496644296,0.4429530201342282,0.41408446409907246,1.4533010448896642,0.13807796225793328
va_long_beach,realmlp,pooled,source_oof_platt,mar_age_sex_30,4,200.0,0.745,0.6108040531648902,0.8040971769371622,0.5888864113094937,0.7077808372355887,0.2003650395687987,0.25581771856468355,0.7,0.5407290432951704,0.8113207547169812,0.7633136094674556,0.8657718120805369,0.35570469798657717,0.6941868689192392,0.7489794615870826,0.21216707578570826
va_long_beach,realmlp,pooled,source_oof_platt,mar_age_sex_30,5,200.0,0.745,0.6958810369785497,0.8439804499495505,0.5572589207983664,0.6700330201625748,0.1856920121844768,0.2386990528468198,0.73,0.5608632714830899,0.8333333333333334,0.7714285714285715,0.9060402684563759,0.5033557046979866,0.3640289208534053,1.4178535144021784,0.16602730584159564
va_long_beach,realmlp,pooled,source_oof_platt,mar_age_sex_30,6,200.0,0.745,0.6421239636794315,0.8260996346185374,0.5727322324893632,0.677197788187126,0.19289911602779072,0.2416900868626494,0.745,0.6096196868008948,0.8380952380952381,0.7951807228915663,0.8859060402684564,0.2550335570469799,0.59647565971621,1.0580272680733647,0.1862295577631258
va_long_beach,realmlp,pooled,source_oof_platt,mar_age_sex_30,7,200.0,0.745,0.6881168574812474,0.8795553975006035,0.5626830011806517,0.6677762250872876,0.18912699137959535,0.23887431549962423,0.71,0.5474404526911436,0.81875,0.7660818713450293,0.8791946308724832,0.5234899328859061,0.4121634933560095,1.3925851920647896,0.14220629869493043
va_long_beach,realmlp,pooled,source_oof_platt,mar_age_sex_30,8,200.0,0.745,0.6877220686932491,0.8707989242291176,0.5640731845760374,0.6629306616608536,0.18936887643516565,0.23596511966929276,0.73,0.5802079220950125,0.8301886792452831,0.7810650887573964,0.8859060402684564,0.47651006711409394,0.4921620618175456,1.3065081786879613,0.1499941063186277
va_long_beach,realmlp,pooled,source_oof_platt,mar_age_sex_30,9,200.0,0.745,0.7483221476510068,0.899537021727739,0.5375475672713951,0.6354151663717563,0.17736725164607467,0.2233281108262202,0.74,0.5804711146203447,0.8385093167701864,0.7803468208092486,0.9060402684563759,0.5637583892617449,0.24265149871156683,1.8268716010009882,0.11688498033328307
va_long_beach,realmlp,pooled,source_oof_platt,mcar_10,0,200.0,0.745,0.6392946440321096,0.8278745305716382,0.6095193250735627,0.6682184852875603,0.2101492290578458,0.2377752770202425,0.685,0.5951440979076195,0.7864406779661017,0.7945205479452054,0.7785234899328859,0.4161073825503356,0.8259631488505547,0.9734552098248207,0.22062422986791255
va_long_beach,realmlp,pooled,source_oof_platt,mcar_10,1,200.0,0.745,0.6745624424266351,0.8360230429369823,0.6047284102808468,0.6513171753848348,0.20777591722720076,0.2294155107091716,0.685,0.6338333991314646,0.7773851590106007,0.8208955223880597,0.738255033557047,0.4899328859060403,0.8284574153721344,1.2246914969878349,0.21322284633704755
va_long_beach,realmlp,pooled,source_oof_platt,mcar_10,2,200.0,0.745,0.6600868535333596,0.8458208592343525,0.6036523211983466,0.6537719956618719,0.20771219011517256,0.23147255168705072,0.695,0.6147519410448743,0.7918088737201365,0.8055555555555556,0.7785234899328859,0.37583892617449666,0.8188919997864523,1.1608781462784894,0.20130109534174015
va_long_beach,realmlp,pooled,source_oof_platt,mcar_10,3,200.0,0.745,0.6753520200026318,0.8456932847460612,0.5989680572299763,0.6489796871946314,0.20536852082648369,0.2286527140465147,0.695,0.6276483747861561,0.7889273356401384,0.8142857142857143,0.7651006711409396,0.4697986577181208,0.8082145950914746,1.2122685254667722,0.20103449111538624
va_long_beach,realmlp,pooled,source_oof_platt,mcar_10,4,200.0,0.745,0.6702197657586525,0.8553587838658406,0.6000203913125868,0.6458590992699751,0.20603321425559598,0.22783533894236782,0.705,0.6343597841821292,0.7972508591065293,0.8169014084507042,0.7785234899328859,0.3959731543624161,0.8080276965391083,1.3173260811746115,0.19123081412343687
va_long_beach,realmlp,pooled,source_oof_platt,mcar_10,5,200.0,0.745,0.6798262929332807,0.8516470673819487,0.5939940996008183,0.6463793858673861,0.20307680229852906,0.2276377761411001,0.71,0.6377154888801158,0.8013698630136986,0.8181818181818182,0.785234899328859,0.4563758389261745,0.7986686331143567,1.191471790318355,0.193235552638802
va_long_beach,realmlp,pooled,source_oof_platt,mcar_10,6,200.0,0.745,0.6487695749440717,0.8280459488239826,0.6035086890137774,0.6655152391947918,0.20731091962328108,0.23655169805730686,0.7,0.5987629951309382,0.8,0.7947019867549668,0.8053691275167785,0.40939597315436244,0.7956054514203328,1.0340799649180656,0.21264327985040443
va_long_beach,realmlp,pooled,source_oof_platt,mcar_10,7,200.0,0.745,0.6562047637847086,0.8343440223408243,0.6041782110399739,0.6555611016874475,0.20784016580919343,0.23201340097386366,0.675,0.6077773391235689,0.7735191637630662,0.8043478260869565,0.7449664429530202,0.37583892617449666,0.8264638999733048,1.131632739268017,0.20693748569407916
va_long_beach,realmlp,pooled,source_oof_platt,mcar_10,8,200.0,0.745,0.6864719041979208,0.868819332366374,0.5965737510821499,0.6463353431793861,0.20439936962540428,0.22786813241503695,0.69,0.6178444532175287,0.7862068965517242,0.8085106382978723,0.7651006711409396,0.46308724832214765,0.784547512500699,1.2644006840975843,0.18273241840857057
va_long_beach,realmlp,pooled,source_oof_platt,mcar_10,9,200.0,0.745,0.6195552046321885,0.8263769352562518,0.6100098684444285,0.6726453684314705,0.21055039596102623,0.24027520786328938,0.705,0.6214633504408474,0.8,0.8082191780821918,0.7919463087248322,0.3087248322147651,0.8181942393096692,0.9644806770429822,0.21523579074490726
va_long_beach,realmlp,pooled,source_oof_platt,mcar_30,0,200.0,0.745,0.580668509014344,0.7953631459895204,0.5949004854726202,0.7141382580469542,0.20303289095886545,0.25877235262204606,0.72,0.5606000789577577,0.825,0.7719298245614035,0.8859060402684564,0.3087248322147651,0.7460766164948143,0.6528438406580394,0.22008862010184876
va_long_beach,realmlp,pooled,source_oof_platt,mcar_30,1,200.0,0.745,0.6625871825240164,0.8317807646888078,0.5767635182297718,0.671314769483988,0.19460148375068143,0.23895871026417292,0.735,0.6158047111462035,0.8284789644012945,0.8,0.8590604026845637,0.3691275167785235,0.5802792007695893,1.198364523330316,0.18476990529118714
va_long_beach,realmlp,pooled,source_oof_platt,mcar_30,2,200.0,0.745,0.5807343071456772,0.8086115618053378,0.5953190206247108,0.7165507090635537,0.20371665913947076,0.260588942775247,0.705,0.5311883142518753,0.8173374613003096,0.7586206896551724,0.8859060402684564,0.3221476510067114,0.7590788917079505,0.6109466548921527,0.2101927019536546
va_long_beach,realmlp,pooled,source_oof_platt,mcar_30,3,200.0,0.745,0.5998815633636004,0.7902952682400717,0.5962708712664021,0.7045446051064534,0.20342285269420857,0.25422140833722084,0.725,0.5575075667851033,0.8297213622291022,0.7701149425287356,0.8993288590604027,0.2483221476510067,0.7351746518727783,0.7397100577889079,0.22802512809602227
va_long_beach,realmlp,pooled,source_oof_platt,mcar_30,4,200.0,0.745,0.6535728385313857,0.8434675808291054,0.5764957055582888,0.6836203557742572,0.19495932573668986,0.24522936335287,0.73,0.5931043558362943,0.8280254777070064,0.7878787878787878,0.87248322147651,0.4228187919463087,0.5983548228871947,1.0098433414635772,0.1771144534778377
va_long_beach,realmlp,pooled,source_oof_platt,mcar_30,5,200.0,0.745,0.6281089617054875,0.830715659252994,0.5854475254631276,0.6953400598875048,0.19894411820365432,0.250716334867347,0.7,0.5278326095538887,0.8136645962732919,0.7572254335260116,0.8791946308724832,0.3288590604026846,0.6365962333508527,0.9219573201676282,0.18784293280852937
va_long_beach,realmlp,pooled,source_oof_platt,mcar_30,6,200.0,0.745,0.592972759573628,0.7900265170811939,0.5977929774206453,0.7222977659842853,0.20422952045597612,0.2622119170083591,0.695,0.5309251217265429,0.8087774294670846,0.7588235294117647,0.8657718120805369,0.30201342281879195,0.7906535219290661,0.5339558071573064,0.236406107475437
va_long_beach,realmlp,pooled,source_oof_platt,mcar_30,7,200.0,0.745,0.6063955783655745,0.8105735076052631,0.5917850233568095,0.6987316410319,0.2017863096922442,0.2517678931311035,0.7,0.5536254770364522,0.8089171974522293,0.7696969696969697,0.8523489932885906,0.3221476510067114,0.7055373627344431,0.8071556692471284,0.20763362490327542
va_long_beach,realmlp,pooled,source_oof_platt,mcar_30,8,200.0,0.745,0.6304776944334781,0.8363483424801414,0.5844283638863268,0.6883939981313569,0.19841221101840809,0.24761160153847872,0.715,0.5507961573891302,0.822429906542056,0.7674418604651163,0.8859060402684564,0.3288590604026846,0.5956213145169241,1.0623606706683935,0.18152827362045915
va_long_beach,realmlp,pooled,source_oof_platt,mcar_30,9,200.0,0.745,0.5617844453217529,0.8060113721285653,0.6055107559847208,0.716601723998034,0.20871924961649888,0.2605043640394992,0.685,0.5564547966837742,0.7947882736156352,0.7721518987341772,0.8187919463087249,0.2483221476510067,0.8235744162528106,0.5405272796173789,0.2159392817670908
va_long_beach,realmlp,pooled,source_oof_platt,mcar_50,0,200.0,0.745,0.6027108830109226,0.8186283317295993,0.5698619211634268,0.7244183251860594,0.19153026396140227,0.2638834713346769,0.75,0.5549414396631136,0.8502994011976048,0.7675675675675676,0.9530201342281879,0.35570469798657717,0.4591456396618586,0.9359155416537728,0.18881773941739777
va_long_beach,realmlp,pooled,source_oof_platt,mcar_50,1,200.0,0.745,0.5340834320305303,0.7776181344939526,0.5887236118097438,0.7663607048870772,0.20006174773004878,0.2825797559566289,0.72,0.5025661271219897,0.834319526627219,0.746031746031746,0.9463087248322147,0.2080536912751678,0.8760864209782453,0.2666677851709749,0.23082530757425812
va_long_beach,realmlp,pooled,source_oof_platt,mcar_50,2,200.0,0.745,0.6142255559942098,0.8219996945511069,0.5681869369234736,0.7147951643559404,0.19090532298270857,0.259595316414034,0.73,0.5221739702592446,0.8392857142857143,0.7540106951871658,0.9463087248322147,0.40268456375838924,0.45109161438160467,0.994800330002733,0.18405017959668019
va_long_beach,realmlp,pooled,source_oof_platt,mcar_50,3,200.0,0.745,0.6218581392288459,0.8216381065446686,0.5744969279463875,0.7116389116513417,0.19387144324489897,0.25777244463550547,0.72,0.541255428345835,0.8282208588957055,0.7627118644067796,0.9060402684563759,0.3422818791946309,0.5594256719916262,0.8699012611041222,0.19115301284374744
va_long_beach,realmlp,pooled,source_oof_platt,mcar_50,4,200.0,0.745,0.6294249243321489,0.8278717736393653,0.5666722919933589,0.7238599881246003,0.19027928455417814,0.2641164309469843,0.735,0.5126332412159494,0.844574780058651,0.75,0.9664429530201343,0.3959731543624161,0.3445088560595204,1.084913079559042,0.1809841498642045
va_long_beach,realmlp,pooled,source_oof_platt,mcar_50,5,200.0,0.745,0.5920515857349652,0.8085584539665538,0.5764200860061554,0.7364977027313178,0.19475601221281633,0.2694994383498342,0.715,0.505658639294644,0.8298507462686567,0.7473118279569892,0.9328859060402684,0.2348993288590604,0.5951199585841712,0.7057045544354866,0.1999104418757874
va_long_beach,realmlp,pooled,source_oof_platt,mcar_50,6,200.0,0.745,0.6142255559942098,0.8171687578957982,0.5808686273117195,0.7375035351932218,0.19691208844810984,0.2703069539075999,0.71,0.5087511514672983,0.8253012048192772,0.7486338797814208,0.9194630872483222,0.40939597315436244,0.6646635876797484,0.6148517653425682,0.19666020281360205
va_long_beach,realmlp,pooled,source_oof_platt,mcar_50,7,200.0,0.745,0.6000131596262666,0.8255245048841846,0.5827847480167219,0.726420707034656,0.19800677099671393,0.26493369102348974,0.71,0.528095802079221,0.8220858895705522,0.7570621468926554,0.8993288590604027,0.30201342281879195,0.6768252599456289,0.6448872407614682,0.19225143688285903
va_long_beach,realmlp,pooled,source_oof_platt,mcar_50,8,200.0,0.745,0.6379786814054481,0.829964392659641,0.5615406196050098,0.7027639251190951,0.18793591079048455,0.2537606896576773,0.73,0.554415054612449,0.8343558282208589,0.768361581920904,0.912751677852349,0.2953020134228188,0.424323435886515,1.0632861800065518,0.17579789220903852
va_long_beach,realmlp,pooled,source_oof_platt,mcar_50,9,200.0,0.745,0.5666535070404,0.8113893602477944,0.5866887176251621,0.7360446270372651,0.19966048438404435,0.26957277787329564,0.73,0.5286221871298855,0.8383233532934131,0.7567567567567568,0.9395973154362416,0.2751677852348993,0.7288796410695744,0.546553957033767,0.20233465901366743
va_long_beach,realmlp,pooled,source_oof_platt,natural,0,200.0,0.745,0.6957494407158837,0.8607444058944377,0.6056670682226678,0.6353317296852227,0.20842598563628809,0.22244775169215522,0.7,0.6567969469667061,0.7872340425531915,0.8345864661654135,0.7449664429530202,0.4161073825503356,0.8876798876066956,1.440280228395109,0.19868370357348358
va_long_beach,tabicl,pooled,raw,drop_advanced,0,200.0,0.745,0.7429924990130282,0.890437259104967,0.570042735856011,0.6446775558863831,0.19426832896892876,0.21880302129022458,0.73,0.7156204763784708,0.8043478260869565,0.8740157480314961,0.7449664429530202,0.46308724832214765,0.838342698439924,0.597327099326765,0.16214094301854529
va_long_beach,tabicl,pooled,raw,drop_exercise,0,200.0,0.745,0.7235162521384394,0.8515751106334285,0.6850838567740334,0.6811639864117831,0.23752378540089597,0.2278007737436707,0.675,0.7173970259244637,0.7430830039525692,0.9038461538461539,0.6308724832214765,0.6442953020134228,1.1230164108648848,0.5812989294947659,0.29324430099712295
va_long_beach,tabicl,pooled,raw,drop_routine,0,200.0,0.745,0.7277931306750889,0.8679423247438388,0.6163813915648412,1.0830683359822704,0.18246669150256672,0.3262459156020158,0.775,0.5846163968943282,0.8656716417910447,0.7795698924731183,0.9731543624161074,0.5771812080536913,-0.07775456223006982,0.48071187242723934,0.14172490325325693
va_long_beach,tabicl,pooled,raw,empirical_source,0,200.0,0.745,0.7141729174891434,0.8683561063320849,0.5905118112705452,0.7283682612862676,0.19617311538004187,0.238557595058781,0.74,0.7029872351625214,0.8169014084507042,0.8592592592592593,0.7785234899328859,0.4429530201342282,0.746147889150536,0.46109689475935045,0.17317408425615638
va_long_beach,tabicl,pooled,raw,empirical_source,1,200.0,0.745,0.7370706671930518,0.8622967722702516,0.5739599128049692,0.7063073993818311,0.18709750825971525,0.22407490569536254,0.745,0.7192393736017897,0.8185053380782918,0.8712121212121212,0.7718120805369127,0.5167785234899329,0.7276722347563864,0.4996546636152505,0.17334834818259048
va_long_beach,tabicl,pooled,raw,empirical_source,2,200.0,0.745,0.7275957362810896,0.8735731461809508,0.5547766466578191,0.6934675343646859,0.18467243026438587,0.23179111062012625,0.74,0.6836425845505987,0.8206896551724138,0.8439716312056738,0.7986577181208053,0.46308724832214765,0.6708382614280118,0.5453648449440582,0.15996531193046415
va_long_beach,tabicl,pooled,raw,empirical_source,3,200.0,0.745,0.7344387419397288,0.8749904305269726,0.5697166393101862,0.7143608841540199,0.18706620361985235,0.23077724477117864,0.75,0.7096986445584945,0.8251748251748252,0.8613138686131386,0.7919463087248322,0.5167785234899329,0.6944697065983673,0.4921845646300141,0.15740897513371274
va_long_beach,tabicl,pooled,raw,empirical_source,4,200.0,0.745,0.73167522042374,0.8739857495875895,0.5663666939877653,0.7148413181476547,0.18676753320529316,0.23272758289355455,0.735,0.6867350967232531,0.8153310104529616,0.8478260869565217,0.785234899328859,0.4899328859060403,0.6843052603280078,0.5008138659692802,0.15770718707852727
va_long_beach,tabicl,pooled,raw,empirical_source,5,200.0,0.745,0.7357547045663904,0.8550804420555618,0.5776017772394725,0.7270289271026389,0.185892622715119,0.2252652936087579,0.75,0.7225950782997763,0.8226950354609929,0.8721804511278195,0.7785234899328859,0.5033557046979866,0.717745871171479,0.486328010392185,0.17675846511489318
va_long_beach,tabicl,pooled,raw,empirical_source,6,200.0,0.745,0.7408211606790368,0.8772082023552181,0.5592384088997051,0.6911693587137323,0.18594395763346852,0.22702317935302319,0.75,0.7096986445584945,0.8251748251748252,0.8613138686131386,0.7919463087248322,0.4966442953020134,0.6936591312532929,0.5282556841481808,0.15773407376149018
va_long_beach,tabicl,pooled,raw,empirical_source,7,200.0,0.745,0.7047637847085143,0.8566056655080047,0.5953643588123149,0.7626218816419748,0.19530129934181883,0.24746503251566002,0.735,0.6802868798526122,0.8166089965397924,0.8428571428571429,0.7919463087248322,0.4161073825503356,0.7146792760950389,0.4352663918700244,0.17678008425869085
va_long_beach,tabicl,pooled,raw,empirical_source,8,200.0,0.745,0.7452954336096855,0.8830461598006643,0.55098361618707,0.6849174568913659,0.1818861866711832,0.2232311543206673,0.745,0.6998947229898671,0.8222996515679443,0.855072463768116,0.7919463087248322,0.5100671140939598,0.6789929539156084,0.5400063747052259,0.14894068659502632
va_long_beach,tabicl,pooled,raw,empirical_source,9,200.0,0.745,0.7140413212264771,0.8468743237431653,0.5917940228524764,0.7516290966469568,0.19145081425283508,0.23762399974906812,0.745,0.6934465061192262,0.8235294117647058,0.85,0.7986577181208053,0.4899328859060403,0.7246882394927531,0.4495517602926782,0.1858354432041988
va_long_beach,tabicl,pooled,raw,mar_age_sex_30,0,200.0,0.745,0.6843005658639294,0.8480431602273326,0.5866465028939863,0.7763594527405705,0.19312607309519664,0.2564218769872902,0.73,0.6446900908014213,0.8187919463087249,0.8187919463087249,0.8187919463087249,0.3825503355704698,0.6775423584697146,0.43949554767700155,0.17723156681465824
va_long_beach,tabicl,pooled,raw,mar_age_sex_30,1,200.0,0.745,0.7575996841689697,0.8900148170675309,0.5159355549714465,0.6678349881313732,0.17033500679293198,0.22232638796096704,0.76,0.6841689696012634,0.8389261744966443,0.8389261744966443,0.8389261744966443,0.6040268456375839,0.5422745740319742,0.6288545675044624,0.13237461778842347
va_long_beach,tabicl,pooled,raw,mar_age_sex_30,2,200.0,0.745,0.7149624950651401,0.8547405010202302,0.5446994255922869,0.7462449573643221,0.1741304065172357,0.24078020708017217,0.755,0.6421239636794315,0.8414239482200647,0.8125,0.87248322147651,0.4697986577181208,0.5657419591481353,0.5197602623286808,0.15870338844625714
va_long_beach,tabicl,pooled,raw,mar_age_sex_30,3,200.0,0.745,0.713909724963811,0.8634532764228768,0.5485177648073629,0.7282068521613888,0.1801645273952115,0.24195839787746687,0.74,0.6449532833267535,0.8278145695364238,0.8169934640522876,0.8389261744966443,0.5234899328859061,0.6032048005855017,0.5320886329600653,0.15549513427015296
va_long_beach,tabicl,pooled,raw,mar_age_sex_30,4,200.0,0.745,0.6918673509672325,0.8398950452064715,0.5844553212275286,0.7889772840631745,0.18825096524424942,0.253433116227084,0.74,0.6449532833267535,0.8278145695364238,0.8169934640522876,0.8389261744966443,0.5503355704697986,0.6500300991968514,0.43475936408423355,0.1830213709649008
va_long_beach,tabicl,pooled,raw,mar_age_sex_30,5,200.0,0.745,0.7279905250690881,0.8643882815019486,0.5567227295238674,0.7221044408318704,0.18152596833680384,0.23491900325014864,0.745,0.6741018555073036,0.8271186440677966,0.8356164383561644,0.8187919463087249,0.5033557046979866,0.6368349587995644,0.5270083330540233,0.1618044986868531
va_long_beach,tabicl,pooled,raw,mar_age_sex_30,6,200.0,0.745,0.6968680089485458,0.8585334737902307,0.5842607275182264,0.7600709642779225,0.192148402636885,0.24852255585288618,0.715,0.6475194104487432,0.8041237113402062,0.823943661971831,0.785234899328859,0.37583892617449666,0.6866754517467601,0.44846070582796393,0.1707186614684567
va_long_beach,tabicl,pooled,raw,mar_age_sex_30,7,200.0,0.745,0.6968022108172128,0.8699735829611193,0.5797179207462867,0.7301442768761981,0.19804052700714883,0.25079980407319685,0.695,0.6083037241742335,0.7932203389830509,0.8013698630136986,0.785234899328859,0.5234899328859061,0.6902529858839299,0.4715588645513341,0.1664510973732009
va_long_beach,tabicl,pooled,raw,mar_age_sex_30,8,200.0,0.745,0.7048295828398473,0.8519099707939163,0.5773016444083552,0.7500753239307825,0.18873753235562368,0.2448015310873487,0.76,0.6841689696012634,0.8389261744966443,0.8389261744966443,0.8389261744966443,0.4228187919463087,0.6765016353976651,0.4656364841261785,0.17656846455399136
va_long_beach,tabicl,pooled,raw,mar_age_sex_30,9,200.0,0.745,0.7709567048295829,0.901477597809891,0.5049285850915254,0.6582063016952185,0.16597746266480837,0.21691410799174665,0.75,0.6774575602052901,0.831081081081081,0.8367346938775511,0.825503355704698,0.5302013422818792,0.5191366257673931,0.628015033138361,0.12073807516636764
va_long_beach,tabicl,pooled,raw,mcar_10,0,200.0,0.745,0.6975917883932096,0.8462317397679144,0.6029071379108079,0.7740712903595152,0.19623089804202853,0.24723300091811246,0.73,0.6769311751546256,0.8125,0.841726618705036,0.785234899328859,0.4161073825503356,0.7266451228691234,0.4164367355352484,0.18770112875764228
va_long_beach,tabicl,pooled,raw,mcar_10,1,200.0,0.745,0.7299644690090802,0.860992621084386,0.5900819396453361,0.7185963199413579,0.19048594758543824,0.2240152714726412,0.725,0.6993683379392026,0.8028673835125448,0.8615384615384616,0.7516778523489933,0.5234899328859061,0.7682990004613458,0.4755870108815582,0.17968053306965615
va_long_beach,tabicl,pooled,raw,mcar_10,2,200.0,0.745,0.7157520726411369,0.8726648402239796,0.5758478934247654,0.6990654389111475,0.19611538840864107,0.23715459382929138,0.705,0.6601526516646927,0.7915194346289752,0.835820895522388,0.7516778523489933,0.4563758389261745,0.7426471444745979,0.5107984159068978,0.16772301883705104
va_long_beach,tabicl,pooled,raw,mcar_10,3,200.0,0.745,0.7153572838531386,0.8462609667531189,0.6054441345750522,0.7542964965507071,0.19505314465364415,0.23502011392314837,0.74,0.7029872351625214,0.8169014084507042,0.8592592592592593,0.7785234899328859,0.47651006711409394,0.7564787231360118,0.4256515308687388,0.1936325630850399
va_long_beach,tabicl,pooled,raw,mcar_10,4,200.0,0.745,0.7487827345703383,0.8750635625668715,0.5501667968915147,0.6741671544217874,0.1791440983094991,0.21631015633919567,0.75,0.7161468614291354,0.823943661971831,0.8666666666666667,0.785234899328859,0.5100671140939598,0.718630109519631,0.5766591698263632,0.15511546509122057
va_long_beach,tabicl,pooled,raw,mcar_10,5,200.0,0.745,0.721410711935781,0.8644592197875205,0.5797881940865024,0.7281567645976705,0.19144752272177165,0.2351771285704008,0.705,0.6537044347940519,0.7929824561403509,0.8308823529411765,0.7583892617449665,0.5436241610738255,0.708967319179482,0.4728537692613874,0.16925660671399956
va_long_beach,tabicl,pooled,raw,mcar_10,6,200.0,0.745,0.7003553099091986,0.8441989377711989,0.5950421562607151,0.76249115797744,0.19423837244770803,0.24336771844934954,0.7,0.6374522963547835,0.7916666666666666,0.8201438848920863,0.7651006711409396,0.5234899328859061,0.720826628098931,0.4311709629602351,0.18769980793229515
va_long_beach,tabicl,pooled,raw,mcar_10,7,200.0,0.745,0.7135807343071457,0.859629396424615,0.5903451616166648,0.7324892667859811,0.1950100203445006,0.2372405226565577,0.71,0.6506119226213976,0.7986111111111112,0.8273381294964028,0.7718120805369127,0.5637583892617449,0.7451104357588885,0.45990827332711076,0.17700540261139192
va_long_beach,tabicl,pooled,raw,mcar_10,8,200.0,0.745,0.7309514409790762,0.871588619007951,0.5763957800537364,0.7053431592336706,0.18900356594196077,0.22560914669571397,0.74,0.7029872351625214,0.8169014084507042,0.8592592592592593,0.7785234899328859,0.5704697986577181,0.7284433318638557,0.49647033757735887,0.16853040448332263
va_long_beach,tabicl,pooled,raw,mcar_10,9,200.0,0.745,0.6657454928280037,0.8368310308543889,0.632978730436171,0.809331007325049,0.2091287354457527,0.2638955705890193,0.705,0.6408080010527701,0.7958477508650519,0.8214285714285714,0.7718120805369127,0.436241610738255,0.7803231547562496,0.3534763224310605,0.2033676076172186
va_long_beach,tabicl,pooled,raw,mcar_30,0,200.0,0.745,0.6075141465982367,0.8084124798016428,0.6684909011298038,0.9308013393126404,0.2158926504636741,0.2973763934200323,0.695,0.58251085669167,0.7986798679867987,0.7857142857142857,0.8120805369127517,0.3422818791946309,0.7941761569857272,0.23432791341895823,0.2222527673119827
va_long_beach,tabicl,pooled,raw,mcar_30,1,200.0,0.745,0.7107514146598236,0.8603573805012881,0.5668479388984976,0.7416684712274597,0.18584063835229878,0.24410513664082018,0.745,0.6676536386366627,0.8282828282828283,0.831081081081081,0.825503355704698,0.4228187919463087,0.6410091316445833,0.48911443267155924,0.16720120923897475
va_long_beach,tabicl,pooled,raw,mcar_30,2,200.0,0.745,0.673509672325306,0.8519199455420878,0.5968326393405881,0.830014326189447,0.1958678854366373,0.2732081784171638,0.715,0.608830109224898,0.8118811881188119,0.7987012987012987,0.825503355704698,0.46308724832214765,0.6145365726534593,0.38386996718344013,0.1744935315098641
va_long_beach,tabicl,pooled,raw,mcar_30,3,200.0,0.745,0.6905513883405712,0.8478085630182086,0.5723472109872739,0.7689535723024385,0.18751774168851568,0.25346065880636803,0.74,0.6449532833267535,0.8278145695364238,0.8169934640522876,0.8389261744966443,0.4697986577181208,0.6278390177005628,0.46678135552667394,0.17351066680759852
va_long_beach,tabicl,pooled,raw,mcar_30,4,200.0,0.745,0.7330569811817343,0.8776953678130277,0.5348955725122357,0.7247289372962813,0.17542261975473372,0.24117023977566138,0.74,0.6385050664561127,0.8289473684210527,0.8129032258064516,0.8456375838926175,0.5771812080536913,0.5044255651716129,0.5494270705314577,0.1443606919294182
va_long_beach,tabicl,pooled,raw,mcar_30,5,200.0,0.745,0.6804842742466115,0.8521936618157939,0.5835413069506967,0.7871918872324608,0.1920460814515619,0.2628142135061461,0.725,0.6090933017502302,0.8208469055374593,0.7974683544303798,0.8456375838926175,0.38926174496644295,0.6483728616502628,0.4301370823493467,0.17373718978142916
va_long_beach,tabicl,pooled,raw,mcar_30,6,200.0,0.745,0.6515330964600605,0.807965823904456,0.644212494373487,0.9049582787298268,0.20045950331514245,0.27807706685164646,0.74,0.6385050664561127,0.8289473684210527,0.8129032258064516,0.8456375838926175,0.33557046979865773,0.7432932749701398,0.27270069273211345,0.22251822536290927
va_long_beach,tabicl,pooled,raw,mcar_30,7,200.0,0.745,0.6710093433346493,0.8439189905020958,0.6046866439377503,0.8052881893131487,0.1998753019360014,0.265443367664536,0.685,0.5822476641663377,0.7892976588628763,0.7866666666666666,0.7919463087248322,0.4966442953020134,0.6893444407651051,0.38630951482396875,0.18671947347284945
va_long_beach,tabicl,pooled,raw,mcar_30,8,200.0,0.745,0.6823266219239374,0.8677881703767326,0.564479501134971,0.7656755916197809,0.19061120710105023,0.2652911325441961,0.72,0.6057375970522437,0.8169934640522876,0.7961783439490446,0.8389261744966443,0.4697986577181208,0.579464242285654,0.47893892489282613,0.158806137122052
va_long_beach,tabicl,pooled,raw,mcar_30,9,200.0,0.745,0.6282405579681537,0.8275195209671606,0.6421880595968577,0.8834929853703948,0.21407134676483658,0.29450096350347243,0.67,0.5592841163310962,0.78,0.7748344370860927,0.785234899328859,0.3959731543624161,0.7392494767725735,0.2926299758428551,0.20239070633361636
va_long_beach,tabicl,pooled,raw,mcar_50,0,200.0,0.745,0.6479799973680748,0.8336201841144294,0.593193566110617,0.8465746333856206,0.193845758909971,0.28284486978006634,0.735,0.6029082774049217,0.8306709265175719,0.7926829268292683,0.87248322147651,0.3221476510067114,0.6184136154719279,0.3851718265008223,0.18411859675421582
va_long_beach,tabicl,pooled,raw,mcar_50,1,200.0,0.745,0.6056717989209107,0.8038461100923973,0.653252136378727,0.9854547032173413,0.20960095554297464,0.3202501828155969,0.71,0.5603368864324253,0.8164556962025317,0.7724550898203593,0.8657718120805369,0.3825503355704698,0.7317150056972103,0.2283583118527502,0.21488524871316195
va_long_beach,tabicl,pooled,raw,mcar_50,2,200.0,0.745,0.6727858928806422,0.8399124788213901,0.574260532686697,0.8282701200296749,0.18596759117293124,0.27341472615277607,0.74,0.5933675483616265,0.8364779874213837,0.7869822485207101,0.8926174496644296,0.46308724832214765,0.5354403647594373,0.44096778790336466,0.17481890794737404
va_long_beach,tabicl,pooled,raw,mcar_50,3,200.0,0.745,0.6439663113567575,0.8283322322853794,0.6146197520071385,0.8582450736955414,0.20070769164988866,0.2833264447916775,0.73,0.5995525727069351,0.8269230769230769,0.7914110429447853,0.8657718120805369,0.3959731543624161,0.6888722989592585,0.34383087432970005,0.19227817554828058
va_long_beach,tabicl,pooled,raw,mcar_50,4,200.0,0.745,0.7046979865771812,0.8603736672165301,0.5589564455850919,0.7917763114908933,0.18256392238087948,0.2660935437744264,0.75,0.6194236083695224,0.8407643312101911,0.8,0.8859060402684564,0.4966442953020134,0.4932189558427017,0.4875879733413962,0.1612359416969686
va_long_beach,tabicl,pooled,raw,mcar_50,5,200.0,0.745,0.6444268982760889,0.8304476606808384,0.6076706394719926,0.8956570843991069,0.19587609649751608,0.2943838193995033,0.72,0.5670482958283984,0.8238993710691824,0.7751479289940828,0.8791946308724832,0.4161073825503356,0.6127748390574224,0.33864319810792093,0.18741279583892756
va_long_beach,tabicl,pooled,raw,mcar_50,6,200.0,0.745,0.6673904461113305,0.8288559831860055,0.5853190316207342,0.8700754304094456,0.18767876610864062,0.2882156145358444,0.73,0.554415054612449,0.8343558282208589,0.768361581920904,0.912751677852349,0.4228187919463087,0.5290555518357991,0.4022078146378461,0.18731230542599508
va_long_beach,tabicl,pooled,raw,mcar_50,7,200.0,0.745,0.6841031714699303,0.8695655670171578,0.565508783846198,0.7917144620004428,0.18839916787817068,0.2698073993206961,0.745,0.6225161205421765,0.8360128617363344,0.8024691358024691,0.87248322147651,0.3624161073825503,0.5421417692076518,0.4687072300431846,0.15321856546042834
va_long_beach,tabicl,pooled,raw,mcar_50,8,200.0,0.745,0.697986577181208,0.8729843560992231,0.5510998841442163,0.7736678487868521,0.18589952819219724,0.26944783541486206,0.72,0.5670482958283984,0.8238993710691824,0.7751479289940828,0.8791946308724832,0.5503355704697986,0.4781073646506099,0.5127326043577656,0.14850909552591463
va_long_beach,tabicl,pooled,raw,mcar_50,9,200.0,0.745,0.6219239373601789,0.8312887675231121,0.6276669328392355,0.8934253646475024,0.20771814549811426,0.2999926228438923,0.705,0.5763258323463614,0.8090614886731392,0.78125,0.8389261744966443,0.31543624161073824,0.6958966381405233,0.2991605625755799,0.1932920714488986
va_long_beach,tabicl,pooled,raw,natural,0,200.0,0.745,0.7370706671930518,0.8680250816991206,0.575101657809343,0.6917192041455417,0.18929095363105944,0.2210054291424047,0.73,0.70917225950783,0.8057553956834532,0.8682170542635659,0.7516778523489933,0.5369127516778524,0.7655195415658139,0.5206208526460172,0.17111647568154073
va_long_beach,tabicl,pooled,source_oof_platt,drop_advanced,0,200.0,0.745,0.7431240952756942,0.890492728258808,0.5670269999710535,0.6178252081517139,0.19484610717080053,0.21295744656974475,0.715,0.7055533622845112,0.7912087912087912,0.8709677419354839,0.7248322147651006,0.46308724832214765,0.8864447117587128,0.7251486552599455,0.16807621394730393
va_long_beach,tabicl,pooled,source_oof_platt,drop_exercise,0,200.0,0.745,0.7235162521384393,0.8515806111422008,0.6835590903071119,0.6652149413426118,0.24100490476148648,0.22744408861009802,0.635,0.7034478220818529,0.6970954356846473,0.9130434782608695,0.5637583892617449,0.6442953020134228,1.1697835376608496,0.7058209298193137,0.31672696512408105
va_long_beach,tabicl,pooled,source_oof_platt,drop_routine,0,200.0,0.745,0.7277931306750889,0.8679423247438388,0.5574963359415689,0.9347686743233041,0.17527614968776256,0.3041291433404538,0.775,0.5975128306356099,0.8640483383685801,0.7857142857142857,0.959731543624161,0.5771812080536913,-0.03977518833088433,0.5846513976866698,0.14179363546546725
va_long_beach,tabicl,pooled,source_oof_platt,empirical_source,0,200.0,0.745,0.7141729174891434,0.868333839525391,0.5762534398758411,0.6795525588085838,0.19546257932867708,0.23024366898745596,0.725,0.6929201210685616,0.8042704626334519,0.8560606060606061,0.7583892617449665,0.4429530201342282,0.7833615538484043,0.5599706350517187,0.17814765985811074
va_long_beach,tabicl,pooled,source_oof_platt,empirical_source,1,200.0,0.745,0.7370706671930518,0.8622967722702516,0.5634143079832222,0.6635367194739561,0.18735827576277417,0.21789593081062966,0.73,0.70917225950783,0.8057553956834532,0.8682170542635659,0.7516778523489933,0.5167785234899329,0.7679366888349896,0.6068248408593659,0.1789050103116661
va_long_beach,tabicl,pooled,source_oof_platt,empirical_source,2,200.0,0.745,0.7277273325437557,0.8737665612286585,0.5489777273081836,0.6538956212331308,0.1849199691134361,0.22328342070095922,0.725,0.673575470456639,0.8083623693379791,0.8405797101449275,0.7785234899328859,0.46308724832214765,0.714714808988319,0.6623236687305009,0.16417045598380275
va_long_beach,tabicl,pooled,source_oof_platt,empirical_source,3,200.0,0.745,0.7341755494143966,0.8748750978099538,0.5558824702980897,0.6660217532408091,0.18615246079308104,0.22270379389986736,0.735,0.6996315304645349,0.8127208480565371,0.8582089552238806,0.7718120805369127,0.5167785234899329,0.7341355111079261,0.5976746921267587,0.1620908874215775
va_long_beach,tabicl,pooled,source_oof_platt,empirical_source,4,200.0,0.745,0.73167522042374,0.8739876371201905,0.5538465013757305,0.66686557390738,0.18601639830979244,0.22447033150706688,0.735,0.6931833135938938,0.8140350877192982,0.8529411764705882,0.7785234899328859,0.4899328859060403,0.724662748674431,0.6081505479481858,0.16144393507769106
va_long_beach,tabicl,pooled,source_oof_platt,empirical_source,5,200.0,0.745,0.7356231083037242,0.8550399832045931,0.5645914348410301,0.6782562832183252,0.1861025819255332,0.21931507957231022,0.735,0.7125279642058165,0.8100358422939068,0.8692307692307693,0.7583892617449665,0.5033557046979866,0.7569141655836259,0.5907751098684745,0.1805984324847508
va_long_beach,tabicl,pooled,source_oof_platt,empirical_source,6,200.0,0.745,0.7408211606790367,0.8772095960832225,0.5498770542857208,0.6497289336537946,0.18567018548901004,0.21945470387609334,0.73,0.6962758257665482,0.8085106382978723,0.8571428571428571,0.7651006711409396,0.4966442953020134,0.7362354299517698,0.6415061607766076,0.16208404538040527
va_long_beach,tabicl,pooled,source_oof_platt,empirical_source,7,200.0,0.745,0.7046321884458481,0.8565406325246155,0.5780957746613951,0.7053803641564986,0.19402503587197026,0.23791008885639242,0.72,0.6702197657586524,0.8041958041958042,0.8394160583941606,0.7718120805369127,0.4161073825503356,0.749782960977386,0.5285447764134142,0.18040830885360842
va_long_beach,tabicl,pooled,source_oof_platt,empirical_source,8,200.0,0.745,0.7452954336096855,0.8830461598006643,0.5414919010804802,0.6431164224787613,0.18183924427939602,0.21614474410080753,0.72,0.6831161994999342,0.8014184397163121,0.849624060150376,0.7583892617449665,0.5100671140939598,0.722549501289668,0.6557486153132354,0.15325818323141877
va_long_beach,tabicl,pooled,source_oof_platt,empirical_source,9,200.0,0.745,0.7143045137518096,0.8469749724124338,0.5757220440352345,0.6972617039203864,0.19082890661999274,0.22965878455630914,0.735,0.6867350967232531,0.8153310104529616,0.8478260869565217,0.785234899328859,0.4899328859060403,0.7608761116876644,0.5460233384777748,0.18985275064860857
va_long_beach,tabicl,pooled,source_oof_platt,mar_age_sex_30,0,200.0,0.745,0.6843005658639294,0.8480431602273326,0.5717692539864149,0.7167095417651499,0.19206608917069548,0.24501963911334246,0.72,0.6508751151467298,0.8082191780821918,0.8251748251748252,0.7919463087248322,0.3825503355704698,0.7128999223865674,0.5339198687702357,0.18173359186852836
va_long_beach,tabicl,pooled,source_oof_platt,mar_age_sex_30,1,200.0,0.745,0.7575996841689697,0.8900148170675309,0.512672526409298,0.6302116394226857,0.1705273991355898,0.21400300123120286,0.755,0.6872614817739177,0.8338983050847457,0.8424657534246576,0.825503355704698,0.6040268456375839,0.5929408316417302,0.7635827815806543,0.13427569628049932
va_long_beach,tabicl,pooled,source_oof_platt,mar_age_sex_30,2,200.0,0.745,0.7146993025398078,0.8546636200734922,0.5342910683970259,0.6901142186330389,0.17517599241890722,0.23113581882673534,0.75,0.6452164758520857,0.8366013071895425,0.8152866242038217,0.8590604026845637,0.4697986577181208,0.6073899346195979,0.631600772253007,0.16178716283829894
va_long_beach,tabicl,pooled,source_oof_platt,mar_age_sex_30,3,200.0,0.745,0.7140413212264771,0.8636752145642781,0.5393611163003951,0.6770018352273642,0.17998708218512063,0.23147584307265062,0.74,0.6514015001973944,0.8266666666666667,0.8211920529801324,0.8322147651006712,0.5234899328859061,0.6460827899383716,0.6463392493870974,0.1585377611744443
va_long_beach,tabicl,pooled,source_oof_platt,mar_age_sex_30,4,200.0,0.745,0.6917357547045664,0.8398391167948385,0.5698347412433314,0.7279648879175231,0.188075752274618,0.24321577322923363,0.715,0.6281747598368206,0.8080808080808081,0.8108108108108109,0.8053691275167785,0.5503355704697986,0.6849322428156616,0.5282316000271072,0.1873534351140846
va_long_beach,tabicl,pooled,source_oof_platt,mar_age_sex_30,5,200.0,0.745,0.7279905250690881,0.8643882815019486,0.5477500452309954,0.6745342476453053,0.18149113873673983,0.22615313829514677,0.74,0.6707461508093171,0.8231292517006803,0.8344827586206897,0.8120805369127517,0.5033557046979866,0.6792997278078488,0.640024785536395,0.16587966014637748
va_long_beach,tabicl,pooled,source_oof_platt,mar_age_sex_30,6,200.0,0.745,0.6968680089485458,0.8585334737902307,0.5703944849276487,0.7044082220953555,0.19198343570888965,0.23929218625538556,0.715,0.6539676273193842,0.8027681660899654,0.8285714285714286,0.7785234899328859,0.37583892617449666,0.7227497564197057,0.5448771568328782,0.17509514853355268
va_long_beach,tabicl,pooled,source_oof_platt,mar_age_sex_30,7,200.0,0.745,0.6968022108172128,0.8699735829611193,0.5690072687360772,0.6835739307502133,0.19574682684012557,0.2390191651041238,0.69,0.6113962363468878,0.7876712328767124,0.8041958041958042,0.7718120805369127,0.5234899328859061,0.7282581654396971,0.5724329330805609,0.17177484914866373
va_long_beach,tabicl,pooled,source_oof_platt,mar_age_sex_30,8,200.0,0.745,0.7046979865771812,0.8516194335906274,0.5655014819436659,0.6975078723243788,0.18907651732952604,0.23572126429715573,0.74,0.6707461508093171,0.8231292517006803,0.8344827586206897,0.8120805369127517,0.4228187919463087,0.7140277378031193,0.5654103380063988,0.18085118285270654
va_long_beach,tabicl,pooled,source_oof_platt,mar_age_sex_30,9,200.0,0.745,0.771088301092249,0.9015452946104888,0.4994321602371321,0.6187160645171015,0.16612347479360323,0.2091524329525597,0.755,0.6937096986445586,0.8327645051194539,0.8472222222222222,0.8187919463087249,0.5302013422818792,0.5696732251735172,0.7627477491202601,0.12317014955639723
va_long_beach,tabicl,pooled,source_oof_platt,mcar_10,0,200.0,0.745,0.6974601921305436,0.8478385463073255,0.5855017926842843,0.7160478143795683,0.1954199018414066,0.23835302679192222,0.72,0.6702197657586524,0.8041958041958042,0.8394160583941606,0.7718120805369127,0.4161073825503356,0.7601893940277844,0.5057199718229366,0.19141664889602292
va_long_beach,tabicl,pooled,source_oof_platt,mcar_10,1,200.0,0.745,0.7299644690090802,0.860992621084386,0.5778111023085662,0.6740943242139039,0.19122459510620274,0.21904293285910292,0.72,0.7024608501118568,0.7971014492753623,0.8661417322834646,0.738255033557047,0.5234899328859061,0.8066409935515144,0.5776387547530983,0.18555569909928255
va_long_beach,tabicl,pooled,source_oof_platt,mcar_10,2,200.0,0.745,0.7153572838531386,0.8724528595972589,0.5677677357488002,0.6592587052353343,0.19475157683297678,0.2274195934044601,0.69,0.6500855375707331,0.7785714285714286,0.8320610687022901,0.7315436241610739,0.4563758389261745,0.7838302254359587,0.62028759620763,0.17269944354177047
va_long_beach,tabicl,pooled,source_oof_platt,mcar_10,3,200.0,0.745,0.7150940913278063,0.8461603068283556,0.5883060653851026,0.7014624885138666,0.1943213408747847,0.22765683115367416,0.715,0.6862087116725886,0.7956989247311828,0.8538461538461538,0.7449664429530202,0.47651006711409394,0.790758983489981,0.5170406501511662,0.19954684569740733
va_long_beach,tabicl,pooled,source_oof_platt,mcar_10,4,200.0,0.745,0.748651138307672,0.8750235704198748,0.546475040178584,0.6387868120177219,0.18127334917837123,0.21126157026599446,0.74,0.7094354520331623,0.8156028368794326,0.8646616541353384,0.7718120805369127,0.5100671140939598,0.765016534657489,0.7003347452648279,0.16171682106665308
va_long_beach,tabicl,pooled,source_oof_platt,mcar_10,5,200.0,0.745,0.7216739044611133,0.8645750534334268,0.5653480250703113,0.6782231355263525,0.19020116647109453,0.22656313614266815,0.69,0.6436373207000922,0.7801418439716312,0.8270676691729323,0.738255033557047,0.5369127516778524,0.7469749325841006,0.5744222920137406,0.1732779891176492
va_long_beach,tabicl,pooled,source_oof_platt,mcar_10,6,200.0,0.745,0.7000921173838663,0.844020314281968,0.5796681103804069,0.7074306246189405,0.19355019209278726,0.2346447118372857,0.695,0.6469930253980787,0.784452296819788,0.8283582089552238,0.7449664429530202,0.5234899328859061,0.7554511846330558,0.523862749570838,0.19223136495200666
va_long_beach,tabicl,pooled,source_oof_platt,mcar_10,7,200.0,0.745,0.7137123305698118,0.8596485685773219,0.5770575510239572,0.6841176331004503,0.19410509646901122,0.22863824434837116,0.69,0.6371891038294513,0.7816901408450704,0.8222222222222222,0.7449664429530202,0.5570469798657718,0.7821732956896252,0.5585933504299383,0.18233574964487237
va_long_beach,tabicl,pooled,source_oof_platt,mcar_10,8,200.0,0.745,0.73081984471641,0.871300987176695,0.5654798645280131,0.6629261362473087,0.18925090989354076,0.21969239484062272,0.735,0.7060797473351756,0.8113879003558719,0.8636363636363636,0.7651006711409396,0.5704697986577181,0.7684406901637734,0.6028586143001367,0.17321590421785188
va_long_beach,tabicl,pooled,source_oof_platt,mcar_10,9,200.0,0.745,0.6657454928280037,0.8368310308543889,0.6126973818000814,0.7463096906400293,0.20738039328561442,0.25283976211309,0.7,0.6374522963547835,0.7916666666666666,0.8201438848920863,0.7651006711409396,0.436241610738255,0.8087609075018671,0.429214370694024,0.20915206855062246
va_long_beach,tabicl,pooled,source_oof_platt,mcar_30,0,200.0,0.745,0.6075141465982367,0.8084124798016428,0.6375366232735766,0.8410333184148063,0.21345431018677694,0.2834305116658651,0.675,0.5755362547703645,0.7811447811447811,0.7837837837837838,0.7785234899328859,0.3422818791946309,0.8130376122797214,0.2845874782694042,0.22704347428749316
va_long_beach,tabicl,pooled,source_oof_platt,mcar_30,1,200.0,0.745,0.7108830109224897,0.8603871113210315,0.5557877383826434,0.6900472693256134,0.18563938433248556,0.23447108292640384,0.735,0.6673904461113305,0.8191126279863481,0.8333333333333334,0.8053691275167785,0.4228187919463087,0.6803389137027094,0.5940909059360099,0.1709955846678885
va_long_beach,tabicl,pooled,source_oof_platt,mcar_30,2,200.0,0.745,0.6737728648506383,0.8520333213408517,0.5756451914589765,0.7583300642419114,0.19349814338784732,0.2594751901247134,0.7,0.5987629951309382,0.8,0.7947019867549668,0.8053691275167785,0.46308724832214765,0.6452814950275242,0.46636957607281637,0.17785949882804755
va_long_beach,tabicl,pooled,source_oof_platt,mcar_30,3,200.0,0.745,0.6905513883405712,0.8478085630182086,0.5610831412975906,0.7126579787041072,0.18749795197368446,0.24297682327649134,0.73,0.6511383076720622,0.8175675675675675,0.8231292517006803,0.8120805369127517,0.4697986577181208,0.6652961347866826,0.5669896669800996,0.17695368919716958
va_long_beach,tabicl,pooled,source_oof_platt,mcar_30,4,200.0,0.745,0.7330569811817343,0.8778148719411196,0.5250355561381476,0.6737488806319331,0.1746354201208952,0.23017218850268728,0.74,0.6449532833267535,0.8278145695364238,0.8169934640522876,0.8389261744966443,0.5771812080536913,0.5485779447687099,0.6672615241807389,0.14701012624055756
va_long_beach,tabicl,pooled,source_oof_platt,mcar_30,5,200.0,0.745,0.6803526779839453,0.8521637857657288,0.569780166457353,0.7266356152090525,0.19152989828855294,0.25073244129118855,0.735,0.6351493617581261,0.8250825082508251,0.8116883116883117,0.8389261744966443,0.38926174496644295,0.682963853967752,0.5223715430851249,0.17633586477952196
va_long_beach,tabicl,pooled,source_oof_platt,mcar_30,6,200.0,0.745,0.6515330964600605,0.807965823904456,0.6174455589858162,0.8215648098686241,0.2000103387885099,0.2671209602151615,0.725,0.6284379523621529,0.8172757475083057,0.8092105263157895,0.825503355704698,0.33557046979865773,0.7651459903035892,0.33132692740867,0.22710361731406048
va_long_beach,tabicl,pooled,source_oof_platt,mcar_30,7,200.0,0.745,0.6711409395973155,0.8440969445391104,0.5863785742301766,0.7413822093829187,0.19793545575616148,0.25335002028908116,0.68,0.5853401763389919,0.7837837837837838,0.7891156462585034,0.7785234899328859,0.4966442953020134,0.7203639725274767,0.46926997015183336,0.1911045596517843
va_long_beach,tabicl,pooled,source_oof_platt,mcar_30,8,200.0,0.745,0.6821950256612712,0.8676418589690614,0.5547677792353511,0.7105795110136427,0.1894035986383354,0.25140491765221784,0.725,0.621989735491512,0.8184818481848185,0.8051948051948052,0.8322147651006712,0.4697986577181208,0.6178715915211426,0.5816595275718293,0.16221711532911376
va_long_beach,tabicl,pooled,source_oof_platt,mcar_30,9,200.0,0.745,0.6283721542308198,0.8275509038107375,0.6151969042275028,0.8020060563302874,0.21018546600439247,0.27838421026220006,0.68,0.578891959468351,0.785234899328859,0.785234899328859,0.785234899328859,0.3959731543624161,0.7627014992195141,0.35557284661265853,0.20726037705168604
va_long_beach,tabicl,pooled,source_oof_platt,mcar_50,0,200.0,0.745,0.6481115936307409,0.8336539522120192,0.5755476778610046,0.7725631767612815,0.1925600457672568,0.26766993777535786,0.74,0.6127121989735491,0.8333333333333334,0.7975460122699386,0.87248322147651,0.3221476510067114,0.6492310689914274,0.46805251225982947,0.1870797645638227
va_long_beach,tabicl,pooled,source_oof_platt,mcar_50,1,200.0,0.745,0.6058033951835768,0.8039161975955831,0.6184938320713186,0.8797068613327963,0.2054528358917955,0.30090153312109524,0.685,0.5435583629424925,0.797427652733119,0.7654320987654321,0.8322147651006712,0.3825503355704698,0.7498691067417497,0.2776116139835888,0.21768567785290308
va_long_beach,tabicl,pooled,source_oof_platt,mcar_50,2,200.0,0.745,0.6727858928806423,0.8398482286379292,0.5570184225751653,0.7558921781528046,0.1848140986787415,0.259287826112648,0.72,0.586392946440321,0.8205128205128205,0.7852760736196319,0.8590604026845637,0.46308724832214765,0.5707339037916754,0.5357893858838425,0.17720825713158603
va_long_beach,tabicl,pooled,source_oof_platt,mcar_50,3,200.0,0.745,0.6438347150940914,0.8279167640846763,0.593439196291257,0.7821215510529551,0.19875142239706495,0.26852759930847847,0.71,0.5925779707856297,0.8104575163398693,0.7898089171974523,0.8322147651006712,0.3959731543624161,0.7164827011252327,0.41766443786722574,0.1965036926331554
va_long_beach,tabicl,pooled,source_oof_platt,mcar_50,4,200.0,0.745,0.7048295828398473,0.8604826186677634,0.5454158551312785,0.7284115790054607,0.18117091962954163,0.2517637202209697,0.74,0.6256086327148309,0.8311688311688312,0.8050314465408805,0.8590604026845637,0.4966442953020134,0.5321658465712475,0.5925121133087752,0.16437468143804523
va_long_beach,tabicl,pooled,source_oof_platt,mcar_50,5,200.0,0.745,0.6444268982760889,0.8306131594199995,0.5839004749234306,0.81007820196802,0.19378525676721498,0.2780394717948053,0.71,0.5667851033030662,0.8152866242038217,0.7757575757575758,0.8590604026845637,0.4161073825503356,0.6396857636811117,0.4115535235685993,0.189471161321085
va_long_beach,tabicl,pooled,source_oof_platt,mcar_50,6,200.0,0.745,0.6672588498486642,0.828716844210723,0.5660253668085546,0.7904809040368194,0.18587392276414497,0.2715681355818008,0.74,0.5869193314909857,0.8375,0.783625730994152,0.8993288590604027,0.4228187919463087,0.56128107222226,0.4885699128726116,0.18943575028110884
va_long_beach,tabicl,pooled,source_oof_platt,mcar_50,7,200.0,0.745,0.6841031714699303,0.8695655670171578,0.5512800292157354,0.7274077186428293,0.186988439942569,0.2557479021465826,0.74,0.6320568495854717,0.8300653594771242,0.8089171974522293,0.8523489932885906,0.3624161073825503,0.5797662449233972,0.5693680667982391,0.15607370166675555
va_long_beach,tabicl,pooled,source_oof_platt,mcar_50,8,200.0,0.745,0.697986577181208,0.8729843560992231,0.539096848091935,0.7135856779937899,0.18299553382035214,0.25309508306513395,0.715,0.5765890248716936,0.8178913738019169,0.7804878048780488,0.8590604026845637,0.5503355704697986,0.5193115017418587,0.6227823579061806,0.1513634507244509
va_long_beach,tabicl,pooled,source_oof_platt,mcar_50,9,200.0,0.745,0.6219239373601789,0.8311990712032893,0.6025332712354348,0.8097317961535788,0.2048636070466803,0.283361868292494,0.695,0.5696144229503882,0.8013029315960912,0.7784810126582279,0.825503355704698,0.31543624161073824,0.719976328938892,0.3633509305539823,0.19743923860687543
va_long_beach,tabicl,pooled,source_oof_platt,natural,0,200.0,0.745,0.7369390709303856,0.867962346513411,0.5655569185544685,0.6520625917855365,0.18947492114242298,0.21530378097702463,0.72,0.7024608501118568,0.7971014492753623,0.8661417322834646,0.738255033557047,0.5302013422818792,0.8074450771599283,0.6321972907639629,0.17579927184628147
va_long_beach,tabm,pooled,raw,drop_advanced,0,200.0,0.745,0.7362810896170549,0.8818802201436164,0.5594240903228845,0.6834728436768738,0.18533187648459737,0.2261659282538153,0.76,0.7099618370838268,0.8344827586206897,0.8581560283687943,0.8120805369127517,0.5503355704697986,0.7217826725833624,0.5366184633916581,0.1540353977592425
va_long_beach,tabm,pooled,raw,drop_exercise,0,200.0,0.745,0.7178576128437952,0.8506481652904841,0.6017007203294622,0.6913875512681545,0.20053917303597069,0.23115811482953422,0.705,0.6408080010527701,0.7958477508650519,0.8214285714285714,0.7718120805369127,0.6040268456375839,0.869377933628946,0.5447989818252762,0.21368069401570414
va_long_beach,tabm,pooled,raw,drop_routine,0,200.0,0.745,0.7196341623897882,0.8733254894262661,0.790117677636179,1.506818654581127,0.2126650999821561,0.4121928235083164,0.745,0.5,0.8538681948424068,0.745,1.0,0.5234899328859061,-0.8493105619766005,0.5551918981743885,0.1388739757226856
va_long_beach,tabm,pooled,raw,empirical_source,0,200.0,0.745,0.7118041847611528,0.8636079002782988,0.5810812843927299,0.775849010220418,0.18743524359427433,0.24888754033354246,0.77,0.6908803789972364,0.8466666666666667,0.8410596026490066,0.8523489932885906,0.4429530201342282,0.6342031191201001,0.4404963296630597,0.16292194441468674
va_long_beach,tabm,pooled,raw,empirical_source,1,200.0,0.745,0.7329911830504013,0.859781786871232,0.5622350270625194,0.7457515768327715,0.17915083976636278,0.23458356071779587,0.765,0.6939728911698908,0.8417508417508418,0.8445945945945946,0.8389261744966443,0.5369127516778524,0.6157671887115714,0.4816104920459013,0.1620563029262997
va_long_beach,tabm,pooled,raw,empirical_source,2,200.0,0.745,0.7225950782997762,0.8749753065124694,0.5503665755662669,0.7485983433028567,0.17881476429414347,0.24573016615843435,0.765,0.6681800236873272,0.8459016393442623,0.8269230769230769,0.8657718120805369,0.5033557046979866,0.5386275435073362,0.5057576906519367,0.1491278202181478
va_long_beach,tabm,pooled,raw,empirical_source,3,200.0,0.745,0.7303592577970786,0.8712748282987725,0.564937782567606,0.7563124154588621,0.18048589179652336,0.23873494431908893,0.76,0.6841689696012634,0.8389261744966443,0.8389261744966443,0.8389261744966443,0.4966442953020134,0.5914885835597665,0.4689104888481879,0.1533349704585465
va_long_beach,tabm,pooled,raw,empirical_source,4,200.0,0.745,0.7235162521384393,0.8739716151602761,0.56299561270621,0.76837153659734,0.18150053777420766,0.24781503158256551,0.76,0.6777207527306224,0.84,0.8344370860927153,0.8456375838926175,0.47651006711409394,0.567910312749387,0.4731701888106891,0.14843535354831544
va_long_beach,tabm,pooled,raw,empirical_source,5,200.0,0.745,0.7260165811290958,0.8484548824940803,0.5683964194621214,0.772208263258132,0.17947642071985537,0.23900363402392902,0.75,0.6774575602052901,0.831081081081081,0.8367346938775511,0.825503355704698,0.48322147651006714,0.5996266969546571,0.4646448166581922,0.17311543026187315
va_long_beach,tabm,pooled,raw,empirical_source,6,200.0,0.745,0.7262139755230952,0.8707210824770071,0.5598356865492975,0.7530834934441336,0.18077340921577154,0.24303555497516385,0.765,0.681076457428609,0.8438538205980066,0.8355263157894737,0.8523489932885906,0.5167785234899329,0.5849156226192042,0.4804381334435145,0.15420322714691814
va_long_beach,tabm,pooled,raw,empirical_source,7,200.0,0.745,0.699763126727201,0.8450717407491919,0.5968568457798237,0.8219183064400524,0.18839271728939075,0.25673088175892467,0.755,0.6743650480326359,0.8361204013377926,0.8333333333333334,0.8389261744966443,0.48322147651006714,0.6262671877416035,0.40656726415058875,0.17633120406146363
va_long_beach,tabm,pooled,raw,empirical_source,8,200.0,0.745,0.7362152914857218,0.8794903551257165,0.5515305120479729,0.7409754982097722,0.17688046302797836,0.2369522852687459,0.78,0.7040400052638505,0.8533333333333334,0.847682119205298,0.8590604026845637,0.5436241610738255,0.5667636630533159,0.4946610579727809,0.14462573538681484
va_long_beach,tabm,pooled,raw,empirical_source,9,200.0,0.745,0.7148308988024741,0.8487124245598603,0.5797911121455536,0.791992713985262,0.18242562604146592,0.2462026058210231,0.755,0.667916831161995,0.8372093023255814,0.8289473684210527,0.8456375838926175,0.5570469798657718,0.6068149667223791,0.43876964322096035,0.17167357901244726
va_long_beach,tabm,pooled,raw,mar_age_sex_30,0,200.0,0.745,0.6935123042505592,0.8514679270117635,0.5773809791350272,0.9096076168914997,0.17694765414699873,0.2816754660724744,0.75,0.6129753914988815,0.8417721518987342,0.7964071856287425,0.8926174496644296,0.3624161073825503,0.3464604086619998,0.44617394951379674,0.15645915953719905
va_long_beach,tabm,pooled,raw,mar_age_sex_30,1,200.0,0.745,0.7444400579023556,0.8844107520478821,0.5318259955493642,0.8453847665176888,0.16714572282524423,0.2716104949835758,0.77,0.6263982102908278,0.85625,0.8011695906432749,0.9194630872483222,0.40939597315436244,0.12065690006188166,0.5707092976195374,0.1265666513396262
va_long_beach,tabm,pooled,raw,mar_age_sex_30,2,200.0,0.745,0.696933807079879,0.8576633747965403,0.582626422091717,0.9609439562507326,0.17605864505122465,0.2963110255124548,0.78,0.6202131859455191,0.8650306748466258,0.7966101694915254,0.9463087248322147,0.5167785234899329,0.2321770767282872,0.4554765816169578,0.14829297470695907
va_long_beach,tabm,pooled,raw,mar_age_sex_30,3,200.0,0.745,0.7214107119357812,0.8796895804736766,0.5477854240815314,0.8654728423842719,0.17131594497943062,0.275640818984762,0.76,0.6325832346361364,0.8471337579617835,0.806060606060606,0.8926174496644296,0.44966442953020136,0.24209813245643744,0.5128410460830729,0.13042743260428072
va_long_beach,tabm,pooled,raw,mar_age_sex_30,4,200.0,0.745,0.6739702592446375,0.8332021964470291,0.6069020531974172,0.9720591342507201,0.18516356319967414,0.3003485719345286,0.755,0.5969864455849454,0.848297213622291,0.7873563218390804,0.9194630872483222,0.4161073825503356,0.4016644704644294,0.39005064612718304,0.17409253353921778
va_long_beach,tabm,pooled,raw,mar_age_sex_30,5,200.0,0.745,0.7253585998157653,0.8615477010228934,0.5604344903928246,0.883135148784083,0.177230182780583,0.2850475055335369,0.745,0.5838268193183314,0.8421052631578947,0.7816091954022989,0.912751677852349,0.5302013422818792,0.24410207489789731,0.4981247186203896,0.15011120837106634
va_long_beach,tabm,pooled,raw,mar_age_sex_30,6,200.0,0.745,0.6792341097512832,0.842991085492357,0.6091818630492218,0.9507848508223251,0.1825196125504251,0.28488536988096014,0.76,0.6325832346361364,0.8471337579617835,0.806060606060606,0.8926174496644296,0.3422818791946309,0.4573080273590385,0.3769044033868304,0.16690530528985814
va_long_beach,tabm,pooled,raw,mar_age_sex_30,7,200.0,0.745,0.7121989735491512,0.8843114641228382,0.5695215478773951,0.8755492398851086,0.18897657185674727,0.29568442935098616,0.705,0.5505329648637979,0.8138801261829653,0.7678571428571429,0.8657718120805369,0.5436241610738255,0.3136535852603162,0.4679919320451335,0.13512342287072993
va_long_beach,tabm,pooled,raw,mar_age_sex_30,8,200.0,0.745,0.7418081326490329,0.886322900875775,0.5339697407756531,0.8192449138012727,0.16920788800622333,0.26469227422518077,0.765,0.629490722463482,0.8517350157728707,0.8035714285714286,0.9060402684563759,0.5033557046979866,0.23268388252942585,0.5442889114936067,0.12828747334875917
va_long_beach,tabm,pooled,raw,mar_age_sex_30,9,200.0,0.745,0.7730622450322411,0.9055896754016427,0.5029101475221477,0.7922607690365127,0.158153444774624,0.2551806020398656,0.79,0.6720621134359784,0.8662420382165605,0.8242424242424242,0.912751677852349,0.5570469798657718,0.05025177067698429,0.6233610285537743,0.1079684737784527
va_long_beach,tabm,pooled,raw,mcar_10,0,200.0,0.745,0.6927227266745625,0.8420096358859471,0.5972911769816998,0.8404191610171899,0.19015817601397228,0.2655072122276611,0.75,0.6516646927227266,0.8355263157894737,0.8193548387096774,0.8523489932885906,0.40939597315436244,0.5929660074548411,0.39962051958984035,0.1777859927194137
va_long_beach,tabm,pooled,raw,mcar_10,1,200.0,0.745,0.7124621660744835,0.8499788242029374,0.5873275324542645,0.7965262019673534,0.1856768585392613,0.2480848217215409,0.745,0.6547572048953809,0.8305647840531561,0.8223684210526315,0.8389261744966443,0.4966442953020134,0.6249386294519916,0.4223393248294774,0.17388058885886032
va_long_beach,tabm,pooled,raw,mcar_10,2,200.0,0.745,0.7118041847611527,0.8647401458035996,0.5694703853102102,0.7717607413034113,0.18736220452181138,0.25433312214551157,0.735,0.641597578628767,0.8239202657807309,0.8157894736842105,0.8322147651006712,0.47651006711409394,0.5918077629274462,0.4619080840445666,0.15924153696573895
va_long_beach,tabm,pooled,raw,mcar_10,3,200.0,0.745,0.7202263455717859,0.8582919588401852,0.5827820933306571,0.7918720822001275,0.18720521050984346,0.25135031152084925,0.735,0.6351493617581261,0.8250825082508251,0.8116883116883117,0.8389261744966443,0.48322147651006714,0.5963089455330783,0.428985775121155,0.16437807513800176
va_long_beach,tabm,pooled,raw,mcar_10,4,200.0,0.745,0.7331227793130675,0.875434795616214,0.5439217628146684,0.7378739853065143,0.17485998615320425,0.2382420976359586,0.78,0.6911435715225687,0.8552631578947368,0.8387096774193549,0.87248322147651,0.5369127516778524,0.5547559747760661,0.5142957703988299,0.1443108019000256
va_long_beach,tabm,pooled,raw,mcar_10,5,200.0,0.745,0.723384655875773,0.8669169032510183,0.5687983030673308,0.7836128240630089,0.18152039935965333,0.24727075172881907,0.765,0.681076457428609,0.8438538205980066,0.8355263157894737,0.8523489932885906,0.5033557046979866,0.5647298624781122,0.453708681021458,0.15407752557857873
va_long_beach,tabm,pooled,raw,mcar_10,6,200.0,0.745,0.6958810369785499,0.8407287911758723,0.591352967807516,0.8413635811702328,0.18905779884445006,0.26868743469570955,0.725,0.6026450848795895,0.8220064724919094,0.79375,0.8523489932885906,0.46308724832214765,0.5759388975326158,0.40411536009380333,0.17762046394357187
va_long_beach,tabm,pooled,raw,mcar_10,7,200.0,0.745,0.6914725621792341,0.8459032115313075,0.5983166888114028,0.8166460449097381,0.1923806442359603,0.2603607083672137,0.735,0.6480457954994079,0.822742474916388,0.82,0.825503355704698,0.4429530201342282,0.6418134142865158,0.4018979590282611,0.1776706017534183
va_long_beach,tabm,pooled,raw,mcar_10,8,200.0,0.745,0.720423739965785,0.8701503915081973,0.5786827973892358,0.785357769989363,0.18919500508376305,0.2552927843088878,0.74,0.6449532833267535,0.8278145695364238,0.8169934640522876,0.8389261744966443,0.5167785234899329,0.57781417082433,0.43731409692437206,0.1553501027032275
va_long_beach,tabm,pooled,raw,mcar_10,9,200.0,0.745,0.6728516910119753,0.8408425365080952,0.6059257616657387,0.8510046479019955,0.1945285875940702,0.2741718692717253,0.75,0.638768258981445,0.8376623376623377,0.8113207547169812,0.8657718120805369,0.4161073825503356,0.6314781893621338,0.3782768669588588,0.17925961025799908
va_long_beach,tabm,pooled,raw,mcar_30,0,200.0,0.745,0.6071193578102382,0.8058058923052204,0.6846503805088119,1.1088003997442495,0.20529766198567667,0.33357349647248147,0.735,0.5771154099223582,0.8348909657320872,0.7790697674418605,0.8993288590604027,0.30201342281879195,0.6217273456864171,0.23781738592315452,0.20382729636128777
va_long_beach,tabm,pooled,raw,mcar_30,1,200.0,0.745,0.7045663903145151,0.8528064824845039,0.5752240317181472,0.8959925304169393,0.17931179185956467,0.28383564960766144,0.755,0.6098828793262272,0.8463949843260188,0.7941176470588235,0.9060402684563759,0.4899328859060403,0.34829573703704164,0.4533670048105085,0.15780415170389556
va_long_beach,tabm,pooled,raw,mcar_30,2,200.0,0.745,0.6395578365574418,0.835288986937387,0.6570106447940504,1.0671774794790458,0.19877280530906177,0.32561096629401776,0.74,0.567574680879063,0.8404907975460123,0.7740112994350282,0.9194630872483222,0.3825503355704698,0.49704335350955986,0.3004299460889578,0.17707526103624385
va_long_beach,tabm,pooled,raw,mcar_30,3,200.0,0.745,0.655678378734044,0.8187567491523753,0.6095632258791839,0.974340431847492,0.18497386550106246,0.2995497469916839,0.73,0.5737597052243717,0.83125,0.7777777777777778,0.8926174496644296,0.3087248322147651,0.44407828908937036,0.37412285881198876,0.18841093938002101
va_long_beach,tabm,pooled,raw,mcar_30,4,200.0,0.745,0.696868008948546,0.8639696867102662,0.5855322186070576,0.9423013607672004,0.18195192453468262,0.298562197639515,0.77,0.6199499934201869,0.8571428571428571,0.7976878612716763,0.9261744966442953,0.4966442953020134,0.2782134644486345,0.44712956854131714,0.14738850850272986
va_long_beach,tabm,pooled,raw,mcar_30,5,200.0,0.745,0.6766679826292934,0.8430717786754626,0.6012520947626679,0.9648325049922333,0.18697003417263594,0.30652892631667766,0.73,0.5608632714830899,0.8333333333333334,0.7714285714285715,0.9060402684563759,0.35570469798657717,0.3697709614064555,0.40427312779054414,0.1667833049266908
va_long_beach,tabm,pooled,raw,mcar_30,6,200.0,0.745,0.634951967364127,0.8014781991249563,0.6816533010888839,1.0926061750128429,0.20517617798908191,0.33121386923304835,0.73,0.5479668377418081,0.8353658536585366,0.7653631284916201,0.9194630872483222,0.37583892617449666,0.611907486800191,0.24213525877280767,0.21677467542981027
va_long_beach,tabm,pooled,raw,mcar_30,7,200.0,0.745,0.6700881694959864,0.8394842972695028,0.6077059980883079,0.9465368316362804,0.18959832433212648,0.29829166507494503,0.725,0.5768522173970259,0.8264984227129337,0.7797619047619048,0.8791946308724832,0.348993288590604,0.4607320949118673,0.3756661765985187,0.17125785547888445
va_long_beach,tabm,pooled,raw,mcar_30,8,200.0,0.745,0.6748256349519673,0.8514596126029814,0.5867003018771247,0.9454775067827048,0.18525698952585182,0.30754003790909445,0.735,0.5513225424397947,0.8389057750759878,0.7666666666666667,0.9261744966442953,0.46308724832214765,0.3058474257187061,0.4417053943464787,0.15866728163583824
va_long_beach,tabm,pooled,raw,mcar_30,9,200.0,0.745,0.608764311093565,0.8236525276903608,0.6752556859319111,1.0728192106595984,0.2064109461735778,0.3284552709701386,0.725,0.5768522173970259,0.8264984227129337,0.7797619047619048,0.8791946308724832,0.3087248322147651,0.6208557926666416,0.2525363172881841,0.18868957307338613
va_long_beach,tabm,pooled,raw,mcar_50,0,200.0,0.745,0.6354783524147916,0.8328939807508537,0.67098867983255,1.1616849775561326,0.20280713284412635,0.35841046421117384,0.74,0.5417818133964996,0.844311377245509,0.7621621621621621,0.9463087248322147,0.3825503355704698,0.3213491025973953,0.3349117536035486,0.17512282143469243
va_long_beach,tabm,pooled,raw,mcar_50,1,200.0,0.745,0.572246348203711,0.7931585143429783,0.7568354427445598,1.3420201064896953,0.21866682288734596,0.39329663541323584,0.725,0.5059218318199763,0.8377581120943953,0.7473684210526316,0.9530201342281879,0.2483221476510067,0.6331079349660304,0.17345418374862917,0.21219645935284392
va_long_beach,tabm,pooled,raw,mcar_50,2,200.0,0.745,0.6658112909593368,0.852537543100687,0.6185576013498272,1.0713195260902069,0.18730959599061048,0.3345741937027353,0.765,0.5779049874983551,0.8588588588588588,0.7771739130434783,0.959731543624161,0.4429530201342282,0.11502136562955594,0.44858372595766605,0.1551338136007221
va_long_beach,tabm,pooled,raw,mcar_50,3,200.0,0.745,0.6392288459007764,0.8311518038246417,0.663816864279037,1.127777074743363,0.19826215458702415,0.3419617451401671,0.74,0.5482300302671403,0.8433734939759037,0.7650273224043715,0.9395973154362416,0.3422818791946309,0.384667080045591,0.3241869181521347,0.17662826998422165
va_long_beach,tabm,pooled,raw,mcar_50,4,200.0,0.745,0.6677194367679958,0.8396969239013227,0.6464062976104361,1.112088006815875,0.20119251433917804,0.3547439523581022,0.725,0.5188182655612581,0.835820895522388,0.7526881720430108,0.9395973154362416,0.44966442953020136,0.20354361986825373,0.394750444553085,0.170462153096625
va_long_beach,tabm,pooled,raw,mcar_50,5,200.0,0.745,0.6377154888801158,0.8322278729683993,0.6888623687912053,1.2081894808150424,0.20813104145118025,0.37249369015888756,0.715,0.49276220555336225,0.831858407079646,0.7421052631578947,0.9463087248322147,0.348993288590604,0.3208965749274426,0.3167993848961436,0.17579388887327407
va_long_beach,tabm,pooled,raw,mcar_50,6,200.0,0.745,0.6538360310567181,0.8240027480986618,0.6735912232942105,1.1901098480478647,0.20565293053149067,0.37391520239754605,0.745,0.5257928674825635,0.8504398826979472,0.7552083333333334,0.9731543624161074,0.4697986577181208,0.21489635263747042,0.36635599730164103,0.1845353719399317
va_long_beach,tabm,pooled,raw,mcar_50,7,200.0,0.745,0.6412027898407686,0.8474760474229559,0.6591181859182177,1.1317991190828591,0.19630186103623992,0.343534106190855,0.755,0.5711935781023819,0.851963746223565,0.7747252747252747,0.9463087248322147,0.3825503355704698,0.30673056258597614,0.34786663209197904,0.16279073494530008
va_long_beach,tabm,pooled,raw,mcar_50,8,200.0,0.745,0.6645611264640083,0.8509174404887512,0.6477305192646352,1.101641473436382,0.1974269556498192,0.34056608880077965,0.745,0.5580339518357679,0.8459214501510574,0.7692307692307693,0.9395973154362416,0.38926174496644295,0.267352545007829,0.37361523989894546,0.1588139253994534
va_long_beach,tabm,pooled,raw,mcar_50,9,200.0,0.745,0.620081589682853,0.8345719120889918,0.6763466054749148,1.1701752906765188,0.20500973805095968,0.36224368058939244,0.725,0.5123700486906172,0.8367952522255193,0.75,0.9463087248322147,0.35570469798657717,0.3568488944016685,0.31673901514369807,0.17458202163737707
va_long_beach,tabm,pooled,raw,natural,0,200.0,0.745,0.7358863008290565,0.8673208760992491,0.5641450841321372,0.7193979755791069,0.18322185133951863,0.22921660811594424,0.76,0.703513620213186,0.8356164383561644,0.8531468531468531,0.8187919463087249,0.5771812080536913,0.666159184713659,0.49520757812325916,0.1599807932983973
va_long_beach,tabm,pooled,source_oof_platt,drop_advanced,0,200.0,0.745,0.7332543755757336,0.8817519621297355,0.5848775111873658,0.6095936982367236,0.19893712832661706,0.2102211354479431,0.705,0.6794973022766153,0.7870036101083032,0.8515625,0.7315436241610739,0.5302013422818792,0.9174629258938759,1.3712390152911558,0.18446862830622396
va_long_beach,tabm,pooled,source_oof_platt,drop_exercise,0,200.0,0.745,0.712988551125148,0.8506948680316768,0.6335343413477676,0.6417992817343185,0.221010448671151,0.2245706293505702,0.695,0.6534412422687196,0.7829181494661922,0.8333333333333334,0.738255033557047,0.5973154362416108,1.0379645833237494,1.3731950154125154,0.25958136899105133
va_long_beach,tabm,pooled,source_oof_platt,drop_routine,0,200.0,0.745,0.7208185287537834,0.8702076392765605,0.5192720640729546,0.7782025808805525,0.17187065421165656,0.2856335724368093,0.745,0.5,0.8538681948424068,0.745,1.0,0.5302013422818792,-0.8283080076340756,1.6446334395275075,0.14136715691859275
va_long_beach,tabm,pooled,source_oof_platt,empirical_source,0,200.0,0.745,0.7050927753651797,0.8615938789885165,0.5779186159590912,0.6322192269305874,0.19614863231538693,0.22055634778342909,0.715,0.6668640610606659,0.8,0.8382352941176471,0.7651006711409396,0.4563758389261745,0.796523815169371,1.1210265711514475,0.18462772353340012
va_long_beach,tabm,pooled,source_oof_platt,empirical_source,1,200.0,0.745,0.7274641400184235,0.857764099523302,0.5703014252835292,0.6201591992702316,0.19223933382415231,0.21424998083962116,0.705,0.6601526516646927,0.7915194346289752,0.835820895522388,0.7516778523489933,0.5369127516778524,0.7920384021495279,1.2476089155829115,0.18599820249434385
va_long_beach,tabm,pooled,source_oof_platt,empirical_source,2,200.0,0.745,0.7171996315304645,0.8738321782892987,0.5685147805324635,0.626729917055844,0.19157168041183606,0.218260520049675,0.735,0.6609422292406896,0.8203389830508474,0.8287671232876712,0.8120805369127517,0.5100671140939598,0.7213810552048311,1.2946694041844506,0.16829989172683765
va_long_beach,tabm,pooled,source_oof_platt,empirical_source,3,200.0,0.745,0.7275957362810895,0.8710336913862664,0.5651896998120322,0.6200476469750478,0.1902513760643357,0.21459982492046759,0.735,0.6802868798526122,0.8166089965397924,0.8428571428571429,0.7919463087248322,0.5100671140939598,0.7605227734738023,1.223348370199941,0.17212742827688032
va_long_beach,tabm,pooled,source_oof_platt,empirical_source,4,200.0,0.745,0.7207527306224504,0.8740306442667588,0.5660763590584136,0.6258527615397119,0.19059623921137075,0.21778365894556184,0.725,0.6542308198447164,0.8122866894197952,0.8263888888888888,0.7986577181208053,0.47651006711409394,0.7354749878594354,1.2234471502288962,0.16645010155238177
va_long_beach,tabm,pooled,source_oof_platt,empirical_source,5,200.0,0.745,0.7237794446637715,0.8483621235551145,0.5699228708085111,0.6268743546676635,0.19178926740845934,0.21676864851029048,0.7,0.6503487300960653,0.7887323943661971,0.8296296296296296,0.7516778523489933,0.5033557046979866,0.7685361695312851,1.203874829262421,0.19047231916613
va_long_beach,tabm,pooled,source_oof_platt,empirical_source,6,200.0,0.745,0.7227924726937756,0.8684477203180464,0.5665789424360419,0.6216496268048957,0.1908503560507734,0.21570932124592246,0.74,0.6707461508093171,0.8231292517006803,0.8344827586206897,0.8120805369127517,0.48322147651006714,0.7563016078518866,1.2442654142991918,0.1712036760074261
va_long_beach,tabm,pooled,source_oof_platt,empirical_source,7,200.0,0.745,0.6943676799578892,0.8415322299555497,0.5787745939197396,0.6430265255651593,0.19577891486164972,0.22470762720243856,0.715,0.6539676273193842,0.8027681660899654,0.8285714285714286,0.7785234899328859,0.4966442953020134,0.7708266260806955,1.0556827810999279,0.19995788798488118
va_long_beach,tabm,pooled,source_oof_platt,empirical_source,8,200.0,0.745,0.7335833662323988,0.8791210590059781,0.5600196580869035,0.6143917398021558,0.18792585421320646,0.2124314756923917,0.74,0.6900908014212397,0.8194444444444444,0.8489208633093526,0.7919463087248322,0.5436241610738255,0.743673520368209,1.2900920838206236,0.1621215953391952
va_long_beach,tabm,pooled,source_oof_platt,empirical_source,9,200.0,0.745,0.7115409922358206,0.8468334948691538,0.5724783867165776,0.6331917520569295,0.19287571563149142,0.21994585028375985,0.72,0.6573233320173707,0.8068965517241379,0.8297872340425532,0.785234899328859,0.5100671140939598,0.7626287772836479,1.1412707433408722,0.19281519761794846
va_long_beach,tabm,pooled,source_oof_platt,mar_age_sex_30,0,200.0,0.745,0.6929859191998946,0.8500159759967107,0.5463965693297363,0.6583906085240836,0.18137207875085173,0.2322054270081121,0.73,0.6124490064482169,0.8246753246753247,0.7987421383647799,0.8523489932885906,0.3624161073825503,0.47055589165082473,1.198040718367839,0.16205310260866912
va_long_beach,tabm,pooled,source_oof_platt,mar_age_sex_30,1,200.0,0.745,0.7447032504276878,0.8853489503678872,0.5258379248796559,0.6361146072413651,0.17233750243473078,0.22288136245513046,0.77,0.6457428609027503,0.8535031847133758,0.8121212121212121,0.8993288590604027,0.40939597315436244,0.28899475917755796,1.5137511265432064,0.12883941574887126
va_long_beach,tabm,pooled,source_oof_platt,mar_age_sex_30,2,200.0,0.745,0.6987761547572049,0.8568634143667397,0.5341804310411447,0.6635683118703501,0.17610802813553486,0.2348840552316285,0.745,0.5967232530596132,0.8401253918495298,0.788235294117647,0.8993288590604027,0.5503355704697986,0.3514254154533113,1.2363904172179654,0.14915931895779883
va_long_beach,tabm,pooled,source_oof_platt,mar_age_sex_30,3,200.0,0.745,0.7179892091064614,0.8780709321006834,0.5322529618356511,0.6402027404372745,0.1755342835245228,0.22499893542150215,0.765,0.6617318068166864,0.8469055374592834,0.8227848101265823,0.87248322147651,0.46308724832214765,0.39790079832333375,1.3569792041459194,0.13351973792158622
va_long_beach,tabm,pooled,source_oof_platt,mar_age_sex_30,4,200.0,0.745,0.6704171601526517,0.8318098355707866,0.557249967252999,0.6797905232463823,0.18597245038640545,0.24161262816562398,0.73,0.5866561389656534,0.8291139240506329,0.7844311377245509,0.8791946308724832,0.3959731543624161,0.5185948852578299,1.030360718956948,0.17985433528481287
va_long_beach,tabm,pooled,source_oof_platt,mar_age_sex_30,5,200.0,0.745,0.7231214633504408,0.8610381411352594,0.5405190747470621,0.6537526172793345,0.17878587978221877,0.23058331017390482,0.73,0.5802079220950125,0.8301886792452831,0.7810650887573964,0.8859060402684564,0.5234899328859061,0.38430973245476446,1.3210078407585426,0.15466983158485825
va_long_beach,tabm,pooled,source_oof_platt,mar_age_sex_30,6,200.0,0.745,0.6788393209632847,0.8432626822525234,0.5519244432063314,0.663812955051734,0.18393604940547145,0.23421556799941848,0.75,0.6258718252401632,0.8397435897435898,0.803680981595092,0.8791946308724832,0.33557046979865773,0.5588297024756466,1.0344015722626168,0.1715142743559309
va_long_beach,tabm,pooled,source_oof_platt,mar_age_sex_30,7,200.0,0.745,0.7087774707198315,0.882566625473013,0.5498344006253655,0.6574571396351646,0.18433618720673178,0.2340318602751169,0.69,0.546914067640479,0.8012820512820513,0.7668711656441718,0.8389261744966443,0.5503355704697986,0.4729893303708628,1.193755187581717,0.14111413072369794
va_long_beach,tabm,pooled,source_oof_platt,mar_age_sex_30,8,200.0,0.745,0.7407553625477037,0.8860625875236848,0.5331660415950616,0.6344219041754207,0.17597553694331583,0.22219921333452972,0.77,0.6650875115146729,0.8506493506493507,0.8238993710691824,0.8791946308724832,0.5167785234899329,0.38159338149288674,1.4567189529020736,0.13232731268117348
va_long_beach,tabm,pooled,source_oof_platt,mar_age_sex_30,9,200.0,0.745,0.7746414001842349,0.9064331094918165,0.5107168336568553,0.6160123395414778,0.1662622047478606,0.21414037722078283,0.785,0.6687064087379919,0.8626198083067093,0.823170731707317,0.9060402684563759,0.5302013422818792,0.22629905142403828,1.6701388745745942,0.11037822653289878
va_long_beach,tabm,pooled,source_oof_platt,mcar_10,0,200.0,0.745,0.6924595341492301,0.8419338734883524,0.5760852879746047,0.648388773963047,0.19481127232813925,0.22735390472138467,0.73,0.6511383076720622,0.8175675675675675,0.8231292517006803,0.8120805369127517,0.4161073825503356,0.734729759278826,1.0445283983173488,0.19490021858526818
va_long_beach,tabm,pooled,source_oof_platt,mcar_10,1,200.0,0.745,0.7079878931438347,0.847882036250466,0.5774902148782932,0.6381073093711565,0.19528809006418124,0.22208677413430386,0.705,0.6472562179234109,0.794425087108014,0.8260869565217391,0.7651006711409396,0.5033557046979866,0.7741718250734262,1.096249376234899,0.19716340531502624
va_long_beach,tabm,pooled,source_oof_platt,mcar_10,2,200.0,0.745,0.7104882221344914,0.8665207233840473,0.5743357282058423,0.6322683013779534,0.19467124738839353,0.22098910995440726,0.71,0.6506119226213976,0.7986111111111112,0.8273381294964028,0.7718120805369127,0.4563758389261745,0.7577590441155962,1.189056921721901,0.1743840550383914
va_long_beach,tabm,pooled,source_oof_platt,mcar_10,3,200.0,0.745,0.7186471904197921,0.8577393516322506,0.5696316461520108,0.6316181283183901,0.19209104099690755,0.2196679427196151,0.725,0.6606790367153572,0.8109965635738832,0.8309859154929577,0.7919463087248322,0.5033557046979866,0.7502006197338288,1.1192045754610642,0.18683825372575114
va_long_beach,tabm,pooled,source_oof_platt,mcar_10,4,200.0,0.745,0.7291748914330833,0.8742145608365907,0.562825758894758,0.6175476511982255,0.1891545328701669,0.21395887143632733,0.73,0.6704829582839847,0.8137931034482758,0.8368794326241135,0.7919463087248322,0.5503355704697986,0.7408880397491755,1.326930047654914,0.16249229380327293
va_long_beach,tabm,pooled,source_oof_platt,mcar_10,5,200.0,0.745,0.720489538097118,0.8647429957344952,0.5616929590065493,0.6253197528034233,0.18885544612721789,0.21720952202509647,0.75,0.6968022108172127,0.8275862068965517,0.851063829787234,0.8053691275167785,0.5033557046979866,0.7297724327618098,1.1760460250928548,0.16956460831490686
va_long_beach,tabm,pooled,source_oof_platt,mcar_10,6,200.0,0.745,0.6936439005132253,0.8407582364595971,0.573748703726884,0.6491325437719898,0.1939587586042154,0.22791561505069458,0.7,0.5987629951309382,0.8,0.7947019867549668,0.8053691275167785,0.44966442953020136,0.7191302089544849,1.0481593389312764,0.19305645603046034
va_long_beach,tabm,pooled,source_oof_platt,mcar_10,7,200.0,0.745,0.687656270561916,0.8469358721580329,0.5821665018167873,0.6439700549805779,0.19798429006790585,0.2257232195254356,0.715,0.6539676273193842,0.8027681660899654,0.8285714285714286,0.7785234899328859,0.42953020134228187,0.7863824893862191,1.039812408885178,0.1975465966936167
va_long_beach,tabm,pooled,source_oof_platt,mcar_10,8,200.0,0.745,0.7163442558231345,0.8700115639639423,0.5707381337107452,0.6334677268723309,0.19303854762587322,0.2211984719112865,0.72,0.6508751151467298,0.8082191780821918,0.8251748251748252,0.7919463087248322,0.5234899328859061,0.7412298552459702,1.1129066305963256,0.1744065805086293
va_long_beach,tabm,pooled,source_oof_platt,mcar_10,9,200.0,0.745,0.6675878405053296,0.8387447551533569,0.5861926658476464,0.6580546832425387,0.19965334643500066,0.2324711901860929,0.69,0.6049480194762469,0.7891156462585034,0.8,0.7785234899328859,0.3624161073825503,0.76606827114616,0.971020847744393,0.19963909127273505
va_long_beach,tabm,pooled,source_oof_platt,mcar_30,0,200.0,0.745,0.6022502960915911,0.8036795805116491,0.5827563141926274,0.7213699706282027,0.19766621977610144,0.2603081114730069,0.725,0.5768522173970259,0.8264984227129337,0.7797619047619048,0.8791946308724832,0.3087248322147651,0.7006534376451559,0.6281453119327479,0.21470761189208323
va_long_beach,tabm,pooled,source_oof_platt,mcar_30,1,200.0,0.745,0.6996973285958679,0.8499641505478195,0.5510608905186704,0.6587116412642283,0.18327739208447688,0.2325364501739505,0.745,0.6160679036715357,0.8370607028753994,0.7987804878048781,0.8791946308724832,0.4899328859060403,0.4945672410195541,1.187202360025906,0.16729958822522584
va_long_beach,tabm,pooled,source_oof_platt,mcar_30,2,200.0,0.745,0.6387682589814448,0.8336341212906128,0.567161291185785,0.7048481847687311,0.19103976696610814,0.2533813521921444,0.735,0.59001184366364,0.832807570977918,0.7857142857142857,0.8859060402684564,0.3825503355704698,0.5880087656307013,0.8043203848632003,0.18364594750539454
va_long_beach,tabm,pooled,source_oof_platt,mcar_30,3,200.0,0.745,0.6519936833793921,0.817695792810662,0.5657365160348679,0.6857062828366814,0.18949455907780002,0.24413214256132765,0.715,0.5765890248716936,0.8178913738019169,0.7804878048780488,0.8590604026845637,0.28859060402684567,0.5477419801500594,1.0103708048177842,0.19316597966602406
va_long_beach,tabm,pooled,source_oof_platt,mcar_30,4,200.0,0.745,0.692262139755231,0.8622688158599567,0.5449180870256315,0.668008298981916,0.18123537779107743,0.23758557959347182,0.75,0.6194236083695224,0.8407643312101911,0.8,0.8859060402684564,0.4966442953020134,0.42609703674423083,1.1606302355053777,0.1525393296813814
va_long_beach,tabm,pooled,source_oof_platt,mcar_30,5,200.0,0.745,0.6766679826292932,0.8435759662275057,0.5575267693463705,0.6793411974869926,0.1863647025326547,0.24221496234892698,0.74,0.5869193314909857,0.8375,0.783625730994152,0.8993288590604027,0.348993288590604,0.4868878360428869,1.0857170062850439,0.17207450072868513
va_long_beach,tabm,pooled,source_oof_platt,mcar_30,6,200.0,0.745,0.6340307935254639,0.8052281688817677,0.5815432338873504,0.7182493820444847,0.1965947492014255,0.25796343871139404,0.71,0.5474404526911436,0.81875,0.7660818713450293,0.8791946308724832,0.37583892617449666,0.6923033447640509,0.6410643819161977,0.22215113024165256
va_long_beach,tabm,pooled,source_oof_platt,mcar_30,7,200.0,0.745,0.6674562442426636,0.8383639845849277,0.5646336082208897,0.6766788506377931,0.18985623290638948,0.24088098889902404,0.72,0.5799447295696802,0.821656050955414,0.7818181818181819,0.8657718120805369,0.3288590604026846,0.5812234378389185,0.989478956504932,0.18074536541145075
va_long_beach,tabm,pooled,source_oof_platt,mcar_30,8,200.0,0.745,0.6698249769706541,0.8506740834586944,0.558913226736015,0.6801855515956333,0.18742546101641266,0.24334900295115164,0.725,0.5704040005263851,0.8275862068965517,0.7764705882352941,0.8859060402684564,0.46308724832214765,0.45507727444887025,1.1461042828286623,0.1642073587147286
va_long_beach,tabm,pooled,source_oof_platt,mcar_30,9,200.0,0.745,0.6066587708909067,0.822994529653814,0.5839939860364375,0.7129881605237594,0.19914433973577694,0.25764458473339263,0.705,0.5634293986050796,0.8115015974440895,0.774390243902439,0.8523489932885906,0.30201342281879195,0.7134166387605573,0.6492325821101197,0.19755297580103853
va_long_beach,tabm,pooled,source_oof_platt,mcar_50,0,200.0,0.745,0.633241215949467,0.8289012534348672,0.5571469970028095,0.7267537823261996,0.18648798352400958,0.2640273240229724,0.74,0.5546782471377812,0.8424242424242424,0.7679558011049724,0.9328859060402684,0.3959731543624161,0.41615244232944126,0.8931779533164808,0.18000348866280408
va_long_beach,tabm,pooled,source_oof_platt,mcar_50,1,200.0,0.745,0.5692196341623897,0.7933427194002369,0.5765514112507198,0.7761068414360386,0.19487193618235416,0.28504254143079966,0.72,0.5025661271219897,0.834319526627219,0.746031746031746,0.9463087248322147,0.2684563758389262,0.6905981016954587,0.4550124190132883,0.21363685266187465
va_long_beach,tabm,pooled,source_oof_platt,mcar_50,2,200.0,0.745,0.664100539544677,0.8520328124166469,0.5424018591458392,0.7006532288277869,0.1798673960186844,0.2523322864713441,0.76,0.5809974996710093,0.8545454545454545,0.7790055248618785,0.9463087248322147,0.4429530201342282,0.22875936258581714,1.212759523831862,0.15530577445190338
va_long_beach,tabm,pooled,source_oof_platt,mcar_50,3,200.0,0.745,0.6392288459007763,0.8323148196620965,0.5581461497700302,0.7166109174417836,0.18673222410549367,0.2587997593594249,0.73,0.554415054612449,0.8343558282208589,0.768361581920904,0.912751677852349,0.3691275167785235,0.4724630401604028,0.8729386305095573,0.17815176760731627
va_long_beach,tabm,pooled,source_oof_platt,mcar_50,4,200.0,0.745,0.6607448348466904,0.8392036822683215,0.5527953867829332,0.717093203536052,0.18478429101686486,0.2602875565874829,0.725,0.5252664824318989,0.8348348348348348,0.7554347826086957,0.9328859060402684,0.4563758389261745,0.33461369891013143,1.0207997178017176,0.17322231302546937
va_long_beach,tabm,pooled,source_oof_platt,mcar_50,5,200.0,0.745,0.6356099486774576,0.8324555476268793,0.5595525231796924,0.7392538942578376,0.18788693905228107,0.2698927208850332,0.7,0.48914330833004344,0.8203592814371258,0.7405405405405405,0.9194630872483222,0.35570469798657717,0.4304624461584372,0.8249772539602359,0.17794212856954414
va_long_beach,tabm,pooled,source_oof_platt,mcar_50,6,200.0,0.745,0.6502829319647322,0.8186691161604223,0.5560653520955363,0.7363747184194209,0.18564534901223656,0.26842287306044804,0.745,0.5322410843532044,0.8495575221238938,0.7578947368421053,0.9664429530201343,0.42953020134228187,0.3071548743598919,0.9859114922868468,0.189412677574413
va_long_beach,tabm,pooled,source_oof_platt,mcar_50,7,200.0,0.745,0.6421239636794315,0.8483391010552245,0.5542860810273248,0.717267414871092,0.18552628400945956,0.25976823836244217,0.76,0.5874457165416502,0.8536585365853658,0.7821229050279329,0.9395973154362416,0.3825503355704698,0.41282306263498303,0.9242051018141176,0.1650432650560549
va_long_beach,tabm,pooled,source_oof_platt,mcar_50,8,200.0,0.745,0.6636399526253454,0.8527056070073424,0.5492287689566661,0.706962199010592,0.18332648752012135,0.255361498176466,0.735,0.5577707593104356,0.8379204892966361,0.7696629213483146,0.9194630872483222,0.40939597315436244,0.3841557176099216,0.984753807752124,0.15849736966883757
va_long_beach,tabm,pooled,source_oof_platt,mcar_50,9,200.0,0.745,0.6235030925121727,0.8376834576536574,0.559095919680705,0.7296206215766137,0.18774784093648816,0.26585754592893684,0.725,0.5188182655612581,0.835820895522388,0.7526881720430108,0.9395973154362416,0.3825503355704698,0.432862814299254,0.8639900252414072,0.17322794024424903
va_long_beach,tabm,pooled,source_oof_platt,natural,0,200.0,0.745,0.731806816686406,0.8654509819672604,0.5751613714958833,0.613491096972548,0.19455256688616313,0.2113719978920075,0.72,0.6895644163705751,0.8,0.8549618320610687,0.7516778523489933,0.5637583892617449,0.8504395167965499,1.2735575609460084,0.18479370374250575
