outer_target,inner_validation,experiment,variant,parameter_id,parameters_json,seed,fit_seed,best_epoch,validation_score,parameter_count,fit_seconds
cleveland,hungary,v0_pooled_erm,v0,0,"{""brier_beta"": 0.0, ""d_model"": 64, ""dro_lambda"": 0.5, ""dro_tau"": 0.2, ""dropout"": 0.1, ""evaluation_interval"": 5, ""learning_rate"": 0.0005, ""max_epochs"": 120, ""n_heads"": 4, ""n_layers"": 2, ""patience_evaluations"": 8, ""validation_mask_replicates"": 2, ""weight_decay"": 0.001}",5062,1919440299,25,0.5737492714849222,71617,11.612752800007001
cleveland,hungary,v0_pooled_erm,v0,0,"{""brier_beta"": 0.0, ""d_model"": 64, ""dro_lambda"": 0.5, ""dro_tau"": 0.2, ""dropout"": 0.1, ""evaluation_interval"": 5, ""learning_rate"": 0.0005, ""max_epochs"": 120, ""n_heads"": 4, ""n_layers"": 2, ""patience_evaluations"": 8, ""validation_mask_replicates"": 2, ""weight_decay"": 0.001}",5063,3929294135,20,0.5405819914636533,71617,8.862360300001455
cleveland,hungary,v0_pooled_erm,v0,0,"{""brier_beta"": 0.0, ""d_model"": 64, ""dro_lambda"": 0.5, ""dro_tau"": 0.2, ""dropout"": 0.1, ""evaluation_interval"": 5, ""learning_rate"": 0.0005, ""max_epochs"": 120, ""n_heads"": 4, ""n_layers"": 2, ""patience_evaluations"": 8, ""validation_mask_replicates"": 2, ""weight_decay"": 0.001}",5064,145341874,30,0.5527218002315308,71617,9.97516140001244
cleveland,switzerland,v0_pooled_erm,v0,0,"{""brier_beta"": 0.0, ""d_model"": 64, ""dro_lambda"": 0.5, ""dro_tau"": 0.2, ""dropout"": 0.1, ""evaluation_interval"": 5, ""learning_rate"": 0.0005, ""max_epochs"": 120, ""n_heads"": 4, ""n_layers"": 2, ""patience_evaluations"": 8, ""validation_mask_replicates"": 2, ""weight_decay"": 0.001}",5062,1022209323,5,0.6997303352290345,71489,7.26283429999603
cleveland,switzerland,v0_pooled_erm,v0,0,"{""brier_beta"": 0.0, ""d_model"": 64, ""dro_lambda"": 0.5, ""dro_tau"": 0.2, ""dropout"": 0.1, ""evaluation_interval"": 5, ""learning_rate"": 0.0005, ""max_epochs"": 120, ""n_heads"": 4, ""n_layers"": 2, ""patience_evaluations"": 8, ""validation_mask_replicates"": 2, ""weight_decay"": 0.001}",5063,2552537694,35,0.7869520779236383,71489,12.201035700010834
cleveland,switzerland,v0_pooled_erm,v0,0,"{""brier_beta"": 0.0, ""d_model"": 64, ""dro_lambda"": 0.5, ""dro_tau"": 0.2, ""dropout"": 0.1, ""evaluation_interval"": 5, ""learning_rate"": 0.0005, ""max_epochs"": 120, ""n_heads"": 4, ""n_layers"": 2, ""patience_evaluations"": 8, ""validation_mask_replicates"": 2, ""weight_decay"": 0.001}",5064,3877132468,5,0.6551994886296122,71489,6.9781795000017155
cleveland,va_long_beach,v0_pooled_erm,v0,0,"{""brier_beta"": 0.0, ""d_model"": 64, ""dro_lambda"": 0.5, ""dro_tau"": 0.2, ""dropout"": 0.1, ""evaluation_interval"": 5, ""learning_rate"": 0.0005, ""max_epochs"": 120, ""n_heads"": 4, ""n_layers"": 2, ""patience_evaluations"": 8, ""validation_mask_replicates"": 2, ""weight_decay"": 0.001}",5062,2486517111,5,0.8547994863817265,71617,6.386543399989023
cleveland,va_long_beach,v0_pooled_erm,v0,0,"{""brier_beta"": 0.0, ""d_model"": 64, ""dro_lambda"": 0.5, ""dro_tau"": 0.2, ""dropout"": 0.1, ""evaluation_interval"": 5, ""learning_rate"": 0.0005, ""max_epochs"": 120, ""n_heads"": 4, ""n_layers"": 2, ""patience_evaluations"": 8, ""validation_mask_replicates"": 2, ""weight_decay"": 0.001}",5063,3104510883,5,0.7670519707629918,71617,6.828062100001262
cleveland,va_long_beach,v0_pooled_erm,v0,0,"{""brier_beta"": 0.0, ""d_model"": 64, ""dro_lambda"": 0.5, ""dro_tau"": 0.2, ""dropout"": 0.1, ""evaluation_interval"": 5, ""learning_rate"": 0.0005, ""max_epochs"": 120, ""n_heads"": 4, ""n_layers"": 2, ""patience_evaluations"": 8, ""validation_mask_replicates"": 2, ""weight_decay"": 0.001}",5064,443590750,5,0.7701666828761341,71617,6.243252300002496
cleveland,hungary,v1_site_balanced,v1,0,"{""brier_beta"": 0.0, ""d_model"": 64, ""dro_lambda"": 0.5, ""dro_tau"": 0.2, ""dropout"": 0.1, ""evaluation_interval"": 5, ""learning_rate"": 0.0005, ""max_epochs"": 120, ""n_heads"": 4, ""n_layers"": 2, ""patience_evaluations"": 8, ""validation_mask_replicates"": 2, ""weight_decay"": 0.001}",5062,1919440299,25,0.5750423747025666,71617,10.094709699988016
cleveland,hungary,v1_site_balanced,v1,0,"{""brier_beta"": 0.0, ""d_model"": 64, ""dro_lambda"": 0.5, ""dro_tau"": 0.2, ""dropout"": 0.1, ""evaluation_interval"": 5, ""learning_rate"": 0.0005, ""max_epochs"": 120, ""n_heads"": 4, ""n_layers"": 2, ""patience_evaluations"": 8, ""validation_mask_replicates"": 2, ""weight_decay"": 0.001}",5063,3929294135,20,0.5390457056438329,71617,9.844952400002512
cleveland,hungary,v1_site_balanced,v1,0,"{""brier_beta"": 0.0, ""d_model"": 64, ""dro_lambda"": 0.5, ""dro_tau"": 0.2, ""dropout"": 0.1, ""evaluation_interval"": 5, ""learning_rate"": 0.0005, ""max_epochs"": 120, ""n_heads"": 4, ""n_layers"": 2, ""patience_evaluations"": 8, ""validation_mask_replicates"": 2, ""weight_decay"": 0.001}",5064,145341874,25,0.5571598769361297,71617,10.76303149999876
cleveland,switzerland,v1_site_balanced,v1,0,"{""brier_beta"": 0.0, ""d_model"": 64, ""dro_lambda"": 0.5, ""dro_tau"": 0.2, ""dropout"": 0.1, ""evaluation_interval"": 5, ""learning_rate"": 0.0005, ""max_epochs"": 120, ""n_heads"": 4, ""n_layers"": 2, ""patience_evaluations"": 8, ""validation_mask_replicates"": 2, ""weight_decay"": 0.001}",5062,1022209323,5,0.692986993304928,71489,6.815150299997185
cleveland,switzerland,v1_site_balanced,v1,0,"{""brier_beta"": 0.0, ""d_model"": 64, ""dro_lambda"": 0.5, ""dro_tau"": 0.2, ""dropout"": 0.1, ""evaluation_interval"": 5, ""learning_rate"": 0.0005, ""max_epochs"": 120, ""n_heads"": 4, ""n_layers"": 2, ""patience_evaluations"": 8, ""validation_mask_replicates"": 2, ""weight_decay"": 0.001}",5063,2552537694,35,0.7918603508768359,71489,13.62020499999926
cleveland,switzerland,v1_site_balanced,v1,0,"{""brier_beta"": 0.0, ""d_model"": 64, ""dro_lambda"": 0.5, ""dro_tau"": 0.2, ""dropout"": 0.1, ""evaluation_interval"": 5, ""learning_rate"": 0.0005, ""max_epochs"": 120, ""n_heads"": 4, ""n_layers"": 2, ""patience_evaluations"": 8, ""validation_mask_replicates"": 2, ""weight_decay"": 0.001}",5064,3877132468,5,0.6549135311052472,71489,7.759246100002201
cleveland,va_long_beach,v1_site_balanced,v1,0,"{""brier_beta"": 0.0, ""d_model"": 64, ""dro_lambda"": 0.5, ""dro_tau"": 0.2, ""dropout"": 0.1, ""evaluation_interval"": 5, ""learning_rate"": 0.0005, ""max_epochs"": 120, ""n_heads"": 4, ""n_layers"": 2, ""patience_evaluations"": 8, ""validation_mask_replicates"": 2, ""weight_decay"": 0.001}",5062,2486517111,5,0.8927639796746885,71617,6.489999700002954
cleveland,va_long_beach,v1_site_balanced,v1,0,"{""brier_beta"": 0.0, ""d_model"": 64, ""dro_lambda"": 0.5, ""dro_tau"": 0.2, ""dropout"": 0.1, ""evaluation_interval"": 5, ""learning_rate"": 0.0005, ""max_epochs"": 120, ""n_heads"": 4, ""n_layers"": 2, ""patience_evaluations"": 8, ""validation_mask_replicates"": 2, ""weight_decay"": 0.001}",5063,3104510883,5,0.85302002396545,71617,7.533433599994169
cleveland,va_long_beach,v1_site_balanced,v1,0,"{""brier_beta"": 0.0, ""d_model"": 64, ""dro_lambda"": 0.5, ""dro_tau"": 0.2, ""dropout"": 0.1, ""evaluation_interval"": 5, ""learning_rate"": 0.0005, ""max_epochs"": 120, ""n_heads"": 4, ""n_layers"": 2, ""patience_evaluations"": 8, ""validation_mask_replicates"": 2, ""weight_decay"": 0.001}",5064,443590750,5,0.8448467388296499,71617,7.494517099999939
cleveland,hungary,v2_prior_separated,v2,0,"{""brier_beta"": 0.0, ""d_model"": 64, ""dro_lambda"": 0.5, ""dro_tau"": 0.2, ""dropout"": 0.1, ""evaluation_interval"": 5, ""learning_rate"": 0.0005, ""max_epochs"": 120, ""n_heads"": 4, ""n_layers"": 2, ""patience_evaluations"": 8, ""validation_mask_replicates"": 2, ""weight_decay"": 0.001}",5062,1919440299,10,0.5461502050195863,71617,8.675494900002377
cleveland,hungary,v2_prior_separated,v2,0,"{""brier_beta"": 0.0, ""d_model"": 64, ""dro_lambda"": 0.5, ""dro_tau"": 0.2, ""dropout"": 0.1, ""evaluation_interval"": 5, ""learning_rate"": 0.0005, ""max_epochs"": 120, ""n_heads"": 4, ""n_layers"": 2, ""patience_evaluations"": 8, ""validation_mask_replicates"": 2, ""weight_decay"": 0.001}",5063,3929294135,10,0.49609653997396713,71617,8.511060399992857
cleveland,hungary,v2_prior_separated,v2,0,"{""brier_beta"": 0.0, ""d_model"": 64, ""dro_lambda"": 0.5, ""dro_tau"": 0.2, ""dropout"": 0.1, ""evaluation_interval"": 5, ""learning_rate"": 0.0005, ""max_epochs"": 120, ""n_heads"": 4, ""n_layers"": 2, ""patience_evaluations"": 8, ""validation_mask_replicates"": 2, ""weight_decay"": 0.001}",5064,145341874,10,0.5491342017980494,71617,8.327444900001865
cleveland,switzerland,v2_prior_separated,v2,0,"{""brier_beta"": 0.0, ""d_model"": 64, ""dro_lambda"": 0.5, ""dro_tau"": 0.2, ""dropout"": 0.1, ""evaluation_interval"": 5, ""learning_rate"": 0.0005, ""max_epochs"": 120, ""n_heads"": 4, ""n_layers"": 2, ""patience_evaluations"": 8, ""validation_mask_replicates"": 2, ""weight_decay"": 0.001}",5062,1022209323,5,0.6867317797956207,71489,8.691962400000193
cleveland,switzerland,v2_prior_separated,v2,0,"{""brier_beta"": 0.0, ""d_model"": 64, ""dro_lambda"": 0.5, ""dro_tau"": 0.2, ""dropout"": 0.1, ""evaluation_interval"": 5, ""learning_rate"": 0.0005, ""max_epochs"": 120, ""n_heads"": 4, ""n_layers"": 2, ""patience_evaluations"": 8, ""validation_mask_replicates"": 2, ""weight_decay"": 0.001}",5063,2552537694,15,0.6564196566706304,71489,10.782483599992702
cleveland,switzerland,v2_prior_separated,v2,0,"{""brier_beta"": 0.0, ""d_model"": 64, ""dro_lambda"": 0.5, ""dro_tau"": 0.2, ""dropout"": 0.1, ""evaluation_interval"": 5, ""learning_rate"": 0.0005, ""max_epochs"": 120, ""n_heads"": 4, ""n_layers"": 2, ""patience_evaluations"": 8, ""validation_mask_replicates"": 2, ""weight_decay"": 0.001}",5064,3877132468,15,0.6128523940069995,71489,9.844788300004438
cleveland,va_long_beach,v2_prior_separated,v2,0,"{""brier_beta"": 0.0, ""d_model"": 64, ""dro_lambda"": 0.5, ""dro_tau"": 0.2, ""dropout"": 0.1, ""evaluation_interval"": 5, ""learning_rate"": 0.0005, ""max_epochs"": 120, ""n_heads"": 4, ""n_layers"": 2, ""patience_evaluations"": 8, ""validation_mask_replicates"": 2, ""weight_decay"": 0.001}",5062,2486517111,5,0.7140706734887823,71617,6.942537900002208
cleveland,va_long_beach,v2_prior_separated,v2,0,"{""brier_beta"": 0.0, ""d_model"": 64, ""dro_lambda"": 0.5, ""dro_tau"": 0.2, ""dropout"": 0.1, ""evaluation_interval"": 5, ""learning_rate"": 0.0005, ""max_epochs"": 120, ""n_heads"": 4, ""n_layers"": 2, ""patience_evaluations"": 8, ""validation_mask_replicates"": 2, ""weight_decay"": 0.001}",5063,3104510883,5,0.7079845070523813,71617,6.632663900003536
cleveland,va_long_beach,v2_prior_separated,v2,0,"{""brier_beta"": 0.0, ""d_model"": 64, ""dro_lambda"": 0.5, ""dro_tau"": 0.2, ""dropout"": 0.1, ""evaluation_interval"": 5, ""learning_rate"": 0.0005, ""max_epochs"": 120, ""n_heads"": 4, ""n_layers"": 2, ""patience_evaluations"": 8, ""validation_mask_replicates"": 2, ""weight_decay"": 0.001}",5064,443590750,5,0.6619176536677321,71617,7.273206799989566
cleveland,hungary,v3_mcar_augmentation,v3,0,"{""brier_beta"": 0.0, ""d_model"": 64, ""dro_lambda"": 0.5, ""dro_tau"": 0.2, ""dropout"": 0.1, ""evaluation_interval"": 5, ""learning_rate"": 0.0005, ""max_epochs"": 120, ""n_heads"": 4, ""n_layers"": 2, ""patience_evaluations"": 8, ""validation_mask_replicates"": 2, ""weight_decay"": 0.001}",5062,1919440299,10,0.5215218609956216,71617,8.66375569999218
cleveland,hungary,v3_mcar_augmentation,v3,0,"{""brier_beta"": 0.0, ""d_model"": 64, ""dro_lambda"": 0.5, ""dro_tau"": 0.2, ""dropout"": 0.1, ""evaluation_interval"": 5, ""learning_rate"": 0.0005, ""max_epochs"": 120, ""n_heads"": 4, ""n_layers"": 2, ""patience_evaluations"": 8, ""validation_mask_replicates"": 2, ""weight_decay"": 0.001}",5063,3929294135,10,0.4961605716104107,71617,8.72680639999453
cleveland,hungary,v3_mcar_augmentation,v3,0,"{""brier_beta"": 0.0, ""d_model"": 64, ""dro_lambda"": 0.5, ""dro_tau"": 0.2, ""dropout"": 0.1, ""evaluation_interval"": 5, ""learning_rate"": 0.0005, ""max_epochs"": 120, ""n_heads"": 4, ""n_layers"": 2, ""patience_evaluations"": 8, ""validation_mask_replicates"": 2, ""weight_decay"": 0.001}",5064,145341874,30,0.4993153139807841,71617,12.106375500006834
cleveland,switzerland,v3_mcar_augmentation,v3,0,"{""brier_beta"": 0.0, ""d_model"": 64, ""dro_lambda"": 0.5, ""dro_tau"": 0.2, ""dropout"": 0.1, ""evaluation_interval"": 5, ""learning_rate"": 0.0005, ""max_epochs"": 120, ""n_heads"": 4, ""n_layers"": 2, ""patience_evaluations"": 8, ""validation_mask_replicates"": 2, ""weight_decay"": 0.001}",5062,1022209323,30,0.6715318551455254,71489,13.653800000000047
cleveland,switzerland,v3_mcar_augmentation,v3,0,"{""brier_beta"": 0.0, ""d_model"": 64, ""dro_lambda"": 0.5, ""dro_tau"": 0.2, ""dropout"": 0.1, ""evaluation_interval"": 5, ""learning_rate"": 0.0005, ""max_epochs"": 120, ""n_heads"": 4, ""n_layers"": 2, ""patience_evaluations"": 8, ""validation_mask_replicates"": 2, ""weight_decay"": 0.001}",5063,2552537694,15,0.6423219168009628,71489,8.933966299999156
cleveland,switzerland,v3_mcar_augmentation,v3,0,"{""brier_beta"": 0.0, ""d_model"": 64, ""dro_lambda"": 0.5, ""dro_tau"": 0.2, ""dropout"": 0.1, ""evaluation_interval"": 5, ""learning_rate"": 0.0005, ""max_epochs"": 120, ""n_heads"": 4, ""n_layers"": 2, ""patience_evaluations"": 8, ""validation_mask_replicates"": 2, ""weight_decay"": 0.001}",5064,3877132468,15,0.5990044465007069,71489,9.215102800008026
cleveland,va_long_beach,v3_mcar_augmentation,v3,0,"{""brier_beta"": 0.0, ""d_model"": 64, ""dro_lambda"": 0.5, ""dro_tau"": 0.2, ""dropout"": 0.1, ""evaluation_interval"": 5, ""learning_rate"": 0.0005, ""max_epochs"": 120, ""n_heads"": 4, ""n_layers"": 2, ""patience_evaluations"": 8, ""validation_mask_replicates"": 2, ""weight_decay"": 0.001}",5062,2486517111,5,0.6989869376588176,71617,6.374666799994884
cleveland,va_long_beach,v3_mcar_augmentation,v3,0,"{""brier_beta"": 0.0, ""d_model"": 64, ""dro_lambda"": 0.5, ""dro_tau"": 0.2, ""dropout"": 0.1, ""evaluation_interval"": 5, ""learning_rate"": 0.0005, ""max_epochs"": 120, ""n_heads"": 4, ""n_layers"": 2, ""patience_evaluations"": 8, ""validation_mask_replicates"": 2, ""weight_decay"": 0.001}",5063,3104510883,5,0.7075425905532237,71617,6.163091700000223
cleveland,va_long_beach,v3_mcar_augmentation,v3,0,"{""brier_beta"": 0.0, ""d_model"": 64, ""dro_lambda"": 0.5, ""dro_tau"": 0.2, ""dropout"": 0.1, ""evaluation_interval"": 5, ""learning_rate"": 0.0005, ""max_epochs"": 120, ""n_heads"": 4, ""n_layers"": 2, ""patience_evaluations"": 8, ""validation_mask_replicates"": 2, ""weight_decay"": 0.001}",5064,443590750,5,0.6558144299554287,71617,6.691246199989109
cleveland,hungary,v4_structured_policy_bank,v4,0,"{""brier_beta"": 0.0, ""d_model"": 64, ""dro_lambda"": 0.5, ""dro_tau"": 0.2, ""dropout"": 0.1, ""evaluation_interval"": 5, ""learning_rate"": 0.0005, ""max_epochs"": 120, ""n_heads"": 4, ""n_layers"": 2, ""patience_evaluations"": 8, ""validation_mask_replicates"": 2, ""weight_decay"": 0.001}",5062,1919440299,10,0.5312744708061914,71617,9.697470800005249
cleveland,hungary,v4_structured_policy_bank,v4,0,"{""brier_beta"": 0.0, ""d_model"": 64, ""dro_lambda"": 0.5, ""dro_tau"": 0.2, ""dropout"": 0.1, ""evaluation_interval"": 5, ""learning_rate"": 0.0005, ""max_epochs"": 120, ""n_heads"": 4, ""n_layers"": 2, ""patience_evaluations"": 8, ""validation_mask_replicates"": 2, ""weight_decay"": 0.001}",5063,3929294135,10,0.50599898186493,71617,8.574388599998201
cleveland,hungary,v4_structured_policy_bank,v4,0,"{""brier_beta"": 0.0, ""d_model"": 64, ""dro_lambda"": 0.5, ""dro_tau"": 0.2, ""dropout"": 0.1, ""evaluation_interval"": 5, ""learning_rate"": 0.0005, ""max_epochs"": 120, ""n_heads"": 4, ""n_layers"": 2, ""patience_evaluations"": 8, ""validation_mask_replicates"": 2, ""weight_decay"": 0.001}",5064,145341874,20,0.5082135839217798,71617,9.69059680000646
cleveland,switzerland,v4_structured_policy_bank,v4,0,"{""brier_beta"": 0.0, ""d_model"": 64, ""dro_lambda"": 0.5, ""dro_tau"": 0.2, ""dropout"": 0.1, ""evaluation_interval"": 5, ""learning_rate"": 0.0005, ""max_epochs"": 120, ""n_heads"": 4, ""n_layers"": 2, ""patience_evaluations"": 8, ""validation_mask_replicates"": 2, ""weight_decay"": 0.001}",5062,1022209323,20,0.6511515820943001,71489,11.83004179999989
cleveland,switzerland,v4_structured_policy_bank,v4,0,"{""brier_beta"": 0.0, ""d_model"": 64, ""dro_lambda"": 0.5, ""dro_tau"": 0.2, ""dropout"": 0.1, ""evaluation_interval"": 5, ""learning_rate"": 0.0005, ""max_epochs"": 120, ""n_heads"": 4, ""n_layers"": 2, ""patience_evaluations"": 8, ""validation_mask_replicates"": 2, ""weight_decay"": 0.001}",5063,2552537694,30,0.6459641059043555,71489,14.051914399999077
cleveland,switzerland,v4_structured_policy_bank,v4,0,"{""brier_beta"": 0.0, ""d_model"": 64, ""dro_lambda"": 0.5, ""dro_tau"": 0.2, ""dropout"": 0.1, ""evaluation_interval"": 5, ""learning_rate"": 0.0005, ""max_epochs"": 120, ""n_heads"": 4, ""n_layers"": 2, ""patience_evaluations"": 8, ""validation_mask_replicates"": 2, ""weight_decay"": 0.001}",5064,3877132468,15,0.5760520982193835,71489,11.631135599993286
cleveland,va_long_beach,v4_structured_policy_bank,v4,0,"{""brier_beta"": 0.0, ""d_model"": 64, ""dro_lambda"": 0.5, ""dro_tau"": 0.2, ""dropout"": 0.1, ""evaluation_interval"": 5, ""learning_rate"": 0.0005, ""max_epochs"": 120, ""n_heads"": 4, ""n_layers"": 2, ""patience_evaluations"": 8, ""validation_mask_replicates"": 2, ""weight_decay"": 0.001}",5062,2486517111,5,0.6939584106426062,71617,8.156809899999644
cleveland,va_long_beach,v4_structured_policy_bank,v4,0,"{""brier_beta"": 0.0, ""d_model"": 64, ""dro_lambda"": 0.5, ""dro_tau"": 0.2, ""dropout"": 0.1, ""evaluation_interval"": 5, ""learning_rate"": 0.0005, ""max_epochs"": 120, ""n_heads"": 4, ""n_layers"": 2, ""patience_evaluations"": 8, ""validation_mask_replicates"": 2, ""weight_decay"": 0.001}",5063,3104510883,5,0.7212997491090003,71617,8.179250600005616
cleveland,va_long_beach,v4_structured_policy_bank,v4,0,"{""brier_beta"": 0.0, ""d_model"": 64, ""dro_lambda"": 0.5, ""dro_tau"": 0.2, ""dropout"": 0.1, ""evaluation_interval"": 5, ""learning_rate"": 0.0005, ""max_epochs"": 120, ""n_heads"": 4, ""n_layers"": 2, ""patience_evaluations"": 8, ""validation_mask_replicates"": 2, ""weight_decay"": 0.001}",5064,443590750,5,0.6542477252416524,71617,8.004791800005478
cleveland,hungary,v5_site_only_dro,v5_site,0,"{""brier_beta"": 0.1, ""d_model"": 64, ""dro_lambda"": 0.5, ""dro_tau"": 0.2, ""dropout"": 0.1, ""evaluation_interval"": 5, ""learning_rate"": 0.0005, ""max_epochs"": 120, ""n_heads"": 4, ""n_layers"": 2, ""patience_evaluations"": 8, ""validation_mask_replicates"": 2, ""weight_decay"": 0.001}",5062,1919440299,10,0.530140489105798,71617,8.577609300002223
cleveland,hungary,v5_site_only_dro,v5_site,0,"{""brier_beta"": 0.1, ""d_model"": 64, ""dro_lambda"": 0.5, ""dro_tau"": 0.2, ""dropout"": 0.1, ""evaluation_interval"": 5, ""learning_rate"": 0.0005, ""max_epochs"": 120, ""n_heads"": 4, ""n_layers"": 2, ""patience_evaluations"": 8, ""validation_mask_replicates"": 2, ""weight_decay"": 0.001}",5063,3929294135,10,0.5033009204910247,71617,8.362719099997776
cleveland,hungary,v5_site_only_dro,v5_site,0,"{""brier_beta"": 0.1, ""d_model"": 64, ""dro_lambda"": 0.5, ""dro_tau"": 0.2, ""dropout"": 0.1, ""evaluation_interval"": 5, ""learning_rate"": 0.0005, ""max_epochs"": 120, ""n_heads"": 4, ""n_layers"": 2, ""patience_evaluations"": 8, ""validation_mask_replicates"": 2, ""weight_decay"": 0.001}",5064,145341874,20,0.5001983876104695,71617,9.80360909999581
cleveland,switzerland,v5_site_only_dro,v5_site,0,"{""brier_beta"": 0.1, ""d_model"": 64, ""dro_lambda"": 0.5, ""dro_tau"": 0.2, ""dropout"": 0.1, ""evaluation_interval"": 5, ""learning_rate"": 0.0005, ""max_epochs"": 120, ""n_heads"": 4, ""n_layers"": 2, ""patience_evaluations"": 8, ""validation_mask_replicates"": 2, ""weight_decay"": 0.001}",5062,1022209323,15,0.6532217899919008,71489,10.99220829999831
cleveland,switzerland,v5_site_only_dro,v5_site,0,"{""brier_beta"": 0.1, ""d_model"": 64, ""dro_lambda"": 0.5, ""dro_tau"": 0.2, ""dropout"": 0.1, ""evaluation_interval"": 5, ""learning_rate"": 0.0005, ""max_epochs"": 120, ""n_heads"": 4, ""n_layers"": 2, ""patience_evaluations"": 8, ""validation_mask_replicates"": 2, ""weight_decay"": 0.001}",5063,2552537694,15,0.6465735718756163,71489,10.858305799993104
cleveland,switzerland,v5_site_only_dro,v5_site,0,"{""brier_beta"": 0.1, ""d_model"": 64, ""dro_lambda"": 0.5, ""dro_tau"": 0.2, ""dropout"": 0.1, ""evaluation_interval"": 5, ""learning_rate"": 0.0005, ""max_epochs"": 120, ""n_heads"": 4, ""n_layers"": 2, ""patience_evaluations"": 8, ""validation_mask_replicates"": 2, ""weight_decay"": 0.001}",5064,3877132468,15,0.5777621185530017,71489,11.424706300007529
cleveland,va_long_beach,v5_site_only_dro,v5_site,0,"{""brier_beta"": 0.1, ""d_model"": 64, ""dro_lambda"": 0.5, ""dro_tau"": 0.2, ""dropout"": 0.1, ""evaluation_interval"": 5, ""learning_rate"": 0.0005, ""max_epochs"": 120, ""n_heads"": 4, ""n_layers"": 2, ""patience_evaluations"": 8, ""validation_mask_replicates"": 2, ""weight_decay"": 0.001}",5062,2486517111,5,0.693657022621996,71617,7.930943700004718
cleveland,va_long_beach,v5_site_only_dro,v5_site,0,"{""brier_beta"": 0.1, ""d_model"": 64, ""dro_lambda"": 0.5, ""dro_tau"": 0.2, ""dropout"": 0.1, ""evaluation_interval"": 5, ""learning_rate"": 0.0005, ""max_epochs"": 120, ""n_heads"": 4, ""n_layers"": 2, ""patience_evaluations"": 8, ""validation_mask_replicates"": 2, ""weight_decay"": 0.001}",5063,3104510883,5,0.7216612947269877,71617,8.1144071000017
cleveland,va_long_beach,v5_site_only_dro,v5_site,0,"{""brier_beta"": 0.1, ""d_model"": 64, ""dro_lambda"": 0.5, ""dro_tau"": 0.2, ""dropout"": 0.1, ""evaluation_interval"": 5, ""learning_rate"": 0.0005, ""max_epochs"": 120, ""n_heads"": 4, ""n_layers"": 2, ""patience_evaluations"": 8, ""validation_mask_replicates"": 2, ""weight_decay"": 0.001}",5064,443590750,5,0.6549246485644356,71617,7.7365414000087185
cleveland,hungary,v5_mask_only_dro,v5_mask,0,"{""brier_beta"": 0.1, ""d_model"": 64, ""dro_lambda"": 0.75, ""dro_tau"": 0.2, ""dropout"": 0.1, ""evaluation_interval"": 5, ""learning_rate"": 0.0005, ""max_epochs"": 120, ""n_heads"": 4, ""n_layers"": 2, ""patience_evaluations"": 8, ""validation_mask_replicates"": 2, ""weight_decay"": 0.001}",5062,1919440299,10,0.5307844576708083,71617,8.250130100001115
cleveland,hungary,v5_mask_only_dro,v5_mask,0,"{""brier_beta"": 0.1, ""d_model"": 64, ""dro_lambda"": 0.75, ""dro_tau"": 0.2, ""dropout"": 0.1, ""evaluation_interval"": 5, ""learning_rate"": 0.0005, ""max_epochs"": 120, ""n_heads"": 4, ""n_layers"": 2, ""patience_evaluations"": 8, ""validation_mask_replicates"": 2, ""weight_decay"": 0.001}",5063,3929294135,10,0.505681570376598,71617,8.379415099989274
cleveland,hungary,v5_mask_only_dro,v5_mask,0,"{""brier_beta"": 0.1, ""d_model"": 64, ""dro_lambda"": 0.75, ""dro_tau"": 0.2, ""dropout"": 0.1, ""evaluation_interval"": 5, ""learning_rate"": 0.0005, ""max_epochs"": 120, ""n_heads"": 4, ""n_layers"": 2, ""patience_evaluations"": 8, ""validation_mask_replicates"": 2, ""weight_decay"": 0.001}",5064,145341874,20,0.5053450501042696,71617,10.260509600004298
cleveland,switzerland,v5_mask_only_dro,v5_mask,0,"{""brier_beta"": 0.1, ""d_model"": 64, ""dro_lambda"": 0.75, ""dro_tau"": 0.2, ""dropout"": 0.1, ""evaluation_interval"": 5, ""learning_rate"": 0.0005, ""max_epochs"": 120, ""n_heads"": 4, ""n_layers"": 2, ""patience_evaluations"": 8, ""validation_mask_replicates"": 2, ""weight_decay"": 0.001}",5062,1022209323,20,0.6508868986657026,71489,12.66581090001273
cleveland,switzerland,v5_mask_only_dro,v5_mask,0,"{""brier_beta"": 0.1, ""d_model"": 64, ""dro_lambda"": 0.75, ""dro_tau"": 0.2, ""dropout"": 0.1, ""evaluation_interval"": 5, ""learning_rate"": 0.0005, ""max_epochs"": 120, ""n_heads"": 4, ""n_layers"": 2, ""patience_evaluations"": 8, ""validation_mask_replicates"": 2, ""weight_decay"": 0.001}",5063,2552537694,30,0.6465812770975252,71489,14.908062899994547
cleveland,switzerland,v5_mask_only_dro,v5_mask,0,"{""brier_beta"": 0.1, ""d_model"": 64, ""dro_lambda"": 0.75, ""dro_tau"": 0.2, ""dropout"": 0.1, ""evaluation_interval"": 5, ""learning_rate"": 0.0005, ""max_epochs"": 120, ""n_heads"": 4, ""n_layers"": 2, ""patience_evaluations"": 8, ""validation_mask_replicates"": 2, ""weight_decay"": 0.001}",5064,3877132468,15,0.5763343617571035,71489,11.392908800000441
cleveland,va_long_beach,v5_mask_only_dro,v5_mask,0,"{""brier_beta"": 0.1, ""d_model"": 64, ""dro_lambda"": 0.75, ""dro_tau"": 0.2, ""dropout"": 0.1, ""evaluation_interval"": 5, ""learning_rate"": 0.0005, ""max_epochs"": 120, ""n_heads"": 4, ""n_layers"": 2, ""patience_evaluations"": 8, ""validation_mask_replicates"": 2, ""weight_decay"": 0.001}",5062,2486517111,5,0.6907590262077946,71617,7.980840999996872
cleveland,va_long_beach,v5_mask_only_dro,v5_mask,0,"{""brier_beta"": 0.1, ""d_model"": 64, ""dro_lambda"": 0.75, ""dro_tau"": 0.2, ""dropout"": 0.1, ""evaluation_interval"": 5, ""learning_rate"": 0.0005, ""max_epochs"": 120, ""n_heads"": 4, ""n_layers"": 2, ""patience_evaluations"": 8, ""validation_mask_replicates"": 2, ""weight_decay"": 0.001}",5063,3104510883,5,0.7213858153943757,71617,9.281336500003817
cleveland,va_long_beach,v5_mask_only_dro,v5_mask,0,"{""brier_beta"": 0.1, ""d_model"": 64, ""dro_lambda"": 0.75, ""dro_tau"": 0.2, ""dropout"": 0.1, ""evaluation_interval"": 5, ""learning_rate"": 0.0005, ""max_epochs"": 120, ""n_heads"": 4, ""n_layers"": 2, ""patience_evaluations"": 8, ""validation_mask_replicates"": 2, ""weight_decay"": 0.001}",5064,443590750,5,0.6538011779865799,71617,9.522812399998656
cleveland,hungary,v5_site_mask_dro,v5,0,"{""brier_beta"": 0.0, ""d_model"": 64, ""dro_lambda"": 0.75, ""dro_tau"": 0.2, ""dropout"": 0.1, ""evaluation_interval"": 5, ""learning_rate"": 0.0005, ""max_epochs"": 120, ""n_heads"": 4, ""n_layers"": 2, ""patience_evaluations"": 8, ""validation_mask_replicates"": 2, ""weight_decay"": 0.001}",5062,1919440299,20,0.5226771654089625,71617,11.478640300003462
cleveland,hungary,v5_site_mask_dro,v5,0,"{""brier_beta"": 0.0, ""d_model"": 64, ""dro_lambda"": 0.75, ""dro_tau"": 0.2, ""dropout"": 0.1, ""evaluation_interval"": 5, ""learning_rate"": 0.0005, ""max_epochs"": 120, ""n_heads"": 4, ""n_layers"": 2, ""patience_evaluations"": 8, ""validation_mask_replicates"": 2, ""weight_decay"": 0.001}",5063,3929294135,10,0.5022965350621843,71617,9.840895200002706
cleveland,hungary,v5_site_mask_dro,v5,0,"{""brier_beta"": 0.0, ""d_model"": 64, ""dro_lambda"": 0.75, ""dro_tau"": 0.2, ""dropout"": 0.1, ""evaluation_interval"": 5, ""learning_rate"": 0.0005, ""max_epochs"": 120, ""n_heads"": 4, ""n_layers"": 2, ""patience_evaluations"": 8, ""validation_mask_replicates"": 2, ""weight_decay"": 0.001}",5064,145341874,20,0.4955712483197343,71617,9.912116999999853
cleveland,switzerland,v5_site_mask_dro,v5,0,"{""brier_beta"": 0.0, ""d_model"": 64, ""dro_lambda"": 0.75, ""dro_tau"": 0.2, ""dropout"": 0.1, ""evaluation_interval"": 5, ""learning_rate"": 0.0005, ""max_epochs"": 120, ""n_heads"": 4, ""n_layers"": 2, ""patience_evaluations"": 8, ""validation_mask_replicates"": 2, ""weight_decay"": 0.001}",5062,1022209323,15,0.6523698751958964,71489,13.186323400004767
cleveland,switzerland,v5_site_mask_dro,v5,0,"{""brier_beta"": 0.0, ""d_model"": 64, ""dro_lambda"": 0.75, ""dro_tau"": 0.2, ""dropout"": 0.1, ""evaluation_interval"": 5, ""learning_rate"": 0.0005, ""max_epochs"": 120, ""n_heads"": 4, ""n_layers"": 2, ""patience_evaluations"": 8, ""validation_mask_replicates"": 2, ""weight_decay"": 0.001}",5063,2552537694,15,0.6480164874094753,71489,13.768442700005835
cleveland,switzerland,v5_site_mask_dro,v5,0,"{""brier_beta"": 0.0, ""d_model"": 64, ""dro_lambda"": 0.75, ""dro_tau"": 0.2, ""dropout"": 0.1, ""evaluation_interval"": 5, ""learning_rate"": 0.0005, ""max_epochs"": 120, ""n_heads"": 4, ""n_layers"": 2, ""patience_evaluations"": 8, ""validation_mask_replicates"": 2, ""weight_decay"": 0.001}",5064,3877132468,15,0.5789162956300443,71489,13.710725199998706
cleveland,va_long_beach,v5_site_mask_dro,v5,0,"{""brier_beta"": 0.0, ""d_model"": 64, ""dro_lambda"": 0.75, ""dro_tau"": 0.2, ""dropout"": 0.1, ""evaluation_interval"": 5, ""learning_rate"": 0.0005, ""max_epochs"": 120, ""n_heads"": 4, ""n_layers"": 2, ""patience_evaluations"": 8, ""validation_mask_replicates"": 2, ""weight_decay"": 0.001}",5062,2486517111,5,0.6910760240224214,71617,9.768934300009278
cleveland,va_long_beach,v5_site_mask_dro,v5,0,"{""brier_beta"": 0.0, ""d_model"": 64, ""dro_lambda"": 0.75, ""dro_tau"": 0.2, ""dropout"": 0.1, ""evaluation_interval"": 5, ""learning_rate"": 0.0005, ""max_epochs"": 120, ""n_heads"": 4, ""n_layers"": 2, ""patience_evaluations"": 8, ""validation_mask_replicates"": 2, ""weight_decay"": 0.001}",5063,3104510883,5,0.7221620849423329,71617,8.41775759999291
cleveland,va_long_beach,v5_site_mask_dro,v5,0,"{""brier_beta"": 0.0, ""d_model"": 64, ""dro_lambda"": 0.75, ""dro_tau"": 0.2, ""dropout"": 0.1, ""evaluation_interval"": 5, ""learning_rate"": 0.0005, ""max_epochs"": 120, ""n_heads"": 4, ""n_layers"": 2, ""patience_evaluations"": 8, ""validation_mask_replicates"": 2, ""weight_decay"": 0.001}",5064,443590750,5,0.654868224299064,71617,8.860561000008602
cleveland,hungary,v5_site_mask_dro_brier,v5,0,"{""brier_beta"": 0.1, ""d_model"": 64, ""dro_lambda"": 0.75, ""dro_tau"": 0.2, ""dropout"": 0.1, ""evaluation_interval"": 5, ""learning_rate"": 0.0005, ""max_epochs"": 120, ""n_heads"": 4, ""n_layers"": 2, ""patience_evaluations"": 8, ""validation_mask_replicates"": 2, ""weight_decay"": 0.001}",5062,1919440299,20,0.5238888050948539,71617,10.273158199997852
cleveland,hungary,v5_site_mask_dro_brier,v5,0,"{""brier_beta"": 0.1, ""d_model"": 64, ""dro_lambda"": 0.75, ""dro_tau"": 0.2, ""dropout"": 0.1, ""evaluation_interval"": 5, ""learning_rate"": 0.0005, ""max_epochs"": 120, ""n_heads"": 4, ""n_layers"": 2, ""patience_evaluations"": 8, ""validation_mask_replicates"": 2, ""weight_decay"": 0.001}",5063,3929294135,10,0.5023067026228695,71617,8.371285899993381
cleveland,hungary,v5_site_mask_dro_brier,v5,0,"{""brier_beta"": 0.1, ""d_model"": 64, ""dro_lambda"": 0.75, ""dro_tau"": 0.2, ""dropout"": 0.1, ""evaluation_interval"": 5, ""learning_rate"": 0.0005, ""max_epochs"": 120, ""n_heads"": 4, ""n_layers"": 2, ""patience_evaluations"": 8, ""validation_mask_replicates"": 2, ""weight_decay"": 0.001}",5064,145341874,20,0.4959130006665978,71617,9.771055599994725
cleveland,switzerland,v5_site_mask_dro_brier,v5,0,"{""brier_beta"": 0.1, ""d_model"": 64, ""dro_lambda"": 0.75, ""dro_tau"": 0.2, ""dropout"": 0.1, ""evaluation_interval"": 5, ""learning_rate"": 0.0005, ""max_epochs"": 120, ""n_heads"": 4, ""n_layers"": 2, ""patience_evaluations"": 8, ""validation_mask_replicates"": 2, ""weight_decay"": 0.001}",5062,1022209323,15,0.6519371625496748,71489,10.978222399993683
cleveland,switzerland,v5_site_mask_dro_brier,v5,0,"{""brier_beta"": 0.1, ""d_model"": 64, ""dro_lambda"": 0.75, ""dro_tau"": 0.2, ""dropout"": 0.1, ""evaluation_interval"": 5, ""learning_rate"": 0.0005, ""max_epochs"": 120, ""n_heads"": 4, ""n_layers"": 2, ""patience_evaluations"": 8, ""validation_mask_replicates"": 2, ""weight_decay"": 0.001}",5063,2552537694,15,0.6476396700476179,71489,11.259638699993957
cleveland,switzerland,v5_site_mask_dro_brier,v5,0,"{""brier_beta"": 0.1, ""d_model"": 64, ""dro_lambda"": 0.75, ""dro_tau"": 0.2, ""dropout"": 0.1, ""evaluation_interval"": 5, ""learning_rate"": 0.0005, ""max_epochs"": 120, ""n_heads"": 4, ""n_layers"": 2, ""patience_evaluations"": 8, ""validation_mask_replicates"": 2, ""weight_decay"": 0.001}",5064,3877132468,15,0.5788481410333041,71489,11.57901880001009
cleveland,va_long_beach,v5_site_mask_dro_brier,v5,0,"{""brier_beta"": 0.1, ""d_model"": 64, ""dro_lambda"": 0.75, ""dro_tau"": 0.2, ""dropout"": 0.1, ""evaluation_interval"": 5, ""learning_rate"": 0.0005, ""max_epochs"": 120, ""n_heads"": 4, ""n_layers"": 2, ""patience_evaluations"": 8, ""validation_mask_replicates"": 2, ""weight_decay"": 0.001}",5062,2486517111,5,0.6911148809719245,71617,7.876224899999215
cleveland,va_long_beach,v5_site_mask_dro_brier,v5,0,"{""brier_beta"": 0.1, ""d_model"": 64, ""dro_lambda"": 0.75, ""dro_tau"": 0.2, ""dropout"": 0.1, ""evaluation_interval"": 5, ""learning_rate"": 0.0005, ""max_epochs"": 120, ""n_heads"": 4, ""n_layers"": 2, ""patience_evaluations"": 8, ""validation_mask_replicates"": 2, ""weight_decay"": 0.001}",5063,3104510883,5,0.7220556066768902,71617,7.919291300000623
cleveland,va_long_beach,v5_site_mask_dro_brier,v5,0,"{""brier_beta"": 0.1, ""d_model"": 64, ""dro_lambda"": 0.75, ""dro_tau"": 0.2, ""dropout"": 0.1, ""evaluation_interval"": 5, ""learning_rate"": 0.0005, ""max_epochs"": 120, ""n_heads"": 4, ""n_layers"": 2, ""patience_evaluations"": 8, ""validation_mask_replicates"": 2, ""weight_decay"": 0.001}",5064,443590750,5,0.6548572770548056,71617,7.994042599995737
cleveland,hungary,v7_ane,v7,0,"{""brier_beta"": 0.1, ""d_model"": 64, ""dro_lambda"": 0.25, ""dro_tau"": 0.2, ""dropout"": 0.1, ""evaluation_interval"": 5, ""learning_rate"": 0.0005, ""max_epochs"": 120, ""n_heads"": 4, ""n_layers"": 2, ""patience_evaluations"": 8, ""validation_mask_replicates"": 2, ""weight_decay"": 0.001}",5062,1919440299,10,0.5553235200841602,71617,10.48978810000699
cleveland,hungary,v7_ane,v7,0,"{""brier_beta"": 0.1, ""d_model"": 64, ""dro_lambda"": 0.25, ""dro_tau"": 0.2, ""dropout"": 0.1, ""evaluation_interval"": 5, ""learning_rate"": 0.0005, ""max_epochs"": 120, ""n_heads"": 4, ""n_layers"": 2, ""patience_evaluations"": 8, ""validation_mask_replicates"": 2, ""weight_decay"": 0.001}",5063,3929294135,10,0.5350589284280889,71617,11.03886890001013
cleveland,hungary,v7_ane,v7,0,"{""brier_beta"": 0.1, ""d_model"": 64, ""dro_lambda"": 0.25, ""dro_tau"": 0.2, ""dropout"": 0.1, ""evaluation_interval"": 5, ""learning_rate"": 0.0005, ""max_epochs"": 120, ""n_heads"": 4, ""n_layers"": 2, ""patience_evaluations"": 8, ""validation_mask_replicates"": 2, ""weight_decay"": 0.001}",5064,145341874,15,0.5554848006657847,71617,11.07524839999678
cleveland,switzerland,v7_ane,v7,0,"{""brier_beta"": 0.1, ""d_model"": 64, ""dro_lambda"": 0.25, ""dro_tau"": 0.2, ""dropout"": 0.1, ""evaluation_interval"": 5, ""learning_rate"": 0.0005, ""max_epochs"": 120, ""n_heads"": 4, ""n_layers"": 2, ""patience_evaluations"": 8, ""validation_mask_replicates"": 2, ""weight_decay"": 0.001}",5062,1022209323,10,0.6764160536799384,71489,12.637416500001564
cleveland,switzerland,v7_ane,v7,0,"{""brier_beta"": 0.1, ""d_model"": 64, ""dro_lambda"": 0.25, ""dro_tau"": 0.2, ""dropout"": 0.1, ""evaluation_interval"": 5, ""learning_rate"": 0.0005, ""max_epochs"": 120, ""n_heads"": 4, ""n_layers"": 2, ""patience_evaluations"": 8, ""validation_mask_replicates"": 2, ""weight_decay"": 0.001}",5063,2552537694,40,0.6579330602653617,71489,20.152237400005106
cleveland,switzerland,v7_ane,v7,0,"{""brier_beta"": 0.1, ""d_model"": 64, ""dro_lambda"": 0.25, ""dro_tau"": 0.2, ""dropout"": 0.1, ""evaluation_interval"": 5, ""learning_rate"": 0.0005, ""max_epochs"": 120, ""n_heads"": 4, ""n_layers"": 2, ""patience_evaluations"": 8, ""validation_mask_replicates"": 2, ""weight_decay"": 0.001}",5064,3877132468,20,0.6150957172132245,71489,14.73855039999762
cleveland,va_long_beach,v7_ane,v7,0,"{""brier_beta"": 0.1, ""d_model"": 64, ""dro_lambda"": 0.25, ""dro_tau"": 0.2, ""dropout"": 0.1, ""evaluation_interval"": 5, ""learning_rate"": 0.0005, ""max_epochs"": 120, ""n_heads"": 4, ""n_layers"": 2, ""patience_evaluations"": 8, ""validation_mask_replicates"": 2, ""weight_decay"": 0.001}",5062,2486517111,5,0.6744017139038789,71617,9.68758450000314
cleveland,va_long_beach,v7_ane,v7,0,"{""brier_beta"": 0.1, ""d_model"": 64, ""dro_lambda"": 0.25, ""dro_tau"": 0.2, ""dropout"": 0.1, ""evaluation_interval"": 5, ""learning_rate"": 0.0005, ""max_epochs"": 120, ""n_heads"": 4, ""n_layers"": 2, ""patience_evaluations"": 8, ""validation_mask_replicates"": 2, ""weight_decay"": 0.001}",5063,3104510883,5,0.6714985401005265,71617,9.684586300005321
cleveland,va_long_beach,v7_ane,v7,0,"{""brier_beta"": 0.1, ""d_model"": 64, ""dro_lambda"": 0.25, ""dro_tau"": 0.2, ""dropout"": 0.1, ""evaluation_interval"": 5, ""learning_rate"": 0.0005, ""max_epochs"": 120, ""n_heads"": 4, ""n_layers"": 2, ""patience_evaluations"": 8, ""validation_mask_replicates"": 2, ""weight_decay"": 0.001}",5064,443590750,5,0.6927467700361942,71617,9.211177899996983
hungary,cleveland,v0_pooled_erm,v0,0,"{""brier_beta"": 0.0, ""d_model"": 64, ""dro_lambda"": 0.5, ""dro_tau"": 0.2, ""dropout"": 0.1, ""evaluation_interval"": 5, ""learning_rate"": 0.001, ""max_epochs"": 120, ""n_heads"": 4, ""n_layers"": 2, ""patience_evaluations"": 8, ""validation_mask_replicates"": 2, ""weight_decay"": 0.001}",5062,2835817707,15,0.6474236860866147,71617,6.875971800007392
hungary,cleveland,v0_pooled_erm,v0,0,"{""brier_beta"": 0.0, ""d_model"": 64, ""dro_lambda"": 0.5, ""dro_tau"": 0.2, ""dropout"": 0.1, ""evaluation_interval"": 5, ""learning_rate"": 0.001, ""max_epochs"": 120, ""n_heads"": 4, ""n_layers"": 2, ""patience_evaluations"": 8, ""validation_mask_replicates"": 2, ""weight_decay"": 0.001}",5063,1241175825,15,0.6710283461118314,71617,7.0690956999897026
hungary,cleveland,v0_pooled_erm,v0,0,"{""brier_beta"": 0.0, ""d_model"": 64, ""dro_lambda"": 0.5, ""dro_tau"": 0.2, ""dropout"": 0.1, ""evaluation_interval"": 5, ""learning_rate"": 0.001, ""max_epochs"": 120, ""n_heads"": 4, ""n_layers"": 2, ""patience_evaluations"": 8, ""validation_mask_replicates"": 2, ""weight_decay"": 0.001}",5064,526298648,10,0.6550152172745425,71617,6.9811171000037575
hungary,switzerland,v0_pooled_erm,v0,0,"{""brier_beta"": 0.0, ""d_model"": 64, ""dro_lambda"": 0.5, ""dro_tau"": 0.2, ""dropout"": 0.1, ""evaluation_interval"": 5, ""learning_rate"": 0.001, ""max_epochs"": 120, ""n_heads"": 4, ""n_layers"": 2, ""patience_evaluations"": 8, ""validation_mask_replicates"": 2, ""weight_decay"": 0.001}",5062,2288108710,5,0.9271261762032881,71681,6.2953152999980375
hungary,switzerland,v0_pooled_erm,v0,0,"{""brier_beta"": 0.0, ""d_model"": 64, ""dro_lambda"": 0.5, ""dro_tau"": 0.2, ""dropout"": 0.1, ""evaluation_interval"": 5, ""learning_rate"": 0.001, ""max_epochs"": 120, ""n_heads"": 4, ""n_layers"": 2, ""patience_evaluations"": 8, ""validation_mask_replicates"": 2, ""weight_decay"": 0.001}",5063,905988884,5,0.8311443664397478,71681,6.36585470000864
hungary,switzerland,v0_pooled_erm,v0,0,"{""brier_beta"": 0.0, ""d_model"": 64, ""dro_lambda"": 0.5, ""dro_tau"": 0.2, ""dropout"": 0.1, ""evaluation_interval"": 5, ""learning_rate"": 0.001, ""max_epochs"": 120, ""n_heads"": 4, ""n_layers"": 2, ""patience_evaluations"": 8, ""validation_mask_replicates"": 2, ""weight_decay"": 0.001}",5064,19388750,5,0.7461483148289305,71681,6.32317060000787
hungary,va_long_beach,v0_pooled_erm,v0,0,"{""brier_beta"": 0.0, ""d_model"": 64, ""dro_lambda"": 0.5, ""dro_tau"": 0.2, ""dropout"": 0.1, ""evaluation_interval"": 5, ""learning_rate"": 0.001, ""max_epochs"": 120, ""n_heads"": 4, ""n_layers"": 2, ""patience_evaluations"": 8, ""validation_mask_replicates"": 2, ""weight_decay"": 0.001}",5062,1099095228,5,0.8552038033426816,71681,5.907130000006873
hungary,va_long_beach,v0_pooled_erm,v0,0,"{""brier_beta"": 0.0, ""d_model"": 64, ""dro_lambda"": 0.5, ""dro_tau"": 0.2, ""dropout"": 0.1, ""evaluation_interval"": 5, ""learning_rate"": 0.001, ""max_epochs"": 120, ""n_heads"": 4, ""n_layers"": 2, ""patience_evaluations"": 8, ""validation_mask_replicates"": 2, ""weight_decay"": 0.001}",5063,2798085737,5,1.2270079077902751,71681,6.281742099992698
hungary,va_long_beach,v0_pooled_erm,v0,0,"{""brier_beta"": 0.0, ""d_model"": 64, ""dro_lambda"": 0.5, ""dro_tau"": 0.2, ""dropout"": 0.1, ""evaluation_interval"": 5, ""learning_rate"": 0.001, ""max_epochs"": 120, ""n_heads"": 4, ""n_layers"": 2, ""patience_evaluations"": 8, ""validation_mask_replicates"": 2, ""weight_decay"": 0.001}",5064,3254007746,5,0.9630825921580671,71681,6.223902900004759
hungary,cleveland,v1_site_balanced,v1,0,"{""brier_beta"": 0.0, ""d_model"": 64, ""dro_lambda"": 0.5, ""dro_tau"": 0.2, ""dropout"": 0.1, ""evaluation_interval"": 5, ""learning_rate"": 0.0005, ""max_epochs"": 120, ""n_heads"": 4, ""n_layers"": 2, ""patience_evaluations"": 8, ""validation_mask_replicates"": 2, ""weight_decay"": 0.001}",5062,2835817707,10,0.6894980437883445,71617,7.333912599991891
hungary,cleveland,v1_site_balanced,v1,0,"{""brier_beta"": 0.0, ""d_model"": 64, ""dro_lambda"": 0.5, ""dro_tau"": 0.2, ""dropout"": 0.1, ""evaluation_interval"": 5, ""learning_rate"": 0.0005, ""max_epochs"": 120, ""n_heads"": 4, ""n_layers"": 2, ""patience_evaluations"": 8, ""validation_mask_replicates"": 2, ""weight_decay"": 0.001}",5063,1241175825,20,0.6745985817322318,71617,8.857092400008696
hungary,cleveland,v1_site_balanced,v1,0,"{""brier_beta"": 0.0, ""d_model"": 64, ""dro_lambda"": 0.5, ""dro_tau"": 0.2, ""dropout"": 0.1, ""evaluation_interval"": 5, ""learning_rate"": 0.0005, ""max_epochs"": 120, ""n_heads"": 4, ""n_layers"": 2, ""patience_evaluations"": 8, ""validation_mask_replicates"": 2, ""weight_decay"": 0.001}",5064,526298648,15,0.7243397746243517,71617,7.973925799989956
hungary,switzerland,v1_site_balanced,v1,0,"{""brier_beta"": 0.0, ""d_model"": 64, ""dro_lambda"": 0.5, ""dro_tau"": 0.2, ""dropout"": 0.1, ""evaluation_interval"": 5, ""learning_rate"": 0.0005, ""max_epochs"": 120, ""n_heads"": 4, ""n_layers"": 2, ""patience_evaluations"": 8, ""validation_mask_replicates"": 2, ""weight_decay"": 0.001}",5062,2288108710,5,0.793788578038293,71681,6.336629700002959
hungary,switzerland,v1_site_balanced,v1,0,"{""brier_beta"": 0.0, ""d_model"": 64, ""dro_lambda"": 0.5, ""dro_tau"": 0.2, ""dropout"": 0.1, ""evaluation_interval"": 5, ""learning_rate"": 0.0005, ""max_epochs"": 120, ""n_heads"": 4, ""n_layers"": 2, ""patience_evaluations"": 8, ""validation_mask_replicates"": 2, ""weight_decay"": 0.001}",5063,905988884,5,0.7707705520743926,71681,6.581714899992221
hungary,switzerland,v1_site_balanced,v1,0,"{""brier_beta"": 0.0, ""d_model"": 64, ""dro_lambda"": 0.5, ""dro_tau"": 0.2, ""dropout"": 0.1, ""evaluation_interval"": 5, ""learning_rate"": 0.0005, ""max_epochs"": 120, ""n_heads"": 4, ""n_layers"": 2, ""patience_evaluations"": 8, ""validation_mask_replicates"": 2, ""weight_decay"": 0.001}",5064,19388750,5,0.7283953331428827,71681,6.6359123000002
hungary,va_long_beach,v1_site_balanced,v1,0,"{""brier_beta"": 0.0, ""d_model"": 64, ""dro_lambda"": 0.5, ""dro_tau"": 0.2, ""dropout"": 0.1, ""evaluation_interval"": 5, ""learning_rate"": 0.0005, ""max_epochs"": 120, ""n_heads"": 4, ""n_layers"": 2, ""patience_evaluations"": 8, ""validation_mask_replicates"": 2, ""weight_decay"": 0.001}",5062,1099095228,5,0.8244788761229774,71681,6.1403060000011465
hungary,va_long_beach,v1_site_balanced,v1,0,"{""brier_beta"": 0.0, ""d_model"": 64, ""dro_lambda"": 0.5, ""dro_tau"": 0.2, ""dropout"": 0.1, ""evaluation_interval"": 5, ""learning_rate"": 0.0005, ""max_epochs"": 120, ""n_heads"": 4, ""n_layers"": 2, ""patience_evaluations"": 8, ""validation_mask_replicates"": 2, ""weight_decay"": 0.001}",5063,2798085737,5,0.9461398409591146,71681,6.064329799992265
hungary,va_long_beach,v1_site_balanced,v1,0,"{""brier_beta"": 0.0, ""d_model"": 64, ""dro_lambda"": 0.5, ""dro_tau"": 0.2, ""dropout"": 0.1, ""evaluation_interval"": 5, ""learning_rate"": 0.0005, ""max_epochs"": 120, ""n_heads"": 4, ""n_layers"": 2, ""patience_evaluations"": 8, ""validation_mask_replicates"": 2, ""weight_decay"": 0.001}",5064,3254007746,5,0.8510557224208234,71681,6.162181800013059
hungary,cleveland,v2_prior_separated,v2,0,"{""brier_beta"": 0.0, ""d_model"": 64, ""dro_lambda"": 0.5, ""dro_tau"": 0.2, ""dropout"": 0.1, ""evaluation_interval"": 5, ""learning_rate"": 0.001, ""max_epochs"": 120, ""n_heads"": 4, ""n_layers"": 2, ""patience_evaluations"": 8, ""validation_mask_replicates"": 2, ""weight_decay"": 0.001}",5062,2835817707,5,0.594315449563747,71617,5.987561899994034
hungary,cleveland,v2_prior_separated,v2,0,"{""brier_beta"": 0.0, ""d_model"": 64, ""dro_lambda"": 0.5, ""dro_tau"": 0.2, ""dropout"": 0.1, ""evaluation_interval"": 5, ""learning_rate"": 0.001, ""max_epochs"": 120, ""n_heads"": 4, ""n_layers"": 2, ""patience_evaluations"": 8, ""validation_mask_replicates"": 2, ""weight_decay"": 0.001}",5063,1241175825,5,0.5828315897085465,71617,6.1260956000041915
hungary,cleveland,v2_prior_separated,v2,0,"{""brier_beta"": 0.0, ""d_model"": 64, ""dro_lambda"": 0.5, ""dro_tau"": 0.2, ""dropout"": 0.1, ""evaluation_interval"": 5, ""learning_rate"": 0.001, ""max_epochs"": 120, ""n_heads"": 4, ""n_layers"": 2, ""patience_evaluations"": 8, ""validation_mask_replicates"": 2, ""weight_decay"": 0.001}",5064,526298648,5,0.5971370703028712,71617,6.127133100002538
hungary,switzerland,v2_prior_separated,v2,0,"{""brier_beta"": 0.0, ""d_model"": 64, ""dro_lambda"": 0.5, ""dro_tau"": 0.2, ""dropout"": 0.1, ""evaluation_interval"": 5, ""learning_rate"": 0.001, ""max_epochs"": 120, ""n_heads"": 4, ""n_layers"": 2, ""patience_evaluations"": 8, ""validation_mask_replicates"": 2, ""weight_decay"": 0.001}",5062,2288108710,5,0.768132271073488,71681,6.802466499997536
hungary,switzerland,v2_prior_separated,v2,0,"{""brier_beta"": 0.0, ""d_model"": 64, ""dro_lambda"": 0.5, ""dro_tau"": 0.2, ""dropout"": 0.1, ""evaluation_interval"": 5, ""learning_rate"": 0.001, ""max_epochs"": 120, ""n_heads"": 4, ""n_layers"": 2, ""patience_evaluations"": 8, ""validation_mask_replicates"": 2, ""weight_decay"": 0.001}",5063,905988884,5,0.7302209251474296,71681,6.755432599995402
hungary,switzerland,v2_prior_separated,v2,0,"{""brier_beta"": 0.0, ""d_model"": 64, ""dro_lambda"": 0.5, ""dro_tau"": 0.2, ""dropout"": 0.1, ""evaluation_interval"": 5, ""learning_rate"": 0.001, ""max_epochs"": 120, ""n_heads"": 4, ""n_layers"": 2, ""patience_evaluations"": 8, ""validation_mask_replicates"": 2, ""weight_decay"": 0.001}",5064,19388750,5,0.6581955113862363,71681,7.033625800002483
hungary,va_long_beach,v2_prior_separated,v2,0,"{""brier_beta"": 0.0, ""d_model"": 64, ""dro_lambda"": 0.5, ""dro_tau"": 0.2, ""dropout"": 0.1, ""evaluation_interval"": 5, ""learning_rate"": 0.001, ""max_epochs"": 120, ""n_heads"": 4, ""n_layers"": 2, ""patience_evaluations"": 8, ""validation_mask_replicates"": 2, ""weight_decay"": 0.001}",5062,1099095228,5,0.6865022552356261,71681,5.991956799989566
hungary,va_long_beach,v2_prior_separated,v2,0,"{""brier_beta"": 0.0, ""d_model"": 64, ""dro_lambda"": 0.5, ""dro_tau"": 0.2, ""dropout"": 0.1, ""evaluation_interval"": 5, ""learning_rate"": 0.001, ""max_epochs"": 120, ""n_heads"": 4, ""n_layers"": 2, ""patience_evaluations"": 8, ""validation_mask_replicates"": 2, ""weight_decay"": 0.001}",5063,2798085737,5,0.8493476601339662,71681,6.29368470000918
hungary,va_long_beach,v2_prior_separated,v2,0,"{""brier_beta"": 0.0, ""d_model"": 64, ""dro_lambda"": 0.5, ""dro_tau"": 0.2, ""dropout"": 0.1, ""evaluation_interval"": 5, ""learning_rate"": 0.001, ""max_epochs"": 120, ""n_heads"": 4, ""n_layers"": 2, ""patience_evaluations"": 8, ""validation_mask_replicates"": 2, ""weight_decay"": 0.001}",5064,3254007746,5,0.8500218530740109,71681,5.985378900004434
hungary,cleveland,v3_mcar_augmentation,v3,0,"{""brier_beta"": 0.0, ""d_model"": 64, ""dro_lambda"": 0.5, ""dro_tau"": 0.2, ""dropout"": 0.1, ""evaluation_interval"": 5, ""learning_rate"": 0.001, ""max_epochs"": 120, ""n_heads"": 4, ""n_layers"": 2, ""patience_evaluations"": 8, ""validation_mask_replicates"": 2, ""weight_decay"": 0.001}",5062,2835817707,5,0.5732835510302401,71617,6.664131300000008
hungary,cleveland,v3_mcar_augmentation,v3,0,"{""brier_beta"": 0.0, ""d_model"": 64, ""dro_lambda"": 0.5, ""dro_tau"": 0.2, ""dropout"": 0.1, ""evaluation_interval"": 5, ""learning_rate"": 0.001, ""max_epochs"": 120, ""n_heads"": 4, ""n_layers"": 2, ""patience_evaluations"": 8, ""validation_mask_replicates"": 2, ""weight_decay"": 0.001}",5063,1241175825,5,0.544714244721415,71617,6.3852082999947015
hungary,cleveland,v3_mcar_augmentation,v3,0,"{""brier_beta"": 0.0, ""d_model"": 64, ""dro_lambda"": 0.5, ""dro_tau"": 0.2, ""dropout"": 0.1, ""evaluation_interval"": 5, ""learning_rate"": 0.001, ""max_epochs"": 120, ""n_heads"": 4, ""n_layers"": 2, ""patience_evaluations"": 8, ""validation_mask_replicates"": 2, ""weight_decay"": 0.001}",5064,526298648,10,0.5807579518037681,71617,7.12712140000076
hungary,switzerland,v3_mcar_augmentation,v3,0,"{""brier_beta"": 0.0, ""d_model"": 64, ""dro_lambda"": 0.5, ""dro_tau"": 0.2, ""dropout"": 0.1, ""evaluation_interval"": 5, ""learning_rate"": 0.001, ""max_epochs"": 120, ""n_heads"": 4, ""n_layers"": 2, ""patience_evaluations"": 8, ""validation_mask_replicates"": 2, ""weight_decay"": 0.001}",5062,2288108710,5,0.7228149212688193,71681,7.535185400003684
hungary,switzerland,v3_mcar_augmentation,v3,0,"{""brier_beta"": 0.0, ""d_model"": 64, ""dro_lambda"": 0.5, ""dro_tau"": 0.2, ""dropout"": 0.1, ""evaluation_interval"": 5, ""learning_rate"": 0.001, ""max_epochs"": 120, ""n_heads"": 4, ""n_layers"": 2, ""patience_evaluations"": 8, ""validation_mask_replicates"": 2, ""weight_decay"": 0.001}",5063,905988884,15,0.6893294080169929,71681,9.09472709998954
hungary,switzerland,v3_mcar_augmentation,v3,0,"{""brier_beta"": 0.0, ""d_model"": 64, ""dro_lambda"": 0.5, ""dro_tau"": 0.2, ""dropout"": 0.1, ""evaluation_interval"": 5, ""learning_rate"": 0.001, ""max_epochs"": 120, ""n_heads"": 4, ""n_layers"": 2, ""patience_evaluations"": 8, ""validation_mask_replicates"": 2, ""weight_decay"": 0.001}",5064,19388750,5,0.6492472682209988,71681,7.544069199997466
hungary,va_long_beach,v3_mcar_augmentation,v3,0,"{""brier_beta"": 0.0, ""d_model"": 64, ""dro_lambda"": 0.5, ""dro_tau"": 0.2, ""dropout"": 0.1, ""evaluation_interval"": 5, ""learning_rate"": 0.001, ""max_epochs"": 120, ""n_heads"": 4, ""n_layers"": 2, ""patience_evaluations"": 8, ""validation_mask_replicates"": 2, ""weight_decay"": 0.001}",5062,1099095228,5,0.6817488112649853,71681,6.557195300003514
hungary,va_long_beach,v3_mcar_augmentation,v3,0,"{""brier_beta"": 0.0, ""d_model"": 64, ""dro_lambda"": 0.5, ""dro_tau"": 0.2, ""dropout"": 0.1, ""evaluation_interval"": 5, ""learning_rate"": 0.001, ""max_epochs"": 120, ""n_heads"": 4, ""n_layers"": 2, ""patience_evaluations"": 8, ""validation_mask_replicates"": 2, ""weight_decay"": 0.001}",5063,2798085737,5,0.8842096633047763,71681,6.592536299998756
hungary,va_long_beach,v3_mcar_augmentation,v3,0,"{""brier_beta"": 0.0, ""d_model"": 64, ""dro_lambda"": 0.5, ""dro_tau"": 0.2, ""dropout"": 0.1, ""evaluation_interval"": 5, ""learning_rate"": 0.001, ""max_epochs"": 120, ""n_heads"": 4, ""n_layers"": 2, ""patience_evaluations"": 8, ""validation_mask_replicates"": 2, ""weight_decay"": 0.001}",5064,3254007746,5,0.8543486457091855,71681,6.565752299997257
hungary,cleveland,v4_structured_policy_bank,v4,0,"{""brier_beta"": 0.0, ""d_model"": 64, ""dro_lambda"": 0.5, ""dro_tau"": 0.2, ""dropout"": 0.1, ""evaluation_interval"": 5, ""learning_rate"": 0.001, ""max_epochs"": 120, ""n_heads"": 4, ""n_layers"": 2, ""patience_evaluations"": 8, ""validation_mask_replicates"": 2, ""weight_decay"": 0.001}",5062,2835817707,5,0.5788937391163451,71617,7.8564805000060005
hungary,cleveland,v4_structured_policy_bank,v4,0,"{""brier_beta"": 0.0, ""d_model"": 64, ""dro_lambda"": 0.5, ""dro_tau"": 0.2, ""dropout"": 0.1, ""evaluation_interval"": 5, ""learning_rate"": 0.001, ""max_epochs"": 120, ""n_heads"": 4, ""n_layers"": 2, ""patience_evaluations"": 8, ""validation_mask_replicates"": 2, ""weight_decay"": 0.001}",5063,1241175825,5,0.5559751423638324,71617,7.88320310000563
hungary,cleveland,v4_structured_policy_bank,v4,0,"{""brier_beta"": 0.0, ""d_model"": 64, ""dro_lambda"": 0.5, ""dro_tau"": 0.2, ""dropout"": 0.1, ""evaluation_interval"": 5, ""learning_rate"": 0.001, ""max_epochs"": 120, ""n_heads"": 4, ""n_layers"": 2, ""patience_evaluations"": 8, ""validation_mask_replicates"": 2, ""weight_decay"": 0.001}",5064,526298648,5,0.5811216489287472,71617,7.713277799994103
hungary,switzerland,v4_structured_policy_bank,v4,0,"{""brier_beta"": 0.0, ""d_model"": 64, ""dro_lambda"": 0.5, ""dro_tau"": 0.2, ""dropout"": 0.1, ""evaluation_interval"": 5, ""learning_rate"": 0.001, ""max_epochs"": 120, ""n_heads"": 4, ""n_layers"": 2, ""patience_evaluations"": 8, ""validation_mask_replicates"": 2, ""weight_decay"": 0.001}",5062,2288108710,5,0.7158706777619047,71681,9.601712300005602
hungary,switzerland,v4_structured_policy_bank,v4,0,"{""brier_beta"": 0.0, ""d_model"": 64, ""dro_lambda"": 0.5, ""dro_tau"": 0.2, ""dropout"": 0.1, ""evaluation_interval"": 5, ""learning_rate"": 0.001, ""max_epochs"": 120, ""n_heads"": 4, ""n_layers"": 2, ""patience_evaluations"": 8, ""validation_mask_replicates"": 2, ""weight_decay"": 0.001}",5063,905988884,15,0.7060776096670511,71681,10.92292590001307
hungary,switzerland,v4_structured_policy_bank,v4,0,"{""brier_beta"": 0.0, ""d_model"": 64, ""dro_lambda"": 0.5, ""dro_tau"": 0.2, ""dropout"": 0.1, ""evaluation_interval"": 5, ""learning_rate"": 0.001, ""max_epochs"": 120, ""n_heads"": 4, ""n_layers"": 2, ""patience_evaluations"": 8, ""validation_mask_replicates"": 2, ""weight_decay"": 0.001}",5064,19388750,5,0.6338105634933588,71681,9.020252200003597
hungary,va_long_beach,v4_structured_policy_bank,v4,0,"{""brier_beta"": 0.0, ""d_model"": 64, ""dro_lambda"": 0.5, ""dro_tau"": 0.2, ""dropout"": 0.1, ""evaluation_interval"": 5, ""learning_rate"": 0.001, ""max_epochs"": 120, ""n_heads"": 4, ""n_layers"": 2, ""patience_evaluations"": 8, ""validation_mask_replicates"": 2, ""weight_decay"": 0.001}",5062,1099095228,5,0.69299168315554,71681,7.897456699996837
hungary,va_long_beach,v4_structured_policy_bank,v4,0,"{""brier_beta"": 0.0, ""d_model"": 64, ""dro_lambda"": 0.5, ""dro_tau"": 0.2, ""dropout"": 0.1, ""evaluation_interval"": 5, ""learning_rate"": 0.001, ""max_epochs"": 120, ""n_heads"": 4, ""n_layers"": 2, ""patience_evaluations"": 8, ""validation_mask_replicates"": 2, ""weight_decay"": 0.001}",5063,2798085737,5,0.8793503897160492,71681,8.210355899995193
hungary,va_long_beach,v4_structured_policy_bank,v4,0,"{""brier_beta"": 0.0, ""d_model"": 64, ""dro_lambda"": 0.5, ""dro_tau"": 0.2, ""dropout"": 0.1, ""evaluation_interval"": 5, ""learning_rate"": 0.001, ""max_epochs"": 120, ""n_heads"": 4, ""n_layers"": 2, ""patience_evaluations"": 8, ""validation_mask_replicates"": 2, ""weight_decay"": 0.001}",5064,3254007746,5,0.8617498050022905,71681,8.04793939999945
hungary,cleveland,v5_site_only_dro,v5_site,0,"{""brier_beta"": 0.1, ""d_model"": 64, ""dro_lambda"": 0.75, ""dro_tau"": 0.2, ""dropout"": 0.1, ""evaluation_interval"": 5, ""learning_rate"": 0.0005, ""max_epochs"": 120, ""n_heads"": 4, ""n_layers"": 2, ""patience_evaluations"": 8, ""validation_mask_replicates"": 2, ""weight_decay"": 0.001}",5062,2835817707,5,0.5811117048409704,71617,7.5940473999944516
hungary,cleveland,v5_site_only_dro,v5_site,0,"{""brier_beta"": 0.1, ""d_model"": 64, ""dro_lambda"": 0.75, ""dro_tau"": 0.2, ""dropout"": 0.1, ""evaluation_interval"": 5, ""learning_rate"": 0.0005, ""max_epochs"": 120, ""n_heads"": 4, ""n_layers"": 2, ""patience_evaluations"": 8, ""validation_mask_replicates"": 2, ""weight_decay"": 0.001}",5063,1241175825,20,0.5627201929766242,71617,10.838479499987443
hungary,cleveland,v5_site_only_dro,v5_site,0,"{""brier_beta"": 0.1, ""d_model"": 64, ""dro_lambda"": 0.75, ""dro_tau"": 0.2, ""dropout"": 0.1, ""evaluation_interval"": 5, ""learning_rate"": 0.0005, ""max_epochs"": 120, ""n_heads"": 4, ""n_layers"": 2, ""patience_evaluations"": 8, ""validation_mask_replicates"": 2, ""weight_decay"": 0.001}",5064,526298648,10,0.5941451642977174,71617,8.27423429999908
hungary,switzerland,v5_site_only_dro,v5_site,0,"{""brier_beta"": 0.1, ""d_model"": 64, ""dro_lambda"": 0.75, ""dro_tau"": 0.2, ""dropout"": 0.1, ""evaluation_interval"": 5, ""learning_rate"": 0.0005, ""max_epochs"": 120, ""n_heads"": 4, ""n_layers"": 2, ""patience_evaluations"": 8, ""validation_mask_replicates"": 2, ""weight_decay"": 0.001}",5062,2288108710,5,0.6979302381376882,71681,8.866279200010467
hungary,switzerland,v5_site_only_dro,v5_site,0,"{""brier_beta"": 0.1, ""d_model"": 64, ""dro_lambda"": 0.75, ""dro_tau"": 0.2, ""dropout"": 0.1, ""evaluation_interval"": 5, ""learning_rate"": 0.0005, ""max_epochs"": 120, ""n_heads"": 4, ""n_layers"": 2, ""patience_evaluations"": 8, ""validation_mask_replicates"": 2, ""weight_decay"": 0.001}",5063,905988884,5,0.6825957102852231,71681,9.345731399997021
hungary,switzerland,v5_site_only_dro,v5_site,0,"{""brier_beta"": 0.1, ""d_model"": 64, ""dro_lambda"": 0.75, ""dro_tau"": 0.2, ""dropout"": 0.1, ""evaluation_interval"": 5, ""learning_rate"": 0.0005, ""max_epochs"": 120, ""n_heads"": 4, ""n_layers"": 2, ""patience_evaluations"": 8, ""validation_mask_replicates"": 2, ""weight_decay"": 0.001}",5064,19388750,5,0.6302953768296566,71681,10.51292549999198
hungary,va_long_beach,v5_site_only_dro,v5_site,0,"{""brier_beta"": 0.1, ""d_model"": 64, ""dro_lambda"": 0.75, ""dro_tau"": 0.2, ""dropout"": 0.1, ""evaluation_interval"": 5, ""learning_rate"": 0.0005, ""max_epochs"": 120, ""n_heads"": 4, ""n_layers"": 2, ""patience_evaluations"": 8, ""validation_mask_replicates"": 2, ""weight_decay"": 0.001}",5062,1099095228,5,0.6796385643238254,71681,8.17430990000139
hungary,va_long_beach,v5_site_only_dro,v5_site,0,"{""brier_beta"": 0.1, ""d_model"": 64, ""dro_lambda"": 0.75, ""dro_tau"": 0.2, ""dropout"": 0.1, ""evaluation_interval"": 5, ""learning_rate"": 0.0005, ""max_epochs"": 120, ""n_heads"": 4, ""n_layers"": 2, ""patience_evaluations"": 8, ""validation_mask_replicates"": 2, ""weight_decay"": 0.001}",5063,2798085737,5,0.7185874096992321,71681,8.363396400003694
hungary,va_long_beach,v5_site_only_dro,v5_site,0,"{""brier_beta"": 0.1, ""d_model"": 64, ""dro_lambda"": 0.75, ""dro_tau"": 0.2, ""dropout"": 0.1, ""evaluation_interval"": 5, ""learning_rate"": 0.0005, ""max_epochs"": 120, ""n_heads"": 4, ""n_layers"": 2, ""patience_evaluations"": 8, ""validation_mask_replicates"": 2, ""weight_decay"": 0.001}",5064,3254007746,5,0.7433031499177429,71681,7.923645100003341
hungary,cleveland,v5_mask_only_dro,v5_mask,0,"{""brier_beta"": 0.1, ""d_model"": 64, ""dro_lambda"": 0.75, ""dro_tau"": 0.2, ""dropout"": 0.1, ""evaluation_interval"": 5, ""learning_rate"": 0.0005, ""max_epochs"": 120, ""n_heads"": 4, ""n_layers"": 2, ""patience_evaluations"": 8, ""validation_mask_replicates"": 2, ""weight_decay"": 0.001}",5062,2835817707,5,0.5792468228230891,71617,7.378431300006923
hungary,cleveland,v5_mask_only_dro,v5_mask,0,"{""brier_beta"": 0.1, ""d_model"": 64, ""dro_lambda"": 0.75, ""dro_tau"": 0.2, ""dropout"": 0.1, ""evaluation_interval"": 5, ""learning_rate"": 0.0005, ""max_epochs"": 120, ""n_heads"": 4, ""n_layers"": 2, ""patience_evaluations"": 8, ""validation_mask_replicates"": 2, ""weight_decay"": 0.001}",5063,1241175825,5,0.5636368172927801,71617,7.286581699998351
hungary,cleveland,v5_mask_only_dro,v5_mask,0,"{""brier_beta"": 0.1, ""d_model"": 64, ""dro_lambda"": 0.75, ""dro_tau"": 0.2, ""dropout"": 0.1, ""evaluation_interval"": 5, ""learning_rate"": 0.0005, ""max_epochs"": 120, ""n_heads"": 4, ""n_layers"": 2, ""patience_evaluations"": 8, ""validation_mask_replicates"": 2, ""weight_decay"": 0.001}",5064,526298648,5,0.5966283594228758,71617,7.471543999999994
hungary,switzerland,v5_mask_only_dro,v5_mask,0,"{""brier_beta"": 0.1, ""d_model"": 64, ""dro_lambda"": 0.75, ""dro_tau"": 0.2, ""dropout"": 0.1, ""evaluation_interval"": 5, ""learning_rate"": 0.0005, ""max_epochs"": 120, ""n_heads"": 4, ""n_layers"": 2, ""patience_evaluations"": 8, ""validation_mask_replicates"": 2, ""weight_decay"": 0.001}",5062,2288108710,5,0.7019243970341884,71681,9.07099290000042
hungary,switzerland,v5_mask_only_dro,v5_mask,0,"{""brier_beta"": 0.1, ""d_model"": 64, ""dro_lambda"": 0.75, ""dro_tau"": 0.2, ""dropout"": 0.1, ""evaluation_interval"": 5, ""learning_rate"": 0.0005, ""max_epochs"": 120, ""n_heads"": 4, ""n_layers"": 2, ""patience_evaluations"": 8, ""validation_mask_replicates"": 2, ""weight_decay"": 0.001}",5063,905988884,5,0.6843453529838059,71681,9.313464499995462
hungary,switzerland,v5_mask_only_dro,v5_mask,0,"{""brier_beta"": 0.1, ""d_model"": 64, ""dro_lambda"": 0.75, ""dro_tau"": 0.2, ""dropout"": 0.1, ""evaluation_interval"": 5, ""learning_rate"": 0.0005, ""max_epochs"": 120, ""n_heads"": 4, ""n_layers"": 2, ""patience_evaluations"": 8, ""validation_mask_replicates"": 2, ""weight_decay"": 0.001}",5064,19388750,5,0.6306682471628108,71681,9.670162900001742
hungary,va_long_beach,v5_mask_only_dro,v5_mask,0,"{""brier_beta"": 0.1, ""d_model"": 64, ""dro_lambda"": 0.75, ""dro_tau"": 0.2, ""dropout"": 0.1, ""evaluation_interval"": 5, ""learning_rate"": 0.0005, ""max_epochs"": 120, ""n_heads"": 4, ""n_layers"": 2, ""patience_evaluations"": 8, ""validation_mask_replicates"": 2, ""weight_decay"": 0.001}",5062,1099095228,5,0.6799884160067702,71681,7.7754839999979595
hungary,va_long_beach,v5_mask_only_dro,v5_mask,0,"{""brier_beta"": 0.1, ""d_model"": 64, ""dro_lambda"": 0.75, ""dro_tau"": 0.2, ""dropout"": 0.1, ""evaluation_interval"": 5, ""learning_rate"": 0.0005, ""max_epochs"": 120, ""n_heads"": 4, ""n_layers"": 2, ""patience_evaluations"": 8, ""validation_mask_replicates"": 2, ""weight_decay"": 0.001}",5063,2798085737,5,0.7199066332677251,71681,7.732176999998046
hungary,va_long_beach,v5_mask_only_dro,v5_mask,0,"{""brier_beta"": 0.1, ""d_model"": 64, ""dro_lambda"": 0.75, ""dro_tau"": 0.2, ""dropout"": 0.1, ""evaluation_interval"": 5, ""learning_rate"": 0.0005, ""max_epochs"": 120, ""n_heads"": 4, ""n_layers"": 2, ""patience_evaluations"": 8, ""validation_mask_replicates"": 2, ""weight_decay"": 0.001}",5064,3254007746,5,0.7427966014705204,71681,8.013354700000491
hungary,cleveland,v5_site_mask_dro,v5,0,"{""brier_beta"": 0.0, ""d_model"": 64, ""dro_lambda"": 0.25, ""dro_tau"": 0.2, ""dropout"": 0.1, ""evaluation_interval"": 5, ""learning_rate"": 0.001, ""max_epochs"": 120, ""n_heads"": 4, ""n_layers"": 2, ""patience_evaluations"": 8, ""validation_mask_replicates"": 2, ""weight_decay"": 0.001}",5062,2835817707,5,0.5786019670575429,71617,7.58267689999775
hungary,cleveland,v5_site_mask_dro,v5,0,"{""brier_beta"": 0.0, ""d_model"": 64, ""dro_lambda"": 0.25, ""dro_tau"": 0.2, ""dropout"": 0.1, ""evaluation_interval"": 5, ""learning_rate"": 0.001, ""max_epochs"": 120, ""n_heads"": 4, ""n_layers"": 2, ""patience_evaluations"": 8, ""validation_mask_replicates"": 2, ""weight_decay"": 0.001}",5063,1241175825,5,0.5564716699884671,71617,7.821363399998518
hungary,cleveland,v5_site_mask_dro,v5,0,"{""brier_beta"": 0.0, ""d_model"": 64, ""dro_lambda"": 0.25, ""dro_tau"": 0.2, ""dropout"": 0.1, ""evaluation_interval"": 5, ""learning_rate"": 0.001, ""max_epochs"": 120, ""n_heads"": 4, ""n_layers"": 2, ""patience_evaluations"": 8, ""validation_mask_replicates"": 2, ""weight_decay"": 0.001}",5064,526298648,5,0.580305232170594,71617,7.41803919999802
hungary,switzerland,v5_site_mask_dro,v5,0,"{""brier_beta"": 0.0, ""d_model"": 64, ""dro_lambda"": 0.25, ""dro_tau"": 0.2, ""dropout"": 0.1, ""evaluation_interval"": 5, ""learning_rate"": 0.001, ""max_epochs"": 120, ""n_heads"": 4, ""n_layers"": 2, ""patience_evaluations"": 8, ""validation_mask_replicates"": 2, ""weight_decay"": 0.001}",5062,2288108710,5,0.713222298603737,71681,8.923820900003193
hungary,switzerland,v5_site_mask_dro,v5,0,"{""brier_beta"": 0.0, ""d_model"": 64, ""dro_lambda"": 0.25, ""dro_tau"": 0.2, ""dropout"": 0.1, ""evaluation_interval"": 5, ""learning_rate"": 0.001, ""max_epochs"": 120, ""n_heads"": 4, ""n_layers"": 2, ""patience_evaluations"": 8, ""validation_mask_replicates"": 2, ""weight_decay"": 0.001}",5063,905988884,15,0.7053657626554001,71681,11.126647299999604
hungary,switzerland,v5_site_mask_dro,v5,0,"{""brier_beta"": 0.0, ""d_model"": 64, ""dro_lambda"": 0.25, ""dro_tau"": 0.2, ""dropout"": 0.1, ""evaluation_interval"": 5, ""learning_rate"": 0.001, ""max_epochs"": 120, ""n_heads"": 4, ""n_layers"": 2, ""patience_evaluations"": 8, ""validation_mask_replicates"": 2, ""weight_decay"": 0.001}",5064,19388750,5,0.632475474869065,71681,9.072560100001283
hungary,va_long_beach,v5_site_mask_dro,v5,0,"{""brier_beta"": 0.0, ""d_model"": 64, ""dro_lambda"": 0.25, ""dro_tau"": 0.2, ""dropout"": 0.1, ""evaluation_interval"": 5, ""learning_rate"": 0.001, ""max_epochs"": 120, ""n_heads"": 4, ""n_layers"": 2, ""patience_evaluations"": 8, ""validation_mask_replicates"": 2, ""weight_decay"": 0.001}",5062,1099095228,5,0.6909080903900156,71681,8.548999000006006
hungary,va_long_beach,v5_site_mask_dro,v5,0,"{""brier_beta"": 0.0, ""d_model"": 64, ""dro_lambda"": 0.25, ""dro_tau"": 0.2, ""dropout"": 0.1, ""evaluation_interval"": 5, ""learning_rate"": 0.001, ""max_epochs"": 120, ""n_heads"": 4, ""n_layers"": 2, ""patience_evaluations"": 8, ""validation_mask_replicates"": 2, ""weight_decay"": 0.001}",5063,2798085737,5,0.8755449483138678,71681,9.173223799996777
hungary,va_long_beach,v5_site_mask_dro,v5,0,"{""brier_beta"": 0.0, ""d_model"": 64, ""dro_lambda"": 0.25, ""dro_tau"": 0.2, ""dropout"": 0.1, ""evaluation_interval"": 5, ""learning_rate"": 0.001, ""max_epochs"": 120, ""n_heads"": 4, ""n_layers"": 2, ""patience_evaluations"": 8, ""validation_mask_replicates"": 2, ""weight_decay"": 0.001}",5064,3254007746,5,0.8568348500749923,71681,8.119281799998134
hungary,cleveland,v5_site_mask_dro_brier,v5,0,"{""brier_beta"": 0.1, ""d_model"": 64, ""dro_lambda"": 0.25, ""dro_tau"": 0.2, ""dropout"": 0.1, ""evaluation_interval"": 5, ""learning_rate"": 0.001, ""max_epochs"": 120, ""n_heads"": 4, ""n_layers"": 2, ""patience_evaluations"": 8, ""validation_mask_replicates"": 2, ""weight_decay"": 0.001}",5062,2835817707,5,0.5786268908534005,71617,7.69382929999847
hungary,cleveland,v5_site_mask_dro_brier,v5,0,"{""brier_beta"": 0.1, ""d_model"": 64, ""dro_lambda"": 0.25, ""dro_tau"": 0.2, ""dropout"": 0.1, ""evaluation_interval"": 5, ""learning_rate"": 0.001, ""max_epochs"": 120, ""n_heads"": 4, ""n_layers"": 2, ""patience_evaluations"": 8, ""validation_mask_replicates"": 2, ""weight_decay"": 0.001}",5063,1241175825,5,0.5567061211587656,71617,7.549576299992623
hungary,cleveland,v5_site_mask_dro_brier,v5,0,"{""brier_beta"": 0.1, ""d_model"": 64, ""dro_lambda"": 0.25, ""dro_tau"": 0.2, ""dropout"": 0.1, ""evaluation_interval"": 5, ""learning_rate"": 0.001, ""max_epochs"": 120, ""n_heads"": 4, ""n_layers"": 2, ""patience_evaluations"": 8, ""validation_mask_replicates"": 2, ""weight_decay"": 0.001}",5064,526298648,5,0.5793181662932467,71617,7.578009700009716
hungary,switzerland,v5_site_mask_dro_brier,v5,0,"{""brier_beta"": 0.1, ""d_model"": 64, ""dro_lambda"": 0.25, ""dro_tau"": 0.2, ""dropout"": 0.1, ""evaluation_interval"": 5, ""learning_rate"": 0.001, ""max_epochs"": 120, ""n_heads"": 4, ""n_layers"": 2, ""patience_evaluations"": 8, ""validation_mask_replicates"": 2, ""weight_decay"": 0.001}",5062,2288108710,5,0.7147523283256222,71681,8.904717500001425
hungary,switzerland,v5_site_mask_dro_brier,v5,0,"{""brier_beta"": 0.1, ""d_model"": 64, ""dro_lambda"": 0.25, ""dro_tau"": 0.2, ""dropout"": 0.1, ""evaluation_interval"": 5, ""learning_rate"": 0.001, ""max_epochs"": 120, ""n_heads"": 4, ""n_layers"": 2, ""patience_evaluations"": 8, ""validation_mask_replicates"": 2, ""weight_decay"": 0.001}",5063,905988884,15,0.706940479712173,71681,10.96547520000604
hungary,switzerland,v5_site_mask_dro_brier,v5,0,"{""brier_beta"": 0.1, ""d_model"": 64, ""dro_lambda"": 0.25, ""dro_tau"": 0.2, ""dropout"": 0.1, ""evaluation_interval"": 5, ""learning_rate"": 0.001, ""max_epochs"": 120, ""n_heads"": 4, ""n_layers"": 2, ""patience_evaluations"": 8, ""validation_mask_replicates"": 2, ""weight_decay"": 0.001}",5064,19388750,5,0.6327387293233278,71681,9.434790600003907
hungary,va_long_beach,v5_site_mask_dro_brier,v5,0,"{""brier_beta"": 0.1, ""d_model"": 64, ""dro_lambda"": 0.25, ""dro_tau"": 0.2, ""dropout"": 0.1, ""evaluation_interval"": 5, ""learning_rate"": 0.001, ""max_epochs"": 120, ""n_heads"": 4, ""n_layers"": 2, ""patience_evaluations"": 8, ""validation_mask_replicates"": 2, ""weight_decay"": 0.001}",5062,1099095228,5,0.6910775205843621,71681,8.140373900008854
hungary,va_long_beach,v5_site_mask_dro_brier,v5,0,"{""brier_beta"": 0.1, ""d_model"": 64, ""dro_lambda"": 0.25, ""dro_tau"": 0.2, ""dropout"": 0.1, ""evaluation_interval"": 5, ""learning_rate"": 0.001, ""max_epochs"": 120, ""n_heads"": 4, ""n_layers"": 2, ""patience_evaluations"": 8, ""validation_mask_replicates"": 2, ""weight_decay"": 0.001}",5063,2798085737,5,0.8736506666415302,71681,7.913003099994967
hungary,va_long_beach,v5_site_mask_dro_brier,v5,0,"{""brier_beta"": 0.1, ""d_model"": 64, ""dro_lambda"": 0.25, ""dro_tau"": 0.2, ""dropout"": 0.1, ""evaluation_interval"": 5, ""learning_rate"": 0.001, ""max_epochs"": 120, ""n_heads"": 4, ""n_layers"": 2, ""patience_evaluations"": 8, ""validation_mask_replicates"": 2, ""weight_decay"": 0.001}",5064,3254007746,5,0.8567063273724232,71681,8.145276700000977
hungary,cleveland,v7_ane,v7,0,"{""brier_beta"": 0.1, ""d_model"": 64, ""dro_lambda"": 0.75, ""dro_tau"": 0.2, ""dropout"": 0.1, ""evaluation_interval"": 5, ""learning_rate"": 0.0005, ""max_epochs"": 120, ""n_heads"": 4, ""n_layers"": 2, ""patience_evaluations"": 8, ""validation_mask_replicates"": 2, ""weight_decay"": 0.001}",5062,2835817707,5,0.5980435828453476,71617,8.892667100008111
hungary,cleveland,v7_ane,v7,0,"{""brier_beta"": 0.1, ""d_model"": 64, ""dro_lambda"": 0.75, ""dro_tau"": 0.2, ""dropout"": 0.1, ""evaluation_interval"": 5, ""learning_rate"": 0.0005, ""max_epochs"": 120, ""n_heads"": 4, ""n_layers"": 2, ""patience_evaluations"": 8, ""validation_mask_replicates"": 2, ""weight_decay"": 0.001}",5063,1241175825,5,0.5735862630088601,71617,8.806747700000415
hungary,cleveland,v7_ane,v7,0,"{""brier_beta"": 0.1, ""d_model"": 64, ""dro_lambda"": 0.75, ""dro_tau"": 0.2, ""dropout"": 0.1, ""evaluation_interval"": 5, ""learning_rate"": 0.0005, ""max_epochs"": 120, ""n_heads"": 4, ""n_layers"": 2, ""patience_evaluations"": 8, ""validation_mask_replicates"": 2, ""weight_decay"": 0.001}",5064,526298648,5,0.598760644662282,71617,9.144028399998206
hungary,switzerland,v7_ane,v7,0,"{""brier_beta"": 0.1, ""d_model"": 64, ""dro_lambda"": 0.75, ""dro_tau"": 0.2, ""dropout"": 0.1, ""evaluation_interval"": 5, ""learning_rate"": 0.0005, ""max_epochs"": 120, ""n_heads"": 4, ""n_layers"": 2, ""patience_evaluations"": 8, ""validation_mask_replicates"": 2, ""weight_decay"": 0.001}",5062,2288108710,5,0.699105370288132,71681,12.28081199999724
hungary,switzerland,v7_ane,v7,0,"{""brier_beta"": 0.1, ""d_model"": 64, ""dro_lambda"": 0.75, ""dro_tau"": 0.2, ""dropout"": 0.1, ""evaluation_interval"": 5, ""learning_rate"": 0.0005, ""max_epochs"": 120, ""n_heads"": 4, ""n_layers"": 2, ""patience_evaluations"": 8, ""validation_mask_replicates"": 2, ""weight_decay"": 0.001}",5063,905988884,15,0.6693361392830388,71681,13.83872159999737
hungary,switzerland,v7_ane,v7,0,"{""brier_beta"": 0.1, ""d_model"": 64, ""dro_lambda"": 0.75, ""dro_tau"": 0.2, ""dropout"": 0.1, ""evaluation_interval"": 5, ""learning_rate"": 0.0005, ""max_epochs"": 120, ""n_heads"": 4, ""n_layers"": 2, ""patience_evaluations"": 8, ""validation_mask_replicates"": 2, ""weight_decay"": 0.001}",5064,19388750,5,0.6632809133639672,71681,11.286189799997373
hungary,va_long_beach,v7_ane,v7,0,"{""brier_beta"": 0.1, ""d_model"": 64, ""dro_lambda"": 0.75, ""dro_tau"": 0.2, ""dropout"": 0.1, ""evaluation_interval"": 5, ""learning_rate"": 0.0005, ""max_epochs"": 120, ""n_heads"": 4, ""n_layers"": 2, ""patience_evaluations"": 8, ""validation_mask_replicates"": 2, ""weight_decay"": 0.001}",5062,1099095228,5,0.7601024115475207,71681,9.548808200008352
hungary,va_long_beach,v7_ane,v7,0,"{""brier_beta"": 0.1, ""d_model"": 64, ""dro_lambda"": 0.75, ""dro_tau"": 0.2, ""dropout"": 0.1, ""evaluation_interval"": 5, ""learning_rate"": 0.0005, ""max_epochs"": 120, ""n_heads"": 4, ""n_layers"": 2, ""patience_evaluations"": 8, ""validation_mask_replicates"": 2, ""weight_decay"": 0.001}",5063,2798085737,5,0.6846330145559654,71681,9.839690699998755
hungary,va_long_beach,v7_ane,v7,0,"{""brier_beta"": 0.1, ""d_model"": 64, ""dro_lambda"": 0.75, ""dro_tau"": 0.2, ""dropout"": 0.1, ""evaluation_interval"": 5, ""learning_rate"": 0.0005, ""max_epochs"": 120, ""n_heads"": 4, ""n_layers"": 2, ""patience_evaluations"": 8, ""validation_mask_replicates"": 2, ""weight_decay"": 0.001}",5064,3254007746,5,0.7428445717445222,71681,9.870981999993091
switzerland,cleveland,v0_pooled_erm,v0,0,"{""brier_beta"": 0.0, ""d_model"": 64, ""dro_lambda"": 0.5, ""dro_tau"": 0.2, ""dropout"": 0.1, ""evaluation_interval"": 5, ""learning_rate"": 0.0005, ""max_epochs"": 120, ""n_heads"": 4, ""n_layers"": 2, ""patience_evaluations"": 8, ""validation_mask_replicates"": 2, ""weight_decay"": 0.001}",5062,61285438,15,0.5354102132884577,71489,7.186491500004195
switzerland,cleveland,v0_pooled_erm,v0,0,"{""brier_beta"": 0.0, ""d_model"": 64, ""dro_lambda"": 0.5, ""dro_tau"": 0.2, ""dropout"": 0.1, ""evaluation_interval"": 5, ""learning_rate"": 0.0005, ""max_epochs"": 120, ""n_heads"": 4, ""n_layers"": 2, ""patience_evaluations"": 8, ""validation_mask_replicates"": 2, ""weight_decay"": 0.001}",5063,3255196566,5,0.6337290414076944,71489,6.098784799993155
switzerland,cleveland,v0_pooled_erm,v0,0,"{""brier_beta"": 0.0, ""d_model"": 64, ""dro_lambda"": 0.5, ""dro_tau"": 0.2, ""dropout"": 0.1, ""evaluation_interval"": 5, ""learning_rate"": 0.0005, ""max_epochs"": 120, ""n_heads"": 4, ""n_layers"": 2, ""patience_evaluations"": 8, ""validation_mask_replicates"": 2, ""weight_decay"": 0.001}",5064,958305650,5,0.5531142876279327,71489,5.93513100000564
switzerland,hungary,v0_pooled_erm,v0,0,"{""brier_beta"": 0.0, ""d_model"": 64, ""dro_lambda"": 0.5, ""dro_tau"": 0.2, ""dropout"": 0.1, ""evaluation_interval"": 5, ""learning_rate"": 0.0005, ""max_epochs"": 120, ""n_heads"": 4, ""n_layers"": 2, ""patience_evaluations"": 8, ""validation_mask_replicates"": 2, ""weight_decay"": 0.001}",5062,2766612494,25,0.4960268780555105,71681,8.375420900003519
switzerland,hungary,v0_pooled_erm,v0,0,"{""brier_beta"": 0.0, ""d_model"": 64, ""dro_lambda"": 0.5, ""dro_tau"": 0.2, ""dropout"": 0.1, ""evaluation_interval"": 5, ""learning_rate"": 0.0005, ""max_epochs"": 120, ""n_heads"": 4, ""n_layers"": 2, ""patience_evaluations"": 8, ""validation_mask_replicates"": 2, ""weight_decay"": 0.001}",5063,2250517723,15,0.5048019230367434,71681,7.280412799998885
switzerland,hungary,v0_pooled_erm,v0,0,"{""brier_beta"": 0.0, ""d_model"": 64, ""dro_lambda"": 0.5, ""dro_tau"": 0.2, ""dropout"": 0.1, ""evaluation_interval"": 5, ""learning_rate"": 0.0005, ""max_epochs"": 120, ""n_heads"": 4, ""n_layers"": 2, ""patience_evaluations"": 8, ""validation_mask_replicates"": 2, ""weight_decay"": 0.001}",5064,1624375736,20,0.534355285572679,71681,7.716963300001225
switzerland,va_long_beach,v0_pooled_erm,v0,0,"{""brier_beta"": 0.0, ""d_model"": 64, ""dro_lambda"": 0.5, ""dro_tau"": 0.2, ""dropout"": 0.1, ""evaluation_interval"": 5, ""learning_rate"": 0.0005, ""max_epochs"": 120, ""n_heads"": 4, ""n_layers"": 2, ""patience_evaluations"": 8, ""validation_mask_replicates"": 2, ""weight_decay"": 0.001}",5062,3674963557,5,0.7246582063723732,71681,5.571109099997557
switzerland,va_long_beach,v0_pooled_erm,v0,0,"{""brier_beta"": 0.0, ""d_model"": 64, ""dro_lambda"": 0.5, ""dro_tau"": 0.2, ""dropout"": 0.1, ""evaluation_interval"": 5, ""learning_rate"": 0.0005, ""max_epochs"": 120, ""n_heads"": 4, ""n_layers"": 2, ""patience_evaluations"": 8, ""validation_mask_replicates"": 2, ""weight_decay"": 0.001}",5063,4268062175,5,0.6692338152361481,71681,6.0131693000003
switzerland,va_long_beach,v0_pooled_erm,v0,0,"{""brier_beta"": 0.0, ""d_model"": 64, ""dro_lambda"": 0.5, ""dro_tau"": 0.2, ""dropout"": 0.1, ""evaluation_interval"": 5, ""learning_rate"": 0.0005, ""max_epochs"": 120, ""n_heads"": 4, ""n_layers"": 2, ""patience_evaluations"": 8, ""validation_mask_replicates"": 2, ""weight_decay"": 0.001}",5064,1421097264,5,0.7027643683996874,71681,5.206183200003579
switzerland,cleveland,v1_site_balanced,v1,0,"{""brier_beta"": 0.0, ""d_model"": 64, ""dro_lambda"": 0.5, ""dro_tau"": 0.2, ""dropout"": 0.1, ""evaluation_interval"": 5, ""learning_rate"": 0.0005, ""max_epochs"": 120, ""n_heads"": 4, ""n_layers"": 2, ""patience_evaluations"": 8, ""validation_mask_replicates"": 2, ""weight_decay"": 0.001}",5062,61285438,15,0.5330607943675254,71489,7.140498599997954
switzerland,cleveland,v1_site_balanced,v1,0,"{""brier_beta"": 0.0, ""d_model"": 64, ""dro_lambda"": 0.5, ""dro_tau"": 0.2, ""dropout"": 0.1, ""evaluation_interval"": 5, ""learning_rate"": 0.0005, ""max_epochs"": 120, ""n_heads"": 4, ""n_layers"": 2, ""patience_evaluations"": 8, ""validation_mask_replicates"": 2, ""weight_decay"": 0.001}",5063,3255196566,10,0.6274614413491669,71489,6.500590299998294
switzerland,cleveland,v1_site_balanced,v1,0,"{""brier_beta"": 0.0, ""d_model"": 64, ""dro_lambda"": 0.5, ""dro_tau"": 0.2, ""dropout"": 0.1, ""evaluation_interval"": 5, ""learning_rate"": 0.0005, ""max_epochs"": 120, ""n_heads"": 4, ""n_layers"": 2, ""patience_evaluations"": 8, ""validation_mask_replicates"": 2, ""weight_decay"": 0.001}",5064,958305650,5,0.5519547853794109,71489,5.792831899991143
switzerland,hungary,v1_site_balanced,v1,0,"{""brier_beta"": 0.0, ""d_model"": 64, ""dro_lambda"": 0.5, ""dro_tau"": 0.2, ""dropout"": 0.1, ""evaluation_interval"": 5, ""learning_rate"": 0.0005, ""max_epochs"": 120, ""n_heads"": 4, ""n_layers"": 2, ""patience_evaluations"": 8, ""validation_mask_replicates"": 2, ""weight_decay"": 0.001}",5062,2766612494,25,0.5032138807569129,71681,8.311210400002892
switzerland,hungary,v1_site_balanced,v1,0,"{""brier_beta"": 0.0, ""d_model"": 64, ""dro_lambda"": 0.5, ""dro_tau"": 0.2, ""dropout"": 0.1, ""evaluation_interval"": 5, ""learning_rate"": 0.0005, ""max_epochs"": 120, ""n_heads"": 4, ""n_layers"": 2, ""patience_evaluations"": 8, ""validation_mask_replicates"": 2, ""weight_decay"": 0.001}",5063,2250517723,15,0.5018799316768673,71681,7.356467900011921
switzerland,hungary,v1_site_balanced,v1,0,"{""brier_beta"": 0.0, ""d_model"": 64, ""dro_lambda"": 0.5, ""dro_tau"": 0.2, ""dropout"": 0.1, ""evaluation_interval"": 5, ""learning_rate"": 0.0005, ""max_epochs"": 120, ""n_heads"": 4, ""n_layers"": 2, ""patience_evaluations"": 8, ""validation_mask_replicates"": 2, ""weight_decay"": 0.001}",5064,1624375736,20,0.5177087932655307,71681,8.413627800007816
switzerland,va_long_beach,v1_site_balanced,v1,0,"{""brier_beta"": 0.0, ""d_model"": 64, ""dro_lambda"": 0.5, ""dro_tau"": 0.2, ""dropout"": 0.1, ""evaluation_interval"": 5, ""learning_rate"": 0.0005, ""max_epochs"": 120, ""n_heads"": 4, ""n_layers"": 2, ""patience_evaluations"": 8, ""validation_mask_replicates"": 2, ""weight_decay"": 0.001}",5062,3674963557,5,0.7246900939764291,71681,5.765238400010276
switzerland,va_long_beach,v1_site_balanced,v1,0,"{""brier_beta"": 0.0, ""d_model"": 64, ""dro_lambda"": 0.5, ""dro_tau"": 0.2, ""dropout"": 0.1, ""evaluation_interval"": 5, ""learning_rate"": 0.0005, ""max_epochs"": 120, ""n_heads"": 4, ""n_layers"": 2, ""patience_evaluations"": 8, ""validation_mask_replicates"": 2, ""weight_decay"": 0.001}",5063,4268062175,5,0.6691771213951845,71681,6.242909300010069
switzerland,va_long_beach,v1_site_balanced,v1,0,"{""brier_beta"": 0.0, ""d_model"": 64, ""dro_lambda"": 0.5, ""dro_tau"": 0.2, ""dropout"": 0.1, ""evaluation_interval"": 5, ""learning_rate"": 0.0005, ""max_epochs"": 120, ""n_heads"": 4, ""n_layers"": 2, ""patience_evaluations"": 8, ""validation_mask_replicates"": 2, ""weight_decay"": 0.001}",5064,1421097264,5,0.7018720780607823,71681,5.634909699991113
switzerland,cleveland,v2_prior_separated,v2,0,"{""brier_beta"": 0.0, ""d_model"": 64, ""dro_lambda"": 0.5, ""dro_tau"": 0.2, ""dropout"": 0.1, ""evaluation_interval"": 5, ""learning_rate"": 0.001, ""max_epochs"": 120, ""n_heads"": 4, ""n_layers"": 2, ""patience_evaluations"": 8, ""validation_mask_replicates"": 2, ""weight_decay"": 0.001}",5062,61285438,5,0.5233771630552828,71489,6.516431800002465
switzerland,cleveland,v2_prior_separated,v2,0,"{""brier_beta"": 0.0, ""d_model"": 64, ""dro_lambda"": 0.5, ""dro_tau"": 0.2, ""dropout"": 0.1, ""evaluation_interval"": 5, ""learning_rate"": 0.001, ""max_epochs"": 120, ""n_heads"": 4, ""n_layers"": 2, ""patience_evaluations"": 8, ""validation_mask_replicates"": 2, ""weight_decay"": 0.001}",5063,3255196566,5,0.6244655026248924,71489,6.276605299994117
switzerland,cleveland,v2_prior_separated,v2,0,"{""brier_beta"": 0.0, ""d_model"": 64, ""dro_lambda"": 0.5, ""dro_tau"": 0.2, ""dropout"": 0.1, ""evaluation_interval"": 5, ""learning_rate"": 0.001, ""max_epochs"": 120, ""n_heads"": 4, ""n_layers"": 2, ""patience_evaluations"": 8, ""validation_mask_replicates"": 2, ""weight_decay"": 0.001}",5064,958305650,5,0.5773469721318694,71489,6.2361477999947965
switzerland,hungary,v2_prior_separated,v2,0,"{""brier_beta"": 0.0, ""d_model"": 64, ""dro_lambda"": 0.5, ""dro_tau"": 0.2, ""dropout"": 0.1, ""evaluation_interval"": 5, ""learning_rate"": 0.001, ""max_epochs"": 120, ""n_heads"": 4, ""n_layers"": 2, ""patience_evaluations"": 8, ""validation_mask_replicates"": 2, ""weight_decay"": 0.001}",5062,2766612494,15,0.5492420158800978,71681,7.185882200006745
switzerland,hungary,v2_prior_separated,v2,0,"{""brier_beta"": 0.0, ""d_model"": 64, ""dro_lambda"": 0.5, ""dro_tau"": 0.2, ""dropout"": 0.1, ""evaluation_interval"": 5, ""learning_rate"": 0.001, ""max_epochs"": 120, ""n_heads"": 4, ""n_layers"": 2, ""patience_evaluations"": 8, ""validation_mask_replicates"": 2, ""weight_decay"": 0.001}",5063,2250517723,5,0.5276592396940246,71681,5.919935500001884
switzerland,hungary,v2_prior_separated,v2,0,"{""brier_beta"": 0.0, ""d_model"": 64, ""dro_lambda"": 0.5, ""dro_tau"": 0.2, ""dropout"": 0.1, ""evaluation_interval"": 5, ""learning_rate"": 0.001, ""max_epochs"": 120, ""n_heads"": 4, ""n_layers"": 2, ""patience_evaluations"": 8, ""validation_mask_replicates"": 2, ""weight_decay"": 0.001}",5064,1624375736,5,0.5578727918390683,71681,5.803232200007187
switzerland,va_long_beach,v2_prior_separated,v2,0,"{""brier_beta"": 0.0, ""d_model"": 64, ""dro_lambda"": 0.5, ""dro_tau"": 0.2, ""dropout"": 0.1, ""evaluation_interval"": 5, ""learning_rate"": 0.001, ""max_epochs"": 120, ""n_heads"": 4, ""n_layers"": 2, ""patience_evaluations"": 8, ""validation_mask_replicates"": 2, ""weight_decay"": 0.001}",5062,3674963557,10,0.7825224762345604,71681,6.322025500005111
switzerland,va_long_beach,v2_prior_separated,v2,0,"{""brier_beta"": 0.0, ""d_model"": 64, ""dro_lambda"": 0.5, ""dro_tau"": 0.2, ""dropout"": 0.1, ""evaluation_interval"": 5, ""learning_rate"": 0.001, ""max_epochs"": 120, ""n_heads"": 4, ""n_layers"": 2, ""patience_evaluations"": 8, ""validation_mask_replicates"": 2, ""weight_decay"": 0.001}",5063,4268062175,5,0.7521720442726876,71681,6.0013021000049775
switzerland,va_long_beach,v2_prior_separated,v2,0,"{""brier_beta"": 0.0, ""d_model"": 64, ""dro_lambda"": 0.5, ""dro_tau"": 0.2, ""dropout"": 0.1, ""evaluation_interval"": 5, ""learning_rate"": 0.001, ""max_epochs"": 120, ""n_heads"": 4, ""n_layers"": 2, ""patience_evaluations"": 8, ""validation_mask_replicates"": 2, ""weight_decay"": 0.001}",5064,1421097264,5,0.7660977896775756,71681,5.81322349999391
switzerland,cleveland,v3_mcar_augmentation,v3,0,"{""brier_beta"": 0.0, ""d_model"": 64, ""dro_lambda"": 0.5, ""dro_tau"": 0.2, ""dropout"": 0.1, ""evaluation_interval"": 5, ""learning_rate"": 0.001, ""max_epochs"": 120, ""n_heads"": 4, ""n_layers"": 2, ""patience_evaluations"": 8, ""validation_mask_replicates"": 2, ""weight_decay"": 0.001}",5062,61285438,5,0.522309301013913,71489,6.956331800000044
switzerland,cleveland,v3_mcar_augmentation,v3,0,"{""brier_beta"": 0.0, ""d_model"": 64, ""dro_lambda"": 0.5, ""dro_tau"": 0.2, ""dropout"": 0.1, ""evaluation_interval"": 5, ""learning_rate"": 0.001, ""max_epochs"": 120, ""n_heads"": 4, ""n_layers"": 2, ""patience_evaluations"": 8, ""validation_mask_replicates"": 2, ""weight_decay"": 0.001}",5063,3255196566,5,0.6244743784890191,71489,6.589175400004024
switzerland,cleveland,v3_mcar_augmentation,v3,0,"{""brier_beta"": 0.0, ""d_model"": 64, ""dro_lambda"": 0.5, ""dro_tau"": 0.2, ""dropout"": 0.1, ""evaluation_interval"": 5, ""learning_rate"": 0.001, ""max_epochs"": 120, ""n_heads"": 4, ""n_layers"": 2, ""patience_evaluations"": 8, ""validation_mask_replicates"": 2, ""weight_decay"": 0.001}",5064,958305650,5,0.5652853507097323,71489,6.839195799999288
switzerland,hungary,v3_mcar_augmentation,v3,0,"{""brier_beta"": 0.0, ""d_model"": 64, ""dro_lambda"": 0.5, ""dro_tau"": 0.2, ""dropout"": 0.1, ""evaluation_interval"": 5, ""learning_rate"": 0.001, ""max_epochs"": 120, ""n_heads"": 4, ""n_layers"": 2, ""patience_evaluations"": 8, ""validation_mask_replicates"": 2, ""weight_decay"": 0.001}",5062,2766612494,15,0.48788171813074177,71681,7.833392000000458
switzerland,hungary,v3_mcar_augmentation,v3,0,"{""brier_beta"": 0.0, ""d_model"": 64, ""dro_lambda"": 0.5, ""dro_tau"": 0.2, ""dropout"": 0.1, ""evaluation_interval"": 5, ""learning_rate"": 0.001, ""max_epochs"": 120, ""n_heads"": 4, ""n_layers"": 2, ""patience_evaluations"": 8, ""validation_mask_replicates"": 2, ""weight_decay"": 0.001}",5063,2250517723,25,0.4953941729703647,71681,9.070589300012216
switzerland,hungary,v3_mcar_augmentation,v3,0,"{""brier_beta"": 0.0, ""d_model"": 64, ""dro_lambda"": 0.5, ""dro_tau"": 0.2, ""dropout"": 0.1, ""evaluation_interval"": 5, ""learning_rate"": 0.001, ""max_epochs"": 120, ""n_heads"": 4, ""n_layers"": 2, ""patience_evaluations"": 8, ""validation_mask_replicates"": 2, ""weight_decay"": 0.001}",5064,1624375736,15,0.49275736443758855,71681,7.53820419999829
switzerland,va_long_beach,v3_mcar_augmentation,v3,0,"{""brier_beta"": 0.0, ""d_model"": 64, ""dro_lambda"": 0.5, ""dro_tau"": 0.2, ""dropout"": 0.1, ""evaluation_interval"": 5, ""learning_rate"": 0.001, ""max_epochs"": 120, ""n_heads"": 4, ""n_layers"": 2, ""patience_evaluations"": 8, ""validation_mask_replicates"": 2, ""weight_decay"": 0.001}",5062,3674963557,20,0.7396478795554888,71681,8.232478099991567
switzerland,va_long_beach,v3_mcar_augmentation,v3,0,"{""brier_beta"": 0.0, ""d_model"": 64, ""dro_lambda"": 0.5, ""dro_tau"": 0.2, ""dropout"": 0.1, ""evaluation_interval"": 5, ""learning_rate"": 0.001, ""max_epochs"": 120, ""n_heads"": 4, ""n_layers"": 2, ""patience_evaluations"": 8, ""validation_mask_replicates"": 2, ""weight_decay"": 0.001}",5063,4268062175,5,0.7440916099896977,71681,6.273356100005913
switzerland,va_long_beach,v3_mcar_augmentation,v3,0,"{""brier_beta"": 0.0, ""d_model"": 64, ""dro_lambda"": 0.5, ""dro_tau"": 0.2, ""dropout"": 0.1, ""evaluation_interval"": 5, ""learning_rate"": 0.001, ""max_epochs"": 120, ""n_heads"": 4, ""n_layers"": 2, ""patience_evaluations"": 8, ""validation_mask_replicates"": 2, ""weight_decay"": 0.001}",5064,1421097264,20,0.7484644958702897,71681,8.733093100003316
switzerland,cleveland,v4_structured_policy_bank,v4,0,"{""brier_beta"": 0.0, ""d_model"": 64, ""dro_lambda"": 0.5, ""dro_tau"": 0.2, ""dropout"": 0.1, ""evaluation_interval"": 5, ""learning_rate"": 0.001, ""max_epochs"": 120, ""n_heads"": 4, ""n_layers"": 2, ""patience_evaluations"": 8, ""validation_mask_replicates"": 2, ""weight_decay"": 0.001}",5062,61285438,5,0.5225208942069117,71489,8.357339700000011
switzerland,cleveland,v4_structured_policy_bank,v4,0,"{""brier_beta"": 0.0, ""d_model"": 64, ""dro_lambda"": 0.5, ""dro_tau"": 0.2, ""dropout"": 0.1, ""evaluation_interval"": 5, ""learning_rate"": 0.001, ""max_epochs"": 120, ""n_heads"": 4, ""n_layers"": 2, ""patience_evaluations"": 8, ""validation_mask_replicates"": 2, ""weight_decay"": 0.001}",5063,3255196566,5,0.6191169574037659,71489,8.238340199997765
switzerland,cleveland,v4_structured_policy_bank,v4,0,"{""brier_beta"": 0.0, ""d_model"": 64, ""dro_lambda"": 0.5, ""dro_tau"": 0.2, ""dropout"": 0.1, ""evaluation_interval"": 5, ""learning_rate"": 0.001, ""max_epochs"": 120, ""n_heads"": 4, ""n_layers"": 2, ""patience_evaluations"": 8, ""validation_mask_replicates"": 2, ""weight_decay"": 0.001}",5064,958305650,5,0.5660154847937173,71489,8.44618719999562
switzerland,hungary,v4_structured_policy_bank,v4,0,"{""brier_beta"": 0.0, ""d_model"": 64, ""dro_lambda"": 0.5, ""dro_tau"": 0.2, ""dropout"": 0.1, ""evaluation_interval"": 5, ""learning_rate"": 0.001, ""max_epochs"": 120, ""n_heads"": 4, ""n_layers"": 2, ""patience_evaluations"": 8, ""validation_mask_replicates"": 2, ""weight_decay"": 0.001}",5062,2766612494,15,0.49817830801971325,71681,10.102337599993916
switzerland,hungary,v4_structured_policy_bank,v4,0,"{""brier_beta"": 0.0, ""d_model"": 64, ""dro_lambda"": 0.5, ""dro_tau"": 0.2, ""dropout"": 0.1, ""evaluation_interval"": 5, ""learning_rate"": 0.001, ""max_epochs"": 120, ""n_heads"": 4, ""n_layers"": 2, ""patience_evaluations"": 8, ""validation_mask_replicates"": 2, ""weight_decay"": 0.001}",5063,2250517723,30,0.5090327394640958,71681,12.938505700003589
switzerland,hungary,v4_structured_policy_bank,v4,0,"{""brier_beta"": 0.0, ""d_model"": 64, ""dro_lambda"": 0.5, ""dro_tau"": 0.2, ""dropout"": 0.1, ""evaluation_interval"": 5, ""learning_rate"": 0.001, ""max_epochs"": 120, ""n_heads"": 4, ""n_layers"": 2, ""patience_evaluations"": 8, ""validation_mask_replicates"": 2, ""weight_decay"": 0.001}",5064,1624375736,5,0.515441546816422,71681,8.300894100000733
switzerland,va_long_beach,v4_structured_policy_bank,v4,0,"{""brier_beta"": 0.0, ""d_model"": 64, ""dro_lambda"": 0.5, ""dro_tau"": 0.2, ""dropout"": 0.1, ""evaluation_interval"": 5, ""learning_rate"": 0.001, ""max_epochs"": 120, ""n_heads"": 4, ""n_layers"": 2, ""patience_evaluations"": 8, ""validation_mask_replicates"": 2, ""weight_decay"": 0.001}",5062,3674963557,10,0.7616689704632866,71681,9.383926299997256
switzerland,va_long_beach,v4_structured_policy_bank,v4,0,"{""brier_beta"": 0.0, ""d_model"": 64, ""dro_lambda"": 0.5, ""dro_tau"": 0.2, ""dropout"": 0.1, ""evaluation_interval"": 5, ""learning_rate"": 0.001, ""max_epochs"": 120, ""n_heads"": 4, ""n_layers"": 2, ""patience_evaluations"": 8, ""validation_mask_replicates"": 2, ""weight_decay"": 0.001}",5063,4268062175,5,0.7668475852955721,71681,8.369224000009126
switzerland,va_long_beach,v4_structured_policy_bank,v4,0,"{""brier_beta"": 0.0, ""d_model"": 64, ""dro_lambda"": 0.5, ""dro_tau"": 0.2, ""dropout"": 0.1, ""evaluation_interval"": 5, ""learning_rate"": 0.001, ""max_epochs"": 120, ""n_heads"": 4, ""n_layers"": 2, ""patience_evaluations"": 8, ""validation_mask_replicates"": 2, ""weight_decay"": 0.001}",5064,1421097264,10,0.7448527351161747,71681,9.208500900000217
switzerland,cleveland,v5_site_only_dro,v5_site,0,"{""brier_beta"": 0.1, ""d_model"": 64, ""dro_lambda"": 0.25, ""dro_tau"": 0.2, ""dropout"": 0.1, ""evaluation_interval"": 5, ""learning_rate"": 0.0005, ""max_epochs"": 120, ""n_heads"": 4, ""n_layers"": 2, ""patience_evaluations"": 8, ""validation_mask_replicates"": 2, ""weight_decay"": 0.001}",5062,61285438,10,0.517424910635074,71489,9.240864799998235
switzerland,cleveland,v5_site_only_dro,v5_site,0,"{""brier_beta"": 0.1, ""d_model"": 64, ""dro_lambda"": 0.25, ""dro_tau"": 0.2, ""dropout"": 0.1, ""evaluation_interval"": 5, ""learning_rate"": 0.0005, ""max_epochs"": 120, ""n_heads"": 4, ""n_layers"": 2, ""patience_evaluations"": 8, ""validation_mask_replicates"": 2, ""weight_decay"": 0.001}",5063,3255196566,10,0.6234534499078449,71489,9.40985609999916
switzerland,cleveland,v5_site_only_dro,v5_site,0,"{""brier_beta"": 0.1, ""d_model"": 64, ""dro_lambda"": 0.25, ""dro_tau"": 0.2, ""dropout"": 0.1, ""evaluation_interval"": 5, ""learning_rate"": 0.0005, ""max_epochs"": 120, ""n_heads"": 4, ""n_layers"": 2, ""patience_evaluations"": 8, ""validation_mask_replicates"": 2, ""weight_decay"": 0.001}",5064,958305650,5,0.5578030610328394,71489,8.370369700001902
switzerland,hungary,v5_site_only_dro,v5_site,0,"{""brier_beta"": 0.1, ""d_model"": 64, ""dro_lambda"": 0.25, ""dro_tau"": 0.2, ""dropout"": 0.1, ""evaluation_interval"": 5, ""learning_rate"": 0.0005, ""max_epochs"": 120, ""n_heads"": 4, ""n_layers"": 2, ""patience_evaluations"": 8, ""validation_mask_replicates"": 2, ""weight_decay"": 0.001}",5062,2766612494,30,0.5227324906006853,71681,12.838103500005673
switzerland,hungary,v5_site_only_dro,v5_site,0,"{""brier_beta"": 0.1, ""d_model"": 64, ""dro_lambda"": 0.25, ""dro_tau"": 0.2, ""dropout"": 0.1, ""evaluation_interval"": 5, ""learning_rate"": 0.0005, ""max_epochs"": 120, ""n_heads"": 4, ""n_layers"": 2, ""patience_evaluations"": 8, ""validation_mask_replicates"": 2, ""weight_decay"": 0.001}",5063,2250517723,10,0.5003751039293928,71681,9.289871899993159
switzerland,hungary,v5_site_only_dro,v5_site,0,"{""brier_beta"": 0.1, ""d_model"": 64, ""dro_lambda"": 0.25, ""dro_tau"": 0.2, ""dropout"": 0.1, ""evaluation_interval"": 5, ""learning_rate"": 0.0005, ""max_epochs"": 120, ""n_heads"": 4, ""n_layers"": 2, ""patience_evaluations"": 8, ""validation_mask_replicates"": 2, ""weight_decay"": 0.001}",5064,1624375736,15,0.5036544910387772,71681,9.998827699993853
switzerland,va_long_beach,v5_site_only_dro,v5_site,0,"{""brier_beta"": 0.1, ""d_model"": 64, ""dro_lambda"": 0.25, ""dro_tau"": 0.2, ""dropout"": 0.1, ""evaluation_interval"": 5, ""learning_rate"": 0.0005, ""max_epochs"": 120, ""n_heads"": 4, ""n_layers"": 2, ""patience_evaluations"": 8, ""validation_mask_replicates"": 2, ""weight_decay"": 0.001}",5062,3674963557,5,0.7399332741239493,71681,8.302078099994105
switzerland,va_long_beach,v5_site_only_dro,v5_site,0,"{""brier_beta"": 0.1, ""d_model"": 64, ""dro_lambda"": 0.25, ""dro_tau"": 0.2, ""dropout"": 0.1, ""evaluation_interval"": 5, ""learning_rate"": 0.0005, ""max_epochs"": 120, ""n_heads"": 4, ""n_layers"": 2, ""patience_evaluations"": 8, ""validation_mask_replicates"": 2, ""weight_decay"": 0.001}",5063,4268062175,5,0.6822314390998117,71681,8.500444399993285
switzerland,va_long_beach,v5_site_only_dro,v5_site,0,"{""brier_beta"": 0.1, ""d_model"": 64, ""dro_lambda"": 0.25, ""dro_tau"": 0.2, ""dropout"": 0.1, ""evaluation_interval"": 5, ""learning_rate"": 0.0005, ""max_epochs"": 120, ""n_heads"": 4, ""n_layers"": 2, ""patience_evaluations"": 8, ""validation_mask_replicates"": 2, ""weight_decay"": 0.001}",5064,1421097264,5,0.7406198854583683,71681,8.274101299990434
switzerland,cleveland,v5_mask_only_dro,v5_mask,0,"{""brier_beta"": 0.1, ""d_model"": 64, ""dro_lambda"": 0.75, ""dro_tau"": 0.2, ""dropout"": 0.1, ""evaluation_interval"": 5, ""learning_rate"": 0.0005, ""max_epochs"": 120, ""n_heads"": 4, ""n_layers"": 2, ""patience_evaluations"": 8, ""validation_mask_replicates"": 2, ""weight_decay"": 0.001}",5062,61285438,10,0.5160011404830839,71489,9.286023799999384
switzerland,cleveland,v5_mask_only_dro,v5_mask,0,"{""brier_beta"": 0.1, ""d_model"": 64, ""dro_lambda"": 0.75, ""dro_tau"": 0.2, ""dropout"": 0.1, ""evaluation_interval"": 5, ""learning_rate"": 0.0005, ""max_epochs"": 120, ""n_heads"": 4, ""n_layers"": 2, ""patience_evaluations"": 8, ""validation_mask_replicates"": 2, ""weight_decay"": 0.001}",5063,3255196566,10,0.6221401526001872,71489,9.284337799996138
switzerland,cleveland,v5_mask_only_dro,v5_mask,0,"{""brier_beta"": 0.1, ""d_model"": 64, ""dro_lambda"": 0.75, ""dro_tau"": 0.2, ""dropout"": 0.1, ""evaluation_interval"": 5, ""learning_rate"": 0.0005, ""max_epochs"": 120, ""n_heads"": 4, ""n_layers"": 2, ""patience_evaluations"": 8, ""validation_mask_replicates"": 2, ""weight_decay"": 0.001}",5064,958305650,5,0.5573853455804911,71489,8.456079800002044
switzerland,hungary,v5_mask_only_dro,v5_mask,0,"{""brier_beta"": 0.1, ""d_model"": 64, ""dro_lambda"": 0.75, ""dro_tau"": 0.2, ""dropout"": 0.1, ""evaluation_interval"": 5, ""learning_rate"": 0.0005, ""max_epochs"": 120, ""n_heads"": 4, ""n_layers"": 2, ""patience_evaluations"": 8, ""validation_mask_replicates"": 2, ""weight_decay"": 0.001}",5062,2766612494,35,0.511767197169303,71681,13.738612100001774
switzerland,hungary,v5_mask_only_dro,v5_mask,0,"{""brier_beta"": 0.1, ""d_model"": 64, ""dro_lambda"": 0.75, ""dro_tau"": 0.2, ""dropout"": 0.1, ""evaluation_interval"": 5, ""learning_rate"": 0.0005, ""max_epochs"": 120, ""n_heads"": 4, ""n_layers"": 2, ""patience_evaluations"": 8, ""validation_mask_replicates"": 2, ""weight_decay"": 0.001}",5063,2250517723,25,0.4954335594255248,71681,12.002026999994996
switzerland,hungary,v5_mask_only_dro,v5_mask,0,"{""brier_beta"": 0.1, ""d_model"": 64, ""dro_lambda"": 0.75, ""dro_tau"": 0.2, ""dropout"": 0.1, ""evaluation_interval"": 5, ""learning_rate"": 0.0005, ""max_epochs"": 120, ""n_heads"": 4, ""n_layers"": 2, ""patience_evaluations"": 8, ""validation_mask_replicates"": 2, ""weight_decay"": 0.001}",5064,1624375736,15,0.4971608514249738,71681,9.947071900009178
switzerland,va_long_beach,v5_mask_only_dro,v5_mask,0,"{""brier_beta"": 0.1, ""d_model"": 64, ""dro_lambda"": 0.75, ""dro_tau"": 0.2, ""dropout"": 0.1, ""evaluation_interval"": 5, ""learning_rate"": 0.0005, ""max_epochs"": 120, ""n_heads"": 4, ""n_layers"": 2, ""patience_evaluations"": 8, ""validation_mask_replicates"": 2, ""weight_decay"": 0.001}",5062,3674963557,5,0.7343156643032386,71681,8.302951100005885
switzerland,va_long_beach,v5_mask_only_dro,v5_mask,0,"{""brier_beta"": 0.1, ""d_model"": 64, ""dro_lambda"": 0.75, ""dro_tau"": 0.2, ""dropout"": 0.1, ""evaluation_interval"": 5, ""learning_rate"": 0.0005, ""max_epochs"": 120, ""n_heads"": 4, ""n_layers"": 2, ""patience_evaluations"": 8, ""validation_mask_replicates"": 2, ""weight_decay"": 0.001}",5063,4268062175,5,0.6820422306561851,71681,8.568357600001036
switzerland,va_long_beach,v5_mask_only_dro,v5_mask,0,"{""brier_beta"": 0.1, ""d_model"": 64, ""dro_lambda"": 0.75, ""dro_tau"": 0.2, ""dropout"": 0.1, ""evaluation_interval"": 5, ""learning_rate"": 0.0005, ""max_epochs"": 120, ""n_heads"": 4, ""n_layers"": 2, ""patience_evaluations"": 8, ""validation_mask_replicates"": 2, ""weight_decay"": 0.001}",5064,1421097264,5,0.7414536931573463,71681,8.307550599987735
switzerland,cleveland,v5_site_mask_dro,v5,0,"{""brier_beta"": 0.0, ""d_model"": 64, ""dro_lambda"": 0.5, ""dro_tau"": 0.2, ""dropout"": 0.1, ""evaluation_interval"": 5, ""learning_rate"": 0.0005, ""max_epochs"": 120, ""n_heads"": 4, ""n_layers"": 2, ""patience_evaluations"": 8, ""validation_mask_replicates"": 2, ""weight_decay"": 0.001}",5062,61285438,10,0.517688269964178,71489,9.56551679999393
switzerland,cleveland,v5_site_mask_dro,v5,0,"{""brier_beta"": 0.0, ""d_model"": 64, ""dro_lambda"": 0.5, ""dro_tau"": 0.2, ""dropout"": 0.1, ""evaluation_interval"": 5, ""learning_rate"": 0.0005, ""max_epochs"": 120, ""n_heads"": 4, ""n_layers"": 2, ""patience_evaluations"": 8, ""validation_mask_replicates"": 2, ""weight_decay"": 0.001}",5063,3255196566,10,0.6215111064528804,71489,9.341062099992996
switzerland,cleveland,v5_site_mask_dro,v5,0,"{""brier_beta"": 0.0, ""d_model"": 64, ""dro_lambda"": 0.5, ""dro_tau"": 0.2, ""dropout"": 0.1, ""evaluation_interval"": 5, ""learning_rate"": 0.0005, ""max_epochs"": 120, ""n_heads"": 4, ""n_layers"": 2, ""patience_evaluations"": 8, ""validation_mask_replicates"": 2, ""weight_decay"": 0.001}",5064,958305650,5,0.5587495094119259,71489,8.443558099999791
switzerland,hungary,v5_site_mask_dro,v5,0,"{""brier_beta"": 0.0, ""d_model"": 64, ""dro_lambda"": 0.5, ""dro_tau"": 0.2, ""dropout"": 0.1, ""evaluation_interval"": 5, ""learning_rate"": 0.0005, ""max_epochs"": 120, ""n_heads"": 4, ""n_layers"": 2, ""patience_evaluations"": 8, ""validation_mask_replicates"": 2, ""weight_decay"": 0.001}",5062,2766612494,30,0.5199036686013807,71681,12.831456300002174
switzerland,hungary,v5_site_mask_dro,v5,0,"{""brier_beta"": 0.0, ""d_model"": 64, ""dro_lambda"": 0.5, ""dro_tau"": 0.2, ""dropout"": 0.1, ""evaluation_interval"": 5, ""learning_rate"": 0.0005, ""max_epochs"": 120, ""n_heads"": 4, ""n_layers"": 2, ""patience_evaluations"": 8, ""validation_mask_replicates"": 2, ""weight_decay"": 0.001}",5063,2250517723,25,0.5020220147802286,71681,11.990986000004341
switzerland,hungary,v5_site_mask_dro,v5,0,"{""brier_beta"": 0.0, ""d_model"": 64, ""dro_lambda"": 0.5, ""dro_tau"": 0.2, ""dropout"": 0.1, ""evaluation_interval"": 5, ""learning_rate"": 0.0005, ""max_epochs"": 120, ""n_heads"": 4, ""n_layers"": 2, ""patience_evaluations"": 8, ""validation_mask_replicates"": 2, ""weight_decay"": 0.001}",5064,1624375736,15,0.5080966542400651,71681,10.100122100004228
switzerland,va_long_beach,v5_site_mask_dro,v5,0,"{""brier_beta"": 0.0, ""d_model"": 64, ""dro_lambda"": 0.5, ""dro_tau"": 0.2, ""dropout"": 0.1, ""evaluation_interval"": 5, ""learning_rate"": 0.0005, ""max_epochs"": 120, ""n_heads"": 4, ""n_layers"": 2, ""patience_evaluations"": 8, ""validation_mask_replicates"": 2, ""weight_decay"": 0.001}",5062,3674963557,5,0.7367842916595021,71681,8.305353499992634
switzerland,va_long_beach,v5_site_mask_dro,v5,0,"{""brier_beta"": 0.0, ""d_model"": 64, ""dro_lambda"": 0.5, ""dro_tau"": 0.2, ""dropout"": 0.1, ""evaluation_interval"": 5, ""learning_rate"": 0.0005, ""max_epochs"": 120, ""n_heads"": 4, ""n_layers"": 2, ""patience_evaluations"": 8, ""validation_mask_replicates"": 2, ""weight_decay"": 0.001}",5063,4268062175,5,0.6820739615920561,71681,8.619220599997789
switzerland,va_long_beach,v5_site_mask_dro,v5,0,"{""brier_beta"": 0.0, ""d_model"": 64, ""dro_lambda"": 0.5, ""dro_tau"": 0.2, ""dropout"": 0.1, ""evaluation_interval"": 5, ""learning_rate"": 0.0005, ""max_epochs"": 120, ""n_heads"": 4, ""n_layers"": 2, ""patience_evaluations"": 8, ""validation_mask_replicates"": 2, ""weight_decay"": 0.001}",5064,1421097264,5,0.7410129540748882,71681,8.603773800001363
switzerland,cleveland,v5_site_mask_dro_brier,v5,0,"{""brier_beta"": 0.1, ""d_model"": 64, ""dro_lambda"": 0.5, ""dro_tau"": 0.2, ""dropout"": 0.1, ""evaluation_interval"": 5, ""learning_rate"": 0.0005, ""max_epochs"": 120, ""n_heads"": 4, ""n_layers"": 2, ""patience_evaluations"": 8, ""validation_mask_replicates"": 2, ""weight_decay"": 0.001}",5062,61285438,10,0.5174743244716481,71489,9.518401799999992
switzerland,cleveland,v5_site_mask_dro_brier,v5,0,"{""brier_beta"": 0.1, ""d_model"": 64, ""dro_lambda"": 0.5, ""dro_tau"": 0.2, ""dropout"": 0.1, ""evaluation_interval"": 5, ""learning_rate"": 0.0005, ""max_epochs"": 120, ""n_heads"": 4, ""n_layers"": 2, ""patience_evaluations"": 8, ""validation_mask_replicates"": 2, ""weight_decay"": 0.001}",5063,3255196566,10,0.621823508129931,71489,9.233770200007712
switzerland,cleveland,v5_site_mask_dro_brier,v5,0,"{""brier_beta"": 0.1, ""d_model"": 64, ""dro_lambda"": 0.5, ""dro_tau"": 0.2, ""dropout"": 0.1, ""evaluation_interval"": 5, ""learning_rate"": 0.0005, ""max_epochs"": 120, ""n_heads"": 4, ""n_layers"": 2, ""patience_evaluations"": 8, ""validation_mask_replicates"": 2, ""weight_decay"": 0.001}",5064,958305650,5,0.5585467611252453,71489,7.916288500011433
switzerland,hungary,v5_site_mask_dro_brier,v5,0,"{""brier_beta"": 0.1, ""d_model"": 64, ""dro_lambda"": 0.5, ""dro_tau"": 0.2, ""dropout"": 0.1, ""evaluation_interval"": 5, ""learning_rate"": 0.0005, ""max_epochs"": 120, ""n_heads"": 4, ""n_layers"": 2, ""patience_evaluations"": 8, ""validation_mask_replicates"": 2, ""weight_decay"": 0.001}",5062,2766612494,30,0.5210392426102606,71681,12.189249599992763
switzerland,hungary,v5_site_mask_dro_brier,v5,0,"{""brier_beta"": 0.1, ""d_model"": 64, ""dro_lambda"": 0.5, ""dro_tau"": 0.2, ""dropout"": 0.1, ""evaluation_interval"": 5, ""learning_rate"": 0.0005, ""max_epochs"": 120, ""n_heads"": 4, ""n_layers"": 2, ""patience_evaluations"": 8, ""validation_mask_replicates"": 2, ""weight_decay"": 0.001}",5063,2250517723,10,0.5020912035721679,71681,9.070476900000358
switzerland,hungary,v5_site_mask_dro_brier,v5,0,"{""brier_beta"": 0.1, ""d_model"": 64, ""dro_lambda"": 0.5, ""dro_tau"": 0.2, ""dropout"": 0.1, ""evaluation_interval"": 5, ""learning_rate"": 0.0005, ""max_epochs"": 120, ""n_heads"": 4, ""n_layers"": 2, ""patience_evaluations"": 8, ""validation_mask_replicates"": 2, ""weight_decay"": 0.001}",5064,1624375736,15,0.5074303038815816,71681,10.027826800011098
switzerland,va_long_beach,v5_site_mask_dro_brier,v5,0,"{""brier_beta"": 0.1, ""d_model"": 64, ""dro_lambda"": 0.5, ""dro_tau"": 0.2, ""dropout"": 0.1, ""evaluation_interval"": 5, ""learning_rate"": 0.0005, ""max_epochs"": 120, ""n_heads"": 4, ""n_layers"": 2, ""patience_evaluations"": 8, ""validation_mask_replicates"": 2, ""weight_decay"": 0.001}",5062,3674963557,5,0.7369692638285552,71681,8.153843099993537
switzerland,va_long_beach,v5_site_mask_dro_brier,v5,0,"{""brier_beta"": 0.1, ""d_model"": 64, ""dro_lambda"": 0.5, ""dro_tau"": 0.2, ""dropout"": 0.1, ""evaluation_interval"": 5, ""learning_rate"": 0.0005, ""max_epochs"": 120, ""n_heads"": 4, ""n_layers"": 2, ""patience_evaluations"": 8, ""validation_mask_replicates"": 2, ""weight_decay"": 0.001}",5063,4268062175,5,0.6820868194774627,71681,8.490624899990507
switzerland,va_long_beach,v5_site_mask_dro_brier,v5,0,"{""brier_beta"": 0.1, ""d_model"": 64, ""dro_lambda"": 0.5, ""dro_tau"": 0.2, ""dropout"": 0.1, ""evaluation_interval"": 5, ""learning_rate"": 0.0005, ""max_epochs"": 120, ""n_heads"": 4, ""n_layers"": 2, ""patience_evaluations"": 8, ""validation_mask_replicates"": 2, ""weight_decay"": 0.001}",5064,1421097264,5,0.74032815534307,71681,8.344686200012802
switzerland,cleveland,v7_ane,v7,0,"{""brier_beta"": 0.1, ""d_model"": 64, ""dro_lambda"": 0.75, ""dro_tau"": 0.2, ""dropout"": 0.1, ""evaluation_interval"": 5, ""learning_rate"": 0.0005, ""max_epochs"": 120, ""n_heads"": 4, ""n_layers"": 2, ""patience_evaluations"": 8, ""validation_mask_replicates"": 2, ""weight_decay"": 0.001}",5062,61285438,15,0.5243043521089878,71489,12.839594599994598
switzerland,cleveland,v7_ane,v7,0,"{""brier_beta"": 0.1, ""d_model"": 64, ""dro_lambda"": 0.75, ""dro_tau"": 0.2, ""dropout"": 0.1, ""evaluation_interval"": 5, ""learning_rate"": 0.0005, ""max_epochs"": 120, ""n_heads"": 4, ""n_layers"": 2, ""patience_evaluations"": 8, ""validation_mask_replicates"": 2, ""weight_decay"": 0.001}",5063,3255196566,55,0.555030680388525,71489,22.079288199995062
switzerland,cleveland,v7_ane,v7,0,"{""brier_beta"": 0.1, ""d_model"": 64, ""dro_lambda"": 0.75, ""dro_tau"": 0.2, ""dropout"": 0.1, ""evaluation_interval"": 5, ""learning_rate"": 0.0005, ""max_epochs"": 120, ""n_heads"": 4, ""n_layers"": 2, ""patience_evaluations"": 8, ""validation_mask_replicates"": 2, ""weight_decay"": 0.001}",5064,958305650,25,0.528458882111402,71489,18.360901399995782
switzerland,hungary,v7_ane,v7,0,"{""brier_beta"": 0.1, ""d_model"": 64, ""dro_lambda"": 0.75, ""dro_tau"": 0.2, ""dropout"": 0.1, ""evaluation_interval"": 5, ""learning_rate"": 0.0005, ""max_epochs"": 120, ""n_heads"": 4, ""n_layers"": 2, ""patience_evaluations"": 8, ""validation_mask_replicates"": 2, ""weight_decay"": 0.001}",5062,2766612494,55,0.5531657204572951,71681,38.48914049999439
switzerland,hungary,v7_ane,v7,0,"{""brier_beta"": 0.1, ""d_model"": 64, ""dro_lambda"": 0.75, ""dro_tau"": 0.2, ""dropout"": 0.1, ""evaluation_interval"": 5, ""learning_rate"": 0.0005, ""max_epochs"": 120, ""n_heads"": 4, ""n_layers"": 2, ""patience_evaluations"": 8, ""validation_mask_replicates"": 2, ""weight_decay"": 0.001}",5063,2250517723,10,0.5413641956844146,71681,21.888997699992615
switzerland,hungary,v7_ane,v7,0,"{""brier_beta"": 0.1, ""d_model"": 64, ""dro_lambda"": 0.75, ""dro_tau"": 0.2, ""dropout"": 0.1, ""evaluation_interval"": 5, ""learning_rate"": 0.0005, ""max_epochs"": 120, ""n_heads"": 4, ""n_layers"": 2, ""patience_evaluations"": 8, ""validation_mask_replicates"": 2, ""weight_decay"": 0.001}",5064,1624375736,10,0.5516861538265112,71681,21.81410569998843
switzerland,va_long_beach,v7_ane,v7,0,"{""brier_beta"": 0.1, ""d_model"": 64, ""dro_lambda"": 0.75, ""dro_tau"": 0.2, ""dropout"": 0.1, ""evaluation_interval"": 5, ""learning_rate"": 0.0005, ""max_epochs"": 120, ""n_heads"": 4, ""n_layers"": 2, ""patience_evaluations"": 8, ""validation_mask_replicates"": 2, ""weight_decay"": 0.001}",5062,3674963557,5,0.6856934633310612,71681,21.50657160000992
switzerland,va_long_beach,v7_ane,v7,0,"{""brier_beta"": 0.1, ""d_model"": 64, ""dro_lambda"": 0.75, ""dro_tau"": 0.2, ""dropout"": 0.1, ""evaluation_interval"": 5, ""learning_rate"": 0.0005, ""max_epochs"": 120, ""n_heads"": 4, ""n_layers"": 2, ""patience_evaluations"": 8, ""validation_mask_replicates"": 2, ""weight_decay"": 0.001}",5063,4268062175,5,0.6781787815794948,71681,21.037278899995727
switzerland,va_long_beach,v7_ane,v7,0,"{""brier_beta"": 0.1, ""d_model"": 64, ""dro_lambda"": 0.75, ""dro_tau"": 0.2, ""dropout"": 0.1, ""evaluation_interval"": 5, ""learning_rate"": 0.0005, ""max_epochs"": 120, ""n_heads"": 4, ""n_layers"": 2, ""patience_evaluations"": 8, ""validation_mask_replicates"": 2, ""weight_decay"": 0.001}",5064,1421097264,5,0.6976792329072655,71681,18.571252900001127
va_long_beach,cleveland,v0_pooled_erm,v0,0,"{""brier_beta"": 0.0, ""d_model"": 64, ""dro_lambda"": 0.5, ""dro_tau"": 0.2, ""dropout"": 0.1, ""evaluation_interval"": 5, ""learning_rate"": 0.0005, ""max_epochs"": 120, ""n_heads"": 4, ""n_layers"": 2, ""patience_evaluations"": 8, ""validation_mask_replicates"": 2, ""weight_decay"": 0.001}",5062,3479562101,5,0.5784950500497688,71617,12.510511000000406
va_long_beach,cleveland,v0_pooled_erm,v0,0,"{""brier_beta"": 0.0, ""d_model"": 64, ""dro_lambda"": 0.5, ""dro_tau"": 0.2, ""dropout"": 0.1, ""evaluation_interval"": 5, ""learning_rate"": 0.0005, ""max_epochs"": 120, ""n_heads"": 4, ""n_layers"": 2, ""patience_evaluations"": 8, ""validation_mask_replicates"": 2, ""weight_decay"": 0.001}",5063,3348485251,5,0.5899709603560047,71617,7.459398299994064
va_long_beach,cleveland,v0_pooled_erm,v0,0,"{""brier_beta"": 0.0, ""d_model"": 64, ""dro_lambda"": 0.5, ""dro_tau"": 0.2, ""dropout"": 0.1, ""evaluation_interval"": 5, ""learning_rate"": 0.0005, ""max_epochs"": 120, ""n_heads"": 4, ""n_layers"": 2, ""patience_evaluations"": 8, ""validation_mask_replicates"": 2, ""weight_decay"": 0.001}",5064,4275131399,5,0.5701171534628933,71617,10.184094999989611
va_long_beach,hungary,v0_pooled_erm,v0,0,"{""brier_beta"": 0.0, ""d_model"": 64, ""dro_lambda"": 0.5, ""dro_tau"": 0.2, ""dropout"": 0.1, ""evaluation_interval"": 5, ""learning_rate"": 0.0005, ""max_epochs"": 120, ""n_heads"": 4, ""n_layers"": 2, ""patience_evaluations"": 8, ""validation_mask_replicates"": 2, ""weight_decay"": 0.001}",5062,4142042977,5,0.5983769654987225,71681,9.028134100008174
va_long_beach,hungary,v0_pooled_erm,v0,0,"{""brier_beta"": 0.0, ""d_model"": 64, ""dro_lambda"": 0.5, ""dro_tau"": 0.2, ""dropout"": 0.1, ""evaluation_interval"": 5, ""learning_rate"": 0.0005, ""max_epochs"": 120, ""n_heads"": 4, ""n_layers"": 2, ""patience_evaluations"": 8, ""validation_mask_replicates"": 2, ""weight_decay"": 0.001}",5063,864532655,5,0.593391064183859,71681,10.328842200004146
va_long_beach,hungary,v0_pooled_erm,v0,0,"{""brier_beta"": 0.0, ""d_model"": 64, ""dro_lambda"": 0.5, ""dro_tau"": 0.2, ""dropout"": 0.1, ""evaluation_interval"": 5, ""learning_rate"": 0.0005, ""max_epochs"": 120, ""n_heads"": 4, ""n_layers"": 2, ""patience_evaluations"": 8, ""validation_mask_replicates"": 2, ""weight_decay"": 0.001}",5064,2796181083,5,0.6519783342146421,71681,9.970075899997028
va_long_beach,switzerland,v0_pooled_erm,v0,0,"{""brier_beta"": 0.0, ""d_model"": 64, ""dro_lambda"": 0.5, ""dro_tau"": 0.2, ""dropout"": 0.1, ""evaluation_interval"": 5, ""learning_rate"": 0.0005, ""max_epochs"": 120, ""n_heads"": 4, ""n_layers"": 2, ""patience_evaluations"": 8, ""validation_mask_replicates"": 2, ""weight_decay"": 0.001}",5062,1398881392,5,0.7674831408909197,71681,7.557378299999982
va_long_beach,switzerland,v0_pooled_erm,v0,0,"{""brier_beta"": 0.0, ""d_model"": 64, ""dro_lambda"": 0.5, ""dro_tau"": 0.2, ""dropout"": 0.1, ""evaluation_interval"": 5, ""learning_rate"": 0.0005, ""max_epochs"": 120, ""n_heads"": 4, ""n_layers"": 2, ""patience_evaluations"": 8, ""validation_mask_replicates"": 2, ""weight_decay"": 0.001}",5063,2550226663,5,0.6996984296986313,71681,7.759153999999398
va_long_beach,switzerland,v0_pooled_erm,v0,0,"{""brier_beta"": 0.0, ""d_model"": 64, ""dro_lambda"": 0.5, ""dro_tau"": 0.2, ""dropout"": 0.1, ""evaluation_interval"": 5, ""learning_rate"": 0.0005, ""max_epochs"": 120, ""n_heads"": 4, ""n_layers"": 2, ""patience_evaluations"": 8, ""validation_mask_replicates"": 2, ""weight_decay"": 0.001}",5064,1385519781,5,0.6542623672630777,71681,7.364958799997112
va_long_beach,cleveland,v1_site_balanced,v1,0,"{""brier_beta"": 0.0, ""d_model"": 64, ""dro_lambda"": 0.5, ""dro_tau"": 0.2, ""dropout"": 0.1, ""evaluation_interval"": 5, ""learning_rate"": 0.0005, ""max_epochs"": 120, ""n_heads"": 4, ""n_layers"": 2, ""patience_evaluations"": 8, ""validation_mask_replicates"": 2, ""weight_decay"": 0.001}",5062,3479562101,5,0.5856626764595418,71617,6.915981300000567
va_long_beach,cleveland,v1_site_balanced,v1,0,"{""brier_beta"": 0.0, ""d_model"": 64, ""dro_lambda"": 0.5, ""dro_tau"": 0.2, ""dropout"": 0.1, ""evaluation_interval"": 5, ""learning_rate"": 0.0005, ""max_epochs"": 120, ""n_heads"": 4, ""n_layers"": 2, ""patience_evaluations"": 8, ""validation_mask_replicates"": 2, ""weight_decay"": 0.001}",5063,3348485251,5,0.6021138891765763,71617,6.785842900004354
va_long_beach,cleveland,v1_site_balanced,v1,0,"{""brier_beta"": 0.0, ""d_model"": 64, ""dro_lambda"": 0.5, ""dro_tau"": 0.2, ""dropout"": 0.1, ""evaluation_interval"": 5, ""learning_rate"": 0.0005, ""max_epochs"": 120, ""n_heads"": 4, ""n_layers"": 2, ""patience_evaluations"": 8, ""validation_mask_replicates"": 2, ""weight_decay"": 0.001}",5064,4275131399,5,0.5783583866012043,71617,6.758086499990895
va_long_beach,hungary,v1_site_balanced,v1,0,"{""brier_beta"": 0.0, ""d_model"": 64, ""dro_lambda"": 0.5, ""dro_tau"": 0.2, ""dropout"": 0.1, ""evaluation_interval"": 5, ""learning_rate"": 0.0005, ""max_epochs"": 120, ""n_heads"": 4, ""n_layers"": 2, ""patience_evaluations"": 8, ""validation_mask_replicates"": 2, ""weight_decay"": 0.001}",5062,4142042977,5,0.6296836581888958,71681,6.754209199993056
va_long_beach,hungary,v1_site_balanced,v1,0,"{""brier_beta"": 0.0, ""d_model"": 64, ""dro_lambda"": 0.5, ""dro_tau"": 0.2, ""dropout"": 0.1, ""evaluation_interval"": 5, ""learning_rate"": 0.0005, ""max_epochs"": 120, ""n_heads"": 4, ""n_layers"": 2, ""patience_evaluations"": 8, ""validation_mask_replicates"": 2, ""weight_decay"": 0.001}",5063,864532655,5,0.7164400580717125,71681,9.183961100003216
va_long_beach,hungary,v1_site_balanced,v1,0,"{""brier_beta"": 0.0, ""d_model"": 64, ""dro_lambda"": 0.5, ""dro_tau"": 0.2, ""dropout"": 0.1, ""evaluation_interval"": 5, ""learning_rate"": 0.0005, ""max_epochs"": 120, ""n_heads"": 4, ""n_layers"": 2, ""patience_evaluations"": 8, ""validation_mask_replicates"": 2, ""weight_decay"": 0.001}",5064,2796181083,25,0.67189600990289,71681,16.33409550000215
va_long_beach,switzerland,v1_site_balanced,v1,0,"{""brier_beta"": 0.0, ""d_model"": 64, ""dro_lambda"": 0.5, ""dro_tau"": 0.2, ""dropout"": 0.1, ""evaluation_interval"": 5, ""learning_rate"": 0.0005, ""max_epochs"": 120, ""n_heads"": 4, ""n_layers"": 2, ""patience_evaluations"": 8, ""validation_mask_replicates"": 2, ""weight_decay"": 0.001}",5062,1398881392,5,0.7676154238785374,71681,7.934570299999905
va_long_beach,switzerland,v1_site_balanced,v1,0,"{""brier_beta"": 0.0, ""d_model"": 64, ""dro_lambda"": 0.5, ""dro_tau"": 0.2, ""dropout"": 0.1, ""evaluation_interval"": 5, ""learning_rate"": 0.0005, ""max_epochs"": 120, ""n_heads"": 4, ""n_layers"": 2, ""patience_evaluations"": 8, ""validation_mask_replicates"": 2, ""weight_decay"": 0.001}",5063,2550226663,5,0.6991185316609969,71681,7.880279900011374
va_long_beach,switzerland,v1_site_balanced,v1,0,"{""brier_beta"": 0.0, ""d_model"": 64, ""dro_lambda"": 0.5, ""dro_tau"": 0.2, ""dropout"": 0.1, ""evaluation_interval"": 5, ""learning_rate"": 0.0005, ""max_epochs"": 120, ""n_heads"": 4, ""n_layers"": 2, ""patience_evaluations"": 8, ""validation_mask_replicates"": 2, ""weight_decay"": 0.001}",5064,1385519781,5,0.6545378941302256,71681,7.950145400012843
va_long_beach,cleveland,v2_prior_separated,v2,0,"{""brier_beta"": 0.0, ""d_model"": 64, ""dro_lambda"": 0.5, ""dro_tau"": 0.2, ""dropout"": 0.1, ""evaluation_interval"": 5, ""learning_rate"": 0.0005, ""max_epochs"": 120, ""n_heads"": 4, ""n_layers"": 2, ""patience_evaluations"": 8, ""validation_mask_replicates"": 2, ""weight_decay"": 0.001}",5062,3479562101,5,0.552247568511767,71617,11.495347799995216
va_long_beach,cleveland,v2_prior_separated,v2,0,"{""brier_beta"": 0.0, ""d_model"": 64, ""dro_lambda"": 0.5, ""dro_tau"": 0.2, ""dropout"": 0.1, ""evaluation_interval"": 5, ""learning_rate"": 0.0005, ""max_epochs"": 120, ""n_heads"": 4, ""n_layers"": 2, ""patience_evaluations"": 8, ""validation_mask_replicates"": 2, ""weight_decay"": 0.001}",5063,3348485251,5,0.5979027379553701,71617,12.661474799999269
va_long_beach,cleveland,v2_prior_separated,v2,0,"{""brier_beta"": 0.0, ""d_model"": 64, ""dro_lambda"": 0.5, ""dro_tau"": 0.2, ""dropout"": 0.1, ""evaluation_interval"": 5, ""learning_rate"": 0.0005, ""max_epochs"": 120, ""n_heads"": 4, ""n_layers"": 2, ""patience_evaluations"": 8, ""validation_mask_replicates"": 2, ""weight_decay"": 0.001}",5064,4275131399,5,0.5684807977933994,71617,9.170476200000849
va_long_beach,hungary,v2_prior_separated,v2,0,"{""brier_beta"": 0.0, ""d_model"": 64, ""dro_lambda"": 0.5, ""dro_tau"": 0.2, ""dropout"": 0.1, ""evaluation_interval"": 5, ""learning_rate"": 0.0005, ""max_epochs"": 120, ""n_heads"": 4, ""n_layers"": 2, ""patience_evaluations"": 8, ""validation_mask_replicates"": 2, ""weight_decay"": 0.001}",5062,4142042977,5,0.5483525318209886,71681,7.504715100003523
va_long_beach,hungary,v2_prior_separated,v2,0,"{""brier_beta"": 0.0, ""d_model"": 64, ""dro_lambda"": 0.5, ""dro_tau"": 0.2, ""dropout"": 0.1, ""evaluation_interval"": 5, ""learning_rate"": 0.0005, ""max_epochs"": 120, ""n_heads"": 4, ""n_layers"": 2, ""patience_evaluations"": 8, ""validation_mask_replicates"": 2, ""weight_decay"": 0.001}",5063,864532655,10,0.5279344632834468,71681,8.994649600004777
va_long_beach,hungary,v2_prior_separated,v2,0,"{""brier_beta"": 0.0, ""d_model"": 64, ""dro_lambda"": 0.5, ""dro_tau"": 0.2, ""dropout"": 0.1, ""evaluation_interval"": 5, ""learning_rate"": 0.0005, ""max_epochs"": 120, ""n_heads"": 4, ""n_layers"": 2, ""patience_evaluations"": 8, ""validation_mask_replicates"": 2, ""weight_decay"": 0.001}",5064,2796181083,15,0.5257239381278171,71681,15.132795099998475
va_long_beach,switzerland,v2_prior_separated,v2,0,"{""brier_beta"": 0.0, ""d_model"": 64, ""dro_lambda"": 0.5, ""dro_tau"": 0.2, ""dropout"": 0.1, ""evaluation_interval"": 5, ""learning_rate"": 0.0005, ""max_epochs"": 120, ""n_heads"": 4, ""n_layers"": 2, ""patience_evaluations"": 8, ""validation_mask_replicates"": 2, ""weight_decay"": 0.001}",5062,1398881392,5,0.7334099417478158,71681,13.850665999998455
va_long_beach,switzerland,v2_prior_separated,v2,0,"{""brier_beta"": 0.0, ""d_model"": 64, ""dro_lambda"": 0.5, ""dro_tau"": 0.2, ""dropout"": 0.1, ""evaluation_interval"": 5, ""learning_rate"": 0.0005, ""max_epochs"": 120, ""n_heads"": 4, ""n_layers"": 2, ""patience_evaluations"": 8, ""validation_mask_replicates"": 2, ""weight_decay"": 0.001}",5063,2550226663,5,0.7021056150829738,71681,14.500154800000018
va_long_beach,switzerland,v2_prior_separated,v2,0,"{""brier_beta"": 0.0, ""d_model"": 64, ""dro_lambda"": 0.5, ""dro_tau"": 0.2, ""dropout"": 0.1, ""evaluation_interval"": 5, ""learning_rate"": 0.0005, ""max_epochs"": 120, ""n_heads"": 4, ""n_layers"": 2, ""patience_evaluations"": 8, ""validation_mask_replicates"": 2, ""weight_decay"": 0.001}",5064,1385519781,5,0.6331945343386982,71681,14.51203749999695
va_long_beach,cleveland,v3_mcar_augmentation,v3,0,"{""brier_beta"": 0.0, ""d_model"": 64, ""dro_lambda"": 0.5, ""dro_tau"": 0.2, ""dropout"": 0.1, ""evaluation_interval"": 5, ""learning_rate"": 0.0005, ""max_epochs"": 120, ""n_heads"": 4, ""n_layers"": 2, ""patience_evaluations"": 8, ""validation_mask_replicates"": 2, ""weight_decay"": 0.001}",5062,3479562101,5,0.5507301756042557,71617,14.61942899999849
va_long_beach,cleveland,v3_mcar_augmentation,v3,0,"{""brier_beta"": 0.0, ""d_model"": 64, ""dro_lambda"": 0.5, ""dro_tau"": 0.2, ""dropout"": 0.1, ""evaluation_interval"": 5, ""learning_rate"": 0.0005, ""max_epochs"": 120, ""n_heads"": 4, ""n_layers"": 2, ""patience_evaluations"": 8, ""validation_mask_replicates"": 2, ""weight_decay"": 0.001}",5063,3348485251,5,0.5456579811095725,71617,14.718794300002628
va_long_beach,cleveland,v3_mcar_augmentation,v3,0,"{""brier_beta"": 0.0, ""d_model"": 64, ""dro_lambda"": 0.5, ""dro_tau"": 0.2, ""dropout"": 0.1, ""evaluation_interval"": 5, ""learning_rate"": 0.0005, ""max_epochs"": 120, ""n_heads"": 4, ""n_layers"": 2, ""patience_evaluations"": 8, ""validation_mask_replicates"": 2, ""weight_decay"": 0.001}",5064,4275131399,5,0.557404425634038,71617,12.825135599996429
va_long_beach,hungary,v3_mcar_augmentation,v3,0,"{""brier_beta"": 0.0, ""d_model"": 64, ""dro_lambda"": 0.5, ""dro_tau"": 0.2, ""dropout"": 0.1, ""evaluation_interval"": 5, ""learning_rate"": 0.0005, ""max_epochs"": 120, ""n_heads"": 4, ""n_layers"": 2, ""patience_evaluations"": 8, ""validation_mask_replicates"": 2, ""weight_decay"": 0.001}",5062,4142042977,10,0.5113392472382035,71681,15.392223300004844
va_long_beach,hungary,v3_mcar_augmentation,v3,0,"{""brier_beta"": 0.0, ""d_model"": 64, ""dro_lambda"": 0.5, ""dro_tau"": 0.2, ""dropout"": 0.1, ""evaluation_interval"": 5, ""learning_rate"": 0.0005, ""max_epochs"": 120, ""n_heads"": 4, ""n_layers"": 2, ""patience_evaluations"": 8, ""validation_mask_replicates"": 2, ""weight_decay"": 0.001}",5063,864532655,35,0.534059835332164,71681,23.059188600003836
va_long_beach,hungary,v3_mcar_augmentation,v3,0,"{""brier_beta"": 0.0, ""d_model"": 64, ""dro_lambda"": 0.5, ""dro_tau"": 0.2, ""dropout"": 0.1, ""evaluation_interval"": 5, ""learning_rate"": 0.0005, ""max_epochs"": 120, ""n_heads"": 4, ""n_layers"": 2, ""patience_evaluations"": 8, ""validation_mask_replicates"": 2, ""weight_decay"": 0.001}",5064,2796181083,15,0.502135522268,71681,16.89875240001129
va_long_beach,switzerland,v3_mcar_augmentation,v3,0,"{""brier_beta"": 0.0, ""d_model"": 64, ""dro_lambda"": 0.5, ""dro_tau"": 0.2, ""dropout"": 0.1, ""evaluation_interval"": 5, ""learning_rate"": 0.0005, ""max_epochs"": 120, ""n_heads"": 4, ""n_layers"": 2, ""patience_evaluations"": 8, ""validation_mask_replicates"": 2, ""weight_decay"": 0.001}",5062,1398881392,5,0.7250146327366775,71681,17.16511819999141
va_long_beach,switzerland,v3_mcar_augmentation,v3,0,"{""brier_beta"": 0.0, ""d_model"": 64, ""dro_lambda"": 0.5, ""dro_tau"": 0.2, ""dropout"": 0.1, ""evaluation_interval"": 5, ""learning_rate"": 0.0005, ""max_epochs"": 120, ""n_heads"": 4, ""n_layers"": 2, ""patience_evaluations"": 8, ""validation_mask_replicates"": 2, ""weight_decay"": 0.001}",5063,2550226663,5,0.707228125467251,71681,17.068460599999526
va_long_beach,switzerland,v3_mcar_augmentation,v3,0,"{""brier_beta"": 0.0, ""d_model"": 64, ""dro_lambda"": 0.5, ""dro_tau"": 0.2, ""dropout"": 0.1, ""evaluation_interval"": 5, ""learning_rate"": 0.0005, ""max_epochs"": 120, ""n_heads"": 4, ""n_layers"": 2, ""patience_evaluations"": 8, ""validation_mask_replicates"": 2, ""weight_decay"": 0.001}",5064,1385519781,5,0.629814171984554,71681,16.237185199992382
va_long_beach,cleveland,v4_structured_policy_bank,v4,0,"{""brier_beta"": 0.0, ""d_model"": 64, ""dro_lambda"": 0.5, ""dro_tau"": 0.2, ""dropout"": 0.1, ""evaluation_interval"": 5, ""learning_rate"": 0.0005, ""max_epochs"": 120, ""n_heads"": 4, ""n_layers"": 2, ""patience_evaluations"": 8, ""validation_mask_replicates"": 2, ""weight_decay"": 0.001}",5062,3479562101,5,0.5475887871947305,71617,17.87691000000632
va_long_beach,cleveland,v4_structured_policy_bank,v4,0,"{""brier_beta"": 0.0, ""d_model"": 64, ""dro_lambda"": 0.5, ""dro_tau"": 0.2, ""dropout"": 0.1, ""evaluation_interval"": 5, ""learning_rate"": 0.0005, ""max_epochs"": 120, ""n_heads"": 4, ""n_layers"": 2, ""patience_evaluations"": 8, ""validation_mask_replicates"": 2, ""weight_decay"": 0.001}",5063,3348485251,5,0.5528902925386359,71617,10.617919399999664
va_long_beach,cleveland,v4_structured_policy_bank,v4,0,"{""brier_beta"": 0.0, ""d_model"": 64, ""dro_lambda"": 0.5, ""dro_tau"": 0.2, ""dropout"": 0.1, ""evaluation_interval"": 5, ""learning_rate"": 0.0005, ""max_epochs"": 120, ""n_heads"": 4, ""n_layers"": 2, ""patience_evaluations"": 8, ""validation_mask_replicates"": 2, ""weight_decay"": 0.001}",5064,4275131399,5,0.5666302774891607,71617,10.075915299996268
va_long_beach,hungary,v4_structured_policy_bank,v4,0,"{""brier_beta"": 0.0, ""d_model"": 64, ""dro_lambda"": 0.5, ""dro_tau"": 0.2, ""dropout"": 0.1, ""evaluation_interval"": 5, ""learning_rate"": 0.0005, ""max_epochs"": 120, ""n_heads"": 4, ""n_layers"": 2, ""patience_evaluations"": 8, ""validation_mask_replicates"": 2, ""weight_decay"": 0.001}",5062,4142042977,20,0.5125616311618362,71681,14.102978700000676
va_long_beach,hungary,v4_structured_policy_bank,v4,0,"{""brier_beta"": 0.0, ""d_model"": 64, ""dro_lambda"": 0.5, ""dro_tau"": 0.2, ""dropout"": 0.1, ""evaluation_interval"": 5, ""learning_rate"": 0.0005, ""max_epochs"": 120, ""n_heads"": 4, ""n_layers"": 2, ""patience_evaluations"": 8, ""validation_mask_replicates"": 2, ""weight_decay"": 0.001}",5063,864532655,25,0.5303910506936756,71681,16.382064700010233
va_long_beach,hungary,v4_structured_policy_bank,v4,0,"{""brier_beta"": 0.0, ""d_model"": 64, ""dro_lambda"": 0.5, ""dro_tau"": 0.2, ""dropout"": 0.1, ""evaluation_interval"": 5, ""learning_rate"": 0.0005, ""max_epochs"": 120, ""n_heads"": 4, ""n_layers"": 2, ""patience_evaluations"": 8, ""validation_mask_replicates"": 2, ""weight_decay"": 0.001}",5064,2796181083,20,0.502302214580219,71681,15.437304600010975
va_long_beach,switzerland,v4_structured_policy_bank,v4,0,"{""brier_beta"": 0.0, ""d_model"": 64, ""dro_lambda"": 0.5, ""dro_tau"": 0.2, ""dropout"": 0.1, ""evaluation_interval"": 5, ""learning_rate"": 0.0005, ""max_epochs"": 120, ""n_heads"": 4, ""n_layers"": 2, ""patience_evaluations"": 8, ""validation_mask_replicates"": 2, ""weight_decay"": 0.001}",5062,1398881392,5,0.7169323268793755,71681,13.741179800010286
va_long_beach,switzerland,v4_structured_policy_bank,v4,0,"{""brier_beta"": 0.0, ""d_model"": 64, ""dro_lambda"": 0.5, ""dro_tau"": 0.2, ""dropout"": 0.1, ""evaluation_interval"": 5, ""learning_rate"": 0.0005, ""max_epochs"": 120, ""n_heads"": 4, ""n_layers"": 2, ""patience_evaluations"": 8, ""validation_mask_replicates"": 2, ""weight_decay"": 0.001}",5063,2550226663,5,0.6822961080668362,71681,13.905196199993952
va_long_beach,switzerland,v4_structured_policy_bank,v4,0,"{""brier_beta"": 0.0, ""d_model"": 64, ""dro_lambda"": 0.5, ""dro_tau"": 0.2, ""dropout"": 0.1, ""evaluation_interval"": 5, ""learning_rate"": 0.0005, ""max_epochs"": 120, ""n_heads"": 4, ""n_layers"": 2, ""patience_evaluations"": 8, ""validation_mask_replicates"": 2, ""weight_decay"": 0.001}",5064,1385519781,5,0.6384329687225878,71681,13.9475228000083
va_long_beach,cleveland,v5_site_only_dro,v5_site,0,"{""brier_beta"": 0.1, ""d_model"": 64, ""dro_lambda"": 0.25, ""dro_tau"": 0.2, ""dropout"": 0.1, ""evaluation_interval"": 5, ""learning_rate"": 0.0005, ""max_epochs"": 120, ""n_heads"": 4, ""n_layers"": 2, ""patience_evaluations"": 8, ""validation_mask_replicates"": 2, ""weight_decay"": 0.001}",5062,3479562101,5,0.5479429865229677,71617,11.803218699991703
va_long_beach,cleveland,v5_site_only_dro,v5_site,0,"{""brier_beta"": 0.1, ""d_model"": 64, ""dro_lambda"": 0.25, ""dro_tau"": 0.2, ""dropout"": 0.1, ""evaluation_interval"": 5, ""learning_rate"": 0.0005, ""max_epochs"": 120, ""n_heads"": 4, ""n_layers"": 2, ""patience_evaluations"": 8, ""validation_mask_replicates"": 2, ""weight_decay"": 0.001}",5063,3348485251,5,0.5552245244875809,71617,11.707754700008081
va_long_beach,cleveland,v5_site_only_dro,v5_site,0,"{""brier_beta"": 0.1, ""d_model"": 64, ""dro_lambda"": 0.25, ""dro_tau"": 0.2, ""dropout"": 0.1, ""evaluation_interval"": 5, ""learning_rate"": 0.0005, ""max_epochs"": 120, ""n_heads"": 4, ""n_layers"": 2, ""patience_evaluations"": 8, ""validation_mask_replicates"": 2, ""weight_decay"": 0.001}",5064,4275131399,5,0.5668774248082594,71617,11.884490299999015
va_long_beach,hungary,v5_site_only_dro,v5_site,0,"{""brier_beta"": 0.1, ""d_model"": 64, ""dro_lambda"": 0.25, ""dro_tau"": 0.2, ""dropout"": 0.1, ""evaluation_interval"": 5, ""learning_rate"": 0.0005, ""max_epochs"": 120, ""n_heads"": 4, ""n_layers"": 2, ""patience_evaluations"": 8, ""validation_mask_replicates"": 2, ""weight_decay"": 0.001}",5062,4142042977,20,0.5122218161745864,71681,16.018538200005423
va_long_beach,hungary,v5_site_only_dro,v5_site,0,"{""brier_beta"": 0.1, ""d_model"": 64, ""dro_lambda"": 0.25, ""dro_tau"": 0.2, ""dropout"": 0.1, ""evaluation_interval"": 5, ""learning_rate"": 0.0005, ""max_epochs"": 120, ""n_heads"": 4, ""n_layers"": 2, ""patience_evaluations"": 8, ""validation_mask_replicates"": 2, ""weight_decay"": 0.001}",5063,864532655,25,0.5290570002866392,71681,18.28071859999909
va_long_beach,hungary,v5_site_only_dro,v5_site,0,"{""brier_beta"": 0.1, ""d_model"": 64, ""dro_lambda"": 0.25, ""dro_tau"": 0.2, ""dropout"": 0.1, ""evaluation_interval"": 5, ""learning_rate"": 0.0005, ""max_epochs"": 120, ""n_heads"": 4, ""n_layers"": 2, ""patience_evaluations"": 8, ""validation_mask_replicates"": 2, ""weight_decay"": 0.001}",5064,2796181083,20,0.502370424422461,71681,16.86445910000475
va_long_beach,switzerland,v5_site_only_dro,v5_site,0,"{""brier_beta"": 0.1, ""d_model"": 64, ""dro_lambda"": 0.25, ""dro_tau"": 0.2, ""dropout"": 0.1, ""evaluation_interval"": 5, ""learning_rate"": 0.0005, ""max_epochs"": 120, ""n_heads"": 4, ""n_layers"": 2, ""patience_evaluations"": 8, ""validation_mask_replicates"": 2, ""weight_decay"": 0.001}",5062,1398881392,5,0.7170961642983349,71681,13.795966099991347
va_long_beach,switzerland,v5_site_only_dro,v5_site,0,"{""brier_beta"": 0.1, ""d_model"": 64, ""dro_lambda"": 0.25, ""dro_tau"": 0.2, ""dropout"": 0.1, ""evaluation_interval"": 5, ""learning_rate"": 0.0005, ""max_epochs"": 120, ""n_heads"": 4, ""n_layers"": 2, ""patience_evaluations"": 8, ""validation_mask_replicates"": 2, ""weight_decay"": 0.001}",5063,2550226663,5,0.6825300533077813,71681,10.663899500010302
va_long_beach,switzerland,v5_site_only_dro,v5_site,0,"{""brier_beta"": 0.1, ""d_model"": 64, ""dro_lambda"": 0.25, ""dro_tau"": 0.2, ""dropout"": 0.1, ""evaluation_interval"": 5, ""learning_rate"": 0.0005, ""max_epochs"": 120, ""n_heads"": 4, ""n_layers"": 2, ""patience_evaluations"": 8, ""validation_mask_replicates"": 2, ""weight_decay"": 0.001}",5064,1385519781,5,0.6383612434996591,71681,10.016505499996128
va_long_beach,cleveland,v5_mask_only_dro,v5_mask,0,"{""brier_beta"": 0.1, ""d_model"": 64, ""dro_lambda"": 0.75, ""dro_tau"": 0.2, ""dropout"": 0.1, ""evaluation_interval"": 5, ""learning_rate"": 0.0005, ""max_epochs"": 120, ""n_heads"": 4, ""n_layers"": 2, ""patience_evaluations"": 8, ""validation_mask_replicates"": 2, ""weight_decay"": 0.001}",5062,3479562101,5,0.5474068658067515,71617,8.267103599995608
va_long_beach,cleveland,v5_mask_only_dro,v5_mask,0,"{""brier_beta"": 0.1, ""d_model"": 64, ""dro_lambda"": 0.75, ""dro_tau"": 0.2, ""dropout"": 0.1, ""evaluation_interval"": 5, ""learning_rate"": 0.0005, ""max_epochs"": 120, ""n_heads"": 4, ""n_layers"": 2, ""patience_evaluations"": 8, ""validation_mask_replicates"": 2, ""weight_decay"": 0.001}",5063,3348485251,5,0.5533255392003028,71617,8.55414789999486
va_long_beach,cleveland,v5_mask_only_dro,v5_mask,0,"{""brier_beta"": 0.1, ""d_model"": 64, ""dro_lambda"": 0.75, ""dro_tau"": 0.2, ""dropout"": 0.1, ""evaluation_interval"": 5, ""learning_rate"": 0.0005, ""max_epochs"": 120, ""n_heads"": 4, ""n_layers"": 2, ""patience_evaluations"": 8, ""validation_mask_replicates"": 2, ""weight_decay"": 0.001}",5064,4275131399,5,0.564688797687604,71617,8.345803600008367
va_long_beach,hungary,v5_mask_only_dro,v5_mask,0,"{""brier_beta"": 0.1, ""d_model"": 64, ""dro_lambda"": 0.75, ""dro_tau"": 0.2, ""dropout"": 0.1, ""evaluation_interval"": 5, ""learning_rate"": 0.0005, ""max_epochs"": 120, ""n_heads"": 4, ""n_layers"": 2, ""patience_evaluations"": 8, ""validation_mask_replicates"": 2, ""weight_decay"": 0.001}",5062,4142042977,35,0.5044406277801066,71681,13.563095300007262
va_long_beach,hungary,v5_mask_only_dro,v5_mask,0,"{""brier_beta"": 0.1, ""d_model"": 64, ""dro_lambda"": 0.75, ""dro_tau"": 0.2, ""dropout"": 0.1, ""evaluation_interval"": 5, ""learning_rate"": 0.0005, ""max_epochs"": 120, ""n_heads"": 4, ""n_layers"": 2, ""patience_evaluations"": 8, ""validation_mask_replicates"": 2, ""weight_decay"": 0.001}",5063,864532655,25,0.5154827882772561,71681,11.922855800003163
va_long_beach,hungary,v5_mask_only_dro,v5_mask,0,"{""brier_beta"": 0.1, ""d_model"": 64, ""dro_lambda"": 0.75, ""dro_tau"": 0.2, ""dropout"": 0.1, ""evaluation_interval"": 5, ""learning_rate"": 0.0005, ""max_epochs"": 120, ""n_heads"": 4, ""n_layers"": 2, ""patience_evaluations"": 8, ""validation_mask_replicates"": 2, ""weight_decay"": 0.001}",5064,2796181083,20,0.4976477479099001,71681,10.980837299997802
va_long_beach,switzerland,v5_mask_only_dro,v5_mask,0,"{""brier_beta"": 0.1, ""d_model"": 64, ""dro_lambda"": 0.75, ""dro_tau"": 0.2, ""dropout"": 0.1, ""evaluation_interval"": 5, ""learning_rate"": 0.0005, ""max_epochs"": 120, ""n_heads"": 4, ""n_layers"": 2, ""patience_evaluations"": 8, ""validation_mask_replicates"": 2, ""weight_decay"": 0.001}",5062,1398881392,5,0.7153081358039378,71681,9.34863839999889
va_long_beach,switzerland,v5_mask_only_dro,v5_mask,0,"{""brier_beta"": 0.1, ""d_model"": 64, ""dro_lambda"": 0.75, ""dro_tau"": 0.2, ""dropout"": 0.1, ""evaluation_interval"": 5, ""learning_rate"": 0.0005, ""max_epochs"": 120, ""n_heads"": 4, ""n_layers"": 2, ""patience_evaluations"": 8, ""validation_mask_replicates"": 2, ""weight_decay"": 0.001}",5063,2550226663,5,0.6806095327625712,71681,9.85414930000843
va_long_beach,switzerland,v5_mask_only_dro,v5_mask,0,"{""brier_beta"": 0.1, ""d_model"": 64, ""dro_lambda"": 0.75, ""dro_tau"": 0.2, ""dropout"": 0.1, ""evaluation_interval"": 5, ""learning_rate"": 0.0005, ""max_epochs"": 120, ""n_heads"": 4, ""n_layers"": 2, ""patience_evaluations"": 8, ""validation_mask_replicates"": 2, ""weight_decay"": 0.001}",5064,1385519781,5,0.6380759267888629,71681,9.431728199997451
va_long_beach,cleveland,v5_site_mask_dro,v5,0,"{""brier_beta"": 0.0, ""d_model"": 64, ""dro_lambda"": 0.25, ""dro_tau"": 0.2, ""dropout"": 0.1, ""evaluation_interval"": 5, ""learning_rate"": 0.0005, ""max_epochs"": 120, ""n_heads"": 4, ""n_layers"": 2, ""patience_evaluations"": 8, ""validation_mask_replicates"": 2, ""weight_decay"": 0.001}",5062,3479562101,5,0.5476472476811501,71617,8.109329300001264
va_long_beach,cleveland,v5_site_mask_dro,v5,0,"{""brier_beta"": 0.0, ""d_model"": 64, ""dro_lambda"": 0.25, ""dro_tau"": 0.2, ""dropout"": 0.1, ""evaluation_interval"": 5, ""learning_rate"": 0.0005, ""max_epochs"": 120, ""n_heads"": 4, ""n_layers"": 2, ""patience_evaluations"": 8, ""validation_mask_replicates"": 2, ""weight_decay"": 0.001}",5063,3348485251,5,0.5552076438750588,71617,8.829139999987092
va_long_beach,cleveland,v5_site_mask_dro,v5,0,"{""brier_beta"": 0.0, ""d_model"": 64, ""dro_lambda"": 0.25, ""dro_tau"": 0.2, ""dropout"": 0.1, ""evaluation_interval"": 5, ""learning_rate"": 0.0005, ""max_epochs"": 120, ""n_heads"": 4, ""n_layers"": 2, ""patience_evaluations"": 8, ""validation_mask_replicates"": 2, ""weight_decay"": 0.001}",5064,4275131399,5,0.5659936755707049,71617,8.152956399993855
va_long_beach,hungary,v5_site_mask_dro,v5,0,"{""brier_beta"": 0.0, ""d_model"": 64, ""dro_lambda"": 0.25, ""dro_tau"": 0.2, ""dropout"": 0.1, ""evaluation_interval"": 5, ""learning_rate"": 0.0005, ""max_epochs"": 120, ""n_heads"": 4, ""n_layers"": 2, ""patience_evaluations"": 8, ""validation_mask_replicates"": 2, ""weight_decay"": 0.001}",5062,4142042977,20,0.5088735973716939,71681,10.748055499992915
va_long_beach,hungary,v5_site_mask_dro,v5,0,"{""brier_beta"": 0.0, ""d_model"": 64, ""dro_lambda"": 0.25, ""dro_tau"": 0.2, ""dropout"": 0.1, ""evaluation_interval"": 5, ""learning_rate"": 0.0005, ""max_epochs"": 120, ""n_heads"": 4, ""n_layers"": 2, ""patience_evaluations"": 8, ""validation_mask_replicates"": 2, ""weight_decay"": 0.001}",5063,864532655,25,0.5215993073313021,71681,11.536842999994406
va_long_beach,hungary,v5_site_mask_dro,v5,0,"{""brier_beta"": 0.0, ""d_model"": 64, ""dro_lambda"": 0.25, ""dro_tau"": 0.2, ""dropout"": 0.1, ""evaluation_interval"": 5, ""learning_rate"": 0.0005, ""max_epochs"": 120, ""n_heads"": 4, ""n_layers"": 2, ""patience_evaluations"": 8, ""validation_mask_replicates"": 2, ""weight_decay"": 0.001}",5064,2796181083,20,0.4998265004145107,71681,10.642433000000892
va_long_beach,switzerland,v5_site_mask_dro,v5,0,"{""brier_beta"": 0.0, ""d_model"": 64, ""dro_lambda"": 0.25, ""dro_tau"": 0.2, ""dropout"": 0.1, ""evaluation_interval"": 5, ""learning_rate"": 0.0005, ""max_epochs"": 120, ""n_heads"": 4, ""n_layers"": 2, ""patience_evaluations"": 8, ""validation_mask_replicates"": 2, ""weight_decay"": 0.001}",5062,1398881392,5,0.7165338192480228,71681,9.009158999993815
va_long_beach,switzerland,v5_site_mask_dro,v5,0,"{""brier_beta"": 0.0, ""d_model"": 64, ""dro_lambda"": 0.25, ""dro_tau"": 0.2, ""dropout"": 0.1, ""evaluation_interval"": 5, ""learning_rate"": 0.0005, ""max_epochs"": 120, ""n_heads"": 4, ""n_layers"": 2, ""patience_evaluations"": 8, ""validation_mask_replicates"": 2, ""weight_decay"": 0.001}",5063,2550226663,5,0.6820214075765719,71681,8.87471230000665
va_long_beach,switzerland,v5_site_mask_dro,v5,0,"{""brier_beta"": 0.0, ""d_model"": 64, ""dro_lambda"": 0.25, ""dro_tau"": 0.2, ""dropout"": 0.1, ""evaluation_interval"": 5, ""learning_rate"": 0.0005, ""max_epochs"": 120, ""n_heads"": 4, ""n_layers"": 2, ""patience_evaluations"": 8, ""validation_mask_replicates"": 2, ""weight_decay"": 0.001}",5064,1385519781,5,0.6381193862859136,71681,9.336303400006727
va_long_beach,cleveland,v5_site_mask_dro_brier,v5,0,"{""brier_beta"": 0.1, ""d_model"": 64, ""dro_lambda"": 0.25, ""dro_tau"": 0.2, ""dropout"": 0.1, ""evaluation_interval"": 5, ""learning_rate"": 0.0005, ""max_epochs"": 120, ""n_heads"": 4, ""n_layers"": 2, ""patience_evaluations"": 8, ""validation_mask_replicates"": 2, ""weight_decay"": 0.001}",5062,3479562101,5,0.5478022741930069,71617,8.09793429999263
va_long_beach,cleveland,v5_site_mask_dro_brier,v5,0,"{""brier_beta"": 0.1, ""d_model"": 64, ""dro_lambda"": 0.25, ""dro_tau"": 0.2, ""dropout"": 0.1, ""evaluation_interval"": 5, ""learning_rate"": 0.0005, ""max_epochs"": 120, ""n_heads"": 4, ""n_layers"": 2, ""patience_evaluations"": 8, ""validation_mask_replicates"": 2, ""weight_decay"": 0.001}",5063,3348485251,5,0.5558219151787178,71617,8.249239400000079
va_long_beach,cleveland,v5_site_mask_dro_brier,v5,0,"{""brier_beta"": 0.1, ""d_model"": 64, ""dro_lambda"": 0.25, ""dro_tau"": 0.2, ""dropout"": 0.1, ""evaluation_interval"": 5, ""learning_rate"": 0.0005, ""max_epochs"": 120, ""n_heads"": 4, ""n_layers"": 2, ""patience_evaluations"": 8, ""validation_mask_replicates"": 2, ""weight_decay"": 0.001}",5064,4275131399,5,0.5660584502034651,71617,8.025714200004586
va_long_beach,hungary,v5_site_mask_dro_brier,v5,0,"{""brier_beta"": 0.1, ""d_model"": 64, ""dro_lambda"": 0.25, ""dro_tau"": 0.2, ""dropout"": 0.1, ""evaluation_interval"": 5, ""learning_rate"": 0.0005, ""max_epochs"": 120, ""n_heads"": 4, ""n_layers"": 2, ""patience_evaluations"": 8, ""validation_mask_replicates"": 2, ""weight_decay"": 0.001}",5062,4142042977,20,0.5091316480495551,71681,10.679515299998457
va_long_beach,hungary,v5_site_mask_dro_brier,v5,0,"{""brier_beta"": 0.1, ""d_model"": 64, ""dro_lambda"": 0.25, ""dro_tau"": 0.2, ""dropout"": 0.1, ""evaluation_interval"": 5, ""learning_rate"": 0.0005, ""max_epochs"": 120, ""n_heads"": 4, ""n_layers"": 2, ""patience_evaluations"": 8, ""validation_mask_replicates"": 2, ""weight_decay"": 0.001}",5063,864532655,25,0.5222646827146171,71681,11.90711580000061
va_long_beach,hungary,v5_site_mask_dro_brier,v5,0,"{""brier_beta"": 0.1, ""d_model"": 64, ""dro_lambda"": 0.25, ""dro_tau"": 0.2, ""dropout"": 0.1, ""evaluation_interval"": 5, ""learning_rate"": 0.0005, ""max_epochs"": 120, ""n_heads"": 4, ""n_layers"": 2, ""patience_evaluations"": 8, ""validation_mask_replicates"": 2, ""weight_decay"": 0.001}",5064,2796181083,20,0.4998542999204894,71681,10.94487969999318
va_long_beach,switzerland,v5_site_mask_dro_brier,v5,0,"{""brier_beta"": 0.1, ""d_model"": 64, ""dro_lambda"": 0.25, ""dro_tau"": 0.2, ""dropout"": 0.1, ""evaluation_interval"": 5, ""learning_rate"": 0.0005, ""max_epochs"": 120, ""n_heads"": 4, ""n_layers"": 2, ""patience_evaluations"": 8, ""validation_mask_replicates"": 2, ""weight_decay"": 0.001}",5062,1398881392,5,0.7164752413923572,71681,9.300237700008438
va_long_beach,switzerland,v5_site_mask_dro_brier,v5,0,"{""brier_beta"": 0.1, ""d_model"": 64, ""dro_lambda"": 0.25, ""dro_tau"": 0.2, ""dropout"": 0.1, ""evaluation_interval"": 5, ""learning_rate"": 0.0005, ""max_epochs"": 120, ""n_heads"": 4, ""n_layers"": 2, ""patience_evaluations"": 8, ""validation_mask_replicates"": 2, ""weight_decay"": 0.001}",5063,2550226663,5,0.6817069327367175,71681,9.17205439999816
va_long_beach,switzerland,v5_site_mask_dro_brier,v5,0,"{""brier_beta"": 0.1, ""d_model"": 64, ""dro_lambda"": 0.25, ""dro_tau"": 0.2, ""dropout"": 0.1, ""evaluation_interval"": 5, ""learning_rate"": 0.0005, ""max_epochs"": 120, ""n_heads"": 4, ""n_layers"": 2, ""patience_evaluations"": 8, ""validation_mask_replicates"": 2, ""weight_decay"": 0.001}",5064,1385519781,5,0.6381252509977842,71681,9.262140799997724
va_long_beach,cleveland,v7_ane,v7,0,"{""brier_beta"": 0.1, ""d_model"": 64, ""dro_lambda"": 0.5, ""dro_tau"": 0.2, ""dropout"": 0.1, ""evaluation_interval"": 5, ""learning_rate"": 0.0005, ""max_epochs"": 120, ""n_heads"": 4, ""n_layers"": 2, ""patience_evaluations"": 8, ""validation_mask_replicates"": 2, ""weight_decay"": 0.001}",5062,3479562101,5,0.5654548773644421,71617,9.79746570000134
va_long_beach,cleveland,v7_ane,v7,0,"{""brier_beta"": 0.1, ""d_model"": 64, ""dro_lambda"": 0.5, ""dro_tau"": 0.2, ""dropout"": 0.1, ""evaluation_interval"": 5, ""learning_rate"": 0.0005, ""max_epochs"": 120, ""n_heads"": 4, ""n_layers"": 2, ""patience_evaluations"": 8, ""validation_mask_replicates"": 2, ""weight_decay"": 0.001}",5063,3348485251,5,0.6545925316417174,71617,9.996015800003079
va_long_beach,cleveland,v7_ane,v7,0,"{""brier_beta"": 0.1, ""d_model"": 64, ""dro_lambda"": 0.5, ""dro_tau"": 0.2, ""dropout"": 0.1, ""evaluation_interval"": 5, ""learning_rate"": 0.0005, ""max_epochs"": 120, ""n_heads"": 4, ""n_layers"": 2, ""patience_evaluations"": 8, ""validation_mask_replicates"": 2, ""weight_decay"": 0.001}",5064,4275131399,5,0.6232187568791354,71617,9.739657600002829
va_long_beach,hungary,v7_ane,v7,0,"{""brier_beta"": 0.1, ""d_model"": 64, ""dro_lambda"": 0.5, ""dro_tau"": 0.2, ""dropout"": 0.1, ""evaluation_interval"": 5, ""learning_rate"": 0.0005, ""max_epochs"": 120, ""n_heads"": 4, ""n_layers"": 2, ""patience_evaluations"": 8, ""validation_mask_replicates"": 2, ""weight_decay"": 0.001}",5062,4142042977,30,0.5162074288941798,71681,15.167832599996473
va_long_beach,hungary,v7_ane,v7,0,"{""brier_beta"": 0.1, ""d_model"": 64, ""dro_lambda"": 0.5, ""dro_tau"": 0.2, ""dropout"": 0.1, ""evaluation_interval"": 5, ""learning_rate"": 0.0005, ""max_epochs"": 120, ""n_heads"": 4, ""n_layers"": 2, ""patience_evaluations"": 8, ""validation_mask_replicates"": 2, ""weight_decay"": 0.001}",5063,864532655,15,0.5153488233815855,71681,11.844929600003525
va_long_beach,hungary,v7_ane,v7,0,"{""brier_beta"": 0.1, ""d_model"": 64, ""dro_lambda"": 0.5, ""dro_tau"": 0.2, ""dropout"": 0.1, ""evaluation_interval"": 5, ""learning_rate"": 0.0005, ""max_epochs"": 120, ""n_heads"": 4, ""n_layers"": 2, ""patience_evaluations"": 8, ""validation_mask_replicates"": 2, ""weight_decay"": 0.001}",5064,2796181083,20,0.5313641738867432,71681,13.05347639998945
va_long_beach,switzerland,v7_ane,v7,0,"{""brier_beta"": 0.1, ""d_model"": 64, ""dro_lambda"": 0.5, ""dro_tau"": 0.2, ""dropout"": 0.1, ""evaluation_interval"": 5, ""learning_rate"": 0.0005, ""max_epochs"": 120, ""n_heads"": 4, ""n_layers"": 2, ""patience_evaluations"": 8, ""validation_mask_replicates"": 2, ""weight_decay"": 0.001}",5062,1398881392,5,0.6703075890611356,71681,11.417043399997056
va_long_beach,switzerland,v7_ane,v7,0,"{""brier_beta"": 0.1, ""d_model"": 64, ""dro_lambda"": 0.5, ""dro_tau"": 0.2, ""dropout"": 0.1, ""evaluation_interval"": 5, ""learning_rate"": 0.0005, ""max_epochs"": 120, ""n_heads"": 4, ""n_layers"": 2, ""patience_evaluations"": 8, ""validation_mask_replicates"": 2, ""weight_decay"": 0.001}",5063,2550226663,5,0.6833442678143331,71681,11.440987699999823
va_long_beach,switzerland,v7_ane,v7,0,"{""brier_beta"": 0.1, ""d_model"": 64, ""dro_lambda"": 0.5, ""dro_tau"": 0.2, ""dropout"": 0.1, ""evaluation_interval"": 5, ""learning_rate"": 0.0005, ""max_epochs"": 120, ""n_heads"": 4, ""n_layers"": 2, ""patience_evaluations"": 8, ""validation_mask_replicates"": 2, ""weight_decay"": 0.001}",5064,1385519781,5,0.6358758323869325,71681,11.78420370000822
