outer_target,inner_validation,model,weighting,parameter_id,parameters_json,n,prevalence,roc_auc,average_precision,log_loss,balanced_log_loss,brier,balanced_brier,accuracy,balanced_accuracy,f1,precision,recall,sensitivity_at_80_specificity,calibration_intercept,calibration_slope,aurc
cleveland,hungary,logistic,pooled,0,"{""C"": 0.1, ""l1_ratio"": 0.0}",294.0,0.36054421768707484,0.8922621437173825,0.8356797579726758,0.603542235845591,0.5277275677601994,0.20887552291532116,0.17702007277608262,0.6938775510204082,0.7503512645523887,0.6917808219178082,0.543010752688172,0.9528301886792453,0.8490566037735849,-2.082135459295296,2.00359416188526,0.21516728501232063
cleveland,switzerland,logistic,pooled,0,"{""C"": 0.1, ""l1_ratio"": 0.0}",123.0,0.9349593495934959,0.7271739130434782,0.9684934527828464,0.5674120184512623,0.6178909716394427,0.19354509192886832,0.21322704077571136,0.6991869918699187,0.6646739130434782,0.8140703517587939,0.9642857142857143,0.7043478260869566,0.4434782608695652,2.6218914389189822,0.8511096914671499,0.17998110939570516
cleveland,va_long_beach,logistic,pooled,0,"{""C"": 0.1, ""l1_ratio"": 0.0}",200.0,0.745,0.753257007500987,0.8748709376624347,0.5152748531891919,0.6433045513635989,0.17024744895426402,0.21669591596223292,0.755,0.7001579155151993,0.8316151202749141,0.852112676056338,0.8120805369127517,0.5369127516778524,0.5974853645753986,0.7252599863052962,0.14630414502593933
cleveland,hungary,logistic,pooled,1,"{""C"": 1.0, ""l1_ratio"": 0.0}",294.0,0.36054421768707484,0.8998394219189081,0.8231483543979413,0.4267662569311806,0.41214257141385513,0.13339164872323528,0.12848003575103645,0.8367346938775511,0.8455941389000401,0.7948717948717948,0.7265625,0.8773584905660378,0.8773584905660378,-0.7525024819643463,1.1922788827248403,0.09209797014889509
cleveland,switzerland,logistic,pooled,1,"{""C"": 1.0, ""l1_ratio"": 0.0}",123.0,0.9349593495934959,0.7456521739130435,0.9712366531646999,0.732685424703971,0.6712869889393788,0.24390016610970894,0.2203262815569255,0.6585365853658537,0.7592391304347825,0.7789473684210526,0.9866666666666667,0.6434782608695652,0.6608695652173913,2.7962001464896886,0.5198337891236169,0.292305589012893
cleveland,va_long_beach,logistic,pooled,1,"{""C"": 1.0, ""l1_ratio"": 0.0}",200.0,0.745,0.7437820765890248,0.8763474086623618,0.534581935540384,0.6940254724490152,0.17391933586324837,0.2277492387535729,0.76,0.6906171864719042,0.8378378378378378,0.8435374149659864,0.8322147651006712,0.48322147651006714,0.608127796330751,0.5631868699128963,0.14715593477179031
cleveland,hungary,logistic,pooled,2,"{""C"": 10.0, ""l1_ratio"": 0.0}",294.0,0.36054421768707484,0.8981834604576475,0.8135912273235228,0.4073632240530849,0.4057508035919094,0.12684366579648443,0.12687035792464002,0.8299319727891157,0.8279305499799278,0.7767857142857143,0.7372881355932204,0.8207547169811321,0.8679245283018868,-0.5357965717542165,1.0184862535156727,0.08219942325504992
cleveland,switzerland,logistic,pooled,2,"{""C"": 10.0, ""l1_ratio"": 0.0}",123.0,0.9349593495934959,0.7445652173913044,0.9723033664989894,0.8594734564843849,0.7219954060362099,0.2681398682191948,0.22468395944686748,0.6504065040650406,0.6967391304347825,0.774869109947644,0.9736842105263158,0.6434782608695652,0.6434782608695652,2.8169428167402546,0.38497284074319105,0.35100905844674013
cleveland,va_long_beach,logistic,pooled,2,"{""C"": 10.0, ""l1_ratio"": 0.0}",200.0,0.745,0.7207527306224503,0.872656441870697,0.5571410641777043,0.752906668267445,0.18021098010458467,0.24502290923921305,0.75,0.6452164758520857,0.8366013071895425,0.8152866242038217,0.8590604026845637,0.5033557046979866,0.5892093079513548,0.4824493458198388,0.14928119498946196
cleveland,hungary,core_logistic,pooled,0,"{""C"": 0.1, ""l1_ratio"": 0.0}",294.0,0.36054421768707484,0.8364863508631072,0.6948557151580086,0.8317938179064048,0.6992100934925711,0.3114896215602792,0.2532350142101654,0.36054421768707484,0.5,0.53,0.36054421768707484,1.0,0.7452830188679245,-3.3977237753325067,2.5074909997067043,0.4122098687037038
cleveland,switzerland,core_logistic,pooled,0,"{""C"": 0.1, ""l1_ratio"": 0.0}",123.0,0.9349593495934959,0.7282608695652174,0.9648489369443037,0.44013457589145744,0.6121913831480136,0.13463093362932624,0.20848905385049754,0.8455284552845529,0.6847826086956521,0.91324200913242,0.9615384615384616,0.8695652173913043,0.4782608695652174,2.106610118286103,1.2705261059621937,0.0692413078182805
cleveland,va_long_beach,core_logistic,pooled,0,"{""C"": 0.1, ""l1_ratio"": 0.0}",200.0,0.745,0.7121989735491512,0.8649718337673324,0.515264830050806,0.7194026660909885,0.17025824911578474,0.2546808249226292,0.755,0.616331096196868,0.8454258675078864,0.7976190476190477,0.8993288590604027,0.42953020134228187,0.2788039657131375,0.8283587534186565,0.14158104931865317
cleveland,hungary,core_logistic,pooled,1,"{""C"": 1.0, ""l1_ratio"": 0.0}",294.0,0.36054421768707484,0.830314130871136,0.6886803282189973,0.6876491821151582,0.5913222022535434,0.23851198342149718,0.19949284215440444,0.6666666666666666,0.7229024488157367,0.6666666666666666,0.5212765957446809,0.9245283018867925,0.7452830188679245,-1.9289918221145532,1.4340157491959473,0.3158621158288502
cleveland,switzerland,core_logistic,pooled,1,"{""C"": 1.0, ""l1_ratio"": 0.0}",123.0,0.9349593495934959,0.7467391304347827,0.9667112283414636,0.4118175022351196,0.6084591370079105,0.12468263149211457,0.20573635133876483,0.8536585365853658,0.6891304347826087,0.9181818181818182,0.9619047619047619,0.8782608695652174,0.4782608695652174,2.103186432355611,1.111185832506569,0.065888452533845
cleveland,va_long_beach,core_logistic,pooled,1,"{""C"": 1.0, ""l1_ratio"": 0.0}",200.0,0.745,0.7098302408211608,0.8643185919622123,0.5313537113452526,0.7757575382620867,0.17589500652809512,0.26901963364518416,0.745,0.6096196868008948,0.8380952380952381,0.7951807228915663,0.8859060402684564,0.42953020134228187,0.36102869439317264,0.612485411146546,0.14245598885887467
cleveland,hungary,core_logistic,pooled,2,"{""C"": 10.0, ""l1_ratio"": 0.0}",294.0,0.36054421768707484,0.8283069048574869,0.6854841818600665,0.6673086786070163,0.5771352988160657,0.22852320944822158,0.19263932155931557,0.6666666666666666,0.7229024488157367,0.6666666666666666,0.5212765957446809,0.9245283018867925,0.7452830188679245,-1.7524839493861621,1.2973912140283776,0.2956018956548485
cleveland,switzerland,core_logistic,pooled,2,"{""C"": 10.0, ""l1_ratio"": 0.0}",123.0,0.9349593495934959,0.7467391304347827,0.9667114219668317,0.4082160461191473,0.6082875314517259,0.12348437202414986,0.2055637989794059,0.8536585365853658,0.6891304347826087,0.9181818181818182,0.9619047619047619,0.8782608695652174,0.4782608695652174,2.105102969121809,1.0886877467586142,0.06519090208585619
cleveland,va_long_beach,core_logistic,pooled,2,"{""C"": 10.0, ""l1_ratio"": 0.0}",200.0,0.745,0.7094354520331624,0.8644339055750965,0.5369454692592736,0.7894406220892624,0.17746496379521426,0.27222810515178036,0.745,0.6096196868008948,0.8380952380952381,0.7951807228915663,0.8859060402684564,0.436241610738255,0.3759758685009486,0.5808467697661011,0.14191422127381859
cleveland,hungary,mask_logistic,pooled,0,"{""C"": 0.1, ""l1_ratio"": 0.0}",294.0,0.36054421768707484,0.7660828984343637,0.6085462846589911,1.0039104876903147,0.8337269738614321,0.3857526832368892,0.3106188754333534,0.36054421768707484,0.5,0.53,0.36054421768707484,1.0,0.6886792452830188,-5.768775989377024,4.058002866145032,0.5357260408466857
cleveland,switzerland,mask_logistic,pooled,0,"{""C"": 0.1, ""l1_ratio"": 0.0}",123.0,0.9349593495934959,0.6228260869565218,0.9546669730721433,0.42033171379077716,0.8157318078703257,0.1244223063552046,0.30673377705116606,0.8373983739837398,0.44782608695652176,0.911504424778761,0.9279279279279279,0.8956521739130435,0.5043478260869565,2.7811410336638627,-0.12495618069353438,0.048690259011882155
cleveland,va_long_beach,mask_logistic,pooled,0,"{""C"": 0.1, ""l1_ratio"": 0.0}",200.0,0.745,0.62751677852349,0.8181130129385666,0.7007598928121059,0.6802379822179969,0.2518860739239234,0.24151534913296716,0.61,0.6350835636267931,0.6904761904761905,0.8446601941747572,0.5838926174496645,0.2684563758389262,1.1170945601647282,0.5611508166059429,0.31782128912760244
cleveland,hungary,mask_logistic,pooled,1,"{""C"": 1.0, ""l1_ratio"": 0.0}",294.0,0.36054421768707484,0.7631222400642313,0.6023980972218532,0.8777823549647531,0.7412326518999832,0.3319381377949711,0.2712827261372352,0.36054421768707484,0.5,0.53,0.36054421768707484,1.0,0.6886792452830188,-2.9041304116057587,2.158919371667659,0.5400626736916252
cleveland,switzerland,mask_logistic,pooled,1,"{""C"": 1.0, ""l1_ratio"": 0.0}",123.0,0.9349593495934959,0.6315217391304349,0.9554864046195923,0.36759556165575197,0.8648888272069812,0.10827187224002317,0.3251210280938326,0.8373983739837398,0.44782608695652176,0.911504424778761,0.9279279279279279,0.8956521739130435,0.5130434782608696,2.3742193174743123,0.2392194839326377,0.04710651405666864
cleveland,va_long_beach,mask_logistic,pooled,1,"{""C"": 1.0, ""l1_ratio"": 0.0}",200.0,0.745,0.6235688906435057,0.8130791866503504,0.7334581827598616,0.7210864956922642,0.26165361255065683,0.25407251637259565,0.605,0.6252796420581656,0.6877470355731226,0.8365384615384616,0.5838926174496645,0.2684563758389262,1.0862621807360628,0.38800462502870775,0.3534225260358974
cleveland,hungary,mask_logistic,pooled,2,"{""C"": 10.0, ""l1_ratio"": 0.0}",294.0,0.36054421768707484,0.7622189883580892,0.6014382549766951,0.8509608060741163,0.7216067672989235,0.3186994952014968,0.2616462130163416,0.3673469387755102,0.5053191489361702,0.5326633165829145,0.363013698630137,1.0,0.6792452830188679,-2.5367437950599117,1.893980844125093,0.541023659834184
cleveland,switzerland,mask_logistic,pooled,2,"{""C"": 10.0, ""l1_ratio"": 0.0}",123.0,0.9349593495934959,0.6434782608695652,0.9571179958587495,0.3571121376129439,0.8521180733811266,0.10553609922682286,0.318964066085261,0.8373983739837398,0.44782608695652176,0.911504424778761,0.9279279279279279,0.8956521739130435,0.5217391304347826,2.2082031123763524,0.366019095606941,0.0436009417430201
cleveland,va_long_beach,mask_logistic,pooled,2,"{""C"": 10.0, ""l1_ratio"": 0.0}",200.0,0.745,0.6131727858928806,0.7992360047779903,0.7089377388308017,0.7518485816509026,0.24740039744103842,0.26233747938765795,0.62,0.6031056717989209,0.7142857142857143,0.811965811965812,0.6375838926174496,0.2751677852348993,1.0133486406080656,0.30294414544592696,0.32688638124566316
cleveland,hungary,logistic,site_class_balanced,0,"{""C"": 0.1, ""l1_ratio"": 0.0}",294.0,0.36054421768707484,0.8871437173825774,0.8129131686364324,0.4300071138720114,0.46741720910737616,0.1340004084298401,0.14955679025569518,0.8095238095238095,0.7769971898835808,0.7142857142857143,0.7777777777777778,0.660377358490566,0.8113207547169812,0.11018846391065144,1.5948493857348491,0.07532047336400548
cleveland,switzerland,logistic,site_class_balanced,0,"{""C"": 0.1, ""l1_ratio"": 0.0}",123.0,0.9349593495934959,0.7619565217391305,0.9726548869361176,0.6985230140790152,0.5999499336988265,0.24872493792708525,0.20748385089599342,0.6097560975609756,0.675,0.7419354838709677,0.971830985915493,0.6,0.5652173913043478,3.045407575287212,1.0702026925739405,0.3334421007218381
cleveland,va_long_beach,logistic,site_class_balanced,0,"{""C"": 0.1, ""l1_ratio"": 0.0}",200.0,0.745,0.7115409922358206,0.8751063191705808,0.5688343034659075,0.6487769634488667,0.19503073415149239,0.22783288498215049,0.69,0.6307408869588104,0.7832167832167832,0.8175182481751825,0.7516778523489933,0.5973154362416108,0.8076111478678403,0.675391298132367,0.17224456517325576
cleveland,hungary,logistic,site_class_balanced,1,"{""C"": 1.0, ""l1_ratio"": 0.0}",294.0,0.36054421768707484,0.8858892011240466,0.7858822484314493,0.4183451242595987,0.48072065021047783,0.13472746681410852,0.15738485253239343,0.8163265306122449,0.7823163388197512,0.7216494845360825,0.7954545454545454,0.660377358490566,0.839622641509434,0.2724958048253736,0.9820562079684834,0.07801207479371976
cleveland,switzerland,logistic,site_class_balanced,1,"{""C"": 1.0, ""l1_ratio"": 0.0}",123.0,0.9349593495934959,0.7597826086956521,0.9731785505778376,0.8839530778897428,0.6700736654522509,0.3039717816403753,0.22522160107324832,0.5040650406504065,0.6766304347826086,0.6432748538011696,0.9821428571428571,0.4782608695652174,0.5565217391304348,3.079786117685723,0.6066007763411201,0.4547159319382291
cleveland,va_long_beach,logistic,site_class_balanced,1,"{""C"": 1.0, ""l1_ratio"": 0.0}",200.0,0.745,0.6666666666666667,0.8660201903784033,0.6416036713037327,0.7734727353738029,0.22151279393636134,0.2715771280919175,0.645,0.5554020265824451,0.7560137457044673,0.7746478873239436,0.738255033557047,0.44966442953020136,0.8124749241780557,0.3636711443987506,0.19421904144505348
cleveland,hungary,logistic,site_class_balanced,2,"{""C"": 10.0, ""l1_ratio"": 0.0}",294.0,0.36054421768707484,0.8805198715375352,0.7696903456781929,0.4332038486084632,0.5019693227874868,0.13917998609610654,0.1630375743132365,0.8231292517006803,0.7896928944199116,0.7319587628865979,0.8068181818181818,0.6698113207547169,0.8301886792452831,0.2679283364377126,0.832766702118609,0.08072697168708072
cleveland,switzerland,logistic,site_class_balanced,2,"{""C"": 10.0, ""l1_ratio"": 0.0}",123.0,0.9349593495934959,0.7391304347826086,0.971776331250785,1.0170029670171037,0.7364434294755348,0.3293400738140633,0.23707818785159673,0.5040650406504065,0.6766304347826086,0.6432748538011696,0.9821428571428571,0.4782608695652174,0.5652173913043478,3.0175934535641074,0.42850122164945803,0.505767260320518
cleveland,va_long_beach,logistic,site_class_balanced,2,"{""C"": 10.0, ""l1_ratio"": 0.0}",200.0,0.745,0.6445584945387551,0.8578651308342263,0.7087035688792218,0.9116023425394311,0.2379042838754465,0.3051866232423629,0.605,0.5156599552572707,0.7247386759581882,0.7536231884057971,0.697986577181208,0.48322147651006714,0.7977753728887894,0.24615064752328697,0.2032546239543712
cleveland,hungary,elastic_net_logistic,site_class_balanced,0,"{""alpha"": 0.0001, ""l1_ratio"": 0.1}",294.0,0.36054421768707484,0.7822661581694098,0.6563549684278628,3.0745247718700415,3.760890031575186,0.20946244338303116,0.2563652525318413,0.7857142857142857,0.7378061019670814,0.6557377049180327,0.7792207792207793,0.5660377358490566,0.6698113207547169,0.03263736136995654,0.08900166321206969,0.20025155211350054
cleveland,switzerland,elastic_net_logistic,site_class_balanced,0,"{""alpha"": 0.0001, ""l1_ratio"": 0.1}",123.0,0.9349593495934959,0.716304347826087,0.9666844227771465,5.705486081951904,3.737458883790808,0.5566666203146763,0.36487158545491616,0.43089430894308944,0.6375,0.5679012345679012,0.9787234042553191,0.4,0.4,3.2000743924989226,0.08223664503573387,0.4763351604547661
cleveland,va_long_beach,elastic_net_logistic,site_class_balanced,0,"{""alpha"": 0.0001, ""l1_ratio"": 0.1}",200.0,0.745,0.5610606658770891,0.7709050800640321,5.781487771963652,6.621536397585678,0.403969419625376,0.4516175266940045,0.595,0.5476378470851427,0.7032967032967034,0.7741935483870968,0.6442953020134228,0.0,1.0287471445882972,0.013352450897146845,0.28989362223266507
cleveland,hungary,elastic_net_logistic,site_class_balanced,1,"{""alpha"": 0.0001, ""l1_ratio"": 0.5}",294.0,0.36054421768707484,0.7890656362906463,0.6601146343262956,2.8734051199812494,3.5180298978210534,0.19610675060550933,0.2400038856292684,0.7993197278911565,0.754616619831393,0.6810810810810811,0.7974683544303798,0.5943396226415094,0.6792452830188679,0.06569629950310978,0.0949517415061312,0.19937586275173386
cleveland,switzerland,elastic_net_logistic,site_class_balanced,1,"{""alpha"": 0.0001, ""l1_ratio"": 0.5}",123.0,0.9349593495934959,0.7342391304347826,0.9515738380548919,7.9742511978543185,5.201793200161692,0.6442185617633364,0.4026690453125714,0.34146341463414637,0.5896739130434783,0.46357615894039733,0.9722222222222222,0.30434782608695654,0.6695652173913044,3.362226873131419,0.0752651237408616,0.6118888991811726
cleveland,va_long_beach,elastic_net_logistic,site_class_balanced,1,"{""alpha"": 0.0001, ""l1_ratio"": 0.5}",200.0,0.745,0.5598105013817608,0.7695974103179798,5.706724935057604,6.615930641992342,0.3957856314340802,0.45555141077581285,0.6,0.5380971180418477,0.7122302158273381,0.7674418604651163,0.6644295302013423,0.0,1.0155762599141092,0.014692840888368086,0.29064365701432937
cleveland,hungary,elastic_net_logistic,site_class_balanced,2,"{""alpha"": 0.0001, ""l1_ratio"": 0.9}",294.0,0.36054421768707484,0.7408169409875552,0.6030637345089859,3.450290299162001,4.260786908517627,0.22092542287119094,0.2715815282478255,0.7789115646258503,0.7283721397029306,0.6408839779005525,0.7733333333333333,0.5471698113207547,0.5849056603773585,0.006565926720834195,0.0797520906806293,0.21353820580327798
cleveland,switzerland,elastic_net_logistic,site_class_balanced,2,"{""alpha"": 0.0001, ""l1_ratio"": 0.9}",123.0,0.9349593495934959,0.7695652173913043,0.9724726711814335,5.1977611397125205,3.4106572214316353,0.522630371754919,0.337643768197647,0.4634146341463415,0.654891304347826,0.6024096385542169,0.9803921568627451,0.43478260869565216,0.6347826086956522,3.415481024045313,0.10883012828604421,0.4815432344867947
cleveland,va_long_beach,elastic_net_logistic,site_class_balanced,2,"{""alpha"": 0.0001, ""l1_ratio"": 0.9}",200.0,0.745,0.559086721937097,0.7732737591615567,5.577573376900185,6.60305006665595,0.3710387858852776,0.4379695050917771,0.625,0.5548756415317805,0.734982332155477,0.7761194029850746,0.697986577181208,0.0,1.002599448784885,0.01587434931725379,0.27209387667379303
cleveland,hungary,elastic_net_logistic,site_class_balanced,3,"{""alpha"": 0.001, ""l1_ratio"": 0.1}",294.0,0.36054421768707484,0.8500100361300682,0.72784007973583,0.9527453164110917,1.0443864880985043,0.182081404191688,0.20067621969161495,0.7959183673469388,0.7745885186672019,0.7115384615384616,0.7254901960784313,0.6981132075471698,0.7547169811320755,-0.19542177904279193,0.23553182991859914,0.1183908971753152
cleveland,switzerland,elastic_net_logistic,site_class_balanced,3,"{""alpha"": 0.001, ""l1_ratio"": 0.1}",123.0,0.9349593495934959,0.7369565217391305,0.9675879129572675,2.5963277692874107,1.5695218998439013,0.558569919951683,0.35200185569926795,0.3170731707317073,0.5766304347826087,0.43243243243243246,0.9696969696969697,0.2782608695652174,0.5217391304347826,3.361538173999001,0.2060007361890175,0.7432321536664604
cleveland,va_long_beach,elastic_net_logistic,site_class_balanced,3,"{""alpha"": 0.001, ""l1_ratio"": 0.1}",200.0,0.745,0.5991577839189367,0.8330505255899601,2.1239962884722625,2.5165473078601988,0.35053864486318803,0.415525685396887,0.62,0.551519936833794,0.7304964539007093,0.7744360902255639,0.6912751677852349,0.4228187919463087,0.9695432864415094,0.04327757088425515,0.2980918063942093
cleveland,hungary,elastic_net_logistic,site_class_balanced,4,"{""alpha"": 0.001, ""l1_ratio"": 0.5}",294.0,0.36054421768707484,0.7954887595343236,0.6553160781737436,1.3903946101991023,1.4365099764498752,0.21087312309053796,0.21210630182227477,0.7653061224489796,0.7629967884383781,0.6986899563318777,0.6504065040650406,0.7547169811320755,0.7169811320754716,-0.4388956696844226,0.16098415083735704,0.17277944757838343
cleveland,switzerland,elastic_net_logistic,site_class_balanced,4,"{""alpha"": 0.001, ""l1_ratio"": 0.5}",123.0,0.9349593495934959,0.7836956521739131,0.9811378591058031,2.0171330137130994,1.1096745047552399,0.521098520604494,0.28426032473753776,0.35772357723577236,0.6565217391304348,0.4768211920529801,1.0,0.3130434782608696,0.5043478260869565,3.8246971820513385,0.39991848850706857,0.7212052703837618
cleveland,va_long_beach,elastic_net_logistic,site_class_balanced,4,"{""alpha"": 0.001, ""l1_ratio"": 0.5}",200.0,0.745,0.6324516383734702,0.8405733358913174,2.7366152285671923,3.0167723804204307,0.3526243557674596,0.3906273797454405,0.61,0.5706013949203842,0.7132352941176471,0.7886178861788617,0.6510067114093959,0.4228187919463087,0.9864687550394489,0.04744186327918975,0.28046090412250485
cleveland,hungary,elastic_net_logistic,site_class_balanced,5,"{""alpha"": 0.001, ""l1_ratio"": 0.9}",294.0,0.36054421768707484,0.8095393416298675,0.6566414514283522,1.0952001350559832,1.1240077428897264,0.20705288443167258,0.21555546673060957,0.7585034013605442,0.7453331995182657,0.6757990867579908,0.6548672566371682,0.6981132075471698,0.6886792452830188,-0.4287965078446348,0.20551427457558996,0.18309448607320417
cleveland,switzerland,elastic_net_logistic,site_class_balanced,5,"{""alpha"": 0.001, ""l1_ratio"": 0.9}",123.0,0.9349593495934959,0.7130434782608696,0.9729874521456794,2.844847543107756,1.5559973972040204,0.6062559084468724,0.3312995064500275,0.3089430894308943,0.6304347826086957,0.41379310344827586,1.0,0.2608695652173913,0.391304347826087,3.6363295672195366,0.2602007544843385,0.7728301903498054
cleveland,va_long_beach,elastic_net_logistic,site_class_balanced,5,"{""alpha"": 0.001, ""l1_ratio"": 0.9}",200.0,0.745,0.540268456375839,0.7908708203700114,3.8533174328216044,4.333965982616657,0.3784631686751789,0.4404376407665721,0.595,0.534741413343861,0.7075812274368231,0.765625,0.6577181208053692,0.3087248322147651,1.0511430806934332,0.007738064874125262,0.36483379406773303
cleveland,hungary,elastic_net_logistic,site_class_balanced,6,"{""alpha"": 0.01, ""l1_ratio"": 0.1}",294.0,0.36054421768707484,0.592031312725813,0.45583841741194503,0.7948504646251493,0.8456312141503431,0.2673462084151069,0.28224118586445535,0.5816326530612245,0.5638297872340425,0.462882096069869,0.43089430894308944,0.5,0.32075471698113206,-0.509623289937679,0.1842004740593988,0.36735595735197013
cleveland,switzerland,elastic_net_logistic,site_class_balanced,6,"{""alpha"": 0.01, ""l1_ratio"": 0.1}",123.0,0.9349593495934959,0.40652173913043477,0.9134187933119435,1.1988534273245348,1.141988990196577,0.4074055271377991,0.3819120992175902,0.3902439024390244,0.44130434782608696,0.5398773006134969,0.9166666666666666,0.3826086956521739,0.043478260869565216,2.633205682896784,-0.2427948967587222,0.6762130761233591
cleveland,va_long_beach,elastic_net_logistic,site_class_balanced,6,"{""alpha"": 0.01, ""l1_ratio"": 0.1}",200.0,0.745,0.5620476378470852,0.7857643380470771,0.9454910392890206,0.8347984151733788,0.3316254633262957,0.2928588804890553,0.47,0.5217791814712462,0.5391304347826087,0.7654320987654321,0.4161073825503356,0.2550335570469799,1.137810357679393,0.1406824396289111,0.558179634899818
cleveland,hungary,elastic_net_logistic,site_class_balanced,7,"{""alpha"": 0.01, ""l1_ratio"": 0.5}",294.0,0.36054421768707484,0.2817141710156563,0.2653100671899926,2.4411266204214934,2.796558307080585,0.5057949941532786,0.5437131596677074,0.3979591836734694,0.3646627860297069,0.22707423580786026,0.21138211382113822,0.24528301886792453,0.0660377358490566,-0.9020044978407551,-0.20050142896161816,0.6781313368690038
cleveland,switzerland,elastic_net_logistic,site_class_balanced,7,"{""alpha"": 0.01, ""l1_ratio"": 0.5}",123.0,0.9349593495934959,0.30434782608695654,0.8991201123026527,2.505538406766513,1.919889260173525,0.6122320247315661,0.5063279802582741,0.2682926829268293,0.3179347826086957,0.4,0.8571428571428571,0.2608695652173913,0.13043478260869565,2.413086227173782,-0.2405903701338784,0.8569727761610672
cleveland,va_long_beach,elastic_net_logistic,site_class_balanced,7,"{""alpha"": 0.01, ""l1_ratio"": 0.5}",200.0,0.745,0.4715094091327806,0.7329477243458455,1.1221492513798024,1.4216146131105143,0.3324064455953628,0.4072816606090635,0.565,0.4694696670614555,0.6947368421052632,0.7279411764705882,0.6644295302013423,0.174496644295302,1.1138743218047098,-0.035381865021133774,0.38529162926931326
cleveland,hungary,elastic_net_logistic,site_class_balanced,8,"{""alpha"": 0.01, ""l1_ratio"": 0.9}",294.0,0.36054421768707484,0.22596346848655158,0.24607883935197364,3.2404776711859293,2.964319200360367,0.6672919755319067,0.6209580269846124,0.24149659863945577,0.2855279004415897,0.29652996845425866,0.22274881516587677,0.44339622641509435,0.07547169811320754,-0.0469651855073022,-0.2962482577504692,0.8285875849338029
cleveland,switzerland,elastic_net_logistic,site_class_balanced,8,"{""alpha"": 0.01, ""l1_ratio"": 0.9}",123.0,0.9349593495934959,0.29782608695652174,0.899193229033784,2.148180397550131,1.8936073806475844,0.5626207852600514,0.504097887447315,0.3008130081300813,0.3353260869565218,0.44155844155844154,0.8717948717948718,0.2956521739130435,0.06956521739130435,2.5571830071171795,-0.2511239958665876,0.7861559171801885
cleveland,va_long_beach,elastic_net_logistic,site_class_balanced,8,"{""alpha"": 0.01, ""l1_ratio"": 0.9}",200.0,0.745,0.3167522042373997,0.6451006990585011,1.2932138543301568,1.5487858575748024,0.39257679602033846,0.473035785333151,0.48,0.3737333859718384,0.6285714285714286,0.6717557251908397,0.5906040268456376,0.053691275167785234,1.3501069472345508,-0.2953166229191085,0.5762202706636735
cleveland,hungary,random_forest,site_class_balanced,0,"{""max_depth"": 3, ""min_samples_leaf"": 5, ""n_estimators"": 500}",294.0,0.36054421768707484,0.8851364913689282,0.7795769718167888,0.5105064822651472,0.5236564555285096,0.16319679042422916,0.16921854217258514,0.8061224489795918,0.7990264953833802,0.7420814479638009,0.7130434782608696,0.7735849056603774,0.7830188679245284,-0.2314032932461149,2.701731445199294,0.07447167790593198
cleveland,switzerland,random_forest,site_class_balanced,0,"{""max_depth"": 3, ""min_samples_leaf"": 5, ""n_estimators"": 500}",123.0,0.9349593495934959,0.7586956521739131,0.9618961282156069,0.5809144965079922,0.6035948799167132,0.19784757344228387,0.2054786171560532,0.6422764227642277,0.692391304347826,0.7684210526315789,0.9733333333333334,0.6347826086956522,0.5565217391304348,2.6388260042844927,1.9703415099207773,0.17753364123502652
cleveland,va_long_beach,random_forest,site_class_balanced,0,"{""max_depth"": 3, ""min_samples_leaf"": 5, ""n_estimators"": 500}",200.0,0.745,0.7202263455717857,0.8655994808747571,0.5627251679508555,0.6335254121647502,0.1897739120824781,0.2207321759716629,0.72,0.6315304645348072,0.8120805369127517,0.8120805369127517,0.8120805369127517,0.5771812080536913,0.7571561651902764,0.9668874738401675,0.17441370912396742
cleveland,hungary,random_forest,site_class_balanced,1,"{""max_depth"": 3, ""min_samples_leaf"": 20, ""n_estimators"": 500}",294.0,0.36054421768707484,0.8655911280610197,0.7949513174514751,0.5462292060391261,0.5569342411085161,0.17856693231051768,0.18373727769110246,0.8333333333333334,0.8120734644720995,0.7609756097560976,0.7878787878787878,0.7358490566037735,0.8113207547169812,-0.20714330441351478,3.4355257499241896,0.10404589015766462
cleveland,switzerland,random_forest,site_class_balanced,1,"{""max_depth"": 3, ""min_samples_leaf"": 20, ""n_estimators"": 500}",123.0,0.9349593495934959,0.7695652173913043,0.9707295040596173,0.569519094945981,0.6019186586363081,0.19231967118619564,0.20546452585717262,0.6991869918699187,0.6646739130434782,0.8140703517587939,0.9642857142857143,0.7043478260869566,0.5304347826086957,2.566805210018026,2.108041258140711,0.1487796004870703
cleveland,va_long_beach,random_forest,site_class_balanced,1,"{""max_depth"": 3, ""min_samples_leaf"": 20, ""n_estimators"": 500}",200.0,0.745,0.7161468614291354,0.8632178998823316,0.5698497745070076,0.6213316504995197,0.19277267072570603,0.21548413173902226,0.725,0.6413343861034346,0.8148148148148148,0.8175675675675675,0.8120805369127517,0.5637583892617449,0.8187548347672752,1.07241098240054,0.18224316726662187
cleveland,hungary,random_forest,site_class_balanced,2,"{""max_depth"": null, ""min_samples_leaf"": 5, ""n_estimators"": 500}",294.0,0.36054421768707484,0.8877960658370132,0.7816812013718719,0.4705000061875992,0.48325864512921884,0.14737130468970297,0.15319208440892498,0.8163265306122449,0.7987755921316739,0.7428571428571429,0.75,0.7358490566037735,0.7924528301886793,-0.26126476454054076,1.9938175511593819,0.08311220490884269
cleveland,switzerland,random_forest,site_class_balanced,2,"{""max_depth"": null, ""min_samples_leaf"": 5, ""n_estimators"": 500}",123.0,0.9349593495934959,0.7663043478260869,0.9641620964409203,0.5554079046558557,0.5887361794108146,0.1863526644520344,0.19811883241966038,0.7317073170731707,0.6820652173913043,0.8374384236453202,0.9659090909090909,0.7391304347826086,0.6,2.621458574962419,1.6263855468001571,0.15096880282778957
cleveland,va_long_beach,random_forest,site_class_balanced,2,"{""max_depth"": null, ""min_samples_leaf"": 5, ""n_estimators"": 500}",200.0,0.745,0.7171996315304645,0.8617502170026706,0.5437819852440147,0.6505001060848116,0.18199033320299435,0.22635146144197968,0.74,0.6449532833267535,0.8278145695364238,0.8169934640522876,0.8389261744966443,0.5033557046979866,0.6854866009530709,0.7940916037301057,0.16413209468259304
cleveland,hungary,random_forest,site_class_balanced,3,"{""max_depth"": null, ""min_samples_leaf"": 20, ""n_estimators"": 500}",294.0,0.36054421768707484,0.8714622641509434,0.7965509131106993,0.5389710944063357,0.550668303717891,0.17527195008157861,0.18091315190584648,0.8367346938775511,0.8147330389401846,0.7647058823529411,0.7959183673469388,0.7358490566037735,0.8113207547169812,-0.17515686136908917,3.366127875975725,0.09344849928720411
cleveland,switzerland,random_forest,site_class_balanced,3,"{""max_depth"": null, ""min_samples_leaf"": 20, ""n_estimators"": 500}",123.0,0.9349593495934959,0.767391304347826,0.9705053302290361,0.5680920768474923,0.5930409340966969,0.19214176101413247,0.20162721230681102,0.6829268292682927,0.6559782608695652,0.8020304568527918,0.9634146341463414,0.6869565217391305,0.5304347826086957,2.625151556044345,1.989298781538777,0.15617758507478055
cleveland,va_long_beach,random_forest,site_class_balanced,3,"{""max_depth"": null, ""min_samples_leaf"": 20, ""n_estimators"": 500}",200.0,0.745,0.7228582708251085,0.8725826008127633,0.5636814830605351,0.6219335098652653,0.19054180725096892,0.21596464032172616,0.72,0.6315304645348072,0.8120805369127517,0.8120805369127517,0.8120805369127517,0.5436241610738255,0.809320201783858,0.9693670125612798,0.17233148134270654
cleveland,hungary,hist_gradient_boosting,site_class_balanced,0,"{""l2_regularization"": 1.0, ""max_leaf_nodes"": 7, ""min_samples_leaf"": 20}",294.0,0.36054421768707484,0.848655158570855,0.714836668574365,0.5097500207803474,0.5239225772911436,0.15204279030948434,0.1592406340721767,0.8061224489795918,0.786682055399438,0.7272727272727273,0.7378640776699029,0.7169811320754716,0.7924528301886793,-0.3919684754472742,0.664212365344245,0.15161726131898012
cleveland,switzerland,hist_gradient_boosting,site_class_balanced,0,"{""l2_regularization"": 1.0, ""max_leaf_nodes"": 7, ""min_samples_leaf"": 20}",123.0,0.9349593495934959,0.7456521739130435,0.9682349367790216,0.6250810475413232,0.6471202871092961,0.2142259900103823,0.2182920646153892,0.6747967479674797,0.7097826086956522,0.7938144329896907,0.9746835443037974,0.6695652173913044,0.2956521739130435,2.8115913317219943,0.7724172996908544,0.21306694955809796
cleveland,va_long_beach,hist_gradient_boosting,site_class_balanced,0,"{""l2_regularization"": 1.0, ""max_leaf_nodes"": 7, ""min_samples_leaf"": 20}",200.0,0.745,0.6645611264640084,0.836720414900385,0.622804891433757,0.8894289406334124,0.19378554523469674,0.27667335658930203,0.735,0.6351493617581261,0.8250825082508251,0.8116883116883117,0.8389261744966443,0.33557046979865773,0.663180938351239,0.35682335488839373,0.17649046737742716
cleveland,hungary,hist_gradient_boosting,site_class_balanced,1,"{""l2_regularization"": 1.0, ""max_leaf_nodes"": 15, ""min_samples_leaf"": 20}",294.0,0.36054421768707484,0.8376655961461261,0.6899626644157418,0.5423430905300534,0.5464357489554633,0.1585812389382519,0.16203580883300434,0.782312925170068,0.7783520674427941,0.7168141592920354,0.675,0.7641509433962265,0.7641509433962265,-0.4957372683227074,0.5926981210881204,0.1709331194494298
cleveland,switzerland,hist_gradient_boosting,site_class_balanced,1,"{""l2_regularization"": 1.0, ""max_leaf_nodes"": 15, ""min_samples_leaf"": 20}",123.0,0.9349593495934959,0.7271739130434782,0.9652189929989708,0.6515215202086755,0.7909093137970044,0.20862907835922082,0.23674254247402682,0.7235772357723578,0.7358695652173913,0.83,0.9764705882352941,0.7217391304347827,0.23478260869565218,2.680581558769628,0.4764662063973916,0.18474066275460388
cleveland,va_long_beach,hist_gradient_boosting,site_class_balanced,1,"{""l2_regularization"": 1.0, ""max_leaf_nodes"": 15, ""min_samples_leaf"": 20}",200.0,0.745,0.6823266219239373,0.8399972768679786,0.6319356159557489,0.932208191075295,0.18596470993942915,0.2725234928522008,0.76,0.651927885248059,0.8441558441558441,0.8176100628930818,0.87248322147651,0.3087248322147651,0.6245344234005501,0.34074050624833335,0.17056897706218685
cleveland,hungary,hist_gradient_boosting,site_class_balanced,2,"{""l2_regularization"": 10.0, ""max_leaf_nodes"": 7, ""min_samples_leaf"": 20}",294.0,0.36054421768707484,0.8548022882376556,0.7286725396995093,0.45810457468634824,0.5066290632011126,0.14386940460126263,0.16223425257434168,0.8095238095238095,0.7769971898835808,0.7142857142857143,0.7777777777777778,0.660377358490566,0.7924528301886793,0.009651203026488721,0.949126357110624,0.13137290409566513
cleveland,switzerland,hist_gradient_boosting,site_class_balanced,2,"{""l2_regularization"": 10.0, ""max_leaf_nodes"": 7, ""min_samples_leaf"": 20}",123.0,0.9349593495934959,0.7663043478260869,0.9710406536795692,0.6311281696624534,0.6061836977848344,0.21943237534123708,0.20719838826463996,0.6666666666666666,0.7054347826086956,0.7875647668393783,0.9743589743589743,0.6608695652173913,0.30434782608695654,2.8727604918475853,0.9734725700503564,0.2390196888052442
cleveland,va_long_beach,hist_gradient_boosting,site_class_balanced,2,"{""l2_regularization"": 10.0, ""max_leaf_nodes"": 7, ""min_samples_leaf"": 20}",200.0,0.745,0.6858797210159231,0.8508810515826569,0.5935224981902951,0.7787691580795998,0.19582006984260839,0.2600501993745762,0.705,0.6214633504408474,0.8,0.8082191780821918,0.7919463087248322,0.38926174496644295,0.7135326683194471,0.43353222100984157,0.17307141853162494
cleveland,hungary,hist_gradient_boosting,site_class_balanced,3,"{""l2_regularization"": 10.0, ""max_leaf_nodes"": 15, ""min_samples_leaf"": 20}",294.0,0.36054421768707484,0.8525943396226415,0.7353145814947895,0.46170850869029834,0.5042409277978622,0.14465846299127996,0.15998641010533954,0.8197278911564626,0.7952629466077881,0.7389162561576355,0.7731958762886598,0.7075471698113207,0.7830188679245284,-0.09162772676753654,0.8898429200884262,0.1271618367558022
cleveland,switzerland,hist_gradient_boosting,site_class_balanced,3,"{""l2_regularization"": 10.0, ""max_leaf_nodes"": 15, ""min_samples_leaf"": 20}",123.0,0.9349593495934959,0.75,0.9687704690440141,0.6736622255773248,0.6673493727731691,0.2343920640428512,0.22746676535033,0.6666666666666666,0.7054347826086956,0.7875647668393783,0.9743589743589743,0.6608695652173913,0.23478260869565218,2.904972844591876,0.7350737908705589,0.2404114694825449
cleveland,va_long_beach,hist_gradient_boosting,site_class_balanced,3,"{""l2_regularization"": 10.0, ""max_leaf_nodes"": 15, ""min_samples_leaf"": 20}",200.0,0.745,0.6908803789972364,0.8431483417214691,0.574385645020317,0.7528414067190081,0.18591076195866002,0.24664701804380953,0.74,0.6578497170680353,0.825503355704698,0.825503355704698,0.825503355704698,0.40268456375838924,0.7051308982218543,0.4743438073553423,0.1749103102891847
cleveland,hungary,xgboost,site_class_balanced,0,"{""learning_rate"": 0.03, ""max_depth"": 2, ""n_estimators"": 300}",294.0,0.36054421768707484,0.8716378964271377,0.772512748782492,0.4399827789802458,0.4839009639025663,0.13985364778761986,0.15710638415442893,0.8129251700680272,0.7899437976716178,0.7317073170731707,0.7575757575757576,0.7075471698113207,0.8018867924528302,0.0950301216274931,1.3163714477722226,0.09064915747000113
cleveland,switzerland,xgboost,site_class_balanced,0,"{""learning_rate"": 0.03, ""max_depth"": 2, ""n_estimators"": 300}",123.0,0.9349593495934959,0.7445652173913044,0.9655009254011067,0.6273368789654323,0.6136786681152492,0.21965085019043035,0.2105507095488411,0.6341463414634146,0.6880434782608695,0.7619047619047619,0.972972972972973,0.6260869565217392,0.3826086956521739,2.878174531855242,1.1480860973942804,0.24574386461489317
cleveland,va_long_beach,xgboost,site_class_balanced,0,"{""learning_rate"": 0.03, ""max_depth"": 2, ""n_estimators"": 300}",200.0,0.745,0.6818002368732727,0.8423162171933433,0.623342372213253,0.7642228218146137,0.209139671273709,0.2581392201885937,0.705,0.6279115673114883,0.7986348122866894,0.8125,0.785234899328859,0.4899328859060403,0.8094142099003673,0.41115943843877795,0.20108242064540166
cleveland,hungary,xgboost,site_class_balanced,1,"{""learning_rate"": 0.03, ""max_depth"": 3, ""n_estimators"": 300}",294.0,0.36054421768707484,0.8760036130068245,0.7796694538169715,0.43350352631793615,0.4723885129030628,0.13642272615019974,0.15225613648460298,0.8163265306122449,0.7864311521477318,0.7272727272727273,0.782608695652174,0.6792452830188679,0.7830188679245284,0.0453149880170265,1.3272958172074374,0.08400039887782385
cleveland,switzerland,xgboost,site_class_balanced,1,"{""learning_rate"": 0.03, ""max_depth"": 3, ""n_estimators"": 300}",123.0,0.9349593495934959,0.7347826086956522,0.960785011546917,0.6502648058246367,0.6396669352936086,0.22852680901703423,0.2185878469497103,0.6260162601626016,0.683695652173913,0.7553191489361702,0.9726027397260274,0.6173913043478261,0.3130434782608696,2.8974143577231026,0.9672161496397911,0.2648635158227309
cleveland,va_long_beach,xgboost,site_class_balanced,1,"{""learning_rate"": 0.03, ""max_depth"": 3, ""n_estimators"": 300}",200.0,0.745,0.6814712462166074,0.8440499131865835,0.6186988381631242,0.7597610029038799,0.20645812080856898,0.2559262690136529,0.72,0.637978681405448,0.8108108108108109,0.8163265306122449,0.8053691275167785,0.4563758389261745,0.8087164956734416,0.4202199843616204,0.19739241118483353
cleveland,hungary,xgboost,site_class_balanced,2,"{""learning_rate"": 0.1, ""max_depth"": 2, ""n_estimators"": 300}",294.0,0.36054421768707484,0.8746989160979527,0.7853646851985118,0.4267490466042391,0.48950480613355185,0.1355915229127904,0.15825459591614122,0.8129251700680272,0.7755419510236852,0.7120418848167539,0.8,0.6415094339622641,0.8301886792452831,0.2389823265978763,1.0044649530734435,0.08954646237541805
cleveland,switzerland,xgboost,site_class_balanced,2,"{""learning_rate"": 0.1, ""max_depth"": 2, ""n_estimators"": 300}",123.0,0.9349593495934959,0.741304347826087,0.9675763077132495,0.6444388349257401,0.6464840617445602,0.22586520071565644,0.21962462332789814,0.6260162601626016,0.683695652173913,0.7553191489361702,0.9726027397260274,0.6173913043478261,0.3826086956521739,2.81894926843219,0.8316985228024261,0.24692974111836333
cleveland,va_long_beach,xgboost,site_class_balanced,2,"{""learning_rate"": 0.1, ""max_depth"": 2, ""n_estimators"": 300}",200.0,0.745,0.6625871825240164,0.8274739522041444,0.669640398002486,0.8422318503047699,0.21531377683366293,0.26979650219058937,0.715,0.6346229767074615,0.8067796610169492,0.815068493150685,0.7986577181208053,0.37583892617449666,0.8270800888245197,0.32421794647359226,0.2228235428993815
cleveland,hungary,xgboost,site_class_balanced,3,"{""learning_rate"": 0.1, ""max_depth"": 3, ""n_estimators"": 300}",294.0,0.36054421768707484,0.8731433159373745,0.7639982823113423,0.4315323630119733,0.48897477721818156,0.13600544958719243,0.15648515550766542,0.8129251700680272,0.7837715776796468,0.7236180904522613,0.7741935483870968,0.6792452830188679,0.8113207547169812,0.133487834652844,0.9079826082791208,0.09249075066494153
cleveland,switzerland,xgboost,site_class_balanced,3,"{""learning_rate"": 0.1, ""max_depth"": 3, ""n_estimators"": 300}",123.0,0.9349593495934959,0.732608695652174,0.9665332860911664,0.646096288183122,0.6725002042486923,0.22370856248041243,0.22619115858907557,0.6504065040650406,0.6967391304347825,0.774869109947644,0.9736842105263158,0.6434782608695652,0.3652173913043478,2.7677756445720987,0.6945666706851774,0.23197052960971232
cleveland,va_long_beach,xgboost,site_class_balanced,3,"{""learning_rate"": 0.1, ""max_depth"": 3, ""n_estimators"": 300}",200.0,0.745,0.6748914330833005,0.8291767841992315,0.6735827529563398,0.815583237117263,0.21478969530919342,0.258126912481746,0.72,0.6573233320173707,0.8068965517241379,0.8297872340425532,0.785234899328859,0.3691275167785235,0.8659296500102074,0.3411549234057918,0.2302544573268176
cleveland,hungary,lightgbm,site_class_balanced,0,"{""min_child_samples"": 20, ""n_estimators"": 300, ""num_leaves"": 7}",294.0,0.36054421768707484,0.8617021276595744,0.7515127660099845,0.44465198417939283,0.4847531358062908,0.13955840850434922,0.15480633756549989,0.8231292517006803,0.7938077077478924,0.7373737373737373,0.7934782608695652,0.6886792452830188,0.839622641509434,-0.014692862158161069,1.1355946487986381,0.11486884470161418
cleveland,switzerland,lightgbm,site_class_balanced,0,"{""min_child_samples"": 20, ""n_estimators"": 300, ""num_leaves"": 7}",123.0,0.9349593495934959,0.75,0.964095569132027,0.6173764918780547,0.6137034078767352,0.21410831504607522,0.20889321640880373,0.6829268292682927,0.7141304347826087,0.8,0.975,0.6782608695652174,0.21739130434782608,2.876713232184551,1.0378315503001188,0.2327527289076074
cleveland,va_long_beach,lightgbm,site_class_balanced,0,"{""min_child_samples"": 20, ""n_estimators"": 300, ""num_leaves"": 7}",200.0,0.745,0.6844321621265956,0.8389695507816234,0.600579448272277,0.7732311213330354,0.19984585643244565,0.26056644760230957,0.72,0.6315304645348072,0.8120805369127517,0.8120805369127517,0.8120805369127517,0.38926174496644295,0.7453990366500668,0.4329482375899316,0.1880485924989871
cleveland,hungary,lightgbm,site_class_balanced,1,"{""min_child_samples"": 20, ""n_estimators"": 300, ""num_leaves"": 15}",294.0,0.36054421768707484,0.8638348052990766,0.7355464524462684,0.4469927715547164,0.48491192796005356,0.13953669057960982,0.15456862583618147,0.8197278911564626,0.7911481332798073,0.7336683417085427,0.7849462365591398,0.6886792452830188,0.8301886792452831,-0.04940444874324718,1.077810505464296,0.12508172796798056
cleveland,switzerland,lightgbm,site_class_balanced,1,"{""min_child_samples"": 20, ""n_estimators"": 300, ""num_leaves"": 15}",123.0,0.9349593495934959,0.7576086956521738,0.9701931543978713,0.6450916642341805,0.6258157747216434,0.22357703437700446,0.2144190069151111,0.6747967479674797,0.7097826086956522,0.7938144329896907,0.9746835443037974,0.6695652173913044,0.25217391304347825,2.8874282127242696,0.8437595490112217,0.2380452558879011
cleveland,va_long_beach,lightgbm,site_class_balanced,1,"{""min_child_samples"": 20, ""n_estimators"": 300, ""num_leaves"": 15}",200.0,0.745,0.6849585471772602,0.8408621924879622,0.5852806871877345,0.7592850641346053,0.19356615886878253,0.2537681601713824,0.74,0.6514015001973944,0.8266666666666667,0.8211920529801324,0.8322147651006712,0.38926174496644295,0.7272999049845794,0.46198072957057473,0.18019257118182694
cleveland,hungary,lightgbm,site_class_balanced,2,"{""min_child_samples"": 50, ""n_estimators"": 300, ""num_leaves"": 7}",294.0,0.36054421768707484,0.8587163789642713,0.7797202920696656,0.4618947079737689,0.5077316905458121,0.14655051466147992,0.16615809056257863,0.8095238095238095,0.7728823765556001,0.7083333333333334,0.7906976744186046,0.6415094339622641,0.7924528301886793,0.12804293131555464,1.424452915376953,0.10195380192275025
cleveland,switzerland,lightgbm,site_class_balanced,2,"{""min_child_samples"": 50, ""n_estimators"": 300, ""num_leaves"": 7}",123.0,0.9349593495934959,0.7456521739130435,0.9662272091393208,0.6224926245676411,0.6316907531649343,0.21661121874708783,0.21565681716344018,0.6504065040650406,0.6967391304347825,0.774869109947644,0.9736842105263158,0.6434782608695652,0.30434782608695654,2.8198581397509646,0.9322105346229358,0.23038279891907157
cleveland,va_long_beach,lightgbm,site_class_balanced,2,"{""min_child_samples"": 50, ""n_estimators"": 300, ""num_leaves"": 7}",200.0,0.745,0.6778523489932886,0.8296983658631889,0.6208024237642215,0.7742214827238758,0.2075780189437355,0.2609839104701728,0.7,0.6245558626135017,0.7945205479452054,0.8111888111888111,0.7785234899328859,0.4161073825503356,0.7981571302577941,0.4078257989449175,0.20821786455660118
cleveland,hungary,lightgbm,site_class_balanced,3,"{""min_child_samples"": 50, ""n_estimators"": 300, ""num_leaves"": 15}",294.0,0.36054421768707484,0.8596196306704135,0.7796313710674031,0.45814939954674483,0.5001378550692857,0.14539391726460857,0.1631964462988505,0.8061224489795918,0.7722802087515054,0.7076923076923077,0.7752808988764045,0.6509433962264151,0.7830188679245284,0.04467640379982312,1.3442172702249853,0.10002956549651702
cleveland,switzerland,lightgbm,site_class_balanced,3,"{""min_child_samples"": 50, ""n_estimators"": 300, ""num_leaves"": 15}",123.0,0.9349593495934959,0.7423913043478261,0.9633968773347288,0.6397823911231706,0.648811498316133,0.22287776757504185,0.22035385450276013,0.6504065040650406,0.6967391304347825,0.774869109947644,0.9736842105263158,0.6434782608695652,0.2956521739130435,2.83050691207673,0.8684964267353996,0.25202712730482885
cleveland,va_long_beach,lightgbm,site_class_balanced,3,"{""min_child_samples"": 50, ""n_estimators"": 300, ""num_leaves"": 15}",200.0,0.745,0.675417818133965,0.8287341014959593,0.6241019831732426,0.7751997834781518,0.2089462427735245,0.26151293214026583,0.695,0.6212001579155152,0.7903780068728522,0.8098591549295775,0.7718120805369127,0.38926174496644295,0.8079390591985388,0.405516480231163,0.20936382831694594
cleveland,hungary,catboost,site_class_balanced,0,"{""depth"": 4, ""iterations"": 300, ""l2_leaf_reg"": 3.0}",294.0,0.36054421768707484,0.856985146527499,0.7356097378136358,0.45900531291587493,0.48307711404710235,0.14803581966469967,0.15766294130813718,0.8061224489795918,0.7907968687274187,0.7323943661971831,0.7289719626168224,0.7358490566037735,0.7547169811320755,-0.22707519388328762,0.9787276465220823,0.10555925258647074
cleveland,switzerland,catboost,site_class_balanced,0,"{""depth"": 4, ""iterations"": 300, ""l2_leaf_reg"": 3.0}",123.0,0.9349593495934959,0.7630434782608696,0.9603690873519836,0.563309045007474,0.6257859615076169,0.18928318924492277,0.20357036880667345,0.7154471544715447,0.6733695652173913,0.8258706467661692,0.9651162790697675,0.7217391304347827,0.5739130434782609,2.6848966661328646,1.0269671906478357,0.18447147258258415
cleveland,va_long_beach,catboost,site_class_balanced,0,"{""depth"": 4, ""iterations"": 300, ""l2_leaf_reg"": 3.0}",200.0,0.745,0.7183839978944598,0.8743670460489584,0.5503335909290136,0.7625364753809077,0.18149547833926047,0.25564920379405626,0.735,0.6093564942755626,0.8295819935691319,0.7962962962962963,0.8657718120805369,0.5302013422818792,0.5228451973803812,0.49955566076010044,0.14455317504248574
cleveland,hungary,catboost,site_class_balanced,1,"{""depth"": 4, ""iterations"": 300, ""l2_leaf_reg"": 10.0}",294.0,0.36054421768707484,0.8653653151344842,0.7493334106459322,0.44583592219832163,0.47945111582461275,0.14258874930298826,0.15633628534153005,0.7993197278911565,0.7710758731433159,0.7064676616915423,0.7473684210526316,0.6698113207547169,0.7641509433962265,-0.07766913854930328,1.113859569135035,0.09597005831725286
cleveland,switzerland,catboost,site_class_balanced,1,"{""depth"": 4, ""iterations"": 300, ""l2_leaf_reg"": 10.0}",123.0,0.9349593495934959,0.7543478260869565,0.9569746668286634,0.6021620190936237,0.6258758509634694,0.2059081160592456,0.20672902049188785,0.6747967479674797,0.7097826086956522,0.7938144329896907,0.9746835443037974,0.6695652173913044,0.5739130434782609,2.7711453324943065,1.0377592980858785,0.22900945819529014
cleveland,va_long_beach,catboost,site_class_balanced,1,"{""depth"": 4, ""iterations"": 300, ""l2_leaf_reg"": 10.0}",200.0,0.745,0.718515594157126,0.8642943648347226,0.5459192122604155,0.7280918456033153,0.18158560653393926,0.2486713146195958,0.735,0.6158047111462035,0.8284789644012945,0.8,0.8590604026845637,0.5369127516778524,0.5771587774712993,0.5450565726921041,0.15613332426449167
cleveland,hungary,catboost,site_class_balanced,2,"{""depth"": 6, ""iterations"": 300, ""l2_leaf_reg"": 3.0}",294.0,0.36054421768707484,0.8555299076676034,0.7379410792294113,0.47985991272967965,0.4761251847023405,0.1537196762562312,0.15367022311993192,0.7687074829931972,0.769771176234444,0.7068965517241379,0.6507936507936508,0.7735849056603774,0.7169811320754716,-0.5539564297334827,0.9326703139432775,0.1267524918752601
cleveland,switzerland,catboost,site_class_balanced,2,"{""depth"": 6, ""iterations"": 300, ""l2_leaf_reg"": 3.0}",123.0,0.9349593495934959,0.7750000000000001,0.9653765993446959,0.5345785371775407,0.610693216775292,0.1779690055066372,0.1963836562822043,0.7560975609756098,0.6951086956521739,0.8543689320388349,0.967032967032967,0.7652173913043478,0.6695652173913044,2.59706490698768,0.9083549238307435,0.15970305123258374
cleveland,va_long_beach,catboost,site_class_balanced,2,"{""depth"": 6, ""iterations"": 300, ""l2_leaf_reg"": 3.0}",200.0,0.745,0.7235162521384393,0.8735382218895119,0.5470727051507386,0.758400321840863,0.1778046215059976,0.2496053932019372,0.75,0.6452164758520857,0.8366013071895425,0.8152866242038217,0.8590604026845637,0.5100671140939598,0.5330755807291532,0.504960136589542,0.14309336648251417
cleveland,hungary,catboost,site_class_balanced,3,"{""depth"": 6, ""iterations"": 300, ""l2_leaf_reg"": 10.0}",294.0,0.36054421768707484,0.8595443596949016,0.7350295947106619,0.466701664722413,0.4820155043888892,0.1487804216020722,0.1558891775402586,0.7789115646258503,0.7674628663187475,0.7031963470319634,0.6814159292035398,0.7264150943396226,0.7358490566037735,-0.32161385572281664,1.1292262367696468,0.12073552409112771
cleveland,switzerland,catboost,site_class_balanced,3,"{""depth"": 6, ""iterations"": 300, ""l2_leaf_reg"": 10.0}",123.0,0.9349593495934959,0.7695652173913043,0.9630554914285618,0.5322203457593987,0.6010024295870121,0.17801353580485726,0.1963754290480093,0.7317073170731707,0.6820652173913043,0.8374384236453202,0.9659090909090909,0.7391304347826086,0.6086956521739131,2.6100312411565065,1.150206303375599,0.15157425109368472
cleveland,va_long_beach,catboost,site_class_balanced,3,"{""depth"": 6, ""iterations"": 300, ""l2_leaf_reg"": 10.0}",200.0,0.745,0.7112777997104882,0.8568247514809838,0.548993009683099,0.7356794009317625,0.18054682883835615,0.2461572692704715,0.735,0.6222529280168443,0.8273615635179153,0.8037974683544303,0.8523489932885906,0.5436241610738255,0.5847132743324068,0.5315058051505601,0.16210092273094479
hungary,cleveland,logistic,pooled,0,"{""C"": 0.1, ""l1_ratio"": 0.0}",303.0,0.45874587458745875,0.8217231093174242,0.8114793818492859,0.7523492377678351,0.7106985521133031,0.27663820358868363,0.25879840458552505,0.5082508250825083,0.5451833655027198,0.6494117647058824,0.4825174825174825,0.9928057553956835,0.7266187050359713,-2.545467265706636,1.9304120645802907,0.2854931076000621
hungary,switzerland,logistic,pooled,0,"{""C"": 0.1, ""l1_ratio"": 0.0}",123.0,0.9349593495934959,0.7402173913043478,0.9754329333283855,0.4374848006590137,0.6310236441438312,0.14122273300825383,0.22168507615632405,0.7804878048780488,0.65,0.8720379146919431,0.9583333333333334,0.8,0.45217391304347826,2.2372260444260035,0.825372404673105,0.07837214845549964
hungary,va_long_beach,logistic,pooled,0,"{""C"": 0.1, ""l1_ratio"": 0.0}",200.0,0.745,0.698907751019871,0.8484709928781311,0.5310684765509366,0.8431732134516985,0.17096777371716546,0.28915791515131567,0.76,0.548756415317805,0.8588235294117647,0.7643979057591623,0.9798657718120806,0.40268456375838924,-0.028014352764513,0.7507309162718873,0.15980133131835111
hungary,cleveland,logistic,pooled,1,"{""C"": 1.0, ""l1_ratio"": 0.0}",303.0,0.45874587458745875,0.8216792419722758,0.8213164971942589,0.5207992609397204,0.5190030726849113,0.17336478206494035,0.1726201664851304,0.7458745874587459,0.7466002807510089,0.7317073170731707,0.7094594594594594,0.7553956834532374,0.7050359712230215,-0.28531972526490446,1.0576500396703121,0.14450261511577872
hungary,switzerland,logistic,pooled,1,"{""C"": 1.0, ""l1_ratio"": 0.0}",123.0,0.9349593495934959,0.6945652173913044,0.9624035945873303,0.39246848214077823,0.7631882086564143,0.12004840192766454,0.2486514104875582,0.8373983739837398,0.6222826086956521,0.9090909090909091,0.9523809523809523,0.8695652173913043,0.391304347826087,2.1334310208241987,0.5416362234269568,0.07393501575174992
hungary,va_long_beach,logistic,pooled,1,"{""C"": 1.0, ""l1_ratio"": 0.0}",200.0,0.745,0.6639031451506777,0.8323277102562255,0.6048882227030837,1.0203624522608439,0.18505719103086868,0.32185876933616775,0.74,0.5353335965258587,0.8452380952380952,0.7593582887700535,0.9530201342281879,0.4228187919463087,0.20687960913276895,0.4453357472161928,0.17584721191066444
hungary,cleveland,logistic,pooled,2,"{""C"": 10.0, ""l1_ratio"": 0.0}",303.0,0.45874587458745875,0.8243551500263204,0.8162397458451222,0.5268465202240893,0.5441623179040574,0.17241260955307885,0.17868674184723157,0.7491749174917491,0.738682224951746,0.6910569105691057,0.794392523364486,0.6115107913669064,0.6834532374100719,0.31634140104069564,0.8223990924281188,0.14636637278050044
hungary,switzerland,logistic,pooled,2,"{""C"": 10.0, ""l1_ratio"": 0.0}",123.0,0.9349593495934959,0.675,0.9562651766827976,0.36369897965960707,0.8934699803787415,0.10624880572862616,0.27397814320181296,0.8861788617886179,0.5902173913043478,0.9385964912280702,0.9469026548672567,0.9304347826086956,0.3739130434782609,2.107249783801841,0.40481298157774404,0.07093734940547862
hungary,va_long_beach,logistic,pooled,2,"{""C"": 10.0, ""l1_ratio"": 0.0}",200.0,0.745,0.5850769838136597,0.7908873262681764,0.7917125330012749,1.4503973190239965,0.21128909735439103,0.3936068724286741,0.745,0.5193446506119226,0.8513119533527697,0.7525773195876289,0.9798657718120806,0.3087248322147651,0.5269087767491722,0.18966240013514568,0.213862020359321
hungary,cleveland,core_logistic,pooled,0,"{""C"": 0.1, ""l1_ratio"": 0.0}",303.0,0.45874587458745875,0.8020705386909984,0.7332924581359472,0.8119471314568684,0.7654265804974423,0.3007840745658709,0.2806806169539827,0.45874587458745875,0.5,0.6289592760180995,0.45874587458745875,1.0,0.6618705035971223,-3.2377952228161178,2.3685916953027597,0.33278248440061226
hungary,switzerland,core_logistic,pooled,0,"{""C"": 0.1, ""l1_ratio"": 0.0}",123.0,0.9349593495934959,0.7347826086956522,0.9659852344413506,0.4484552906237136,0.6227741481012158,0.13920691506585275,0.2128483203937963,0.8373983739837398,0.7385869565217391,0.9074074074074074,0.9702970297029703,0.8521739130434782,0.4782608695652174,2.1788750017801903,1.0409650830353652,0.08085158158357635
hungary,va_long_beach,core_logistic,pooled,0,"{""C"": 0.1, ""l1_ratio"": 0.0}",200.0,0.745,0.7039084090011843,0.8629350534471985,0.52588608738124,0.7238331366584587,0.1750646718439215,0.25606353593249875,0.715,0.5959336754836163,0.8143322475570033,0.7911392405063291,0.8389261744966443,0.42953020134228187,0.36153918776149785,0.7664995720636928,0.14905101848313085
hungary,cleveland,core_logistic,pooled,1,"{""C"": 1.0, ""l1_ratio"": 0.0}",303.0,0.45874587458745875,0.7959291103702404,0.7266005246305547,0.7517907745978175,0.7106531877833073,0.26882947425885506,0.2519605656995591,0.5544554455445545,0.5834795578171609,0.6582278481012658,0.5078125,0.935251798561151,0.6546762589928058,-1.8974166091448845,1.3803428704880663,0.3189556767205015
hungary,switzerland,core_logistic,pooled,1,"{""C"": 1.0, ""l1_ratio"": 0.0}",123.0,0.9349593495934959,0.7391304347826088,0.9663600892581214,0.4309021383820535,0.6321493343938688,0.13387687804430465,0.2129563803009359,0.8455284552845529,0.7429347826086956,0.9124423963133641,0.9705882352941176,0.8608695652173913,0.4782608695652174,2.2082414620983655,0.8182150370133305,0.08916635938094332
hungary,va_long_beach,core_logistic,pooled,1,"{""C"": 1.0, ""l1_ratio"": 0.0}",200.0,0.745,0.7090406632451638,0.8640949395169155,0.5417770397026103,0.7830411653864995,0.17993522970954068,0.2679417763103565,0.7,0.5858665613896565,0.8026315789473685,0.7870967741935484,0.8187919463087249,0.42953020134228187,0.4107408024237468,0.5704511590477099,0.14857137287889843
hungary,cleveland,core_logistic,pooled,2,"{""C"": 10.0, ""l1_ratio"": 0.0}",303.0,0.45874587458745875,0.7933848043516406,0.7220154166878994,0.7498798490780296,0.7092336212913174,0.26673752590049726,0.25028552878053856,0.5610561056105611,0.5895771187927706,0.6615776081424937,0.5118110236220472,0.935251798561151,0.6546762589928058,-1.7303285515632234,1.243903072684982,0.3101391174383027
hungary,switzerland,core_logistic,pooled,2,"{""C"": 10.0, ""l1_ratio"": 0.0}",123.0,0.9349593495934959,0.7391304347826088,0.9663601562683719,0.4293180929923257,0.6353678723017993,0.1334277101904664,0.21347215408878073,0.8373983739837398,0.7385869565217391,0.9074074074074074,0.9702970297029703,0.8521739130434782,0.4782608695652174,2.213046356650202,0.7865958445992854,0.09293493759680595
hungary,va_long_beach,core_logistic,pooled,2,"{""C"": 10.0, ""l1_ratio"": 0.0}",200.0,0.745,0.7090406632451638,0.8641002562036548,0.5465371998577987,0.796674094838461,0.1809875222890344,0.2702383204839098,0.7,0.5858665613896565,0.8026315789473685,0.7870967741935484,0.8187919463087249,0.42953020134228187,0.4140444534246545,0.5454626322274285,0.14834608037685018
hungary,cleveland,mask_logistic,pooled,0,"{""C"": 0.1, ""l1_ratio"": 0.0}",303.0,0.45874587458745875,0.4939463063695385,0.4569739359987291,1.1170534775775505,1.043879228756854,0.4052836776783723,0.37600377605531465,0.45874587458745875,0.5,0.6289592760180995,0.45874587458745875,1.0,0.007194244604316547,2.2216890179046227,-1.3461475287089,0.570459942989761
hungary,switzerland,mask_logistic,pooled,0,"{""C"": 0.1, ""l1_ratio"": 0.0}",123.0,0.9349593495934959,0.3184782608695652,0.9037641597331243,0.40042123185648926,0.8859853438838543,0.11224476048664397,0.32950132847564295,0.9349593495934959,0.5,0.9663865546218487,0.9349593495934959,1.0,0.0,5.825554352335489,-2.943825092557205,0.11059898627326413
hungary,va_long_beach,mask_logistic,pooled,0,"{""C"": 0.1, ""l1_ratio"": 0.0}",200.0,0.745,0.4411764705882353,0.7279500009001972,0.5887208715161277,0.8625622639013699,0.19779199094926267,0.31809812665904846,0.74,0.4966442953020134,0.8505747126436781,0.7437185929648241,0.9932885906040269,0.15436241610738255,1.1865162598197077,-0.10239778397056568,0.2774305967345292
hungary,cleveland,mask_logistic,pooled,1,"{""C"": 1.0, ""l1_ratio"": 0.0}",303.0,0.45874587458745875,0.4939463063695385,0.4569739359987291,1.0961514603161764,1.0253035831459436,0.3996879774045277,0.3710294478418653,0.45874587458745875,0.5,0.6289592760180995,0.45874587458745875,1.0,0.007194244604316547,1.2908229383426353,-0.8492827962723677,0.570459942989761
hungary,switzerland,mask_logistic,pooled,1,"{""C"": 1.0, ""l1_ratio"": 0.0}",123.0,0.9349593495934959,0.3173913043478261,0.9038514735904335,0.349920171025305,1.0056196534595385,0.09391513838254582,0.3635108039919204,0.926829268292683,0.4956521739130435,0.9620253164556962,0.9344262295081968,0.991304347826087,0.0,5.213924701689686,-1.7563925946027719,0.1107390101382011
hungary,va_long_beach,mask_logistic,pooled,1,"{""C"": 1.0, ""l1_ratio"": 0.0}",200.0,0.745,0.43933412291090934,0.729834577198975,0.6782146846106366,0.9388757276972333,0.23045992098097756,0.32974201758756766,0.555,0.42406895644163706,0.6983050847457627,0.7054794520547946,0.6912751677852349,0.1476510067114094,1.1868150361289864,-0.10870232313983907,0.30684955960533644
hungary,cleveland,mask_logistic,pooled,2,"{""C"": 10.0, ""l1_ratio"": 0.0}",303.0,0.45874587458745875,0.4939463063695385,0.4569739359987291,0.9860847294736926,0.9277709322793861,0.36784677196834153,0.34282670707809715,0.45874587458745875,0.5,0.6289592760180995,0.45874587458745875,1.0,0.007194244604316547,0.7527498346293972,-0.6517372860190852,0.570459942989761
hungary,switzerland,mask_logistic,pooled,2,"{""C"": 10.0, ""l1_ratio"": 0.0}",123.0,0.9349593495934959,0.3173913043478261,0.9039614861466487,0.3437699059236715,1.050985864951059,0.09307947455378435,0.3747492849919645,0.9024390243902439,0.4826086956521739,0.9487179487179487,0.9327731092436975,0.9652173913043478,0.0,4.915215488691549,-1.4322284077019916,0.11159011734457513
hungary,va_long_beach,mask_logistic,pooled,2,"{""C"": 10.0, ""l1_ratio"": 0.0}",200.0,0.745,0.4374917752335834,0.72588411463246,0.9272143610527478,1.1997091613388857,0.3108815752469085,0.3833995766105949,0.525,0.4232793788656402,0.6643109540636042,0.7014925373134329,0.6308724832214765,0.1476510067114094,1.1910359861613236,-0.1099611620547497,0.3987623069723907
hungary,cleveland,logistic,site_class_balanced,0,"{""C"": 0.1, ""l1_ratio"": 0.0}",303.0,0.45874587458745875,0.8051412528513774,0.7964147474500298,0.5396829852077271,0.5461234714436279,0.17866495222180642,0.18143532772573168,0.7392739273927392,0.7344709598175119,0.704119850187266,0.734375,0.6762589928057554,0.6618705035971223,0.07653866537490224,1.325202159085249,0.16748494345625006
hungary,switzerland,logistic,site_class_balanced,0,"{""C"": 0.1, ""l1_ratio"": 0.0}",123.0,0.9349593495934959,0.7119565217391305,0.9665462414596266,0.6783806467779837,0.6274861579830634,0.23994182924681176,0.22079080429359768,0.6097560975609756,0.6168478260869565,0.7446808510638298,0.958904109589041,0.6086956521739131,0.3739130434782609,2.856949251553942,0.8546834311052887,0.30711865264554217
hungary,va_long_beach,logistic,site_class_balanced,0,"{""C"": 0.1, ""l1_ratio"": 0.0}",200.0,0.745,0.6527174628240558,0.8345006208989343,0.6087475268783988,0.710509413547189,0.20912226106751547,0.25000140554356653,0.69,0.6178444532175287,0.7862068965517242,0.8085106382978723,0.7651006711409396,0.4161073825503356,0.8385659926352815,0.4891025399939138,0.2289093121370376
hungary,cleveland,logistic,site_class_balanced,1,"{""C"": 1.0, ""l1_ratio"": 0.0}",303.0,0.45874587458745875,0.7804878048780488,0.7668407969559784,0.6356997035128377,0.6686685599463356,0.2080472992042066,0.2196536253086021,0.6996699669966997,0.6830803649763116,0.5955555555555555,0.7790697674418605,0.48201438848920863,0.6402877697841727,0.5996026469999165,0.7240772373880221,0.21628125403870138
hungary,switzerland,logistic,site_class_balanced,1,"{""C"": 1.0, ""l1_ratio"": 0.0}",123.0,0.9349593495934959,0.683695652173913,0.954890707991693,0.6177699345899463,0.737353876483608,0.20727258468925241,0.2420851451041545,0.6991869918699187,0.6646739130434782,0.8140703517587939,0.9642857142857143,0.7043478260869566,0.30434782608695654,2.5759142805534223,0.4786862183098825,0.23829511893076916
hungary,va_long_beach,logistic,site_class_balanced,1,"{""C"": 1.0, ""l1_ratio"": 0.0}",200.0,0.745,0.60415844190025,0.8120879096434838,0.7043770939269348,0.9551593924312666,0.22924574346017457,0.31235671537397325,0.68,0.578891959468351,0.785234899328859,0.785234899328859,0.785234899328859,0.31543624161073824,0.8362994967149546,0.198862810458845,0.23868095073709014
hungary,cleveland,logistic,site_class_balanced,2,"{""C"": 10.0, ""l1_ratio"": 0.0}",303.0,0.45874587458745875,0.7772416213370766,0.7522197508724733,0.7425373547822552,0.787647596741166,0.2317023848902506,0.2458387326919083,0.6897689768976898,0.67119231444113,0.5688073394495413,0.7848101265822784,0.4460431654676259,0.539568345323741,0.6243497672772287,0.5159878561097332,0.21484972060969568
hungary,switzerland,logistic,site_class_balanced,2,"{""C"": 10.0, ""l1_ratio"": 0.0}",123.0,0.9349593495934959,0.6423913043478261,0.9427868290023144,0.5722757745054167,0.8410175163729242,0.1837825901474177,0.2584061974806362,0.7317073170731707,0.6820652173913043,0.8374384236453202,0.9659090909090909,0.7391304347826086,0.22608695652173913,2.49838872393245,0.29530502657288876,0.1992284864995303
hungary,va_long_beach,logistic,site_class_balanced,2,"{""C"": 10.0, ""l1_ratio"": 0.0}",200.0,0.745,0.5517831293591263,0.7867040724956054,0.9022997759734791,1.4520002111261887,0.2498167198235128,0.39597624598195647,0.69,0.5146729832872746,0.8074534161490683,0.7514450867052023,0.87248322147651,0.2550335570469799,0.9220560149100621,0.06227094336884188,0.2418865076125908
hungary,cleveland,elastic_net_logistic,site_class_balanced,0,"{""alpha"": 0.0001, ""l1_ratio"": 0.1}",303.0,0.45874587458745875,0.6888269871907352,0.6206971117664559,4.617979037458909,4.900784539943512,0.3173537630018103,0.3359319837545297,0.6732673267326733,0.6543033865590455,0.543778801843318,0.7564102564102564,0.4244604316546763,0.5107913669064749,0.3703924622233302,0.06521468879829682,0.2750365482907495
hungary,switzerland,elastic_net_logistic,site_class_balanced,0,"{""alpha"": 0.0001, ""l1_ratio"": 0.1}",123.0,0.9349593495934959,0.6396739130434783,0.940455892747221,3.350468216642941,3.3936980758992155,0.40558436516455965,0.3727835287385778,0.5447154471544715,0.5820652173913043,0.6888888888888889,0.9538461538461539,0.5391304347826087,0.14782608695652175,2.7948544213878233,0.06276014796022909,0.4411821399636562
hungary,va_long_beach,elastic_net_logistic,site_class_balanced,0,"{""alpha"": 0.0001, ""l1_ratio"": 0.1}",200.0,0.745,0.5586261350177655,0.7720476748844999,5.0281139264547345,6.252407083610439,0.34386170823150053,0.4214395680983814,0.65,0.5716541650217134,0.7569444444444444,0.7841726618705036,0.7315436241610739,0.0,0.9704889186623514,0.018593348214408507,0.25381097737107217
hungary,cleveland,elastic_net_logistic,site_class_balanced,1,"{""alpha"": 0.0001, ""l1_ratio"": 0.5}",303.0,0.45874587458745875,0.6718941919635023,0.6175270171386444,4.861576873128689,5.202082111503781,0.31924064930859875,0.3412986293343503,0.6765676567656765,0.65406211616073,0.5196078431372549,0.8153846153846154,0.381294964028777,0.4676258992805755,0.45660484928274586,0.06603266713169617,0.28430279018040683
hungary,switzerland,elastic_net_logistic,site_class_balanced,1,"{""alpha"": 0.0001, ""l1_ratio"": 0.5}",123.0,0.9349593495934959,0.6260869565217392,0.9469978333736819,1.9405182975235613,3.852488756347774,0.2015668802787029,0.28232791732219814,0.7886178861788617,0.7125,0.8761904761904762,0.968421052631579,0.8,0.0,2.337277783931182,0.05936824713819885,0.10325189435740846
hungary,va_long_beach,elastic_net_logistic,site_class_balanced,1,"{""alpha"": 0.0001, ""l1_ratio"": 0.5}",200.0,0.745,0.5611922621397553,0.7739541054054281,5.1383186089387145,6.416270205896564,0.33929791414247956,0.4240600807291225,0.655,0.5685616528490591,0.7628865979381443,0.7816901408450704,0.7449664429530202,0.0,0.9670085069820827,0.01875034702046956,0.24907599434859898
hungary,cleveland,elastic_net_logistic,site_class_balanced,2,"{""alpha"": 0.0001, ""l1_ratio"": 0.9}",303.0,0.45874587458745875,0.649368310229865,0.6099984315195462,5.14920501218455,5.550317640547279,0.3494542449410612,0.37533843065933703,0.6501650165016502,0.624188454114757,0.4479166666666667,0.8113207547169812,0.30935251798561153,0.38848920863309355,0.6116578096561545,0.07116217513586477,0.2771003053306731
hungary,switzerland,elastic_net_logistic,site_class_balanced,2,"{""alpha"": 0.0001, ""l1_ratio"": 0.9}",123.0,0.9349593495934959,0.6543478260869565,0.9490117229919128,2.19576953896601,3.2817179474528255,0.2527794402899892,0.31008912524127774,0.7479674796747967,0.6907608695652174,0.848780487804878,0.9666666666666667,0.7565217391304347,0.0,2.512460444583844,0.06115426546828197,0.17478179792651297
hungary,va_long_beach,elastic_net_logistic,site_class_balanced,2,"{""alpha"": 0.0001, ""l1_ratio"": 0.9}",200.0,0.745,0.5816554809843401,0.7794426915800182,5.457122331856202,6.636412213683643,0.348992444765787,0.42122071867081456,0.65,0.5781023818923543,0.7552447552447552,0.7883211678832117,0.7248322147651006,0.0,0.9655023930554274,0.021836353858111984,0.2319910570129456
hungary,cleveland,elastic_net_logistic,site_class_balanced,3,"{""alpha"": 0.001, ""l1_ratio"": 0.1}",303.0,0.45874587458745875,0.7163098789261273,0.7023957011140594,1.764771198943076,1.87769444474451,0.2927754060125754,0.3086694904341942,0.66996699669967,0.6528996315143007,0.5535714285714286,0.7294117647058823,0.4460431654676259,0.5179856115107914,0.30675542818851786,0.13424074608952669,0.2702796548118513
hungary,switzerland,elastic_net_logistic,site_class_balanced,3,"{""alpha"": 0.001, ""l1_ratio"": 0.1}",123.0,0.9349593495934959,0.6554347826086956,0.9540417013240299,0.5613351181683522,0.9438479306033076,0.16949037256454452,0.2817915247984139,0.7642276422764228,0.5831521739130434,0.8625592417061612,0.9479166666666666,0.7913043478260869,0.4956521739130435,2.500436564819594,0.1563197165572102,0.1746759669488289
hungary,va_long_beach,elastic_net_logistic,site_class_balanced,3,"{""alpha"": 0.001, ""l1_ratio"": 0.1}",200.0,0.745,0.5341492301618634,0.7712771283665916,1.8117024472557512,2.421577897852802,0.32676564142647174,0.41276258887130723,0.615,0.5223713646532439,0.7335640138408305,0.7571428571428571,0.7114093959731543,0.2483221476510067,1.0291021131148244,0.015550508879404526,0.33428514869663534
hungary,cleveland,elastic_net_logistic,site_class_balanced,4,"{""alpha"": 0.001, ""l1_ratio"": 0.5}",303.0,0.45874587458745875,0.5758685734339357,0.5422192558350091,2.4968051340665594,2.585930902948146,0.3936613996693959,0.40396376856281324,0.5379537953795379,0.5260133356729251,0.43089430894308944,0.4953271028037383,0.381294964028777,0.2589928057553957,-0.071363290955852,0.04004044298960087,0.3932768016362745
hungary,switzerland,elastic_net_logistic,site_class_balanced,4,"{""alpha"": 0.001, ""l1_ratio"": 0.5}",123.0,0.9349593495934959,0.43695652173913047,0.9192871415417975,1.2415078617438509,1.8899433022451624,0.3333298982956349,0.4508786641675822,0.5772357723577236,0.425,0.7263157894736842,0.92,0.6,0.05217391304347826,2.783636623453123,-0.09346342254406995,0.3791977095321705
hungary,va_long_beach,elastic_net_logistic,site_class_balanced,4,"{""alpha"": 0.001, ""l1_ratio"": 0.5}",200.0,0.745,0.5803395183576787,0.7915099528443862,3.4942386864918094,3.613565871157949,0.37314173354221125,0.39007450824673817,0.605,0.5930385577049612,0.6996197718631179,0.8070175438596491,0.6174496644295302,0.2684563758389262,1.0519524574997097,0.028534759916220856,0.41002010186524834
hungary,cleveland,elastic_net_logistic,site_class_balanced,5,"{""alpha"": 0.001, ""l1_ratio"": 0.9}",303.0,0.45874587458745875,0.6393226881909106,0.6311363192181727,2.0604814469765578,2.1837296930181536,0.3348902386784278,0.3512921939160968,0.6171617161716172,0.5991840673802421,0.4774774774774775,0.6385542168674698,0.381294964028777,0.4244604316546763,0.11157130226579302,0.08599701806239289,0.3235235854101053
hungary,switzerland,elastic_net_logistic,site_class_balanced,5,"{""alpha"": 0.001, ""l1_ratio"": 0.9}",123.0,0.9349593495934959,0.43369565217391304,0.9170381550361804,1.0967789293600538,2.6009907079767105,0.24818095161505424,0.45751786631839847,0.6829268292682927,0.4815217391304348,0.8078817733990148,0.9318181818181818,0.7130434782608696,0.043478260869565216,2.839358248375848,-0.05812898671256091,0.2320705768768656
hungary,va_long_beach,elastic_net_logistic,site_class_balanced,5,"{""alpha"": 0.001, ""l1_ratio"": 0.9}",200.0,0.745,0.4650611922621398,0.7239771382447338,3.550885496131544,5.215619817324259,0.3696562095833143,0.4953056479931079,0.605,0.4769706540334255,0.7357859531772575,0.7333333333333333,0.738255033557047,0.0,1.165369963502423,-0.013496087588332399,0.3531559577025999
hungary,cleveland,elastic_net_logistic,site_class_balanced,6,"{""alpha"": 0.01, ""l1_ratio"": 0.1}",303.0,0.45874587458745875,0.5327250394806107,0.4964645985630205,0.9149297683839869,0.9358820838448558,0.3186708681834751,0.3259567847054277,0.5214521452145214,0.511317775048254,0.4268774703557312,0.47368421052631576,0.38848920863309355,0.17985611510791366,-0.10758292390334542,0.09991013182576225,0.4088689943398669
hungary,switzerland,elastic_net_logistic,site_class_balanced,6,"{""alpha"": 0.01, ""l1_ratio"": 0.1}",123.0,0.9349593495934959,0.4891304347826087,0.9249184526221194,0.7731561682603816,0.7995373380125251,0.2806411107406452,0.2917571523034043,0.5203252032520326,0.5108695652173914,0.6703910614525139,0.9375,0.5217391304347826,0.10434782608695652,2.667171742618089,-0.06458480287726956,0.4959662173184386
hungary,va_long_beach,elastic_net_logistic,site_class_balanced,6,"{""alpha"": 0.01, ""l1_ratio"": 0.1}",200.0,0.745,0.5821818660350047,0.7989425793417111,1.6091595894871558,1.1742745486487565,0.4635286378052246,0.34098004994663067,0.375,0.5353993946571918,0.3315508021390374,0.8157894736842105,0.2080536912751678,0.2550335570469799,1.3253419599595089,0.13237149180242758,0.6709459759695449
hungary,cleveland,elastic_net_logistic,site_class_balanced,7,"{""alpha"": 0.01, ""l1_ratio"": 0.5}",303.0,0.45874587458745875,0.38322512721530094,0.399690303392483,2.1061015250839854,2.244868880947246,0.44895190057215173,0.472712185129442,0.46864686468646866,0.4449903491840674,0.2146341463414634,0.3333333333333333,0.15827338129496402,0.12949640287769784,-0.4485734524082104,-0.09521926170691387,0.5379482414131407
hungary,switzerland,elastic_net_logistic,site_class_balanced,7,"{""alpha"": 0.01, ""l1_ratio"": 0.5}",123.0,0.9349593495934959,0.31630434782608696,0.8919040137746937,1.539967798908957,1.7237462218891706,0.4618504383583753,0.4851902952780954,0.37398373983739835,0.37445652173913047,0.5276073619631901,0.8958333333333334,0.3739130434782609,0.06086956521739131,2.7021621738838,-0.2477081094140991,0.6486282444250737
hungary,va_long_beach,elastic_net_logistic,site_class_balanced,7,"{""alpha"": 0.01, ""l1_ratio"": 0.5}",200.0,0.745,0.6232398999868404,0.8271419433449234,1.1170912668380868,1.0360914661373244,0.31159268326879846,0.3016209489756343,0.595,0.5927753651796289,0.6872586872586872,0.8090909090909091,0.5973154362416108,0.33557046979865773,1.1202506978941975,0.14851921319370323,0.41999199787338226
hungary,cleveland,elastic_net_logistic,site_class_balanced,8,"{""alpha"": 0.01, ""l1_ratio"": 0.9}",303.0,0.45874587458745875,0.2769345499210388,0.3453666850843265,2.7523551460856654,2.6392290369435916,0.5711219578461244,0.5549538290098102,0.32673267326732675,0.34076153711177404,0.41040462427745666,0.34299516908212563,0.5107913669064749,0.07194244604316546,0.28471378090581984,-0.21570208728913676,0.7306699677697824
hungary,switzerland,elastic_net_logistic,site_class_balanced,8,"{""alpha"": 0.01, ""l1_ratio"": 0.9}",123.0,0.9349593495934959,0.31304347826086953,0.891003932726094,1.8951713962540406,1.974267228555292,0.5076783630112802,0.5004014785263534,0.37398373983739835,0.4326086956521739,0.5217391304347826,0.9130434782608695,0.3652173913043478,0.06086956521739131,2.6645527306602728,-0.23369761757052576,0.7101359823301286
hungary,va_long_beach,elastic_net_logistic,site_class_balanced,8,"{""alpha"": 0.01, ""l1_ratio"": 0.9}",200.0,0.745,0.38741939728911695,0.70100774747751,1.4546600251403692,1.3360016204840206,0.444154392977979,0.42090493295610015,0.37,0.3966311356757468,0.4473684210526316,0.6455696202531646,0.3422818791946309,0.12751677852348994,1.0081020096682551,-0.159303215222515,0.6679106141632435
hungary,cleveland,random_forest,site_class_balanced,0,"{""max_depth"": 3, ""min_samples_leaf"": 5, ""n_estimators"": 500}",303.0,0.45874587458745875,0.7933848043516407,0.7822725259684766,0.6043425686417299,0.5944307467567687,0.20732429580711217,0.20270623361550533,0.7425742574257426,0.7506799438497982,0.7515923566878981,0.6742857142857143,0.8489208633093526,0.6258992805755396,-0.795238673889397,2.2246848333675113,0.21550820094068796
hungary,switzerland,random_forest,site_class_balanced,0,"{""max_depth"": 3, ""min_samples_leaf"": 5, ""n_estimators"": 500}",123.0,0.9349593495934959,0.7608695652173914,0.9706703635990765,0.6235584802653417,0.5958453868914008,0.21719306955724837,0.20364331067033753,0.6341463414634146,0.6880434782608695,0.7619047619047619,0.972972972972973,0.6260869565217392,0.6260869565217392,2.9075826173743047,2.256387204917008,0.2209881038325179
hungary,va_long_beach,random_forest,site_class_balanced,0,"{""max_depth"": 3, ""min_samples_leaf"": 5, ""n_estimators"": 500}",200.0,0.745,0.6814054480852744,0.8350756105865589,0.5916737197883049,0.6590248828107518,0.20170735490501787,0.2314490147564598,0.69,0.6113962363468878,0.7876712328767124,0.8041958041958042,0.7718120805369127,0.4161073825503356,0.7938074182614286,0.9466625601696871,0.209069633229114
hungary,cleveland,random_forest,site_class_balanced,1,"{""max_depth"": 3, ""min_samples_leaf"": 20, ""n_estimators"": 500}",303.0,0.45874587458745875,0.8303211089664854,0.8236552541116905,0.5985451563594638,0.5920215410158041,0.20421685544101656,0.2011283655212612,0.759075907590759,0.7653755044744692,0.762214983713355,0.6964285714285714,0.841726618705036,0.6906474820143885,-0.7378802536431168,3.3107213833719955,0.16587436674470107
hungary,switzerland,random_forest,site_class_balanced,1,"{""max_depth"": 3, ""min_samples_leaf"": 20, ""n_estimators"": 500}",123.0,0.9349593495934959,0.7663043478260869,0.9705177951511814,0.6170265656702891,0.594546032493405,0.21406406128829306,0.2027927234766657,0.6585365853658537,0.7592391304347825,0.7789473684210526,0.9866666666666667,0.6434782608695652,0.6608695652173913,2.8803860204784812,2.292652583573068,0.20428882251818703
hungary,va_long_beach,random_forest,site_class_balanced,1,"{""max_depth"": 3, ""min_samples_leaf"": 20, ""n_estimators"": 500}",200.0,0.745,0.6896960126332412,0.8404850603961003,0.6051787499498233,0.6512652369039238,0.20774351017836515,0.22799187226469514,0.705,0.6408080010527701,0.7958477508650519,0.8214285714285714,0.7718120805369127,0.5033557046979866,0.868388986899525,1.024409911926644,0.22482357287911908
hungary,cleveland,random_forest,site_class_balanced,2,"{""max_depth"": null, ""min_samples_leaf"": 5, ""n_estimators"": 500}",303.0,0.45874587458745875,0.7838655904544656,0.7436566308198764,0.6105967608977957,0.5967390588071528,0.21052778555726548,0.20429378276185806,0.7260726072607261,0.7348876995964204,0.7381703470031545,0.6573033707865169,0.841726618705036,0.5755395683453237,-0.8617390818280688,1.734178335798977,0.24238235671333322
hungary,switzerland,random_forest,site_class_balanced,2,"{""max_depth"": null, ""min_samples_leaf"": 5, ""n_estimators"": 500}",123.0,0.9349593495934959,0.7326086956521739,0.9627396988651686,0.6108611420638945,0.6142849820180443,0.21129735822449572,0.21225373958667643,0.6585365853658537,0.6429347826086956,0.7835051546391752,0.9620253164556962,0.6608695652173913,0.5217391304347826,2.7106956236452944,1.3837078454090657,0.23267854871570165
hungary,va_long_beach,random_forest,site_class_balanced,2,"{""max_depth"": null, ""min_samples_leaf"": 5, ""n_estimators"": 500}",200.0,0.745,0.6723253059613107,0.8239817845974954,0.5587584189468912,0.7156906374327967,0.18490810307269923,0.2491949595133714,0.7,0.5794183445190156,0.803921568627451,0.7834394904458599,0.825503355704698,0.4429530201342282,0.5900994692308921,0.6981925371076527,0.18941631553974192
hungary,cleveland,random_forest,site_class_balanced,3,"{""max_depth"": null, ""min_samples_leaf"": 20, ""n_estimators"": 500}",303.0,0.45874587458745875,0.837208282154764,0.8171348029466049,0.58866427229738,0.5816258493067895,0.1996921703861006,0.19640123329563758,0.7524752475247525,0.7576329180557992,0.7524752475247525,0.6951219512195121,0.8201438848920863,0.697841726618705,-0.7423435949006872,3.0471328006933067,0.1649966708823969
hungary,switzerland,random_forest,site_class_balanced,3,"{""max_depth"": null, ""min_samples_leaf"": 20, ""n_estimators"": 500}",123.0,0.9349593495934959,0.7543478260869565,0.9687071032605341,0.6204651068035433,0.5917178490806652,0.2159929234918924,0.20252161747230804,0.6504065040650406,0.6967391304347825,0.774869109947644,0.9736842105263158,0.6434782608695652,0.6347826086956522,2.885401040355584,1.8876807202961698,0.22203560662216965
hungary,va_long_beach,random_forest,site_class_balanced,3,"{""max_depth"": null, ""min_samples_leaf"": 20, ""n_estimators"": 500}",200.0,0.745,0.6941702855638899,0.8419235206150558,0.5934535733380488,0.6519759264301006,0.20218107162745347,0.22781637850284442,0.7,0.6310040794841426,0.7931034482758621,0.8156028368794326,0.7718120805369127,0.4966442953020134,0.8110201507665327,1.0241569266213681,0.21041449390498643
hungary,cleveland,hist_gradient_boosting,site_class_balanced,0,"{""l2_regularization"": 1.0, ""max_leaf_nodes"": 7, ""min_samples_leaf"": 20}",303.0,0.45874587458745875,0.7751798561151079,0.7139899202620462,0.7920986271465459,0.756871634261665,0.23112282115956137,0.22177039933648446,0.7062706270627063,0.7165950166695911,0.7244582043343654,0.6358695652173914,0.841726618705036,0.6187050359712231,-0.7566445067436444,0.46282993061512273,0.25608350722189877
hungary,switzerland,hist_gradient_boosting,site_class_balanced,0,"{""l2_regularization"": 1.0, ""max_leaf_nodes"": 7, ""min_samples_leaf"": 20}",123.0,0.9349593495934959,0.6521739130434783,0.9660321142568402,0.7111757899440149,0.689436347188222,0.2434851175549049,0.24577127743586838,0.6422764227642277,0.5760869565217391,0.7731958762886598,0.9493670886075949,0.6521739130434783,0.3652173913043478,2.7131429509674705,0.46449852999748364,0.2999812264612397
hungary,va_long_beach,hist_gradient_boosting,site_class_balanced,0,"{""l2_regularization"": 1.0, ""max_leaf_nodes"": 7, ""min_samples_leaf"": 20}",200.0,0.745,0.6400842216081063,0.8103058436346378,0.7219502727194488,1.2019822388238433,0.199387463201592,0.32548255523330194,0.73,0.5673114883537308,0.8322981366459627,0.7745664739884393,0.8993288590604027,0.3624161073825503,0.5460250666648738,0.2372446387451306,0.19724815860257028
hungary,cleveland,hist_gradient_boosting,site_class_balanced,1,"{""l2_regularization"": 1.0, ""max_leaf_nodes"": 15, ""min_samples_leaf"": 20}",303.0,0.45874587458745875,0.7845236006316897,0.70161002574795,0.8515331328158804,0.8050859836881792,0.2384888796832565,0.2263210370886312,0.7095709570957096,0.7234821898578698,0.7380952380952381,0.6294416243654822,0.8920863309352518,0.60431654676259,-0.9091911955516834,0.4616839086060802,0.2692866834493981
hungary,switzerland,hist_gradient_boosting,site_class_balanced,1,"{""l2_regularization"": 1.0, ""max_leaf_nodes"": 15, ""min_samples_leaf"": 20}",123.0,0.9349593495934959,0.6086956521739131,0.9570975081489179,0.5951020144094122,0.8694195277130399,0.197106171741364,0.2944296120400889,0.7154471544715447,0.6152173913043478,0.8275862068965517,0.9545454545454546,0.7304347826086957,0.34782608695652173,2.49591984465449,0.2792759498654568,0.17785754610196708
hungary,va_long_beach,hist_gradient_boosting,site_class_balanced,1,"{""l2_regularization"": 1.0, ""max_leaf_nodes"": 15, ""min_samples_leaf"": 20}",200.0,0.745,0.64916436373207,0.8019004408586887,0.7697397055988268,1.2770925739717265,0.2059328273020411,0.33086702492455455,0.735,0.5835636267929991,0.8338557993730408,0.7823529411764706,0.8926174496644296,0.3825503355704698,0.5599093542894567,0.21845203222346873,0.20964146153585722
hungary,cleveland,hist_gradient_boosting,site_class_balanced,2,"{""l2_regularization"": 10.0, ""max_leaf_nodes"": 7, ""min_samples_leaf"": 20}",303.0,0.45874587458745875,0.7935602737322337,0.7713922056378291,0.6028360710388051,0.5854431409634138,0.19955430870531976,0.19332411150195708,0.7491749174917491,0.7562291630110546,0.7548387096774194,0.6842105263157895,0.841726618705036,0.6115107913669064,-0.6661076192852018,0.7973691269385423,0.21265048594674438
hungary,switzerland,hist_gradient_boosting,site_class_balanced,2,"{""l2_regularization"": 10.0, ""max_leaf_nodes"": 7, ""min_samples_leaf"": 20}",123.0,0.9349593495934959,0.7108695652173913,0.9734920945207134,0.6894612339943114,0.6184941338025892,0.24269007737650394,0.21765824670083847,0.6341463414634146,0.6880434782608695,0.7619047619047619,0.972972972972973,0.6260869565217392,0.4608695652173913,2.8234518222295746,0.721546869429981,0.30494613034940954
hungary,va_long_beach,hist_gradient_boosting,site_class_balanced,2,"{""l2_regularization"": 10.0, ""max_leaf_nodes"": 7, ""min_samples_leaf"": 20}",200.0,0.745,0.644426898276089,0.8165221976235091,0.6234732855112298,0.970504216495411,0.1952204857769744,0.30676215080724467,0.695,0.5373733385971838,0.807570977917981,0.7619047619047619,0.8590604026845637,0.4228187919463087,0.5384582796385696,0.3297108367099483,0.1940863481528937
hungary,cleveland,hist_gradient_boosting,site_class_balanced,3,"{""l2_regularization"": 10.0, ""max_leaf_nodes"": 15, ""min_samples_leaf"": 20}",303.0,0.45874587458745875,0.8009519213897175,0.7692461059325177,0.6015241408130327,0.582161586149284,0.19892702209935417,0.191773382277739,0.735973597359736,0.746775750131602,0.7530864197530864,0.6594594594594595,0.8776978417266187,0.6330935251798561,-0.7473906625826001,0.8548654749497575,0.21487117169453152
hungary,switzerland,hist_gradient_boosting,site_class_balanced,3,"{""l2_regularization"": 10.0, ""max_leaf_nodes"": 15, ""min_samples_leaf"": 20}",123.0,0.9349593495934959,0.6619565217391304,0.9637301825062781,0.655736150011483,0.6827843454343564,0.22836338797223096,0.24084944409761105,0.6341463414634146,0.5717391304347825,0.7668393782383419,0.9487179487179487,0.6434782608695652,0.46956521739130436,2.651394146224466,0.530261867756041,0.25846702375773223
hungary,va_long_beach,hist_gradient_boosting,site_class_balanced,3,"{""l2_regularization"": 10.0, ""max_leaf_nodes"": 15, ""min_samples_leaf"": 20}",200.0,0.745,0.616396894328201,0.7969111850281423,0.6541205494105248,1.068872815547944,0.1992186359386645,0.332089728040573,0.735,0.5513225424397947,0.8389057750759878,0.7666666666666667,0.9261744966442953,0.2953020134228188,0.5772800821065885,0.2656569944489331,0.21214963065461806
hungary,cleveland,xgboost,site_class_balanced,0,"{""learning_rate"": 0.03, ""max_depth"": 2, ""n_estimators"": 300}",303.0,0.45874587458745875,0.8385243025092121,0.8083895252176648,0.537763710081389,0.5259511676818718,0.1784546081690609,0.17376769626706734,0.7557755775577558,0.7606816985436041,0.7549668874172185,0.6993865030674846,0.8201438848920863,0.6474820143884892,-0.6695559166916684,1.2713988850975702,0.170666927716938
hungary,switzerland,xgboost,site_class_balanced,0,"{""learning_rate"": 0.03, ""max_depth"": 2, ""n_estimators"": 300}",123.0,0.9349593495934959,0.7217391304347827,0.9688326070283289,0.6695972036780551,0.616079811009388,0.2373758766569122,0.2158282606691364,0.6178861788617886,0.6793478260869565,0.7486631016042781,0.9722222222222222,0.6086956521739131,0.3739130434782609,2.884257358187521,0.9899458601054629,0.3024292426042555
hungary,va_long_beach,xgboost,site_class_balanced,0,"{""learning_rate"": 0.03, ""max_depth"": 2, ""n_estimators"": 300}",200.0,0.745,0.6446900908014213,0.8183060157525844,0.6323043951543103,0.797961120431422,0.21180146507597064,0.26918617182100935,0.7,0.6310040794841426,0.7931034482758621,0.8156028368794326,0.7718120805369127,0.31543624161073824,0.8038470119728621,0.361834910292965,0.22587520320765497
hungary,cleveland,xgboost,site_class_balanced,1,"{""learning_rate"": 0.03, ""max_depth"": 3, ""n_estimators"": 300}",303.0,0.45874587458745875,0.8316371293209335,0.789011348385454,0.5532925293696344,0.5389971425323212,0.18406019606267307,0.17833408300542328,0.7425742574257426,0.7484865765923847,0.7450980392156863,0.6826347305389222,0.8201438848920863,0.6258992805755396,-0.7480782018603935,1.2596961538102984,0.19451925892992242
hungary,switzerland,xgboost,site_class_balanced,1,"{""learning_rate"": 0.03, ""max_depth"": 3, ""n_estimators"": 300}",123.0,0.9349593495934959,0.7217391304347825,0.9697786694773372,0.6418159555448132,0.619219465312382,0.22473928970468512,0.21687326184254668,0.6504065040650406,0.6967391304347825,0.774869109947644,0.9736842105263158,0.6434782608695652,0.2956521739130435,2.7812821287143157,0.8960598806857252,0.265701130103805
hungary,va_long_beach,xgboost,site_class_balanced,1,"{""learning_rate"": 0.03, ""max_depth"": 3, ""n_estimators"": 300}",200.0,0.745,0.6513357020660614,0.8125306524680738,0.6318959242712271,0.8234304697813499,0.2078666185175818,0.2695484543191504,0.7,0.6181076457428609,0.7959183673469388,0.8068965517241379,0.785234899328859,0.3422818791946309,0.77196677236497,0.34859603789400107,0.2226856042223947
hungary,cleveland,xgboost,site_class_balanced,2,"{""learning_rate"": 0.1, ""max_depth"": 2, ""n_estimators"": 300}",303.0,0.45874587458745875,0.8220740480786103,0.7847668757272352,0.5296310814010612,0.5244455873986509,0.17546985874256096,0.17369675999759854,0.7458745874587459,0.7476969643797158,0.7353951890034365,0.7039473684210527,0.7697841726618705,0.6474820143884892,-0.30913057402605165,0.8688036657246249,0.1530699889796609
hungary,switzerland,xgboost,site_class_balanced,2,"{""learning_rate"": 0.1, ""max_depth"": 2, ""n_estimators"": 300}",123.0,0.9349593495934959,0.7097826086956522,0.9628894573213672,0.7013472757300451,0.661893770243968,0.24645596774499673,0.23106123951225896,0.6097560975609756,0.675,0.7419354838709677,0.971830985915493,0.6,0.26956521739130435,2.824740579907808,0.6925088059116588,0.31349574828252486
hungary,va_long_beach,xgboost,site_class_balanced,2,"{""learning_rate"": 0.1, ""max_depth"": 2, ""n_estimators"": 300}",200.0,0.745,0.6400184234767733,0.8133478422625366,0.7246771372076024,0.9699218947695643,0.22251128222806982,0.2904633209966775,0.71,0.631267272009475,0.8027210884353742,0.8137931034482758,0.7919463087248322,0.31543624161073824,0.8184021121962755,0.2330734320983386,0.23150366729238278
hungary,cleveland,xgboost,site_class_balanced,3,"{""learning_rate"": 0.1, ""max_depth"": 3, ""n_estimators"": 300}",303.0,0.45874587458745875,0.8084313037374978,0.770315327373323,0.5505944224314928,0.5416318341434414,0.1835965063453308,0.18028711901166938,0.7392739273927392,0.744341112475873,0.7392739273927392,0.6829268292682927,0.8057553956834532,0.6258992805755396,-0.4250632939391829,0.8882192203548407,0.17266666717909576
hungary,switzerland,xgboost,site_class_balanced,3,"{""learning_rate"": 0.1, ""max_depth"": 3, ""n_estimators"": 300}",123.0,0.9349593495934959,0.6902173913043478,0.9591177779068493,0.6021126734333007,0.6937765818225486,0.20465626658287642,0.23626944730016547,0.7073170731707317,0.6690217391304347,0.82,0.9647058823529412,0.7130434782608696,0.21739130434782608,2.604070115293349,0.6119319732638616,0.21421656462062713
hungary,va_long_beach,xgboost,site_class_balanced,3,"{""learning_rate"": 0.1, ""max_depth"": 3, ""n_estimators"": 300}",200.0,0.745,0.630411896302145,0.8040157970478738,0.7455879025000784,1.0132976577633297,0.2263098226345515,0.29642323807660764,0.69,0.6113962363468878,0.7876712328767124,0.8041958041958042,0.7718120805369127,0.28187919463087246,0.8308644191112778,0.20164517950665142,0.24117937623725297
hungary,cleveland,lightgbm,site_class_balanced,0,"{""min_child_samples"": 20, ""n_estimators"": 300, ""num_leaves"": 7}",303.0,0.45874587458745875,0.7895464116511668,0.7693606769221366,0.5863843863634705,0.5719594124961807,0.19643382557899328,0.1907561217268003,0.7524752475247525,0.759826285313213,0.7588424437299035,0.686046511627907,0.8489208633093526,0.5539568345323741,-0.620959762489624,0.917186637691228,0.21403381951739817
hungary,switzerland,lightgbm,site_class_balanced,0,"{""min_child_samples"": 20, ""n_estimators"": 300, ""num_leaves"": 7}",123.0,0.9349593495934959,0.7032608695652174,0.97290979165428,0.6753432263231303,0.6181216840702313,0.2370663947703637,0.2186435701695969,0.6341463414634146,0.629891304347826,0.7643979057591623,0.9605263157894737,0.6347826086956522,0.4434782608695652,2.80730513443802,0.7543017161366583,0.29983814307974554
hungary,va_long_beach,lightgbm,site_class_balanced,0,"{""min_child_samples"": 20, ""n_estimators"": 300, ""num_leaves"": 7}",200.0,0.745,0.653836031056718,0.8143569970139741,0.619222672416344,0.8669499255336948,0.1993388019028021,0.27858333221534426,0.74,0.6385050664561127,0.8289473684210527,0.8129032258064516,0.8456375838926175,0.4228187919463087,0.6821715442046716,0.34079497147769083,0.20927470843750073
hungary,cleveland,lightgbm,site_class_balanced,1,"{""min_child_samples"": 20, ""n_estimators"": 300, ""num_leaves"": 15}",303.0,0.45874587458745875,0.8087164414809614,0.7848878245462699,0.582369665353717,0.5657087905736038,0.194864313311597,0.18844095822733922,0.735973597359736,0.7434856992454817,0.7435897435897436,0.6705202312138728,0.8345323741007195,0.6330935251798561,-0.7223282929029233,0.949380452885209,0.2053853692310219
hungary,switzerland,lightgbm,site_class_balanced,1,"{""min_child_samples"": 20, ""n_estimators"": 300, ""num_leaves"": 15}",123.0,0.9349593495934959,0.6815217391304348,0.9675794703142688,0.6512796872073826,0.6516330344220931,0.22555130133823117,0.2314708493399474,0.6585365853658537,0.5847826086956522,0.7857142857142857,0.9506172839506173,0.6695652173913044,0.5391304347826087,2.702677861985417,0.6218435769452034,0.259715876602396
hungary,va_long_beach,lightgbm,site_class_balanced,1,"{""min_child_samples"": 20, ""n_estimators"": 300, ""num_leaves"": 15}",200.0,0.745,0.652914857218055,0.8075336453908268,0.6342980593220979,0.9111656776662745,0.19866846430326743,0.2838172793162642,0.705,0.5698776154757205,0.8102893890675241,0.7777777777777778,0.8456375838926175,0.38926174496644295,0.6826957741097294,0.3084245405517308,0.21564969815151475
hungary,cleveland,lightgbm,site_class_balanced,2,"{""min_child_samples"": 50, ""n_estimators"": 300, ""num_leaves"": 7}",303.0,0.45874587458745875,0.8240042112651343,0.8001594017225182,0.5362193201542955,0.52821683286039,0.17736834683410535,0.17439847781252638,0.7656765676567657,0.7670863309352518,0.754325259515571,0.7266666666666667,0.7841726618705036,0.6906474820143885,-0.4955453776359844,1.1806922909065114,0.1748621547430666
hungary,switzerland,lightgbm,site_class_balanced,2,"{""min_child_samples"": 50, ""n_estimators"": 300, ""num_leaves"": 7}",123.0,0.9349593495934959,0.65,0.9579126534967517,0.6177918745338435,0.6862520514064753,0.2142253978680355,0.24288982574462348,0.6747967479674797,0.6516304347826087,0.7959183673469388,0.9629629629629629,0.6782608695652174,0.2956521739130435,2.602847555778246,0.6258681036274012,0.23665605328209896
hungary,va_long_beach,lightgbm,site_class_balanced,2,"{""min_child_samples"": 50, ""n_estimators"": 300, ""num_leaves"": 7}",200.0,0.745,0.629490722463482,0.8066923599434481,0.6614259969315291,0.8374654601734213,0.21908823057275853,0.278265278771925,0.67,0.5850769838136597,0.773972602739726,0.7902097902097902,0.7583892617449665,0.3422818791946309,0.8446298435264225,0.29176109367514713,0.24599293416925855
hungary,cleveland,lightgbm,site_class_balanced,3,"{""min_child_samples"": 50, ""n_estimators"": 300, ""num_leaves"": 15}",303.0,0.45874587458745875,0.833501491489735,0.8223349136876128,0.526544229734203,0.518883073783416,0.17415427411179576,0.17130023612901832,0.7656765676567657,0.7670863309352518,0.754325259515571,0.7266666666666667,0.7841726618705036,0.6834532374100719,-0.4901016970303564,1.1768010298299583,0.15542881957803978
hungary,switzerland,lightgbm,site_class_balanced,3,"{""min_child_samples"": 50, ""n_estimators"": 300, ""num_leaves"": 15}",123.0,0.9349593495934959,0.6434782608695653,0.9590210208638477,0.640566331740174,0.6895488609359636,0.22452371376620606,0.2464195052820728,0.6422764227642277,0.5760869565217391,0.7731958762886598,0.9493670886075949,0.6521739130434783,0.22608695652173913,2.6333094205336947,0.6002504304655142,0.2635923034764114
hungary,va_long_beach,lightgbm,site_class_balanced,3,"{""min_child_samples"": 50, ""n_estimators"": 300, ""num_leaves"": 15}",200.0,0.745,0.6312014738781417,0.8037429915372825,0.6679720415062417,0.8347767869848224,0.22107747477917727,0.2749518786618307,0.655,0.5814580865903409,0.759581881533101,0.7898550724637681,0.7315436241610739,0.3221476510067114,0.8582396998817835,0.2922241417935844,0.25201976789615116
hungary,cleveland,catboost,site_class_balanced,0,"{""depth"": 4, ""iterations"": 300, ""l2_leaf_reg"": 3.0}",303.0,0.45874587458745875,0.7843481312510966,0.7386577696132246,0.6285262954897234,0.6057647195558611,0.20964628005712194,0.20116492770404448,0.7227722772277227,0.7351289699947359,0.7454545454545455,0.643979057591623,0.8848920863309353,0.5323741007194245,-0.7803105014297906,0.8409079741186469,0.23897004043214282
hungary,switzerland,catboost,site_class_balanced,0,"{""depth"": 4, ""iterations"": 300, ""l2_leaf_reg"": 3.0}",123.0,0.9349593495934959,0.7086956521739131,0.9663194156823282,0.5468433345016945,0.6390835722754453,0.18239270533357313,0.22210743565470428,0.7560975609756098,0.6951086956521739,0.8543689320388349,0.967032967032967,0.7652173913043478,0.4,2.5131013438625818,0.7263632804678823,0.17530258139286983
hungary,va_long_beach,catboost,site_class_balanced,0,"{""depth"": 4, ""iterations"": 300, ""l2_leaf_reg"": 3.0}",200.0,0.745,0.6539018291880511,0.8166431561072778,0.6051455850999229,0.951876566587393,0.19100439528368443,0.3064681484297364,0.735,0.5771154099223582,0.8348909657320872,0.7790697674418605,0.8993288590604027,0.31543624161073824,0.4598326093051311,0.38565732296446553,0.19080575344989903
hungary,cleveland,catboost,site_class_balanced,1,"{""depth"": 4, ""iterations"": 300, ""l2_leaf_reg"": 10.0}",303.0,0.45874587458745875,0.8037374978066327,0.771380842826786,0.560065574419998,0.5479866552518102,0.18695404380345193,0.18229679470421914,0.7524752475247525,0.7581812598701526,0.7540983606557377,0.6927710843373494,0.8273381294964028,0.5827338129496403,-0.5584907495055477,1.0071949299890766,0.19237138924597003
hungary,switzerland,catboost,site_class_balanced,1,"{""depth"": 4, ""iterations"": 300, ""l2_leaf_reg"": 10.0}",123.0,0.9349593495934959,0.7119565217391304,0.9650558721070104,0.5634741009497406,0.6353026520054234,0.1890537773088653,0.22113053814970224,0.7317073170731707,0.6239130434782609,0.8390243902439024,0.9555555555555556,0.7478260869565218,0.4956521739130435,2.541755672114771,0.8008857423233957,0.19119862288084416
hungary,va_long_beach,catboost,site_class_balanced,1,"{""depth"": 4, ""iterations"": 300, ""l2_leaf_reg"": 10.0}",200.0,0.745,0.6737728648506381,0.8333622131917034,0.5701450237754322,0.8108927304797773,0.1864059442020086,0.2735597727603829,0.735,0.59001184366364,0.832807570977918,0.7857142857142857,0.8859060402684564,0.4228187919463087,0.5486624711828704,0.4698794040480652,0.1816061091001754
hungary,cleveland,catboost,site_class_balanced,2,"{""depth"": 6, ""iterations"": 300, ""l2_leaf_reg"": 3.0}",303.0,0.45874587458745875,0.7818038252324969,0.7527204670555987,0.7007930736427824,0.6675320163011885,0.23873333594155427,0.22624713040689917,0.6468646864686468,0.6650070187752237,0.6968838526912181,0.5747663551401869,0.8848920863309353,0.5611510791366906,-1.1042957305482992,0.8643502557846127,0.263068094965133
hungary,switzerland,catboost,site_class_balanced,2,"{""depth"": 6, ""iterations"": 300, ""l2_leaf_reg"": 3.0}",123.0,0.9349593495934959,0.6989130434782609,0.9634312767352909,0.5233798371593184,0.675433313236183,0.17145126943965477,0.23183273163294138,0.7317073170731707,0.6239130434782609,0.8390243902439024,0.9555555555555556,0.7478260869565218,0.46956521739130436,2.444708868066736,0.6136042454107535,0.15141597314276226
hungary,va_long_beach,catboost,site_class_balanced,2,"{""depth"": 6, ""iterations"": 300, ""l2_leaf_reg"": 3.0}",200.0,0.745,0.6642979339386761,0.8173379676276282,0.6026402422660543,0.9910356171096022,0.18312655023158722,0.3072630561587949,0.75,0.5936307408869588,0.84472049689441,0.7861271676300579,0.912751677852349,0.348993288590604,0.3131933500446067,0.422095908481672,0.18947515803630122
hungary,cleveland,catboost,site_class_balanced,3,"{""depth"": 6, ""iterations"": 300, ""l2_leaf_reg"": 10.0}",303.0,0.45874587458745875,0.8151430075451833,0.7879505098523932,0.6028835780953355,0.5813823769329318,0.20673581217047296,0.1977169611068516,0.7128712871287128,0.7270793121600281,0.7418397626112759,0.6313131313131313,0.8992805755395683,0.6474820143884892,-1.1161255932472145,1.408682337425779,0.21877686562063006
hungary,switzerland,catboost,site_class_balanced,3,"{""depth"": 6, ""iterations"": 300, ""l2_leaf_reg"": 10.0}",123.0,0.9349593495934959,0.6793478260869565,0.959396530014089,0.558096633689057,0.6617223688083499,0.18723130361727552,0.2288424956044148,0.7398373983739838,0.6864130434782609,0.8431372549019608,0.9662921348314607,0.7478260869565218,0.28695652173913044,2.5048502805756248,0.7177985750579426,0.1792062817635367
hungary,va_long_beach,catboost,site_class_balanced,3,"{""depth"": 6, ""iterations"": 300, ""l2_leaf_reg"": 10.0}",200.0,0.745,0.6721937096986447,0.8238268598917577,0.5679849682409635,0.8110573330909552,0.18342302914583228,0.27056274653422235,0.74,0.6062639821029082,0.8343949044585988,0.793939393939394,0.8791946308724832,0.35570469798657717,0.5445714188812742,0.47648776861691106,0.18755828062169194
switzerland,cleveland,logistic,pooled,0,"{""C"": 0.1, ""l1_ratio"": 0.0}",303.0,0.45874587458745875,0.8741884541147569,0.8723557027039549,0.44014465931570845,0.44611419981894007,0.1415046565251898,0.14382399188680325,0.7854785478547854,0.7820889629759606,0.7601476014760148,0.7803030303030303,0.7410071942446043,0.7697841726618705,0.055723218027815345,1.0976928998195723,0.09106072662202055
switzerland,hungary,logistic,pooled,0,"{""C"": 0.1, ""l1_ratio"": 0.0}",294.0,0.36054421768707484,0.8996888799678844,0.8574668430163128,0.42111541684764886,0.4188040993464782,0.1304995427398239,0.13048291708203497,0.8367346938775511,0.8291348855881173,0.7798165137614679,0.7589285714285714,0.8018867924528302,0.839622641509434,-0.622918954162919,1.5429123543587422,0.07472219993702056
switzerland,va_long_beach,logistic,pooled,0,"{""C"": 0.1, ""l1_ratio"": 0.0}",200.0,0.745,0.7389130148703777,0.8712246240295161,0.6417077905871548,0.6233772449519311,0.22474215444393209,0.2151544825134411,0.62,0.6546914067640479,0.696,0.8613861386138614,0.5838926174496645,0.5234899328859061,1.155466257231105,0.6891835752103871,0.23131265548510122
switzerland,cleveland,logistic,pooled,1,"{""C"": 1.0, ""l1_ratio"": 0.0}",303.0,0.45874587458745875,0.8783119845586945,0.8710034847824164,0.559010940392523,0.5947440386927407,0.1649873065243468,0.17543722317134886,0.768976897689769,0.7547815406211617,0.6982758620689655,0.8709677419354839,0.5827338129496403,0.8273381294964028,0.9503806928709517,0.6928022890747968,0.12318091470279169
switzerland,hungary,logistic,pooled,1,"{""C"": 1.0, ""l1_ratio"": 0.0}",294.0,0.36054421768707484,0.9015957446808511,0.8643209599880916,0.4072502327268928,0.40000437838717107,0.12689625607176425,0.12516198827468678,0.8231292517006803,0.8226114010437575,0.7699115044247787,0.725,0.8207547169811321,0.8867924528301887,-0.7262476211852753,1.2888824470411506,0.07512661170929827
switzerland,va_long_beach,logistic,pooled,1,"{""C"": 1.0, ""l1_ratio"": 0.0}",200.0,0.745,0.7266745624424267,0.8698868921421934,0.7143215792820377,0.6695793819341744,0.24871709731649816,0.229479000045883,0.605,0.651072509540729,0.6775510204081633,0.8645833333333334,0.5570469798657718,0.5234899328859061,1.2118533969553398,0.5298148531867707,0.26034354027717044
switzerland,cleveland,logistic,pooled,2,"{""C"": 10.0, ""l1_ratio"": 0.0}",303.0,0.45874587458745875,0.8749780663274258,0.8663494054244865,0.8240200809185523,0.8909904590838719,0.2142766374038109,0.2315030654835437,0.7227722772277227,0.700583435690472,0.5882352941176471,0.9230769230769231,0.4316546762589928,0.8201438848920863,1.537353813975979,0.5592168225187787,0.1563611107343323
switzerland,hungary,logistic,pooled,2,"{""C"": 10.0, ""l1_ratio"": 0.0}",294.0,0.36054421768707484,0.8997892412685667,0.8619774242143696,0.4097593528555274,0.4001230784963051,0.12794514782449087,0.12543543362006176,0.826530612244898,0.827328382175833,0.775330396475771,0.7272727272727273,0.8301886792452831,0.8867924528301887,-0.7636157386964769,1.2266131722458107,0.07776463140430842
switzerland,va_long_beach,logistic,pooled,2,"{""C"": 10.0, ""l1_ratio"": 0.0}",200.0,0.745,0.706408737991841,0.8594749266157212,0.8311736699515125,0.7403452803723789,0.2794279989148359,0.24682071397959976,0.61,0.6737728648506383,0.675,0.8901098901098901,0.5436241610738255,0.5436241610738255,1.279486141057239,0.41409068444360814,0.3230663646617896
switzerland,cleveland,core_logistic,pooled,0,"{""C"": 0.1, ""l1_ratio"": 0.0}",303.0,0.45874587458745875,0.8314177925951922,0.7820272660071306,0.5265233134273996,0.5220780314878477,0.17412441817966287,0.17202616744253385,0.7722772277227723,0.7781189682400421,0.7737704918032787,0.7108433734939759,0.8489208633093526,0.7050359712230215,-0.3785534232076436,1.5093148818742945,0.142618329561677
switzerland,hungary,core_logistic,pooled,0,"{""C"": 0.1, ""l1_ratio"": 0.0}",294.0,0.36054421768707484,0.8311170212765958,0.7137019235726875,0.49264509814067153,0.5177639285590505,0.16012426662289805,0.16982474800805122,0.7857142857142857,0.7707246085909274,0.7069767441860465,0.6972477064220184,0.7169811320754716,0.7641509433962265,-0.2466189981879186,1.3023122068351334,0.12099953000249539
switzerland,va_long_beach,core_logistic,pooled,0,"{""C"": 0.1, ""l1_ratio"": 0.0}",200.0,0.745,0.7099618370838268,0.8643323692915728,0.5605585518514321,0.651531294273702,0.19059122505071002,0.2300930609132916,0.69,0.6307408869588104,0.7832167832167832,0.8175182481751825,0.7516778523489933,0.42953020134228187,0.7468476967945462,0.7779524552294246,0.1541482681659499
switzerland,cleveland,core_logistic,pooled,1,"{""C"": 1.0, ""l1_ratio"": 0.0}",303.0,0.45874587458745875,0.8309352517985612,0.7828644327312073,0.5151287030742081,0.5113130519094213,0.1697853564593201,0.16786942688075343,0.7788778877887789,0.7853132128443586,0.7817589576547231,0.7142857142857143,0.8633093525179856,0.697841726618705,-0.31328493842880256,1.1974078436880566,0.14238299499335327
switzerland,hungary,core_logistic,pooled,1,"{""C"": 1.0, ""l1_ratio"": 0.0}",294.0,0.36054421768707484,0.8338769570453632,0.7157910855589513,0.4787237585221047,0.5118970931516655,0.15503527472021356,0.16640892401572085,0.7891156462585034,0.7733841830590125,0.7102803738317757,0.7037037037037037,0.7169811320754716,0.7547169811320755,-0.20592525265313832,0.9909311230692711,0.11789503523103499
switzerland,va_long_beach,core_logistic,pooled,1,"{""C"": 1.0, ""l1_ratio"": 0.0}",200.0,0.745,0.7106198183971575,0.8644773018848495,0.5591465835924141,0.680051426886853,0.19130921008244328,0.24036698579507296,0.69,0.6307408869588104,0.7832167832167832,0.8175182481751825,0.7516778523489933,0.42953020134228187,0.718297841703259,0.6285176440755054,0.1510324530913869
switzerland,cleveland,core_logistic,pooled,2,"{""C"": 10.0, ""l1_ratio"": 0.0}",303.0,0.45874587458745875,0.8304088436567819,0.7824995391442511,0.515118658494943,0.5114231836567789,0.16974406973166656,0.16784242447707687,0.7821782178217822,0.7883619933321635,0.7843137254901961,0.718562874251497,0.8633093525179856,0.6834532374100719,-0.3033672073755923,1.1523830554766061,0.14288897034390122
switzerland,hungary,core_logistic,pooled,2,"{""C"": 10.0, ""l1_ratio"": 0.0}",294.0,0.36054421768707484,0.833826776395022,0.7157171231737406,0.4783860086474711,0.5128630950876448,0.15477641975855064,0.1663555662011768,0.7891156462585034,0.7733841830590125,0.7102803738317757,0.7037037037037037,0.7169811320754716,0.7547169811320755,-0.20039126322521195,0.9514164772265948,0.11811029814277577
switzerland,va_long_beach,core_logistic,pooled,2,"{""C"": 10.0, ""l1_ratio"": 0.0}",200.0,0.745,0.7103566258718252,0.8643879538846984,0.5597721799280667,0.6851807043627731,0.1916593520888551,0.24202717004635074,0.69,0.6242926700881695,0.7847222222222222,0.8129496402877698,0.7583892617449665,0.42953020134228187,0.7145130796718367,0.6115601163999007,0.1509596110442295
switzerland,cleveland,mask_logistic,pooled,0,"{""C"": 0.1, ""l1_ratio"": 0.0}",303.0,0.45874587458745875,0.4939463063695385,0.4569739359987291,0.8640053930094183,0.8213684349904213,0.32614076011469967,0.306539529163528,0.45874587458745875,0.5,0.6289592760180995,0.45874587458745875,1.0,0.007194244604316547,1.1852714700916944,-1.3070801140751844,0.570459942989761
switzerland,hungary,mask_logistic,pooled,0,"{""C"": 0.1, ""l1_ratio"": 0.0}",294.0,0.36054421768707484,0.6997440786832597,0.581156093184569,0.9046158157844819,0.7792397789551889,0.3479452140157435,0.2895066588101502,0.35714285714285715,0.49528301886792453,0.5263157894736842,0.3583617747440273,0.9905660377358491,0.6226415094339622,-3.3022020022870744,2.9616196331738736,0.5743170999131115
switzerland,va_long_beach,mask_logistic,pooled,0,"{""C"": 0.1, ""l1_ratio"": 0.0}",200.0,0.745,0.6335702066061323,0.8130580470637594,0.8609714574951216,0.7098381039127957,0.3211252946470797,0.25444841735801094,0.535,0.5976444268982761,0.6008583690987125,0.8333333333333334,0.4697986577181208,0.3624161073825503,1.6095292521009488,0.8017034811574844,0.569103988785963
switzerland,cleveland,mask_logistic,pooled,1,"{""C"": 1.0, ""l1_ratio"": 0.0}",303.0,0.45874587458745875,0.4939463063695385,0.4569739359987291,0.9720766891166721,0.9151710367216697,0.36418561416063117,0.3395397892319531,0.45874587458745875,0.5,0.6289592760180995,0.45874587458745875,1.0,0.007194244604316547,1.3080008707504875,-1.069003224886787,0.570459942989761
switzerland,hungary,mask_logistic,pooled,1,"{""C"": 1.0, ""l1_ratio"": 0.0}",294.0,0.36054421768707484,0.7339171015656364,0.5925028851125971,0.8993452880641218,0.7628897357362958,0.34475194740992016,0.2827418808407013,0.36394557823129253,0.5006021678040947,0.5289672544080605,0.36082474226804123,0.9905660377358491,0.6792452830188679,-3.7053337579127565,2.974972309467295,0.5650788265469848
switzerland,va_long_beach,mask_logistic,pooled,1,"{""C"": 1.0, ""l1_ratio"": 0.0}",200.0,0.745,0.634096591656797,0.8130198327510656,1.0419595467208618,0.8267949467528004,0.35083270148484674,0.2787133229916955,0.55,0.601263324121595,0.6218487394957983,0.8314606741573034,0.4966442953020134,0.35570469798657717,1.439965730011996,0.36356667971163353,0.5723044683750551
switzerland,cleveland,mask_logistic,pooled,2,"{""C"": 10.0, ""l1_ratio"": 0.0}",303.0,0.45874587458745875,0.4939463063695385,0.4569739359987291,0.9177468528390763,0.8678386366007278,0.3457139453641155,0.3234496548852758,0.45874587458745875,0.5,0.6289592760180995,0.45874587458745875,1.0,0.007194244604316547,0.9889321280756933,-0.9559448527064053,0.570459942989761
switzerland,hungary,mask_logistic,pooled,2,"{""C"": 10.0, ""l1_ratio"": 0.0}",294.0,0.36054421768707484,0.7338167402649539,0.5925163968529972,0.8953744558875626,0.7576229114247934,0.342131753676648,0.2800486370157418,0.36394557823129253,0.5006021678040947,0.5289672544080605,0.36082474226804123,0.9905660377358491,0.6792452830188679,-3.393894658516889,2.6297761556458266,0.5607200926850223
switzerland,va_long_beach,mask_logistic,pooled,2,"{""C"": 10.0, ""l1_ratio"": 0.0}",200.0,0.745,0.6276483747861561,0.8092921750411616,1.3709056051869886,1.0462972427993198,0.37207685231440707,0.29528295487626344,0.55,0.601263324121595,0.6218487394957983,0.8314606741573034,0.4966442953020134,0.35570469798657717,1.3927232044853015,0.20326935793272372,0.5774041043011604
switzerland,cleveland,logistic,site_class_balanced,0,"{""C"": 0.1, ""l1_ratio"": 0.0}",303.0,0.45874587458745875,0.8708106685383401,0.870488405125039,0.46322035300405134,0.4779390969649125,0.14809463794368613,0.15382699340228242,0.7854785478547854,0.77550886120372,0.7368421052631579,0.8425925925925926,0.6546762589928058,0.7769784172661871,0.5030433345063128,1.26315844077363,0.11230325553169274
switzerland,hungary,logistic,site_class_balanced,0,"{""C"": 0.1, ""l1_ratio"": 0.0}",294.0,0.36054421768707484,0.9093737454837414,0.8678675698237995,0.39660506453800526,0.4640638682422362,0.12268484819419864,0.14980147844540792,0.8367346938775511,0.794158972300281,0.7391304347826086,0.8717948717948718,0.6415094339622641,0.8867924528301887,0.7867046607778542,1.681581818249427,0.06823017213701474
switzerland,va_long_beach,logistic,site_class_balanced,0,"{""C"": 0.1, ""l1_ratio"": 0.0}",200.0,0.745,0.7419397289116989,0.8753502088110068,0.5529032882110836,0.6271604985723991,0.18804093166003888,0.21444214492745645,0.69,0.6629819713120146,0.7753623188405797,0.84251968503937,0.7181208053691275,0.5234899328859061,0.81148978518675,0.7190963762669154,0.16728045524293184
switzerland,cleveland,logistic,site_class_balanced,1,"{""C"": 1.0, ""l1_ratio"": 0.0}",303.0,0.45874587458745875,0.8716441480961572,0.8607490082464329,0.6835346599724826,0.7362538051154879,0.20489021990943362,0.221183242289624,0.7293729372937293,0.7072293384804351,0.5980392156862745,0.9384615384615385,0.43884892086330934,0.8201438848920863,1.5568316137250697,0.7975282825413867,0.16661212169783526
switzerland,hungary,logistic,site_class_balanced,1,"{""C"": 1.0, ""l1_ratio"": 0.0}",294.0,0.36054421768707484,0.9085206744279407,0.8677192388665902,0.38163537960690236,0.45372936074959985,0.11854753560019976,0.14612918084853482,0.8435374149659864,0.8015355279004416,0.75,0.8846153846153846,0.6509433962264151,0.8773584905660378,0.7347004720156161,1.4246425077343994,0.06672657343101174
switzerland,va_long_beach,logistic,site_class_balanced,1,"{""C"": 1.0, ""l1_ratio"": 0.0}",200.0,0.745,0.726016581129096,0.869540116580042,0.5988467953496397,0.6607642977792222,0.20618253748178195,0.22513153028556399,0.67,0.6624555862613501,0.753731343283582,0.8487394957983193,0.6778523489932886,0.4899328859060403,0.9061442029072818,0.5542332227868547,0.1860451967036134
switzerland,cleveland,logistic,site_class_balanced,2,"{""C"": 10.0, ""l1_ratio"": 0.0}",303.0,0.45874587458745875,0.8689682400421126,0.8537964432731928,0.9919337115251748,1.0767399307439125,0.26527197671374697,0.2881092337367437,0.6666666666666666,0.6372389892963678,0.43575418994413406,0.975,0.2805755395683453,0.7841726618705036,2.0733615247286283,0.6490718668639497,0.19123231783031702
switzerland,hungary,logistic,site_class_balanced,2,"{""C"": 10.0, ""l1_ratio"": 0.0}",294.0,0.36054421768707484,0.9049578482537134,0.8614770275345084,0.3838575158333205,0.4571801773581644,0.11950019939292242,0.1472943658984489,0.8367346938775511,0.7921015656362906,0.7362637362637363,0.881578947368421,0.6320754716981132,0.8773584905660378,0.70077119368438,1.3575873275694579,0.06837853155905642
switzerland,va_long_beach,logistic,site_class_balanced,2,"{""C"": 10.0, ""l1_ratio"": 0.0}",200.0,0.745,0.706408737991841,0.8626515546517611,0.706761811932102,0.7208000749194918,0.24100891314225614,0.24247333057933626,0.615,0.6319910514541387,0.6980392156862745,0.839622641509434,0.5973154362416108,0.5570469798657718,1.0503106528347552,0.41545071736633654,0.2288415845131502
switzerland,cleveland,elastic_net_logistic,site_class_balanced,0,"{""alpha"": 0.0001, ""l1_ratio"": 0.1}",303.0,0.45874587458745875,0.8211528338304966,0.7963369811647387,3.5744917988231584,3.888292230459834,0.2936817640357636,0.3193670694884444,0.6963696369636964,0.6696130900157923,0.5106382978723404,0.9795918367346939,0.34532374100719426,0.7122302158273381,2.4874016172060127,0.21869811802018196,0.2007427770031905
switzerland,hungary,elastic_net_logistic,site_class_balanced,0,"{""alpha"": 0.0001, ""l1_ratio"": 0.1}",294.0,0.36054421768707484,0.8939181051786431,0.8485688981832107,1.5740972925451362,2.1240852680853153,0.17847499015349252,0.23540746762837286,0.8061224489795918,0.7455339221196307,0.6627218934911243,0.8888888888888888,0.5283018867924528,0.8490566037735849,1.229358703216071,0.21204930933262203,0.06147700827824584
switzerland,va_long_beach,elastic_net_logistic,site_class_balanced,0,"{""alpha"": 0.0001, ""l1_ratio"": 0.1}",200.0,0.745,0.7427951046190289,0.8658993369266841,1.2046830229596954,1.6330537136972763,0.22480250701319826,0.26317468436963437,0.745,0.7063429398605079,0.8210526315789474,0.8602941176470589,0.785234899328859,0.5167785234899329,0.7363192137633817,0.14518646144273836,0.1608942687230296
switzerland,cleveland,elastic_net_logistic,site_class_balanced,1,"{""alpha"": 0.0001, ""l1_ratio"": 0.5}",303.0,0.45874587458745875,0.7813651517810142,0.746953070400032,4.289016380537519,4.6624408095651795,0.3183000026913086,0.3453940498113222,0.6732673267326733,0.6455299175293912,0.4648648648648649,0.9347826086956522,0.30935251798561153,0.60431654676259,2.680509900014743,0.21546348926762904,0.23105644392406982
switzerland,hungary,elastic_net_logistic,site_class_balanced,1,"{""alpha"": 0.0001, ""l1_ratio"": 0.5}",294.0,0.36054421768707484,0.8777599357687675,0.8361373694989056,1.4549931168618353,1.9017669682939777,0.14799219435007366,0.18861863027030937,0.8333333333333334,0.7894419911682056,0.73224043715847,0.8701298701298701,0.6320754716981132,0.8301886792452831,0.5248114640167211,0.17070439342577393,0.05568162329388493
switzerland,va_long_beach,elastic_net_logistic,site_class_balanced,1,"{""alpha"": 0.0001, ""l1_ratio"": 0.5}",200.0,0.745,0.7187787866824583,0.8776012822332275,1.157022047364557,1.4626443207124236,0.24145962576612143,0.28954908981612687,0.705,0.6537044347940519,0.7929824561403509,0.8308823529411765,0.7583892617449665,0.5302013422818792,0.7707489765073015,0.1510837358225945,0.17367310691196486
switzerland,cleveland,elastic_net_logistic,site_class_balanced,2,"{""alpha"": 0.0001, ""l1_ratio"": 0.9}",303.0,0.45874587458745875,0.7545841375679944,0.7337522131410713,4.601905066589864,5.013009988429937,0.364817667977864,0.39708412271082877,0.6204620462046204,0.586879277066152,0.30303030303030304,0.9615384615384616,0.17985611510791366,0.5467625899280576,4.6287043601391415,0.33862392618246256,0.27962256148267006
switzerland,hungary,elastic_net_logistic,site_class_balanced,2,"{""alpha"": 0.0001, ""l1_ratio"": 0.9}",294.0,0.36054421768707484,0.8755519871537536,0.8123034417081021,1.2529334648031565,1.5074082346296074,0.1653560226492537,0.19748955345692218,0.8129251700680272,0.779656764351666,0.717948717948718,0.7865168539325843,0.660377358490566,0.8018867924528302,0.0448258516399084,0.1674876764414194,0.08730556261593321
switzerland,va_long_beach,elastic_net_logistic,site_class_balanced,2,"{""alpha"": 0.0001, ""l1_ratio"": 0.9}",200.0,0.745,0.67166732464798,0.8518717283290962,2.0932288787000086,2.1235659375304854,0.33350185711599734,0.33575354514358813,0.64,0.6423213580734307,0.7251908396946565,0.8407079646017699,0.6375838926174496,0.4429530201342282,1.0374585616013308,0.08520422884995313,0.29664415464604765
switzerland,cleveland,elastic_net_logistic,site_class_balanced,3,"{""alpha"": 0.001, ""l1_ratio"": 0.1}",303.0,0.45874587458745875,0.8719512195121951,0.8675107163951505,1.231219600504565,1.337016637140012,0.24267254398690655,0.26312620392071384,0.7128712871287128,0.6886953851552904,0.5583756345177665,0.9482758620689655,0.39568345323741005,0.7985611510791367,1.6982661636992082,0.38260540270370846,0.1711837710979259
switzerland,hungary,elastic_net_logistic,site_class_balanced,3,"{""alpha"": 0.001, ""l1_ratio"": 0.1}",294.0,0.36054421768707484,0.8706342834203131,0.81428866134211,0.4286715582399384,0.4668833231372583,0.13336022701431643,0.14705092484494775,0.8435374149659864,0.8282818145323163,0.780952380952381,0.7884615384615384,0.7735849056603774,0.8207547169811321,-0.10380201765057684,1.1669827497508731,0.09142975303086116
switzerland,va_long_beach,elastic_net_logistic,site_class_balanced,3,"{""alpha"": 0.001, ""l1_ratio"": 0.1}",200.0,0.745,0.7375970522437162,0.8770463899362231,0.5375271483652727,0.8258660213534466,0.17158449615345883,0.2704271489601908,0.755,0.5969864455849454,0.848297213622291,0.7873563218390804,0.9194630872483222,0.6241610738255033,0.23505598767146776,0.5487530793029459,0.13703229405962894
switzerland,cleveland,elastic_net_logistic,site_class_balanced,4,"{""alpha"": 0.001, ""l1_ratio"": 0.5}",303.0,0.45874587458745875,0.8404983330408843,0.840953629703576,1.5637647373940367,1.7026175583042609,0.3194014312826136,0.34772219167502194,0.6237623762376238,0.5904763993683102,0.3132530120481928,0.9629629629629629,0.18705035971223022,0.7194244604316546,2.164722912950411,0.44892839002964213,0.22832974295613623
switzerland,hungary,elastic_net_logistic,site_class_balanced,4,"{""alpha"": 0.001, ""l1_ratio"": 0.5}",294.0,0.36054421768707484,0.43566840626254516,0.34605554677604666,1.7095643893327441,1.6932515582915724,0.4419368893687287,0.42613221768145326,0.42857142857142855,0.4544359694901646,0.4084507042253521,0.3258426966292135,0.5471698113207547,0.1509433962264151,-0.5365417537723922,-0.09378696068629504,0.6192504324648932
switzerland,va_long_beach,elastic_net_logistic,site_class_balanced,4,"{""alpha"": 0.001, ""l1_ratio"": 0.5}",200.0,0.745,0.5396762731938414,0.7725523358049025,0.8439101893437362,1.2618377678324113,0.25320126063019677,0.3740663633094659,0.655,0.4976312672720095,0.7795527156549521,0.7439024390243902,0.8187919463087249,0.18791946308724833,0.9637961652167006,0.06055286046700702,0.2681596438947814
switzerland,cleveland,elastic_net_logistic,site_class_balanced,5,"{""alpha"": 0.001, ""l1_ratio"": 0.9}",303.0,0.45874587458745875,0.7763642744341112,0.7671590593144879,2.103670441138536,2.2916393771343486,0.39345483181915897,0.42858372943683865,0.570957095709571,0.5323741007194245,0.12162162162162163,1.0,0.06474820143884892,0.6546762589928058,2.1659335134230333,0.3948703735735412,0.2767740007221132
switzerland,hungary,elastic_net_logistic,site_class_balanced,5,"{""alpha"": 0.001, ""l1_ratio"": 0.9}",294.0,0.36054421768707484,0.3324969891609796,0.28558982498343094,2.9329896003737437,2.5594323689252714,0.5903229521554096,0.5227240493490393,0.3299319727891156,0.3999397832195905,0.41194029850746267,0.30131004366812225,0.6509433962264151,0.11320754716981132,-0.15911334404887717,-0.16954702960991108,0.7458186547079761
switzerland,va_long_beach,elastic_net_logistic,site_class_balanced,5,"{""alpha"": 0.001, ""l1_ratio"": 0.9}",200.0,0.745,0.5184892749045926,0.7752952704922784,0.9015011660364314,1.2925212306415335,0.27388618527734643,0.384092241295654,0.63,0.5001973943939992,0.7549668874172185,0.7450980392156863,0.7651006711409396,0.2214765100671141,0.9872872860360232,0.052942354856390504,0.2749187758457613
switzerland,cleveland,elastic_net_logistic,site_class_balanced,6,"{""alpha"": 0.01, ""l1_ratio"": 0.1}",303.0,0.45874587458745875,0.3869099842077557,0.38407598309777397,1.1094594621053002,1.0770129854038988,0.38525888433686395,0.37322181598264137,0.42574257425742573,0.4448368134760484,0.5193370165745856,0.42152466367713004,0.6762589928057554,0.09352517985611511,0.06794245811546844,-0.319098772957791,0.656241717105912
switzerland,hungary,elastic_net_logistic,site_class_balanced,6,"{""alpha"": 0.01, ""l1_ratio"": 0.1}",294.0,0.36054421768707484,0.4589522280208752,0.3566287822197929,0.9091508127349875,0.8654141109220703,0.33615821001576274,0.3158909946329423,0.40476190476190477,0.45227820152549175,0.42996742671009774,0.3283582089552239,0.6226415094339622,0.20754716981132076,-0.4916667954167844,-0.2307762743850613,0.6294242742666262
switzerland,va_long_beach,elastic_net_logistic,site_class_balanced,6,"{""alpha"": 0.01, ""l1_ratio"": 0.1}",200.0,0.745,0.6611396236346887,0.8512055836908375,0.5561402183754709,0.7392862624297096,0.18852663380921356,0.2674266495822999,0.695,0.524476904855902,0.8099688473520249,0.7558139534883721,0.87248322147651,0.48322147651006714,0.5335877524998238,0.6298348352279153,0.17235631882107372
switzerland,cleveland,elastic_net_logistic,site_class_balanced,7,"{""alpha"": 0.01, ""l1_ratio"": 0.5}",303.0,0.45874587458745875,0.2277592560098263,0.3193502627716668,2.376861475998296,2.345968313407597,0.5832734295382039,0.577448237802062,0.2739273927392739,0.27882084576241445,0.29936305732484075,0.26857142857142857,0.3381294964028777,0.03597122302158273,0.01083581370057863,-0.3368746170368451,0.8050407484272155
switzerland,hungary,elastic_net_logistic,site_class_balanced,7,"{""alpha"": 0.01, ""l1_ratio"": 0.5}",294.0,0.36054421768707484,0.18175431553592936,0.23176782830414344,2.542448175512796,2.4038383207116985,0.6470670770451014,0.6123683593329768,0.22108843537414966,0.2572260136491369,0.26366559485530544,0.2,0.3867924528301887,0.018867924528301886,-0.08167802590325032,-0.495760798168313,0.8727950114749581
switzerland,va_long_beach,elastic_net_logistic,site_class_balanced,7,"{""alpha"": 0.01, ""l1_ratio"": 0.5}",200.0,0.745,0.286090275036189,0.6273117851957255,1.6383575676659736,1.4256750043533972,0.5106841230536875,0.4612594173511845,0.285,0.33958415580997503,0.3222748815165877,0.5483870967741935,0.22818791946308725,0.020134228187919462,0.7885878883104224,-0.4135378011991466,0.8054566315596258
switzerland,cleveland,elastic_net_logistic,site_class_balanced,8,"{""alpha"": 0.01, ""l1_ratio"": 0.9}",303.0,0.45874587458745875,0.17095104404281453,0.3034131823070669,2.7019606779301184,2.6560137985740475,0.631117938817847,0.6240143095222972,0.2376237623762376,0.2436392349535006,0.27586206896551724,0.24444444444444444,0.31654676258992803,0.02158273381294964,0.15006905408697507,-0.42888832055094533,0.8570569935553778
switzerland,hungary,elastic_net_logistic,site_class_balanced,8,"{""alpha"": 0.01, ""l1_ratio"": 0.9}",294.0,0.36054421768707484,0.2037836210357286,0.2372259933372835,2.4314481862570427,2.4886162427699574,0.6046058001715786,0.6021174782891207,0.2585034013605442,0.26384985949417905,0.2158273381294964,0.1744186046511628,0.2830188679245283,0.03773584905660377,-0.5654584630932092,-0.4080990954166019,0.8416444231599236
switzerland,va_long_beach,elastic_net_logistic,site_class_balanced,8,"{""alpha"": 0.01, ""l1_ratio"": 0.9}",200.0,0.745,0.2797736544282142,0.6192826143387518,1.8593717214907661,1.5062551200834395,0.5565500420141569,0.46787053653355426,0.245,0.3449796025792868,0.21761658031088082,0.4772727272727273,0.14093959731543623,0.026845637583892617,0.5516622539672333,-0.444981774995745,0.8283960227378182
switzerland,cleveland,random_forest,site_class_balanced,0,"{""max_depth"": 3, ""min_samples_leaf"": 5, ""n_estimators"": 500}",303.0,0.45874587458745875,0.8555886997718898,0.8531388734866363,0.5283541828191994,0.5287157177587265,0.1725307086336499,0.17281125761092003,0.7755775577557755,0.7707492542551324,0.7443609022556391,0.7795275590551181,0.7122302158273381,0.7410071942446043,-0.10845201045661405,2.3875675744235387,0.10520947757535339
switzerland,hungary,random_forest,site_class_balanced,0,"{""max_depth"": 3, ""min_samples_leaf"": 5, ""n_estimators"": 500}",294.0,0.36054421768707484,0.8978823765556001,0.8394468627795111,0.48098352332415556,0.5094617974095315,0.150349566354787,0.1634944814732896,0.8333333333333334,0.7997290244881574,0.7461139896373057,0.8275862068965517,0.6792452830188679,0.8490566037735849,0.26112954916593384,2.7760775284877495,0.07108075045886132
switzerland,va_long_beach,random_forest,site_class_balanced,0,"{""max_depth"": 3, ""min_samples_leaf"": 5, ""n_estimators"": 500}",200.0,0.745,0.7329911830504015,0.8723692892693865,0.5771246865175864,0.6068450448201745,0.1979160573335629,0.20888312333057701,0.655,0.6717331227793131,0.7335907335907336,0.8636363636363636,0.6375838926174496,0.5369127516778524,0.9341303620416901,1.0202063686268457,0.18981513297544905
switzerland,cleveland,random_forest,site_class_balanced,1,"{""max_depth"": 3, ""min_samples_leaf"": 20, ""n_estimators"": 500}",303.0,0.45874587458745875,0.8454553430426393,0.8449976655259651,0.5421651017926615,0.539989546937145,0.17907838777192536,0.17816365314915855,0.7623762376237624,0.7601991577469731,0.7391304347826086,0.7445255474452555,0.7338129496402878,0.7338129496402878,-0.30576819621327445,2.3652061853082462,0.11509234373720476
switzerland,hungary,random_forest,site_class_balanced,1,"{""max_depth"": 3, ""min_samples_leaf"": 20, ""n_estimators"": 500}",294.0,0.36054421768707484,0.8969289441991168,0.8281310199756514,0.48581837254096066,0.5119199628146064,0.15215397695915778,0.16431034128645106,0.8367346938775511,0.8044460056202328,0.7525773195876289,0.8295454545454546,0.6886792452830188,0.8584905660377359,0.21074353110979735,2.8078759103334447,0.07243644778857858
switzerland,va_long_beach,random_forest,site_class_balanced,1,"{""max_depth"": 3, ""min_samples_leaf"": 20, ""n_estimators"": 500}",200.0,0.745,0.7314120278984075,0.8701332122928542,0.5762527969833688,0.6076488180279903,0.19707750180458514,0.20891423642129453,0.665,0.6848927490459271,0.7413127413127413,0.8727272727272727,0.6442953020134228,0.5436241610738255,0.9223664748838991,1.0554302751636284,0.19064246677534308
switzerland,cleveland,random_forest,site_class_balanced,2,"{""max_depth"": null, ""min_samples_leaf"": 5, ""n_estimators"": 500}",303.0,0.45874587458745875,0.8582646078259344,0.8573254110172288,0.5160818024207833,0.5147303305470965,0.16825053776822216,0.16769701979183438,0.7755775577557755,0.7762326723986664,0.7622377622377622,0.7414965986394558,0.7841726618705036,0.7266187050359713,-0.2690471013931458,2.1156213019488628,0.1069295783282545
switzerland,hungary,random_forest,site_class_balanced,2,"{""max_depth"": null, ""min_samples_leaf"": 5, ""n_estimators"": 500}",294.0,0.36054421768707484,0.891910879164994,0.8108908087183913,0.43413645272452245,0.47465709371348086,0.13427900326082698,0.15153506948534934,0.8333333333333334,0.7997290244881574,0.7461139896373057,0.8275862068965517,0.6792452830188679,0.8679245283018868,0.25538568540140194,1.8285570929069292,0.07698784279385984
switzerland,va_long_beach,random_forest,site_class_balanced,2,"{""max_depth"": null, ""min_samples_leaf"": 5, ""n_estimators"": 500}",200.0,0.745,0.7269377549677589,0.8699976028975183,0.5634307496334243,0.6201837261634819,0.19265278740785607,0.2129399536409271,0.665,0.6462034478220818,0.7527675276752768,0.8360655737704918,0.6845637583892618,0.5369127516778524,0.8673736977216474,0.8035344356316533,0.18001180932139788
switzerland,cleveland,random_forest,site_class_balanced,3,"{""max_depth"": null, ""min_samples_leaf"": 20, ""n_estimators"": 500}",303.0,0.45874587458745875,0.8483067204772767,0.8453926060767963,0.5309256913367734,0.5298494550534829,0.1743196337797445,0.1739037537992978,0.7623762376237624,0.7601991577469731,0.7391304347826086,0.7445255474452555,0.7338129496402878,0.7194244604316546,-0.2335709681312507,2.207745733501187,0.11357712642345118
switzerland,hungary,random_forest,site_class_balanced,3,"{""max_depth"": null, ""min_samples_leaf"": 20, ""n_estimators"": 500}",294.0,0.36054421768707484,0.8945704536330792,0.8300096360989818,0.46281542328850495,0.4932733320039393,0.14332561594276866,0.1571369553433258,0.8401360544217688,0.8091629867523082,0.7589743589743589,0.8314606741573034,0.6981132075471698,0.8679245283018868,0.2004893581688645,2.329776001204385,0.07307791875156885
switzerland,va_long_beach,random_forest,site_class_balanced,3,"{""max_depth"": null, ""min_samples_leaf"": 20, ""n_estimators"": 500}",200.0,0.745,0.7382550335570469,0.8762680762048451,0.5574641335463023,0.6056981641299326,0.18969295749967904,0.20820914834377072,0.665,0.6526516646927227,0.7509293680297398,0.8416666666666667,0.6778523489932886,0.5369127516778524,0.8548384484697292,0.9625894461044753,0.17290987962699123
switzerland,cleveland,hist_gradient_boosting,site_class_balanced,0,"{""l2_regularization"": 1.0, ""max_leaf_nodes"": 7, ""min_samples_leaf"": 20}",303.0,0.45874587458745875,0.8099666608176873,0.800820273130732,0.5474863920269807,0.5564997921907184,0.17800334323928774,0.1811053754178299,0.735973597359736,0.7325188629584138,0.7058823529411765,0.7218045112781954,0.6906474820143885,0.6834532374100719,0.005109796587952034,0.6905099172463862,0.16089634136945197
switzerland,hungary,hist_gradient_boosting,site_class_balanced,0,"{""l2_regularization"": 1.0, ""max_leaf_nodes"": 7, ""min_samples_leaf"": 20}",294.0,0.36054421768707484,0.866870734644721,0.7771858034468213,0.44665615299057165,0.5039598088955004,0.14030149770243006,0.15953280507199735,0.8027210884353742,0.7716780409474107,0.7070707070707071,0.7608695652173914,0.660377358490566,0.7924528301886793,0.030753572576523475,0.7767425780800057,0.0925975923061424
switzerland,va_long_beach,hist_gradient_boosting,site_class_balanced,0,"{""l2_regularization"": 1.0, ""max_leaf_nodes"": 7, ""min_samples_leaf"": 20}",200.0,0.745,0.6919989472298987,0.8505920834082291,0.7155574215507988,0.7382177251087652,0.2450182676098719,0.24835631575712713,0.595,0.5992235820502698,0.6848249027237354,0.8148148148148148,0.5906040268456376,0.46308724832214765,1.058792900520922,0.40312750015453336,0.24147310113647583
switzerland,cleveland,hist_gradient_boosting,site_class_balanced,1,"{""l2_regularization"": 1.0, ""max_leaf_nodes"": 15, ""min_samples_leaf"": 20}",303.0,0.45874587458745875,0.8089138445341287,0.7860292131545387,0.570210332208221,0.5764262640172593,0.18607574040689764,0.18788241151123425,0.7293729372937293,0.7269696437971573,0.7028985507246377,0.708029197080292,0.697841726618705,0.6618705035971223,-0.058298292147118166,0.591609978639929,0.15378427413053944
switzerland,hungary,hist_gradient_boosting,site_class_balanced,1,"{""l2_regularization"": 1.0, ""max_leaf_nodes"": 15, ""min_samples_leaf"": 20}",294.0,0.36054421768707484,0.859393817743878,0.7337524084595143,0.5050390235753921,0.532851862740793,0.14852887729101188,0.15739945690114043,0.7925170068027211,0.7822159775190687,0.7214611872146118,0.6991150442477876,0.7452830188679245,0.7924528301886793,-0.3066450586846505,0.5715891928468988,0.12409866637412598
switzerland,va_long_beach,hist_gradient_boosting,site_class_balanced,1,"{""l2_regularization"": 1.0, ""max_leaf_nodes"": 15, ""min_samples_leaf"": 20}",200.0,0.745,0.6843005658639294,0.8378938910040675,0.8700794300663371,0.8665999207143529,0.2824364555479844,0.27037673512368543,0.595,0.6250164495328332,0.6746987951807228,0.84,0.5637583892617449,0.436241610738255,1.1096571845986596,0.2900265168077916,0.2787883257528985
switzerland,cleveland,hist_gradient_boosting,site_class_balanced,2,"{""l2_regularization"": 10.0, ""max_leaf_nodes"": 7, ""min_samples_leaf"": 20}",303.0,0.45874587458745875,0.819266537989121,0.8104695585649697,0.5200664177231339,0.5308742380292315,0.17134426144862344,0.1755538162912591,0.7491749174917491,0.7436173012809265,0.7121212121212122,0.752,0.6762589928057554,0.6906474820143885,0.1426838670757476,0.9267305895798427,0.15479181109840273
switzerland,hungary,hist_gradient_boosting,site_class_balanced,2,"{""l2_regularization"": 10.0, ""max_leaf_nodes"": 7, ""min_samples_leaf"": 20}",294.0,0.36054421768707484,0.8660176635889202,0.7706122448744976,0.43553817313776144,0.4881692189175769,0.13781719436463005,0.15675503411751063,0.7891156462585034,0.7548675230830991,0.6836734693877551,0.7444444444444445,0.6320754716981132,0.8113207547169812,0.04402871037924828,0.9678209922661791,0.09460336919190429
switzerland,va_long_beach,hist_gradient_boosting,site_class_balanced,2,"{""l2_regularization"": 10.0, ""max_leaf_nodes"": 7, ""min_samples_leaf"": 20}",200.0,0.745,0.7159494670351362,0.8549851819616021,0.6436445098896065,0.6924008777156858,0.21817958118280667,0.23255333895704153,0.68,0.6562705619160416,0.7664233576642335,0.84,0.7046979865771812,0.5100671140939598,0.9750574205138449,0.475136402858088,0.21958213045814004
switzerland,cleveland,hist_gradient_boosting,site_class_balanced,3,"{""l2_regularization"": 10.0, ""max_leaf_nodes"": 15, ""min_samples_leaf"": 20}",303.0,0.45874587458745875,0.8095279873662046,0.7918674469376339,0.5360723449944703,0.5460633401260663,0.17860240303477712,0.18232781203377357,0.7392739273927392,0.7344709598175119,0.704119850187266,0.734375,0.6762589928057554,0.6690647482014388,0.1011580130193323,0.8283606880994182,0.15392362650350278
switzerland,hungary,hist_gradient_boosting,site_class_balanced,3,"{""l2_regularization"": 10.0, ""max_leaf_nodes"": 15, ""min_samples_leaf"": 20}",294.0,0.36054421768707484,0.8616519470092333,0.7556890454777044,0.44895224515231,0.48520433528321383,0.1401903272069517,0.15328606779806347,0.8027210884353742,0.779907667603372,0.7184466019417476,0.74,0.6981132075471698,0.7830188679245284,-0.17579656005642483,0.8589483418959216,0.11451751685997506
switzerland,va_long_beach,hist_gradient_boosting,site_class_balanced,3,"{""l2_regularization"": 10.0, ""max_leaf_nodes"": 15, ""min_samples_leaf"": 20}",200.0,0.745,0.7056191604158442,0.8532264284931348,0.7433659253881447,0.7479250789880252,0.25306945971392897,0.25118179316682654,0.625,0.6387024608501118,0.708171206225681,0.8425925925925926,0.610738255033557,0.44966442953020136,1.0844185942546893,0.38797205239917365,0.2473696383463052
switzerland,cleveland,xgboost,site_class_balanced,0,"{""learning_rate"": 0.03, ""max_depth"": 2, ""n_estimators"": 300}",303.0,0.45874587458745875,0.8544042814528865,0.8555256142256801,0.4820576701049894,0.4902147347503535,0.1558140169856252,0.15909685595391054,0.7755775577557755,0.7696525706264257,0.7404580152671756,0.7886178861788617,0.697841726618705,0.7194244604316546,0.17457884579005536,1.351503498323828,0.11360039250856871
switzerland,hungary,xgboost,site_class_balanced,0,"{""learning_rate"": 0.03, ""max_depth"": 2, ""n_estimators"": 300}",294.0,0.36054421768707484,0.8946206342834203,0.8263679495062183,0.40943841921731094,0.4656246988446259,0.12701118579223086,0.14950524920212716,0.8095238095238095,0.7667101565636291,0.6989247311827957,0.8125,0.6132075471698113,0.8773584905660378,0.3947967397977407,1.4435949120613505,0.07825194820003245
switzerland,va_long_beach,xgboost,site_class_balanced,0,"{""learning_rate"": 0.03, ""max_depth"": 2, ""n_estimators"": 300}",200.0,0.745,0.7368074746677193,0.8765938728707787,0.5902852338275717,0.6357716904977317,0.20252669296624126,0.2156601497093772,0.655,0.6394920384261087,0.7434944237918215,0.8333333333333334,0.6711409395973155,0.5637583892617449,0.932292506198502,0.6125515250940142,0.1839773276599405
switzerland,cleveland,xgboost,site_class_balanced,1,"{""learning_rate"": 0.03, ""max_depth"": 3, ""n_estimators"": 300}",303.0,0.45874587458745875,0.8445779961396735,0.8395773338054802,0.4923104393573538,0.5007567894691989,0.16003759707748327,0.1632994885875287,0.7656765676567657,0.7594095455343042,0.7279693486590039,0.7786885245901639,0.6834532374100719,0.7122302158273381,0.14684007630822793,1.2002769582441264,0.13147135974029128
switzerland,hungary,xgboost,site_class_balanced,1,"{""learning_rate"": 0.03, ""max_depth"": 3, ""n_estimators"": 300}",294.0,0.36054421768707484,0.8862404656764352,0.8082250392327827,0.41427924442343933,0.4712315315851462,0.1283019413910093,0.15039526939663872,0.8197278911564626,0.7788036932958651,0.7165775401069518,0.8271604938271605,0.6320754716981132,0.8490566037735849,0.29781567079455346,1.2796013377555728,0.08480273263662522
switzerland,va_long_beach,xgboost,site_class_balanced,1,"{""learning_rate"": 0.03, ""max_depth"": 3, ""n_estimators"": 300}",200.0,0.745,0.7220028951177786,0.8676200972370918,0.6242087368288258,0.6673018158375988,0.21465890505478,0.22612810564839422,0.665,0.6526516646927227,0.7509293680297398,0.8416666666666667,0.6778523489932886,0.5369127516778524,0.9642646528900793,0.5231338384892555,0.19980975967233786
switzerland,cleveland,xgboost,site_class_balanced,2,"{""learning_rate"": 0.1, ""max_depth"": 2, ""n_estimators"": 300}",303.0,0.45874587458745875,0.8332602210914195,0.8284663646355332,0.5055899821988437,0.5176800659054214,0.16332420730856173,0.16785380234355735,0.7722772277227723,0.7638620810668538,0.7272727272727273,0.8070175438596491,0.6618705035971223,0.7338129496402878,0.18938045370118495,0.9475192948985791,0.14479517622752175
switzerland,hungary,xgboost,site_class_balanced,2,"{""learning_rate"": 0.1, ""max_depth"": 2, ""n_estimators"": 300}",294.0,0.36054421768707484,0.8865415495784825,0.7948535435278821,0.4092970953388119,0.46144890037805447,0.12593201323135886,0.14597065509199222,0.8299319727891157,0.7908972300281012,0.7340425531914894,0.8414634146341463,0.6509433962264151,0.8679245283018868,0.16764468505620303,1.1012572173169417,0.08744466957049737
switzerland,va_long_beach,xgboost,site_class_balanced,2,"{""learning_rate"": 0.1, ""max_depth"": 2, ""n_estimators"": 300}",200.0,0.745,0.7146993025398078,0.8536098568698478,0.7313751573977391,0.7351958306414561,0.24455189149226386,0.2392923733714381,0.64,0.6552177918147124,0.7209302325581395,0.8532110091743119,0.6241610738255033,0.5436241610738255,1.094599881751135,0.4107956846572064,0.24874118413936433
switzerland,cleveland,xgboost,site_class_balanced,3,"{""learning_rate"": 0.1, ""max_depth"": 3, ""n_estimators"": 300}",303.0,0.45874587458745875,0.8273819968415511,0.824302679725298,0.5108917876671205,0.5230442417223526,0.1667722336720739,0.17131189381459702,0.7524752475247525,0.7450210563256712,0.708171206225681,0.7711864406779662,0.6546762589928058,0.6690647482014388,0.17037663100517036,0.8912286647507911,0.13957608464939797
switzerland,hungary,xgboost,site_class_balanced,3,"{""learning_rate"": 0.1, ""max_depth"": 3, ""n_estimators"": 300}",294.0,0.36054421768707484,0.8757527097551183,0.7868773184369513,0.4241773173298538,0.46140332220572605,0.1306949614050955,0.1444751326626249,0.8197278911564626,0.7993777599357688,0.7439613526570048,0.7623762376237624,0.7264150943396226,0.8301886792452831,-0.14527264045653074,0.8839992450873729,0.09129025737452182
switzerland,va_long_beach,xgboost,site_class_balanced,3,"{""learning_rate"": 0.1, ""max_depth"": 3, ""n_estimators"": 300}",200.0,0.745,0.7111462034478221,0.8513909048451916,0.7789193855897687,0.7768304193696429,0.25442015175360555,0.24947695349716456,0.65,0.6683774180813264,0.7286821705426356,0.8623853211009175,0.6308724832214765,0.47651006711409394,1.1135197451612797,0.36344044175092727,0.2615547215099808
switzerland,cleveland,lightgbm,site_class_balanced,0,"{""min_child_samples"": 20, ""n_estimators"": 300, ""num_leaves"": 7}",303.0,0.45874587458745875,0.8280400070187752,0.8144425011296098,0.507418158015749,0.516721997729607,0.16565827267154812,0.16920619637847173,0.7755775577557755,0.770200912440779,0.7424242424242424,0.784,0.7050359712230215,0.7266187050359713,0.13573340667964195,1.0157394882396074,0.1468927755526406
switzerland,hungary,lightgbm,site_class_balanced,0,"{""min_child_samples"": 20, ""n_estimators"": 300, ""num_leaves"": 7}",294.0,0.36054421768707484,0.8714873544761139,0.7808519579968034,0.4282040774148826,0.48911030822491125,0.13405617772330933,0.15643699062965727,0.7993197278911565,0.7587314331593737,0.6878306878306878,0.7831325301204819,0.6132075471698113,0.8301886792452831,0.21112136944527893,1.0839318145787686,0.09397471942322652
switzerland,va_long_beach,lightgbm,site_class_balanced,0,"{""min_child_samples"": 20, ""n_estimators"": 300, ""num_leaves"": 7}",200.0,0.745,0.7104882221344913,0.8592972332839509,0.6336347621661865,0.6888629581181795,0.21744832813121107,0.23536413940861306,0.66,0.6235030925121727,0.7536231884057971,0.8188976377952756,0.697986577181208,0.5234899328859061,0.9489041978545548,0.48367430455233007,0.20682742452333888
switzerland,cleveland,lightgbm,site_class_balanced,1,"{""min_child_samples"": 20, ""n_estimators"": 300, ""num_leaves"": 15}",303.0,0.45874587458745875,0.8266362519740306,0.8029478626786872,0.5146555076492907,0.52207569040276,0.16791284621332184,0.17052918008490975,0.7722772277227723,0.7687971573960344,0.7453874538745388,0.7651515151515151,0.7266187050359713,0.7338129496402878,0.05643507834194399,0.9292138389847039,0.15143244256486604
switzerland,hungary,lightgbm,site_class_balanced,1,"{""min_child_samples"": 20, ""n_estimators"": 300, ""num_leaves"": 15}",294.0,0.36054421768707484,0.8628562826174228,0.7513349247555337,0.4434315248227526,0.4881729607066684,0.13868168643115306,0.15452525014629068,0.7959183673469388,0.7684162986752308,0.7029702970297029,0.7395833333333334,0.6698113207547169,0.8301886792452831,-0.06687937576631929,0.8967028494989879,0.103402595014045
switzerland,va_long_beach,lightgbm,site_class_balanced,1,"{""min_child_samples"": 20, ""n_estimators"": 300, ""num_leaves"": 15}",200.0,0.745,0.7008816949598631,0.8482607320164869,0.699545550391271,0.7293783874775555,0.24066267714058967,0.24708633891901977,0.61,0.5963942624029477,0.7045454545454546,0.808695652173913,0.6241610738255033,0.47651006711409394,1.0309025034781933,0.4150883564141977,0.23484005579365985
switzerland,cleveland,lightgbm,site_class_balanced,2,"{""min_child_samples"": 50, ""n_estimators"": 300, ""num_leaves"": 7}",303.0,0.45874587458745875,0.8367696087032812,0.8339574464330692,0.4931483468520365,0.5008593014888372,0.16095957425821078,0.1641148854309762,0.7623762376237624,0.7558124232321459,0.7230769230769231,0.7768595041322314,0.6762589928057554,0.697841726618705,0.07826457732779277,1.080574437218185,0.12572729071887523
switzerland,hungary,lightgbm,site_class_balanced,2,"{""min_child_samples"": 50, ""n_estimators"": 300, ""num_leaves"": 7}",294.0,0.36054421768707484,0.8711360899237254,0.7964151192311208,0.42804264404077375,0.47786916883831626,0.13481477472504122,0.15428186484955017,0.7993197278911565,0.7628462464873544,0.694300518134715,0.7701149425287356,0.6320754716981132,0.8207547169811321,0.08490042256606582,1.1592427445186149,0.08996665945720214
switzerland,va_long_beach,lightgbm,site_class_balanced,2,"{""min_child_samples"": 50, ""n_estimators"": 300, ""num_leaves"": 7}",200.0,0.745,0.7202921437031189,0.8632437103097839,0.622202496304224,0.6762815636909633,0.21379236899821882,0.22973075929084263,0.645,0.613435978418213,0.73992673992674,0.8145161290322581,0.6778523489932886,0.48322147651006714,0.9426727483075186,0.5103269660309545,0.2038922840596625
switzerland,cleveland,lightgbm,site_class_balanced,3,"{""min_child_samples"": 50, ""n_estimators"": 300, ""num_leaves"": 15}",303.0,0.45874587458745875,0.8344007720652745,0.8284301905343017,0.49685241318530177,0.5037436559895806,0.1623954090554813,0.16509886306163107,0.7623762376237624,0.7569091068608528,0.7272727272727273,0.768,0.6906474820143885,0.6906474820143885,0.043943437834581815,1.062408312210105,0.1283482559598163
switzerland,hungary,lightgbm,site_class_balanced,3,"{""min_child_samples"": 50, ""n_estimators"": 300, ""num_leaves"": 15}",294.0,0.36054421768707484,0.8646627860297069,0.7899648417542993,0.43597503534039156,0.4846792288848606,0.1376473492212112,0.1566613548511403,0.7993197278911565,0.7649036531513449,0.6974358974358974,0.7640449438202247,0.6415094339622641,0.8113207547169812,0.04940098058528502,1.161571840040038,0.09469033512458502
switzerland,va_long_beach,lightgbm,site_class_balanced,3,"{""min_child_samples"": 50, ""n_estimators"": 300, ""num_leaves"": 15}",200.0,0.745,0.719568364258455,0.8642894295097976,0.6228786536211133,0.6825953540607549,0.2127910848689498,0.23086306687741026,0.675,0.6400184234767732,0.7653429602888087,0.828125,0.7114093959731543,0.5167785234899329,0.9345607246565368,0.49906924524776086,0.20050350060934646
switzerland,cleveland,catboost,site_class_balanced,0,"{""depth"": 4, ""iterations"": 300, ""l2_leaf_reg"": 3.0}",303.0,0.45874587458745875,0.8751096683628707,0.8552846348805576,0.4521071892085332,0.46372426215133483,0.14613048660291028,0.15053813050253884,0.7788778877887789,0.7716046674855237,0.7392996108949417,0.8050847457627118,0.6834532374100719,0.8201438848920863,0.3911219177003984,1.2111337402221012,0.09720959893569489
switzerland,hungary,catboost,site_class_balanced,0,"{""depth"": 4, ""iterations"": 300, ""l2_leaf_reg"": 3.0}",294.0,0.36054421768707484,0.8694801284624649,0.795972529438537,0.43182148474657067,0.49368908189524796,0.13684903957489933,0.16046947734119746,0.8129251700680272,0.7734845443596949,0.708994708994709,0.8072289156626506,0.6320754716981132,0.8207547169811321,0.201279490444309,1.0539176300790243,0.09157216974899288
switzerland,va_long_beach,catboost,site_class_balanced,0,"{""depth"": 4, ""iterations"": 300, ""l2_leaf_reg"": 3.0}",200.0,0.745,0.7243058297144361,0.8592828471653612,0.5886165337807922,0.6615953046840439,0.2004402364037172,0.22175307062490307,0.675,0.6593630740886959,0.7601476014760148,0.8442622950819673,0.6912751677852349,0.5167785234899329,0.8803995012219238,0.5860085331968542,0.19388213754925446
switzerland,cleveland,catboost,site_class_balanced,1,"{""depth"": 4, ""iterations"": 300, ""l2_leaf_reg"": 10.0}",303.0,0.45874587458745875,0.8745393928759432,0.8618376541369067,0.45906121939685685,0.46839805906667964,0.14612488365195553,0.14984675674296088,0.7854785478547854,0.7787989120898403,0.749034749034749,0.8083333333333333,0.697841726618705,0.8057553956834532,0.30390096217406065,1.4069880026963748,0.10927740201379474
switzerland,hungary,catboost,site_class_balanced,1,"{""depth"": 4, ""iterations"": 300, ""l2_leaf_reg"": 10.0}",294.0,0.36054421768707484,0.8723906061822562,0.8071026495581068,0.4290091111127951,0.49102776975189527,0.13602803100867175,0.16016734475631664,0.8095238095238095,0.7687675632276194,0.7021276595744681,0.8048780487804879,0.6226415094339622,0.8207547169811321,0.2701560118285171,1.1850273040348187,0.08830001306899402
switzerland,va_long_beach,catboost,site_class_balanced,1,"{""depth"": 4, ""iterations"": 300, ""l2_leaf_reg"": 10.0}",200.0,0.745,0.7261481773917621,0.8603182334219845,0.5744207106578255,0.6539355004409426,0.19554400836019092,0.22050927452796812,0.665,0.6462034478220818,0.7527675276752768,0.8360655737704918,0.6845637583892618,0.5234899328859061,0.8434305878972993,0.6182432706963585,0.18713045853632082
switzerland,cleveland,catboost,site_class_balanced,2,"{""depth"": 6, ""iterations"": 300, ""l2_leaf_reg"": 3.0}",303.0,0.45874587458745875,0.864844709598175,0.8482618629977208,0.4603934536114574,0.46615579842829424,0.14864785042491752,0.15111770185176515,0.7887788778877888,0.7834927180207054,0.7575757575757576,0.8,0.7194244604316546,0.762589928057554,0.09691195186795946,1.232037943564889,0.10198831763797736
switzerland,hungary,catboost,site_class_balanced,2,"{""depth"": 6, ""iterations"": 300, ""l2_leaf_reg"": 3.0}",294.0,0.36054421768707484,0.878311922922521,0.795407802426148,0.42209238079403527,0.471214206410962,0.13176576153332106,0.14977872001286083,0.8163265306122449,0.7843737454837414,0.7244897959183674,0.7888888888888889,0.6698113207547169,0.839622641509434,0.03723538944918683,0.9489036032298617,0.0871253013399976
switzerland,va_long_beach,catboost,site_class_balanced,2,"{""depth"": 6, ""iterations"": 300, ""l2_leaf_reg"": 3.0}",200.0,0.745,0.7428609027503618,0.8665025282375353,0.5687941444795014,0.6588605306911338,0.1898901578328561,0.21500041944886733,0.715,0.6926569285432294,0.7942238267148014,0.859375,0.738255033557047,0.48322147651006714,0.835535025136584,0.5895199793908424,0.1768948971098269
switzerland,cleveland,catboost,site_class_balanced,3,"{""depth"": 6, ""iterations"": 300, ""l2_leaf_reg"": 10.0}",303.0,0.45874587458745875,0.8683102298648886,0.8506937736794742,0.47384751425141514,0.4765446906112859,0.15232316578697622,0.1534412850719728,0.7887788778877888,0.7856860852781189,0.7647058823529411,0.7819548872180451,0.7482014388489209,0.7697841726618705,-0.03371901612156049,1.5283830029583767,0.10212223872655704
switzerland,hungary,catboost,site_class_balanced,3,"{""depth"": 6, ""iterations"": 300, ""l2_leaf_reg"": 10.0}",294.0,0.36054421768707484,0.8720895222802089,0.8004637743580558,0.4271216022358546,0.48102300711185114,0.13506764007355976,0.15602873139031614,0.8231292517006803,0.7876354877559213,0.7291666666666666,0.813953488372093,0.660377358490566,0.7924528301886793,0.12082480398798272,1.0807068719269899,0.09010149201918721
switzerland,va_long_beach,catboost,site_class_balanced,3,"{""depth"": 6, ""iterations"": 300, ""l2_leaf_reg"": 10.0}",200.0,0.745,0.7220686932491117,0.8667812792345968,0.5996118654264021,0.6663766695942436,0.20578509146036267,0.22429898957870215,0.66,0.6492959599947361,0.746268656716418,0.8403361344537815,0.6711409395973155,0.48322147651006714,0.9049200615011284,0.5542627315269042,0.19066923626462473
va_long_beach,cleveland,logistic,pooled,0,"{""C"": 0.1, ""l1_ratio"": 0.0}",303.0,0.45874587458745875,0.8733111072117915,0.869418954311378,0.5022345150638575,0.4872305169241452,0.16681995356931978,0.16088064346581007,0.7524752475247525,0.7625679943849799,0.7663551401869159,0.6758241758241759,0.8848920863309353,0.7553956834532374,-0.9542042261038224,1.3453657694646584,0.1252989289534004
va_long_beach,hungary,logistic,pooled,0,"{""C"": 0.1, ""l1_ratio"": 0.0}",294.0,0.36054421768707484,0.8772581292653552,0.8300699280670849,0.6138882243502299,0.5319535324880429,0.21274415974944522,0.1802258675784575,0.6904761904761905,0.7415194700923324,0.6829268292682927,0.5414364640883977,0.9245283018867925,0.8018867924528302,-1.9125308662245586,1.467687131159931,0.2165703443133044
va_long_beach,switzerland,logistic,pooled,0,"{""C"": 0.1, ""l1_ratio"": 0.0}",123.0,0.9349593495934959,0.7608695652173912,0.9772233403623314,0.686134146998622,0.5819068619636122,0.24184003874464072,0.20439065455301106,0.6422764227642277,0.692391304347826,0.7684210526315789,0.9733333333333334,0.6347826086956522,0.4,3.0144057390809786,0.8923927022004897,0.2872066716631376
va_long_beach,cleveland,logistic,pooled,1,"{""C"": 1.0, ""l1_ratio"": 0.0}",303.0,0.45874587458745875,0.8693191788032989,0.8576904641052518,0.4554334709657382,0.45812873668603815,0.1460578356177772,0.14676392713770936,0.7920792079207921,0.7903798912089841,0.7725631768953068,0.7753623188405797,0.7697841726618705,0.7913669064748201,-0.09746718265082911,0.849900711933981,0.10206782711899777
va_long_beach,hungary,logistic,pooled,1,"{""C"": 1.0, ""l1_ratio"": 0.0}",294.0,0.36054421768707484,0.8557808109193096,0.7963260443446054,0.7311901261685553,0.6144935375464499,0.25286425227552684,0.20942315286419663,0.6190476190476191,0.6877258129265356,0.6387096774193548,0.4852941176470588,0.9339622641509434,0.7452830188679245,-2.022843745615067,1.0915573389217985,0.2664491666484794
va_long_beach,switzerland,logistic,pooled,1,"{""C"": 1.0, ""l1_ratio"": 0.0}",123.0,0.9349593495934959,0.7489130434782609,0.9753751119693647,0.8588929308969386,0.653117362057039,0.29654832930918945,0.2267491613334803,0.5365853658536586,0.6358695652173914,0.6779661016949152,0.967741935483871,0.5217391304347826,0.46956521739130436,3.1483579136530584,0.6478455834084137,0.3892903664365015
va_long_beach,cleveland,logistic,pooled,2,"{""C"": 10.0, ""l1_ratio"": 0.0}",303.0,0.45874587458745875,0.8824793823477802,0.8639662371266348,0.49176170894373883,0.5147854717216452,0.14612264810755063,0.15279383466378588,0.8151815181518152,0.8078829619231445,0.78125,0.8547008547008547,0.7194244604316546,0.8057553956834532,0.5909864878568006,0.689529543409131,0.10113124853832486
va_long_beach,hungary,logistic,pooled,2,"{""C"": 10.0, ""l1_ratio"": 0.0}",294.0,0.36054421768707484,0.7586310718586914,0.6135398214291494,1.213860605534606,0.9802209723763435,0.39281395901755023,0.31527955044678496,0.4421768707482993,0.5514853472501003,0.5494505494505495,0.3875968992248062,0.9433962264150944,0.5566037735849056,-1.9507921130790178,0.6414691530326386,0.4364400625208445
va_long_beach,switzerland,logistic,pooled,2,"{""C"": 10.0, ""l1_ratio"": 0.0}",123.0,0.9349593495934959,0.7467391304347826,0.9746802673250432,1.1409134242259753,0.7575958912167062,0.37644126549516316,0.25224675234307026,0.44715447154471544,0.6461956521739131,0.5853658536585366,0.9795918367346939,0.41739130434782606,0.4260869565217391,3.373089418970859,0.5451404797845398,0.5194521123094371
va_long_beach,cleveland,core_logistic,pooled,0,"{""C"": 0.1, ""l1_ratio"": 0.0}",303.0,0.45874587458745875,0.8312423232145991,0.7819314781195726,0.5359864650784739,0.5242954535156534,0.1780709423356938,0.17305486076130153,0.7524752475247525,0.7614713107562731,0.7634069400630915,0.6797752808988764,0.8705035971223022,0.6618705035971223,-0.686843130433492,1.3534624842105243,0.16152526342636692
va_long_beach,hungary,core_logistic,pooled,0,"{""C"": 0.1, ""l1_ratio"": 0.0}",294.0,0.36054421768707484,0.8350812926535528,0.717396220856113,0.5101052893261913,0.5005593135994011,0.16602496108495088,0.16191531522725322,0.7959183673469388,0.7910477719791249,0.7321428571428571,0.6949152542372882,0.7735849056603774,0.7735849056603774,-0.7012071790089007,1.2484404870827852,0.14417688517947408
va_long_beach,switzerland,core_logistic,pooled,0,"{""C"": 0.1, ""l1_ratio"": 0.0}",123.0,0.9349593495934959,0.7728260869565218,0.9690753291817101,0.49509486822930965,0.5623615279299922,0.1584735355503637,0.18748487456731183,0.7967479674796748,0.7168478260869565,0.8815165876777251,0.96875,0.808695652173913,0.4782608695652174,2.463655956129777,1.2661776178636015,0.12289310162204496
va_long_beach,cleveland,core_logistic,pooled,1,"{""C"": 1.0, ""l1_ratio"": 0.0}",303.0,0.45874587458745875,0.827338129496403,0.7794117322553347,0.5382858676741595,0.525448329457629,0.17857862749259248,0.17328105941678576,0.7491749174917491,0.7584225302684682,0.7610062893081762,0.6759776536312849,0.8705035971223022,0.7122302158273381,-0.6018751248171426,0.987568499969174,0.15988597346682965
va_long_beach,hungary,core_logistic,pooled,1,"{""C"": 1.0, ""l1_ratio"": 0.0}",294.0,0.36054421768707484,0.839095744680851,0.7196864421277736,0.4957836033649465,0.4933814667432902,0.15955395413064927,0.15834409474991237,0.7993197278911565,0.7875351264552388,0.728110599078341,0.7117117117117117,0.7452830188679245,0.7735849056603774,-0.5929255360883585,0.8888577773280344,0.13413087841051136
va_long_beach,switzerland,core_logistic,pooled,1,"{""C"": 1.0, ""l1_ratio"": 0.0}",123.0,0.9349593495934959,0.7728260869565218,0.9690754318710555,0.460680703199658,0.562742650878747,0.14592230037470585,0.18638815267311604,0.7967479674796748,0.7168478260869565,0.8815165876777251,0.96875,0.808695652173913,0.4782608695652174,2.402389078626063,1.0416321238529298,0.10143590450460646
va_long_beach,cleveland,core_logistic,pooled,2,"{""C"": 10.0, ""l1_ratio"": 0.0}",303.0,0.45874587458745875,0.8240919459554307,0.7763540851530755,0.5438130142720521,0.5306272127104357,0.18034929048077755,0.17491889225001545,0.7458745874587459,0.7553737497806633,0.7586206896551724,0.6722222222222223,0.8705035971223022,0.6690647482014388,-0.5861358479624976,0.9276914999604898,0.16194519293661155
va_long_beach,hungary,core_logistic,pooled,2,"{""C"": 10.0, ""l1_ratio"": 0.0}",294.0,0.36054421768707484,0.8394470092332397,0.7199419199721798,0.4966684179221395,0.49550325808106377,0.15935277304311665,0.15857620466498318,0.7993197278911565,0.7875351264552388,0.728110599078341,0.7117117117117117,0.7452830188679245,0.7641509433962265,-0.5776721498741908,0.8415967811262487,0.13311665836823613
va_long_beach,switzerland,core_logistic,pooled,2,"{""C"": 10.0, ""l1_ratio"": 0.0}",123.0,0.9349593495934959,0.7728260869565218,0.9690754318710555,0.45666681772784273,0.5638505030122852,0.14459238222361392,0.1865737372166954,0.8048780487804879,0.7211956521739131,0.8867924528301887,0.9690721649484536,0.8173913043478261,0.4782608695652174,2.3950711608497692,1.014724843580136,0.09994273615548359
va_long_beach,cleveland,mask_logistic,pooled,0,"{""C"": 0.1, ""l1_ratio"": 0.0}",303.0,0.45874587458745875,0.4939463063695385,0.4569739359987291,0.8939784044640967,0.8471182392649019,0.3374071762956703,0.31622219937738383,0.45874587458745875,0.5,0.6289592760180995,0.45874587458745875,1.0,0.007194244604316547,0.23480304286500916,-0.3523910300666817,0.570459942989761
va_long_beach,hungary,mask_logistic,pooled,0,"{""C"": 0.1, ""l1_ratio"": 0.0}",294.0,0.36054421768707484,0.25258430349257327,0.2929375650089601,0.96310600977431,0.833738091358916,0.36874633033638826,0.3094198283064164,0.35714285714285715,0.49528301886792453,0.5263157894736842,0.3583617747440273,0.9905660377358491,0.07547169811320754,2.262197926834165,-3.2367965806745995,0.8394745822942862
va_long_beach,switzerland,mask_logistic,pooled,0,"{""C"": 0.1, ""l1_ratio"": 0.0}",123.0,0.9349593495934959,0.548913043478261,0.9478468987952388,0.8355150769544145,0.7548336373100979,0.3116393001535962,0.27576386748663867,0.0975609756097561,0.5173913043478261,0.06722689075630252,1.0,0.034782608695652174,0.4,2.4596408652556434,-1.6114243440441667,0.9112131734623898
va_long_beach,cleveland,mask_logistic,pooled,1,"{""C"": 1.0, ""l1_ratio"": 0.0}",303.0,0.45874587458745875,0.4939463063695385,0.4569739359987291,1.0607963262845352,0.9938044289619901,0.39036190610859967,0.3627446669937241,0.45874587458745875,0.5,0.6289592760180995,0.45874587458745875,1.0,0.007194244604316547,0.5151674542307552,-0.41950745767300013,0.570459942989761
va_long_beach,hungary,mask_logistic,pooled,1,"{""C"": 1.0, ""l1_ratio"": 0.0}",294.0,0.36054421768707484,0.26904355680449615,0.298789371819572,0.9401353321804423,0.8641447526612294,0.3485171397628564,0.3169208047759489,0.22789115646258504,0.2646025692492975,0.27009646302250806,0.2048780487804878,0.39622641509433965,0.11320754716981132,0.05497904949577904,-1.4185410164444587,0.8252246382749429
va_long_beach,switzerland,mask_logistic,pooled,1,"{""C"": 1.0, ""l1_ratio"": 0.0}",123.0,0.9349593495934959,0.548913043478261,0.9478468987952388,0.8986157789747145,0.77993170968003,0.31558056187332023,0.2740227704478148,0.43089430894308944,0.6375,0.5679012345679012,0.9787234042553191,0.4,0.4,2.6204549960567194,-0.23191030267285082,0.5761151113618429
va_long_beach,cleveland,mask_logistic,pooled,2,"{""C"": 10.0, ""l1_ratio"": 0.0}",303.0,0.45874587458745875,0.4939463063695385,0.4569739359987291,1.0359009166047086,0.971783892413304,0.3831768030615701,0.35639462288678053,0.45874587458745875,0.5,0.6289592760180995,0.45874587458745875,1.0,0.007194244604316547,0.5443450895968116,-0.45746122663798966,0.570459942989761
va_long_beach,hungary,mask_logistic,pooled,2,"{""C"": 10.0, ""l1_ratio"": 0.0}",294.0,0.36054421768707484,0.2668356081894821,0.29758280981218416,1.124122009637101,1.1132218817346726,0.39575524061519285,0.4003611700609119,0.23469387755102042,0.2575772782015255,0.24242424242424243,0.18848167539267016,0.33962264150943394,0.11320754716981132,-0.5804238899401646,-0.8222844001372043,0.7483686842849254
va_long_beach,switzerland,mask_logistic,pooled,2,"{""C"": 10.0, ""l1_ratio"": 0.0}",123.0,0.9349593495934959,0.6239130434782608,0.9551576998706452,1.0115412367115866,0.7906125360365612,0.3450265575712105,0.2661437256190573,0.43089430894308944,0.6375,0.5679012345679012,0.9787234042553191,0.4,0.5043478260869565,2.6593472498721895,-0.014943221721846532,0.5780998449710164
va_long_beach,cleveland,logistic,site_class_balanced,0,"{""C"": 0.1, ""l1_ratio"": 0.0}",303.0,0.45874587458745875,0.832382874188454,0.8254746212918197,0.5115124518515918,0.5078146785449712,0.1685536034962037,0.16721603214203812,0.7656765676567657,0.7670863309352518,0.754325259515571,0.7266666666666667,0.7841726618705036,0.7410071942446043,-0.3486815109285421,1.0945281850236213,0.13950153352775124
va_long_beach,hungary,logistic,site_class_balanced,0,"{""C"": 0.1, ""l1_ratio"": 0.0}",294.0,0.36054421768707484,0.8742974708952228,0.8167662504544246,0.4890791957395334,0.46409471277896763,0.15683713839086236,0.14718682058777077,0.7857142857142857,0.7974708952228021,0.7385892116182573,0.6592592592592592,0.839622641509434,0.7924528301886793,-0.9840447588602546,1.4143901541580153,0.1328993839271512
va_long_beach,switzerland,logistic,site_class_balanced,0,"{""C"": 0.1, ""l1_ratio"": 0.0}",123.0,0.9349593495934959,0.7728260869565217,0.9790356540898171,0.544188930287752,0.562715565215826,0.18547997979261255,0.19723725552633758,0.7154471544715447,0.6733695652173913,0.8258706467661692,0.9651162790697675,0.7217391304347827,0.41739130434782606,2.667912643620358,0.926938762475625,0.15457166341331718
va_long_beach,cleveland,logistic,site_class_balanced,1,"{""C"": 1.0, ""l1_ratio"": 0.0}",303.0,0.45874587458745875,0.8111072117915423,0.7904770251640808,0.5590687443053362,0.5585375059628854,0.18091998796627715,0.1806972097432347,0.7524752475247525,0.7521494999122653,0.734982332155477,0.7222222222222222,0.7482014388489209,0.6690647482014388,-0.2163514958952845,0.6576268809529294,0.1665897410175398
va_long_beach,hungary,logistic,site_class_balanced,1,"{""C"": 1.0, ""l1_ratio"": 0.0}",294.0,0.36054421768707484,0.8424327579285428,0.7295253896263945,0.6478386070680356,0.563109452692673,0.206810945017307,0.1778160731463927,0.7551020408163265,0.7899939783219591,0.7293233082706767,0.60625,0.9150943396226415,0.7830188679245284,-1.4424053975597386,0.8950043329292231,0.24082929522708177
va_long_beach,switzerland,logistic,site_class_balanced,1,"{""C"": 1.0, ""l1_ratio"": 0.0}",123.0,0.9349593495934959,0.7554347826086957,0.9764252558405915,0.6862395649107326,0.6041392802690122,0.2360701619700405,0.2127482728289776,0.6422764227642277,0.6342391304347825,0.7708333333333334,0.961038961038961,0.6434782608695652,0.46956521739130436,2.9004810769744247,0.6868647425878948,0.26983109983982057
va_long_beach,cleveland,logistic,site_class_balanced,2,"{""C"": 10.0, ""l1_ratio"": 0.0}",303.0,0.45874587458745875,0.8179505176346727,0.7953972346350151,0.5812186096057614,0.5843544108198385,0.17887583855192646,0.17972160391254244,0.7557755775577558,0.7551982804000702,0.7375886524822695,0.7272727272727273,0.7482014388489209,0.6834532374100719,-0.14582314126065987,0.5395959887997601,0.1572278868879351
va_long_beach,hungary,logistic,site_class_balanced,2,"{""C"": 10.0, ""l1_ratio"": 0.0}",294.0,0.36054421768707484,0.7812123645122441,0.6067744319563191,1.191417816105692,0.9638088933075846,0.3666782266156013,0.2956847289248761,0.46258503401360546,0.5695002007226013,0.5611111111111111,0.39763779527559057,0.9528301886792453,0.660377358490566,-1.871976012552369,0.5841367697144033,0.42662946696661663
va_long_beach,switzerland,logistic,site_class_balanced,2,"{""C"": 10.0, ""l1_ratio"": 0.0}",123.0,0.9349593495934959,0.7586956521739131,0.976914555568821,0.9540363133742193,0.6843739679969061,0.3227312331923552,0.23505092072287076,0.5040650406504065,0.6184782608695653,0.6473988439306358,0.9655172413793104,0.48695652173913045,0.43478260869565216,3.2059305416244546,0.5773996192731727,0.39899383072838635
va_long_beach,cleveland,elastic_net_logistic,site_class_balanced,0,"{""alpha"": 0.0001, ""l1_ratio"": 0.1}",303.0,0.45874587458745875,0.7458326022109143,0.6615555696288832,3.8736596495889213,3.8773714213451487,0.2756939672183996,0.27579144032048875,0.7194719471947195,0.7194683277768029,0.7017543859649122,0.684931506849315,0.7194244604316546,0.0,-0.17649629864659502,0.06720030296463748,0.2870830833663297
va_long_beach,hungary,elastic_net_logistic,site_class_balanced,0,"{""alpha"": 0.0001, ""l1_ratio"": 0.1}",294.0,0.36054421768707484,0.8046969088719391,0.6171905962689714,3.711346042802195,3.2142162870512667,0.2651355632862655,0.23013366039567662,0.7312925170068028,0.7652047370533922,0.704119850187266,0.5838509316770186,0.8867924528301887,0.0,-1.122667604760754,0.0984572758960252,0.48576453056096364
va_long_beach,switzerland,elastic_net_logistic,site_class_balanced,0,"{""alpha"": 0.0001, ""l1_ratio"": 0.1}",123.0,0.9349593495934959,0.7391304347826086,0.9749803523039458,2.1665131645515996,1.6122120040268981,0.3750758607964921,0.33529710232347754,0.5528455284552846,0.5864130434782608,0.6961325966850829,0.9545454545454546,0.5478260869565217,0.45217391304347826,3.003479035672491,0.14998220155776593,0.34417577692142537
va_long_beach,cleveland,elastic_net_logistic,site_class_balanced,1,"{""alpha"": 0.0001, ""l1_ratio"": 0.5}",303.0,0.45874587458745875,0.7545183365502719,0.6660137302721529,3.9176859176613132,3.9375285996673965,0.262036324855285,0.2633573458404196,0.7326732673267327,0.7311151079136691,0.7096774193548387,0.7071428571428572,0.7122302158273381,0.0,-0.12116437028834023,0.06782572578162362,0.2727772004688953
va_long_beach,hungary,elastic_net_logistic,site_class_balanced,1,"{""alpha"": 0.0001, ""l1_ratio"": 0.5}",294.0,0.36054421768707484,0.7938077077478924,0.603094030457805,3.946735405222101,3.41998830565732,0.27850370442749545,0.2424313401624545,0.7210884353741497,0.7572260136491369,0.6962962962962963,0.573170731707317,0.8867924528301887,0.0,-1.0889794963015005,0.09246081056613654,0.5027976473729603
va_long_beach,switzerland,elastic_net_logistic,site_class_balanced,1,"{""alpha"": 0.0001, ""l1_ratio"": 0.5}",123.0,0.9349593495934959,0.7445652173913043,0.9762485189886296,2.7077945962330205,1.6017414334126394,0.4412645782117738,0.2869616391339405,0.4796747967479675,0.6635869565217392,0.6190476190476191,0.9811320754716981,0.45217391304347826,0.5391304347826087,3.208330240413563,0.15212873959504586,0.49134053713670617
va_long_beach,cleveland,elastic_net_logistic,site_class_balanced,2,"{""alpha"": 0.0001, ""l1_ratio"": 0.9}",303.0,0.45874587458745875,0.7249517459203368,0.6380851093995557,4.380066779129884,4.51437622952968,0.294380010272929,0.3036913368443936,0.7029702970297029,0.6938059308650641,0.6428571428571429,0.7168141592920354,0.5827338129496403,0.60431654676259,0.07638079020682571,0.05939203135955463,0.2728534004161162
va_long_beach,hungary,elastic_net_logistic,site_class_balanced,2,"{""alpha"": 0.0001, ""l1_ratio"": 0.9}",294.0,0.36054421768707484,0.8025642312324368,0.6124646471993996,3.4786404877948915,3.1415346448742554,0.22369102894974174,0.20165719505891913,0.7721088435374149,0.7950622240064231,0.7351778656126482,0.6326530612244898,0.8773584905660378,0.0,-0.8911993881968616,0.09217180062713996,0.46570788797695695
va_long_beach,switzerland,elastic_net_logistic,site_class_balanced,2,"{""alpha"": 0.0001, ""l1_ratio"": 0.9}",123.0,0.9349593495934959,0.7836956521739131,0.9809938015635185,1.0524869666234813,1.099449317098297,0.2206116701532868,0.2772526478090917,0.7560975609756098,0.6369565217391304,0.8557692307692307,0.956989247311828,0.7739130434782608,0.5739130434782609,2.609242040820176,0.1961933385273728,0.16277449941649577
va_long_beach,cleveland,elastic_net_logistic,site_class_balanced,3,"{""alpha"": 0.001, ""l1_ratio"": 0.1}",303.0,0.45874587458745875,0.735655378136515,0.697411901525038,1.8200977451549154,1.7642926248541733,0.30010632371935525,0.2922993492048438,0.6732673267326733,0.6811721354623619,0.6857142857142857,0.6136363636363636,0.7769784172661871,0.5899280575539568,-0.501416074584422,0.1275312106056759,0.27542609088548387
va_long_beach,hungary,elastic_net_logistic,site_class_balanced,3,"{""alpha"": 0.001, ""l1_ratio"": 0.1}",294.0,0.36054421768707484,0.7665596146126054,0.5828224094799629,1.5595468351989024,1.305712867694449,0.3059787714651632,0.2603779719675722,0.6292517006802721,0.6833600963468487,0.6305084745762712,0.49206349206349204,0.8773584905660378,0.6415094339622641,-1.2192098103786735,0.22623136500823376,0.36282411304739115
va_long_beach,switzerland,elastic_net_logistic,site_class_balanced,3,"{""alpha"": 0.001, ""l1_ratio"": 0.1}",123.0,0.9349593495934959,0.6978260869565217,0.9664060844022414,0.45282439401383034,0.8158037692861423,0.1404343009273788,0.25777486274590106,0.8211382113821138,0.6717391304347826,0.8981481481481481,0.9603960396039604,0.8434782608695652,0.391304347826087,2.274144812955588,0.4062380200794811,0.10260295294412997
va_long_beach,cleveland,elastic_net_logistic,site_class_balanced,4,"{""alpha"": 0.001, ""l1_ratio"": 0.5}",303.0,0.45874587458745875,0.8046806457273206,0.7762965057346294,1.644474635504783,1.6473482269421837,0.238498828466919,0.23962402046171977,0.7293729372937293,0.7286146692402176,0.7092198581560284,0.6993006993006993,0.7194244604316546,0.6906474820143885,-0.20211140569208083,0.13592407871273518,0.16241049049460113
va_long_beach,hungary,elastic_net_logistic,site_class_balanced,4,"{""alpha"": 0.001, ""l1_ratio"": 0.5}",294.0,0.36054421768707484,0.7914743075070253,0.6448496558744258,1.887209430454308,1.7960998039730591,0.22438996882231946,0.21266160925703284,0.7517006802721088,0.76470293054998,0.7020408163265306,0.6187050359712231,0.8113207547169812,0.6886792452830188,-0.7527694329983307,0.1327305694969439,0.25344168864571504
va_long_beach,switzerland,elastic_net_logistic,site_class_balanced,4,"{""alpha"": 0.001, ""l1_ratio"": 0.5}",123.0,0.9349593495934959,0.46521739130434786,0.9404666851331787,0.4741720165199667,1.4977776377904448,0.14416798305221365,0.44598022814611743,0.8211382113821138,0.4391304347826087,0.9017857142857143,0.926605504587156,0.8782608695652174,0.23478260869565218,2.852023731823243,-0.07796075349199173,0.09695801571429843
va_long_beach,cleveland,elastic_net_logistic,site_class_balanced,5,"{""alpha"": 0.001, ""l1_ratio"": 0.9}",303.0,0.45874587458745875,0.5099140200035094,0.48966847346002107,3.95519964560491,3.9173815094604154,0.48364496562535986,0.477277989968308,0.48184818481848185,0.487892612739077,0.4984025559105431,0.4482758620689655,0.5611510791366906,0.28776978417266186,-0.16665578128403166,0.0007961511056543502,0.5118118003429628
va_long_beach,hungary,elastic_net_logistic,site_class_balanced,5,"{""alpha"": 0.001, ""l1_ratio"": 0.9}",294.0,0.36054421768707484,0.5851816539542352,0.42962048858359086,3.98672329939316,3.3787702408135294,0.48902468876422367,0.4194831910720139,0.46598639455782315,0.5392412685668406,0.5198776758409785,0.38461538461538464,0.8018867924528302,0.32075471698113206,-0.7568083560486067,0.03525468308928002,0.5665716697163063
va_long_beach,switzerland,elastic_net_logistic,site_class_balanced,5,"{""alpha"": 0.001, ""l1_ratio"": 0.9}",123.0,0.9349593495934959,0.6217391304347826,0.9629447459195511,0.4692174002097902,1.0365371302612305,0.15152427946359026,0.34744882584808,0.8048780487804879,0.5467391304347826,0.8899082568807339,0.941747572815534,0.8434782608695652,0.3826086956521739,2.39539846291188,0.16309108005763098,0.09336075258904113
va_long_beach,cleveland,elastic_net_logistic,site_class_balanced,6,"{""alpha"": 0.01, ""l1_ratio"": 0.1}",303.0,0.45874587458745875,0.7684681523074223,0.7229417522243713,0.5912658054991451,0.6032202558379733,0.19949180229486366,0.20396820739697905,0.7029702970297029,0.6954509563081243,0.6511627906976745,0.7058823529411765,0.60431654676259,0.5683453237410072,0.12508470559036836,0.7426658919225816,0.20627553385429154
va_long_beach,hungary,elastic_net_logistic,site_class_balanced,6,"{""alpha"": 0.01, ""l1_ratio"": 0.1}",294.0,0.36054421768707484,0.7994279405861101,0.6625951698503119,0.5974606272168319,0.7539420877686577,0.1908953605986968,0.24428116488665605,0.7006802721088435,0.6054797270172622,0.3888888888888889,0.7368421052631579,0.2641509433962264,0.7169811320754716,0.6078390162688433,0.7457420712087538,0.17300647422711457
va_long_beach,switzerland,elastic_net_logistic,site_class_balanced,6,"{""alpha"": 0.01, ""l1_ratio"": 0.1}",123.0,0.9349593495934959,0.6945652173913044,0.9487366978265331,0.33165453569256675,0.9024562296424954,0.09081341605277846,0.30306894767631787,0.8861788617886179,0.47391304347826085,0.9396551724137931,0.9316239316239316,0.9478260869565217,0.6086956521739131,2.0702841654534083,0.43088541274959863,0.05783229682077848
va_long_beach,cleveland,elastic_net_logistic,site_class_balanced,7,"{""alpha"": 0.01, ""l1_ratio"": 0.5}",303.0,0.45874587458745875,0.619012107387261,0.5512929593950258,1.1667224337662956,1.1225014117774572,0.32426377554308805,0.3131230961966397,0.5775577557755776,0.5916608176873136,0.6235294117647059,0.527363184079602,0.762589928057554,0.31654676258992803,-0.34326465808784973,0.15204020250605133,0.40279488973159705
va_long_beach,hungary,elastic_net_logistic,site_class_balanced,7,"{""alpha"": 0.01, ""l1_ratio"": 0.5}",294.0,0.36054421768707484,0.7031814532316338,0.5533289996429024,0.7427761096280379,0.8270916261227417,0.2242938228742722,0.24535772108222786,0.6802721088435374,0.6574167001204336,0.5648148148148148,0.5545454545454546,0.5754716981132075,0.49056603773584906,-0.3348941599504762,0.3203914549186433,0.2504919645920716
va_long_beach,switzerland,elastic_net_logistic,site_class_balanced,7,"{""alpha"": 0.01, ""l1_ratio"": 0.5}",123.0,0.9349593495934959,0.3228260869565217,0.8914653521989698,1.1561230263895634,1.579460135999955,0.3758863537442684,0.46446763413894165,0.4878048780487805,0.3190217391304348,0.6519337016574586,0.8939393939393939,0.5130434782608696,0.034782608695652174,2.9199655739259596,-0.3550354693542589,0.52412162797754
va_long_beach,cleveland,elastic_net_logistic,site_class_balanced,8,"{""alpha"": 0.01, ""l1_ratio"": 0.9}",303.0,0.45874587458745875,0.2532461835409721,0.33750745770565105,2.64582533652945,2.484140494936206,0.5660906583216465,0.5352867049482893,0.3696369636963696,0.40013598876995965,0.528395061728395,0.40225563909774437,0.7697841726618705,0.09352517985611511,1.1333350063190673,-0.3936410922866465,0.7138744431887067
va_long_beach,hungary,elastic_net_logistic,site_class_balanced,8,"{""alpha"": 0.01, ""l1_ratio"": 0.9}",294.0,0.36054421768707484,0.22014251304696908,0.24108994531484734,2.1928204950500376,2.2175347529995406,0.5795483273655723,0.5702352883435353,0.2687074829931973,0.2862304295463669,0.2560553633217993,0.20218579234972678,0.3490566037735849,0.04716981132075472,-0.4967339394942678,-0.4154362878131255,0.8303323784264682
va_long_beach,switzerland,elastic_net_logistic,site_class_balanced,8,"{""alpha"": 0.01, ""l1_ratio"": 0.9}",123.0,0.9349593495934959,0.30434782608695654,0.8899041965839035,1.5955437012068263,1.6131214579113993,0.4822547325426169,0.48164682522793195,0.35772357723577236,0.3076086956521739,0.5153374233128835,0.875,0.3652173913043478,0.06956521739130435,2.6593000626241152,-0.3442745086598997,0.7407011804289291
va_long_beach,cleveland,random_forest,site_class_balanced,0,"{""max_depth"": 3, ""min_samples_leaf"": 5, ""n_estimators"": 500}",303.0,0.45874587458745875,0.8188717318827864,0.8120214082547597,0.5751650067063658,0.5630518992593305,0.19562907269986649,0.19033213181347466,0.7293729372937293,0.7379364800842253,0.740506329113924,0.6610169491525424,0.841726618705036,0.7266187050359713,-0.8423055634733645,1.8267455821793748,0.18488612569640567
va_long_beach,hungary,random_forest,site_class_balanced,0,"{""max_depth"": 3, ""min_samples_leaf"": 5, ""n_estimators"": 500}",294.0,0.36054421768707484,0.8700321156162183,0.7791972846544339,0.5326590992852577,0.521137736906647,0.17322161163579392,0.16812680236625102,0.8027210884353742,0.812826174227218,0.7563025210084033,0.6818181818181818,0.8490566037735849,0.8113207547169812,-0.8261000791667695,2.5203023673995943,0.12924534303334695
va_long_beach,switzerland,random_forest,site_class_balanced,0,"{""max_depth"": 3, ""min_samples_leaf"": 5, ""n_estimators"": 500}",123.0,0.9349593495934959,0.8054347826086956,0.9777617383498458,0.5549262427206151,0.556734846805648,0.18796381945670781,0.18672050389693523,0.7235772357723578,0.7940217391304347,0.8282828282828283,0.9879518072289156,0.7130434782608696,0.7217391304347827,2.7620664651699056,1.8961303291370761,0.1521095875106081
va_long_beach,cleveland,random_forest,site_class_balanced,1,"{""max_depth"": 3, ""min_samples_leaf"": 20, ""n_estimators"": 500}",303.0,0.45874587458745875,0.8429110370240392,0.8358717762990946,0.5450179799367335,0.5384549210531612,0.18104780147854213,0.17826513601046307,0.735973597359736,0.7407439901737147,0.7350993377483444,0.6809815950920245,0.7985611510791367,0.7050359712230215,-0.5539830745585913,1.9826417373563656,0.13544112157860252
va_long_beach,hungary,random_forest,site_class_balanced,1,"{""max_depth"": 3, ""min_samples_leaf"": 20, ""n_estimators"": 500}",294.0,0.36054421768707484,0.8782115616218386,0.7943199288185081,0.5276640210908947,0.5241805399960406,0.17060808885836248,0.16914213147584523,0.8027210884353742,0.8087113608992373,0.7521367521367521,0.6875,0.8301886792452831,0.8207547169811321,-0.6456840942672232,2.7484453511592237,0.11560206430497685
va_long_beach,switzerland,random_forest,site_class_balanced,1,"{""max_depth"": 3, ""min_samples_leaf"": 20, ""n_estimators"": 500}",123.0,0.9349593495934959,0.7945652173913044,0.9771224394652043,0.55186460908945,0.5608183777431119,0.18673987356553948,0.18851628912726157,0.6910569105691057,0.7766304347826087,0.8041237113402062,0.9873417721518988,0.6782608695652174,0.6956521739130435,2.724777578523843,1.9001208269221428,0.150511745113133
va_long_beach,cleveland,random_forest,site_class_balanced,2,"{""max_depth"": null, ""min_samples_leaf"": 5, ""n_estimators"": 500}",303.0,0.45874587458745875,0.8308913844534128,0.8284162856104894,0.5774812614205603,0.5610059795661598,0.19812515161377073,0.1910234688891802,0.6996699669966997,0.7126908229513951,0.7267267267267268,0.6237113402061856,0.8705035971223022,0.7194244604316546,-1.0630733699472203,1.6998213720290984,0.1876244777785014
va_long_beach,hungary,random_forest,site_class_balanced,2,"{""max_depth"": null, ""min_samples_leaf"": 5, ""n_estimators"": 500}",294.0,0.36054421768707484,0.8682757928542754,0.776517478086396,0.5523244773547907,0.5123412790474511,0.18309126482181123,0.16608222962962113,0.7959183673469388,0.8136792452830188,0.7560975609756098,0.6642857142857143,0.8773584905660378,0.8018867924528302,-1.2999222517196982,1.9111141243147907,0.18980108390724976
va_long_beach,switzerland,random_forest,site_class_balanced,2,"{""max_depth"": null, ""min_samples_leaf"": 5, ""n_estimators"": 500}",123.0,0.9349593495934959,0.7934782608695652,0.9768677102892265,0.5291795072333288,0.5405589125789728,0.1783865535283909,0.18173274737694176,0.7235772357723578,0.7358695652173913,0.83,0.9764705882352941,0.7217391304347827,0.591304347826087,2.7315154966986768,1.4702812551990283,0.14410734960150592
va_long_beach,cleveland,random_forest,site_class_balanced,3,"{""max_depth"": null, ""min_samples_leaf"": 20, ""n_estimators"": 500}",303.0,0.45874587458745875,0.8435251798561151,0.8319244915550817,0.5365059345347195,0.5299444263204828,0.17751513024605137,0.17478532969949118,0.7425742574257426,0.7468415511493245,0.74,0.6894409937888198,0.7985611510791367,0.7266187050359713,-0.5427024121367158,1.8535835170975443,0.13512109073320272
va_long_beach,hungary,random_forest,site_class_balanced,3,"{""max_depth"": null, ""min_samples_leaf"": 20, ""n_estimators"": 500}",294.0,0.36054421768707484,0.8753010839020474,0.7954956703628983,0.5257976739793645,0.520413118562594,0.16994977817579623,0.16761848083463993,0.8095238095238095,0.8160879164993978,0.7606837606837606,0.6953125,0.839622641509434,0.8018867924528302,-0.6927124476519456,2.6377214288954174,0.11694445838194525
va_long_beach,switzerland,random_forest,site_class_balanced,3,"{""max_depth"": null, ""min_samples_leaf"": 20, ""n_estimators"": 500}",123.0,0.9349593495934959,0.7902173913043478,0.9767632353753742,0.5235097784245258,0.5559663527616393,0.17447589855397777,0.18672874992213395,0.7398373983739838,0.7445652173913043,0.8415841584158416,0.9770114942528736,0.7391304347826086,0.6521739130434783,2.6054708873559096,1.6732008948344101,0.12872895232612777
va_long_beach,cleveland,hist_gradient_boosting,site_class_balanced,0,"{""l2_regularization"": 1.0, ""max_leaf_nodes"": 7, ""min_samples_leaf"": 20}",303.0,0.45874587458745875,0.8051851201965257,0.7690338251638771,0.7014437417724992,0.6665730489071763,0.22788424104945593,0.21594739613605107,0.6831683168316832,0.700736971398491,0.7257142857142858,0.6018957345971564,0.9136690647482014,0.5971223021582733,-1.0040539107622852,0.6774141079777821,0.2207344203063462
va_long_beach,hungary,hist_gradient_boosting,site_class_balanced,0,"{""l2_regularization"": 1.0, ""max_leaf_nodes"": 7, ""min_samples_leaf"": 20}",294.0,0.36054421768707484,0.8341529506222402,0.7074491377951151,0.9625159407610722,0.7827294623033244,0.2884567025412636,0.23445239166669027,0.6020408163265306,0.6764853472501003,0.6309148264984227,0.47393364928909953,0.9433962264150944,0.7452830188679245,-1.8690986650403318,0.6274113210892057,0.30945569678665297
va_long_beach,switzerland,hist_gradient_boosting,site_class_balanced,0,"{""l2_regularization"": 1.0, ""max_leaf_nodes"": 7, ""min_samples_leaf"": 20}",123.0,0.9349593495934959,0.7478260869565218,0.9729956812595034,0.7129905309011071,0.6599031979692014,0.24236751805497259,0.2308225406024673,0.6829268292682927,0.7141304347826087,0.8,0.975,0.6782608695652174,0.3739130434782609,2.891702222302261,0.619916138116222,0.2559038769255239
va_long_beach,cleveland,hist_gradient_boosting,site_class_balanced,1,"{""l2_regularization"": 1.0, ""max_leaf_nodes"": 15, ""min_samples_leaf"": 20}",303.0,0.45874587458745875,0.805404456922267,0.7956889244880616,0.6640491811413046,0.6375872158256972,0.21826096055230526,0.20947001832261009,0.693069306930693,0.7054965783470785,0.7190332326283988,0.6197916666666666,0.8561151079136691,0.6330935251798561,-0.7915713233173015,0.6099333162909301,0.18972587449625822
va_long_beach,hungary,hist_gradient_boosting,site_class_balanced,1,"{""l2_regularization"": 1.0, ""max_leaf_nodes"": 15, ""min_samples_leaf"": 20}",294.0,0.36054421768707484,0.8252207948615015,0.6957217303409854,0.9564138988802043,0.7848007826070289,0.2781604365395753,0.2292507555622429,0.6292517006802721,0.6915897230028101,0.6402640264026402,0.49238578680203043,0.9150943396226415,0.6792452830188679,-1.667626029846858,0.5565228897658467,0.2998923685853906
va_long_beach,switzerland,hist_gradient_boosting,site_class_balanced,1,"{""l2_regularization"": 1.0, ""max_leaf_nodes"": 15, ""min_samples_leaf"": 20}",123.0,0.9349593495934959,0.7760869565217391,0.9790154887205245,0.8526529087189894,0.6555202116819977,0.2717747869682801,0.2175764324167675,0.6504065040650406,0.6967391304347825,0.774869109947644,0.9736842105263158,0.6434782608695652,0.4434782608695652,3.0548624870891823,0.5307880851405649,0.27255419306922185
va_long_beach,cleveland,hist_gradient_boosting,site_class_balanced,2,"{""l2_regularization"": 10.0, ""max_leaf_nodes"": 7, ""min_samples_leaf"": 20}",303.0,0.45874587458745875,0.8267459203369012,0.8082139758855331,0.5557173581600409,0.5397134941284596,0.1859753478528628,0.1800829585974263,0.7293729372937293,0.7373881382698719,0.7388535031847133,0.6628571428571428,0.8345323741007195,0.6618705035971223,-0.7162469045518389,0.9526153396396801,0.1656516874223133
va_long_beach,hungary,hist_gradient_boosting,site_class_balanced,2,"{""l2_regularization"": 10.0, ""max_leaf_nodes"": 7, ""min_samples_leaf"": 20}",294.0,0.36054421768707484,0.8238659173022882,0.6798923024361936,0.8658199178318565,0.713108548510313,0.2792756694392413,0.22821615692346425,0.5918367346938775,0.6643918105178643,0.620253164556962,0.4666666666666667,0.9245283018867925,0.7169811320754716,-1.8191777193178957,0.7712009812541875,0.3360719109604825
va_long_beach,switzerland,hist_gradient_boosting,site_class_balanced,2,"{""l2_regularization"": 10.0, ""max_leaf_nodes"": 7, ""min_samples_leaf"": 20}",123.0,0.9349593495934959,0.7597826086956523,0.974513216185986,0.6690018618194307,0.6087225753361901,0.23152854958238894,0.21498184125921063,0.6341463414634146,0.6880434782608695,0.7619047619047619,0.972972972972973,0.6260869565217392,0.3652173913043478,2.9752631674342642,0.7869622131828622,0.24085136454367906
va_long_beach,cleveland,hist_gradient_boosting,site_class_balanced,3,"{""l2_regularization"": 10.0, ""max_leaf_nodes"": 15, ""min_samples_leaf"": 20}",303.0,0.45874587458745875,0.8138489208633093,0.7862120485387318,0.5525082877124834,0.540642192826418,0.18540291155968947,0.18107058306216003,0.7491749174917491,0.7534874539392875,0.7466666666666667,0.6956521739130435,0.8057553956834532,0.6402877697841727,-0.5687235233763451,1.0052428595024197,0.17032012702111457
va_long_beach,hungary,hist_gradient_boosting,site_class_balanced,3,"{""l2_regularization"": 10.0, ""max_leaf_nodes"": 15, ""min_samples_leaf"": 20}",294.0,0.36054421768707484,0.8208550782818146,0.6765904167306782,0.9246573236375953,0.7543986043109445,0.29869273907106414,0.24140943990245706,0.5476190476190477,0.635989562424729,0.6029850746268657,0.4410480349344978,0.9528301886792453,0.7169811320754716,-1.9327707629220876,0.7756585535780818,0.35457046862062097
va_long_beach,switzerland,hist_gradient_boosting,site_class_balanced,3,"{""l2_regularization"": 10.0, ""max_leaf_nodes"": 15, ""min_samples_leaf"": 20}",123.0,0.9349593495934959,0.7771739130434783,0.9776170355041178,0.7240446868970598,0.6059078386007296,0.24841088557780025,0.21320088749923716,0.6178861788617886,0.6793478260869565,0.7486631016042781,0.9722222222222222,0.6086956521739131,0.3739130434782609,3.095146889436974,0.7404852366272239,0.2588398340652469
va_long_beach,cleveland,xgboost,site_class_balanced,0,"{""learning_rate"": 0.03, ""max_depth"": 2, ""n_estimators"": 300}",303.0,0.45874587458745875,0.8645376381821371,0.8408301854930321,0.6049235493802712,0.573660917683765,0.2025592346289344,0.190972066122289,0.6897689768976898,0.7095762414458677,0.7374301675977654,0.6027397260273972,0.9496402877697842,0.7913669064748201,-1.4774578312940851,1.1150056085827293,0.185386228581391
va_long_beach,hungary,xgboost,site_class_balanced,0,"{""learning_rate"": 0.03, ""max_depth"": 2, ""n_estimators"": 300}",294.0,0.36054421768707484,0.8454937775993577,0.7513740231178677,0.5313860412228844,0.4960296487889976,0.17016545904679872,0.15903904476409936,0.7857142857142857,0.7974708952228021,0.7385892116182573,0.6592592592592592,0.839622641509434,0.7641509433962265,-0.975082051671878,0.929583021530821,0.178810604274063
va_long_beach,switzerland,xgboost,site_class_balanced,0,"{""learning_rate"": 0.03, ""max_depth"": 2, ""n_estimators"": 300}",123.0,0.9349593495934959,0.75,0.9715429087994852,0.5944468513309409,0.6009260301536393,0.20447207668713432,0.20874506719536728,0.6829268292682927,0.6559782608695652,0.8020304568527918,0.9634146341463414,0.6869565217391305,0.4,2.7892840596118296,0.8550293166888486,0.1928010077365896
va_long_beach,cleveland,xgboost,site_class_balanced,1,"{""learning_rate"": 0.03, ""max_depth"": 3, ""n_estimators"": 300}",303.0,0.45874587458745875,0.8562467099491139,0.8253851817122593,0.6241473282594387,0.5913479238886399,0.20974645479263487,0.19743037247478235,0.6831683168316832,0.7029303386559046,0.7318435754189944,0.5981735159817352,0.9424460431654677,0.7338129496402878,-1.5065073647177516,1.1387992370847175,0.2006457876746096
va_long_beach,hungary,xgboost,site_class_balanced,1,"{""learning_rate"": 0.03, ""max_depth"": 3, ""n_estimators"": 300}",294.0,0.36054421768707484,0.8462966680048173,0.7424443275814184,0.5626392201460302,0.5130988954095481,0.17962771430673444,0.1643160636753539,0.7721088435374149,0.7868325973504617,0.726530612244898,0.6402877697841727,0.839622641509434,0.7547169811320755,-1.0873414932645882,0.8706852504245557,0.1919241737673235
va_long_beach,switzerland,xgboost,site_class_balanced,1,"{""learning_rate"": 0.03, ""max_depth"": 3, ""n_estimators"": 300}",123.0,0.9349593495934959,0.7663043478260869,0.9744167393870646,0.6074433604064593,0.5889201172138445,0.20850869483775028,0.20550108161218575,0.6829268292682927,0.7141304347826087,0.8,0.975,0.6782608695652174,0.391304347826087,2.85817754368923,0.8367529507255662,0.19607622312405112
va_long_beach,cleveland,xgboost,site_class_balanced,2,"{""learning_rate"": 0.1, ""max_depth"": 2, ""n_estimators"": 300}",303.0,0.45874587458745875,0.8432619757852253,0.8047851797250052,0.6657780630140255,0.6296825878509944,0.21527834519409014,0.20302885954618372,0.6996699669966997,0.7165292156518688,0.7377521613832853,0.6153846153846154,0.920863309352518,0.7410071942446043,-1.2956541274760107,0.81717160416908,0.20216438937863992
va_long_beach,hungary,xgboost,site_class_balanced,2,"{""learning_rate"": 0.1, ""max_depth"": 2, ""n_estimators"": 300}",294.0,0.36054421768707484,0.8294861501405059,0.7068995748658065,0.6524185205220397,0.5799585714120368,0.20198339173724966,0.18088756889509863,0.7312925170068028,0.7549177037334405,0.6926070038910506,0.5894039735099338,0.839622641509434,0.7452830188679245,-1.1551488648960067,0.6605825473473025,0.21845863126653015
va_long_beach,switzerland,xgboost,site_class_balanced,2,"{""learning_rate"": 0.1, ""max_depth"": 2, ""n_estimators"": 300}",123.0,0.9349593495934959,0.7489130434782609,0.9742216563302392,0.6974708684157215,0.6312659107753106,0.23817031090271099,0.2232620388434879,0.6422764227642277,0.692391304347826,0.7684210526315789,0.9733333333333334,0.6347826086956522,0.30434782608695654,2.970244721885768,0.6729065455608692,0.24168827992410485
va_long_beach,cleveland,xgboost,site_class_balanced,3,"{""learning_rate"": 0.1, ""max_depth"": 3, ""n_estimators"": 300}",303.0,0.45874587458745875,0.8263730479031409,0.7948711541666885,0.6439555818813446,0.6138474829862126,0.21353833352067553,0.20275620610984008,0.7095709570957096,0.7245788734865766,0.7411764705882353,0.6268656716417911,0.9064748201438849,0.697841726618705,-1.0838761110508692,0.8224871713708628,0.20548036651689275
va_long_beach,hungary,xgboost,site_class_balanced,3,"{""learning_rate"": 0.1, ""max_depth"": 3, ""n_estimators"": 300}",294.0,0.36054421768707484,0.8240666399036531,0.6800774095184863,0.6861463088664329,0.5996238385187356,0.21276819719383833,0.18714898611533265,0.7006802721088435,0.7330389401846649,0.6716417910447762,0.5555555555555556,0.8490566037735849,0.7264150943396226,-1.2235570518605006,0.6593653683474772,0.24254880292209505
va_long_beach,switzerland,xgboost,site_class_balanced,3,"{""learning_rate"": 0.1, ""max_depth"": 3, ""n_estimators"": 300}",123.0,0.9349593495934959,0.75,0.9752898548571894,0.7000292380862672,0.635693454426078,0.23852174314649363,0.22405265486711368,0.6260162601626016,0.683695652173913,0.7553191489361702,0.9726027397260274,0.6173913043478261,0.41739130434782606,2.9347793119606687,0.6288579077654242,0.23556115745288242
va_long_beach,cleveland,lightgbm,site_class_balanced,0,"{""min_child_samples"": 20, ""n_estimators"": 300, ""num_leaves"": 7}",303.0,0.45874587458745875,0.8341814353395332,0.8271123745999984,0.567025209736688,0.5468694979709329,0.19300095633921988,0.1850686403377842,0.7227722772277227,0.7362256536234426,0.7485029940119761,0.6410256410256411,0.8992805755395683,0.6906474820143885,-0.9807390000239948,1.126364299821994,0.17390595255513494
va_long_beach,hungary,lightgbm,site_class_balanced,0,"{""min_child_samples"": 20, ""n_estimators"": 300, ""num_leaves"": 7}",294.0,0.36054421768707484,0.836310718586913,0.7108882764313664,0.6124311925545834,0.5466367591279949,0.19528253325277722,0.17479147034240483,0.7346938775510204,0.7534624648735448,0.6904761904761905,0.5958904109589042,0.8207547169811321,0.7358490566037735,-1.1866898602577354,0.8054745733387487,0.22409847576005587
va_long_beach,switzerland,lightgbm,site_class_balanced,0,"{""min_child_samples"": 20, ""n_estimators"": 300, ""num_leaves"": 7}",123.0,0.9349593495934959,0.7630434782608696,0.9738401012475839,0.6278440329993709,0.59976136560225,0.21545878314449407,0.2088091010438867,0.6991869918699187,0.6646739130434782,0.8140703517587939,0.9642857142857143,0.7043478260869566,0.41739130434782606,2.8921222495864836,0.8197036493259311,0.2265820788673247
va_long_beach,cleveland,lightgbm,site_class_balanced,1,"{""min_child_samples"": 20, ""n_estimators"": 300, ""num_leaves"": 15}",303.0,0.45874587458745875,0.8331286190559747,0.818160124074037,0.5518953292587493,0.5357808249580178,0.18672816899267894,0.18023663450094582,0.7194719471947195,0.7320801895069311,0.743202416918429,0.640625,0.8848920863309353,0.7122302158273381,-0.8516944433526079,1.2263953349499919,0.16585801643407325
va_long_beach,hungary,lightgbm,site_class_balanced,1,"{""min_child_samples"": 20, ""n_estimators"": 300, ""num_leaves"": 15}",294.0,0.36054421768707484,0.8315435568044962,0.7166796238085229,0.6518371488517473,0.5717399336025304,0.20882135510709704,0.18303687421322112,0.7074829931972789,0.7424729024488157,0.6814814814814815,0.5609756097560976,0.8679245283018868,0.6981132075471698,-1.2787976791172015,0.7753810584360569,0.23228690340686542
va_long_beach,switzerland,lightgbm,site_class_balanced,1,"{""min_child_samples"": 20, ""n_estimators"": 300, ""num_leaves"": 15}",123.0,0.9349593495934959,0.7934782608695652,0.9796787860041748,0.6527778291672314,0.5721557183103011,0.22469750368456198,0.20023607368847893,0.6829268292682927,0.7141304347826087,0.8,0.975,0.6782608695652174,0.5304347826086957,3.0106194105957766,0.8252771222834691,0.22163042812382036
va_long_beach,cleveland,lightgbm,site_class_balanced,2,"{""min_child_samples"": 50, ""n_estimators"": 300, ""num_leaves"": 7}",303.0,0.45874587458745875,0.843503246183541,0.8135815768911949,0.6362784219576791,0.6042192425268587,0.21797921895299835,0.20548191515974037,0.66996699669967,0.6901868748903316,0.7222222222222222,0.5882352941176471,0.935251798561151,0.7338129496402878,-1.5168015581975793,1.2413536341111342,0.22058682858781725
va_long_beach,hungary,lightgbm,site_class_balanced,2,"{""min_child_samples"": 50, ""n_estimators"": 300, ""num_leaves"": 7}",294.0,0.36054421768707484,0.8389702930549979,0.728254527460151,0.5478316377589739,0.5110708075030264,0.17598173115841398,0.1648915695767336,0.7619047619047619,0.7685668406262545,0.7058823529411765,0.6363636363636364,0.7924528301886793,0.7358490566037735,-0.9317840242435608,0.845842943247492,0.18418013037485753
va_long_beach,switzerland,lightgbm,site_class_balanced,2,"{""min_child_samples"": 50, ""n_estimators"": 300, ""num_leaves"": 7}",123.0,0.9349593495934959,0.7478260869565218,0.9709929502854023,0.6228441508168198,0.6185682108579658,0.21285467346792236,0.21571524522417831,0.6991869918699187,0.7228260869565217,0.8121827411167513,0.975609756097561,0.6956521739130435,0.23478260869565218,2.8652436820697815,0.7758192740382572,0.2079514502603243
va_long_beach,cleveland,lightgbm,site_class_balanced,3,"{""min_child_samples"": 50, ""n_estimators"": 300, ""num_leaves"": 15}",303.0,0.45874587458745875,0.8432400421126514,0.8112095395382224,0.6409663256269158,0.6083971719656317,0.21974575621771783,0.20702598315454487,0.6666666666666666,0.6871380944025267,0.7202216066481995,0.5855855855855856,0.935251798561151,0.6906474820143885,-1.5415830267215096,1.2515824343007946,0.22379178662306834
va_long_beach,hungary,lightgbm,site_class_balanced,3,"{""min_child_samples"": 50, ""n_estimators"": 300, ""num_leaves"": 15}",294.0,0.36054421768707484,0.8401746286631875,0.726778563318508,0.5452995951578757,0.5100509417459475,0.17450967470622347,0.16419709491977025,0.7619047619047619,0.7685668406262545,0.7058823529411765,0.6363636363636364,0.7924528301886793,0.7641509433962265,-0.9196870710721214,0.8345149723555075,0.1829137246721934
va_long_beach,switzerland,lightgbm,site_class_balanced,3,"{""min_child_samples"": 50, ""n_estimators"": 300, ""num_leaves"": 15}",123.0,0.9349593495934959,0.7402173913043479,0.9699477764548262,0.6304920656049481,0.6264592607967401,0.21635906953646783,0.2185549070545792,0.6991869918699187,0.7228260869565217,0.8121827411167513,0.975609756097561,0.6956521739130435,0.22608695652173913,2.8536286760268057,0.7647490704276049,0.21600009133237655
va_long_beach,cleveland,catboost,site_class_balanced,0,"{""depth"": 4, ""iterations"": 300, ""l2_leaf_reg"": 3.0}",303.0,0.45874587458745875,0.8572995262326724,0.8515948813311686,0.5682816632162128,0.5446860183404819,0.19201826072516076,0.18329732804414223,0.7293729372937293,0.7423232145990524,0.7530120481927711,0.6476683937823834,0.8992805755395683,0.7553956834532374,-1.0763771941968894,0.9278885543557734,0.15225044303529378
va_long_beach,hungary,catboost,site_class_balanced,0,"{""depth"": 4, ""iterations"": 300, ""l2_leaf_reg"": 3.0}",294.0,0.36054421768707484,0.8533721397029306,0.7501101186346503,0.6144854432881958,0.5352410200685258,0.19668514579054183,0.17022975278291916,0.7414965986394558,0.7711260537936572,0.7099236641221374,0.5961538461538461,0.8773584905660378,0.7830188679245284,-1.4401181912793761,0.9272041613423514,0.21711392131563395
va_long_beach,switzerland,catboost,site_class_balanced,0,"{""depth"": 4, ""iterations"": 300, ""l2_leaf_reg"": 3.0}",123.0,0.9349593495934959,0.7641304347826088,0.9741059515944459,0.6240900599337457,0.5854838262036832,0.2174339803989279,0.20536301544128385,0.6991869918699187,0.7228260869565217,0.8121827411167513,0.975609756097561,0.6956521739130435,0.3565217391304348,2.918944750320927,0.9115099175433664,0.21582022537877993
va_long_beach,cleveland,catboost,site_class_balanced,1,"{""depth"": 4, ""iterations"": 300, ""l2_leaf_reg"": 10.0}",303.0,0.45874587458745875,0.8518599754342868,0.8474338314304682,0.5512281742765709,0.5312187003223499,0.1864646733370597,0.17881051471398238,0.7293729372937293,0.7417748727846991,0.7515151515151515,0.6492146596858639,0.8920863309352518,0.7266187050359713,-0.9974317779226172,1.0335817269872258,0.15370391992428264
va_long_beach,hungary,catboost,site_class_balanced,1,"{""depth"": 4, ""iterations"": 300, ""l2_leaf_reg"": 10.0}",294.0,0.36054421768707484,0.8607486953030912,0.7594794548939479,0.5269272356092094,0.4841636972054059,0.1688662041069282,0.15407136089293,0.782312925170068,0.7968687274187074,0.7377049180327869,0.6521739130434783,0.8490566037735849,0.7924528301886793,-1.089012234970429,1.0173902654687161,0.17626805681454394
va_long_beach,switzerland,catboost,site_class_balanced,1,"{""depth"": 4, ""iterations"": 300, ""l2_leaf_reg"": 10.0}",123.0,0.9349593495934959,0.7608695652173914,0.9749370382534019,0.5617596788111028,0.5761974144872721,0.19248396817992267,0.19930124796305657,0.7154471544715447,0.7315217391304347,0.8241206030150754,0.9761904761904762,0.7130434782608696,0.3826086956521739,2.714874633808016,0.9262226373785417,0.173430465748094
va_long_beach,cleveland,catboost,site_class_balanced,2,"{""depth"": 6, ""iterations"": 300, ""l2_leaf_reg"": 3.0}",303.0,0.45874587458745875,0.8663361993332163,0.8584528460962497,0.5233271303725099,0.5058259472861959,0.17467898023860964,0.16790579602644304,0.7491749174917491,0.7606158975258817,0.7668711656441718,0.6684491978609626,0.8992805755395683,0.7841726618705036,-0.9440369976681892,1.0106277033524618,0.13533654701125905
va_long_beach,hungary,catboost,site_class_balanced,2,"{""depth"": 6, ""iterations"": 300, ""l2_leaf_reg"": 3.0}",294.0,0.36054421768707484,0.8649136892814131,0.7582196861473125,0.6561413910561434,0.5563598499948239,0.20854021169132145,0.1756104141057645,0.7482993197278912,0.7867322360497793,0.725925925925926,0.5975609756097561,0.9245283018867925,0.7735849056603774,-1.700427741084254,0.9260247844783172,0.23218898391963946
va_long_beach,switzerland,catboost,site_class_balanced,2,"{""depth"": 6, ""iterations"": 300, ""l2_leaf_reg"": 3.0}",123.0,0.9349593495934959,0.7510869565217391,0.9722027921686847,0.659106424697669,0.6191700606430635,0.23264092975753753,0.2186644399313213,0.6585365853658537,0.7010869565217391,0.78125,0.974025974025974,0.6521739130434783,0.26956521739130435,2.925809841597539,0.8228404904869292,0.2343212172039352
va_long_beach,cleveland,catboost,site_class_balanced,3,"{""depth"": 6, ""iterations"": 300, ""l2_leaf_reg"": 10.0}",303.0,0.45874587458745875,0.8604579750833479,0.8561211751736726,0.546318124233112,0.525961960389901,0.18612395044106905,0.17797607254576095,0.735973597359736,0.7489691173890156,0.7590361445783133,0.6528497409326425,0.9064748201438849,0.7410071942446043,-1.141138188952176,1.2205139804813279,0.15090920575047348
va_long_beach,hungary,catboost,site_class_balanced,3,"{""depth"": 6, ""iterations"": 300, ""l2_leaf_reg"": 10.0}",294.0,0.36054421768707484,0.8693295865114412,0.7818010168589842,0.5088909707324302,0.469678555293175,0.16398522192047635,0.14986463265461697,0.7891156462585034,0.8063026896828582,0.7479674796747967,0.6571428571428571,0.8679245283018868,0.8301886792452831,-1.1109287670576318,1.1878120190070793,0.15850508811001
va_long_beach,switzerland,catboost,site_class_balanced,3,"{""depth"": 6, ""iterations"": 300, ""l2_leaf_reg"": 10.0}",123.0,0.9349593495934959,0.7706521739130435,0.9762555640804098,0.5746198292704562,0.5667304879655181,0.19795288316480428,0.19683706440248883,0.7154471544715447,0.7315217391304347,0.8241206030150754,0.9761904761904762,0.7130434782608696,0.3217391304347826,2.7734472863975603,0.9418780884565936,0.18175381623708542
