revision,mechanism,batch_size,nominal_latent_prevalence,acceptance_rate,realized_latent_prevalence,episodes
v1_learned_mean,conditional_scale,32,0.05,0.9,0.0625,10
v1_learned_mean,conditional_scale,32,0.1,1.0,0.13125,10
v1_learned_mean,conditional_scale,32,0.15,0.95,0.146875,20
v1_learned_mean,conditional_scale,32,0.2,1.0,0.21875,10
v1_learned_mean,conditional_scale,32,0.25,1.0,0.253125,10
v1_learned_mean,conditional_scale,32,0.3,1.0,0.328125,10
v1_learned_mean,conditional_scale,32,0.35,1.0,0.334375,10
v1_learned_mean,conditional_scale,32,0.4,1.0,0.38125,10
v1_learned_mean,conditional_scale,32,0.45,1.0,0.45625,10
v1_learned_mean,conditional_scale,32,0.5,1.0,0.46875,10
v1_learned_mean,conditional_scale,32,0.55,0.9,0.528125,10
v1_learned_mean,conditional_scale,32,0.6,1.0,0.615625,10
v1_learned_mean,conditional_scale,32,0.65,1.0,0.675,10
v1_learned_mean,conditional_scale,32,0.7,1.0,0.7125,10
v1_learned_mean,conditional_scale,32,0.75,1.0,0.7375,10
v1_learned_mean,conditional_scale,32,0.8,1.0,0.790625,10
v1_learned_mean,conditional_scale,32,0.85,0.9,0.834375,10
v1_learned_mean,conditional_scale,32,0.9,0.8,0.90625,10
v1_learned_mean,conditional_scale,32,0.95,0.9,0.946875,10
v1_learned_mean,conditional_scale,64,0.05,0.8,0.046875,10
v1_learned_mean,conditional_scale,64,0.1,1.0,0.0796875,10
v1_learned_mean,conditional_scale,64,0.15,1.0,0.15078125,20
v1_learned_mean,conditional_scale,64,0.2,1.0,0.2140625,10
v1_learned_mean,conditional_scale,64,0.25,1.0,0.2359375,10
v1_learned_mean,conditional_scale,64,0.3,1.0,0.265625,10
v1_learned_mean,conditional_scale,64,0.35,1.0,0.3359375,10
v1_learned_mean,conditional_scale,64,0.4,1.0,0.3921875,10
v1_learned_mean,conditional_scale,64,0.45,1.0,0.45625,10
v1_learned_mean,conditional_scale,64,0.5,1.0,0.4984375,10
v1_learned_mean,conditional_scale,64,0.55,1.0,0.546875,10
v1_learned_mean,conditional_scale,64,0.6,1.0,0.5859375,10
v1_learned_mean,conditional_scale,64,0.65,1.0,0.646875,10
v1_learned_mean,conditional_scale,64,0.7,1.0,0.7171875,10
v1_learned_mean,conditional_scale,64,0.75,1.0,0.753125,10
v1_learned_mean,conditional_scale,64,0.8,1.0,0.79375,10
v1_learned_mean,conditional_scale,64,0.85,1.0,0.85625,10
v1_learned_mean,conditional_scale,64,0.9,1.0,0.8921875,10
v1_learned_mean,conditional_scale,64,0.95,0.9,0.9375,10
v1_learned_mean,conditional_scale,128,0.05,0.9,0.04375,10
v1_learned_mean,conditional_scale,128,0.1,0.9,0.10390625,10
v1_learned_mean,conditional_scale,128,0.15,0.95,0.140625,20
v1_learned_mean,conditional_scale,128,0.2,1.0,0.2,10
v1_learned_mean,conditional_scale,128,0.25,1.0,0.2328125,10
v1_learned_mean,conditional_scale,128,0.3,1.0,0.29609375,10
v1_learned_mean,conditional_scale,128,0.35,1.0,0.340625,10
v1_learned_mean,conditional_scale,128,0.4,1.0,0.4046875,10
v1_learned_mean,conditional_scale,128,0.45,1.0,0.45390625,10
v1_learned_mean,conditional_scale,128,0.5,1.0,0.478125,10
v1_learned_mean,conditional_scale,128,0.55,1.0,0.5296875,10
v1_learned_mean,conditional_scale,128,0.6,1.0,0.5796875,10
v1_learned_mean,conditional_scale,128,0.65,1.0,0.64921875,10
v1_learned_mean,conditional_scale,128,0.7,1.0,0.70703125,10
v1_learned_mean,conditional_scale,128,0.75,1.0,0.75390625,10
v1_learned_mean,conditional_scale,128,0.8,1.0,0.790625,10
v1_learned_mean,conditional_scale,128,0.85,1.0,0.853125,10
v1_learned_mean,conditional_scale,128,0.9,1.0,0.8875,10
v1_learned_mean,conditional_scale,128,0.95,1.0,0.9453125,10
v1_learned_mean,conditional_scale,256,0.05,0.6,0.05078125,10
v1_learned_mean,conditional_scale,256,0.1,0.9,0.108203125,10
v1_learned_mean,conditional_scale,256,0.15,0.9,0.1478515625,20
v1_learned_mean,conditional_scale,256,0.2,0.9,0.209375,10
v1_learned_mean,conditional_scale,256,0.25,0.9,0.254296875,10
v1_learned_mean,conditional_scale,256,0.3,1.0,0.291015625,10
v1_learned_mean,conditional_scale,256,0.35,0.9,0.3546875,10
v1_learned_mean,conditional_scale,256,0.4,1.0,0.41953125,10
v1_learned_mean,conditional_scale,256,0.45,0.9,0.447265625,10
v1_learned_mean,conditional_scale,256,0.5,1.0,0.488671875,10
v1_learned_mean,conditional_scale,256,0.55,1.0,0.55,10
v1_learned_mean,conditional_scale,256,0.6,1.0,0.59375,10
v1_learned_mean,conditional_scale,256,0.65,1.0,0.65078125,10
v1_learned_mean,conditional_scale,256,0.7,1.0,0.685546875,10
v1_learned_mean,conditional_scale,256,0.75,1.0,0.74375,10
v1_learned_mean,conditional_scale,256,0.8,1.0,0.795703125,10
v1_learned_mean,conditional_scale,256,0.85,1.0,0.837890625,10
v1_learned_mean,conditional_scale,256,0.9,1.0,0.891796875,10
v1_learned_mean,conditional_scale,256,0.95,1.0,0.952734375,10
v1_learned_mean,conditional_scale,512,0.05,0.6,0.0490234375,10
v1_learned_mean,conditional_scale,512,0.1,0.8,0.0966796875,10
v1_learned_mean,conditional_scale,512,0.15,0.95,0.15009765625,20
v1_learned_mean,conditional_scale,512,0.2,0.9,0.205078125,10
v1_learned_mean,conditional_scale,512,0.25,0.9,0.24921875,10
v1_learned_mean,conditional_scale,512,0.3,0.8,0.2982421875,10
v1_learned_mean,conditional_scale,512,0.35,1.0,0.3548828125,10
v1_learned_mean,conditional_scale,512,0.4,1.0,0.398046875,10
v1_learned_mean,conditional_scale,512,0.45,1.0,0.4443359375,10
v1_learned_mean,conditional_scale,512,0.5,1.0,0.5060546875,10
v1_learned_mean,conditional_scale,512,0.55,1.0,0.5630859375,10
v1_learned_mean,conditional_scale,512,0.6,0.9,0.5951171875,10
v1_learned_mean,conditional_scale,512,0.65,0.9,0.6509765625,10
v1_learned_mean,conditional_scale,512,0.7,1.0,0.7009765625,10
v1_learned_mean,conditional_scale,512,0.75,1.0,0.7375,10
v1_learned_mean,conditional_scale,512,0.8,1.0,0.8048828125,10
v1_learned_mean,conditional_scale,512,0.85,1.0,0.8490234375,10
v1_learned_mean,conditional_scale,512,0.9,1.0,0.894921875,10
v1_learned_mean,conditional_scale,512,0.95,1.0,0.9470703125,10
v1_learned_mean,conditional_translation,32,0.05,1.0,0.05625,10
v1_learned_mean,conditional_translation,32,0.1,0.95,0.115625,20
v1_learned_mean,conditional_translation,32,0.15,1.0,0.15625,10
v1_learned_mean,conditional_translation,32,0.2,1.0,0.203125,10
v1_learned_mean,conditional_translation,32,0.25,1.0,0.246875,10
v1_learned_mean,conditional_translation,32,0.3,0.9,0.328125,10
v1_learned_mean,conditional_translation,32,0.35,1.0,0.296875,10
v1_learned_mean,conditional_translation,32,0.4,0.9,0.390625,10
v1_learned_mean,conditional_translation,32,0.45,0.8,0.440625,10
v1_learned_mean,conditional_translation,32,0.5,0.8,0.528125,10
v1_learned_mean,conditional_translation,32,0.55,0.8,0.50625,10
v1_learned_mean,conditional_translation,32,0.6,0.6,0.6375,10
v1_learned_mean,conditional_translation,32,0.65,0.5,0.65,10
v1_learned_mean,conditional_translation,32,0.7,0.7,0.69375,10
v1_learned_mean,conditional_translation,32,0.75,0.3,0.790625,10
v1_learned_mean,conditional_translation,32,0.8,0.1,0.815625,10
v1_learned_mean,conditional_translation,32,0.85,0.2,0.840625,10
v1_learned_mean,conditional_translation,32,0.9,0.1,0.89375,10
v1_learned_mean,conditional_translation,32,0.95,0.2,0.953125,10
v1_learned_mean,conditional_translation,64,0.05,1.0,0.0640625,10
v1_learned_mean,conditional_translation,64,0.1,1.0,0.1171875,20
v1_learned_mean,conditional_translation,64,0.15,1.0,0.1625,10
v1_learned_mean,conditional_translation,64,0.2,0.9,0.20625,10
v1_learned_mean,conditional_translation,64,0.25,0.9,0.23125,10
v1_learned_mean,conditional_translation,64,0.3,0.9,0.3265625,10
v1_learned_mean,conditional_translation,64,0.35,0.7,0.3078125,10
v1_learned_mean,conditional_translation,64,0.4,0.8,0.41875,10
v1_learned_mean,conditional_translation,64,0.45,0.7,0.428125,10
v1_learned_mean,conditional_translation,64,0.5,0.5,0.4953125,10
v1_learned_mean,conditional_translation,64,0.55,0.5,0.5625,10
v1_learned_mean,conditional_translation,64,0.6,0.3,0.6109375,10
v1_learned_mean,conditional_translation,64,0.65,0.4,0.6453125,10
v1_learned_mean,conditional_translation,64,0.7,0.2,0.7046875,10
v1_learned_mean,conditional_translation,64,0.75,0.2,0.7609375,10
v1_learned_mean,conditional_translation,64,0.8,0.1,0.7890625,10
v1_learned_mean,conditional_translation,64,0.85,0.0,0.853125,10
v1_learned_mean,conditional_translation,64,0.9,0.0,0.896875,10
v1_learned_mean,conditional_translation,64,0.95,0.0,0.95,10
v1_learned_mean,conditional_translation,128,0.05,1.0,0.05,10
v1_learned_mean,conditional_translation,128,0.1,0.9,0.10625,20
v1_learned_mean,conditional_translation,128,0.15,1.0,0.14140625,10
v1_learned_mean,conditional_translation,128,0.2,0.9,0.20234375,10
v1_learned_mean,conditional_translation,128,0.25,0.6,0.25390625,10
v1_learned_mean,conditional_translation,128,0.3,0.5,0.309375,10
v1_learned_mean,conditional_translation,128,0.35,0.8,0.3078125,10
v1_learned_mean,conditional_translation,128,0.4,0.3,0.40546875,10
v1_learned_mean,conditional_translation,128,0.45,0.1,0.44609375,10
v1_learned_mean,conditional_translation,128,0.5,0.1,0.51171875,10
v1_learned_mean,conditional_translation,128,0.55,0.0,0.54609375,10
v1_learned_mean,conditional_translation,128,0.6,0.0,0.6,10
v1_learned_mean,conditional_translation,128,0.65,0.0,0.6390625,10
v1_learned_mean,conditional_translation,128,0.7,0.0,0.70546875,10
v1_learned_mean,conditional_translation,128,0.75,0.0,0.7390625,10
v1_learned_mean,conditional_translation,128,0.8,0.0,0.7921875,10
v1_learned_mean,conditional_translation,128,0.85,0.0,0.84765625,10
v1_learned_mean,conditional_translation,128,0.9,0.0,0.89375,10
v1_learned_mean,conditional_translation,128,0.95,0.0,0.95625,10
v1_learned_mean,conditional_translation,256,0.05,1.0,0.046875,10
v1_learned_mean,conditional_translation,256,0.1,0.95,0.1005859375,20
v1_learned_mean,conditional_translation,256,0.15,0.9,0.14453125,10
v1_learned_mean,conditional_translation,256,0.2,0.6,0.19453125,10
v1_learned_mean,conditional_translation,256,0.25,0.6,0.2515625,10
v1_learned_mean,conditional_translation,256,0.3,0.2,0.30078125,10
v1_learned_mean,conditional_translation,256,0.35,0.4,0.334765625,10
v1_learned_mean,conditional_translation,256,0.4,0.1,0.39296875,10
v1_learned_mean,conditional_translation,256,0.45,0.0,0.430859375,10
v1_learned_mean,conditional_translation,256,0.5,0.0,0.50078125,10
v1_learned_mean,conditional_translation,256,0.55,0.0,0.53984375,10
v1_learned_mean,conditional_translation,256,0.6,0.0,0.61875,10
v1_learned_mean,conditional_translation,256,0.65,0.0,0.618359375,10
v1_learned_mean,conditional_translation,256,0.7,0.0,0.694921875,10
v1_learned_mean,conditional_translation,256,0.75,0.0,0.755078125,10
v1_learned_mean,conditional_translation,256,0.8,0.0,0.791015625,10
v1_learned_mean,conditional_translation,256,0.85,0.0,0.848828125,10
v1_learned_mean,conditional_translation,256,0.9,0.0,0.90390625,10
v1_learned_mean,conditional_translation,256,0.95,0.0,0.94921875,10
v1_learned_mean,conditional_translation,512,0.05,1.0,0.05625,10
v1_learned_mean,conditional_translation,512,0.1,1.0,0.0986328125,20
v1_learned_mean,conditional_translation,512,0.15,0.7,0.1556640625,10
v1_learned_mean,conditional_translation,512,0.2,0.5,0.198828125,10
v1_learned_mean,conditional_translation,512,0.25,0.4,0.253515625,10
v1_learned_mean,conditional_translation,512,0.3,0.0,0.295703125,10
v1_learned_mean,conditional_translation,512,0.35,0.0,0.342578125,10
v1_learned_mean,conditional_translation,512,0.4,0.0,0.396875,10
v1_learned_mean,conditional_translation,512,0.45,0.0,0.4458984375,10
v1_learned_mean,conditional_translation,512,0.5,0.0,0.49375,10
v1_learned_mean,conditional_translation,512,0.55,0.0,0.55,10
v1_learned_mean,conditional_translation,512,0.6,0.0,0.608984375,10
v1_learned_mean,conditional_translation,512,0.65,0.0,0.6544921875,10
v1_learned_mean,conditional_translation,512,0.7,0.0,0.692578125,10
v1_learned_mean,conditional_translation,512,0.75,0.0,0.7515625,10
v1_learned_mean,conditional_translation,512,0.8,0.0,0.8083984375,10
v1_learned_mean,conditional_translation,512,0.85,0.0,0.8505859375,10
v1_learned_mean,conditional_translation,512,0.9,0.0,0.8955078125,10
v1_learned_mean,conditional_translation,512,0.95,0.0,0.9490234375,10
v1_learned_mean,covariance_shear,32,0.05,1.0,0.059375,10
v1_learned_mean,covariance_shear,32,0.1,1.0,0.09375,10
v1_learned_mean,covariance_shear,32,0.15,1.0,0.140625,10
v1_learned_mean,covariance_shear,32,0.2,1.0,0.171875,10
v1_learned_mean,covariance_shear,32,0.25,1.0,0.2375,10
v1_learned_mean,covariance_shear,32,0.3,1.0,0.2890625,20
v1_learned_mean,covariance_shear,32,0.35,1.0,0.325,10
v1_learned_mean,covariance_shear,32,0.4,1.0,0.375,10
v1_learned_mean,covariance_shear,32,0.45,1.0,0.434375,10
v1_learned_mean,covariance_shear,32,0.5,1.0,0.509375,10
v1_learned_mean,covariance_shear,32,0.55,1.0,0.584375,10
v1_learned_mean,covariance_shear,32,0.6,1.0,0.553125,10
v1_learned_mean,covariance_shear,32,0.65,1.0,0.684375,10
v1_learned_mean,covariance_shear,32,0.7,1.0,0.684375,10
v1_learned_mean,covariance_shear,32,0.75,1.0,0.740625,10
v1_learned_mean,covariance_shear,32,0.8,1.0,0.790625,10
v1_learned_mean,covariance_shear,32,0.85,1.0,0.828125,10
v1_learned_mean,covariance_shear,32,0.9,1.0,0.90625,10
v1_learned_mean,covariance_shear,32,0.95,1.0,0.95,10
v1_learned_mean,covariance_shear,64,0.05,1.0,0.059375,10
v1_learned_mean,covariance_shear,64,0.1,1.0,0.1078125,10
v1_learned_mean,covariance_shear,64,0.15,1.0,0.140625,10
v1_learned_mean,covariance_shear,64,0.2,1.0,0.1765625,10
v1_learned_mean,covariance_shear,64,0.25,1.0,0.2640625,10
v1_learned_mean,covariance_shear,64,0.3,1.0,0.31328125,20
v1_learned_mean,covariance_shear,64,0.35,1.0,0.34375,10
v1_learned_mean,covariance_shear,64,0.4,1.0,0.3796875,10
v1_learned_mean,covariance_shear,64,0.45,1.0,0.4578125,10
v1_learned_mean,covariance_shear,64,0.5,1.0,0.4859375,10
v1_learned_mean,covariance_shear,64,0.55,1.0,0.5453125,10
v1_learned_mean,covariance_shear,64,0.6,1.0,0.565625,10
v1_learned_mean,covariance_shear,64,0.65,1.0,0.65625,10
v1_learned_mean,covariance_shear,64,0.7,1.0,0.6984375,10
v1_learned_mean,covariance_shear,64,0.75,1.0,0.7265625,10
v1_learned_mean,covariance_shear,64,0.8,1.0,0.80625,10
v1_learned_mean,covariance_shear,64,0.85,1.0,0.84375,10
v1_learned_mean,covariance_shear,64,0.9,1.0,0.903125,10
v1_learned_mean,covariance_shear,64,0.95,1.0,0.9421875,10
v1_learned_mean,covariance_shear,128,0.05,1.0,0.04453125,10
v1_learned_mean,covariance_shear,128,0.1,1.0,0.1046875,10
v1_learned_mean,covariance_shear,128,0.15,1.0,0.15703125,10
v1_learned_mean,covariance_shear,128,0.2,1.0,0.19140625,10
v1_learned_mean,covariance_shear,128,0.25,1.0,0.24140625,10
v1_learned_mean,covariance_shear,128,0.3,1.0,0.31015625,20
v1_learned_mean,covariance_shear,128,0.35,1.0,0.3578125,10
v1_learned_mean,covariance_shear,128,0.4,1.0,0.4109375,10
v1_learned_mean,covariance_shear,128,0.45,1.0,0.43359375,10
v1_learned_mean,covariance_shear,128,0.5,1.0,0.5078125,10
v1_learned_mean,covariance_shear,128,0.55,1.0,0.55546875,10
v1_learned_mean,covariance_shear,128,0.6,1.0,0.59765625,10
v1_learned_mean,covariance_shear,128,0.65,1.0,0.6640625,10
v1_learned_mean,covariance_shear,128,0.7,1.0,0.68671875,10
v1_learned_mean,covariance_shear,128,0.75,1.0,0.74765625,10
v1_learned_mean,covariance_shear,128,0.8,1.0,0.80703125,10
v1_learned_mean,covariance_shear,128,0.85,1.0,0.84921875,10
v1_learned_mean,covariance_shear,128,0.9,1.0,0.90546875,10
v1_learned_mean,covariance_shear,128,0.95,1.0,0.94375,10
v1_learned_mean,covariance_shear,256,0.05,1.0,0.0546875,10
v1_learned_mean,covariance_shear,256,0.1,1.0,0.0953125,10
v1_learned_mean,covariance_shear,256,0.15,1.0,0.135546875,10
v1_learned_mean,covariance_shear,256,0.2,1.0,0.202734375,10
v1_learned_mean,covariance_shear,256,0.25,1.0,0.244921875,10
v1_learned_mean,covariance_shear,256,0.3,1.0,0.2927734375,20
v1_learned_mean,covariance_shear,256,0.35,1.0,0.3453125,10
v1_learned_mean,covariance_shear,256,0.4,1.0,0.39296875,10
v1_learned_mean,covariance_shear,256,0.45,1.0,0.45625,10
v1_learned_mean,covariance_shear,256,0.5,1.0,0.5125,10
v1_learned_mean,covariance_shear,256,0.55,1.0,0.55625,10
v1_learned_mean,covariance_shear,256,0.6,1.0,0.59609375,10
v1_learned_mean,covariance_shear,256,0.65,1.0,0.658203125,10
v1_learned_mean,covariance_shear,256,0.7,1.0,0.69453125,10
v1_learned_mean,covariance_shear,256,0.75,1.0,0.740625,10
v1_learned_mean,covariance_shear,256,0.8,1.0,0.79375,10
v1_learned_mean,covariance_shear,256,0.85,1.0,0.841796875,10
v1_learned_mean,covariance_shear,256,0.9,1.0,0.895703125,10
v1_learned_mean,covariance_shear,256,0.95,1.0,0.947265625,10
v1_learned_mean,covariance_shear,512,0.05,1.0,0.0515625,10
v1_learned_mean,covariance_shear,512,0.1,1.0,0.1009765625,10
v1_learned_mean,covariance_shear,512,0.15,1.0,0.15078125,10
v1_learned_mean,covariance_shear,512,0.2,1.0,0.191796875,10
v1_learned_mean,covariance_shear,512,0.25,1.0,0.254296875,10
v1_learned_mean,covariance_shear,512,0.3,1.0,0.298828125,20
v1_learned_mean,covariance_shear,512,0.35,1.0,0.348828125,10
v1_learned_mean,covariance_shear,512,0.4,1.0,0.4021484375,10
v1_learned_mean,covariance_shear,512,0.45,1.0,0.4583984375,10
v1_learned_mean,covariance_shear,512,0.5,1.0,0.4962890625,10
v1_learned_mean,covariance_shear,512,0.55,1.0,0.5541015625,10
v1_learned_mean,covariance_shear,512,0.6,1.0,0.608984375,10
v1_learned_mean,covariance_shear,512,0.65,1.0,0.6587890625,10
v1_learned_mean,covariance_shear,512,0.7,1.0,0.70625,10
v1_learned_mean,covariance_shear,512,0.75,1.0,0.7541015625,10
v1_learned_mean,covariance_shear,512,0.8,1.0,0.794921875,10
v1_learned_mean,covariance_shear,512,0.85,1.0,0.85,10
v1_learned_mean,covariance_shear,512,0.9,1.0,0.9021484375,10
v1_learned_mean,covariance_shear,512,0.95,0.9,0.9470703125,10
v1_learned_mean,outcome_dependent_dropout,32,0.05,1.0,0.059375,10
v1_learned_mean,outcome_dependent_dropout,32,0.1,1.0,0.134375,10
v1_learned_mean,outcome_dependent_dropout,32,0.15,1.0,0.140625,10
v1_learned_mean,outcome_dependent_dropout,32,0.2,1.0,0.18125,10
v1_learned_mean,outcome_dependent_dropout,32,0.25,0.95,0.2421875,20
v1_learned_mean,outcome_dependent_dropout,32,0.3,1.0,0.31875,10
v1_learned_mean,outcome_dependent_dropout,32,0.35,0.9,0.378125,10
v1_learned_mean,outcome_dependent_dropout,32,0.4,0.8,0.4,10
v1_learned_mean,outcome_dependent_dropout,32,0.45,0.7,0.48125,10
v1_learned_mean,outcome_dependent_dropout,32,0.5,0.7,0.490625,10
v1_learned_mean,outcome_dependent_dropout,32,0.55,0.4,0.571875,10
v1_learned_mean,outcome_dependent_dropout,32,0.6,0.6,0.590625,10
v1_learned_mean,outcome_dependent_dropout,32,0.65,0.6,0.684375,10
v1_learned_mean,outcome_dependent_dropout,32,0.7,0.4,0.65,10
v1_learned_mean,outcome_dependent_dropout,32,0.75,0.2,0.75625,10
v1_learned_mean,outcome_dependent_dropout,32,0.8,0.2,0.809375,10
v1_learned_mean,outcome_dependent_dropout,32,0.85,0.3,0.809375,10
v1_learned_mean,outcome_dependent_dropout,32,0.9,0.1,0.89375,10
v1_learned_mean,outcome_dependent_dropout,32,0.95,0.1,0.953125,10
v1_learned_mean,outcome_dependent_dropout,64,0.05,0.9,0.0421875,10
v1_learned_mean,outcome_dependent_dropout,64,0.1,1.0,0.0921875,10
v1_learned_mean,outcome_dependent_dropout,64,0.15,0.9,0.16875,10
v1_learned_mean,outcome_dependent_dropout,64,0.2,0.9,0.228125,10
v1_learned_mean,outcome_dependent_dropout,64,0.25,0.85,0.2828125,20
v1_learned_mean,outcome_dependent_dropout,64,0.3,0.7,0.3109375,10
v1_learned_mean,outcome_dependent_dropout,64,0.35,0.8,0.33125,10
v1_learned_mean,outcome_dependent_dropout,64,0.4,0.4,0.4234375,10
v1_learned_mean,outcome_dependent_dropout,64,0.45,0.5,0.490625,10
v1_learned_mean,outcome_dependent_dropout,64,0.5,0.2,0.4984375,10
v1_learned_mean,outcome_dependent_dropout,64,0.55,0.3,0.5359375,10
v1_learned_mean,outcome_dependent_dropout,64,0.6,0.2,0.6453125,10
v1_learned_mean,outcome_dependent_dropout,64,0.65,0.0,0.64375,10
v1_learned_mean,outcome_dependent_dropout,64,0.7,0.0,0.6921875,10
v1_learned_mean,outcome_dependent_dropout,64,0.75,0.1,0.7375,10
v1_learned_mean,outcome_dependent_dropout,64,0.8,0.0,0.7921875,10
v1_learned_mean,outcome_dependent_dropout,64,0.85,0.0,0.840625,10
v1_learned_mean,outcome_dependent_dropout,64,0.9,0.0,0.8875,10
v1_learned_mean,outcome_dependent_dropout,64,0.95,0.0,0.959375,10
v1_learned_mean,outcome_dependent_dropout,128,0.05,1.0,0.05078125,10
v1_learned_mean,outcome_dependent_dropout,128,0.1,1.0,0.09609375,10
v1_learned_mean,outcome_dependent_dropout,128,0.15,0.9,0.15,10
v1_learned_mean,outcome_dependent_dropout,128,0.2,0.8,0.1953125,10
v1_learned_mean,outcome_dependent_dropout,128,0.25,0.75,0.251171875,20
v1_learned_mean,outcome_dependent_dropout,128,0.3,0.6,0.27578125,10
v1_learned_mean,outcome_dependent_dropout,128,0.35,0.3,0.3609375,10
v1_learned_mean,outcome_dependent_dropout,128,0.4,0.3,0.39453125,10
v1_learned_mean,outcome_dependent_dropout,128,0.45,0.1,0.45859375,10
v1_learned_mean,outcome_dependent_dropout,128,0.5,0.0,0.5,10
v1_learned_mean,outcome_dependent_dropout,128,0.55,0.0,0.55625,10
v1_learned_mean,outcome_dependent_dropout,128,0.6,0.0,0.61640625,10
v1_learned_mean,outcome_dependent_dropout,128,0.65,0.0,0.640625,10
v1_learned_mean,outcome_dependent_dropout,128,0.7,0.0,0.70859375,10
v1_learned_mean,outcome_dependent_dropout,128,0.75,0.0,0.73125,10
v1_learned_mean,outcome_dependent_dropout,128,0.8,0.0,0.78828125,10
v1_learned_mean,outcome_dependent_dropout,128,0.85,0.0,0.83984375,10
v1_learned_mean,outcome_dependent_dropout,128,0.9,0.0,0.91484375,10
v1_learned_mean,outcome_dependent_dropout,128,0.95,0.0,0.95625,10
v1_learned_mean,outcome_dependent_dropout,256,0.05,1.0,0.053125,10
v1_learned_mean,outcome_dependent_dropout,256,0.1,0.9,0.105859375,10
v1_learned_mean,outcome_dependent_dropout,256,0.15,0.8,0.1421875,10
v1_learned_mean,outcome_dependent_dropout,256,0.2,0.8,0.187109375,10
v1_learned_mean,outcome_dependent_dropout,256,0.25,0.3,0.2447265625,20
v1_learned_mean,outcome_dependent_dropout,256,0.3,0.1,0.281640625,10
v1_learned_mean,outcome_dependent_dropout,256,0.35,0.1,0.357421875,10
v1_learned_mean,outcome_dependent_dropout,256,0.4,0.0,0.39375,10
v1_learned_mean,outcome_dependent_dropout,256,0.45,0.0,0.4453125,10
v1_learned_mean,outcome_dependent_dropout,256,0.5,0.0,0.500390625,10
v1_learned_mean,outcome_dependent_dropout,256,0.55,0.0,0.550390625,10
v1_learned_mean,outcome_dependent_dropout,256,0.6,0.0,0.590625,10
v1_learned_mean,outcome_dependent_dropout,256,0.65,0.0,0.630078125,10
v1_learned_mean,outcome_dependent_dropout,256,0.7,0.0,0.678125,10
v1_learned_mean,outcome_dependent_dropout,256,0.75,0.0,0.7453125,10
v1_learned_mean,outcome_dependent_dropout,256,0.8,0.0,0.807421875,10
v1_learned_mean,outcome_dependent_dropout,256,0.85,0.0,0.848046875,10
v1_learned_mean,outcome_dependent_dropout,256,0.9,0.0,0.895703125,10
v1_learned_mean,outcome_dependent_dropout,256,0.95,0.0,0.937890625,10
v1_learned_mean,outcome_dependent_dropout,512,0.05,1.0,0.0435546875,10
v1_learned_mean,outcome_dependent_dropout,512,0.1,0.9,0.1052734375,10
v1_learned_mean,outcome_dependent_dropout,512,0.15,0.5,0.1564453125,10
v1_learned_mean,outcome_dependent_dropout,512,0.2,0.5,0.1951171875,10
v1_learned_mean,outcome_dependent_dropout,512,0.25,0.1,0.2552734375,20
v1_learned_mean,outcome_dependent_dropout,512,0.3,0.0,0.3021484375,10
v1_learned_mean,outcome_dependent_dropout,512,0.35,0.0,0.3529296875,10
v1_learned_mean,outcome_dependent_dropout,512,0.4,0.0,0.4041015625,10
v1_learned_mean,outcome_dependent_dropout,512,0.45,0.0,0.4369140625,10
v1_learned_mean,outcome_dependent_dropout,512,0.5,0.0,0.4955078125,10
v1_learned_mean,outcome_dependent_dropout,512,0.55,0.0,0.5513671875,10
v1_learned_mean,outcome_dependent_dropout,512,0.6,0.0,0.608203125,10
v1_learned_mean,outcome_dependent_dropout,512,0.65,0.0,0.64609375,10
v1_learned_mean,outcome_dependent_dropout,512,0.7,0.0,0.707421875,10
v1_learned_mean,outcome_dependent_dropout,512,0.75,0.0,0.7443359375,10
v1_learned_mean,outcome_dependent_dropout,512,0.8,0.0,0.80234375,10
v1_learned_mean,outcome_dependent_dropout,512,0.85,0.0,0.8568359375,10
v1_learned_mean,outcome_dependent_dropout,512,0.9,0.0,0.9029296875,10
v1_learned_mean,outcome_dependent_dropout,512,0.95,0.0,0.9478515625,10
v1_learned_mean,pure_label_shift,32,0.05,1.0,0.04375,20
v1_learned_mean,pure_label_shift,32,0.1,1.0,0.096875,10
v1_learned_mean,pure_label_shift,32,0.15,1.0,0.15,10
v1_learned_mean,pure_label_shift,32,0.2,1.0,0.178125,10
v1_learned_mean,pure_label_shift,32,0.25,1.0,0.234375,10
v1_learned_mean,pure_label_shift,32,0.3,1.0,0.309375,10
v1_learned_mean,pure_label_shift,32,0.35,1.0,0.340625,10
v1_learned_mean,pure_label_shift,32,0.4,1.0,0.365625,10
v1_learned_mean,pure_label_shift,32,0.45,1.0,0.484375,10
v1_learned_mean,pure_label_shift,32,0.5,1.0,0.490625,10
v1_learned_mean,pure_label_shift,32,0.55,1.0,0.58125,10
v1_learned_mean,pure_label_shift,32,0.6,1.0,0.578125,10
v1_learned_mean,pure_label_shift,32,0.65,1.0,0.68125,10
v1_learned_mean,pure_label_shift,32,0.7,1.0,0.690625,10
v1_learned_mean,pure_label_shift,32,0.75,1.0,0.7,10
v1_learned_mean,pure_label_shift,32,0.8,1.0,0.8,10
v1_learned_mean,pure_label_shift,32,0.85,1.0,0.85,10
v1_learned_mean,pure_label_shift,32,0.9,0.9,0.89375,10
v1_learned_mean,pure_label_shift,32,0.95,1.0,0.965625,10
v1_learned_mean,pure_label_shift,64,0.05,1.0,0.05390625,20
v1_learned_mean,pure_label_shift,64,0.1,1.0,0.0890625,10
v1_learned_mean,pure_label_shift,64,0.15,1.0,0.1703125,10
v1_learned_mean,pure_label_shift,64,0.2,1.0,0.1859375,10
v1_learned_mean,pure_label_shift,64,0.25,1.0,0.2265625,10
v1_learned_mean,pure_label_shift,64,0.3,1.0,0.3109375,10
v1_learned_mean,pure_label_shift,64,0.35,1.0,0.3703125,10
v1_learned_mean,pure_label_shift,64,0.4,1.0,0.4078125,10
v1_learned_mean,pure_label_shift,64,0.45,1.0,0.4234375,10
v1_learned_mean,pure_label_shift,64,0.5,1.0,0.5140625,10
v1_learned_mean,pure_label_shift,64,0.55,1.0,0.5890625,10
v1_learned_mean,pure_label_shift,64,0.6,1.0,0.6296875,10
v1_learned_mean,pure_label_shift,64,0.65,1.0,0.65,10
v1_learned_mean,pure_label_shift,64,0.7,1.0,0.703125,10
v1_learned_mean,pure_label_shift,64,0.75,1.0,0.7296875,10
v1_learned_mean,pure_label_shift,64,0.8,1.0,0.80625,10
v1_learned_mean,pure_label_shift,64,0.85,1.0,0.8359375,10
v1_learned_mean,pure_label_shift,64,0.9,1.0,0.9,10
v1_learned_mean,pure_label_shift,64,0.95,1.0,0.9625,10
v1_learned_mean,pure_label_shift,128,0.05,1.0,0.052734375,20
v1_learned_mean,pure_label_shift,128,0.1,1.0,0.109375,10
v1_learned_mean,pure_label_shift,128,0.15,1.0,0.140625,10
v1_learned_mean,pure_label_shift,128,0.2,1.0,0.196875,10
v1_learned_mean,pure_label_shift,128,0.25,1.0,0.246875,10
v1_learned_mean,pure_label_shift,128,0.3,1.0,0.278125,10
v1_learned_mean,pure_label_shift,128,0.35,1.0,0.34296875,10
v1_learned_mean,pure_label_shift,128,0.4,1.0,0.3984375,10
v1_learned_mean,pure_label_shift,128,0.45,1.0,0.45546875,10
v1_learned_mean,pure_label_shift,128,0.5,1.0,0.5015625,10
v1_learned_mean,pure_label_shift,128,0.55,1.0,0.5484375,10
v1_learned_mean,pure_label_shift,128,0.6,1.0,0.58125,10
v1_learned_mean,pure_label_shift,128,0.65,1.0,0.67265625,10
v1_learned_mean,pure_label_shift,128,0.7,1.0,0.71640625,10
v1_learned_mean,pure_label_shift,128,0.75,1.0,0.75,10
v1_learned_mean,pure_label_shift,128,0.8,1.0,0.80703125,10
v1_learned_mean,pure_label_shift,128,0.85,1.0,0.83359375,10
v1_learned_mean,pure_label_shift,128,0.9,1.0,0.91484375,10
v1_learned_mean,pure_label_shift,128,0.95,1.0,0.9515625,10
v1_learned_mean,pure_label_shift,256,0.05,1.0,0.0525390625,20
v1_learned_mean,pure_label_shift,256,0.1,1.0,0.090234375,10
v1_learned_mean,pure_label_shift,256,0.15,1.0,0.144140625,10
v1_learned_mean,pure_label_shift,256,0.2,1.0,0.2046875,10
v1_learned_mean,pure_label_shift,256,0.25,1.0,0.25,10
v1_learned_mean,pure_label_shift,256,0.3,1.0,0.296484375,10
v1_learned_mean,pure_label_shift,256,0.35,1.0,0.34453125,10
v1_learned_mean,pure_label_shift,256,0.4,1.0,0.405078125,10
v1_learned_mean,pure_label_shift,256,0.45,1.0,0.448046875,10
v1_learned_mean,pure_label_shift,256,0.5,1.0,0.505859375,10
v1_learned_mean,pure_label_shift,256,0.55,1.0,0.548046875,10
v1_learned_mean,pure_label_shift,256,0.6,1.0,0.586328125,10
v1_learned_mean,pure_label_shift,256,0.65,1.0,0.66171875,10
v1_learned_mean,pure_label_shift,256,0.7,1.0,0.68828125,10
v1_learned_mean,pure_label_shift,256,0.75,1.0,0.753515625,10
v1_learned_mean,pure_label_shift,256,0.8,1.0,0.78984375,10
v1_learned_mean,pure_label_shift,256,0.85,1.0,0.848046875,10
v1_learned_mean,pure_label_shift,256,0.9,1.0,0.88828125,10
v1_learned_mean,pure_label_shift,256,0.95,1.0,0.95234375,10
v1_learned_mean,pure_label_shift,512,0.05,1.0,0.04638671875,20
v1_learned_mean,pure_label_shift,512,0.1,1.0,0.0951171875,10
v1_learned_mean,pure_label_shift,512,0.15,1.0,0.15625,10
v1_learned_mean,pure_label_shift,512,0.2,1.0,0.18828125,10
v1_learned_mean,pure_label_shift,512,0.25,1.0,0.244140625,10
v1_learned_mean,pure_label_shift,512,0.3,1.0,0.2994140625,10
v1_learned_mean,pure_label_shift,512,0.35,1.0,0.3451171875,10
v1_learned_mean,pure_label_shift,512,0.4,1.0,0.3859375,10
v1_learned_mean,pure_label_shift,512,0.45,1.0,0.4529296875,10
v1_learned_mean,pure_label_shift,512,0.5,1.0,0.51171875,10
v1_learned_mean,pure_label_shift,512,0.55,1.0,0.558203125,10
v1_learned_mean,pure_label_shift,512,0.6,1.0,0.5892578125,10
v1_learned_mean,pure_label_shift,512,0.65,1.0,0.6564453125,10
v1_learned_mean,pure_label_shift,512,0.7,1.0,0.6958984375,10
v1_learned_mean,pure_label_shift,512,0.75,1.0,0.743359375,10
v1_learned_mean,pure_label_shift,512,0.8,1.0,0.7974609375,10
v1_learned_mean,pure_label_shift,512,0.85,1.0,0.8548828125,10
v1_learned_mean,pure_label_shift,512,0.9,1.0,0.8947265625,10
v1_learned_mean,pure_label_shift,512,0.95,1.0,0.9509765625,10
v1_learned_mean,support_translation,32,0.05,0.0,0.0625,10
v1_learned_mean,support_translation,32,0.1,0.0,0.075,10
v1_learned_mean,support_translation,32,0.15,0.0,0.15,10
v1_learned_mean,support_translation,32,0.2,0.0,0.1890625,20
v1_learned_mean,support_translation,32,0.25,0.0,0.259375,10
v1_learned_mean,support_translation,32,0.3,0.0,0.30625,10
v1_learned_mean,support_translation,32,0.35,0.0,0.346875,10
v1_learned_mean,support_translation,32,0.4,0.0,0.403125,10
v1_learned_mean,support_translation,32,0.45,0.0,0.459375,10
v1_learned_mean,support_translation,32,0.5,0.0,0.475,10
v1_learned_mean,support_translation,32,0.55,0.0,0.553125,10
v1_learned_mean,support_translation,32,0.6,0.1,0.625,10
v1_learned_mean,support_translation,32,0.65,0.0,0.6625,10
v1_learned_mean,support_translation,32,0.7,0.0,0.7125,10
v1_learned_mean,support_translation,32,0.75,0.0,0.771875,10
v1_learned_mean,support_translation,32,0.8,0.0,0.8,10
v1_learned_mean,support_translation,32,0.85,0.0,0.840625,10
v1_learned_mean,support_translation,32,0.9,0.0,0.875,10
v1_learned_mean,support_translation,32,0.95,0.0,0.953125,10
v1_learned_mean,support_translation,64,0.05,0.0,0.0546875,10
v1_learned_mean,support_translation,64,0.1,0.0,0.0953125,10
v1_learned_mean,support_translation,64,0.15,0.0,0.1671875,10
v1_learned_mean,support_translation,64,0.2,0.0,0.17265625,20
v1_learned_mean,support_translation,64,0.25,0.0,0.278125,10
v1_learned_mean,support_translation,64,0.3,0.0,0.2875,10
v1_learned_mean,support_translation,64,0.35,0.0,0.3765625,10
v1_learned_mean,support_translation,64,0.4,0.0,0.35,10
v1_learned_mean,support_translation,64,0.45,0.0,0.4140625,10
v1_learned_mean,support_translation,64,0.5,0.0,0.5125,10
v1_learned_mean,support_translation,64,0.55,0.0,0.528125,10
v1_learned_mean,support_translation,64,0.6,0.0,0.590625,10
v1_learned_mean,support_translation,64,0.65,0.0,0.615625,10
v1_learned_mean,support_translation,64,0.7,0.0,0.6921875,10
v1_learned_mean,support_translation,64,0.75,0.0,0.7546875,10
v1_learned_mean,support_translation,64,0.8,0.0,0.7921875,10
v1_learned_mean,support_translation,64,0.85,0.0,0.8640625,10
v1_learned_mean,support_translation,64,0.9,0.0,0.9046875,10
v1_learned_mean,support_translation,64,0.95,0.0,0.9359375,10
v1_learned_mean,support_translation,128,0.05,0.0,0.0421875,10
v1_learned_mean,support_translation,128,0.1,0.0,0.10546875,10
v1_learned_mean,support_translation,128,0.15,0.0,0.1453125,10
v1_learned_mean,support_translation,128,0.2,0.0,0.18984375,20
v1_learned_mean,support_translation,128,0.25,0.0,0.25703125,10
v1_learned_mean,support_translation,128,0.3,0.0,0.30859375,10
v1_learned_mean,support_translation,128,0.35,0.0,0.36015625,10
v1_learned_mean,support_translation,128,0.4,0.0,0.403125,10
v1_learned_mean,support_translation,128,0.45,0.0,0.440625,10
v1_learned_mean,support_translation,128,0.5,0.0,0.509375,10
v1_learned_mean,support_translation,128,0.55,0.0,0.55625,10
v1_learned_mean,support_translation,128,0.6,0.0,0.5859375,10
v1_learned_mean,support_translation,128,0.65,0.0,0.6453125,10
v1_learned_mean,support_translation,128,0.7,0.0,0.71171875,10
v1_learned_mean,support_translation,128,0.75,0.0,0.746875,10
v1_learned_mean,support_translation,128,0.8,0.0,0.79453125,10
v1_learned_mean,support_translation,128,0.85,0.0,0.85,10
v1_learned_mean,support_translation,128,0.9,0.0,0.890625,10
v1_learned_mean,support_translation,128,0.95,0.0,0.9515625,10
v1_learned_mean,support_translation,256,0.05,0.0,0.0484375,10
v1_learned_mean,support_translation,256,0.1,0.0,0.09609375,10
v1_learned_mean,support_translation,256,0.15,0.0,0.146875,10
v1_learned_mean,support_translation,256,0.2,0.0,0.201171875,20
v1_learned_mean,support_translation,256,0.25,0.0,0.245703125,10
v1_learned_mean,support_translation,256,0.3,0.0,0.3,10
v1_learned_mean,support_translation,256,0.35,0.0,0.362890625,10
v1_learned_mean,support_translation,256,0.4,0.0,0.403515625,10
v1_learned_mean,support_translation,256,0.45,0.0,0.476171875,10
v1_learned_mean,support_translation,256,0.5,0.0,0.495703125,10
v1_learned_mean,support_translation,256,0.55,0.0,0.536328125,10
v1_learned_mean,support_translation,256,0.6,0.0,0.61953125,10
v1_learned_mean,support_translation,256,0.65,0.0,0.658984375,10
v1_learned_mean,support_translation,256,0.7,0.0,0.696875,10
v1_learned_mean,support_translation,256,0.75,0.0,0.7453125,10
v1_learned_mean,support_translation,256,0.8,0.0,0.80546875,10
v1_learned_mean,support_translation,256,0.85,0.0,0.849609375,10
v1_learned_mean,support_translation,256,0.9,0.0,0.896484375,10
v1_learned_mean,support_translation,256,0.95,0.0,0.945703125,10
v1_learned_mean,support_translation,512,0.05,0.0,0.051171875,10
v1_learned_mean,support_translation,512,0.1,0.0,0.1041015625,10
v1_learned_mean,support_translation,512,0.15,0.0,0.1578125,10
v1_learned_mean,support_translation,512,0.2,0.0,0.2005859375,20
v1_learned_mean,support_translation,512,0.25,0.0,0.2431640625,10
v1_learned_mean,support_translation,512,0.3,0.0,0.2904296875,10
v1_learned_mean,support_translation,512,0.35,0.0,0.3564453125,10
v1_learned_mean,support_translation,512,0.4,0.0,0.402734375,10
v1_learned_mean,support_translation,512,0.45,0.0,0.4580078125,10
v1_learned_mean,support_translation,512,0.5,0.0,0.491015625,10
v1_learned_mean,support_translation,512,0.55,0.0,0.541015625,10
v1_learned_mean,support_translation,512,0.6,0.0,0.5890625,10
v1_learned_mean,support_translation,512,0.65,0.0,0.6517578125,10
v1_learned_mean,support_translation,512,0.7,0.0,0.69609375,10
v1_learned_mean,support_translation,512,0.75,0.0,0.759375,10
v1_learned_mean,support_translation,512,0.8,0.0,0.8033203125,10
v1_learned_mean,support_translation,512,0.85,0.0,0.8412109375,10
v1_learned_mean,support_translation,512,0.9,0.0,0.8970703125,10
v1_learned_mean,support_translation,512,0.95,0.0,0.949609375,10
v1_learned_mean,unidentifiable_concept_reversal,32,0.05,1.0,0.021875,10
v1_learned_mean,unidentifiable_concept_reversal,32,0.1,1.0,0.065625,10
v1_learned_mean,unidentifiable_concept_reversal,32,0.15,1.0,0.146875,10
v1_learned_mean,unidentifiable_concept_reversal,32,0.2,1.0,0.240625,10
v1_learned_mean,unidentifiable_concept_reversal,32,0.25,1.0,0.3125,10
v1_learned_mean,unidentifiable_concept_reversal,32,0.3,1.0,0.321875,10
v1_learned_mean,unidentifiable_concept_reversal,32,0.35,1.0,0.378125,20
v1_learned_mean,unidentifiable_concept_reversal,32,0.4,1.0,0.425,10
v1_learned_mean,unidentifiable_concept_reversal,32,0.45,1.0,0.440625,10
v1_learned_mean,unidentifiable_concept_reversal,32,0.5,1.0,0.475,10
v1_learned_mean,unidentifiable_concept_reversal,32,0.55,1.0,0.578125,10
v1_learned_mean,unidentifiable_concept_reversal,32,0.6,1.0,0.55625,10
v1_learned_mean,unidentifiable_concept_reversal,32,0.65,1.0,0.64375,10
v1_learned_mean,unidentifiable_concept_reversal,32,0.7,1.0,0.69375,10
v1_learned_mean,unidentifiable_concept_reversal,32,0.75,1.0,0.78125,10
v1_learned_mean,unidentifiable_concept_reversal,32,0.8,1.0,0.7875,10
v1_learned_mean,unidentifiable_concept_reversal,32,0.85,1.0,0.840625,10
v1_learned_mean,unidentifiable_concept_reversal,32,0.9,1.0,0.88125,10
v1_learned_mean,unidentifiable_concept_reversal,32,0.95,1.0,0.965625,10
v1_learned_mean,unidentifiable_concept_reversal,64,0.05,1.0,0.04375,10
v1_learned_mean,unidentifiable_concept_reversal,64,0.1,1.0,0.0984375,10
v1_learned_mean,unidentifiable_concept_reversal,64,0.15,1.0,0.153125,10
v1_learned_mean,unidentifiable_concept_reversal,64,0.2,1.0,0.184375,10
v1_learned_mean,unidentifiable_concept_reversal,64,0.25,1.0,0.2671875,10
v1_learned_mean,unidentifiable_concept_reversal,64,0.3,1.0,0.2859375,10
v1_learned_mean,unidentifiable_concept_reversal,64,0.35,1.0,0.3328125,20
v1_learned_mean,unidentifiable_concept_reversal,64,0.4,1.0,0.38125,10
v1_learned_mean,unidentifiable_concept_reversal,64,0.45,1.0,0.4578125,10
v1_learned_mean,unidentifiable_concept_reversal,64,0.5,1.0,0.4984375,10
v1_learned_mean,unidentifiable_concept_reversal,64,0.55,1.0,0.5578125,10
v1_learned_mean,unidentifiable_concept_reversal,64,0.6,1.0,0.5984375,10
v1_learned_mean,unidentifiable_concept_reversal,64,0.65,1.0,0.6546875,10
v1_learned_mean,unidentifiable_concept_reversal,64,0.7,1.0,0.690625,10
v1_learned_mean,unidentifiable_concept_reversal,64,0.75,1.0,0.75625,10
v1_learned_mean,unidentifiable_concept_reversal,64,0.8,1.0,0.8203125,10
v1_learned_mean,unidentifiable_concept_reversal,64,0.85,1.0,0.8640625,10
v1_learned_mean,unidentifiable_concept_reversal,64,0.9,1.0,0.90625,10
v1_learned_mean,unidentifiable_concept_reversal,64,0.95,1.0,0.9546875,10
v1_learned_mean,unidentifiable_concept_reversal,128,0.05,1.0,0.04296875,10
v1_learned_mean,unidentifiable_concept_reversal,128,0.1,1.0,0.096875,10
v1_learned_mean,unidentifiable_concept_reversal,128,0.15,1.0,0.14375,10
v1_learned_mean,unidentifiable_concept_reversal,128,0.2,1.0,0.20390625,10
v1_learned_mean,unidentifiable_concept_reversal,128,0.25,1.0,0.26015625,10
v1_learned_mean,unidentifiable_concept_reversal,128,0.3,1.0,0.28046875,10
v1_learned_mean,unidentifiable_concept_reversal,128,0.35,1.0,0.365625,20
v1_learned_mean,unidentifiable_concept_reversal,128,0.4,1.0,0.4328125,10
v1_learned_mean,unidentifiable_concept_reversal,128,0.45,1.0,0.44296875,10
v1_learned_mean,unidentifiable_concept_reversal,128,0.5,1.0,0.4859375,10
v1_learned_mean,unidentifiable_concept_reversal,128,0.55,1.0,0.56640625,10
v1_learned_mean,unidentifiable_concept_reversal,128,0.6,1.0,0.5875,10
v1_learned_mean,unidentifiable_concept_reversal,128,0.65,1.0,0.64609375,10
v1_learned_mean,unidentifiable_concept_reversal,128,0.7,1.0,0.6984375,10
v1_learned_mean,unidentifiable_concept_reversal,128,0.75,1.0,0.7484375,10
v1_learned_mean,unidentifiable_concept_reversal,128,0.8,1.0,0.8015625,10
v1_learned_mean,unidentifiable_concept_reversal,128,0.85,1.0,0.83359375,10
v1_learned_mean,unidentifiable_concept_reversal,128,0.9,1.0,0.9015625,10
v1_learned_mean,unidentifiable_concept_reversal,128,0.95,1.0,0.95078125,10
v1_learned_mean,unidentifiable_concept_reversal,256,0.05,1.0,0.059375,10
v1_learned_mean,unidentifiable_concept_reversal,256,0.1,1.0,0.108203125,10
v1_learned_mean,unidentifiable_concept_reversal,256,0.15,1.0,0.143359375,10
v1_learned_mean,unidentifiable_concept_reversal,256,0.2,1.0,0.215234375,10
v1_learned_mean,unidentifiable_concept_reversal,256,0.25,1.0,0.254296875,10
v1_learned_mean,unidentifiable_concept_reversal,256,0.3,1.0,0.3171875,10
v1_learned_mean,unidentifiable_concept_reversal,256,0.35,1.0,0.3419921875,20
v1_learned_mean,unidentifiable_concept_reversal,256,0.4,1.0,0.40078125,10
v1_learned_mean,unidentifiable_concept_reversal,256,0.45,1.0,0.43203125,10
v1_learned_mean,unidentifiable_concept_reversal,256,0.5,1.0,0.513671875,10
v1_learned_mean,unidentifiable_concept_reversal,256,0.55,1.0,0.54375,10
v1_learned_mean,unidentifiable_concept_reversal,256,0.6,1.0,0.590625,10
v1_learned_mean,unidentifiable_concept_reversal,256,0.65,1.0,0.65546875,10
v1_learned_mean,unidentifiable_concept_reversal,256,0.7,1.0,0.689453125,10
v1_learned_mean,unidentifiable_concept_reversal,256,0.75,1.0,0.759765625,10
v1_learned_mean,unidentifiable_concept_reversal,256,0.8,1.0,0.80390625,10
v1_learned_mean,unidentifiable_concept_reversal,256,0.85,1.0,0.83828125,10
v1_learned_mean,unidentifiable_concept_reversal,256,0.9,1.0,0.90703125,10
v1_learned_mean,unidentifiable_concept_reversal,256,0.95,1.0,0.943359375,10
v1_learned_mean,unidentifiable_concept_reversal,512,0.05,1.0,0.0458984375,10
v1_learned_mean,unidentifiable_concept_reversal,512,0.1,1.0,0.1,10
v1_learned_mean,unidentifiable_concept_reversal,512,0.15,1.0,0.1501953125,10
v1_learned_mean,unidentifiable_concept_reversal,512,0.2,1.0,0.2076171875,10
v1_learned_mean,unidentifiable_concept_reversal,512,0.25,1.0,0.2513671875,10
v1_learned_mean,unidentifiable_concept_reversal,512,0.3,1.0,0.3033203125,10
v1_learned_mean,unidentifiable_concept_reversal,512,0.35,1.0,0.34560546875,20
v1_learned_mean,unidentifiable_concept_reversal,512,0.4,1.0,0.3966796875,10
v1_learned_mean,unidentifiable_concept_reversal,512,0.45,1.0,0.4568359375,10
v1_learned_mean,unidentifiable_concept_reversal,512,0.5,1.0,0.4798828125,10
v1_learned_mean,unidentifiable_concept_reversal,512,0.55,1.0,0.5623046875,10
v1_learned_mean,unidentifiable_concept_reversal,512,0.6,1.0,0.5904296875,10
v1_learned_mean,unidentifiable_concept_reversal,512,0.65,1.0,0.651171875,10
v1_learned_mean,unidentifiable_concept_reversal,512,0.7,1.0,0.7021484375,10
v1_learned_mean,unidentifiable_concept_reversal,512,0.75,1.0,0.7419921875,10
v1_learned_mean,unidentifiable_concept_reversal,512,0.8,1.0,0.8009765625,10
v1_learned_mean,unidentifiable_concept_reversal,512,0.85,1.0,0.85,10
v1_learned_mean,unidentifiable_concept_reversal,512,0.9,1.0,0.8994140625,10
v1_learned_mean,unidentifiable_concept_reversal,512,0.95,1.0,0.9521484375,10
v2_omnibus_mean,conditional_scale,32,0.05,0.3,0.0625,10
v2_omnibus_mean,conditional_scale,32,0.1,0.2,0.13125,10
v2_omnibus_mean,conditional_scale,32,0.15,0.3,0.146875,20
v2_omnibus_mean,conditional_scale,32,0.2,0.4,0.21875,10
v2_omnibus_mean,conditional_scale,32,0.25,0.6,0.253125,10
v2_omnibus_mean,conditional_scale,32,0.3,0.6,0.328125,10
v2_omnibus_mean,conditional_scale,32,0.35,0.7,0.334375,10
v2_omnibus_mean,conditional_scale,32,0.4,0.5,0.38125,10
v2_omnibus_mean,conditional_scale,32,0.45,0.7,0.45625,10
v2_omnibus_mean,conditional_scale,32,0.5,0.4,0.46875,10
v2_omnibus_mean,conditional_scale,32,0.55,0.7,0.528125,10
v2_omnibus_mean,conditional_scale,32,0.6,0.9,0.615625,10
v2_omnibus_mean,conditional_scale,32,0.65,0.7,0.675,10
v2_omnibus_mean,conditional_scale,32,0.7,1.0,0.7125,10
v2_omnibus_mean,conditional_scale,32,0.75,0.9,0.7375,10
v2_omnibus_mean,conditional_scale,32,0.8,1.0,0.790625,10
v2_omnibus_mean,conditional_scale,32,0.85,0.9,0.834375,10
v2_omnibus_mean,conditional_scale,32,0.9,1.0,0.90625,10
v2_omnibus_mean,conditional_scale,32,0.95,1.0,0.946875,10
v2_omnibus_mean,conditional_scale,64,0.05,0.0,0.046875,10
v2_omnibus_mean,conditional_scale,64,0.1,0.0,0.0796875,10
v2_omnibus_mean,conditional_scale,64,0.15,0.15,0.15078125,20
v2_omnibus_mean,conditional_scale,64,0.2,0.0,0.2140625,10
v2_omnibus_mean,conditional_scale,64,0.25,0.0,0.2359375,10
v2_omnibus_mean,conditional_scale,64,0.3,0.2,0.265625,10
v2_omnibus_mean,conditional_scale,64,0.35,0.3,0.3359375,10
v2_omnibus_mean,conditional_scale,64,0.4,0.4,0.3921875,10
v2_omnibus_mean,conditional_scale,64,0.45,0.4,0.45625,10
v2_omnibus_mean,conditional_scale,64,0.5,0.6,0.4984375,10
v2_omnibus_mean,conditional_scale,64,0.55,0.5,0.546875,10
v2_omnibus_mean,conditional_scale,64,0.6,0.6,0.5859375,10
v2_omnibus_mean,conditional_scale,64,0.65,0.5,0.646875,10
v2_omnibus_mean,conditional_scale,64,0.7,0.8,0.7171875,10
v2_omnibus_mean,conditional_scale,64,0.75,0.9,0.753125,10
v2_omnibus_mean,conditional_scale,64,0.8,0.9,0.79375,10
v2_omnibus_mean,conditional_scale,64,0.85,0.9,0.85625,10
v2_omnibus_mean,conditional_scale,64,0.9,1.0,0.8921875,10
v2_omnibus_mean,conditional_scale,64,0.95,0.9,0.9375,10
v2_omnibus_mean,conditional_scale,128,0.05,0.0,0.04375,10
v2_omnibus_mean,conditional_scale,128,0.1,0.0,0.10390625,10
v2_omnibus_mean,conditional_scale,128,0.15,0.0,0.140625,20
v2_omnibus_mean,conditional_scale,128,0.2,0.0,0.2,10
v2_omnibus_mean,conditional_scale,128,0.25,0.0,0.2328125,10
v2_omnibus_mean,conditional_scale,128,0.3,0.0,0.29609375,10
v2_omnibus_mean,conditional_scale,128,0.35,0.0,0.340625,10
v2_omnibus_mean,conditional_scale,128,0.4,0.0,0.4046875,10
v2_omnibus_mean,conditional_scale,128,0.45,0.1,0.45390625,10
v2_omnibus_mean,conditional_scale,128,0.5,0.3,0.478125,10
v2_omnibus_mean,conditional_scale,128,0.55,0.3,0.5296875,10
v2_omnibus_mean,conditional_scale,128,0.6,0.6,0.5796875,10
v2_omnibus_mean,conditional_scale,128,0.65,0.6,0.64921875,10
v2_omnibus_mean,conditional_scale,128,0.7,0.8,0.70703125,10
v2_omnibus_mean,conditional_scale,128,0.75,0.9,0.75390625,10
v2_omnibus_mean,conditional_scale,128,0.8,0.9,0.790625,10
v2_omnibus_mean,conditional_scale,128,0.85,0.9,0.853125,10
v2_omnibus_mean,conditional_scale,128,0.9,1.0,0.8875,10
v2_omnibus_mean,conditional_scale,128,0.95,1.0,0.9453125,10
v2_omnibus_mean,conditional_scale,256,0.05,0.0,0.05078125,10
v2_omnibus_mean,conditional_scale,256,0.1,0.0,0.108203125,10
v2_omnibus_mean,conditional_scale,256,0.15,0.0,0.1478515625,20
v2_omnibus_mean,conditional_scale,256,0.2,0.0,0.209375,10
v2_omnibus_mean,conditional_scale,256,0.25,0.0,0.254296875,10
v2_omnibus_mean,conditional_scale,256,0.3,0.0,0.291015625,10
v2_omnibus_mean,conditional_scale,256,0.35,0.0,0.3546875,10
v2_omnibus_mean,conditional_scale,256,0.4,0.0,0.41953125,10
v2_omnibus_mean,conditional_scale,256,0.45,0.0,0.447265625,10
v2_omnibus_mean,conditional_scale,256,0.5,0.0,0.488671875,10
v2_omnibus_mean,conditional_scale,256,0.55,0.0,0.55,10
v2_omnibus_mean,conditional_scale,256,0.6,0.0,0.59375,10
v2_omnibus_mean,conditional_scale,256,0.65,0.4,0.65078125,10
v2_omnibus_mean,conditional_scale,256,0.7,0.5,0.685546875,10
v2_omnibus_mean,conditional_scale,256,0.75,0.9,0.74375,10
v2_omnibus_mean,conditional_scale,256,0.8,1.0,0.795703125,10
v2_omnibus_mean,conditional_scale,256,0.85,0.9,0.837890625,10
v2_omnibus_mean,conditional_scale,256,0.9,1.0,0.891796875,10
v2_omnibus_mean,conditional_scale,256,0.95,1.0,0.952734375,10
v2_omnibus_mean,conditional_scale,512,0.05,0.0,0.0490234375,10
v2_omnibus_mean,conditional_scale,512,0.1,0.0,0.0966796875,10
v2_omnibus_mean,conditional_scale,512,0.15,0.0,0.15009765625,20
v2_omnibus_mean,conditional_scale,512,0.2,0.0,0.205078125,10
v2_omnibus_mean,conditional_scale,512,0.25,0.0,0.24921875,10
v2_omnibus_mean,conditional_scale,512,0.3,0.0,0.2982421875,10
v2_omnibus_mean,conditional_scale,512,0.35,0.0,0.3548828125,10
v2_omnibus_mean,conditional_scale,512,0.4,0.0,0.398046875,10
v2_omnibus_mean,conditional_scale,512,0.45,0.0,0.4443359375,10
v2_omnibus_mean,conditional_scale,512,0.5,0.0,0.5060546875,10
v2_omnibus_mean,conditional_scale,512,0.55,0.0,0.5630859375,10
v2_omnibus_mean,conditional_scale,512,0.6,0.0,0.5951171875,10
v2_omnibus_mean,conditional_scale,512,0.65,0.0,0.6509765625,10
v2_omnibus_mean,conditional_scale,512,0.7,0.3,0.7009765625,10
v2_omnibus_mean,conditional_scale,512,0.75,0.4,0.7375,10
v2_omnibus_mean,conditional_scale,512,0.8,1.0,0.8048828125,10
v2_omnibus_mean,conditional_scale,512,0.85,1.0,0.8490234375,10
v2_omnibus_mean,conditional_scale,512,0.9,1.0,0.894921875,10
v2_omnibus_mean,conditional_scale,512,0.95,1.0,0.9470703125,10
v2_omnibus_mean,conditional_translation,32,0.05,1.0,0.05625,10
v2_omnibus_mean,conditional_translation,32,0.1,0.95,0.115625,20
v2_omnibus_mean,conditional_translation,32,0.15,1.0,0.15625,10
v2_omnibus_mean,conditional_translation,32,0.2,0.9,0.203125,10
v2_omnibus_mean,conditional_translation,32,0.25,0.5,0.246875,10
v2_omnibus_mean,conditional_translation,32,0.3,0.4,0.328125,10
v2_omnibus_mean,conditional_translation,32,0.35,0.6,0.296875,10
v2_omnibus_mean,conditional_translation,32,0.4,0.0,0.390625,10
v2_omnibus_mean,conditional_translation,32,0.45,0.2,0.440625,10
v2_omnibus_mean,conditional_translation,32,0.5,0.0,0.528125,10
v2_omnibus_mean,conditional_translation,32,0.55,0.0,0.50625,10
v2_omnibus_mean,conditional_translation,32,0.6,0.0,0.6375,10
v2_omnibus_mean,conditional_translation,32,0.65,0.0,0.65,10
v2_omnibus_mean,conditional_translation,32,0.7,0.0,0.69375,10
v2_omnibus_mean,conditional_translation,32,0.75,0.0,0.790625,10
v2_omnibus_mean,conditional_translation,32,0.8,0.0,0.815625,10
v2_omnibus_mean,conditional_translation,32,0.85,0.0,0.840625,10
v2_omnibus_mean,conditional_translation,32,0.9,0.0,0.89375,10
v2_omnibus_mean,conditional_translation,32,0.95,0.0,0.953125,10
v2_omnibus_mean,conditional_translation,64,0.05,1.0,0.0640625,10
v2_omnibus_mean,conditional_translation,64,0.1,0.9,0.1171875,20
v2_omnibus_mean,conditional_translation,64,0.15,0.8,0.1625,10
v2_omnibus_mean,conditional_translation,64,0.2,0.8,0.20625,10
v2_omnibus_mean,conditional_translation,64,0.25,0.4,0.23125,10
v2_omnibus_mean,conditional_translation,64,0.3,0.0,0.3265625,10
v2_omnibus_mean,conditional_translation,64,0.35,0.1,0.3078125,10
v2_omnibus_mean,conditional_translation,64,0.4,0.0,0.41875,10
v2_omnibus_mean,conditional_translation,64,0.45,0.0,0.428125,10
v2_omnibus_mean,conditional_translation,64,0.5,0.0,0.4953125,10
v2_omnibus_mean,conditional_translation,64,0.55,0.0,0.5625,10
v2_omnibus_mean,conditional_translation,64,0.6,0.0,0.6109375,10
v2_omnibus_mean,conditional_translation,64,0.65,0.0,0.6453125,10
v2_omnibus_mean,conditional_translation,64,0.7,0.0,0.7046875,10
v2_omnibus_mean,conditional_translation,64,0.75,0.0,0.7609375,10
v2_omnibus_mean,conditional_translation,64,0.8,0.0,0.7890625,10
v2_omnibus_mean,conditional_translation,64,0.85,0.0,0.853125,10
v2_omnibus_mean,conditional_translation,64,0.9,0.0,0.896875,10
v2_omnibus_mean,conditional_translation,64,0.95,0.0,0.95,10
v2_omnibus_mean,conditional_translation,128,0.05,1.0,0.05,10
v2_omnibus_mean,conditional_translation,128,0.1,0.9,0.10625,20
v2_omnibus_mean,conditional_translation,128,0.15,0.9,0.14140625,10
v2_omnibus_mean,conditional_translation,128,0.2,0.2,0.20234375,10
v2_omnibus_mean,conditional_translation,128,0.25,0.1,0.25390625,10
v2_omnibus_mean,conditional_translation,128,0.3,0.0,0.309375,10
v2_omnibus_mean,conditional_translation,128,0.35,0.0,0.3078125,10
v2_omnibus_mean,conditional_translation,128,0.4,0.0,0.40546875,10
v2_omnibus_mean,conditional_translation,128,0.45,0.0,0.44609375,10
v2_omnibus_mean,conditional_translation,128,0.5,0.0,0.51171875,10
v2_omnibus_mean,conditional_translation,128,0.55,0.0,0.54609375,10
v2_omnibus_mean,conditional_translation,128,0.6,0.0,0.6,10
v2_omnibus_mean,conditional_translation,128,0.65,0.0,0.6390625,10
v2_omnibus_mean,conditional_translation,128,0.7,0.0,0.70546875,10
v2_omnibus_mean,conditional_translation,128,0.75,0.0,0.7390625,10
v2_omnibus_mean,conditional_translation,128,0.8,0.0,0.7921875,10
v2_omnibus_mean,conditional_translation,128,0.85,0.0,0.84765625,10
v2_omnibus_mean,conditional_translation,128,0.9,0.0,0.89375,10
v2_omnibus_mean,conditional_translation,128,0.95,0.0,0.95625,10
v2_omnibus_mean,conditional_translation,256,0.05,1.0,0.046875,10
v2_omnibus_mean,conditional_translation,256,0.1,0.9,0.1005859375,20
v2_omnibus_mean,conditional_translation,256,0.15,0.4,0.14453125,10
v2_omnibus_mean,conditional_translation,256,0.2,0.0,0.19453125,10
v2_omnibus_mean,conditional_translation,256,0.25,0.0,0.2515625,10
v2_omnibus_mean,conditional_translation,256,0.3,0.0,0.30078125,10
v2_omnibus_mean,conditional_translation,256,0.35,0.0,0.334765625,10
v2_omnibus_mean,conditional_translation,256,0.4,0.0,0.39296875,10
v2_omnibus_mean,conditional_translation,256,0.45,0.0,0.430859375,10
v2_omnibus_mean,conditional_translation,256,0.5,0.0,0.50078125,10
v2_omnibus_mean,conditional_translation,256,0.55,0.0,0.53984375,10
v2_omnibus_mean,conditional_translation,256,0.6,0.0,0.61875,10
v2_omnibus_mean,conditional_translation,256,0.65,0.0,0.618359375,10
v2_omnibus_mean,conditional_translation,256,0.7,0.0,0.694921875,10
v2_omnibus_mean,conditional_translation,256,0.75,0.0,0.755078125,10
v2_omnibus_mean,conditional_translation,256,0.8,0.0,0.791015625,10
v2_omnibus_mean,conditional_translation,256,0.85,0.0,0.848828125,10
v2_omnibus_mean,conditional_translation,256,0.9,0.0,0.90390625,10
v2_omnibus_mean,conditional_translation,256,0.95,0.0,0.94921875,10
v2_omnibus_mean,conditional_translation,512,0.05,1.0,0.05625,10
v2_omnibus_mean,conditional_translation,512,0.1,0.9,0.0986328125,20
v2_omnibus_mean,conditional_translation,512,0.15,0.0,0.1556640625,10
v2_omnibus_mean,conditional_translation,512,0.2,0.0,0.198828125,10
v2_omnibus_mean,conditional_translation,512,0.25,0.0,0.253515625,10
v2_omnibus_mean,conditional_translation,512,0.3,0.0,0.295703125,10
v2_omnibus_mean,conditional_translation,512,0.35,0.0,0.342578125,10
v2_omnibus_mean,conditional_translation,512,0.4,0.0,0.396875,10
v2_omnibus_mean,conditional_translation,512,0.45,0.0,0.4458984375,10
v2_omnibus_mean,conditional_translation,512,0.5,0.0,0.49375,10
v2_omnibus_mean,conditional_translation,512,0.55,0.0,0.55,10
v2_omnibus_mean,conditional_translation,512,0.6,0.0,0.608984375,10
v2_omnibus_mean,conditional_translation,512,0.65,0.0,0.6544921875,10
v2_omnibus_mean,conditional_translation,512,0.7,0.0,0.692578125,10
v2_omnibus_mean,conditional_translation,512,0.75,0.0,0.7515625,10
v2_omnibus_mean,conditional_translation,512,0.8,0.0,0.8083984375,10
v2_omnibus_mean,conditional_translation,512,0.85,0.0,0.8505859375,10
v2_omnibus_mean,conditional_translation,512,0.9,0.0,0.8955078125,10
v2_omnibus_mean,conditional_translation,512,0.95,0.0,0.9490234375,10
v2_omnibus_mean,covariance_shear,32,0.05,1.0,0.059375,10
v2_omnibus_mean,covariance_shear,32,0.1,1.0,0.09375,10
v2_omnibus_mean,covariance_shear,32,0.15,1.0,0.140625,10
v2_omnibus_mean,covariance_shear,32,0.2,1.0,0.171875,10
v2_omnibus_mean,covariance_shear,32,0.25,1.0,0.2375,10
v2_omnibus_mean,covariance_shear,32,0.3,1.0,0.2890625,20
v2_omnibus_mean,covariance_shear,32,0.35,1.0,0.325,10
v2_omnibus_mean,covariance_shear,32,0.4,1.0,0.375,10
v2_omnibus_mean,covariance_shear,32,0.45,1.0,0.434375,10
v2_omnibus_mean,covariance_shear,32,0.5,1.0,0.509375,10
v2_omnibus_mean,covariance_shear,32,0.55,0.8,0.584375,10
v2_omnibus_mean,covariance_shear,32,0.6,1.0,0.553125,10
v2_omnibus_mean,covariance_shear,32,0.65,0.8,0.684375,10
v2_omnibus_mean,covariance_shear,32,0.7,0.7,0.684375,10
v2_omnibus_mean,covariance_shear,32,0.75,0.7,0.740625,10
v2_omnibus_mean,covariance_shear,32,0.8,0.8,0.790625,10
v2_omnibus_mean,covariance_shear,32,0.85,0.6,0.828125,10
v2_omnibus_mean,covariance_shear,32,0.9,0.7,0.90625,10
v2_omnibus_mean,covariance_shear,32,0.95,0.4,0.95,10
v2_omnibus_mean,covariance_shear,64,0.05,1.0,0.059375,10
v2_omnibus_mean,covariance_shear,64,0.1,1.0,0.1078125,10
v2_omnibus_mean,covariance_shear,64,0.15,0.9,0.140625,10
v2_omnibus_mean,covariance_shear,64,0.2,1.0,0.1765625,10
v2_omnibus_mean,covariance_shear,64,0.25,1.0,0.2640625,10
v2_omnibus_mean,covariance_shear,64,0.3,0.95,0.31328125,20
v2_omnibus_mean,covariance_shear,64,0.35,0.9,0.34375,10
v2_omnibus_mean,covariance_shear,64,0.4,0.9,0.3796875,10
v2_omnibus_mean,covariance_shear,64,0.45,1.0,0.4578125,10
v2_omnibus_mean,covariance_shear,64,0.5,0.7,0.4859375,10
v2_omnibus_mean,covariance_shear,64,0.55,0.8,0.5453125,10
v2_omnibus_mean,covariance_shear,64,0.6,0.9,0.565625,10
v2_omnibus_mean,covariance_shear,64,0.65,0.8,0.65625,10
v2_omnibus_mean,covariance_shear,64,0.7,0.7,0.6984375,10
v2_omnibus_mean,covariance_shear,64,0.75,0.5,0.7265625,10
v2_omnibus_mean,covariance_shear,64,0.8,0.5,0.80625,10
v2_omnibus_mean,covariance_shear,64,0.85,0.5,0.84375,10
v2_omnibus_mean,covariance_shear,64,0.9,0.3,0.903125,10
v2_omnibus_mean,covariance_shear,64,0.95,0.2,0.9421875,10
v2_omnibus_mean,covariance_shear,128,0.05,1.0,0.04453125,10
v2_omnibus_mean,covariance_shear,128,0.1,1.0,0.1046875,10
v2_omnibus_mean,covariance_shear,128,0.15,1.0,0.15703125,10
v2_omnibus_mean,covariance_shear,128,0.2,1.0,0.19140625,10
v2_omnibus_mean,covariance_shear,128,0.25,1.0,0.24140625,10
v2_omnibus_mean,covariance_shear,128,0.3,0.95,0.31015625,20
v2_omnibus_mean,covariance_shear,128,0.35,0.8,0.3578125,10
v2_omnibus_mean,covariance_shear,128,0.4,1.0,0.4109375,10
v2_omnibus_mean,covariance_shear,128,0.45,0.6,0.43359375,10
v2_omnibus_mean,covariance_shear,128,0.5,0.9,0.5078125,10
v2_omnibus_mean,covariance_shear,128,0.55,0.8,0.55546875,10
v2_omnibus_mean,covariance_shear,128,0.6,0.4,0.59765625,10
v2_omnibus_mean,covariance_shear,128,0.65,0.1,0.6640625,10
v2_omnibus_mean,covariance_shear,128,0.7,0.4,0.68671875,10
v2_omnibus_mean,covariance_shear,128,0.75,0.1,0.74765625,10
v2_omnibus_mean,covariance_shear,128,0.8,0.0,0.80703125,10
v2_omnibus_mean,covariance_shear,128,0.85,0.0,0.84921875,10
v2_omnibus_mean,covariance_shear,128,0.9,0.1,0.90546875,10
v2_omnibus_mean,covariance_shear,128,0.95,0.0,0.94375,10
v2_omnibus_mean,covariance_shear,256,0.05,1.0,0.0546875,10
v2_omnibus_mean,covariance_shear,256,0.1,1.0,0.0953125,10
v2_omnibus_mean,covariance_shear,256,0.15,1.0,0.135546875,10
v2_omnibus_mean,covariance_shear,256,0.2,1.0,0.202734375,10
v2_omnibus_mean,covariance_shear,256,0.25,1.0,0.244921875,10
v2_omnibus_mean,covariance_shear,256,0.3,0.95,0.2927734375,20
v2_omnibus_mean,covariance_shear,256,0.35,0.8,0.3453125,10
v2_omnibus_mean,covariance_shear,256,0.4,0.4,0.39296875,10
v2_omnibus_mean,covariance_shear,256,0.45,0.3,0.45625,10
v2_omnibus_mean,covariance_shear,256,0.5,0.1,0.5125,10
v2_omnibus_mean,covariance_shear,256,0.55,0.1,0.55625,10
v2_omnibus_mean,covariance_shear,256,0.6,0.1,0.59609375,10
v2_omnibus_mean,covariance_shear,256,0.65,0.0,0.658203125,10
v2_omnibus_mean,covariance_shear,256,0.7,0.1,0.69453125,10
v2_omnibus_mean,covariance_shear,256,0.75,0.0,0.740625,10
v2_omnibus_mean,covariance_shear,256,0.8,0.0,0.79375,10
v2_omnibus_mean,covariance_shear,256,0.85,0.0,0.841796875,10
v2_omnibus_mean,covariance_shear,256,0.9,0.0,0.895703125,10
v2_omnibus_mean,covariance_shear,256,0.95,0.0,0.947265625,10
v2_omnibus_mean,covariance_shear,512,0.05,1.0,0.0515625,10
v2_omnibus_mean,covariance_shear,512,0.1,1.0,0.1009765625,10
v2_omnibus_mean,covariance_shear,512,0.15,1.0,0.15078125,10
v2_omnibus_mean,covariance_shear,512,0.2,1.0,0.191796875,10
v2_omnibus_mean,covariance_shear,512,0.25,1.0,0.254296875,10
v2_omnibus_mean,covariance_shear,512,0.3,0.75,0.298828125,20
v2_omnibus_mean,covariance_shear,512,0.35,0.7,0.348828125,10
v2_omnibus_mean,covariance_shear,512,0.4,0.4,0.4021484375,10
v2_omnibus_mean,covariance_shear,512,0.45,0.0,0.4583984375,10
v2_omnibus_mean,covariance_shear,512,0.5,0.0,0.4962890625,10
v2_omnibus_mean,covariance_shear,512,0.55,0.1,0.5541015625,10
v2_omnibus_mean,covariance_shear,512,0.6,0.0,0.608984375,10
v2_omnibus_mean,covariance_shear,512,0.65,0.0,0.6587890625,10
v2_omnibus_mean,covariance_shear,512,0.7,0.0,0.70625,10
v2_omnibus_mean,covariance_shear,512,0.75,0.0,0.7541015625,10
v2_omnibus_mean,covariance_shear,512,0.8,0.0,0.794921875,10
v2_omnibus_mean,covariance_shear,512,0.85,0.0,0.85,10
v2_omnibus_mean,covariance_shear,512,0.9,0.0,0.9021484375,10
v2_omnibus_mean,covariance_shear,512,0.95,0.0,0.9470703125,10
v2_omnibus_mean,outcome_dependent_dropout,32,0.05,1.0,0.059375,10
v2_omnibus_mean,outcome_dependent_dropout,32,0.1,0.8,0.134375,10
v2_omnibus_mean,outcome_dependent_dropout,32,0.15,0.8,0.140625,10
v2_omnibus_mean,outcome_dependent_dropout,32,0.2,0.9,0.18125,10
v2_omnibus_mean,outcome_dependent_dropout,32,0.25,0.55,0.2421875,20
v2_omnibus_mean,outcome_dependent_dropout,32,0.3,0.4,0.31875,10
v2_omnibus_mean,outcome_dependent_dropout,32,0.35,0.2,0.378125,10
v2_omnibus_mean,outcome_dependent_dropout,32,0.4,0.1,0.4,10
v2_omnibus_mean,outcome_dependent_dropout,32,0.45,0.0,0.48125,10
v2_omnibus_mean,outcome_dependent_dropout,32,0.5,0.0,0.490625,10
v2_omnibus_mean,outcome_dependent_dropout,32,0.55,0.0,0.571875,10
v2_omnibus_mean,outcome_dependent_dropout,32,0.6,0.0,0.590625,10
v2_omnibus_mean,outcome_dependent_dropout,32,0.65,0.0,0.684375,10
v2_omnibus_mean,outcome_dependent_dropout,32,0.7,0.0,0.65,10
v2_omnibus_mean,outcome_dependent_dropout,32,0.75,0.0,0.75625,10
v2_omnibus_mean,outcome_dependent_dropout,32,0.8,0.0,0.809375,10
v2_omnibus_mean,outcome_dependent_dropout,32,0.85,0.0,0.809375,10
v2_omnibus_mean,outcome_dependent_dropout,32,0.9,0.0,0.89375,10
v2_omnibus_mean,outcome_dependent_dropout,32,0.95,0.0,0.953125,10
v2_omnibus_mean,outcome_dependent_dropout,64,0.05,1.0,0.0421875,10
v2_omnibus_mean,outcome_dependent_dropout,64,0.1,0.8,0.0921875,10
v2_omnibus_mean,outcome_dependent_dropout,64,0.15,0.7,0.16875,10
v2_omnibus_mean,outcome_dependent_dropout,64,0.2,0.3,0.228125,10
v2_omnibus_mean,outcome_dependent_dropout,64,0.25,0.05,0.2828125,20
v2_omnibus_mean,outcome_dependent_dropout,64,0.3,0.0,0.3109375,10
v2_omnibus_mean,outcome_dependent_dropout,64,0.35,0.0,0.33125,10
v2_omnibus_mean,outcome_dependent_dropout,64,0.4,0.0,0.4234375,10
v2_omnibus_mean,outcome_dependent_dropout,64,0.45,0.0,0.490625,10
v2_omnibus_mean,outcome_dependent_dropout,64,0.5,0.0,0.4984375,10
v2_omnibus_mean,outcome_dependent_dropout,64,0.55,0.0,0.5359375,10
v2_omnibus_mean,outcome_dependent_dropout,64,0.6,0.0,0.6453125,10
v2_omnibus_mean,outcome_dependent_dropout,64,0.65,0.0,0.64375,10
v2_omnibus_mean,outcome_dependent_dropout,64,0.7,0.0,0.6921875,10
v2_omnibus_mean,outcome_dependent_dropout,64,0.75,0.0,0.7375,10
v2_omnibus_mean,outcome_dependent_dropout,64,0.8,0.0,0.7921875,10
v2_omnibus_mean,outcome_dependent_dropout,64,0.85,0.0,0.840625,10
v2_omnibus_mean,outcome_dependent_dropout,64,0.9,0.0,0.8875,10
v2_omnibus_mean,outcome_dependent_dropout,64,0.95,0.0,0.959375,10
v2_omnibus_mean,outcome_dependent_dropout,128,0.05,1.0,0.05078125,10
v2_omnibus_mean,outcome_dependent_dropout,128,0.1,0.9,0.09609375,10
v2_omnibus_mean,outcome_dependent_dropout,128,0.15,0.6,0.15,10
v2_omnibus_mean,outcome_dependent_dropout,128,0.2,0.1,0.1953125,10
v2_omnibus_mean,outcome_dependent_dropout,128,0.25,0.05,0.251171875,20
v2_omnibus_mean,outcome_dependent_dropout,128,0.3,0.0,0.27578125,10
v2_omnibus_mean,outcome_dependent_dropout,128,0.35,0.0,0.3609375,10
v2_omnibus_mean,outcome_dependent_dropout,128,0.4,0.0,0.39453125,10
v2_omnibus_mean,outcome_dependent_dropout,128,0.45,0.0,0.45859375,10
v2_omnibus_mean,outcome_dependent_dropout,128,0.5,0.0,0.5,10
v2_omnibus_mean,outcome_dependent_dropout,128,0.55,0.0,0.55625,10
v2_omnibus_mean,outcome_dependent_dropout,128,0.6,0.0,0.61640625,10
v2_omnibus_mean,outcome_dependent_dropout,128,0.65,0.0,0.640625,10
v2_omnibus_mean,outcome_dependent_dropout,128,0.7,0.0,0.70859375,10
v2_omnibus_mean,outcome_dependent_dropout,128,0.75,0.0,0.73125,10
v2_omnibus_mean,outcome_dependent_dropout,128,0.8,0.0,0.78828125,10
v2_omnibus_mean,outcome_dependent_dropout,128,0.85,0.0,0.83984375,10
v2_omnibus_mean,outcome_dependent_dropout,128,0.9,0.0,0.91484375,10
v2_omnibus_mean,outcome_dependent_dropout,128,0.95,0.0,0.95625,10
v2_omnibus_mean,outcome_dependent_dropout,256,0.05,1.0,0.053125,10
v2_omnibus_mean,outcome_dependent_dropout,256,0.1,0.7,0.105859375,10
v2_omnibus_mean,outcome_dependent_dropout,256,0.15,0.0,0.1421875,10
v2_omnibus_mean,outcome_dependent_dropout,256,0.2,0.0,0.187109375,10
v2_omnibus_mean,outcome_dependent_dropout,256,0.25,0.0,0.2447265625,20
v2_omnibus_mean,outcome_dependent_dropout,256,0.3,0.0,0.281640625,10
v2_omnibus_mean,outcome_dependent_dropout,256,0.35,0.0,0.357421875,10
v2_omnibus_mean,outcome_dependent_dropout,256,0.4,0.0,0.39375,10
v2_omnibus_mean,outcome_dependent_dropout,256,0.45,0.0,0.4453125,10
v2_omnibus_mean,outcome_dependent_dropout,256,0.5,0.0,0.500390625,10
v2_omnibus_mean,outcome_dependent_dropout,256,0.55,0.0,0.550390625,10
v2_omnibus_mean,outcome_dependent_dropout,256,0.6,0.0,0.590625,10
v2_omnibus_mean,outcome_dependent_dropout,256,0.65,0.0,0.630078125,10
v2_omnibus_mean,outcome_dependent_dropout,256,0.7,0.0,0.678125,10
v2_omnibus_mean,outcome_dependent_dropout,256,0.75,0.0,0.7453125,10
v2_omnibus_mean,outcome_dependent_dropout,256,0.8,0.0,0.807421875,10
v2_omnibus_mean,outcome_dependent_dropout,256,0.85,0.0,0.848046875,10
v2_omnibus_mean,outcome_dependent_dropout,256,0.9,0.0,0.895703125,10
v2_omnibus_mean,outcome_dependent_dropout,256,0.95,0.0,0.937890625,10
v2_omnibus_mean,outcome_dependent_dropout,512,0.05,0.9,0.0435546875,10
v2_omnibus_mean,outcome_dependent_dropout,512,0.1,0.5,0.1052734375,10
v2_omnibus_mean,outcome_dependent_dropout,512,0.15,0.0,0.1564453125,10
v2_omnibus_mean,outcome_dependent_dropout,512,0.2,0.0,0.1951171875,10
v2_omnibus_mean,outcome_dependent_dropout,512,0.25,0.0,0.2552734375,20
v2_omnibus_mean,outcome_dependent_dropout,512,0.3,0.0,0.3021484375,10
v2_omnibus_mean,outcome_dependent_dropout,512,0.35,0.0,0.3529296875,10
v2_omnibus_mean,outcome_dependent_dropout,512,0.4,0.0,0.4041015625,10
v2_omnibus_mean,outcome_dependent_dropout,512,0.45,0.0,0.4369140625,10
v2_omnibus_mean,outcome_dependent_dropout,512,0.5,0.0,0.4955078125,10
v2_omnibus_mean,outcome_dependent_dropout,512,0.55,0.0,0.5513671875,10
v2_omnibus_mean,outcome_dependent_dropout,512,0.6,0.0,0.608203125,10
v2_omnibus_mean,outcome_dependent_dropout,512,0.65,0.0,0.64609375,10
v2_omnibus_mean,outcome_dependent_dropout,512,0.7,0.0,0.707421875,10
v2_omnibus_mean,outcome_dependent_dropout,512,0.75,0.0,0.7443359375,10
v2_omnibus_mean,outcome_dependent_dropout,512,0.8,0.0,0.80234375,10
v2_omnibus_mean,outcome_dependent_dropout,512,0.85,0.0,0.8568359375,10
v2_omnibus_mean,outcome_dependent_dropout,512,0.9,0.0,0.9029296875,10
v2_omnibus_mean,outcome_dependent_dropout,512,0.95,0.0,0.9478515625,10
v2_omnibus_mean,pure_label_shift,32,0.05,0.95,0.04375,20
v2_omnibus_mean,pure_label_shift,32,0.1,0.9,0.096875,10
v2_omnibus_mean,pure_label_shift,32,0.15,1.0,0.15,10
v2_omnibus_mean,pure_label_shift,32,0.2,1.0,0.178125,10
v2_omnibus_mean,pure_label_shift,32,0.25,1.0,0.234375,10
v2_omnibus_mean,pure_label_shift,32,0.3,1.0,0.309375,10
v2_omnibus_mean,pure_label_shift,32,0.35,1.0,0.340625,10
v2_omnibus_mean,pure_label_shift,32,0.4,1.0,0.365625,10
v2_omnibus_mean,pure_label_shift,32,0.45,1.0,0.484375,10
v2_omnibus_mean,pure_label_shift,32,0.5,1.0,0.490625,10
v2_omnibus_mean,pure_label_shift,32,0.55,1.0,0.58125,10
v2_omnibus_mean,pure_label_shift,32,0.6,1.0,0.578125,10
v2_omnibus_mean,pure_label_shift,32,0.65,1.0,0.68125,10
v2_omnibus_mean,pure_label_shift,32,0.7,1.0,0.690625,10
v2_omnibus_mean,pure_label_shift,32,0.75,1.0,0.7,10
v2_omnibus_mean,pure_label_shift,32,0.8,1.0,0.8,10
v2_omnibus_mean,pure_label_shift,32,0.85,1.0,0.85,10
v2_omnibus_mean,pure_label_shift,32,0.9,1.0,0.89375,10
v2_omnibus_mean,pure_label_shift,32,0.95,1.0,0.965625,10
v2_omnibus_mean,pure_label_shift,64,0.05,1.0,0.05390625,20
v2_omnibus_mean,pure_label_shift,64,0.1,1.0,0.0890625,10
v2_omnibus_mean,pure_label_shift,64,0.15,1.0,0.1703125,10
v2_omnibus_mean,pure_label_shift,64,0.2,1.0,0.1859375,10
v2_omnibus_mean,pure_label_shift,64,0.25,1.0,0.2265625,10
v2_omnibus_mean,pure_label_shift,64,0.3,1.0,0.3109375,10
v2_omnibus_mean,pure_label_shift,64,0.35,1.0,0.3703125,10
v2_omnibus_mean,pure_label_shift,64,0.4,1.0,0.4078125,10
v2_omnibus_mean,pure_label_shift,64,0.45,1.0,0.4234375,10
v2_omnibus_mean,pure_label_shift,64,0.5,1.0,0.5140625,10
v2_omnibus_mean,pure_label_shift,64,0.55,1.0,0.5890625,10
v2_omnibus_mean,pure_label_shift,64,0.6,1.0,0.6296875,10
v2_omnibus_mean,pure_label_shift,64,0.65,1.0,0.65,10
v2_omnibus_mean,pure_label_shift,64,0.7,1.0,0.703125,10
v2_omnibus_mean,pure_label_shift,64,0.75,1.0,0.7296875,10
v2_omnibus_mean,pure_label_shift,64,0.8,1.0,0.80625,10
v2_omnibus_mean,pure_label_shift,64,0.85,1.0,0.8359375,10
v2_omnibus_mean,pure_label_shift,64,0.9,1.0,0.9,10
v2_omnibus_mean,pure_label_shift,64,0.95,1.0,0.9625,10
v2_omnibus_mean,pure_label_shift,128,0.05,1.0,0.052734375,20
v2_omnibus_mean,pure_label_shift,128,0.1,1.0,0.109375,10
v2_omnibus_mean,pure_label_shift,128,0.15,1.0,0.140625,10
v2_omnibus_mean,pure_label_shift,128,0.2,1.0,0.196875,10
v2_omnibus_mean,pure_label_shift,128,0.25,1.0,0.246875,10
v2_omnibus_mean,pure_label_shift,128,0.3,1.0,0.278125,10
v2_omnibus_mean,pure_label_shift,128,0.35,1.0,0.34296875,10
v2_omnibus_mean,pure_label_shift,128,0.4,1.0,0.3984375,10
v2_omnibus_mean,pure_label_shift,128,0.45,1.0,0.45546875,10
v2_omnibus_mean,pure_label_shift,128,0.5,1.0,0.5015625,10
v2_omnibus_mean,pure_label_shift,128,0.55,1.0,0.5484375,10
v2_omnibus_mean,pure_label_shift,128,0.6,1.0,0.58125,10
v2_omnibus_mean,pure_label_shift,128,0.65,1.0,0.67265625,10
v2_omnibus_mean,pure_label_shift,128,0.7,1.0,0.71640625,10
v2_omnibus_mean,pure_label_shift,128,0.75,1.0,0.75,10
v2_omnibus_mean,pure_label_shift,128,0.8,1.0,0.80703125,10
v2_omnibus_mean,pure_label_shift,128,0.85,1.0,0.83359375,10
v2_omnibus_mean,pure_label_shift,128,0.9,1.0,0.91484375,10
v2_omnibus_mean,pure_label_shift,128,0.95,1.0,0.9515625,10
v2_omnibus_mean,pure_label_shift,256,0.05,1.0,0.0525390625,20
v2_omnibus_mean,pure_label_shift,256,0.1,1.0,0.090234375,10
v2_omnibus_mean,pure_label_shift,256,0.15,1.0,0.144140625,10
v2_omnibus_mean,pure_label_shift,256,0.2,1.0,0.2046875,10
v2_omnibus_mean,pure_label_shift,256,0.25,1.0,0.25,10
v2_omnibus_mean,pure_label_shift,256,0.3,1.0,0.296484375,10
v2_omnibus_mean,pure_label_shift,256,0.35,1.0,0.34453125,10
v2_omnibus_mean,pure_label_shift,256,0.4,1.0,0.405078125,10
v2_omnibus_mean,pure_label_shift,256,0.45,1.0,0.448046875,10
v2_omnibus_mean,pure_label_shift,256,0.5,1.0,0.505859375,10
v2_omnibus_mean,pure_label_shift,256,0.55,1.0,0.548046875,10
v2_omnibus_mean,pure_label_shift,256,0.6,1.0,0.586328125,10
v2_omnibus_mean,pure_label_shift,256,0.65,1.0,0.66171875,10
v2_omnibus_mean,pure_label_shift,256,0.7,1.0,0.68828125,10
v2_omnibus_mean,pure_label_shift,256,0.75,1.0,0.753515625,10
v2_omnibus_mean,pure_label_shift,256,0.8,1.0,0.78984375,10
v2_omnibus_mean,pure_label_shift,256,0.85,1.0,0.848046875,10
v2_omnibus_mean,pure_label_shift,256,0.9,1.0,0.88828125,10
v2_omnibus_mean,pure_label_shift,256,0.95,1.0,0.95234375,10
v2_omnibus_mean,pure_label_shift,512,0.05,1.0,0.04638671875,20
v2_omnibus_mean,pure_label_shift,512,0.1,1.0,0.0951171875,10
v2_omnibus_mean,pure_label_shift,512,0.15,1.0,0.15625,10
v2_omnibus_mean,pure_label_shift,512,0.2,1.0,0.18828125,10
v2_omnibus_mean,pure_label_shift,512,0.25,1.0,0.244140625,10
v2_omnibus_mean,pure_label_shift,512,0.3,1.0,0.2994140625,10
v2_omnibus_mean,pure_label_shift,512,0.35,1.0,0.3451171875,10
v2_omnibus_mean,pure_label_shift,512,0.4,1.0,0.3859375,10
v2_omnibus_mean,pure_label_shift,512,0.45,1.0,0.4529296875,10
v2_omnibus_mean,pure_label_shift,512,0.5,1.0,0.51171875,10
v2_omnibus_mean,pure_label_shift,512,0.55,1.0,0.558203125,10
v2_omnibus_mean,pure_label_shift,512,0.6,1.0,0.5892578125,10
v2_omnibus_mean,pure_label_shift,512,0.65,1.0,0.6564453125,10
v2_omnibus_mean,pure_label_shift,512,0.7,1.0,0.6958984375,10
v2_omnibus_mean,pure_label_shift,512,0.75,1.0,0.743359375,10
v2_omnibus_mean,pure_label_shift,512,0.8,1.0,0.7974609375,10
v2_omnibus_mean,pure_label_shift,512,0.85,1.0,0.8548828125,10
v2_omnibus_mean,pure_label_shift,512,0.9,1.0,0.8947265625,10
v2_omnibus_mean,pure_label_shift,512,0.95,1.0,0.9509765625,10
v2_omnibus_mean,support_translation,32,0.05,0.0,0.0625,10
v2_omnibus_mean,support_translation,32,0.1,0.0,0.075,10
v2_omnibus_mean,support_translation,32,0.15,0.0,0.15,10
v2_omnibus_mean,support_translation,32,0.2,0.0,0.1890625,20
v2_omnibus_mean,support_translation,32,0.25,0.0,0.259375,10
v2_omnibus_mean,support_translation,32,0.3,0.0,0.30625,10
v2_omnibus_mean,support_translation,32,0.35,0.0,0.346875,10
v2_omnibus_mean,support_translation,32,0.4,0.0,0.403125,10
v2_omnibus_mean,support_translation,32,0.45,0.0,0.459375,10
v2_omnibus_mean,support_translation,32,0.5,0.0,0.475,10
v2_omnibus_mean,support_translation,32,0.55,0.0,0.553125,10
v2_omnibus_mean,support_translation,32,0.6,0.0,0.625,10
v2_omnibus_mean,support_translation,32,0.65,0.0,0.6625,10
v2_omnibus_mean,support_translation,32,0.7,0.0,0.7125,10
v2_omnibus_mean,support_translation,32,0.75,0.0,0.771875,10
v2_omnibus_mean,support_translation,32,0.8,0.0,0.8,10
v2_omnibus_mean,support_translation,32,0.85,0.0,0.840625,10
v2_omnibus_mean,support_translation,32,0.9,0.0,0.875,10
v2_omnibus_mean,support_translation,32,0.95,0.0,0.953125,10
v2_omnibus_mean,support_translation,64,0.05,0.0,0.0546875,10
v2_omnibus_mean,support_translation,64,0.1,0.0,0.0953125,10
v2_omnibus_mean,support_translation,64,0.15,0.0,0.1671875,10
v2_omnibus_mean,support_translation,64,0.2,0.0,0.17265625,20
v2_omnibus_mean,support_translation,64,0.25,0.0,0.278125,10
v2_omnibus_mean,support_translation,64,0.3,0.0,0.2875,10
v2_omnibus_mean,support_translation,64,0.35,0.0,0.3765625,10
v2_omnibus_mean,support_translation,64,0.4,0.0,0.35,10
v2_omnibus_mean,support_translation,64,0.45,0.0,0.4140625,10
v2_omnibus_mean,support_translation,64,0.5,0.0,0.5125,10
v2_omnibus_mean,support_translation,64,0.55,0.0,0.528125,10
v2_omnibus_mean,support_translation,64,0.6,0.0,0.590625,10
v2_omnibus_mean,support_translation,64,0.65,0.0,0.615625,10
v2_omnibus_mean,support_translation,64,0.7,0.0,0.6921875,10
v2_omnibus_mean,support_translation,64,0.75,0.0,0.7546875,10
v2_omnibus_mean,support_translation,64,0.8,0.0,0.7921875,10
v2_omnibus_mean,support_translation,64,0.85,0.0,0.8640625,10
v2_omnibus_mean,support_translation,64,0.9,0.0,0.9046875,10
v2_omnibus_mean,support_translation,64,0.95,0.0,0.9359375,10
v2_omnibus_mean,support_translation,128,0.05,0.0,0.0421875,10
v2_omnibus_mean,support_translation,128,0.1,0.0,0.10546875,10
v2_omnibus_mean,support_translation,128,0.15,0.0,0.1453125,10
v2_omnibus_mean,support_translation,128,0.2,0.0,0.18984375,20
v2_omnibus_mean,support_translation,128,0.25,0.0,0.25703125,10
v2_omnibus_mean,support_translation,128,0.3,0.0,0.30859375,10
v2_omnibus_mean,support_translation,128,0.35,0.0,0.36015625,10
v2_omnibus_mean,support_translation,128,0.4,0.0,0.403125,10
v2_omnibus_mean,support_translation,128,0.45,0.0,0.440625,10
v2_omnibus_mean,support_translation,128,0.5,0.0,0.509375,10
v2_omnibus_mean,support_translation,128,0.55,0.0,0.55625,10
v2_omnibus_mean,support_translation,128,0.6,0.0,0.5859375,10
v2_omnibus_mean,support_translation,128,0.65,0.0,0.6453125,10
v2_omnibus_mean,support_translation,128,0.7,0.0,0.71171875,10
v2_omnibus_mean,support_translation,128,0.75,0.0,0.746875,10
v2_omnibus_mean,support_translation,128,0.8,0.0,0.79453125,10
v2_omnibus_mean,support_translation,128,0.85,0.0,0.85,10
v2_omnibus_mean,support_translation,128,0.9,0.0,0.890625,10
v2_omnibus_mean,support_translation,128,0.95,0.0,0.9515625,10
v2_omnibus_mean,support_translation,256,0.05,0.0,0.0484375,10
v2_omnibus_mean,support_translation,256,0.1,0.0,0.09609375,10
v2_omnibus_mean,support_translation,256,0.15,0.0,0.146875,10
v2_omnibus_mean,support_translation,256,0.2,0.0,0.201171875,20
v2_omnibus_mean,support_translation,256,0.25,0.0,0.245703125,10
v2_omnibus_mean,support_translation,256,0.3,0.0,0.3,10
v2_omnibus_mean,support_translation,256,0.35,0.0,0.362890625,10
v2_omnibus_mean,support_translation,256,0.4,0.0,0.403515625,10
v2_omnibus_mean,support_translation,256,0.45,0.0,0.476171875,10
v2_omnibus_mean,support_translation,256,0.5,0.0,0.495703125,10
v2_omnibus_mean,support_translation,256,0.55,0.0,0.536328125,10
v2_omnibus_mean,support_translation,256,0.6,0.0,0.61953125,10
v2_omnibus_mean,support_translation,256,0.65,0.0,0.658984375,10
v2_omnibus_mean,support_translation,256,0.7,0.0,0.696875,10
v2_omnibus_mean,support_translation,256,0.75,0.0,0.7453125,10
v2_omnibus_mean,support_translation,256,0.8,0.0,0.80546875,10
v2_omnibus_mean,support_translation,256,0.85,0.0,0.849609375,10
v2_omnibus_mean,support_translation,256,0.9,0.0,0.896484375,10
v2_omnibus_mean,support_translation,256,0.95,0.0,0.945703125,10
v2_omnibus_mean,support_translation,512,0.05,0.0,0.051171875,10
v2_omnibus_mean,support_translation,512,0.1,0.0,0.1041015625,10
v2_omnibus_mean,support_translation,512,0.15,0.0,0.1578125,10
v2_omnibus_mean,support_translation,512,0.2,0.0,0.2005859375,20
v2_omnibus_mean,support_translation,512,0.25,0.0,0.2431640625,10
v2_omnibus_mean,support_translation,512,0.3,0.0,0.2904296875,10
v2_omnibus_mean,support_translation,512,0.35,0.0,0.3564453125,10
v2_omnibus_mean,support_translation,512,0.4,0.0,0.402734375,10
v2_omnibus_mean,support_translation,512,0.45,0.0,0.4580078125,10
v2_omnibus_mean,support_translation,512,0.5,0.0,0.491015625,10
v2_omnibus_mean,support_translation,512,0.55,0.0,0.541015625,10
v2_omnibus_mean,support_translation,512,0.6,0.0,0.5890625,10
v2_omnibus_mean,support_translation,512,0.65,0.0,0.6517578125,10
v2_omnibus_mean,support_translation,512,0.7,0.0,0.69609375,10
v2_omnibus_mean,support_translation,512,0.75,0.0,0.759375,10
v2_omnibus_mean,support_translation,512,0.8,0.0,0.8033203125,10
v2_omnibus_mean,support_translation,512,0.85,0.0,0.8412109375,10
v2_omnibus_mean,support_translation,512,0.9,0.0,0.8970703125,10
v2_omnibus_mean,support_translation,512,0.95,0.0,0.949609375,10
v2_omnibus_mean,unidentifiable_concept_reversal,32,0.05,1.0,0.021875,10
v2_omnibus_mean,unidentifiable_concept_reversal,32,0.1,1.0,0.065625,10
v2_omnibus_mean,unidentifiable_concept_reversal,32,0.15,1.0,0.146875,10
v2_omnibus_mean,unidentifiable_concept_reversal,32,0.2,1.0,0.240625,10
v2_omnibus_mean,unidentifiable_concept_reversal,32,0.25,1.0,0.3125,10
v2_omnibus_mean,unidentifiable_concept_reversal,32,0.3,1.0,0.321875,10
v2_omnibus_mean,unidentifiable_concept_reversal,32,0.35,1.0,0.378125,20
v2_omnibus_mean,unidentifiable_concept_reversal,32,0.4,1.0,0.425,10
v2_omnibus_mean,unidentifiable_concept_reversal,32,0.45,1.0,0.440625,10
v2_omnibus_mean,unidentifiable_concept_reversal,32,0.5,1.0,0.475,10
v2_omnibus_mean,unidentifiable_concept_reversal,32,0.55,1.0,0.578125,10
v2_omnibus_mean,unidentifiable_concept_reversal,32,0.6,1.0,0.55625,10
v2_omnibus_mean,unidentifiable_concept_reversal,32,0.65,1.0,0.64375,10
v2_omnibus_mean,unidentifiable_concept_reversal,32,0.7,1.0,0.69375,10
v2_omnibus_mean,unidentifiable_concept_reversal,32,0.75,1.0,0.78125,10
v2_omnibus_mean,unidentifiable_concept_reversal,32,0.8,1.0,0.7875,10
v2_omnibus_mean,unidentifiable_concept_reversal,32,0.85,1.0,0.840625,10
v2_omnibus_mean,unidentifiable_concept_reversal,32,0.9,1.0,0.88125,10
v2_omnibus_mean,unidentifiable_concept_reversal,32,0.95,0.9,0.965625,10
v2_omnibus_mean,unidentifiable_concept_reversal,64,0.05,1.0,0.04375,10
v2_omnibus_mean,unidentifiable_concept_reversal,64,0.1,1.0,0.0984375,10
v2_omnibus_mean,unidentifiable_concept_reversal,64,0.15,1.0,0.153125,10
v2_omnibus_mean,unidentifiable_concept_reversal,64,0.2,1.0,0.184375,10
v2_omnibus_mean,unidentifiable_concept_reversal,64,0.25,1.0,0.2671875,10
v2_omnibus_mean,unidentifiable_concept_reversal,64,0.3,1.0,0.2859375,10
v2_omnibus_mean,unidentifiable_concept_reversal,64,0.35,1.0,0.3328125,20
v2_omnibus_mean,unidentifiable_concept_reversal,64,0.4,1.0,0.38125,10
v2_omnibus_mean,unidentifiable_concept_reversal,64,0.45,1.0,0.4578125,10
v2_omnibus_mean,unidentifiable_concept_reversal,64,0.5,0.9,0.4984375,10
v2_omnibus_mean,unidentifiable_concept_reversal,64,0.55,1.0,0.5578125,10
v2_omnibus_mean,unidentifiable_concept_reversal,64,0.6,1.0,0.5984375,10
v2_omnibus_mean,unidentifiable_concept_reversal,64,0.65,1.0,0.6546875,10
v2_omnibus_mean,unidentifiable_concept_reversal,64,0.7,1.0,0.690625,10
v2_omnibus_mean,unidentifiable_concept_reversal,64,0.75,1.0,0.75625,10
v2_omnibus_mean,unidentifiable_concept_reversal,64,0.8,1.0,0.8203125,10
v2_omnibus_mean,unidentifiable_concept_reversal,64,0.85,1.0,0.8640625,10
v2_omnibus_mean,unidentifiable_concept_reversal,64,0.9,1.0,0.90625,10
v2_omnibus_mean,unidentifiable_concept_reversal,64,0.95,1.0,0.9546875,10
v2_omnibus_mean,unidentifiable_concept_reversal,128,0.05,1.0,0.04296875,10
v2_omnibus_mean,unidentifiable_concept_reversal,128,0.1,1.0,0.096875,10
v2_omnibus_mean,unidentifiable_concept_reversal,128,0.15,1.0,0.14375,10
v2_omnibus_mean,unidentifiable_concept_reversal,128,0.2,1.0,0.20390625,10
v2_omnibus_mean,unidentifiable_concept_reversal,128,0.25,1.0,0.26015625,10
v2_omnibus_mean,unidentifiable_concept_reversal,128,0.3,1.0,0.28046875,10
v2_omnibus_mean,unidentifiable_concept_reversal,128,0.35,1.0,0.365625,20
v2_omnibus_mean,unidentifiable_concept_reversal,128,0.4,1.0,0.4328125,10
v2_omnibus_mean,unidentifiable_concept_reversal,128,0.45,1.0,0.44296875,10
v2_omnibus_mean,unidentifiable_concept_reversal,128,0.5,1.0,0.4859375,10
v2_omnibus_mean,unidentifiable_concept_reversal,128,0.55,1.0,0.56640625,10
v2_omnibus_mean,unidentifiable_concept_reversal,128,0.6,1.0,0.5875,10
v2_omnibus_mean,unidentifiable_concept_reversal,128,0.65,1.0,0.64609375,10
v2_omnibus_mean,unidentifiable_concept_reversal,128,0.7,1.0,0.6984375,10
v2_omnibus_mean,unidentifiable_concept_reversal,128,0.75,1.0,0.7484375,10
v2_omnibus_mean,unidentifiable_concept_reversal,128,0.8,1.0,0.8015625,10
v2_omnibus_mean,unidentifiable_concept_reversal,128,0.85,1.0,0.83359375,10
v2_omnibus_mean,unidentifiable_concept_reversal,128,0.9,1.0,0.9015625,10
v2_omnibus_mean,unidentifiable_concept_reversal,128,0.95,1.0,0.95078125,10
v2_omnibus_mean,unidentifiable_concept_reversal,256,0.05,1.0,0.059375,10
v2_omnibus_mean,unidentifiable_concept_reversal,256,0.1,1.0,0.108203125,10
v2_omnibus_mean,unidentifiable_concept_reversal,256,0.15,1.0,0.143359375,10
v2_omnibus_mean,unidentifiable_concept_reversal,256,0.2,1.0,0.215234375,10
v2_omnibus_mean,unidentifiable_concept_reversal,256,0.25,1.0,0.254296875,10
v2_omnibus_mean,unidentifiable_concept_reversal,256,0.3,1.0,0.3171875,10
v2_omnibus_mean,unidentifiable_concept_reversal,256,0.35,0.95,0.3419921875,20
v2_omnibus_mean,unidentifiable_concept_reversal,256,0.4,1.0,0.40078125,10
v2_omnibus_mean,unidentifiable_concept_reversal,256,0.45,1.0,0.43203125,10
v2_omnibus_mean,unidentifiable_concept_reversal,256,0.5,1.0,0.513671875,10
v2_omnibus_mean,unidentifiable_concept_reversal,256,0.55,1.0,0.54375,10
v2_omnibus_mean,unidentifiable_concept_reversal,256,0.6,1.0,0.590625,10
v2_omnibus_mean,unidentifiable_concept_reversal,256,0.65,1.0,0.65546875,10
v2_omnibus_mean,unidentifiable_concept_reversal,256,0.7,1.0,0.689453125,10
v2_omnibus_mean,unidentifiable_concept_reversal,256,0.75,1.0,0.759765625,10
v2_omnibus_mean,unidentifiable_concept_reversal,256,0.8,1.0,0.80390625,10
v2_omnibus_mean,unidentifiable_concept_reversal,256,0.85,1.0,0.83828125,10
v2_omnibus_mean,unidentifiable_concept_reversal,256,0.9,1.0,0.90703125,10
v2_omnibus_mean,unidentifiable_concept_reversal,256,0.95,1.0,0.943359375,10
v2_omnibus_mean,unidentifiable_concept_reversal,512,0.05,1.0,0.0458984375,10
v2_omnibus_mean,unidentifiable_concept_reversal,512,0.1,1.0,0.1,10
v2_omnibus_mean,unidentifiable_concept_reversal,512,0.15,1.0,0.1501953125,10
v2_omnibus_mean,unidentifiable_concept_reversal,512,0.2,1.0,0.2076171875,10
v2_omnibus_mean,unidentifiable_concept_reversal,512,0.25,1.0,0.2513671875,10
v2_omnibus_mean,unidentifiable_concept_reversal,512,0.3,1.0,0.3033203125,10
v2_omnibus_mean,unidentifiable_concept_reversal,512,0.35,1.0,0.34560546875,20
v2_omnibus_mean,unidentifiable_concept_reversal,512,0.4,1.0,0.3966796875,10
v2_omnibus_mean,unidentifiable_concept_reversal,512,0.45,1.0,0.4568359375,10
v2_omnibus_mean,unidentifiable_concept_reversal,512,0.5,1.0,0.4798828125,10
v2_omnibus_mean,unidentifiable_concept_reversal,512,0.55,1.0,0.5623046875,10
v2_omnibus_mean,unidentifiable_concept_reversal,512,0.6,1.0,0.5904296875,10
v2_omnibus_mean,unidentifiable_concept_reversal,512,0.65,1.0,0.651171875,10
v2_omnibus_mean,unidentifiable_concept_reversal,512,0.7,1.0,0.7021484375,10
v2_omnibus_mean,unidentifiable_concept_reversal,512,0.75,1.0,0.7419921875,10
v2_omnibus_mean,unidentifiable_concept_reversal,512,0.8,1.0,0.8009765625,10
v2_omnibus_mean,unidentifiable_concept_reversal,512,0.85,1.0,0.85,10
v2_omnibus_mean,unidentifiable_concept_reversal,512,0.9,1.0,0.8994140625,10
v2_omnibus_mean,unidentifiable_concept_reversal,512,0.95,1.0,0.9521484375,10
v3_max_moment,conditional_scale,32,0.05,0.3,0.0625,10
v3_max_moment,conditional_scale,32,0.1,0.3,0.13125,10
v3_max_moment,conditional_scale,32,0.15,0.2,0.146875,20
v3_max_moment,conditional_scale,32,0.2,0.4,0.21875,10
v3_max_moment,conditional_scale,32,0.25,0.6,0.253125,10
v3_max_moment,conditional_scale,32,0.3,0.6,0.328125,10
v3_max_moment,conditional_scale,32,0.35,0.8,0.334375,10
v3_max_moment,conditional_scale,32,0.4,0.6,0.38125,10
v3_max_moment,conditional_scale,32,0.45,0.9,0.45625,10
v3_max_moment,conditional_scale,32,0.5,0.5,0.46875,10
v3_max_moment,conditional_scale,32,0.55,0.7,0.528125,10
v3_max_moment,conditional_scale,32,0.6,0.9,0.615625,10
v3_max_moment,conditional_scale,32,0.65,0.7,0.675,10
v3_max_moment,conditional_scale,32,0.7,1.0,0.7125,10
v3_max_moment,conditional_scale,32,0.75,1.0,0.7375,10
v3_max_moment,conditional_scale,32,0.8,1.0,0.790625,10
v3_max_moment,conditional_scale,32,0.85,1.0,0.834375,10
v3_max_moment,conditional_scale,32,0.9,1.0,0.90625,10
v3_max_moment,conditional_scale,32,0.95,1.0,0.946875,10
v3_max_moment,conditional_scale,64,0.05,0.0,0.046875,10
v3_max_moment,conditional_scale,64,0.1,0.0,0.0796875,10
v3_max_moment,conditional_scale,64,0.15,0.05,0.15078125,20
v3_max_moment,conditional_scale,64,0.2,0.0,0.2140625,10
v3_max_moment,conditional_scale,64,0.25,0.0,0.2359375,10
v3_max_moment,conditional_scale,64,0.3,0.1,0.265625,10
v3_max_moment,conditional_scale,64,0.35,0.2,0.3359375,10
v3_max_moment,conditional_scale,64,0.4,0.4,0.3921875,10
v3_max_moment,conditional_scale,64,0.45,0.2,0.45625,10
v3_max_moment,conditional_scale,64,0.5,0.2,0.4984375,10
v3_max_moment,conditional_scale,64,0.55,0.6,0.546875,10
v3_max_moment,conditional_scale,64,0.6,0.6,0.5859375,10
v3_max_moment,conditional_scale,64,0.65,0.6,0.646875,10
v3_max_moment,conditional_scale,64,0.7,0.7,0.7171875,10
v3_max_moment,conditional_scale,64,0.75,0.9,0.753125,10
v3_max_moment,conditional_scale,64,0.8,0.9,0.79375,10
v3_max_moment,conditional_scale,64,0.85,1.0,0.85625,10
v3_max_moment,conditional_scale,64,0.9,1.0,0.8921875,10
v3_max_moment,conditional_scale,64,0.95,0.9,0.9375,10
v3_max_moment,conditional_scale,128,0.05,0.0,0.04375,10
v3_max_moment,conditional_scale,128,0.1,0.0,0.10390625,10
v3_max_moment,conditional_scale,128,0.15,0.0,0.140625,20
v3_max_moment,conditional_scale,128,0.2,0.0,0.2,10
v3_max_moment,conditional_scale,128,0.25,0.0,0.2328125,10
v3_max_moment,conditional_scale,128,0.3,0.0,0.29609375,10
v3_max_moment,conditional_scale,128,0.35,0.0,0.340625,10
v3_max_moment,conditional_scale,128,0.4,0.0,0.4046875,10
v3_max_moment,conditional_scale,128,0.45,0.0,0.45390625,10
v3_max_moment,conditional_scale,128,0.5,0.1,0.478125,10
v3_max_moment,conditional_scale,128,0.55,0.2,0.5296875,10
v3_max_moment,conditional_scale,128,0.6,0.6,0.5796875,10
v3_max_moment,conditional_scale,128,0.65,0.4,0.64921875,10
v3_max_moment,conditional_scale,128,0.7,0.7,0.70703125,10
v3_max_moment,conditional_scale,128,0.75,0.9,0.75390625,10
v3_max_moment,conditional_scale,128,0.8,0.9,0.790625,10
v3_max_moment,conditional_scale,128,0.85,1.0,0.853125,10
v3_max_moment,conditional_scale,128,0.9,1.0,0.8875,10
v3_max_moment,conditional_scale,128,0.95,1.0,0.9453125,10
v3_max_moment,conditional_scale,256,0.05,0.0,0.05078125,10
v3_max_moment,conditional_scale,256,0.1,0.0,0.108203125,10
v3_max_moment,conditional_scale,256,0.15,0.0,0.1478515625,20
v3_max_moment,conditional_scale,256,0.2,0.0,0.209375,10
v3_max_moment,conditional_scale,256,0.25,0.0,0.254296875,10
v3_max_moment,conditional_scale,256,0.3,0.0,0.291015625,10
v3_max_moment,conditional_scale,256,0.35,0.0,0.3546875,10
v3_max_moment,conditional_scale,256,0.4,0.0,0.41953125,10
v3_max_moment,conditional_scale,256,0.45,0.0,0.447265625,10
v3_max_moment,conditional_scale,256,0.5,0.0,0.488671875,10
v3_max_moment,conditional_scale,256,0.55,0.0,0.55,10
v3_max_moment,conditional_scale,256,0.6,0.0,0.59375,10
v3_max_moment,conditional_scale,256,0.65,0.1,0.65078125,10
v3_max_moment,conditional_scale,256,0.7,0.2,0.685546875,10
v3_max_moment,conditional_scale,256,0.75,0.3,0.74375,10
v3_max_moment,conditional_scale,256,0.8,0.8,0.795703125,10
v3_max_moment,conditional_scale,256,0.85,0.9,0.837890625,10
v3_max_moment,conditional_scale,256,0.9,1.0,0.891796875,10
v3_max_moment,conditional_scale,256,0.95,1.0,0.952734375,10
v3_max_moment,conditional_scale,512,0.05,0.0,0.0490234375,10
v3_max_moment,conditional_scale,512,0.1,0.0,0.0966796875,10
v3_max_moment,conditional_scale,512,0.15,0.0,0.15009765625,20
v3_max_moment,conditional_scale,512,0.2,0.0,0.205078125,10
v3_max_moment,conditional_scale,512,0.25,0.0,0.24921875,10
v3_max_moment,conditional_scale,512,0.3,0.0,0.2982421875,10
v3_max_moment,conditional_scale,512,0.35,0.0,0.3548828125,10
v3_max_moment,conditional_scale,512,0.4,0.0,0.398046875,10
v3_max_moment,conditional_scale,512,0.45,0.0,0.4443359375,10
v3_max_moment,conditional_scale,512,0.5,0.0,0.5060546875,10
v3_max_moment,conditional_scale,512,0.55,0.0,0.5630859375,10
v3_max_moment,conditional_scale,512,0.6,0.0,0.5951171875,10
v3_max_moment,conditional_scale,512,0.65,0.0,0.6509765625,10
v3_max_moment,conditional_scale,512,0.7,0.0,0.7009765625,10
v3_max_moment,conditional_scale,512,0.75,0.0,0.7375,10
v3_max_moment,conditional_scale,512,0.8,0.5,0.8048828125,10
v3_max_moment,conditional_scale,512,0.85,0.9,0.8490234375,10
v3_max_moment,conditional_scale,512,0.9,1.0,0.894921875,10
v3_max_moment,conditional_scale,512,0.95,1.0,0.9470703125,10
v3_max_moment,conditional_translation,32,0.05,1.0,0.05625,10
v3_max_moment,conditional_translation,32,0.1,1.0,0.115625,20
v3_max_moment,conditional_translation,32,0.15,1.0,0.15625,10
v3_max_moment,conditional_translation,32,0.2,0.9,0.203125,10
v3_max_moment,conditional_translation,32,0.25,0.7,0.246875,10
v3_max_moment,conditional_translation,32,0.3,0.3,0.328125,10
v3_max_moment,conditional_translation,32,0.35,0.5,0.296875,10
v3_max_moment,conditional_translation,32,0.4,0.2,0.390625,10
v3_max_moment,conditional_translation,32,0.45,0.1,0.440625,10
v3_max_moment,conditional_translation,32,0.5,0.0,0.528125,10
v3_max_moment,conditional_translation,32,0.55,0.0,0.50625,10
v3_max_moment,conditional_translation,32,0.6,0.0,0.6375,10
v3_max_moment,conditional_translation,32,0.65,0.0,0.65,10
v3_max_moment,conditional_translation,32,0.7,0.0,0.69375,10
v3_max_moment,conditional_translation,32,0.75,0.0,0.790625,10
v3_max_moment,conditional_translation,32,0.8,0.0,0.815625,10
v3_max_moment,conditional_translation,32,0.85,0.0,0.840625,10
v3_max_moment,conditional_translation,32,0.9,0.0,0.89375,10
v3_max_moment,conditional_translation,32,0.95,0.0,0.953125,10
v3_max_moment,conditional_translation,64,0.05,1.0,0.0640625,10
v3_max_moment,conditional_translation,64,0.1,0.8,0.1171875,20
v3_max_moment,conditional_translation,64,0.15,0.6,0.1625,10
v3_max_moment,conditional_translation,64,0.2,0.6,0.20625,10
v3_max_moment,conditional_translation,64,0.25,0.2,0.23125,10
v3_max_moment,conditional_translation,64,0.3,0.0,0.3265625,10
v3_max_moment,conditional_translation,64,0.35,0.2,0.3078125,10
v3_max_moment,conditional_translation,64,0.4,0.0,0.41875,10
v3_max_moment,conditional_translation,64,0.45,0.0,0.428125,10
v3_max_moment,conditional_translation,64,0.5,0.0,0.4953125,10
v3_max_moment,conditional_translation,64,0.55,0.0,0.5625,10
v3_max_moment,conditional_translation,64,0.6,0.0,0.6109375,10
v3_max_moment,conditional_translation,64,0.65,0.0,0.6453125,10
v3_max_moment,conditional_translation,64,0.7,0.0,0.7046875,10
v3_max_moment,conditional_translation,64,0.75,0.0,0.7609375,10
v3_max_moment,conditional_translation,64,0.8,0.0,0.7890625,10
v3_max_moment,conditional_translation,64,0.85,0.0,0.853125,10
v3_max_moment,conditional_translation,64,0.9,0.0,0.896875,10
v3_max_moment,conditional_translation,64,0.95,0.0,0.95,10
v3_max_moment,conditional_translation,128,0.05,1.0,0.05,10
v3_max_moment,conditional_translation,128,0.1,0.85,0.10625,20
v3_max_moment,conditional_translation,128,0.15,0.6,0.14140625,10
v3_max_moment,conditional_translation,128,0.2,0.2,0.20234375,10
v3_max_moment,conditional_translation,128,0.25,0.0,0.25390625,10
v3_max_moment,conditional_translation,128,0.3,0.0,0.309375,10
v3_max_moment,conditional_translation,128,0.35,0.0,0.3078125,10
v3_max_moment,conditional_translation,128,0.4,0.0,0.40546875,10
v3_max_moment,conditional_translation,128,0.45,0.0,0.44609375,10
v3_max_moment,conditional_translation,128,0.5,0.0,0.51171875,10
v3_max_moment,conditional_translation,128,0.55,0.0,0.54609375,10
v3_max_moment,conditional_translation,128,0.6,0.0,0.6,10
v3_max_moment,conditional_translation,128,0.65,0.0,0.6390625,10
v3_max_moment,conditional_translation,128,0.7,0.0,0.70546875,10
v3_max_moment,conditional_translation,128,0.75,0.0,0.7390625,10
v3_max_moment,conditional_translation,128,0.8,0.0,0.7921875,10
v3_max_moment,conditional_translation,128,0.85,0.0,0.84765625,10
v3_max_moment,conditional_translation,128,0.9,0.0,0.89375,10
v3_max_moment,conditional_translation,128,0.95,0.0,0.95625,10
v3_max_moment,conditional_translation,256,0.05,1.0,0.046875,10
v3_max_moment,conditional_translation,256,0.1,0.7,0.1005859375,20
v3_max_moment,conditional_translation,256,0.15,0.3,0.14453125,10
v3_max_moment,conditional_translation,256,0.2,0.0,0.19453125,10
v3_max_moment,conditional_translation,256,0.25,0.0,0.2515625,10
v3_max_moment,conditional_translation,256,0.3,0.0,0.30078125,10
v3_max_moment,conditional_translation,256,0.35,0.0,0.334765625,10
v3_max_moment,conditional_translation,256,0.4,0.0,0.39296875,10
v3_max_moment,conditional_translation,256,0.45,0.0,0.430859375,10
v3_max_moment,conditional_translation,256,0.5,0.0,0.50078125,10
v3_max_moment,conditional_translation,256,0.55,0.0,0.53984375,10
v3_max_moment,conditional_translation,256,0.6,0.0,0.61875,10
v3_max_moment,conditional_translation,256,0.65,0.0,0.618359375,10
v3_max_moment,conditional_translation,256,0.7,0.0,0.694921875,10
v3_max_moment,conditional_translation,256,0.75,0.0,0.755078125,10
v3_max_moment,conditional_translation,256,0.8,0.0,0.791015625,10
v3_max_moment,conditional_translation,256,0.85,0.0,0.848828125,10
v3_max_moment,conditional_translation,256,0.9,0.0,0.90390625,10
v3_max_moment,conditional_translation,256,0.95,0.0,0.94921875,10
v3_max_moment,conditional_translation,512,0.05,0.9,0.05625,10
v3_max_moment,conditional_translation,512,0.1,0.3,0.0986328125,20
v3_max_moment,conditional_translation,512,0.15,0.1,0.1556640625,10
v3_max_moment,conditional_translation,512,0.2,0.0,0.198828125,10
v3_max_moment,conditional_translation,512,0.25,0.0,0.253515625,10
v3_max_moment,conditional_translation,512,0.3,0.0,0.295703125,10
v3_max_moment,conditional_translation,512,0.35,0.0,0.342578125,10
v3_max_moment,conditional_translation,512,0.4,0.0,0.396875,10
v3_max_moment,conditional_translation,512,0.45,0.0,0.4458984375,10
v3_max_moment,conditional_translation,512,0.5,0.0,0.49375,10
v3_max_moment,conditional_translation,512,0.55,0.0,0.55,10
v3_max_moment,conditional_translation,512,0.6,0.0,0.608984375,10
v3_max_moment,conditional_translation,512,0.65,0.0,0.6544921875,10
v3_max_moment,conditional_translation,512,0.7,0.0,0.692578125,10
v3_max_moment,conditional_translation,512,0.75,0.0,0.7515625,10
v3_max_moment,conditional_translation,512,0.8,0.0,0.8083984375,10
v3_max_moment,conditional_translation,512,0.85,0.0,0.8505859375,10
v3_max_moment,conditional_translation,512,0.9,0.0,0.8955078125,10
v3_max_moment,conditional_translation,512,0.95,0.0,0.9490234375,10
v3_max_moment,covariance_shear,32,0.05,1.0,0.059375,10
v3_max_moment,covariance_shear,32,0.1,1.0,0.09375,10
v3_max_moment,covariance_shear,32,0.15,1.0,0.140625,10
v3_max_moment,covariance_shear,32,0.2,1.0,0.171875,10
v3_max_moment,covariance_shear,32,0.25,0.9,0.2375,10
v3_max_moment,covariance_shear,32,0.3,1.0,0.2890625,20
v3_max_moment,covariance_shear,32,0.35,1.0,0.325,10
v3_max_moment,covariance_shear,32,0.4,1.0,0.375,10
v3_max_moment,covariance_shear,32,0.45,1.0,0.434375,10
v3_max_moment,covariance_shear,32,0.5,1.0,0.509375,10
v3_max_moment,covariance_shear,32,0.55,1.0,0.584375,10
v3_max_moment,covariance_shear,32,0.6,1.0,0.553125,10
v3_max_moment,covariance_shear,32,0.65,1.0,0.684375,10
v3_max_moment,covariance_shear,32,0.7,0.9,0.684375,10
v3_max_moment,covariance_shear,32,0.75,0.8,0.740625,10
v3_max_moment,covariance_shear,32,0.8,1.0,0.790625,10
v3_max_moment,covariance_shear,32,0.85,0.7,0.828125,10
v3_max_moment,covariance_shear,32,0.9,0.7,0.90625,10
v3_max_moment,covariance_shear,32,0.95,0.7,0.95,10
v3_max_moment,covariance_shear,64,0.05,1.0,0.059375,10
v3_max_moment,covariance_shear,64,0.1,1.0,0.1078125,10
v3_max_moment,covariance_shear,64,0.15,1.0,0.140625,10
v3_max_moment,covariance_shear,64,0.2,1.0,0.1765625,10
v3_max_moment,covariance_shear,64,0.25,1.0,0.2640625,10
v3_max_moment,covariance_shear,64,0.3,1.0,0.31328125,20
v3_max_moment,covariance_shear,64,0.35,1.0,0.34375,10
v3_max_moment,covariance_shear,64,0.4,1.0,0.3796875,10
v3_max_moment,covariance_shear,64,0.45,1.0,0.4578125,10
v3_max_moment,covariance_shear,64,0.5,0.8,0.4859375,10
v3_max_moment,covariance_shear,64,0.55,0.6,0.5453125,10
v3_max_moment,covariance_shear,64,0.6,0.9,0.565625,10
v3_max_moment,covariance_shear,64,0.65,0.8,0.65625,10
v3_max_moment,covariance_shear,64,0.7,1.0,0.6984375,10
v3_max_moment,covariance_shear,64,0.75,0.3,0.7265625,10
v3_max_moment,covariance_shear,64,0.8,0.5,0.80625,10
v3_max_moment,covariance_shear,64,0.85,0.4,0.84375,10
v3_max_moment,covariance_shear,64,0.9,0.3,0.903125,10
v3_max_moment,covariance_shear,64,0.95,0.2,0.9421875,10
v3_max_moment,covariance_shear,128,0.05,1.0,0.04453125,10
v3_max_moment,covariance_shear,128,0.1,1.0,0.1046875,10
v3_max_moment,covariance_shear,128,0.15,1.0,0.15703125,10
v3_max_moment,covariance_shear,128,0.2,1.0,0.19140625,10
v3_max_moment,covariance_shear,128,0.25,1.0,0.24140625,10
v3_max_moment,covariance_shear,128,0.3,0.95,0.31015625,20
v3_max_moment,covariance_shear,128,0.35,0.7,0.3578125,10
v3_max_moment,covariance_shear,128,0.4,0.8,0.4109375,10
v3_max_moment,covariance_shear,128,0.45,0.6,0.43359375,10
v3_max_moment,covariance_shear,128,0.5,0.9,0.5078125,10
v3_max_moment,covariance_shear,128,0.55,0.7,0.55546875,10
v3_max_moment,covariance_shear,128,0.6,0.4,0.59765625,10
v3_max_moment,covariance_shear,128,0.65,0.1,0.6640625,10
v3_max_moment,covariance_shear,128,0.7,0.4,0.68671875,10
v3_max_moment,covariance_shear,128,0.75,0.0,0.74765625,10
v3_max_moment,covariance_shear,128,0.8,0.1,0.80703125,10
v3_max_moment,covariance_shear,128,0.85,0.0,0.84921875,10
v3_max_moment,covariance_shear,128,0.9,0.1,0.90546875,10
v3_max_moment,covariance_shear,128,0.95,0.0,0.94375,10
v3_max_moment,covariance_shear,256,0.05,1.0,0.0546875,10
v3_max_moment,covariance_shear,256,0.1,1.0,0.0953125,10
v3_max_moment,covariance_shear,256,0.15,1.0,0.135546875,10
v3_max_moment,covariance_shear,256,0.2,1.0,0.202734375,10
v3_max_moment,covariance_shear,256,0.25,1.0,0.244921875,10
v3_max_moment,covariance_shear,256,0.3,0.95,0.2927734375,20
v3_max_moment,covariance_shear,256,0.35,0.8,0.3453125,10
v3_max_moment,covariance_shear,256,0.4,0.6,0.39296875,10
v3_max_moment,covariance_shear,256,0.45,0.3,0.45625,10
v3_max_moment,covariance_shear,256,0.5,0.1,0.5125,10
v3_max_moment,covariance_shear,256,0.55,0.1,0.55625,10
v3_max_moment,covariance_shear,256,0.6,0.1,0.59609375,10
v3_max_moment,covariance_shear,256,0.65,0.1,0.658203125,10
v3_max_moment,covariance_shear,256,0.7,0.0,0.69453125,10
v3_max_moment,covariance_shear,256,0.75,0.0,0.740625,10
v3_max_moment,covariance_shear,256,0.8,0.0,0.79375,10
v3_max_moment,covariance_shear,256,0.85,0.0,0.841796875,10
v3_max_moment,covariance_shear,256,0.9,0.0,0.895703125,10
v3_max_moment,covariance_shear,256,0.95,0.0,0.947265625,10
v3_max_moment,covariance_shear,512,0.05,1.0,0.0515625,10
v3_max_moment,covariance_shear,512,0.1,1.0,0.1009765625,10
v3_max_moment,covariance_shear,512,0.15,1.0,0.15078125,10
v3_max_moment,covariance_shear,512,0.2,1.0,0.191796875,10
v3_max_moment,covariance_shear,512,0.25,1.0,0.254296875,10
v3_max_moment,covariance_shear,512,0.3,0.65,0.298828125,20
v3_max_moment,covariance_shear,512,0.35,0.4,0.348828125,10
v3_max_moment,covariance_shear,512,0.4,0.0,0.4021484375,10
v3_max_moment,covariance_shear,512,0.45,0.0,0.4583984375,10
v3_max_moment,covariance_shear,512,0.5,0.0,0.4962890625,10
v3_max_moment,covariance_shear,512,0.55,0.0,0.5541015625,10
v3_max_moment,covariance_shear,512,0.6,0.0,0.608984375,10
v3_max_moment,covariance_shear,512,0.65,0.0,0.6587890625,10
v3_max_moment,covariance_shear,512,0.7,0.0,0.70625,10
v3_max_moment,covariance_shear,512,0.75,0.0,0.7541015625,10
v3_max_moment,covariance_shear,512,0.8,0.0,0.794921875,10
v3_max_moment,covariance_shear,512,0.85,0.0,0.85,10
v3_max_moment,covariance_shear,512,0.9,0.0,0.9021484375,10
v3_max_moment,covariance_shear,512,0.95,0.0,0.9470703125,10
v3_max_moment,nonlinear_bimodal,32,0.05,1.0,0.046875,10
v3_max_moment,nonlinear_bimodal,32,0.1,1.0,0.09375,10
v3_max_moment,nonlinear_bimodal,32,0.15,0.8,0.175,10
v3_max_moment,nonlinear_bimodal,32,0.2,0.7,0.21875,10
v3_max_moment,nonlinear_bimodal,32,0.25,0.8,0.234375,10
v3_max_moment,nonlinear_bimodal,32,0.3,0.5,0.309375,10
v3_max_moment,nonlinear_bimodal,32,0.35,0.2,0.346875,10
v3_max_moment,nonlinear_bimodal,32,0.4,0.2,0.403125,20
v3_max_moment,nonlinear_bimodal,32,0.45,0.3,0.425,10
v3_max_moment,nonlinear_bimodal,32,0.5,0.1,0.490625,10
v3_max_moment,nonlinear_bimodal,32,0.55,0.0,0.55,10
v3_max_moment,nonlinear_bimodal,32,0.6,0.0,0.646875,10
v3_max_moment,nonlinear_bimodal,32,0.65,0.0,0.665625,10
v3_max_moment,nonlinear_bimodal,32,0.7,0.0,0.740625,10
v3_max_moment,nonlinear_bimodal,32,0.75,0.0,0.78125,10
v3_max_moment,nonlinear_bimodal,32,0.8,0.0,0.796875,10
v3_max_moment,nonlinear_bimodal,32,0.85,0.0,0.85625,10
v3_max_moment,nonlinear_bimodal,32,0.9,0.0,0.89375,10
v3_max_moment,nonlinear_bimodal,32,0.95,0.0,0.915625,10
v3_max_moment,nonlinear_bimodal,64,0.05,1.0,0.071875,10
v3_max_moment,nonlinear_bimodal,64,0.1,0.8,0.1046875,10
v3_max_moment,nonlinear_bimodal,64,0.15,0.9,0.15,10
v3_max_moment,nonlinear_bimodal,64,0.2,0.7,0.190625,10
v3_max_moment,nonlinear_bimodal,64,0.25,0.3,0.271875,10
v3_max_moment,nonlinear_bimodal,64,0.3,0.3,0.2953125,10
v3_max_moment,nonlinear_bimodal,64,0.35,0.0,0.3328125,10
v3_max_moment,nonlinear_bimodal,64,0.4,0.0,0.3828125,20
v3_max_moment,nonlinear_bimodal,64,0.45,0.0,0.4359375,10
v3_max_moment,nonlinear_bimodal,64,0.5,0.0,0.515625,10
v3_max_moment,nonlinear_bimodal,64,0.55,0.0,0.5421875,10
v3_max_moment,nonlinear_bimodal,64,0.6,0.0,0.621875,10
v3_max_moment,nonlinear_bimodal,64,0.65,0.0,0.6453125,10
v3_max_moment,nonlinear_bimodal,64,0.7,0.0,0.675,10
v3_max_moment,nonlinear_bimodal,64,0.75,0.0,0.7203125,10
v3_max_moment,nonlinear_bimodal,64,0.8,0.0,0.809375,10
v3_max_moment,nonlinear_bimodal,64,0.85,0.0,0.8421875,10
v3_max_moment,nonlinear_bimodal,64,0.9,0.0,0.909375,10
v3_max_moment,nonlinear_bimodal,64,0.95,0.0,0.940625,10
v3_max_moment,nonlinear_bimodal,128,0.05,1.0,0.05078125,10
v3_max_moment,nonlinear_bimodal,128,0.1,0.9,0.103125,10
v3_max_moment,nonlinear_bimodal,128,0.15,0.4,0.1625,10
v3_max_moment,nonlinear_bimodal,128,0.2,0.2,0.20546875,10
v3_max_moment,nonlinear_bimodal,128,0.25,0.0,0.25390625,10
v3_max_moment,nonlinear_bimodal,128,0.3,0.0,0.27421875,10
v3_max_moment,nonlinear_bimodal,128,0.35,0.0,0.33125,10
v3_max_moment,nonlinear_bimodal,128,0.4,0.0,0.3890625,20
v3_max_moment,nonlinear_bimodal,128,0.45,0.0,0.45390625,10
v3_max_moment,nonlinear_bimodal,128,0.5,0.0,0.49453125,10
v3_max_moment,nonlinear_bimodal,128,0.55,0.0,0.54296875,10
v3_max_moment,nonlinear_bimodal,128,0.6,0.0,0.61640625,10
v3_max_moment,nonlinear_bimodal,128,0.65,0.0,0.65703125,10
v3_max_moment,nonlinear_bimodal,128,0.7,0.0,0.70234375,10
v3_max_moment,nonlinear_bimodal,128,0.75,0.0,0.75703125,10
v3_max_moment,nonlinear_bimodal,128,0.8,0.0,0.80390625,10
v3_max_moment,nonlinear_bimodal,128,0.85,0.0,0.85703125,10
v3_max_moment,nonlinear_bimodal,128,0.9,0.0,0.8890625,10
v3_max_moment,nonlinear_bimodal,128,0.95,0.0,0.953125,10
v3_max_moment,nonlinear_bimodal,256,0.05,1.0,0.043359375,10
v3_max_moment,nonlinear_bimodal,256,0.1,0.8,0.101171875,10
v3_max_moment,nonlinear_bimodal,256,0.15,0.2,0.151171875,10
v3_max_moment,nonlinear_bimodal,256,0.2,0.0,0.1921875,10
v3_max_moment,nonlinear_bimodal,256,0.25,0.0,0.260546875,10
v3_max_moment,nonlinear_bimodal,256,0.3,0.0,0.298828125,10
v3_max_moment,nonlinear_bimodal,256,0.35,0.0,0.340625,10
v3_max_moment,nonlinear_bimodal,256,0.4,0.0,0.3921875,20
v3_max_moment,nonlinear_bimodal,256,0.45,0.0,0.45625,10
v3_max_moment,nonlinear_bimodal,256,0.5,0.0,0.518359375,10
v3_max_moment,nonlinear_bimodal,256,0.55,0.0,0.53203125,10
v3_max_moment,nonlinear_bimodal,256,0.6,0.0,0.600390625,10
v3_max_moment,nonlinear_bimodal,256,0.65,0.0,0.65234375,10
v3_max_moment,nonlinear_bimodal,256,0.7,0.0,0.716796875,10
v3_max_moment,nonlinear_bimodal,256,0.75,0.0,0.74921875,10
v3_max_moment,nonlinear_bimodal,256,0.8,0.0,0.794921875,10
v3_max_moment,nonlinear_bimodal,256,0.85,0.0,0.844921875,10
v3_max_moment,nonlinear_bimodal,256,0.9,0.0,0.896484375,10
v3_max_moment,nonlinear_bimodal,256,0.95,0.0,0.95390625,10
v3_max_moment,nonlinear_bimodal,512,0.05,0.9,0.0484375,10
v3_max_moment,nonlinear_bimodal,512,0.1,0.7,0.0912109375,10
v3_max_moment,nonlinear_bimodal,512,0.15,0.0,0.147265625,10
v3_max_moment,nonlinear_bimodal,512,0.2,0.0,0.20546875,10
v3_max_moment,nonlinear_bimodal,512,0.25,0.0,0.2544921875,10
v3_max_moment,nonlinear_bimodal,512,0.3,0.0,0.2935546875,10
v3_max_moment,nonlinear_bimodal,512,0.35,0.0,0.3427734375,10
v3_max_moment,nonlinear_bimodal,512,0.4,0.0,0.40986328125,20
v3_max_moment,nonlinear_bimodal,512,0.45,0.0,0.4611328125,10
v3_max_moment,nonlinear_bimodal,512,0.5,0.0,0.494921875,10
v3_max_moment,nonlinear_bimodal,512,0.55,0.0,0.5498046875,10
v3_max_moment,nonlinear_bimodal,512,0.6,0.0,0.5970703125,10
v3_max_moment,nonlinear_bimodal,512,0.65,0.0,0.6412109375,10
v3_max_moment,nonlinear_bimodal,512,0.7,0.0,0.70234375,10
v3_max_moment,nonlinear_bimodal,512,0.75,0.0,0.7537109375,10
v3_max_moment,nonlinear_bimodal,512,0.8,0.0,0.7908203125,10
v3_max_moment,nonlinear_bimodal,512,0.85,0.0,0.850390625,10
v3_max_moment,nonlinear_bimodal,512,0.9,0.0,0.89296875,10
v3_max_moment,nonlinear_bimodal,512,0.95,0.0,0.9443359375,10
v3_max_moment,outcome_dependent_dropout,32,0.05,1.0,0.059375,10
v3_max_moment,outcome_dependent_dropout,32,0.1,0.8,0.134375,10
v3_max_moment,outcome_dependent_dropout,32,0.15,0.8,0.140625,10
v3_max_moment,outcome_dependent_dropout,32,0.2,0.9,0.18125,10
v3_max_moment,outcome_dependent_dropout,32,0.25,0.45,0.2421875,20
v3_max_moment,outcome_dependent_dropout,32,0.3,0.4,0.31875,10
v3_max_moment,outcome_dependent_dropout,32,0.35,0.1,0.378125,10
v3_max_moment,outcome_dependent_dropout,32,0.4,0.0,0.4,10
v3_max_moment,outcome_dependent_dropout,32,0.45,0.0,0.48125,10
v3_max_moment,outcome_dependent_dropout,32,0.5,0.0,0.490625,10
v3_max_moment,outcome_dependent_dropout,32,0.55,0.0,0.571875,10
v3_max_moment,outcome_dependent_dropout,32,0.6,0.0,0.590625,10
v3_max_moment,outcome_dependent_dropout,32,0.65,0.0,0.684375,10
v3_max_moment,outcome_dependent_dropout,32,0.7,0.0,0.65,10
v3_max_moment,outcome_dependent_dropout,32,0.75,0.0,0.75625,10
v3_max_moment,outcome_dependent_dropout,32,0.8,0.0,0.809375,10
v3_max_moment,outcome_dependent_dropout,32,0.85,0.0,0.809375,10
v3_max_moment,outcome_dependent_dropout,32,0.9,0.0,0.89375,10
v3_max_moment,outcome_dependent_dropout,32,0.95,0.0,0.953125,10
v3_max_moment,outcome_dependent_dropout,64,0.05,0.9,0.0421875,10
v3_max_moment,outcome_dependent_dropout,64,0.1,0.9,0.0921875,10
v3_max_moment,outcome_dependent_dropout,64,0.15,0.6,0.16875,10
v3_max_moment,outcome_dependent_dropout,64,0.2,0.3,0.228125,10
v3_max_moment,outcome_dependent_dropout,64,0.25,0.05,0.2828125,20
v3_max_moment,outcome_dependent_dropout,64,0.3,0.0,0.3109375,10
v3_max_moment,outcome_dependent_dropout,64,0.35,0.0,0.33125,10
v3_max_moment,outcome_dependent_dropout,64,0.4,0.0,0.4234375,10
v3_max_moment,outcome_dependent_dropout,64,0.45,0.0,0.490625,10
v3_max_moment,outcome_dependent_dropout,64,0.5,0.0,0.4984375,10
v3_max_moment,outcome_dependent_dropout,64,0.55,0.0,0.5359375,10
v3_max_moment,outcome_dependent_dropout,64,0.6,0.0,0.6453125,10
v3_max_moment,outcome_dependent_dropout,64,0.65,0.0,0.64375,10
v3_max_moment,outcome_dependent_dropout,64,0.7,0.0,0.6921875,10
v3_max_moment,outcome_dependent_dropout,64,0.75,0.0,0.7375,10
v3_max_moment,outcome_dependent_dropout,64,0.8,0.0,0.7921875,10
v3_max_moment,outcome_dependent_dropout,64,0.85,0.0,0.840625,10
v3_max_moment,outcome_dependent_dropout,64,0.9,0.0,0.8875,10
v3_max_moment,outcome_dependent_dropout,64,0.95,0.0,0.959375,10
v3_max_moment,outcome_dependent_dropout,128,0.05,0.9,0.05078125,10
v3_max_moment,outcome_dependent_dropout,128,0.1,0.7,0.09609375,10
v3_max_moment,outcome_dependent_dropout,128,0.15,0.4,0.15,10
v3_max_moment,outcome_dependent_dropout,128,0.2,0.1,0.1953125,10
v3_max_moment,outcome_dependent_dropout,128,0.25,0.0,0.251171875,20
v3_max_moment,outcome_dependent_dropout,128,0.3,0.0,0.27578125,10
v3_max_moment,outcome_dependent_dropout,128,0.35,0.0,0.3609375,10
v3_max_moment,outcome_dependent_dropout,128,0.4,0.0,0.39453125,10
v3_max_moment,outcome_dependent_dropout,128,0.45,0.0,0.45859375,10
v3_max_moment,outcome_dependent_dropout,128,0.5,0.0,0.5,10
v3_max_moment,outcome_dependent_dropout,128,0.55,0.0,0.55625,10
v3_max_moment,outcome_dependent_dropout,128,0.6,0.0,0.61640625,10
v3_max_moment,outcome_dependent_dropout,128,0.65,0.0,0.640625,10
v3_max_moment,outcome_dependent_dropout,128,0.7,0.0,0.70859375,10
v3_max_moment,outcome_dependent_dropout,128,0.75,0.0,0.73125,10
v3_max_moment,outcome_dependent_dropout,128,0.8,0.0,0.78828125,10
v3_max_moment,outcome_dependent_dropout,128,0.85,0.0,0.83984375,10
v3_max_moment,outcome_dependent_dropout,128,0.9,0.0,0.91484375,10
v3_max_moment,outcome_dependent_dropout,128,0.95,0.0,0.95625,10
v3_max_moment,outcome_dependent_dropout,256,0.05,0.9,0.053125,10
v3_max_moment,outcome_dependent_dropout,256,0.1,0.2,0.105859375,10
v3_max_moment,outcome_dependent_dropout,256,0.15,0.0,0.1421875,10
v3_max_moment,outcome_dependent_dropout,256,0.2,0.0,0.187109375,10
v3_max_moment,outcome_dependent_dropout,256,0.25,0.0,0.2447265625,20
v3_max_moment,outcome_dependent_dropout,256,0.3,0.0,0.281640625,10
v3_max_moment,outcome_dependent_dropout,256,0.35,0.0,0.357421875,10
v3_max_moment,outcome_dependent_dropout,256,0.4,0.0,0.39375,10
v3_max_moment,outcome_dependent_dropout,256,0.45,0.0,0.4453125,10
v3_max_moment,outcome_dependent_dropout,256,0.5,0.0,0.500390625,10
v3_max_moment,outcome_dependent_dropout,256,0.55,0.0,0.550390625,10
v3_max_moment,outcome_dependent_dropout,256,0.6,0.0,0.590625,10
v3_max_moment,outcome_dependent_dropout,256,0.65,0.0,0.630078125,10
v3_max_moment,outcome_dependent_dropout,256,0.7,0.0,0.678125,10
v3_max_moment,outcome_dependent_dropout,256,0.75,0.0,0.7453125,10
v3_max_moment,outcome_dependent_dropout,256,0.8,0.0,0.807421875,10
v3_max_moment,outcome_dependent_dropout,256,0.85,0.0,0.848046875,10
v3_max_moment,outcome_dependent_dropout,256,0.9,0.0,0.895703125,10
v3_max_moment,outcome_dependent_dropout,256,0.95,0.0,0.937890625,10
v3_max_moment,outcome_dependent_dropout,512,0.05,0.8,0.0435546875,10
v3_max_moment,outcome_dependent_dropout,512,0.1,0.2,0.1052734375,10
v3_max_moment,outcome_dependent_dropout,512,0.15,0.0,0.1564453125,10
v3_max_moment,outcome_dependent_dropout,512,0.2,0.0,0.1951171875,10
v3_max_moment,outcome_dependent_dropout,512,0.25,0.0,0.2552734375,20
v3_max_moment,outcome_dependent_dropout,512,0.3,0.0,0.3021484375,10
v3_max_moment,outcome_dependent_dropout,512,0.35,0.0,0.3529296875,10
v3_max_moment,outcome_dependent_dropout,512,0.4,0.0,0.4041015625,10
v3_max_moment,outcome_dependent_dropout,512,0.45,0.0,0.4369140625,10
v3_max_moment,outcome_dependent_dropout,512,0.5,0.0,0.4955078125,10
v3_max_moment,outcome_dependent_dropout,512,0.55,0.0,0.5513671875,10
v3_max_moment,outcome_dependent_dropout,512,0.6,0.0,0.608203125,10
v3_max_moment,outcome_dependent_dropout,512,0.65,0.0,0.64609375,10
v3_max_moment,outcome_dependent_dropout,512,0.7,0.0,0.707421875,10
v3_max_moment,outcome_dependent_dropout,512,0.75,0.0,0.7443359375,10
v3_max_moment,outcome_dependent_dropout,512,0.8,0.0,0.80234375,10
v3_max_moment,outcome_dependent_dropout,512,0.85,0.0,0.8568359375,10
v3_max_moment,outcome_dependent_dropout,512,0.9,0.0,0.9029296875,10
v3_max_moment,outcome_dependent_dropout,512,0.95,0.0,0.9478515625,10
v3_max_moment,pure_label_shift,32,0.05,1.0,0.04375,20
v3_max_moment,pure_label_shift,32,0.1,0.9,0.096875,10
v3_max_moment,pure_label_shift,32,0.15,1.0,0.15,10
v3_max_moment,pure_label_shift,32,0.2,1.0,0.178125,10
v3_max_moment,pure_label_shift,32,0.25,1.0,0.234375,10
v3_max_moment,pure_label_shift,32,0.3,1.0,0.309375,10
v3_max_moment,pure_label_shift,32,0.35,1.0,0.340625,10
v3_max_moment,pure_label_shift,32,0.4,1.0,0.365625,10
v3_max_moment,pure_label_shift,32,0.45,1.0,0.484375,10
v3_max_moment,pure_label_shift,32,0.5,1.0,0.490625,10
v3_max_moment,pure_label_shift,32,0.55,1.0,0.58125,10
v3_max_moment,pure_label_shift,32,0.6,1.0,0.578125,10
v3_max_moment,pure_label_shift,32,0.65,1.0,0.68125,10
v3_max_moment,pure_label_shift,32,0.7,1.0,0.690625,10
v3_max_moment,pure_label_shift,32,0.75,1.0,0.7,10
v3_max_moment,pure_label_shift,32,0.8,1.0,0.8,10
v3_max_moment,pure_label_shift,32,0.85,1.0,0.85,10
v3_max_moment,pure_label_shift,32,0.9,1.0,0.89375,10
v3_max_moment,pure_label_shift,32,0.95,1.0,0.965625,10
v3_max_moment,pure_label_shift,64,0.05,0.95,0.05390625,20
v3_max_moment,pure_label_shift,64,0.1,1.0,0.0890625,10
v3_max_moment,pure_label_shift,64,0.15,1.0,0.1703125,10
v3_max_moment,pure_label_shift,64,0.2,1.0,0.1859375,10
v3_max_moment,pure_label_shift,64,0.25,1.0,0.2265625,10
v3_max_moment,pure_label_shift,64,0.3,1.0,0.3109375,10
v3_max_moment,pure_label_shift,64,0.35,1.0,0.3703125,10
v3_max_moment,pure_label_shift,64,0.4,1.0,0.4078125,10
v3_max_moment,pure_label_shift,64,0.45,1.0,0.4234375,10
v3_max_moment,pure_label_shift,64,0.5,1.0,0.5140625,10
v3_max_moment,pure_label_shift,64,0.55,1.0,0.5890625,10
v3_max_moment,pure_label_shift,64,0.6,0.9,0.6296875,10
v3_max_moment,pure_label_shift,64,0.65,1.0,0.65,10
v3_max_moment,pure_label_shift,64,0.7,1.0,0.703125,10
v3_max_moment,pure_label_shift,64,0.75,1.0,0.7296875,10
v3_max_moment,pure_label_shift,64,0.8,1.0,0.80625,10
v3_max_moment,pure_label_shift,64,0.85,1.0,0.8359375,10
v3_max_moment,pure_label_shift,64,0.9,1.0,0.9,10
v3_max_moment,pure_label_shift,64,0.95,1.0,0.9625,10
v3_max_moment,pure_label_shift,128,0.05,1.0,0.052734375,20
v3_max_moment,pure_label_shift,128,0.1,1.0,0.109375,10
v3_max_moment,pure_label_shift,128,0.15,1.0,0.140625,10
v3_max_moment,pure_label_shift,128,0.2,1.0,0.196875,10
v3_max_moment,pure_label_shift,128,0.25,1.0,0.246875,10
v3_max_moment,pure_label_shift,128,0.3,1.0,0.278125,10
v3_max_moment,pure_label_shift,128,0.35,1.0,0.34296875,10
v3_max_moment,pure_label_shift,128,0.4,1.0,0.3984375,10
v3_max_moment,pure_label_shift,128,0.45,1.0,0.45546875,10
v3_max_moment,pure_label_shift,128,0.5,1.0,0.5015625,10
v3_max_moment,pure_label_shift,128,0.55,1.0,0.5484375,10
v3_max_moment,pure_label_shift,128,0.6,1.0,0.58125,10
v3_max_moment,pure_label_shift,128,0.65,1.0,0.67265625,10
v3_max_moment,pure_label_shift,128,0.7,1.0,0.71640625,10
v3_max_moment,pure_label_shift,128,0.75,1.0,0.75,10
v3_max_moment,pure_label_shift,128,0.8,1.0,0.80703125,10
v3_max_moment,pure_label_shift,128,0.85,1.0,0.83359375,10
v3_max_moment,pure_label_shift,128,0.9,0.9,0.91484375,10
v3_max_moment,pure_label_shift,128,0.95,1.0,0.9515625,10
v3_max_moment,pure_label_shift,256,0.05,1.0,0.0525390625,20
v3_max_moment,pure_label_shift,256,0.1,1.0,0.090234375,10
v3_max_moment,pure_label_shift,256,0.15,1.0,0.144140625,10
v3_max_moment,pure_label_shift,256,0.2,1.0,0.2046875,10
v3_max_moment,pure_label_shift,256,0.25,1.0,0.25,10
v3_max_moment,pure_label_shift,256,0.3,1.0,0.296484375,10
v3_max_moment,pure_label_shift,256,0.35,1.0,0.34453125,10
v3_max_moment,pure_label_shift,256,0.4,1.0,0.405078125,10
v3_max_moment,pure_label_shift,256,0.45,1.0,0.448046875,10
v3_max_moment,pure_label_shift,256,0.5,1.0,0.505859375,10
v3_max_moment,pure_label_shift,256,0.55,1.0,0.548046875,10
v3_max_moment,pure_label_shift,256,0.6,1.0,0.586328125,10
v3_max_moment,pure_label_shift,256,0.65,1.0,0.66171875,10
v3_max_moment,pure_label_shift,256,0.7,1.0,0.68828125,10
v3_max_moment,pure_label_shift,256,0.75,1.0,0.753515625,10
v3_max_moment,pure_label_shift,256,0.8,1.0,0.78984375,10
v3_max_moment,pure_label_shift,256,0.85,1.0,0.848046875,10
v3_max_moment,pure_label_shift,256,0.9,1.0,0.88828125,10
v3_max_moment,pure_label_shift,256,0.95,1.0,0.95234375,10
v3_max_moment,pure_label_shift,512,0.05,1.0,0.04638671875,20
v3_max_moment,pure_label_shift,512,0.1,1.0,0.0951171875,10
v3_max_moment,pure_label_shift,512,0.15,1.0,0.15625,10
v3_max_moment,pure_label_shift,512,0.2,1.0,0.18828125,10
v3_max_moment,pure_label_shift,512,0.25,1.0,0.244140625,10
v3_max_moment,pure_label_shift,512,0.3,1.0,0.2994140625,10
v3_max_moment,pure_label_shift,512,0.35,1.0,0.3451171875,10
v3_max_moment,pure_label_shift,512,0.4,1.0,0.3859375,10
v3_max_moment,pure_label_shift,512,0.45,1.0,0.4529296875,10
v3_max_moment,pure_label_shift,512,0.5,1.0,0.51171875,10
v3_max_moment,pure_label_shift,512,0.55,1.0,0.558203125,10
v3_max_moment,pure_label_shift,512,0.6,1.0,0.5892578125,10
v3_max_moment,pure_label_shift,512,0.65,1.0,0.6564453125,10
v3_max_moment,pure_label_shift,512,0.7,1.0,0.6958984375,10
v3_max_moment,pure_label_shift,512,0.75,1.0,0.743359375,10
v3_max_moment,pure_label_shift,512,0.8,1.0,0.7974609375,10
v3_max_moment,pure_label_shift,512,0.85,1.0,0.8548828125,10
v3_max_moment,pure_label_shift,512,0.9,1.0,0.8947265625,10
v3_max_moment,pure_label_shift,512,0.95,1.0,0.9509765625,10
v3_max_moment,support_translation,32,0.05,0.0,0.0625,10
v3_max_moment,support_translation,32,0.1,0.0,0.075,10
v3_max_moment,support_translation,32,0.15,0.0,0.15,10
v3_max_moment,support_translation,32,0.2,0.0,0.1890625,20
v3_max_moment,support_translation,32,0.25,0.0,0.259375,10
v3_max_moment,support_translation,32,0.3,0.0,0.30625,10
v3_max_moment,support_translation,32,0.35,0.0,0.346875,10
v3_max_moment,support_translation,32,0.4,0.0,0.403125,10
v3_max_moment,support_translation,32,0.45,0.0,0.459375,10
v3_max_moment,support_translation,32,0.5,0.0,0.475,10
v3_max_moment,support_translation,32,0.55,0.0,0.553125,10
v3_max_moment,support_translation,32,0.6,0.0,0.625,10
v3_max_moment,support_translation,32,0.65,0.0,0.6625,10
v3_max_moment,support_translation,32,0.7,0.0,0.7125,10
v3_max_moment,support_translation,32,0.75,0.0,0.771875,10
v3_max_moment,support_translation,32,0.8,0.0,0.8,10
v3_max_moment,support_translation,32,0.85,0.0,0.840625,10
v3_max_moment,support_translation,32,0.9,0.0,0.875,10
v3_max_moment,support_translation,32,0.95,0.0,0.953125,10
v3_max_moment,support_translation,64,0.05,0.0,0.0546875,10
v3_max_moment,support_translation,64,0.1,0.0,0.0953125,10
v3_max_moment,support_translation,64,0.15,0.0,0.1671875,10
v3_max_moment,support_translation,64,0.2,0.0,0.17265625,20
v3_max_moment,support_translation,64,0.25,0.0,0.278125,10
v3_max_moment,support_translation,64,0.3,0.0,0.2875,10
v3_max_moment,support_translation,64,0.35,0.0,0.3765625,10
v3_max_moment,support_translation,64,0.4,0.0,0.35,10
v3_max_moment,support_translation,64,0.45,0.0,0.4140625,10
v3_max_moment,support_translation,64,0.5,0.0,0.5125,10
v3_max_moment,support_translation,64,0.55,0.0,0.528125,10
v3_max_moment,support_translation,64,0.6,0.0,0.590625,10
v3_max_moment,support_translation,64,0.65,0.0,0.615625,10
v3_max_moment,support_translation,64,0.7,0.0,0.6921875,10
v3_max_moment,support_translation,64,0.75,0.0,0.7546875,10
v3_max_moment,support_translation,64,0.8,0.0,0.7921875,10
v3_max_moment,support_translation,64,0.85,0.0,0.8640625,10
v3_max_moment,support_translation,64,0.9,0.0,0.9046875,10
v3_max_moment,support_translation,64,0.95,0.0,0.9359375,10
v3_max_moment,support_translation,128,0.05,0.0,0.0421875,10
v3_max_moment,support_translation,128,0.1,0.0,0.10546875,10
v3_max_moment,support_translation,128,0.15,0.0,0.1453125,10
v3_max_moment,support_translation,128,0.2,0.0,0.18984375,20
v3_max_moment,support_translation,128,0.25,0.0,0.25703125,10
v3_max_moment,support_translation,128,0.3,0.0,0.30859375,10
v3_max_moment,support_translation,128,0.35,0.0,0.36015625,10
v3_max_moment,support_translation,128,0.4,0.0,0.403125,10
v3_max_moment,support_translation,128,0.45,0.0,0.440625,10
v3_max_moment,support_translation,128,0.5,0.0,0.509375,10
v3_max_moment,support_translation,128,0.55,0.0,0.55625,10
v3_max_moment,support_translation,128,0.6,0.0,0.5859375,10
v3_max_moment,support_translation,128,0.65,0.0,0.6453125,10
v3_max_moment,support_translation,128,0.7,0.0,0.71171875,10
v3_max_moment,support_translation,128,0.75,0.0,0.746875,10
v3_max_moment,support_translation,128,0.8,0.0,0.79453125,10
v3_max_moment,support_translation,128,0.85,0.0,0.85,10
v3_max_moment,support_translation,128,0.9,0.0,0.890625,10
v3_max_moment,support_translation,128,0.95,0.0,0.9515625,10
v3_max_moment,support_translation,256,0.05,0.0,0.0484375,10
v3_max_moment,support_translation,256,0.1,0.0,0.09609375,10
v3_max_moment,support_translation,256,0.15,0.0,0.146875,10
v3_max_moment,support_translation,256,0.2,0.0,0.201171875,20
v3_max_moment,support_translation,256,0.25,0.0,0.245703125,10
v3_max_moment,support_translation,256,0.3,0.0,0.3,10
v3_max_moment,support_translation,256,0.35,0.0,0.362890625,10
v3_max_moment,support_translation,256,0.4,0.0,0.403515625,10
v3_max_moment,support_translation,256,0.45,0.0,0.476171875,10
v3_max_moment,support_translation,256,0.5,0.0,0.495703125,10
v3_max_moment,support_translation,256,0.55,0.0,0.536328125,10
v3_max_moment,support_translation,256,0.6,0.0,0.61953125,10
v3_max_moment,support_translation,256,0.65,0.0,0.658984375,10
v3_max_moment,support_translation,256,0.7,0.0,0.696875,10
v3_max_moment,support_translation,256,0.75,0.0,0.7453125,10
v3_max_moment,support_translation,256,0.8,0.0,0.80546875,10
v3_max_moment,support_translation,256,0.85,0.0,0.849609375,10
v3_max_moment,support_translation,256,0.9,0.0,0.896484375,10
v3_max_moment,support_translation,256,0.95,0.0,0.945703125,10
v3_max_moment,support_translation,512,0.05,0.0,0.051171875,10
v3_max_moment,support_translation,512,0.1,0.0,0.1041015625,10
v3_max_moment,support_translation,512,0.15,0.0,0.1578125,10
v3_max_moment,support_translation,512,0.2,0.0,0.2005859375,20
v3_max_moment,support_translation,512,0.25,0.0,0.2431640625,10
v3_max_moment,support_translation,512,0.3,0.0,0.2904296875,10
v3_max_moment,support_translation,512,0.35,0.0,0.3564453125,10
v3_max_moment,support_translation,512,0.4,0.0,0.402734375,10
v3_max_moment,support_translation,512,0.45,0.0,0.4580078125,10
v3_max_moment,support_translation,512,0.5,0.0,0.491015625,10
v3_max_moment,support_translation,512,0.55,0.0,0.541015625,10
v3_max_moment,support_translation,512,0.6,0.0,0.5890625,10
v3_max_moment,support_translation,512,0.65,0.0,0.6517578125,10
v3_max_moment,support_translation,512,0.7,0.0,0.69609375,10
v3_max_moment,support_translation,512,0.75,0.0,0.759375,10
v3_max_moment,support_translation,512,0.8,0.0,0.8033203125,10
v3_max_moment,support_translation,512,0.85,0.0,0.8412109375,10
v3_max_moment,support_translation,512,0.9,0.0,0.8970703125,10
v3_max_moment,support_translation,512,0.95,0.0,0.949609375,10
v3_max_moment,tail_contamination,32,0.05,0.1,0.021875,10
v3_max_moment,tail_contamination,32,0.1,0.3,0.065625,10
v3_max_moment,tail_contamination,32,0.15,0.2,0.146875,10
v3_max_moment,tail_contamination,32,0.2,0.1,0.240625,10
v3_max_moment,tail_contamination,32,0.25,0.4,0.3125,10
v3_max_moment,tail_contamination,32,0.3,0.0,0.321875,10
v3_max_moment,tail_contamination,32,0.35,0.1,0.378125,20
v3_max_moment,tail_contamination,32,0.4,0.1,0.425,10
v3_max_moment,tail_contamination,32,0.45,0.2,0.440625,10
v3_max_moment,tail_contamination,32,0.5,0.1,0.475,10
v3_max_moment,tail_contamination,32,0.55,0.3,0.578125,10
v3_max_moment,tail_contamination,32,0.6,0.3,0.55625,10
v3_max_moment,tail_contamination,32,0.65,0.0,0.64375,10
v3_max_moment,tail_contamination,32,0.7,0.3,0.69375,10
v3_max_moment,tail_contamination,32,0.75,0.2,0.78125,10
v3_max_moment,tail_contamination,32,0.8,0.0,0.7875,10
v3_max_moment,tail_contamination,32,0.85,0.1,0.840625,10
v3_max_moment,tail_contamination,32,0.9,0.2,0.88125,10
v3_max_moment,tail_contamination,32,0.95,0.4,0.965625,10
v3_max_moment,tail_contamination,64,0.05,0.0,0.04375,10
v3_max_moment,tail_contamination,64,0.1,0.0,0.0984375,10
v3_max_moment,tail_contamination,64,0.15,0.0,0.153125,10
v3_max_moment,tail_contamination,64,0.2,0.1,0.184375,10
v3_max_moment,tail_contamination,64,0.25,0.0,0.2671875,10
v3_max_moment,tail_contamination,64,0.3,0.0,0.2859375,10
v3_max_moment,tail_contamination,64,0.35,0.05,0.3328125,20
v3_max_moment,tail_contamination,64,0.4,0.0,0.38125,10
v3_max_moment,tail_contamination,64,0.45,0.0,0.4578125,10
v3_max_moment,tail_contamination,64,0.5,0.0,0.4984375,10
v3_max_moment,tail_contamination,64,0.55,0.0,0.5578125,10
v3_max_moment,tail_contamination,64,0.6,0.0,0.5984375,10
v3_max_moment,tail_contamination,64,0.65,0.0,0.6546875,10
v3_max_moment,tail_contamination,64,0.7,0.0,0.690625,10
v3_max_moment,tail_contamination,64,0.75,0.1,0.75625,10
v3_max_moment,tail_contamination,64,0.8,0.0,0.8203125,10
v3_max_moment,tail_contamination,64,0.85,0.0,0.8640625,10
v3_max_moment,tail_contamination,64,0.9,0.0,0.90625,10
v3_max_moment,tail_contamination,64,0.95,0.0,0.9546875,10
v3_max_moment,tail_contamination,128,0.05,0.0,0.04296875,10
v3_max_moment,tail_contamination,128,0.1,0.0,0.096875,10
v3_max_moment,tail_contamination,128,0.15,0.0,0.14375,10
v3_max_moment,tail_contamination,128,0.2,0.0,0.20390625,10
v3_max_moment,tail_contamination,128,0.25,0.0,0.26015625,10
v3_max_moment,tail_contamination,128,0.3,0.0,0.28046875,10
v3_max_moment,tail_contamination,128,0.35,0.0,0.365625,20
v3_max_moment,tail_contamination,128,0.4,0.0,0.4328125,10
v3_max_moment,tail_contamination,128,0.45,0.0,0.44296875,10
v3_max_moment,tail_contamination,128,0.5,0.0,0.4859375,10
v3_max_moment,tail_contamination,128,0.55,0.0,0.56640625,10
v3_max_moment,tail_contamination,128,0.6,0.0,0.5875,10
v3_max_moment,tail_contamination,128,0.65,0.0,0.64609375,10
v3_max_moment,tail_contamination,128,0.7,0.0,0.6984375,10
v3_max_moment,tail_contamination,128,0.75,0.0,0.7484375,10
v3_max_moment,tail_contamination,128,0.8,0.0,0.8015625,10
v3_max_moment,tail_contamination,128,0.85,0.0,0.83359375,10
v3_max_moment,tail_contamination,128,0.9,0.0,0.9015625,10
v3_max_moment,tail_contamination,128,0.95,0.0,0.95078125,10
v3_max_moment,tail_contamination,256,0.05,0.0,0.059375,10
v3_max_moment,tail_contamination,256,0.1,0.0,0.108203125,10
v3_max_moment,tail_contamination,256,0.15,0.0,0.143359375,10
v3_max_moment,tail_contamination,256,0.2,0.0,0.215234375,10
v3_max_moment,tail_contamination,256,0.25,0.0,0.254296875,10
v3_max_moment,tail_contamination,256,0.3,0.0,0.3171875,10
v3_max_moment,tail_contamination,256,0.35,0.0,0.3419921875,20
v3_max_moment,tail_contamination,256,0.4,0.0,0.40078125,10
v3_max_moment,tail_contamination,256,0.45,0.0,0.43203125,10
v3_max_moment,tail_contamination,256,0.5,0.0,0.513671875,10
v3_max_moment,tail_contamination,256,0.55,0.0,0.54375,10
v3_max_moment,tail_contamination,256,0.6,0.0,0.590625,10
v3_max_moment,tail_contamination,256,0.65,0.0,0.65546875,10
v3_max_moment,tail_contamination,256,0.7,0.0,0.689453125,10
v3_max_moment,tail_contamination,256,0.75,0.0,0.759765625,10
v3_max_moment,tail_contamination,256,0.8,0.0,0.80390625,10
v3_max_moment,tail_contamination,256,0.85,0.0,0.83828125,10
v3_max_moment,tail_contamination,256,0.9,0.0,0.90703125,10
v3_max_moment,tail_contamination,256,0.95,0.0,0.943359375,10
v3_max_moment,tail_contamination,512,0.05,0.0,0.0458984375,10
v3_max_moment,tail_contamination,512,0.1,0.0,0.1,10
v3_max_moment,tail_contamination,512,0.15,0.0,0.1501953125,10
v3_max_moment,tail_contamination,512,0.2,0.0,0.2076171875,10
v3_max_moment,tail_contamination,512,0.25,0.0,0.2513671875,10
v3_max_moment,tail_contamination,512,0.3,0.0,0.3033203125,10
v3_max_moment,tail_contamination,512,0.35,0.0,0.34560546875,20
v3_max_moment,tail_contamination,512,0.4,0.0,0.3966796875,10
v3_max_moment,tail_contamination,512,0.45,0.0,0.4568359375,10
v3_max_moment,tail_contamination,512,0.5,0.0,0.4798828125,10
v3_max_moment,tail_contamination,512,0.55,0.0,0.5623046875,10
v3_max_moment,tail_contamination,512,0.6,0.0,0.5904296875,10
v3_max_moment,tail_contamination,512,0.65,0.0,0.651171875,10
v3_max_moment,tail_contamination,512,0.7,0.0,0.7021484375,10
v3_max_moment,tail_contamination,512,0.75,0.0,0.7419921875,10
v3_max_moment,tail_contamination,512,0.8,0.0,0.8009765625,10
v3_max_moment,tail_contamination,512,0.85,0.0,0.85,10
v3_max_moment,tail_contamination,512,0.9,0.0,0.8994140625,10
v3_max_moment,tail_contamination,512,0.95,0.0,0.9521484375,10
v3_max_moment,unidentifiable_concept_reversal,32,0.05,1.0,0.08125,10
v3_max_moment,unidentifiable_concept_reversal,32,0.1,1.0,0.1125,10
v3_max_moment,unidentifiable_concept_reversal,32,0.15,1.0,0.125,10
v3_max_moment,unidentifiable_concept_reversal,32,0.2,0.8,0.2375,10
v3_max_moment,unidentifiable_concept_reversal,32,0.25,1.0,0.259375,10
v3_max_moment,unidentifiable_concept_reversal,32,0.3,1.0,0.321875,10
v3_max_moment,unidentifiable_concept_reversal,32,0.35,1.0,0.39375,10
v3_max_moment,unidentifiable_concept_reversal,32,0.4,1.0,0.371875,10
v3_max_moment,unidentifiable_concept_reversal,32,0.45,1.0,0.4796875,20
v3_max_moment,unidentifiable_concept_reversal,32,0.5,1.0,0.546875,10
v3_max_moment,unidentifiable_concept_reversal,32,0.55,1.0,0.565625,10
v3_max_moment,unidentifiable_concept_reversal,32,0.6,1.0,0.5875,10
v3_max_moment,unidentifiable_concept_reversal,32,0.65,1.0,0.634375,10
v3_max_moment,unidentifiable_concept_reversal,32,0.7,1.0,0.6875,10
v3_max_moment,unidentifiable_concept_reversal,32,0.75,0.9,0.78125,10
v3_max_moment,unidentifiable_concept_reversal,32,0.8,1.0,0.815625,10
v3_max_moment,unidentifiable_concept_reversal,32,0.85,1.0,0.8625,10
v3_max_moment,unidentifiable_concept_reversal,32,0.9,1.0,0.90625,10
v3_max_moment,unidentifiable_concept_reversal,32,0.95,1.0,0.940625,10
v3_max_moment,unidentifiable_concept_reversal,64,0.05,1.0,0.040625,10
v3_max_moment,unidentifiable_concept_reversal,64,0.1,1.0,0.1,10
v3_max_moment,unidentifiable_concept_reversal,64,0.15,1.0,0.134375,10
v3_max_moment,unidentifiable_concept_reversal,64,0.2,1.0,0.1890625,10
v3_max_moment,unidentifiable_concept_reversal,64,0.25,1.0,0.2625,10
v3_max_moment,unidentifiable_concept_reversal,64,0.3,1.0,0.2890625,10
v3_max_moment,unidentifiable_concept_reversal,64,0.35,1.0,0.4,10
v3_max_moment,unidentifiable_concept_reversal,64,0.4,1.0,0.41875,10
v3_max_moment,unidentifiable_concept_reversal,64,0.45,1.0,0.45234375,20
v3_max_moment,unidentifiable_concept_reversal,64,0.5,1.0,0.525,10
v3_max_moment,unidentifiable_concept_reversal,64,0.55,1.0,0.5421875,10
v3_max_moment,unidentifiable_concept_reversal,64,0.6,1.0,0.6359375,10
v3_max_moment,unidentifiable_concept_reversal,64,0.65,1.0,0.665625,10
v3_max_moment,unidentifiable_concept_reversal,64,0.7,1.0,0.7046875,10
v3_max_moment,unidentifiable_concept_reversal,64,0.75,1.0,0.7515625,10
v3_max_moment,unidentifiable_concept_reversal,64,0.8,1.0,0.796875,10
v3_max_moment,unidentifiable_concept_reversal,64,0.85,1.0,0.8421875,10
v3_max_moment,unidentifiable_concept_reversal,64,0.9,1.0,0.921875,10
v3_max_moment,unidentifiable_concept_reversal,64,0.95,1.0,0.9484375,10
v3_max_moment,unidentifiable_concept_reversal,128,0.05,1.0,0.053125,10
v3_max_moment,unidentifiable_concept_reversal,128,0.1,1.0,0.103125,10
v3_max_moment,unidentifiable_concept_reversal,128,0.15,1.0,0.13984375,10
v3_max_moment,unidentifiable_concept_reversal,128,0.2,1.0,0.2046875,10
v3_max_moment,unidentifiable_concept_reversal,128,0.25,1.0,0.2609375,10
v3_max_moment,unidentifiable_concept_reversal,128,0.3,1.0,0.3,10
v3_max_moment,unidentifiable_concept_reversal,128,0.35,1.0,0.365625,10
v3_max_moment,unidentifiable_concept_reversal,128,0.4,1.0,0.39609375,10
v3_max_moment,unidentifiable_concept_reversal,128,0.45,1.0,0.44765625,20
v3_max_moment,unidentifiable_concept_reversal,128,0.5,1.0,0.484375,10
v3_max_moment,unidentifiable_concept_reversal,128,0.55,1.0,0.58125,10
v3_max_moment,unidentifiable_concept_reversal,128,0.6,1.0,0.628125,10
v3_max_moment,unidentifiable_concept_reversal,128,0.65,1.0,0.66328125,10
v3_max_moment,unidentifiable_concept_reversal,128,0.7,1.0,0.7015625,10
v3_max_moment,unidentifiable_concept_reversal,128,0.75,1.0,0.775,10
v3_max_moment,unidentifiable_concept_reversal,128,0.8,1.0,0.80546875,10
v3_max_moment,unidentifiable_concept_reversal,128,0.85,1.0,0.8453125,10
v3_max_moment,unidentifiable_concept_reversal,128,0.9,1.0,0.90390625,10
v3_max_moment,unidentifiable_concept_reversal,128,0.95,1.0,0.94375,10
v3_max_moment,unidentifiable_concept_reversal,256,0.05,1.0,0.051953125,10
v3_max_moment,unidentifiable_concept_reversal,256,0.1,1.0,0.10078125,10
v3_max_moment,unidentifiable_concept_reversal,256,0.15,1.0,0.137109375,10
v3_max_moment,unidentifiable_concept_reversal,256,0.2,1.0,0.2125,10
v3_max_moment,unidentifiable_concept_reversal,256,0.25,1.0,0.2609375,10
v3_max_moment,unidentifiable_concept_reversal,256,0.3,1.0,0.3,10
v3_max_moment,unidentifiable_concept_reversal,256,0.35,1.0,0.3375,10
v3_max_moment,unidentifiable_concept_reversal,256,0.4,1.0,0.40078125,10
v3_max_moment,unidentifiable_concept_reversal,256,0.45,1.0,0.451953125,20
v3_max_moment,unidentifiable_concept_reversal,256,0.5,1.0,0.498046875,10
v3_max_moment,unidentifiable_concept_reversal,256,0.55,1.0,0.53671875,10
v3_max_moment,unidentifiable_concept_reversal,256,0.6,1.0,0.59375,10
v3_max_moment,unidentifiable_concept_reversal,256,0.65,1.0,0.6609375,10
v3_max_moment,unidentifiable_concept_reversal,256,0.7,1.0,0.681640625,10
v3_max_moment,unidentifiable_concept_reversal,256,0.75,1.0,0.755078125,10
v3_max_moment,unidentifiable_concept_reversal,256,0.8,1.0,0.7984375,10
v3_max_moment,unidentifiable_concept_reversal,256,0.85,1.0,0.8484375,10
v3_max_moment,unidentifiable_concept_reversal,256,0.9,1.0,0.9078125,10
v3_max_moment,unidentifiable_concept_reversal,256,0.95,1.0,0.95078125,10
v3_max_moment,unidentifiable_concept_reversal,512,0.05,1.0,0.05078125,10
v3_max_moment,unidentifiable_concept_reversal,512,0.1,1.0,0.104296875,10
v3_max_moment,unidentifiable_concept_reversal,512,0.15,1.0,0.15546875,10
v3_max_moment,unidentifiable_concept_reversal,512,0.2,1.0,0.1931640625,10
v3_max_moment,unidentifiable_concept_reversal,512,0.25,1.0,0.25,10
v3_max_moment,unidentifiable_concept_reversal,512,0.3,1.0,0.2978515625,10
v3_max_moment,unidentifiable_concept_reversal,512,0.35,1.0,0.351171875,10
v3_max_moment,unidentifiable_concept_reversal,512,0.4,1.0,0.4041015625,10
v3_max_moment,unidentifiable_concept_reversal,512,0.45,1.0,0.45107421875,20
v3_max_moment,unidentifiable_concept_reversal,512,0.5,1.0,0.49453125,10
v3_max_moment,unidentifiable_concept_reversal,512,0.55,1.0,0.55859375,10
v3_max_moment,unidentifiable_concept_reversal,512,0.6,1.0,0.607421875,10
v3_max_moment,unidentifiable_concept_reversal,512,0.65,1.0,0.648828125,10
v3_max_moment,unidentifiable_concept_reversal,512,0.7,1.0,0.7078125,10
v3_max_moment,unidentifiable_concept_reversal,512,0.75,1.0,0.7541015625,10
v3_max_moment,unidentifiable_concept_reversal,512,0.8,1.0,0.7970703125,10
v3_max_moment,unidentifiable_concept_reversal,512,0.85,1.0,0.8513671875,10
v3_max_moment,unidentifiable_concept_reversal,512,0.9,1.0,0.896484375,10
v3_max_moment,unidentifiable_concept_reversal,512,0.95,1.0,0.95078125,10
v4_spectral_ridge,conditional_scale,32,0.05,0.1,0.0625,10
v4_spectral_ridge,conditional_scale,32,0.1,0.1,0.13125,10
v4_spectral_ridge,conditional_scale,32,0.15,0.0,0.146875,20
v4_spectral_ridge,conditional_scale,32,0.2,0.0,0.21875,10
v4_spectral_ridge,conditional_scale,32,0.25,0.2,0.253125,10
v4_spectral_ridge,conditional_scale,32,0.3,0.3,0.328125,10
v4_spectral_ridge,conditional_scale,32,0.35,0.5,0.334375,10
v4_spectral_ridge,conditional_scale,32,0.4,0.4,0.38125,10
v4_spectral_ridge,conditional_scale,32,0.45,0.3,0.45625,10
v4_spectral_ridge,conditional_scale,32,0.5,0.3,0.46875,10
v4_spectral_ridge,conditional_scale,32,0.55,0.3,0.528125,10
v4_spectral_ridge,conditional_scale,32,0.6,0.5,0.615625,10
v4_spectral_ridge,conditional_scale,32,0.65,0.6,0.675,10
v4_spectral_ridge,conditional_scale,32,0.7,0.8,0.7125,10
v4_spectral_ridge,conditional_scale,32,0.75,0.9,0.7375,10
v4_spectral_ridge,conditional_scale,32,0.8,0.9,0.790625,10
v4_spectral_ridge,conditional_scale,32,0.85,0.6,0.834375,10
v4_spectral_ridge,conditional_scale,32,0.9,0.9,0.90625,10
v4_spectral_ridge,conditional_scale,32,0.95,1.0,0.946875,10
v4_spectral_ridge,conditional_scale,64,0.05,0.0,0.046875,10
v4_spectral_ridge,conditional_scale,64,0.1,0.0,0.0796875,10
v4_spectral_ridge,conditional_scale,64,0.15,0.05,0.15078125,20
v4_spectral_ridge,conditional_scale,64,0.2,0.0,0.2140625,10
v4_spectral_ridge,conditional_scale,64,0.25,0.0,0.2359375,10
v4_spectral_ridge,conditional_scale,64,0.3,0.1,0.265625,10
v4_spectral_ridge,conditional_scale,64,0.35,0.0,0.3359375,10
v4_spectral_ridge,conditional_scale,64,0.4,0.3,0.3921875,10
v4_spectral_ridge,conditional_scale,64,0.45,0.0,0.45625,10
v4_spectral_ridge,conditional_scale,64,0.5,0.1,0.4984375,10
v4_spectral_ridge,conditional_scale,64,0.55,0.0,0.546875,10
v4_spectral_ridge,conditional_scale,64,0.6,0.3,0.5859375,10
v4_spectral_ridge,conditional_scale,64,0.65,0.4,0.646875,10
v4_spectral_ridge,conditional_scale,64,0.7,0.5,0.7171875,10
v4_spectral_ridge,conditional_scale,64,0.75,0.5,0.753125,10
v4_spectral_ridge,conditional_scale,64,0.8,0.8,0.79375,10
v4_spectral_ridge,conditional_scale,64,0.85,0.7,0.85625,10
v4_spectral_ridge,conditional_scale,64,0.9,1.0,0.8921875,10
v4_spectral_ridge,conditional_scale,64,0.95,0.9,0.9375,10
v4_spectral_ridge,conditional_scale,128,0.05,0.0,0.04375,10
v4_spectral_ridge,conditional_scale,128,0.1,0.0,0.10390625,10
v4_spectral_ridge,conditional_scale,128,0.15,0.0,0.140625,20
v4_spectral_ridge,conditional_scale,128,0.2,0.0,0.2,10
v4_spectral_ridge,conditional_scale,128,0.25,0.0,0.2328125,10
v4_spectral_ridge,conditional_scale,128,0.3,0.0,0.29609375,10
v4_spectral_ridge,conditional_scale,128,0.35,0.0,0.340625,10
v4_spectral_ridge,conditional_scale,128,0.4,0.0,0.4046875,10
v4_spectral_ridge,conditional_scale,128,0.45,0.0,0.45390625,10
v4_spectral_ridge,conditional_scale,128,0.5,0.0,0.478125,10
v4_spectral_ridge,conditional_scale,128,0.55,0.1,0.5296875,10
v4_spectral_ridge,conditional_scale,128,0.6,0.2,0.5796875,10
v4_spectral_ridge,conditional_scale,128,0.65,0.4,0.64921875,10
v4_spectral_ridge,conditional_scale,128,0.7,0.2,0.70703125,10
v4_spectral_ridge,conditional_scale,128,0.75,0.5,0.75390625,10
v4_spectral_ridge,conditional_scale,128,0.8,0.8,0.790625,10
v4_spectral_ridge,conditional_scale,128,0.85,0.9,0.853125,10
v4_spectral_ridge,conditional_scale,128,0.9,1.0,0.8875,10
v4_spectral_ridge,conditional_scale,128,0.95,1.0,0.9453125,10
v4_spectral_ridge,conditional_scale,256,0.05,0.0,0.05078125,10
v4_spectral_ridge,conditional_scale,256,0.1,0.0,0.108203125,10
v4_spectral_ridge,conditional_scale,256,0.15,0.0,0.1478515625,20
v4_spectral_ridge,conditional_scale,256,0.2,0.0,0.209375,10
v4_spectral_ridge,conditional_scale,256,0.25,0.0,0.254296875,10
v4_spectral_ridge,conditional_scale,256,0.3,0.0,0.291015625,10
v4_spectral_ridge,conditional_scale,256,0.35,0.0,0.3546875,10
v4_spectral_ridge,conditional_scale,256,0.4,0.0,0.41953125,10
v4_spectral_ridge,conditional_scale,256,0.45,0.0,0.447265625,10
v4_spectral_ridge,conditional_scale,256,0.5,0.0,0.488671875,10
v4_spectral_ridge,conditional_scale,256,0.55,0.0,0.55,10
v4_spectral_ridge,conditional_scale,256,0.6,0.0,0.59375,10
v4_spectral_ridge,conditional_scale,256,0.65,0.0,0.65078125,10
v4_spectral_ridge,conditional_scale,256,0.7,0.1,0.685546875,10
v4_spectral_ridge,conditional_scale,256,0.75,0.0,0.74375,10
v4_spectral_ridge,conditional_scale,256,0.8,0.7,0.795703125,10
v4_spectral_ridge,conditional_scale,256,0.85,0.8,0.837890625,10
v4_spectral_ridge,conditional_scale,256,0.9,1.0,0.891796875,10
v4_spectral_ridge,conditional_scale,256,0.95,1.0,0.952734375,10
v4_spectral_ridge,conditional_scale,512,0.05,0.0,0.0490234375,10
v4_spectral_ridge,conditional_scale,512,0.1,0.0,0.0966796875,10
v4_spectral_ridge,conditional_scale,512,0.15,0.0,0.15009765625,20
v4_spectral_ridge,conditional_scale,512,0.2,0.0,0.205078125,10
v4_spectral_ridge,conditional_scale,512,0.25,0.0,0.24921875,10
v4_spectral_ridge,conditional_scale,512,0.3,0.0,0.2982421875,10
v4_spectral_ridge,conditional_scale,512,0.35,0.0,0.3548828125,10
v4_spectral_ridge,conditional_scale,512,0.4,0.0,0.398046875,10
v4_spectral_ridge,conditional_scale,512,0.45,0.0,0.4443359375,10
v4_spectral_ridge,conditional_scale,512,0.5,0.0,0.5060546875,10
v4_spectral_ridge,conditional_scale,512,0.55,0.0,0.5630859375,10
v4_spectral_ridge,conditional_scale,512,0.6,0.0,0.5951171875,10
v4_spectral_ridge,conditional_scale,512,0.65,0.0,0.6509765625,10
v4_spectral_ridge,conditional_scale,512,0.7,0.0,0.7009765625,10
v4_spectral_ridge,conditional_scale,512,0.75,0.0,0.7375,10
v4_spectral_ridge,conditional_scale,512,0.8,0.3,0.8048828125,10
v4_spectral_ridge,conditional_scale,512,0.85,0.6,0.8490234375,10
v4_spectral_ridge,conditional_scale,512,0.9,1.0,0.894921875,10
v4_spectral_ridge,conditional_scale,512,0.95,1.0,0.9470703125,10
v4_spectral_ridge,conditional_translation,32,0.05,1.0,0.05625,10
v4_spectral_ridge,conditional_translation,32,0.1,0.9,0.115625,20
v4_spectral_ridge,conditional_translation,32,0.15,0.9,0.15625,10
v4_spectral_ridge,conditional_translation,32,0.2,0.8,0.203125,10
v4_spectral_ridge,conditional_translation,32,0.25,0.5,0.246875,10
v4_spectral_ridge,conditional_translation,32,0.3,0.2,0.328125,10
v4_spectral_ridge,conditional_translation,32,0.35,0.3,0.296875,10
v4_spectral_ridge,conditional_translation,32,0.4,0.0,0.390625,10
v4_spectral_ridge,conditional_translation,32,0.45,0.1,0.440625,10
v4_spectral_ridge,conditional_translation,32,0.5,0.0,0.528125,10
v4_spectral_ridge,conditional_translation,32,0.55,0.0,0.50625,10
v4_spectral_ridge,conditional_translation,32,0.6,0.0,0.6375,10
v4_spectral_ridge,conditional_translation,32,0.65,0.0,0.65,10
v4_spectral_ridge,conditional_translation,32,0.7,0.0,0.69375,10
v4_spectral_ridge,conditional_translation,32,0.75,0.0,0.790625,10
v4_spectral_ridge,conditional_translation,32,0.8,0.0,0.815625,10
v4_spectral_ridge,conditional_translation,32,0.85,0.0,0.840625,10
v4_spectral_ridge,conditional_translation,32,0.9,0.0,0.89375,10
v4_spectral_ridge,conditional_translation,32,0.95,0.0,0.953125,10
v4_spectral_ridge,conditional_translation,64,0.05,1.0,0.0640625,10
v4_spectral_ridge,conditional_translation,64,0.1,0.8,0.1171875,20
v4_spectral_ridge,conditional_translation,64,0.15,0.5,0.1625,10
v4_spectral_ridge,conditional_translation,64,0.2,0.4,0.20625,10
v4_spectral_ridge,conditional_translation,64,0.25,0.2,0.23125,10
v4_spectral_ridge,conditional_translation,64,0.3,0.0,0.3265625,10
v4_spectral_ridge,conditional_translation,64,0.35,0.1,0.3078125,10
v4_spectral_ridge,conditional_translation,64,0.4,0.0,0.41875,10
v4_spectral_ridge,conditional_translation,64,0.45,0.0,0.428125,10
v4_spectral_ridge,conditional_translation,64,0.5,0.0,0.4953125,10
v4_spectral_ridge,conditional_translation,64,0.55,0.0,0.5625,10
v4_spectral_ridge,conditional_translation,64,0.6,0.0,0.6109375,10
v4_spectral_ridge,conditional_translation,64,0.65,0.0,0.6453125,10
v4_spectral_ridge,conditional_translation,64,0.7,0.0,0.7046875,10
v4_spectral_ridge,conditional_translation,64,0.75,0.0,0.7609375,10
v4_spectral_ridge,conditional_translation,64,0.8,0.0,0.7890625,10
v4_spectral_ridge,conditional_translation,64,0.85,0.0,0.853125,10
v4_spectral_ridge,conditional_translation,64,0.9,0.0,0.896875,10
v4_spectral_ridge,conditional_translation,64,0.95,0.0,0.95,10
v4_spectral_ridge,conditional_translation,128,0.05,1.0,0.05,10
v4_spectral_ridge,conditional_translation,128,0.1,0.85,0.10625,20
v4_spectral_ridge,conditional_translation,128,0.15,0.5,0.14140625,10
v4_spectral_ridge,conditional_translation,128,0.2,0.0,0.20234375,10
v4_spectral_ridge,conditional_translation,128,0.25,0.0,0.25390625,10
v4_spectral_ridge,conditional_translation,128,0.3,0.0,0.309375,10
v4_spectral_ridge,conditional_translation,128,0.35,0.0,0.3078125,10
v4_spectral_ridge,conditional_translation,128,0.4,0.0,0.40546875,10
v4_spectral_ridge,conditional_translation,128,0.45,0.0,0.44609375,10
v4_spectral_ridge,conditional_translation,128,0.5,0.0,0.51171875,10
v4_spectral_ridge,conditional_translation,128,0.55,0.0,0.54609375,10
v4_spectral_ridge,conditional_translation,128,0.6,0.0,0.6,10
v4_spectral_ridge,conditional_translation,128,0.65,0.0,0.6390625,10
v4_spectral_ridge,conditional_translation,128,0.7,0.0,0.70546875,10
v4_spectral_ridge,conditional_translation,128,0.75,0.0,0.7390625,10
v4_spectral_ridge,conditional_translation,128,0.8,0.0,0.7921875,10
v4_spectral_ridge,conditional_translation,128,0.85,0.0,0.84765625,10
v4_spectral_ridge,conditional_translation,128,0.9,0.0,0.89375,10
v4_spectral_ridge,conditional_translation,128,0.95,0.0,0.95625,10
v4_spectral_ridge,conditional_translation,256,0.05,1.0,0.046875,10
v4_spectral_ridge,conditional_translation,256,0.1,0.65,0.1005859375,20
v4_spectral_ridge,conditional_translation,256,0.15,0.4,0.14453125,10
v4_spectral_ridge,conditional_translation,256,0.2,0.0,0.19453125,10
v4_spectral_ridge,conditional_translation,256,0.25,0.0,0.2515625,10
v4_spectral_ridge,conditional_translation,256,0.3,0.0,0.30078125,10
v4_spectral_ridge,conditional_translation,256,0.35,0.0,0.334765625,10
v4_spectral_ridge,conditional_translation,256,0.4,0.0,0.39296875,10
v4_spectral_ridge,conditional_translation,256,0.45,0.0,0.430859375,10
v4_spectral_ridge,conditional_translation,256,0.5,0.0,0.50078125,10
v4_spectral_ridge,conditional_translation,256,0.55,0.0,0.53984375,10
v4_spectral_ridge,conditional_translation,256,0.6,0.0,0.61875,10
v4_spectral_ridge,conditional_translation,256,0.65,0.0,0.618359375,10
v4_spectral_ridge,conditional_translation,256,0.7,0.0,0.694921875,10
v4_spectral_ridge,conditional_translation,256,0.75,0.0,0.755078125,10
v4_spectral_ridge,conditional_translation,256,0.8,0.0,0.791015625,10
v4_spectral_ridge,conditional_translation,256,0.85,0.0,0.848828125,10
v4_spectral_ridge,conditional_translation,256,0.9,0.0,0.90390625,10
v4_spectral_ridge,conditional_translation,256,0.95,0.0,0.94921875,10
v4_spectral_ridge,conditional_translation,512,0.05,1.0,0.05625,10
v4_spectral_ridge,conditional_translation,512,0.1,0.7,0.0986328125,20
v4_spectral_ridge,conditional_translation,512,0.15,0.0,0.1556640625,10
v4_spectral_ridge,conditional_translation,512,0.2,0.0,0.198828125,10
v4_spectral_ridge,conditional_translation,512,0.25,0.0,0.253515625,10
v4_spectral_ridge,conditional_translation,512,0.3,0.0,0.295703125,10
v4_spectral_ridge,conditional_translation,512,0.35,0.0,0.342578125,10
v4_spectral_ridge,conditional_translation,512,0.4,0.0,0.396875,10
v4_spectral_ridge,conditional_translation,512,0.45,0.0,0.4458984375,10
v4_spectral_ridge,conditional_translation,512,0.5,0.0,0.49375,10
v4_spectral_ridge,conditional_translation,512,0.55,0.0,0.55,10
v4_spectral_ridge,conditional_translation,512,0.6,0.0,0.608984375,10
v4_spectral_ridge,conditional_translation,512,0.65,0.0,0.6544921875,10
v4_spectral_ridge,conditional_translation,512,0.7,0.0,0.692578125,10
v4_spectral_ridge,conditional_translation,512,0.75,0.0,0.7515625,10
v4_spectral_ridge,conditional_translation,512,0.8,0.0,0.8083984375,10
v4_spectral_ridge,conditional_translation,512,0.85,0.0,0.8505859375,10
v4_spectral_ridge,conditional_translation,512,0.9,0.0,0.8955078125,10
v4_spectral_ridge,conditional_translation,512,0.95,0.0,0.9490234375,10
v4_spectral_ridge,covariance_shear,32,0.05,1.0,0.059375,10
v4_spectral_ridge,covariance_shear,32,0.1,1.0,0.09375,10
v4_spectral_ridge,covariance_shear,32,0.15,1.0,0.140625,10
v4_spectral_ridge,covariance_shear,32,0.2,1.0,0.171875,10
v4_spectral_ridge,covariance_shear,32,0.25,1.0,0.2375,10
v4_spectral_ridge,covariance_shear,32,0.3,0.95,0.2890625,20
v4_spectral_ridge,covariance_shear,32,0.35,0.8,0.325,10
v4_spectral_ridge,covariance_shear,32,0.4,0.7,0.375,10
v4_spectral_ridge,covariance_shear,32,0.45,0.7,0.434375,10
v4_spectral_ridge,covariance_shear,32,0.5,0.8,0.509375,10
v4_spectral_ridge,covariance_shear,32,0.55,0.4,0.584375,10
v4_spectral_ridge,covariance_shear,32,0.6,0.3,0.553125,10
v4_spectral_ridge,covariance_shear,32,0.65,0.2,0.684375,10
v4_spectral_ridge,covariance_shear,32,0.7,0.3,0.684375,10
v4_spectral_ridge,covariance_shear,32,0.75,0.2,0.740625,10
v4_spectral_ridge,covariance_shear,32,0.8,0.2,0.790625,10
v4_spectral_ridge,covariance_shear,32,0.85,0.3,0.828125,10
v4_spectral_ridge,covariance_shear,32,0.9,0.3,0.90625,10
v4_spectral_ridge,covariance_shear,32,0.95,0.1,0.95,10
v4_spectral_ridge,covariance_shear,64,0.05,1.0,0.059375,10
v4_spectral_ridge,covariance_shear,64,0.1,1.0,0.1078125,10
v4_spectral_ridge,covariance_shear,64,0.15,1.0,0.140625,10
v4_spectral_ridge,covariance_shear,64,0.2,1.0,0.1765625,10
v4_spectral_ridge,covariance_shear,64,0.25,1.0,0.2640625,10
v4_spectral_ridge,covariance_shear,64,0.3,0.8,0.31328125,20
v4_spectral_ridge,covariance_shear,64,0.35,0.8,0.34375,10
v4_spectral_ridge,covariance_shear,64,0.4,0.6,0.3796875,10
v4_spectral_ridge,covariance_shear,64,0.45,0.2,0.4578125,10
v4_spectral_ridge,covariance_shear,64,0.5,0.7,0.4859375,10
v4_spectral_ridge,covariance_shear,64,0.55,0.2,0.5453125,10
v4_spectral_ridge,covariance_shear,64,0.6,0.2,0.565625,10
v4_spectral_ridge,covariance_shear,64,0.65,0.3,0.65625,10
v4_spectral_ridge,covariance_shear,64,0.7,0.2,0.6984375,10
v4_spectral_ridge,covariance_shear,64,0.75,0.0,0.7265625,10
v4_spectral_ridge,covariance_shear,64,0.8,0.0,0.80625,10
v4_spectral_ridge,covariance_shear,64,0.85,0.0,0.84375,10
v4_spectral_ridge,covariance_shear,64,0.9,0.0,0.903125,10
v4_spectral_ridge,covariance_shear,64,0.95,0.0,0.9421875,10
v4_spectral_ridge,covariance_shear,128,0.05,1.0,0.04453125,10
v4_spectral_ridge,covariance_shear,128,0.1,1.0,0.1046875,10
v4_spectral_ridge,covariance_shear,128,0.15,1.0,0.15703125,10
v4_spectral_ridge,covariance_shear,128,0.2,0.9,0.19140625,10
v4_spectral_ridge,covariance_shear,128,0.25,0.6,0.24140625,10
v4_spectral_ridge,covariance_shear,128,0.3,0.3,0.31015625,20
v4_spectral_ridge,covariance_shear,128,0.35,0.3,0.3578125,10
v4_spectral_ridge,covariance_shear,128,0.4,0.1,0.4109375,10
v4_spectral_ridge,covariance_shear,128,0.45,0.3,0.43359375,10
v4_spectral_ridge,covariance_shear,128,0.5,0.1,0.5078125,10
v4_spectral_ridge,covariance_shear,128,0.55,0.1,0.55546875,10
v4_spectral_ridge,covariance_shear,128,0.6,0.0,0.59765625,10
v4_spectral_ridge,covariance_shear,128,0.65,0.0,0.6640625,10
v4_spectral_ridge,covariance_shear,128,0.7,0.0,0.68671875,10
v4_spectral_ridge,covariance_shear,128,0.75,0.0,0.74765625,10
v4_spectral_ridge,covariance_shear,128,0.8,0.0,0.80703125,10
v4_spectral_ridge,covariance_shear,128,0.85,0.0,0.84921875,10
v4_spectral_ridge,covariance_shear,128,0.9,0.0,0.90546875,10
v4_spectral_ridge,covariance_shear,128,0.95,0.0,0.94375,10
v4_spectral_ridge,covariance_shear,256,0.05,1.0,0.0546875,10
v4_spectral_ridge,covariance_shear,256,0.1,1.0,0.0953125,10
v4_spectral_ridge,covariance_shear,256,0.15,1.0,0.135546875,10
v4_spectral_ridge,covariance_shear,256,0.2,0.8,0.202734375,10
v4_spectral_ridge,covariance_shear,256,0.25,0.8,0.244921875,10
v4_spectral_ridge,covariance_shear,256,0.3,0.45,0.2927734375,20
v4_spectral_ridge,covariance_shear,256,0.35,0.1,0.3453125,10
v4_spectral_ridge,covariance_shear,256,0.4,0.0,0.39296875,10
v4_spectral_ridge,covariance_shear,256,0.45,0.0,0.45625,10
v4_spectral_ridge,covariance_shear,256,0.5,0.0,0.5125,10
v4_spectral_ridge,covariance_shear,256,0.55,0.0,0.55625,10
v4_spectral_ridge,covariance_shear,256,0.6,0.0,0.59609375,10
v4_spectral_ridge,covariance_shear,256,0.65,0.0,0.658203125,10
v4_spectral_ridge,covariance_shear,256,0.7,0.0,0.69453125,10
v4_spectral_ridge,covariance_shear,256,0.75,0.0,0.740625,10
v4_spectral_ridge,covariance_shear,256,0.8,0.0,0.79375,10
v4_spectral_ridge,covariance_shear,256,0.85,0.0,0.841796875,10
v4_spectral_ridge,covariance_shear,256,0.9,0.0,0.895703125,10
v4_spectral_ridge,covariance_shear,256,0.95,0.0,0.947265625,10
v4_spectral_ridge,covariance_shear,512,0.05,1.0,0.0515625,10
v4_spectral_ridge,covariance_shear,512,0.1,1.0,0.1009765625,10
v4_spectral_ridge,covariance_shear,512,0.15,1.0,0.15078125,10
v4_spectral_ridge,covariance_shear,512,0.2,0.7,0.191796875,10
v4_spectral_ridge,covariance_shear,512,0.25,0.2,0.254296875,10
v4_spectral_ridge,covariance_shear,512,0.3,0.05,0.298828125,20
v4_spectral_ridge,covariance_shear,512,0.35,0.0,0.348828125,10
v4_spectral_ridge,covariance_shear,512,0.4,0.0,0.4021484375,10
v4_spectral_ridge,covariance_shear,512,0.45,0.0,0.4583984375,10
v4_spectral_ridge,covariance_shear,512,0.5,0.0,0.4962890625,10
v4_spectral_ridge,covariance_shear,512,0.55,0.0,0.5541015625,10
v4_spectral_ridge,covariance_shear,512,0.6,0.0,0.608984375,10
v4_spectral_ridge,covariance_shear,512,0.65,0.0,0.6587890625,10
v4_spectral_ridge,covariance_shear,512,0.7,0.0,0.70625,10
v4_spectral_ridge,covariance_shear,512,0.75,0.0,0.7541015625,10
v4_spectral_ridge,covariance_shear,512,0.8,0.0,0.794921875,10
v4_spectral_ridge,covariance_shear,512,0.85,0.0,0.85,10
v4_spectral_ridge,covariance_shear,512,0.9,0.0,0.9021484375,10
v4_spectral_ridge,covariance_shear,512,0.95,0.0,0.9470703125,10
v4_spectral_ridge,nonlinear_bimodal,32,0.05,1.0,0.046875,10
v4_spectral_ridge,nonlinear_bimodal,32,0.1,1.0,0.09375,10
v4_spectral_ridge,nonlinear_bimodal,32,0.15,0.2,0.175,10
v4_spectral_ridge,nonlinear_bimodal,32,0.2,0.6,0.21875,10
v4_spectral_ridge,nonlinear_bimodal,32,0.25,0.6,0.234375,10
v4_spectral_ridge,nonlinear_bimodal,32,0.3,0.2,0.309375,10
v4_spectral_ridge,nonlinear_bimodal,32,0.35,0.0,0.346875,10
v4_spectral_ridge,nonlinear_bimodal,32,0.4,0.0,0.403125,20
v4_spectral_ridge,nonlinear_bimodal,32,0.45,0.1,0.425,10
v4_spectral_ridge,nonlinear_bimodal,32,0.5,0.1,0.490625,10
v4_spectral_ridge,nonlinear_bimodal,32,0.55,0.0,0.55,10
v4_spectral_ridge,nonlinear_bimodal,32,0.6,0.0,0.646875,10
v4_spectral_ridge,nonlinear_bimodal,32,0.65,0.0,0.665625,10
v4_spectral_ridge,nonlinear_bimodal,32,0.7,0.0,0.740625,10
v4_spectral_ridge,nonlinear_bimodal,32,0.75,0.0,0.78125,10
v4_spectral_ridge,nonlinear_bimodal,32,0.8,0.0,0.796875,10
v4_spectral_ridge,nonlinear_bimodal,32,0.85,0.0,0.85625,10
v4_spectral_ridge,nonlinear_bimodal,32,0.9,0.0,0.89375,10
v4_spectral_ridge,nonlinear_bimodal,32,0.95,0.0,0.915625,10
v4_spectral_ridge,nonlinear_bimodal,64,0.05,0.8,0.071875,10
v4_spectral_ridge,nonlinear_bimodal,64,0.1,0.7,0.1046875,10
v4_spectral_ridge,nonlinear_bimodal,64,0.15,0.5,0.15,10
v4_spectral_ridge,nonlinear_bimodal,64,0.2,0.6,0.190625,10
v4_spectral_ridge,nonlinear_bimodal,64,0.25,0.1,0.271875,10
v4_spectral_ridge,nonlinear_bimodal,64,0.3,0.0,0.2953125,10
v4_spectral_ridge,nonlinear_bimodal,64,0.35,0.0,0.3328125,10
v4_spectral_ridge,nonlinear_bimodal,64,0.4,0.0,0.3828125,20
v4_spectral_ridge,nonlinear_bimodal,64,0.45,0.0,0.4359375,10
v4_spectral_ridge,nonlinear_bimodal,64,0.5,0.0,0.515625,10
v4_spectral_ridge,nonlinear_bimodal,64,0.55,0.0,0.5421875,10
v4_spectral_ridge,nonlinear_bimodal,64,0.6,0.0,0.621875,10
v4_spectral_ridge,nonlinear_bimodal,64,0.65,0.0,0.6453125,10
v4_spectral_ridge,nonlinear_bimodal,64,0.7,0.0,0.675,10
v4_spectral_ridge,nonlinear_bimodal,64,0.75,0.0,0.7203125,10
v4_spectral_ridge,nonlinear_bimodal,64,0.8,0.0,0.809375,10
v4_spectral_ridge,nonlinear_bimodal,64,0.85,0.0,0.8421875,10
v4_spectral_ridge,nonlinear_bimodal,64,0.9,0.0,0.909375,10
v4_spectral_ridge,nonlinear_bimodal,64,0.95,0.0,0.940625,10
v4_spectral_ridge,nonlinear_bimodal,128,0.05,0.9,0.05078125,10
v4_spectral_ridge,nonlinear_bimodal,128,0.1,0.6,0.103125,10
v4_spectral_ridge,nonlinear_bimodal,128,0.15,0.4,0.1625,10
v4_spectral_ridge,nonlinear_bimodal,128,0.2,0.1,0.20546875,10
v4_spectral_ridge,nonlinear_bimodal,128,0.25,0.0,0.25390625,10
v4_spectral_ridge,nonlinear_bimodal,128,0.3,0.0,0.27421875,10
v4_spectral_ridge,nonlinear_bimodal,128,0.35,0.0,0.33125,10
v4_spectral_ridge,nonlinear_bimodal,128,0.4,0.0,0.3890625,20
v4_spectral_ridge,nonlinear_bimodal,128,0.45,0.0,0.45390625,10
v4_spectral_ridge,nonlinear_bimodal,128,0.5,0.0,0.49453125,10
v4_spectral_ridge,nonlinear_bimodal,128,0.55,0.0,0.54296875,10
v4_spectral_ridge,nonlinear_bimodal,128,0.6,0.0,0.61640625,10
v4_spectral_ridge,nonlinear_bimodal,128,0.65,0.0,0.65703125,10
v4_spectral_ridge,nonlinear_bimodal,128,0.7,0.0,0.70234375,10
v4_spectral_ridge,nonlinear_bimodal,128,0.75,0.0,0.75703125,10
v4_spectral_ridge,nonlinear_bimodal,128,0.8,0.0,0.80390625,10
v4_spectral_ridge,nonlinear_bimodal,128,0.85,0.0,0.85703125,10
v4_spectral_ridge,nonlinear_bimodal,128,0.9,0.0,0.8890625,10
v4_spectral_ridge,nonlinear_bimodal,128,0.95,0.0,0.953125,10
v4_spectral_ridge,nonlinear_bimodal,256,0.05,1.0,0.043359375,10
v4_spectral_ridge,nonlinear_bimodal,256,0.1,0.8,0.101171875,10
v4_spectral_ridge,nonlinear_bimodal,256,0.15,0.2,0.151171875,10
v4_spectral_ridge,nonlinear_bimodal,256,0.2,0.0,0.1921875,10
v4_spectral_ridge,nonlinear_bimodal,256,0.25,0.0,0.260546875,10
v4_spectral_ridge,nonlinear_bimodal,256,0.3,0.0,0.298828125,10
v4_spectral_ridge,nonlinear_bimodal,256,0.35,0.0,0.340625,10
v4_spectral_ridge,nonlinear_bimodal,256,0.4,0.0,0.3921875,20
v4_spectral_ridge,nonlinear_bimodal,256,0.45,0.0,0.45625,10
v4_spectral_ridge,nonlinear_bimodal,256,0.5,0.0,0.518359375,10
v4_spectral_ridge,nonlinear_bimodal,256,0.55,0.0,0.53203125,10
v4_spectral_ridge,nonlinear_bimodal,256,0.6,0.0,0.600390625,10
v4_spectral_ridge,nonlinear_bimodal,256,0.65,0.0,0.65234375,10
v4_spectral_ridge,nonlinear_bimodal,256,0.7,0.0,0.716796875,10
v4_spectral_ridge,nonlinear_bimodal,256,0.75,0.0,0.74921875,10
v4_spectral_ridge,nonlinear_bimodal,256,0.8,0.0,0.794921875,10
v4_spectral_ridge,nonlinear_bimodal,256,0.85,0.0,0.844921875,10
v4_spectral_ridge,nonlinear_bimodal,256,0.9,0.0,0.896484375,10
v4_spectral_ridge,nonlinear_bimodal,256,0.95,0.0,0.95390625,10
v4_spectral_ridge,nonlinear_bimodal,512,0.05,0.9,0.0484375,10
v4_spectral_ridge,nonlinear_bimodal,512,0.1,0.6,0.0912109375,10
v4_spectral_ridge,nonlinear_bimodal,512,0.15,0.1,0.147265625,10
v4_spectral_ridge,nonlinear_bimodal,512,0.2,0.0,0.20546875,10
v4_spectral_ridge,nonlinear_bimodal,512,0.25,0.0,0.2544921875,10
v4_spectral_ridge,nonlinear_bimodal,512,0.3,0.0,0.2935546875,10
v4_spectral_ridge,nonlinear_bimodal,512,0.35,0.0,0.3427734375,10
v4_spectral_ridge,nonlinear_bimodal,512,0.4,0.0,0.40986328125,20
v4_spectral_ridge,nonlinear_bimodal,512,0.45,0.0,0.4611328125,10
v4_spectral_ridge,nonlinear_bimodal,512,0.5,0.0,0.494921875,10
v4_spectral_ridge,nonlinear_bimodal,512,0.55,0.0,0.5498046875,10
v4_spectral_ridge,nonlinear_bimodal,512,0.6,0.0,0.5970703125,10
v4_spectral_ridge,nonlinear_bimodal,512,0.65,0.0,0.6412109375,10
v4_spectral_ridge,nonlinear_bimodal,512,0.7,0.0,0.70234375,10
v4_spectral_ridge,nonlinear_bimodal,512,0.75,0.0,0.7537109375,10
v4_spectral_ridge,nonlinear_bimodal,512,0.8,0.0,0.7908203125,10
v4_spectral_ridge,nonlinear_bimodal,512,0.85,0.0,0.850390625,10
v4_spectral_ridge,nonlinear_bimodal,512,0.9,0.0,0.89296875,10
v4_spectral_ridge,nonlinear_bimodal,512,0.95,0.0,0.9443359375,10
v4_spectral_ridge,outcome_dependent_dropout,32,0.05,1.0,0.059375,10
v4_spectral_ridge,outcome_dependent_dropout,32,0.1,0.9,0.134375,10
v4_spectral_ridge,outcome_dependent_dropout,32,0.15,0.9,0.140625,10
v4_spectral_ridge,outcome_dependent_dropout,32,0.2,0.8,0.18125,10
v4_spectral_ridge,outcome_dependent_dropout,32,0.25,0.6,0.2421875,20
v4_spectral_ridge,outcome_dependent_dropout,32,0.3,0.4,0.31875,10
v4_spectral_ridge,outcome_dependent_dropout,32,0.35,0.2,0.378125,10
v4_spectral_ridge,outcome_dependent_dropout,32,0.4,0.1,0.4,10
v4_spectral_ridge,outcome_dependent_dropout,32,0.45,0.0,0.48125,10
v4_spectral_ridge,outcome_dependent_dropout,32,0.5,0.1,0.490625,10
v4_spectral_ridge,outcome_dependent_dropout,32,0.55,0.0,0.571875,10
v4_spectral_ridge,outcome_dependent_dropout,32,0.6,0.0,0.590625,10
v4_spectral_ridge,outcome_dependent_dropout,32,0.65,0.0,0.684375,10
v4_spectral_ridge,outcome_dependent_dropout,32,0.7,0.0,0.65,10
v4_spectral_ridge,outcome_dependent_dropout,32,0.75,0.0,0.75625,10
v4_spectral_ridge,outcome_dependent_dropout,32,0.8,0.0,0.809375,10
v4_spectral_ridge,outcome_dependent_dropout,32,0.85,0.0,0.809375,10
v4_spectral_ridge,outcome_dependent_dropout,32,0.9,0.0,0.89375,10
v4_spectral_ridge,outcome_dependent_dropout,32,0.95,0.0,0.953125,10
v4_spectral_ridge,outcome_dependent_dropout,64,0.05,1.0,0.0421875,10
v4_spectral_ridge,outcome_dependent_dropout,64,0.1,1.0,0.0921875,10
v4_spectral_ridge,outcome_dependent_dropout,64,0.15,0.5,0.16875,10
v4_spectral_ridge,outcome_dependent_dropout,64,0.2,0.4,0.228125,10
v4_spectral_ridge,outcome_dependent_dropout,64,0.25,0.15,0.2828125,20
v4_spectral_ridge,outcome_dependent_dropout,64,0.3,0.1,0.3109375,10
v4_spectral_ridge,outcome_dependent_dropout,64,0.35,0.0,0.33125,10
v4_spectral_ridge,outcome_dependent_dropout,64,0.4,0.0,0.4234375,10
v4_spectral_ridge,outcome_dependent_dropout,64,0.45,0.0,0.490625,10
v4_spectral_ridge,outcome_dependent_dropout,64,0.5,0.0,0.4984375,10
v4_spectral_ridge,outcome_dependent_dropout,64,0.55,0.0,0.5359375,10
v4_spectral_ridge,outcome_dependent_dropout,64,0.6,0.0,0.6453125,10
v4_spectral_ridge,outcome_dependent_dropout,64,0.65,0.0,0.64375,10
v4_spectral_ridge,outcome_dependent_dropout,64,0.7,0.0,0.6921875,10
v4_spectral_ridge,outcome_dependent_dropout,64,0.75,0.0,0.7375,10
v4_spectral_ridge,outcome_dependent_dropout,64,0.8,0.0,0.7921875,10
v4_spectral_ridge,outcome_dependent_dropout,64,0.85,0.0,0.840625,10
v4_spectral_ridge,outcome_dependent_dropout,64,0.9,0.0,0.8875,10
v4_spectral_ridge,outcome_dependent_dropout,64,0.95,0.0,0.959375,10
v4_spectral_ridge,outcome_dependent_dropout,128,0.05,1.0,0.05078125,10
v4_spectral_ridge,outcome_dependent_dropout,128,0.1,0.9,0.09609375,10
v4_spectral_ridge,outcome_dependent_dropout,128,0.15,0.7,0.15,10
v4_spectral_ridge,outcome_dependent_dropout,128,0.2,0.1,0.1953125,10
v4_spectral_ridge,outcome_dependent_dropout,128,0.25,0.05,0.251171875,20
v4_spectral_ridge,outcome_dependent_dropout,128,0.3,0.0,0.27578125,10
v4_spectral_ridge,outcome_dependent_dropout,128,0.35,0.0,0.3609375,10
v4_spectral_ridge,outcome_dependent_dropout,128,0.4,0.0,0.39453125,10
v4_spectral_ridge,outcome_dependent_dropout,128,0.45,0.0,0.45859375,10
v4_spectral_ridge,outcome_dependent_dropout,128,0.5,0.0,0.5,10
v4_spectral_ridge,outcome_dependent_dropout,128,0.55,0.0,0.55625,10
v4_spectral_ridge,outcome_dependent_dropout,128,0.6,0.0,0.61640625,10
v4_spectral_ridge,outcome_dependent_dropout,128,0.65,0.0,0.640625,10
v4_spectral_ridge,outcome_dependent_dropout,128,0.7,0.0,0.70859375,10
v4_spectral_ridge,outcome_dependent_dropout,128,0.75,0.0,0.73125,10
v4_spectral_ridge,outcome_dependent_dropout,128,0.8,0.0,0.78828125,10
v4_spectral_ridge,outcome_dependent_dropout,128,0.85,0.0,0.83984375,10
v4_spectral_ridge,outcome_dependent_dropout,128,0.9,0.0,0.91484375,10
v4_spectral_ridge,outcome_dependent_dropout,128,0.95,0.0,0.95625,10
v4_spectral_ridge,outcome_dependent_dropout,256,0.05,1.0,0.053125,10
v4_spectral_ridge,outcome_dependent_dropout,256,0.1,0.8,0.105859375,10
v4_spectral_ridge,outcome_dependent_dropout,256,0.15,0.2,0.1421875,10
v4_spectral_ridge,outcome_dependent_dropout,256,0.2,0.0,0.187109375,10
v4_spectral_ridge,outcome_dependent_dropout,256,0.25,0.0,0.2447265625,20
v4_spectral_ridge,outcome_dependent_dropout,256,0.3,0.0,0.281640625,10
v4_spectral_ridge,outcome_dependent_dropout,256,0.35,0.0,0.357421875,10
v4_spectral_ridge,outcome_dependent_dropout,256,0.4,0.0,0.39375,10
v4_spectral_ridge,outcome_dependent_dropout,256,0.45,0.0,0.4453125,10
v4_spectral_ridge,outcome_dependent_dropout,256,0.5,0.0,0.500390625,10
v4_spectral_ridge,outcome_dependent_dropout,256,0.55,0.0,0.550390625,10
v4_spectral_ridge,outcome_dependent_dropout,256,0.6,0.0,0.590625,10
v4_spectral_ridge,outcome_dependent_dropout,256,0.65,0.0,0.630078125,10
v4_spectral_ridge,outcome_dependent_dropout,256,0.7,0.0,0.678125,10
v4_spectral_ridge,outcome_dependent_dropout,256,0.75,0.0,0.7453125,10
v4_spectral_ridge,outcome_dependent_dropout,256,0.8,0.0,0.807421875,10
v4_spectral_ridge,outcome_dependent_dropout,256,0.85,0.0,0.848046875,10
v4_spectral_ridge,outcome_dependent_dropout,256,0.9,0.0,0.895703125,10
v4_spectral_ridge,outcome_dependent_dropout,256,0.95,0.0,0.937890625,10
v4_spectral_ridge,outcome_dependent_dropout,512,0.05,1.0,0.0435546875,10
v4_spectral_ridge,outcome_dependent_dropout,512,0.1,0.7,0.1052734375,10
v4_spectral_ridge,outcome_dependent_dropout,512,0.15,0.1,0.1564453125,10
v4_spectral_ridge,outcome_dependent_dropout,512,0.2,0.0,0.1951171875,10
v4_spectral_ridge,outcome_dependent_dropout,512,0.25,0.0,0.2552734375,20
v4_spectral_ridge,outcome_dependent_dropout,512,0.3,0.0,0.3021484375,10
v4_spectral_ridge,outcome_dependent_dropout,512,0.35,0.0,0.3529296875,10
v4_spectral_ridge,outcome_dependent_dropout,512,0.4,0.0,0.4041015625,10
v4_spectral_ridge,outcome_dependent_dropout,512,0.45,0.0,0.4369140625,10
v4_spectral_ridge,outcome_dependent_dropout,512,0.5,0.0,0.4955078125,10
v4_spectral_ridge,outcome_dependent_dropout,512,0.55,0.0,0.5513671875,10
v4_spectral_ridge,outcome_dependent_dropout,512,0.6,0.0,0.608203125,10
v4_spectral_ridge,outcome_dependent_dropout,512,0.65,0.0,0.64609375,10
v4_spectral_ridge,outcome_dependent_dropout,512,0.7,0.0,0.707421875,10
v4_spectral_ridge,outcome_dependent_dropout,512,0.75,0.0,0.7443359375,10
v4_spectral_ridge,outcome_dependent_dropout,512,0.8,0.0,0.80234375,10
v4_spectral_ridge,outcome_dependent_dropout,512,0.85,0.0,0.8568359375,10
v4_spectral_ridge,outcome_dependent_dropout,512,0.9,0.0,0.9029296875,10
v4_spectral_ridge,outcome_dependent_dropout,512,0.95,0.0,0.9478515625,10
v4_spectral_ridge,pure_label_shift,32,0.05,1.0,0.04375,20
v4_spectral_ridge,pure_label_shift,32,0.1,0.9,0.096875,10
v4_spectral_ridge,pure_label_shift,32,0.15,0.9,0.15,10
v4_spectral_ridge,pure_label_shift,32,0.2,1.0,0.178125,10
v4_spectral_ridge,pure_label_shift,32,0.25,1.0,0.234375,10
v4_spectral_ridge,pure_label_shift,32,0.3,1.0,0.309375,10
v4_spectral_ridge,pure_label_shift,32,0.35,1.0,0.340625,10
v4_spectral_ridge,pure_label_shift,32,0.4,1.0,0.365625,10
v4_spectral_ridge,pure_label_shift,32,0.45,1.0,0.484375,10
v4_spectral_ridge,pure_label_shift,32,0.5,1.0,0.490625,10
v4_spectral_ridge,pure_label_shift,32,0.55,1.0,0.58125,10
v4_spectral_ridge,pure_label_shift,32,0.6,0.9,0.578125,10
v4_spectral_ridge,pure_label_shift,32,0.65,1.0,0.68125,10
v4_spectral_ridge,pure_label_shift,32,0.7,1.0,0.690625,10
v4_spectral_ridge,pure_label_shift,32,0.75,1.0,0.7,10
v4_spectral_ridge,pure_label_shift,32,0.8,1.0,0.8,10
v4_spectral_ridge,pure_label_shift,32,0.85,1.0,0.85,10
v4_spectral_ridge,pure_label_shift,32,0.9,1.0,0.89375,10
v4_spectral_ridge,pure_label_shift,32,0.95,1.0,0.965625,10
v4_spectral_ridge,pure_label_shift,64,0.05,1.0,0.05390625,20
v4_spectral_ridge,pure_label_shift,64,0.1,1.0,0.0890625,10
v4_spectral_ridge,pure_label_shift,64,0.15,1.0,0.1703125,10
v4_spectral_ridge,pure_label_shift,64,0.2,1.0,0.1859375,10
v4_spectral_ridge,pure_label_shift,64,0.25,1.0,0.2265625,10
v4_spectral_ridge,pure_label_shift,64,0.3,1.0,0.3109375,10
v4_spectral_ridge,pure_label_shift,64,0.35,1.0,0.3703125,10
v4_spectral_ridge,pure_label_shift,64,0.4,1.0,0.4078125,10
v4_spectral_ridge,pure_label_shift,64,0.45,1.0,0.4234375,10
v4_spectral_ridge,pure_label_shift,64,0.5,1.0,0.5140625,10
v4_spectral_ridge,pure_label_shift,64,0.55,1.0,0.5890625,10
v4_spectral_ridge,pure_label_shift,64,0.6,1.0,0.6296875,10
v4_spectral_ridge,pure_label_shift,64,0.65,1.0,0.65,10
v4_spectral_ridge,pure_label_shift,64,0.7,1.0,0.703125,10
v4_spectral_ridge,pure_label_shift,64,0.75,1.0,0.7296875,10
v4_spectral_ridge,pure_label_shift,64,0.8,1.0,0.80625,10
v4_spectral_ridge,pure_label_shift,64,0.85,1.0,0.8359375,10
v4_spectral_ridge,pure_label_shift,64,0.9,1.0,0.9,10
v4_spectral_ridge,pure_label_shift,64,0.95,1.0,0.9625,10
v4_spectral_ridge,pure_label_shift,128,0.05,1.0,0.052734375,20
v4_spectral_ridge,pure_label_shift,128,0.1,1.0,0.109375,10
v4_spectral_ridge,pure_label_shift,128,0.15,1.0,0.140625,10
v4_spectral_ridge,pure_label_shift,128,0.2,1.0,0.196875,10
v4_spectral_ridge,pure_label_shift,128,0.25,1.0,0.246875,10
v4_spectral_ridge,pure_label_shift,128,0.3,1.0,0.278125,10
v4_spectral_ridge,pure_label_shift,128,0.35,1.0,0.34296875,10
v4_spectral_ridge,pure_label_shift,128,0.4,1.0,0.3984375,10
v4_spectral_ridge,pure_label_shift,128,0.45,1.0,0.45546875,10
v4_spectral_ridge,pure_label_shift,128,0.5,1.0,0.5015625,10
v4_spectral_ridge,pure_label_shift,128,0.55,1.0,0.5484375,10
v4_spectral_ridge,pure_label_shift,128,0.6,1.0,0.58125,10
v4_spectral_ridge,pure_label_shift,128,0.65,1.0,0.67265625,10
v4_spectral_ridge,pure_label_shift,128,0.7,1.0,0.71640625,10
v4_spectral_ridge,pure_label_shift,128,0.75,1.0,0.75,10
v4_spectral_ridge,pure_label_shift,128,0.8,1.0,0.80703125,10
v4_spectral_ridge,pure_label_shift,128,0.85,1.0,0.83359375,10
v4_spectral_ridge,pure_label_shift,128,0.9,1.0,0.91484375,10
v4_spectral_ridge,pure_label_shift,128,0.95,1.0,0.9515625,10
v4_spectral_ridge,pure_label_shift,256,0.05,1.0,0.0525390625,20
v4_spectral_ridge,pure_label_shift,256,0.1,1.0,0.090234375,10
v4_spectral_ridge,pure_label_shift,256,0.15,1.0,0.144140625,10
v4_spectral_ridge,pure_label_shift,256,0.2,1.0,0.2046875,10
v4_spectral_ridge,pure_label_shift,256,0.25,1.0,0.25,10
v4_spectral_ridge,pure_label_shift,256,0.3,1.0,0.296484375,10
v4_spectral_ridge,pure_label_shift,256,0.35,1.0,0.34453125,10
v4_spectral_ridge,pure_label_shift,256,0.4,1.0,0.405078125,10
v4_spectral_ridge,pure_label_shift,256,0.45,1.0,0.448046875,10
v4_spectral_ridge,pure_label_shift,256,0.5,1.0,0.505859375,10
v4_spectral_ridge,pure_label_shift,256,0.55,1.0,0.548046875,10
v4_spectral_ridge,pure_label_shift,256,0.6,1.0,0.586328125,10
v4_spectral_ridge,pure_label_shift,256,0.65,1.0,0.66171875,10
v4_spectral_ridge,pure_label_shift,256,0.7,1.0,0.68828125,10
v4_spectral_ridge,pure_label_shift,256,0.75,1.0,0.753515625,10
v4_spectral_ridge,pure_label_shift,256,0.8,1.0,0.78984375,10
v4_spectral_ridge,pure_label_shift,256,0.85,1.0,0.848046875,10
v4_spectral_ridge,pure_label_shift,256,0.9,1.0,0.88828125,10
v4_spectral_ridge,pure_label_shift,256,0.95,1.0,0.95234375,10
v4_spectral_ridge,pure_label_shift,512,0.05,1.0,0.04638671875,20
v4_spectral_ridge,pure_label_shift,512,0.1,1.0,0.0951171875,10
v4_spectral_ridge,pure_label_shift,512,0.15,1.0,0.15625,10
v4_spectral_ridge,pure_label_shift,512,0.2,1.0,0.18828125,10
v4_spectral_ridge,pure_label_shift,512,0.25,1.0,0.244140625,10
v4_spectral_ridge,pure_label_shift,512,0.3,1.0,0.2994140625,10
v4_spectral_ridge,pure_label_shift,512,0.35,1.0,0.3451171875,10
v4_spectral_ridge,pure_label_shift,512,0.4,1.0,0.3859375,10
v4_spectral_ridge,pure_label_shift,512,0.45,1.0,0.4529296875,10
v4_spectral_ridge,pure_label_shift,512,0.5,1.0,0.51171875,10
v4_spectral_ridge,pure_label_shift,512,0.55,1.0,0.558203125,10
v4_spectral_ridge,pure_label_shift,512,0.6,1.0,0.5892578125,10
v4_spectral_ridge,pure_label_shift,512,0.65,1.0,0.6564453125,10
v4_spectral_ridge,pure_label_shift,512,0.7,1.0,0.6958984375,10
v4_spectral_ridge,pure_label_shift,512,0.75,1.0,0.743359375,10
v4_spectral_ridge,pure_label_shift,512,0.8,1.0,0.7974609375,10
v4_spectral_ridge,pure_label_shift,512,0.85,1.0,0.8548828125,10
v4_spectral_ridge,pure_label_shift,512,0.9,1.0,0.8947265625,10
v4_spectral_ridge,pure_label_shift,512,0.95,1.0,0.9509765625,10
v4_spectral_ridge,support_translation,32,0.05,0.0,0.0625,10
v4_spectral_ridge,support_translation,32,0.1,0.0,0.075,10
v4_spectral_ridge,support_translation,32,0.15,0.0,0.15,10
v4_spectral_ridge,support_translation,32,0.2,0.0,0.1890625,20
v4_spectral_ridge,support_translation,32,0.25,0.0,0.259375,10
v4_spectral_ridge,support_translation,32,0.3,0.0,0.30625,10
v4_spectral_ridge,support_translation,32,0.35,0.0,0.346875,10
v4_spectral_ridge,support_translation,32,0.4,0.0,0.403125,10
v4_spectral_ridge,support_translation,32,0.45,0.0,0.459375,10
v4_spectral_ridge,support_translation,32,0.5,0.0,0.475,10
v4_spectral_ridge,support_translation,32,0.55,0.0,0.553125,10
v4_spectral_ridge,support_translation,32,0.6,0.0,0.625,10
v4_spectral_ridge,support_translation,32,0.65,0.0,0.6625,10
v4_spectral_ridge,support_translation,32,0.7,0.0,0.7125,10
v4_spectral_ridge,support_translation,32,0.75,0.0,0.771875,10
v4_spectral_ridge,support_translation,32,0.8,0.0,0.8,10
v4_spectral_ridge,support_translation,32,0.85,0.0,0.840625,10
v4_spectral_ridge,support_translation,32,0.9,0.0,0.875,10
v4_spectral_ridge,support_translation,32,0.95,0.0,0.953125,10
v4_spectral_ridge,support_translation,64,0.05,0.0,0.0546875,10
v4_spectral_ridge,support_translation,64,0.1,0.0,0.0953125,10
v4_spectral_ridge,support_translation,64,0.15,0.0,0.1671875,10
v4_spectral_ridge,support_translation,64,0.2,0.0,0.17265625,20
v4_spectral_ridge,support_translation,64,0.25,0.0,0.278125,10
v4_spectral_ridge,support_translation,64,0.3,0.0,0.2875,10
v4_spectral_ridge,support_translation,64,0.35,0.0,0.3765625,10
v4_spectral_ridge,support_translation,64,0.4,0.0,0.35,10
v4_spectral_ridge,support_translation,64,0.45,0.0,0.4140625,10
v4_spectral_ridge,support_translation,64,0.5,0.0,0.5125,10
v4_spectral_ridge,support_translation,64,0.55,0.0,0.528125,10
v4_spectral_ridge,support_translation,64,0.6,0.0,0.590625,10
v4_spectral_ridge,support_translation,64,0.65,0.0,0.615625,10
v4_spectral_ridge,support_translation,64,0.7,0.0,0.6921875,10
v4_spectral_ridge,support_translation,64,0.75,0.0,0.7546875,10
v4_spectral_ridge,support_translation,64,0.8,0.0,0.7921875,10
v4_spectral_ridge,support_translation,64,0.85,0.0,0.8640625,10
v4_spectral_ridge,support_translation,64,0.9,0.0,0.9046875,10
v4_spectral_ridge,support_translation,64,0.95,0.0,0.9359375,10
v4_spectral_ridge,support_translation,128,0.05,0.0,0.0421875,10
v4_spectral_ridge,support_translation,128,0.1,0.0,0.10546875,10
v4_spectral_ridge,support_translation,128,0.15,0.0,0.1453125,10
v4_spectral_ridge,support_translation,128,0.2,0.0,0.18984375,20
v4_spectral_ridge,support_translation,128,0.25,0.0,0.25703125,10
v4_spectral_ridge,support_translation,128,0.3,0.0,0.30859375,10
v4_spectral_ridge,support_translation,128,0.35,0.0,0.36015625,10
v4_spectral_ridge,support_translation,128,0.4,0.0,0.403125,10
v4_spectral_ridge,support_translation,128,0.45,0.0,0.440625,10
v4_spectral_ridge,support_translation,128,0.5,0.0,0.509375,10
v4_spectral_ridge,support_translation,128,0.55,0.0,0.55625,10
v4_spectral_ridge,support_translation,128,0.6,0.0,0.5859375,10
v4_spectral_ridge,support_translation,128,0.65,0.0,0.6453125,10
v4_spectral_ridge,support_translation,128,0.7,0.0,0.71171875,10
v4_spectral_ridge,support_translation,128,0.75,0.0,0.746875,10
v4_spectral_ridge,support_translation,128,0.8,0.0,0.79453125,10
v4_spectral_ridge,support_translation,128,0.85,0.0,0.85,10
v4_spectral_ridge,support_translation,128,0.9,0.0,0.890625,10
v4_spectral_ridge,support_translation,128,0.95,0.0,0.9515625,10
v4_spectral_ridge,support_translation,256,0.05,0.0,0.0484375,10
v4_spectral_ridge,support_translation,256,0.1,0.0,0.09609375,10
v4_spectral_ridge,support_translation,256,0.15,0.0,0.146875,10
v4_spectral_ridge,support_translation,256,0.2,0.0,0.201171875,20
v4_spectral_ridge,support_translation,256,0.25,0.0,0.245703125,10
v4_spectral_ridge,support_translation,256,0.3,0.0,0.3,10
v4_spectral_ridge,support_translation,256,0.35,0.0,0.362890625,10
v4_spectral_ridge,support_translation,256,0.4,0.0,0.403515625,10
v4_spectral_ridge,support_translation,256,0.45,0.0,0.476171875,10
v4_spectral_ridge,support_translation,256,0.5,0.0,0.495703125,10
v4_spectral_ridge,support_translation,256,0.55,0.0,0.536328125,10
v4_spectral_ridge,support_translation,256,0.6,0.0,0.61953125,10
v4_spectral_ridge,support_translation,256,0.65,0.0,0.658984375,10
v4_spectral_ridge,support_translation,256,0.7,0.0,0.696875,10
v4_spectral_ridge,support_translation,256,0.75,0.0,0.7453125,10
v4_spectral_ridge,support_translation,256,0.8,0.0,0.80546875,10
v4_spectral_ridge,support_translation,256,0.85,0.0,0.849609375,10
v4_spectral_ridge,support_translation,256,0.9,0.0,0.896484375,10
v4_spectral_ridge,support_translation,256,0.95,0.0,0.945703125,10
v4_spectral_ridge,support_translation,512,0.05,0.0,0.051171875,10
v4_spectral_ridge,support_translation,512,0.1,0.0,0.1041015625,10
v4_spectral_ridge,support_translation,512,0.15,0.0,0.1578125,10
v4_spectral_ridge,support_translation,512,0.2,0.0,0.2005859375,20
v4_spectral_ridge,support_translation,512,0.25,0.0,0.2431640625,10
v4_spectral_ridge,support_translation,512,0.3,0.0,0.2904296875,10
v4_spectral_ridge,support_translation,512,0.35,0.0,0.3564453125,10
v4_spectral_ridge,support_translation,512,0.4,0.0,0.402734375,10
v4_spectral_ridge,support_translation,512,0.45,0.0,0.4580078125,10
v4_spectral_ridge,support_translation,512,0.5,0.0,0.491015625,10
v4_spectral_ridge,support_translation,512,0.55,0.0,0.541015625,10
v4_spectral_ridge,support_translation,512,0.6,0.0,0.5890625,10
v4_spectral_ridge,support_translation,512,0.65,0.0,0.6517578125,10
v4_spectral_ridge,support_translation,512,0.7,0.0,0.69609375,10
v4_spectral_ridge,support_translation,512,0.75,0.0,0.759375,10
v4_spectral_ridge,support_translation,512,0.8,0.0,0.8033203125,10
v4_spectral_ridge,support_translation,512,0.85,0.0,0.8412109375,10
v4_spectral_ridge,support_translation,512,0.9,0.0,0.8970703125,10
v4_spectral_ridge,support_translation,512,0.95,0.0,0.949609375,10
v4_spectral_ridge,tail_contamination,32,0.05,0.1,0.021875,10
v4_spectral_ridge,tail_contamination,32,0.1,0.3,0.065625,10
v4_spectral_ridge,tail_contamination,32,0.15,0.1,0.146875,10
v4_spectral_ridge,tail_contamination,32,0.2,0.1,0.240625,10
v4_spectral_ridge,tail_contamination,32,0.25,0.3,0.3125,10
v4_spectral_ridge,tail_contamination,32,0.3,0.0,0.321875,10
v4_spectral_ridge,tail_contamination,32,0.35,0.1,0.378125,20
v4_spectral_ridge,tail_contamination,32,0.4,0.1,0.425,10
v4_spectral_ridge,tail_contamination,32,0.45,0.2,0.440625,10
v4_spectral_ridge,tail_contamination,32,0.5,0.1,0.475,10
v4_spectral_ridge,tail_contamination,32,0.55,0.2,0.578125,10
v4_spectral_ridge,tail_contamination,32,0.6,0.2,0.55625,10
v4_spectral_ridge,tail_contamination,32,0.65,0.0,0.64375,10
v4_spectral_ridge,tail_contamination,32,0.7,0.1,0.69375,10
v4_spectral_ridge,tail_contamination,32,0.75,0.2,0.78125,10
v4_spectral_ridge,tail_contamination,32,0.8,0.0,0.7875,10
v4_spectral_ridge,tail_contamination,32,0.85,0.1,0.840625,10
v4_spectral_ridge,tail_contamination,32,0.9,0.2,0.88125,10
v4_spectral_ridge,tail_contamination,32,0.95,0.3,0.965625,10
v4_spectral_ridge,tail_contamination,64,0.05,0.0,0.04375,10
v4_spectral_ridge,tail_contamination,64,0.1,0.0,0.0984375,10
v4_spectral_ridge,tail_contamination,64,0.15,0.0,0.153125,10
v4_spectral_ridge,tail_contamination,64,0.2,0.1,0.184375,10
v4_spectral_ridge,tail_contamination,64,0.25,0.0,0.2671875,10
v4_spectral_ridge,tail_contamination,64,0.3,0.0,0.2859375,10
v4_spectral_ridge,tail_contamination,64,0.35,0.0,0.3328125,20
v4_spectral_ridge,tail_contamination,64,0.4,0.0,0.38125,10
v4_spectral_ridge,tail_contamination,64,0.45,0.0,0.4578125,10
v4_spectral_ridge,tail_contamination,64,0.5,0.0,0.4984375,10
v4_spectral_ridge,tail_contamination,64,0.55,0.0,0.5578125,10
v4_spectral_ridge,tail_contamination,64,0.6,0.0,0.5984375,10
v4_spectral_ridge,tail_contamination,64,0.65,0.0,0.6546875,10
v4_spectral_ridge,tail_contamination,64,0.7,0.0,0.690625,10
v4_spectral_ridge,tail_contamination,64,0.75,0.0,0.75625,10
v4_spectral_ridge,tail_contamination,64,0.8,0.0,0.8203125,10
v4_spectral_ridge,tail_contamination,64,0.85,0.0,0.8640625,10
v4_spectral_ridge,tail_contamination,64,0.9,0.0,0.90625,10
v4_spectral_ridge,tail_contamination,64,0.95,0.0,0.9546875,10
v4_spectral_ridge,tail_contamination,128,0.05,0.0,0.04296875,10
v4_spectral_ridge,tail_contamination,128,0.1,0.0,0.096875,10
v4_spectral_ridge,tail_contamination,128,0.15,0.0,0.14375,10
v4_spectral_ridge,tail_contamination,128,0.2,0.0,0.20390625,10
v4_spectral_ridge,tail_contamination,128,0.25,0.0,0.26015625,10
v4_spectral_ridge,tail_contamination,128,0.3,0.0,0.28046875,10
v4_spectral_ridge,tail_contamination,128,0.35,0.0,0.365625,20
v4_spectral_ridge,tail_contamination,128,0.4,0.0,0.4328125,10
v4_spectral_ridge,tail_contamination,128,0.45,0.0,0.44296875,10
v4_spectral_ridge,tail_contamination,128,0.5,0.0,0.4859375,10
v4_spectral_ridge,tail_contamination,128,0.55,0.0,0.56640625,10
v4_spectral_ridge,tail_contamination,128,0.6,0.0,0.5875,10
v4_spectral_ridge,tail_contamination,128,0.65,0.0,0.64609375,10
v4_spectral_ridge,tail_contamination,128,0.7,0.0,0.6984375,10
v4_spectral_ridge,tail_contamination,128,0.75,0.0,0.7484375,10
v4_spectral_ridge,tail_contamination,128,0.8,0.0,0.8015625,10
v4_spectral_ridge,tail_contamination,128,0.85,0.0,0.83359375,10
v4_spectral_ridge,tail_contamination,128,0.9,0.0,0.9015625,10
v4_spectral_ridge,tail_contamination,128,0.95,0.0,0.95078125,10
v4_spectral_ridge,tail_contamination,256,0.05,0.0,0.059375,10
v4_spectral_ridge,tail_contamination,256,0.1,0.0,0.108203125,10
v4_spectral_ridge,tail_contamination,256,0.15,0.0,0.143359375,10
v4_spectral_ridge,tail_contamination,256,0.2,0.0,0.215234375,10
v4_spectral_ridge,tail_contamination,256,0.25,0.0,0.254296875,10
v4_spectral_ridge,tail_contamination,256,0.3,0.0,0.3171875,10
v4_spectral_ridge,tail_contamination,256,0.35,0.0,0.3419921875,20
v4_spectral_ridge,tail_contamination,256,0.4,0.0,0.40078125,10
v4_spectral_ridge,tail_contamination,256,0.45,0.0,0.43203125,10
v4_spectral_ridge,tail_contamination,256,0.5,0.0,0.513671875,10
v4_spectral_ridge,tail_contamination,256,0.55,0.0,0.54375,10
v4_spectral_ridge,tail_contamination,256,0.6,0.0,0.590625,10
v4_spectral_ridge,tail_contamination,256,0.65,0.0,0.65546875,10
v4_spectral_ridge,tail_contamination,256,0.7,0.0,0.689453125,10
v4_spectral_ridge,tail_contamination,256,0.75,0.0,0.759765625,10
v4_spectral_ridge,tail_contamination,256,0.8,0.0,0.80390625,10
v4_spectral_ridge,tail_contamination,256,0.85,0.0,0.83828125,10
v4_spectral_ridge,tail_contamination,256,0.9,0.0,0.90703125,10
v4_spectral_ridge,tail_contamination,256,0.95,0.0,0.943359375,10
v4_spectral_ridge,tail_contamination,512,0.05,0.0,0.0458984375,10
v4_spectral_ridge,tail_contamination,512,0.1,0.0,0.1,10
v4_spectral_ridge,tail_contamination,512,0.15,0.0,0.1501953125,10
v4_spectral_ridge,tail_contamination,512,0.2,0.0,0.2076171875,10
v4_spectral_ridge,tail_contamination,512,0.25,0.0,0.2513671875,10
v4_spectral_ridge,tail_contamination,512,0.3,0.0,0.3033203125,10
v4_spectral_ridge,tail_contamination,512,0.35,0.0,0.34560546875,20
v4_spectral_ridge,tail_contamination,512,0.4,0.0,0.3966796875,10
v4_spectral_ridge,tail_contamination,512,0.45,0.0,0.4568359375,10
v4_spectral_ridge,tail_contamination,512,0.5,0.0,0.4798828125,10
v4_spectral_ridge,tail_contamination,512,0.55,0.0,0.5623046875,10
v4_spectral_ridge,tail_contamination,512,0.6,0.0,0.5904296875,10
v4_spectral_ridge,tail_contamination,512,0.65,0.0,0.651171875,10
v4_spectral_ridge,tail_contamination,512,0.7,0.0,0.7021484375,10
v4_spectral_ridge,tail_contamination,512,0.75,0.0,0.7419921875,10
v4_spectral_ridge,tail_contamination,512,0.8,0.0,0.8009765625,10
v4_spectral_ridge,tail_contamination,512,0.85,0.0,0.85,10
v4_spectral_ridge,tail_contamination,512,0.9,0.0,0.8994140625,10
v4_spectral_ridge,tail_contamination,512,0.95,0.0,0.9521484375,10
v4_spectral_ridge,unidentifiable_concept_reversal,32,0.05,1.0,0.08125,10
v4_spectral_ridge,unidentifiable_concept_reversal,32,0.1,1.0,0.1125,10
v4_spectral_ridge,unidentifiable_concept_reversal,32,0.15,1.0,0.125,10
v4_spectral_ridge,unidentifiable_concept_reversal,32,0.2,1.0,0.2375,10
v4_spectral_ridge,unidentifiable_concept_reversal,32,0.25,1.0,0.259375,10
v4_spectral_ridge,unidentifiable_concept_reversal,32,0.3,1.0,0.321875,10
v4_spectral_ridge,unidentifiable_concept_reversal,32,0.35,1.0,0.39375,10
v4_spectral_ridge,unidentifiable_concept_reversal,32,0.4,1.0,0.371875,10
v4_spectral_ridge,unidentifiable_concept_reversal,32,0.45,1.0,0.4796875,20
v4_spectral_ridge,unidentifiable_concept_reversal,32,0.5,1.0,0.546875,10
v4_spectral_ridge,unidentifiable_concept_reversal,32,0.55,1.0,0.565625,10
v4_spectral_ridge,unidentifiable_concept_reversal,32,0.6,1.0,0.5875,10
v4_spectral_ridge,unidentifiable_concept_reversal,32,0.65,0.9,0.634375,10
v4_spectral_ridge,unidentifiable_concept_reversal,32,0.7,1.0,0.6875,10
v4_spectral_ridge,unidentifiable_concept_reversal,32,0.75,1.0,0.78125,10
v4_spectral_ridge,unidentifiable_concept_reversal,32,0.8,1.0,0.815625,10
v4_spectral_ridge,unidentifiable_concept_reversal,32,0.85,1.0,0.8625,10
v4_spectral_ridge,unidentifiable_concept_reversal,32,0.9,1.0,0.90625,10
v4_spectral_ridge,unidentifiable_concept_reversal,32,0.95,1.0,0.940625,10
v4_spectral_ridge,unidentifiable_concept_reversal,64,0.05,1.0,0.040625,10
v4_spectral_ridge,unidentifiable_concept_reversal,64,0.1,1.0,0.1,10
v4_spectral_ridge,unidentifiable_concept_reversal,64,0.15,1.0,0.134375,10
v4_spectral_ridge,unidentifiable_concept_reversal,64,0.2,1.0,0.1890625,10
v4_spectral_ridge,unidentifiable_concept_reversal,64,0.25,1.0,0.2625,10
v4_spectral_ridge,unidentifiable_concept_reversal,64,0.3,1.0,0.2890625,10
v4_spectral_ridge,unidentifiable_concept_reversal,64,0.35,1.0,0.4,10
v4_spectral_ridge,unidentifiable_concept_reversal,64,0.4,1.0,0.41875,10
v4_spectral_ridge,unidentifiable_concept_reversal,64,0.45,1.0,0.45234375,20
v4_spectral_ridge,unidentifiable_concept_reversal,64,0.5,1.0,0.525,10
v4_spectral_ridge,unidentifiable_concept_reversal,64,0.55,1.0,0.5421875,10
v4_spectral_ridge,unidentifiable_concept_reversal,64,0.6,1.0,0.6359375,10
v4_spectral_ridge,unidentifiable_concept_reversal,64,0.65,1.0,0.665625,10
v4_spectral_ridge,unidentifiable_concept_reversal,64,0.7,1.0,0.7046875,10
v4_spectral_ridge,unidentifiable_concept_reversal,64,0.75,1.0,0.7515625,10
v4_spectral_ridge,unidentifiable_concept_reversal,64,0.8,1.0,0.796875,10
v4_spectral_ridge,unidentifiable_concept_reversal,64,0.85,1.0,0.8421875,10
v4_spectral_ridge,unidentifiable_concept_reversal,64,0.9,1.0,0.921875,10
v4_spectral_ridge,unidentifiable_concept_reversal,64,0.95,1.0,0.9484375,10
v4_spectral_ridge,unidentifiable_concept_reversal,128,0.05,1.0,0.053125,10
v4_spectral_ridge,unidentifiable_concept_reversal,128,0.1,1.0,0.103125,10
v4_spectral_ridge,unidentifiable_concept_reversal,128,0.15,1.0,0.13984375,10
v4_spectral_ridge,unidentifiable_concept_reversal,128,0.2,1.0,0.2046875,10
v4_spectral_ridge,unidentifiable_concept_reversal,128,0.25,1.0,0.2609375,10
v4_spectral_ridge,unidentifiable_concept_reversal,128,0.3,1.0,0.3,10
v4_spectral_ridge,unidentifiable_concept_reversal,128,0.35,1.0,0.365625,10
v4_spectral_ridge,unidentifiable_concept_reversal,128,0.4,1.0,0.39609375,10
v4_spectral_ridge,unidentifiable_concept_reversal,128,0.45,1.0,0.44765625,20
v4_spectral_ridge,unidentifiable_concept_reversal,128,0.5,1.0,0.484375,10
v4_spectral_ridge,unidentifiable_concept_reversal,128,0.55,1.0,0.58125,10
v4_spectral_ridge,unidentifiable_concept_reversal,128,0.6,1.0,0.628125,10
v4_spectral_ridge,unidentifiable_concept_reversal,128,0.65,1.0,0.66328125,10
v4_spectral_ridge,unidentifiable_concept_reversal,128,0.7,1.0,0.7015625,10
v4_spectral_ridge,unidentifiable_concept_reversal,128,0.75,1.0,0.775,10
v4_spectral_ridge,unidentifiable_concept_reversal,128,0.8,1.0,0.80546875,10
v4_spectral_ridge,unidentifiable_concept_reversal,128,0.85,1.0,0.8453125,10
v4_spectral_ridge,unidentifiable_concept_reversal,128,0.9,1.0,0.90390625,10
v4_spectral_ridge,unidentifiable_concept_reversal,128,0.95,1.0,0.94375,10
v4_spectral_ridge,unidentifiable_concept_reversal,256,0.05,1.0,0.051953125,10
v4_spectral_ridge,unidentifiable_concept_reversal,256,0.1,1.0,0.10078125,10
v4_spectral_ridge,unidentifiable_concept_reversal,256,0.15,1.0,0.137109375,10
v4_spectral_ridge,unidentifiable_concept_reversal,256,0.2,1.0,0.2125,10
v4_spectral_ridge,unidentifiable_concept_reversal,256,0.25,1.0,0.2609375,10
v4_spectral_ridge,unidentifiable_concept_reversal,256,0.3,1.0,0.3,10
v4_spectral_ridge,unidentifiable_concept_reversal,256,0.35,1.0,0.3375,10
v4_spectral_ridge,unidentifiable_concept_reversal,256,0.4,1.0,0.40078125,10
v4_spectral_ridge,unidentifiable_concept_reversal,256,0.45,1.0,0.451953125,20
v4_spectral_ridge,unidentifiable_concept_reversal,256,0.5,1.0,0.498046875,10
v4_spectral_ridge,unidentifiable_concept_reversal,256,0.55,1.0,0.53671875,10
v4_spectral_ridge,unidentifiable_concept_reversal,256,0.6,1.0,0.59375,10
v4_spectral_ridge,unidentifiable_concept_reversal,256,0.65,1.0,0.6609375,10
v4_spectral_ridge,unidentifiable_concept_reversal,256,0.7,1.0,0.681640625,10
v4_spectral_ridge,unidentifiable_concept_reversal,256,0.75,1.0,0.755078125,10
v4_spectral_ridge,unidentifiable_concept_reversal,256,0.8,1.0,0.7984375,10
v4_spectral_ridge,unidentifiable_concept_reversal,256,0.85,1.0,0.8484375,10
v4_spectral_ridge,unidentifiable_concept_reversal,256,0.9,1.0,0.9078125,10
v4_spectral_ridge,unidentifiable_concept_reversal,256,0.95,1.0,0.95078125,10
v4_spectral_ridge,unidentifiable_concept_reversal,512,0.05,1.0,0.05078125,10
v4_spectral_ridge,unidentifiable_concept_reversal,512,0.1,1.0,0.104296875,10
v4_spectral_ridge,unidentifiable_concept_reversal,512,0.15,1.0,0.15546875,10
v4_spectral_ridge,unidentifiable_concept_reversal,512,0.2,1.0,0.1931640625,10
v4_spectral_ridge,unidentifiable_concept_reversal,512,0.25,1.0,0.25,10
v4_spectral_ridge,unidentifiable_concept_reversal,512,0.3,1.0,0.2978515625,10
v4_spectral_ridge,unidentifiable_concept_reversal,512,0.35,1.0,0.351171875,10
v4_spectral_ridge,unidentifiable_concept_reversal,512,0.4,1.0,0.4041015625,10
v4_spectral_ridge,unidentifiable_concept_reversal,512,0.45,1.0,0.45107421875,20
v4_spectral_ridge,unidentifiable_concept_reversal,512,0.5,1.0,0.49453125,10
v4_spectral_ridge,unidentifiable_concept_reversal,512,0.55,1.0,0.55859375,10
v4_spectral_ridge,unidentifiable_concept_reversal,512,0.6,1.0,0.607421875,10
v4_spectral_ridge,unidentifiable_concept_reversal,512,0.65,1.0,0.648828125,10
v4_spectral_ridge,unidentifiable_concept_reversal,512,0.7,1.0,0.7078125,10
v4_spectral_ridge,unidentifiable_concept_reversal,512,0.75,1.0,0.7541015625,10
v4_spectral_ridge,unidentifiable_concept_reversal,512,0.8,1.0,0.7970703125,10
v4_spectral_ridge,unidentifiable_concept_reversal,512,0.85,1.0,0.8513671875,10
v4_spectral_ridge,unidentifiable_concept_reversal,512,0.9,1.0,0.896484375,10
v4_spectral_ridge,unidentifiable_concept_reversal,512,0.95,1.0,0.95078125,10
v7_power_guard,conditional_scale,32,0.05,0.0,0.0625,10
v7_power_guard,conditional_scale,32,0.1,0.1,0.13125,10
v7_power_guard,conditional_scale,32,0.15,0.0,0.146875,20
v7_power_guard,conditional_scale,32,0.2,0.0,0.21875,10
v7_power_guard,conditional_scale,32,0.25,0.0,0.253125,10
v7_power_guard,conditional_scale,32,0.3,0.1,0.328125,10
v7_power_guard,conditional_scale,32,0.35,0.1,0.334375,10
v7_power_guard,conditional_scale,32,0.4,0.3,0.38125,10
v7_power_guard,conditional_scale,32,0.45,0.2,0.45625,10
v7_power_guard,conditional_scale,32,0.5,0.2,0.46875,10
v7_power_guard,conditional_scale,32,0.55,0.2,0.528125,10
v7_power_guard,conditional_scale,32,0.6,0.2,0.615625,10
v7_power_guard,conditional_scale,32,0.65,0.6,0.675,10
v7_power_guard,conditional_scale,32,0.7,0.7,0.7125,10
v7_power_guard,conditional_scale,32,0.75,0.6,0.7375,10
v7_power_guard,conditional_scale,32,0.8,0.4,0.790625,10
v7_power_guard,conditional_scale,32,0.85,0.5,0.834375,10
v7_power_guard,conditional_scale,32,0.9,0.8,0.90625,10
v7_power_guard,conditional_scale,32,0.95,0.9,0.946875,10
v7_power_guard,conditional_scale,64,0.05,0.0,0.046875,10
v7_power_guard,conditional_scale,64,0.1,0.0,0.0796875,10
v7_power_guard,conditional_scale,64,0.15,0.0,0.15078125,20
v7_power_guard,conditional_scale,64,0.2,0.0,0.2140625,10
v7_power_guard,conditional_scale,64,0.25,0.0,0.2359375,10
v7_power_guard,conditional_scale,64,0.3,0.0,0.265625,10
v7_power_guard,conditional_scale,64,0.35,0.0,0.3359375,10
v7_power_guard,conditional_scale,64,0.4,0.0,0.3921875,10
v7_power_guard,conditional_scale,64,0.45,0.0,0.45625,10
v7_power_guard,conditional_scale,64,0.5,0.1,0.4984375,10
v7_power_guard,conditional_scale,64,0.55,0.0,0.546875,10
v7_power_guard,conditional_scale,64,0.6,0.1,0.5859375,10
v7_power_guard,conditional_scale,64,0.65,0.3,0.646875,10
v7_power_guard,conditional_scale,64,0.7,0.4,0.7171875,10
v7_power_guard,conditional_scale,64,0.75,0.2,0.753125,10
v7_power_guard,conditional_scale,64,0.8,0.5,0.79375,10
v7_power_guard,conditional_scale,64,0.85,0.5,0.85625,10
v7_power_guard,conditional_scale,64,0.9,0.8,0.8921875,10
v7_power_guard,conditional_scale,64,0.95,0.7,0.9375,10
v7_power_guard,conditional_scale,128,0.05,0.0,0.04375,10
v7_power_guard,conditional_scale,128,0.1,0.0,0.10390625,10
v7_power_guard,conditional_scale,128,0.15,0.0,0.140625,20
v7_power_guard,conditional_scale,128,0.2,0.0,0.2,10
v7_power_guard,conditional_scale,128,0.25,0.0,0.2328125,10
v7_power_guard,conditional_scale,128,0.3,0.0,0.29609375,10
v7_power_guard,conditional_scale,128,0.35,0.0,0.340625,10
v7_power_guard,conditional_scale,128,0.4,0.0,0.4046875,10
v7_power_guard,conditional_scale,128,0.45,0.0,0.45390625,10
v7_power_guard,conditional_scale,128,0.5,0.0,0.478125,10
v7_power_guard,conditional_scale,128,0.55,0.0,0.5296875,10
v7_power_guard,conditional_scale,128,0.6,0.1,0.5796875,10
v7_power_guard,conditional_scale,128,0.65,0.1,0.64921875,10
v7_power_guard,conditional_scale,128,0.7,0.0,0.70703125,10
v7_power_guard,conditional_scale,128,0.75,0.4,0.75390625,10
v7_power_guard,conditional_scale,128,0.8,0.5,0.790625,10
v7_power_guard,conditional_scale,128,0.85,0.7,0.853125,10
v7_power_guard,conditional_scale,128,0.9,1.0,0.8875,10
v7_power_guard,conditional_scale,128,0.95,0.9,0.9453125,10
v7_power_guard,conditional_scale,256,0.05,0.0,0.05078125,10
v7_power_guard,conditional_scale,256,0.1,0.0,0.108203125,10
v7_power_guard,conditional_scale,256,0.15,0.0,0.1478515625,20
v7_power_guard,conditional_scale,256,0.2,0.0,0.209375,10
v7_power_guard,conditional_scale,256,0.25,0.0,0.254296875,10
v7_power_guard,conditional_scale,256,0.3,0.0,0.291015625,10
v7_power_guard,conditional_scale,256,0.35,0.0,0.3546875,10
v7_power_guard,conditional_scale,256,0.4,0.0,0.41953125,10
v7_power_guard,conditional_scale,256,0.45,0.0,0.447265625,10
v7_power_guard,conditional_scale,256,0.5,0.0,0.488671875,10
v7_power_guard,conditional_scale,256,0.55,0.0,0.55,10
v7_power_guard,conditional_scale,256,0.6,0.0,0.59375,10
v7_power_guard,conditional_scale,256,0.65,0.0,0.65078125,10
v7_power_guard,conditional_scale,256,0.7,0.0,0.685546875,10
v7_power_guard,conditional_scale,256,0.75,0.0,0.74375,10
v7_power_guard,conditional_scale,256,0.8,0.5,0.795703125,10
v7_power_guard,conditional_scale,256,0.85,0.7,0.837890625,10
v7_power_guard,conditional_scale,256,0.9,0.9,0.891796875,10
v7_power_guard,conditional_scale,256,0.95,1.0,0.952734375,10
v7_power_guard,conditional_scale,512,0.05,0.0,0.0490234375,10
v7_power_guard,conditional_scale,512,0.1,0.0,0.0966796875,10
v7_power_guard,conditional_scale,512,0.15,0.0,0.15009765625,20
v7_power_guard,conditional_scale,512,0.2,0.0,0.205078125,10
v7_power_guard,conditional_scale,512,0.25,0.0,0.24921875,10
v7_power_guard,conditional_scale,512,0.3,0.0,0.2982421875,10
v7_power_guard,conditional_scale,512,0.35,0.0,0.3548828125,10
v7_power_guard,conditional_scale,512,0.4,0.0,0.398046875,10
v7_power_guard,conditional_scale,512,0.45,0.0,0.4443359375,10
v7_power_guard,conditional_scale,512,0.5,0.0,0.5060546875,10
v7_power_guard,conditional_scale,512,0.55,0.0,0.5630859375,10
v7_power_guard,conditional_scale,512,0.6,0.0,0.5951171875,10
v7_power_guard,conditional_scale,512,0.65,0.0,0.6509765625,10
v7_power_guard,conditional_scale,512,0.7,0.0,0.7009765625,10
v7_power_guard,conditional_scale,512,0.75,0.0,0.7375,10
v7_power_guard,conditional_scale,512,0.8,0.2,0.8048828125,10
v7_power_guard,conditional_scale,512,0.85,0.5,0.8490234375,10
v7_power_guard,conditional_scale,512,0.9,0.9,0.894921875,10
v7_power_guard,conditional_scale,512,0.95,1.0,0.9470703125,10
v7_power_guard,conditional_translation,32,0.05,1.0,0.05625,10
v7_power_guard,conditional_translation,32,0.1,0.7,0.115625,20
v7_power_guard,conditional_translation,32,0.15,0.4,0.15625,10
v7_power_guard,conditional_translation,32,0.2,0.5,0.203125,10
v7_power_guard,conditional_translation,32,0.25,0.2,0.246875,10
v7_power_guard,conditional_translation,32,0.3,0.0,0.328125,10
v7_power_guard,conditional_translation,32,0.35,0.1,0.296875,10
v7_power_guard,conditional_translation,32,0.4,0.0,0.390625,10
v7_power_guard,conditional_translation,32,0.45,0.0,0.440625,10
v7_power_guard,conditional_translation,32,0.5,0.0,0.528125,10
v7_power_guard,conditional_translation,32,0.55,0.0,0.50625,10
v7_power_guard,conditional_translation,32,0.6,0.0,0.6375,10
v7_power_guard,conditional_translation,32,0.65,0.0,0.65,10
v7_power_guard,conditional_translation,32,0.7,0.0,0.69375,10
v7_power_guard,conditional_translation,32,0.75,0.0,0.790625,10
v7_power_guard,conditional_translation,32,0.8,0.0,0.815625,10
v7_power_guard,conditional_translation,32,0.85,0.0,0.840625,10
v7_power_guard,conditional_translation,32,0.9,0.0,0.89375,10
v7_power_guard,conditional_translation,32,0.95,0.0,0.953125,10
v7_power_guard,conditional_translation,64,0.05,0.9,0.0640625,10
v7_power_guard,conditional_translation,64,0.1,0.65,0.1171875,20
v7_power_guard,conditional_translation,64,0.15,0.4,0.1625,10
v7_power_guard,conditional_translation,64,0.2,0.3,0.20625,10
v7_power_guard,conditional_translation,64,0.25,0.2,0.23125,10
v7_power_guard,conditional_translation,64,0.3,0.0,0.3265625,10
v7_power_guard,conditional_translation,64,0.35,0.0,0.3078125,10
v7_power_guard,conditional_translation,64,0.4,0.0,0.41875,10
v7_power_guard,conditional_translation,64,0.45,0.0,0.428125,10
v7_power_guard,conditional_translation,64,0.5,0.0,0.4953125,10
v7_power_guard,conditional_translation,64,0.55,0.0,0.5625,10
v7_power_guard,conditional_translation,64,0.6,0.0,0.6109375,10
v7_power_guard,conditional_translation,64,0.65,0.0,0.6453125,10
v7_power_guard,conditional_translation,64,0.7,0.0,0.7046875,10
v7_power_guard,conditional_translation,64,0.75,0.0,0.7609375,10
v7_power_guard,conditional_translation,64,0.8,0.0,0.7890625,10
v7_power_guard,conditional_translation,64,0.85,0.0,0.853125,10
v7_power_guard,conditional_translation,64,0.9,0.0,0.896875,10
v7_power_guard,conditional_translation,64,0.95,0.0,0.95,10
v7_power_guard,conditional_translation,128,0.05,0.9,0.05,10
v7_power_guard,conditional_translation,128,0.1,0.5,0.10625,20
v7_power_guard,conditional_translation,128,0.15,0.1,0.14140625,10
v7_power_guard,conditional_translation,128,0.2,0.0,0.20234375,10
v7_power_guard,conditional_translation,128,0.25,0.0,0.25390625,10
v7_power_guard,conditional_translation,128,0.3,0.0,0.309375,10
v7_power_guard,conditional_translation,128,0.35,0.0,0.3078125,10
v7_power_guard,conditional_translation,128,0.4,0.0,0.40546875,10
v7_power_guard,conditional_translation,128,0.45,0.0,0.44609375,10
v7_power_guard,conditional_translation,128,0.5,0.0,0.51171875,10
v7_power_guard,conditional_translation,128,0.55,0.0,0.54609375,10
v7_power_guard,conditional_translation,128,0.6,0.0,0.6,10
v7_power_guard,conditional_translation,128,0.65,0.0,0.6390625,10
v7_power_guard,conditional_translation,128,0.7,0.0,0.70546875,10
v7_power_guard,conditional_translation,128,0.75,0.0,0.7390625,10
v7_power_guard,conditional_translation,128,0.8,0.0,0.7921875,10
v7_power_guard,conditional_translation,128,0.85,0.0,0.84765625,10
v7_power_guard,conditional_translation,128,0.9,0.0,0.89375,10
v7_power_guard,conditional_translation,128,0.95,0.0,0.95625,10
v7_power_guard,conditional_translation,256,0.05,1.0,0.046875,10
v7_power_guard,conditional_translation,256,0.1,0.5,0.1005859375,20
v7_power_guard,conditional_translation,256,0.15,0.3,0.14453125,10
v7_power_guard,conditional_translation,256,0.2,0.0,0.19453125,10
v7_power_guard,conditional_translation,256,0.25,0.0,0.2515625,10
v7_power_guard,conditional_translation,256,0.3,0.0,0.30078125,10
v7_power_guard,conditional_translation,256,0.35,0.0,0.334765625,10
v7_power_guard,conditional_translation,256,0.4,0.0,0.39296875,10
v7_power_guard,conditional_translation,256,0.45,0.0,0.430859375,10
v7_power_guard,conditional_translation,256,0.5,0.0,0.50078125,10
v7_power_guard,conditional_translation,256,0.55,0.0,0.53984375,10
v7_power_guard,conditional_translation,256,0.6,0.0,0.61875,10
v7_power_guard,conditional_translation,256,0.65,0.0,0.618359375,10
v7_power_guard,conditional_translation,256,0.7,0.0,0.694921875,10
v7_power_guard,conditional_translation,256,0.75,0.0,0.755078125,10
v7_power_guard,conditional_translation,256,0.8,0.0,0.791015625,10
v7_power_guard,conditional_translation,256,0.85,0.0,0.848828125,10
v7_power_guard,conditional_translation,256,0.9,0.0,0.90390625,10
v7_power_guard,conditional_translation,256,0.95,0.0,0.94921875,10
v7_power_guard,conditional_translation,512,0.05,1.0,0.05625,10
v7_power_guard,conditional_translation,512,0.1,0.35,0.0986328125,20
v7_power_guard,conditional_translation,512,0.15,0.0,0.1556640625,10
v7_power_guard,conditional_translation,512,0.2,0.0,0.198828125,10
v7_power_guard,conditional_translation,512,0.25,0.0,0.253515625,10
v7_power_guard,conditional_translation,512,0.3,0.0,0.295703125,10
v7_power_guard,conditional_translation,512,0.35,0.0,0.342578125,10
v7_power_guard,conditional_translation,512,0.4,0.0,0.396875,10
v7_power_guard,conditional_translation,512,0.45,0.0,0.4458984375,10
v7_power_guard,conditional_translation,512,0.5,0.0,0.49375,10
v7_power_guard,conditional_translation,512,0.55,0.0,0.55,10
v7_power_guard,conditional_translation,512,0.6,0.0,0.608984375,10
v7_power_guard,conditional_translation,512,0.65,0.0,0.6544921875,10
v7_power_guard,conditional_translation,512,0.7,0.0,0.692578125,10
v7_power_guard,conditional_translation,512,0.75,0.0,0.7515625,10
v7_power_guard,conditional_translation,512,0.8,0.0,0.8083984375,10
v7_power_guard,conditional_translation,512,0.85,0.0,0.8505859375,10
v7_power_guard,conditional_translation,512,0.9,0.0,0.8955078125,10
v7_power_guard,conditional_translation,512,0.95,0.0,0.9490234375,10
v7_power_guard,covariance_shear,32,0.05,0.9,0.059375,10
v7_power_guard,covariance_shear,32,0.1,0.9,0.09375,10
v7_power_guard,covariance_shear,32,0.15,0.7,0.140625,10
v7_power_guard,covariance_shear,32,0.2,0.6,0.171875,10
v7_power_guard,covariance_shear,32,0.25,0.6,0.2375,10
v7_power_guard,covariance_shear,32,0.3,0.65,0.2890625,20
v7_power_guard,covariance_shear,32,0.35,0.6,0.325,10
v7_power_guard,covariance_shear,32,0.4,0.4,0.375,10
v7_power_guard,covariance_shear,32,0.45,0.4,0.434375,10
v7_power_guard,covariance_shear,32,0.5,0.4,0.509375,10
v7_power_guard,covariance_shear,32,0.55,0.1,0.584375,10
v7_power_guard,covariance_shear,32,0.6,0.0,0.553125,10
v7_power_guard,covariance_shear,32,0.65,0.1,0.684375,10
v7_power_guard,covariance_shear,32,0.7,0.1,0.684375,10
v7_power_guard,covariance_shear,32,0.75,0.0,0.740625,10
v7_power_guard,covariance_shear,32,0.8,0.0,0.790625,10
v7_power_guard,covariance_shear,32,0.85,0.0,0.828125,10
v7_power_guard,covariance_shear,32,0.9,0.0,0.90625,10
v7_power_guard,covariance_shear,32,0.95,0.0,0.95,10
v7_power_guard,covariance_shear,64,0.05,0.9,0.059375,10
v7_power_guard,covariance_shear,64,0.1,0.8,0.1078125,10
v7_power_guard,covariance_shear,64,0.15,0.7,0.140625,10
v7_power_guard,covariance_shear,64,0.2,1.0,0.1765625,10
v7_power_guard,covariance_shear,64,0.25,0.6,0.2640625,10
v7_power_guard,covariance_shear,64,0.3,0.5,0.31328125,20
v7_power_guard,covariance_shear,64,0.35,0.6,0.34375,10
v7_power_guard,covariance_shear,64,0.4,0.5,0.3796875,10
v7_power_guard,covariance_shear,64,0.45,0.1,0.4578125,10
v7_power_guard,covariance_shear,64,0.5,0.2,0.4859375,10
v7_power_guard,covariance_shear,64,0.55,0.0,0.5453125,10
v7_power_guard,covariance_shear,64,0.6,0.1,0.565625,10
v7_power_guard,covariance_shear,64,0.65,0.1,0.65625,10
v7_power_guard,covariance_shear,64,0.7,0.0,0.6984375,10
v7_power_guard,covariance_shear,64,0.75,0.0,0.7265625,10
v7_power_guard,covariance_shear,64,0.8,0.0,0.80625,10
v7_power_guard,covariance_shear,64,0.85,0.0,0.84375,10
v7_power_guard,covariance_shear,64,0.9,0.0,0.903125,10
v7_power_guard,covariance_shear,64,0.95,0.0,0.9421875,10
v7_power_guard,covariance_shear,128,0.05,1.0,0.04453125,10
v7_power_guard,covariance_shear,128,0.1,0.9,0.1046875,10
v7_power_guard,covariance_shear,128,0.15,1.0,0.15703125,10
v7_power_guard,covariance_shear,128,0.2,0.4,0.19140625,10
v7_power_guard,covariance_shear,128,0.25,0.5,0.24140625,10
v7_power_guard,covariance_shear,128,0.3,0.2,0.31015625,20
v7_power_guard,covariance_shear,128,0.35,0.1,0.3578125,10
v7_power_guard,covariance_shear,128,0.4,0.0,0.4109375,10
v7_power_guard,covariance_shear,128,0.45,0.0,0.43359375,10
v7_power_guard,covariance_shear,128,0.5,0.0,0.5078125,10
v7_power_guard,covariance_shear,128,0.55,0.0,0.55546875,10
v7_power_guard,covariance_shear,128,0.6,0.0,0.59765625,10
v7_power_guard,covariance_shear,128,0.65,0.0,0.6640625,10
v7_power_guard,covariance_shear,128,0.7,0.0,0.68671875,10
v7_power_guard,covariance_shear,128,0.75,0.0,0.74765625,10
v7_power_guard,covariance_shear,128,0.8,0.0,0.80703125,10
v7_power_guard,covariance_shear,128,0.85,0.0,0.84921875,10
v7_power_guard,covariance_shear,128,0.9,0.0,0.90546875,10
v7_power_guard,covariance_shear,128,0.95,0.0,0.94375,10
v7_power_guard,covariance_shear,256,0.05,1.0,0.0546875,10
v7_power_guard,covariance_shear,256,0.1,1.0,0.0953125,10
v7_power_guard,covariance_shear,256,0.15,0.9,0.135546875,10
v7_power_guard,covariance_shear,256,0.2,0.5,0.202734375,10
v7_power_guard,covariance_shear,256,0.25,0.6,0.244921875,10
v7_power_guard,covariance_shear,256,0.3,0.2,0.2927734375,20
v7_power_guard,covariance_shear,256,0.35,0.0,0.3453125,10
v7_power_guard,covariance_shear,256,0.4,0.0,0.39296875,10
v7_power_guard,covariance_shear,256,0.45,0.0,0.45625,10
v7_power_guard,covariance_shear,256,0.5,0.0,0.5125,10
v7_power_guard,covariance_shear,256,0.55,0.0,0.55625,10
v7_power_guard,covariance_shear,256,0.6,0.0,0.59609375,10
v7_power_guard,covariance_shear,256,0.65,0.0,0.658203125,10
v7_power_guard,covariance_shear,256,0.7,0.0,0.69453125,10
v7_power_guard,covariance_shear,256,0.75,0.0,0.740625,10
v7_power_guard,covariance_shear,256,0.8,0.0,0.79375,10
v7_power_guard,covariance_shear,256,0.85,0.0,0.841796875,10
v7_power_guard,covariance_shear,256,0.9,0.0,0.895703125,10
v7_power_guard,covariance_shear,256,0.95,0.0,0.947265625,10
v7_power_guard,covariance_shear,512,0.05,1.0,0.0515625,10
v7_power_guard,covariance_shear,512,0.1,1.0,0.1009765625,10
v7_power_guard,covariance_shear,512,0.15,0.8,0.15078125,10
v7_power_guard,covariance_shear,512,0.2,0.5,0.191796875,10
v7_power_guard,covariance_shear,512,0.25,0.1,0.254296875,10
v7_power_guard,covariance_shear,512,0.3,0.0,0.298828125,20
v7_power_guard,covariance_shear,512,0.35,0.0,0.348828125,10
v7_power_guard,covariance_shear,512,0.4,0.0,0.4021484375,10
v7_power_guard,covariance_shear,512,0.45,0.0,0.4583984375,10
v7_power_guard,covariance_shear,512,0.5,0.0,0.4962890625,10
v7_power_guard,covariance_shear,512,0.55,0.0,0.5541015625,10
v7_power_guard,covariance_shear,512,0.6,0.0,0.608984375,10
v7_power_guard,covariance_shear,512,0.65,0.0,0.6587890625,10
v7_power_guard,covariance_shear,512,0.7,0.0,0.70625,10
v7_power_guard,covariance_shear,512,0.75,0.0,0.7541015625,10
v7_power_guard,covariance_shear,512,0.8,0.0,0.794921875,10
v7_power_guard,covariance_shear,512,0.85,0.0,0.85,10
v7_power_guard,covariance_shear,512,0.9,0.0,0.9021484375,10
v7_power_guard,covariance_shear,512,0.95,0.0,0.9470703125,10
v7_power_guard,nonlinear_bimodal,32,0.05,0.9,0.046875,10
v7_power_guard,nonlinear_bimodal,32,0.1,0.8,0.09375,10
v7_power_guard,nonlinear_bimodal,32,0.15,0.2,0.175,10
v7_power_guard,nonlinear_bimodal,32,0.2,0.2,0.21875,10
v7_power_guard,nonlinear_bimodal,32,0.25,0.4,0.234375,10
v7_power_guard,nonlinear_bimodal,32,0.3,0.1,0.309375,10
v7_power_guard,nonlinear_bimodal,32,0.35,0.0,0.346875,10
v7_power_guard,nonlinear_bimodal,32,0.4,0.0,0.403125,20
v7_power_guard,nonlinear_bimodal,32,0.45,0.0,0.425,10
v7_power_guard,nonlinear_bimodal,32,0.5,0.0,0.490625,10
v7_power_guard,nonlinear_bimodal,32,0.55,0.0,0.55,10
v7_power_guard,nonlinear_bimodal,32,0.6,0.0,0.646875,10
v7_power_guard,nonlinear_bimodal,32,0.65,0.0,0.665625,10
v7_power_guard,nonlinear_bimodal,32,0.7,0.0,0.740625,10
v7_power_guard,nonlinear_bimodal,32,0.75,0.0,0.78125,10
v7_power_guard,nonlinear_bimodal,32,0.8,0.0,0.796875,10
v7_power_guard,nonlinear_bimodal,32,0.85,0.0,0.85625,10
v7_power_guard,nonlinear_bimodal,32,0.9,0.0,0.89375,10
v7_power_guard,nonlinear_bimodal,32,0.95,0.0,0.915625,10
v7_power_guard,nonlinear_bimodal,64,0.05,0.8,0.071875,10
v7_power_guard,nonlinear_bimodal,64,0.1,0.5,0.1046875,10
v7_power_guard,nonlinear_bimodal,64,0.15,0.2,0.15,10
v7_power_guard,nonlinear_bimodal,64,0.2,0.3,0.190625,10
v7_power_guard,nonlinear_bimodal,64,0.25,0.0,0.271875,10
v7_power_guard,nonlinear_bimodal,64,0.3,0.0,0.2953125,10
v7_power_guard,nonlinear_bimodal,64,0.35,0.0,0.3328125,10
v7_power_guard,nonlinear_bimodal,64,0.4,0.0,0.3828125,20
v7_power_guard,nonlinear_bimodal,64,0.45,0.0,0.4359375,10
v7_power_guard,nonlinear_bimodal,64,0.5,0.0,0.515625,10
v7_power_guard,nonlinear_bimodal,64,0.55,0.0,0.5421875,10
v7_power_guard,nonlinear_bimodal,64,0.6,0.0,0.621875,10
v7_power_guard,nonlinear_bimodal,64,0.65,0.0,0.6453125,10
v7_power_guard,nonlinear_bimodal,64,0.7,0.0,0.675,10
v7_power_guard,nonlinear_bimodal,64,0.75,0.0,0.7203125,10
v7_power_guard,nonlinear_bimodal,64,0.8,0.0,0.809375,10
v7_power_guard,nonlinear_bimodal,64,0.85,0.0,0.8421875,10
v7_power_guard,nonlinear_bimodal,64,0.9,0.0,0.909375,10
v7_power_guard,nonlinear_bimodal,64,0.95,0.0,0.940625,10
v7_power_guard,nonlinear_bimodal,128,0.05,0.8,0.05078125,10
v7_power_guard,nonlinear_bimodal,128,0.1,0.5,0.103125,10
v7_power_guard,nonlinear_bimodal,128,0.15,0.1,0.1625,10
v7_power_guard,nonlinear_bimodal,128,0.2,0.0,0.20546875,10
v7_power_guard,nonlinear_bimodal,128,0.25,0.0,0.25390625,10
v7_power_guard,nonlinear_bimodal,128,0.3,0.0,0.27421875,10
v7_power_guard,nonlinear_bimodal,128,0.35,0.0,0.33125,10
v7_power_guard,nonlinear_bimodal,128,0.4,0.0,0.3890625,20
v7_power_guard,nonlinear_bimodal,128,0.45,0.0,0.45390625,10
v7_power_guard,nonlinear_bimodal,128,0.5,0.0,0.49453125,10
v7_power_guard,nonlinear_bimodal,128,0.55,0.0,0.54296875,10
v7_power_guard,nonlinear_bimodal,128,0.6,0.0,0.61640625,10
v7_power_guard,nonlinear_bimodal,128,0.65,0.0,0.65703125,10
v7_power_guard,nonlinear_bimodal,128,0.7,0.0,0.70234375,10
v7_power_guard,nonlinear_bimodal,128,0.75,0.0,0.75703125,10
v7_power_guard,nonlinear_bimodal,128,0.8,0.0,0.80390625,10
v7_power_guard,nonlinear_bimodal,128,0.85,0.0,0.85703125,10
v7_power_guard,nonlinear_bimodal,128,0.9,0.0,0.8890625,10
v7_power_guard,nonlinear_bimodal,128,0.95,0.0,0.953125,10
v7_power_guard,nonlinear_bimodal,256,0.05,0.9,0.043359375,10
v7_power_guard,nonlinear_bimodal,256,0.1,0.5,0.101171875,10
v7_power_guard,nonlinear_bimodal,256,0.15,0.1,0.151171875,10
v7_power_guard,nonlinear_bimodal,256,0.2,0.0,0.1921875,10
v7_power_guard,nonlinear_bimodal,256,0.25,0.0,0.260546875,10
v7_power_guard,nonlinear_bimodal,256,0.3,0.0,0.298828125,10
v7_power_guard,nonlinear_bimodal,256,0.35,0.0,0.340625,10
v7_power_guard,nonlinear_bimodal,256,0.4,0.0,0.3921875,20
v7_power_guard,nonlinear_bimodal,256,0.45,0.0,0.45625,10
v7_power_guard,nonlinear_bimodal,256,0.5,0.0,0.518359375,10
v7_power_guard,nonlinear_bimodal,256,0.55,0.0,0.53203125,10
v7_power_guard,nonlinear_bimodal,256,0.6,0.0,0.600390625,10
v7_power_guard,nonlinear_bimodal,256,0.65,0.0,0.65234375,10
v7_power_guard,nonlinear_bimodal,256,0.7,0.0,0.716796875,10
v7_power_guard,nonlinear_bimodal,256,0.75,0.0,0.74921875,10
v7_power_guard,nonlinear_bimodal,256,0.8,0.0,0.794921875,10
v7_power_guard,nonlinear_bimodal,256,0.85,0.0,0.844921875,10
v7_power_guard,nonlinear_bimodal,256,0.9,0.0,0.896484375,10
v7_power_guard,nonlinear_bimodal,256,0.95,0.0,0.95390625,10
v7_power_guard,nonlinear_bimodal,512,0.05,0.9,0.0484375,10
v7_power_guard,nonlinear_bimodal,512,0.1,0.5,0.0912109375,10
v7_power_guard,nonlinear_bimodal,512,0.15,0.1,0.147265625,10
v7_power_guard,nonlinear_bimodal,512,0.2,0.0,0.20546875,10
v7_power_guard,nonlinear_bimodal,512,0.25,0.0,0.2544921875,10
v7_power_guard,nonlinear_bimodal,512,0.3,0.0,0.2935546875,10
v7_power_guard,nonlinear_bimodal,512,0.35,0.0,0.3427734375,10
v7_power_guard,nonlinear_bimodal,512,0.4,0.0,0.40986328125,20
v7_power_guard,nonlinear_bimodal,512,0.45,0.0,0.4611328125,10
v7_power_guard,nonlinear_bimodal,512,0.5,0.0,0.494921875,10
v7_power_guard,nonlinear_bimodal,512,0.55,0.0,0.5498046875,10
v7_power_guard,nonlinear_bimodal,512,0.6,0.0,0.5970703125,10
v7_power_guard,nonlinear_bimodal,512,0.65,0.0,0.6412109375,10
v7_power_guard,nonlinear_bimodal,512,0.7,0.0,0.70234375,10
v7_power_guard,nonlinear_bimodal,512,0.75,0.0,0.7537109375,10
v7_power_guard,nonlinear_bimodal,512,0.8,0.0,0.7908203125,10
v7_power_guard,nonlinear_bimodal,512,0.85,0.0,0.850390625,10
v7_power_guard,nonlinear_bimodal,512,0.9,0.0,0.89296875,10
v7_power_guard,nonlinear_bimodal,512,0.95,0.0,0.9443359375,10
v7_power_guard,outcome_dependent_dropout,32,0.05,0.9,0.059375,10
v7_power_guard,outcome_dependent_dropout,32,0.1,0.6,0.134375,10
v7_power_guard,outcome_dependent_dropout,32,0.15,0.6,0.140625,10
v7_power_guard,outcome_dependent_dropout,32,0.2,0.5,0.18125,10
v7_power_guard,outcome_dependent_dropout,32,0.25,0.35,0.2421875,20
v7_power_guard,outcome_dependent_dropout,32,0.3,0.2,0.31875,10
v7_power_guard,outcome_dependent_dropout,32,0.35,0.1,0.378125,10
v7_power_guard,outcome_dependent_dropout,32,0.4,0.0,0.4,10
v7_power_guard,outcome_dependent_dropout,32,0.45,0.0,0.48125,10
v7_power_guard,outcome_dependent_dropout,32,0.5,0.1,0.490625,10
v7_power_guard,outcome_dependent_dropout,32,0.55,0.0,0.571875,10
v7_power_guard,outcome_dependent_dropout,32,0.6,0.0,0.590625,10
v7_power_guard,outcome_dependent_dropout,32,0.65,0.0,0.684375,10
v7_power_guard,outcome_dependent_dropout,32,0.7,0.0,0.65,10
v7_power_guard,outcome_dependent_dropout,32,0.75,0.0,0.75625,10
v7_power_guard,outcome_dependent_dropout,32,0.8,0.0,0.809375,10
v7_power_guard,outcome_dependent_dropout,32,0.85,0.0,0.809375,10
v7_power_guard,outcome_dependent_dropout,32,0.9,0.0,0.89375,10
v7_power_guard,outcome_dependent_dropout,32,0.95,0.0,0.953125,10
v7_power_guard,outcome_dependent_dropout,64,0.05,1.0,0.0421875,10
v7_power_guard,outcome_dependent_dropout,64,0.1,0.9,0.0921875,10
v7_power_guard,outcome_dependent_dropout,64,0.15,0.3,0.16875,10
v7_power_guard,outcome_dependent_dropout,64,0.2,0.1,0.228125,10
v7_power_guard,outcome_dependent_dropout,64,0.25,0.05,0.2828125,20
v7_power_guard,outcome_dependent_dropout,64,0.3,0.0,0.3109375,10
v7_power_guard,outcome_dependent_dropout,64,0.35,0.0,0.33125,10
v7_power_guard,outcome_dependent_dropout,64,0.4,0.0,0.4234375,10
v7_power_guard,outcome_dependent_dropout,64,0.45,0.0,0.490625,10
v7_power_guard,outcome_dependent_dropout,64,0.5,0.0,0.4984375,10
v7_power_guard,outcome_dependent_dropout,64,0.55,0.0,0.5359375,10
v7_power_guard,outcome_dependent_dropout,64,0.6,0.0,0.6453125,10
v7_power_guard,outcome_dependent_dropout,64,0.65,0.0,0.64375,10
v7_power_guard,outcome_dependent_dropout,64,0.7,0.0,0.6921875,10
v7_power_guard,outcome_dependent_dropout,64,0.75,0.0,0.7375,10
v7_power_guard,outcome_dependent_dropout,64,0.8,0.0,0.7921875,10
v7_power_guard,outcome_dependent_dropout,64,0.85,0.0,0.840625,10
v7_power_guard,outcome_dependent_dropout,64,0.9,0.0,0.8875,10
v7_power_guard,outcome_dependent_dropout,64,0.95,0.0,0.959375,10
v7_power_guard,outcome_dependent_dropout,128,0.05,1.0,0.05078125,10
v7_power_guard,outcome_dependent_dropout,128,0.1,0.7,0.09609375,10
v7_power_guard,outcome_dependent_dropout,128,0.15,0.5,0.15,10
v7_power_guard,outcome_dependent_dropout,128,0.2,0.0,0.1953125,10
v7_power_guard,outcome_dependent_dropout,128,0.25,0.05,0.251171875,20
v7_power_guard,outcome_dependent_dropout,128,0.3,0.0,0.27578125,10
v7_power_guard,outcome_dependent_dropout,128,0.35,0.0,0.3609375,10
v7_power_guard,outcome_dependent_dropout,128,0.4,0.0,0.39453125,10
v7_power_guard,outcome_dependent_dropout,128,0.45,0.0,0.45859375,10
v7_power_guard,outcome_dependent_dropout,128,0.5,0.0,0.5,10
v7_power_guard,outcome_dependent_dropout,128,0.55,0.0,0.55625,10
v7_power_guard,outcome_dependent_dropout,128,0.6,0.0,0.61640625,10
v7_power_guard,outcome_dependent_dropout,128,0.65,0.0,0.640625,10
v7_power_guard,outcome_dependent_dropout,128,0.7,0.0,0.70859375,10
v7_power_guard,outcome_dependent_dropout,128,0.75,0.0,0.73125,10
v7_power_guard,outcome_dependent_dropout,128,0.8,0.0,0.78828125,10
v7_power_guard,outcome_dependent_dropout,128,0.85,0.0,0.83984375,10
v7_power_guard,outcome_dependent_dropout,128,0.9,0.0,0.91484375,10
v7_power_guard,outcome_dependent_dropout,128,0.95,0.0,0.95625,10
v7_power_guard,outcome_dependent_dropout,256,0.05,1.0,0.053125,10
v7_power_guard,outcome_dependent_dropout,256,0.1,0.5,0.105859375,10
v7_power_guard,outcome_dependent_dropout,256,0.15,0.0,0.1421875,10
v7_power_guard,outcome_dependent_dropout,256,0.2,0.0,0.187109375,10
v7_power_guard,outcome_dependent_dropout,256,0.25,0.0,0.2447265625,20
v7_power_guard,outcome_dependent_dropout,256,0.3,0.0,0.281640625,10
v7_power_guard,outcome_dependent_dropout,256,0.35,0.0,0.357421875,10
v7_power_guard,outcome_dependent_dropout,256,0.4,0.0,0.39375,10
v7_power_guard,outcome_dependent_dropout,256,0.45,0.0,0.4453125,10
v7_power_guard,outcome_dependent_dropout,256,0.5,0.0,0.500390625,10
v7_power_guard,outcome_dependent_dropout,256,0.55,0.0,0.550390625,10
v7_power_guard,outcome_dependent_dropout,256,0.6,0.0,0.590625,10
v7_power_guard,outcome_dependent_dropout,256,0.65,0.0,0.630078125,10
v7_power_guard,outcome_dependent_dropout,256,0.7,0.0,0.678125,10
v7_power_guard,outcome_dependent_dropout,256,0.75,0.0,0.7453125,10
v7_power_guard,outcome_dependent_dropout,256,0.8,0.0,0.807421875,10
v7_power_guard,outcome_dependent_dropout,256,0.85,0.0,0.848046875,10
v7_power_guard,outcome_dependent_dropout,256,0.9,0.0,0.895703125,10
v7_power_guard,outcome_dependent_dropout,256,0.95,0.0,0.937890625,10
v7_power_guard,outcome_dependent_dropout,512,0.05,0.9,0.0435546875,10
v7_power_guard,outcome_dependent_dropout,512,0.1,0.3,0.1052734375,10
v7_power_guard,outcome_dependent_dropout,512,0.15,0.0,0.1564453125,10
v7_power_guard,outcome_dependent_dropout,512,0.2,0.0,0.1951171875,10
v7_power_guard,outcome_dependent_dropout,512,0.25,0.0,0.2552734375,20
v7_power_guard,outcome_dependent_dropout,512,0.3,0.0,0.3021484375,10
v7_power_guard,outcome_dependent_dropout,512,0.35,0.0,0.3529296875,10
v7_power_guard,outcome_dependent_dropout,512,0.4,0.0,0.4041015625,10
v7_power_guard,outcome_dependent_dropout,512,0.45,0.0,0.4369140625,10
v7_power_guard,outcome_dependent_dropout,512,0.5,0.0,0.4955078125,10
v7_power_guard,outcome_dependent_dropout,512,0.55,0.0,0.5513671875,10
v7_power_guard,outcome_dependent_dropout,512,0.6,0.0,0.608203125,10
v7_power_guard,outcome_dependent_dropout,512,0.65,0.0,0.64609375,10
v7_power_guard,outcome_dependent_dropout,512,0.7,0.0,0.707421875,10
v7_power_guard,outcome_dependent_dropout,512,0.75,0.0,0.7443359375,10
v7_power_guard,outcome_dependent_dropout,512,0.8,0.0,0.80234375,10
v7_power_guard,outcome_dependent_dropout,512,0.85,0.0,0.8568359375,10
v7_power_guard,outcome_dependent_dropout,512,0.9,0.0,0.9029296875,10
v7_power_guard,outcome_dependent_dropout,512,0.95,0.0,0.9478515625,10
v7_power_guard,pure_label_shift,32,0.05,0.9,0.04375,20
v7_power_guard,pure_label_shift,32,0.1,0.7,0.096875,10
v7_power_guard,pure_label_shift,32,0.15,0.9,0.15,10
v7_power_guard,pure_label_shift,32,0.2,0.9,0.178125,10
v7_power_guard,pure_label_shift,32,0.25,0.7,0.234375,10
v7_power_guard,pure_label_shift,32,0.3,0.8,0.309375,10
v7_power_guard,pure_label_shift,32,0.35,0.9,0.340625,10
v7_power_guard,pure_label_shift,32,0.4,1.0,0.365625,10
v7_power_guard,pure_label_shift,32,0.45,1.0,0.484375,10
v7_power_guard,pure_label_shift,32,0.5,0.9,0.490625,10
v7_power_guard,pure_label_shift,32,0.55,1.0,0.58125,10
v7_power_guard,pure_label_shift,32,0.6,0.8,0.578125,10
v7_power_guard,pure_label_shift,32,0.65,1.0,0.68125,10
v7_power_guard,pure_label_shift,32,0.7,0.9,0.690625,10
v7_power_guard,pure_label_shift,32,0.75,1.0,0.7,10
v7_power_guard,pure_label_shift,32,0.8,1.0,0.8,10
v7_power_guard,pure_label_shift,32,0.85,0.9,0.85,10
v7_power_guard,pure_label_shift,32,0.9,0.7,0.89375,10
v7_power_guard,pure_label_shift,32,0.95,0.9,0.965625,10
v7_power_guard,pure_label_shift,64,0.05,0.95,0.05390625,20
v7_power_guard,pure_label_shift,64,0.1,1.0,0.0890625,10
v7_power_guard,pure_label_shift,64,0.15,0.9,0.1703125,10
v7_power_guard,pure_label_shift,64,0.2,1.0,0.1859375,10
v7_power_guard,pure_label_shift,64,0.25,1.0,0.2265625,10
v7_power_guard,pure_label_shift,64,0.3,1.0,0.3109375,10
v7_power_guard,pure_label_shift,64,0.35,1.0,0.3703125,10
v7_power_guard,pure_label_shift,64,0.4,0.9,0.4078125,10
v7_power_guard,pure_label_shift,64,0.45,1.0,0.4234375,10
v7_power_guard,pure_label_shift,64,0.5,0.9,0.5140625,10
v7_power_guard,pure_label_shift,64,0.55,1.0,0.5890625,10
v7_power_guard,pure_label_shift,64,0.6,1.0,0.6296875,10
v7_power_guard,pure_label_shift,64,0.65,1.0,0.65,10
v7_power_guard,pure_label_shift,64,0.7,1.0,0.703125,10
v7_power_guard,pure_label_shift,64,0.75,1.0,0.7296875,10
v7_power_guard,pure_label_shift,64,0.8,1.0,0.80625,10
v7_power_guard,pure_label_shift,64,0.85,1.0,0.8359375,10
v7_power_guard,pure_label_shift,64,0.9,1.0,0.9,10
v7_power_guard,pure_label_shift,64,0.95,1.0,0.9625,10
v7_power_guard,pure_label_shift,128,0.05,1.0,0.052734375,20
v7_power_guard,pure_label_shift,128,0.1,1.0,0.109375,10
v7_power_guard,pure_label_shift,128,0.15,1.0,0.140625,10
v7_power_guard,pure_label_shift,128,0.2,1.0,0.196875,10
v7_power_guard,pure_label_shift,128,0.25,1.0,0.246875,10
v7_power_guard,pure_label_shift,128,0.3,1.0,0.278125,10
v7_power_guard,pure_label_shift,128,0.35,1.0,0.34296875,10
v7_power_guard,pure_label_shift,128,0.4,1.0,0.3984375,10
v7_power_guard,pure_label_shift,128,0.45,1.0,0.45546875,10
v7_power_guard,pure_label_shift,128,0.5,1.0,0.5015625,10
v7_power_guard,pure_label_shift,128,0.55,0.9,0.5484375,10
v7_power_guard,pure_label_shift,128,0.6,0.9,0.58125,10
v7_power_guard,pure_label_shift,128,0.65,0.9,0.67265625,10
v7_power_guard,pure_label_shift,128,0.7,0.8,0.71640625,10
v7_power_guard,pure_label_shift,128,0.75,0.9,0.75,10
v7_power_guard,pure_label_shift,128,0.8,1.0,0.80703125,10
v7_power_guard,pure_label_shift,128,0.85,1.0,0.83359375,10
v7_power_guard,pure_label_shift,128,0.9,1.0,0.91484375,10
v7_power_guard,pure_label_shift,128,0.95,1.0,0.9515625,10
v7_power_guard,pure_label_shift,256,0.05,1.0,0.0525390625,20
v7_power_guard,pure_label_shift,256,0.1,1.0,0.090234375,10
v7_power_guard,pure_label_shift,256,0.15,1.0,0.144140625,10
v7_power_guard,pure_label_shift,256,0.2,1.0,0.2046875,10
v7_power_guard,pure_label_shift,256,0.25,1.0,0.25,10
v7_power_guard,pure_label_shift,256,0.3,1.0,0.296484375,10
v7_power_guard,pure_label_shift,256,0.35,1.0,0.34453125,10
v7_power_guard,pure_label_shift,256,0.4,1.0,0.405078125,10
v7_power_guard,pure_label_shift,256,0.45,1.0,0.448046875,10
v7_power_guard,pure_label_shift,256,0.5,1.0,0.505859375,10
v7_power_guard,pure_label_shift,256,0.55,1.0,0.548046875,10
v7_power_guard,pure_label_shift,256,0.6,1.0,0.586328125,10
v7_power_guard,pure_label_shift,256,0.65,1.0,0.66171875,10
v7_power_guard,pure_label_shift,256,0.7,1.0,0.68828125,10
v7_power_guard,pure_label_shift,256,0.75,1.0,0.753515625,10
v7_power_guard,pure_label_shift,256,0.8,1.0,0.78984375,10
v7_power_guard,pure_label_shift,256,0.85,1.0,0.848046875,10
v7_power_guard,pure_label_shift,256,0.9,1.0,0.88828125,10
v7_power_guard,pure_label_shift,256,0.95,1.0,0.95234375,10
v7_power_guard,pure_label_shift,512,0.05,1.0,0.04638671875,20
v7_power_guard,pure_label_shift,512,0.1,1.0,0.0951171875,10
v7_power_guard,pure_label_shift,512,0.15,1.0,0.15625,10
v7_power_guard,pure_label_shift,512,0.2,1.0,0.18828125,10
v7_power_guard,pure_label_shift,512,0.25,1.0,0.244140625,10
v7_power_guard,pure_label_shift,512,0.3,1.0,0.2994140625,10
v7_power_guard,pure_label_shift,512,0.35,1.0,0.3451171875,10
v7_power_guard,pure_label_shift,512,0.4,1.0,0.3859375,10
v7_power_guard,pure_label_shift,512,0.45,1.0,0.4529296875,10
v7_power_guard,pure_label_shift,512,0.5,1.0,0.51171875,10
v7_power_guard,pure_label_shift,512,0.55,1.0,0.558203125,10
v7_power_guard,pure_label_shift,512,0.6,1.0,0.5892578125,10
v7_power_guard,pure_label_shift,512,0.65,1.0,0.6564453125,10
v7_power_guard,pure_label_shift,512,0.7,1.0,0.6958984375,10
v7_power_guard,pure_label_shift,512,0.75,1.0,0.743359375,10
v7_power_guard,pure_label_shift,512,0.8,1.0,0.7974609375,10
v7_power_guard,pure_label_shift,512,0.85,1.0,0.8548828125,10
v7_power_guard,pure_label_shift,512,0.9,1.0,0.8947265625,10
v7_power_guard,pure_label_shift,512,0.95,1.0,0.9509765625,10
v7_power_guard,support_translation,32,0.05,0.0,0.0625,10
v7_power_guard,support_translation,32,0.1,0.0,0.075,10
v7_power_guard,support_translation,32,0.15,0.0,0.15,10
v7_power_guard,support_translation,32,0.2,0.0,0.1890625,20
v7_power_guard,support_translation,32,0.25,0.0,0.259375,10
v7_power_guard,support_translation,32,0.3,0.0,0.30625,10
v7_power_guard,support_translation,32,0.35,0.0,0.346875,10
v7_power_guard,support_translation,32,0.4,0.0,0.403125,10
v7_power_guard,support_translation,32,0.45,0.0,0.459375,10
v7_power_guard,support_translation,32,0.5,0.0,0.475,10
v7_power_guard,support_translation,32,0.55,0.0,0.553125,10
v7_power_guard,support_translation,32,0.6,0.0,0.625,10
v7_power_guard,support_translation,32,0.65,0.0,0.6625,10
v7_power_guard,support_translation,32,0.7,0.0,0.7125,10
v7_power_guard,support_translation,32,0.75,0.0,0.771875,10
v7_power_guard,support_translation,32,0.8,0.0,0.8,10
v7_power_guard,support_translation,32,0.85,0.0,0.840625,10
v7_power_guard,support_translation,32,0.9,0.0,0.875,10
v7_power_guard,support_translation,32,0.95,0.0,0.953125,10
v7_power_guard,support_translation,64,0.05,0.0,0.0546875,10
v7_power_guard,support_translation,64,0.1,0.0,0.0953125,10
v7_power_guard,support_translation,64,0.15,0.0,0.1671875,10
v7_power_guard,support_translation,64,0.2,0.0,0.17265625,20
v7_power_guard,support_translation,64,0.25,0.0,0.278125,10
v7_power_guard,support_translation,64,0.3,0.0,0.2875,10
v7_power_guard,support_translation,64,0.35,0.0,0.3765625,10
v7_power_guard,support_translation,64,0.4,0.0,0.35,10
v7_power_guard,support_translation,64,0.45,0.0,0.4140625,10
v7_power_guard,support_translation,64,0.5,0.0,0.5125,10
v7_power_guard,support_translation,64,0.55,0.0,0.528125,10
v7_power_guard,support_translation,64,0.6,0.0,0.590625,10
v7_power_guard,support_translation,64,0.65,0.0,0.615625,10
v7_power_guard,support_translation,64,0.7,0.0,0.6921875,10
v7_power_guard,support_translation,64,0.75,0.0,0.7546875,10
v7_power_guard,support_translation,64,0.8,0.0,0.7921875,10
v7_power_guard,support_translation,64,0.85,0.0,0.8640625,10
v7_power_guard,support_translation,64,0.9,0.0,0.9046875,10
v7_power_guard,support_translation,64,0.95,0.0,0.9359375,10
v7_power_guard,support_translation,128,0.05,0.0,0.0421875,10
v7_power_guard,support_translation,128,0.1,0.0,0.10546875,10
v7_power_guard,support_translation,128,0.15,0.0,0.1453125,10
v7_power_guard,support_translation,128,0.2,0.0,0.18984375,20
v7_power_guard,support_translation,128,0.25,0.0,0.25703125,10
v7_power_guard,support_translation,128,0.3,0.0,0.30859375,10
v7_power_guard,support_translation,128,0.35,0.0,0.36015625,10
v7_power_guard,support_translation,128,0.4,0.0,0.403125,10
v7_power_guard,support_translation,128,0.45,0.0,0.440625,10
v7_power_guard,support_translation,128,0.5,0.0,0.509375,10
v7_power_guard,support_translation,128,0.55,0.0,0.55625,10
v7_power_guard,support_translation,128,0.6,0.0,0.5859375,10
v7_power_guard,support_translation,128,0.65,0.0,0.6453125,10
v7_power_guard,support_translation,128,0.7,0.0,0.71171875,10
v7_power_guard,support_translation,128,0.75,0.0,0.746875,10
v7_power_guard,support_translation,128,0.8,0.0,0.79453125,10
v7_power_guard,support_translation,128,0.85,0.0,0.85,10
v7_power_guard,support_translation,128,0.9,0.0,0.890625,10
v7_power_guard,support_translation,128,0.95,0.0,0.9515625,10
v7_power_guard,support_translation,256,0.05,0.0,0.0484375,10
v7_power_guard,support_translation,256,0.1,0.0,0.09609375,10
v7_power_guard,support_translation,256,0.15,0.0,0.146875,10
v7_power_guard,support_translation,256,0.2,0.0,0.201171875,20
v7_power_guard,support_translation,256,0.25,0.0,0.245703125,10
v7_power_guard,support_translation,256,0.3,0.0,0.3,10
v7_power_guard,support_translation,256,0.35,0.0,0.362890625,10
v7_power_guard,support_translation,256,0.4,0.0,0.403515625,10
v7_power_guard,support_translation,256,0.45,0.0,0.476171875,10
v7_power_guard,support_translation,256,0.5,0.0,0.495703125,10
v7_power_guard,support_translation,256,0.55,0.0,0.536328125,10
v7_power_guard,support_translation,256,0.6,0.0,0.61953125,10
v7_power_guard,support_translation,256,0.65,0.0,0.658984375,10
v7_power_guard,support_translation,256,0.7,0.0,0.696875,10
v7_power_guard,support_translation,256,0.75,0.0,0.7453125,10
v7_power_guard,support_translation,256,0.8,0.0,0.80546875,10
v7_power_guard,support_translation,256,0.85,0.0,0.849609375,10
v7_power_guard,support_translation,256,0.9,0.0,0.896484375,10
v7_power_guard,support_translation,256,0.95,0.0,0.945703125,10
v7_power_guard,support_translation,512,0.05,0.0,0.051171875,10
v7_power_guard,support_translation,512,0.1,0.0,0.1041015625,10
v7_power_guard,support_translation,512,0.15,0.0,0.1578125,10
v7_power_guard,support_translation,512,0.2,0.0,0.2005859375,20
v7_power_guard,support_translation,512,0.25,0.0,0.2431640625,10
v7_power_guard,support_translation,512,0.3,0.0,0.2904296875,10
v7_power_guard,support_translation,512,0.35,0.0,0.3564453125,10
v7_power_guard,support_translation,512,0.4,0.0,0.402734375,10
v7_power_guard,support_translation,512,0.45,0.0,0.4580078125,10
v7_power_guard,support_translation,512,0.5,0.0,0.491015625,10
v7_power_guard,support_translation,512,0.55,0.0,0.541015625,10
v7_power_guard,support_translation,512,0.6,0.0,0.5890625,10
v7_power_guard,support_translation,512,0.65,0.0,0.6517578125,10
v7_power_guard,support_translation,512,0.7,0.0,0.69609375,10
v7_power_guard,support_translation,512,0.75,0.0,0.759375,10
v7_power_guard,support_translation,512,0.8,0.0,0.8033203125,10
v7_power_guard,support_translation,512,0.85,0.0,0.8412109375,10
v7_power_guard,support_translation,512,0.9,0.0,0.8970703125,10
v7_power_guard,support_translation,512,0.95,0.0,0.949609375,10
v7_power_guard,tail_contamination,32,0.05,0.1,0.021875,10
v7_power_guard,tail_contamination,32,0.1,0.2,0.065625,10
v7_power_guard,tail_contamination,32,0.15,0.1,0.146875,10
v7_power_guard,tail_contamination,32,0.2,0.0,0.240625,10
v7_power_guard,tail_contamination,32,0.25,0.1,0.3125,10
v7_power_guard,tail_contamination,32,0.3,0.0,0.321875,10
v7_power_guard,tail_contamination,32,0.35,0.05,0.378125,20
v7_power_guard,tail_contamination,32,0.4,0.0,0.425,10
v7_power_guard,tail_contamination,32,0.45,0.1,0.440625,10
v7_power_guard,tail_contamination,32,0.5,0.1,0.475,10
v7_power_guard,tail_contamination,32,0.55,0.0,0.578125,10
v7_power_guard,tail_contamination,32,0.6,0.1,0.55625,10
v7_power_guard,tail_contamination,32,0.65,0.0,0.64375,10
v7_power_guard,tail_contamination,32,0.7,0.0,0.69375,10
v7_power_guard,tail_contamination,32,0.75,0.0,0.78125,10
v7_power_guard,tail_contamination,32,0.8,0.0,0.7875,10
v7_power_guard,tail_contamination,32,0.85,0.0,0.840625,10
v7_power_guard,tail_contamination,32,0.9,0.1,0.88125,10
v7_power_guard,tail_contamination,32,0.95,0.2,0.965625,10
v7_power_guard,tail_contamination,64,0.05,0.0,0.04375,10
v7_power_guard,tail_contamination,64,0.1,0.0,0.0984375,10
v7_power_guard,tail_contamination,64,0.15,0.0,0.153125,10
v7_power_guard,tail_contamination,64,0.2,0.0,0.184375,10
v7_power_guard,tail_contamination,64,0.25,0.0,0.2671875,10
v7_power_guard,tail_contamination,64,0.3,0.0,0.2859375,10
v7_power_guard,tail_contamination,64,0.35,0.0,0.3328125,20
v7_power_guard,tail_contamination,64,0.4,0.0,0.38125,10
v7_power_guard,tail_contamination,64,0.45,0.0,0.4578125,10
v7_power_guard,tail_contamination,64,0.5,0.0,0.4984375,10
v7_power_guard,tail_contamination,64,0.55,0.0,0.5578125,10
v7_power_guard,tail_contamination,64,0.6,0.0,0.5984375,10
v7_power_guard,tail_contamination,64,0.65,0.0,0.6546875,10
v7_power_guard,tail_contamination,64,0.7,0.0,0.690625,10
v7_power_guard,tail_contamination,64,0.75,0.0,0.75625,10
v7_power_guard,tail_contamination,64,0.8,0.0,0.8203125,10
v7_power_guard,tail_contamination,64,0.85,0.0,0.8640625,10
v7_power_guard,tail_contamination,64,0.9,0.0,0.90625,10
v7_power_guard,tail_contamination,64,0.95,0.0,0.9546875,10
v7_power_guard,tail_contamination,128,0.05,0.0,0.04296875,10
v7_power_guard,tail_contamination,128,0.1,0.0,0.096875,10
v7_power_guard,tail_contamination,128,0.15,0.0,0.14375,10
v7_power_guard,tail_contamination,128,0.2,0.0,0.20390625,10
v7_power_guard,tail_contamination,128,0.25,0.0,0.26015625,10
v7_power_guard,tail_contamination,128,0.3,0.0,0.28046875,10
v7_power_guard,tail_contamination,128,0.35,0.0,0.365625,20
v7_power_guard,tail_contamination,128,0.4,0.0,0.4328125,10
v7_power_guard,tail_contamination,128,0.45,0.0,0.44296875,10
v7_power_guard,tail_contamination,128,0.5,0.0,0.4859375,10
v7_power_guard,tail_contamination,128,0.55,0.0,0.56640625,10
v7_power_guard,tail_contamination,128,0.6,0.0,0.5875,10
v7_power_guard,tail_contamination,128,0.65,0.0,0.64609375,10
v7_power_guard,tail_contamination,128,0.7,0.0,0.6984375,10
v7_power_guard,tail_contamination,128,0.75,0.0,0.7484375,10
v7_power_guard,tail_contamination,128,0.8,0.0,0.8015625,10
v7_power_guard,tail_contamination,128,0.85,0.0,0.83359375,10
v7_power_guard,tail_contamination,128,0.9,0.0,0.9015625,10
v7_power_guard,tail_contamination,128,0.95,0.0,0.95078125,10
v7_power_guard,tail_contamination,256,0.05,0.0,0.059375,10
v7_power_guard,tail_contamination,256,0.1,0.0,0.108203125,10
v7_power_guard,tail_contamination,256,0.15,0.0,0.143359375,10
v7_power_guard,tail_contamination,256,0.2,0.0,0.215234375,10
v7_power_guard,tail_contamination,256,0.25,0.0,0.254296875,10
v7_power_guard,tail_contamination,256,0.3,0.0,0.3171875,10
v7_power_guard,tail_contamination,256,0.35,0.0,0.3419921875,20
v7_power_guard,tail_contamination,256,0.4,0.0,0.40078125,10
v7_power_guard,tail_contamination,256,0.45,0.0,0.43203125,10
v7_power_guard,tail_contamination,256,0.5,0.0,0.513671875,10
v7_power_guard,tail_contamination,256,0.55,0.0,0.54375,10
v7_power_guard,tail_contamination,256,0.6,0.0,0.590625,10
v7_power_guard,tail_contamination,256,0.65,0.0,0.65546875,10
v7_power_guard,tail_contamination,256,0.7,0.0,0.689453125,10
v7_power_guard,tail_contamination,256,0.75,0.0,0.759765625,10
v7_power_guard,tail_contamination,256,0.8,0.0,0.80390625,10
v7_power_guard,tail_contamination,256,0.85,0.0,0.83828125,10
v7_power_guard,tail_contamination,256,0.9,0.0,0.90703125,10
v7_power_guard,tail_contamination,256,0.95,0.0,0.943359375,10
v7_power_guard,tail_contamination,512,0.05,0.0,0.0458984375,10
v7_power_guard,tail_contamination,512,0.1,0.0,0.1,10
v7_power_guard,tail_contamination,512,0.15,0.0,0.1501953125,10
v7_power_guard,tail_contamination,512,0.2,0.0,0.2076171875,10
v7_power_guard,tail_contamination,512,0.25,0.0,0.2513671875,10
v7_power_guard,tail_contamination,512,0.3,0.0,0.3033203125,10
v7_power_guard,tail_contamination,512,0.35,0.0,0.34560546875,20
v7_power_guard,tail_contamination,512,0.4,0.0,0.3966796875,10
v7_power_guard,tail_contamination,512,0.45,0.0,0.4568359375,10
v7_power_guard,tail_contamination,512,0.5,0.0,0.4798828125,10
v7_power_guard,tail_contamination,512,0.55,0.0,0.5623046875,10
v7_power_guard,tail_contamination,512,0.6,0.0,0.5904296875,10
v7_power_guard,tail_contamination,512,0.65,0.0,0.651171875,10
v7_power_guard,tail_contamination,512,0.7,0.0,0.7021484375,10
v7_power_guard,tail_contamination,512,0.75,0.0,0.7419921875,10
v7_power_guard,tail_contamination,512,0.8,0.0,0.8009765625,10
v7_power_guard,tail_contamination,512,0.85,0.0,0.85,10
v7_power_guard,tail_contamination,512,0.9,0.0,0.8994140625,10
v7_power_guard,tail_contamination,512,0.95,0.0,0.9521484375,10
v7_power_guard,unidentifiable_concept_reversal,32,0.05,0.9,0.08125,10
v7_power_guard,unidentifiable_concept_reversal,32,0.1,0.7,0.1125,10
v7_power_guard,unidentifiable_concept_reversal,32,0.15,0.9,0.125,10
v7_power_guard,unidentifiable_concept_reversal,32,0.2,0.7,0.2375,10
v7_power_guard,unidentifiable_concept_reversal,32,0.25,0.9,0.259375,10
v7_power_guard,unidentifiable_concept_reversal,32,0.3,0.8,0.321875,10
v7_power_guard,unidentifiable_concept_reversal,32,0.35,0.9,0.39375,10
v7_power_guard,unidentifiable_concept_reversal,32,0.4,0.8,0.371875,10
v7_power_guard,unidentifiable_concept_reversal,32,0.45,1.0,0.4796875,20
v7_power_guard,unidentifiable_concept_reversal,32,0.5,1.0,0.546875,10
v7_power_guard,unidentifiable_concept_reversal,32,0.55,1.0,0.565625,10
v7_power_guard,unidentifiable_concept_reversal,32,0.6,0.9,0.5875,10
v7_power_guard,unidentifiable_concept_reversal,32,0.65,0.8,0.634375,10
v7_power_guard,unidentifiable_concept_reversal,32,0.7,0.9,0.6875,10
v7_power_guard,unidentifiable_concept_reversal,32,0.75,0.8,0.78125,10
v7_power_guard,unidentifiable_concept_reversal,32,0.8,0.9,0.815625,10
v7_power_guard,unidentifiable_concept_reversal,32,0.85,1.0,0.8625,10
v7_power_guard,unidentifiable_concept_reversal,32,0.9,1.0,0.90625,10
v7_power_guard,unidentifiable_concept_reversal,32,0.95,0.9,0.940625,10
v7_power_guard,unidentifiable_concept_reversal,64,0.05,0.9,0.040625,10
v7_power_guard,unidentifiable_concept_reversal,64,0.1,1.0,0.1,10
v7_power_guard,unidentifiable_concept_reversal,64,0.15,0.9,0.134375,10
v7_power_guard,unidentifiable_concept_reversal,64,0.2,1.0,0.1890625,10
v7_power_guard,unidentifiable_concept_reversal,64,0.25,1.0,0.2625,10
v7_power_guard,unidentifiable_concept_reversal,64,0.3,1.0,0.2890625,10
v7_power_guard,unidentifiable_concept_reversal,64,0.35,1.0,0.4,10
v7_power_guard,unidentifiable_concept_reversal,64,0.4,1.0,0.41875,10
v7_power_guard,unidentifiable_concept_reversal,64,0.45,0.95,0.45234375,20
v7_power_guard,unidentifiable_concept_reversal,64,0.5,1.0,0.525,10
v7_power_guard,unidentifiable_concept_reversal,64,0.55,1.0,0.5421875,10
v7_power_guard,unidentifiable_concept_reversal,64,0.6,1.0,0.6359375,10
v7_power_guard,unidentifiable_concept_reversal,64,0.65,0.9,0.665625,10
v7_power_guard,unidentifiable_concept_reversal,64,0.7,0.9,0.7046875,10
v7_power_guard,unidentifiable_concept_reversal,64,0.75,1.0,0.7515625,10
v7_power_guard,unidentifiable_concept_reversal,64,0.8,0.9,0.796875,10
v7_power_guard,unidentifiable_concept_reversal,64,0.85,1.0,0.8421875,10
v7_power_guard,unidentifiable_concept_reversal,64,0.9,1.0,0.921875,10
v7_power_guard,unidentifiable_concept_reversal,64,0.95,0.9,0.9484375,10
v7_power_guard,unidentifiable_concept_reversal,128,0.05,1.0,0.053125,10
v7_power_guard,unidentifiable_concept_reversal,128,0.1,1.0,0.103125,10
v7_power_guard,unidentifiable_concept_reversal,128,0.15,1.0,0.13984375,10
v7_power_guard,unidentifiable_concept_reversal,128,0.2,1.0,0.2046875,10
v7_power_guard,unidentifiable_concept_reversal,128,0.25,1.0,0.2609375,10
v7_power_guard,unidentifiable_concept_reversal,128,0.3,1.0,0.3,10
v7_power_guard,unidentifiable_concept_reversal,128,0.35,1.0,0.365625,10
v7_power_guard,unidentifiable_concept_reversal,128,0.4,1.0,0.39609375,10
v7_power_guard,unidentifiable_concept_reversal,128,0.45,1.0,0.44765625,20
v7_power_guard,unidentifiable_concept_reversal,128,0.5,1.0,0.484375,10
v7_power_guard,unidentifiable_concept_reversal,128,0.55,0.9,0.58125,10
v7_power_guard,unidentifiable_concept_reversal,128,0.6,1.0,0.628125,10
v7_power_guard,unidentifiable_concept_reversal,128,0.65,1.0,0.66328125,10
v7_power_guard,unidentifiable_concept_reversal,128,0.7,1.0,0.7015625,10
v7_power_guard,unidentifiable_concept_reversal,128,0.75,1.0,0.775,10
v7_power_guard,unidentifiable_concept_reversal,128,0.8,1.0,0.80546875,10
v7_power_guard,unidentifiable_concept_reversal,128,0.85,1.0,0.8453125,10
v7_power_guard,unidentifiable_concept_reversal,128,0.9,1.0,0.90390625,10
v7_power_guard,unidentifiable_concept_reversal,128,0.95,1.0,0.94375,10
v7_power_guard,unidentifiable_concept_reversal,256,0.05,1.0,0.051953125,10
v7_power_guard,unidentifiable_concept_reversal,256,0.1,1.0,0.10078125,10
v7_power_guard,unidentifiable_concept_reversal,256,0.15,1.0,0.137109375,10
v7_power_guard,unidentifiable_concept_reversal,256,0.2,1.0,0.2125,10
v7_power_guard,unidentifiable_concept_reversal,256,0.25,0.9,0.2609375,10
v7_power_guard,unidentifiable_concept_reversal,256,0.3,1.0,0.3,10
v7_power_guard,unidentifiable_concept_reversal,256,0.35,1.0,0.3375,10
v7_power_guard,unidentifiable_concept_reversal,256,0.4,0.9,0.40078125,10
v7_power_guard,unidentifiable_concept_reversal,256,0.45,1.0,0.451953125,20
v7_power_guard,unidentifiable_concept_reversal,256,0.5,1.0,0.498046875,10
v7_power_guard,unidentifiable_concept_reversal,256,0.55,1.0,0.53671875,10
v7_power_guard,unidentifiable_concept_reversal,256,0.6,1.0,0.59375,10
v7_power_guard,unidentifiable_concept_reversal,256,0.65,1.0,0.6609375,10
v7_power_guard,unidentifiable_concept_reversal,256,0.7,1.0,0.681640625,10
v7_power_guard,unidentifiable_concept_reversal,256,0.75,1.0,0.755078125,10
v7_power_guard,unidentifiable_concept_reversal,256,0.8,1.0,0.7984375,10
v7_power_guard,unidentifiable_concept_reversal,256,0.85,1.0,0.8484375,10
v7_power_guard,unidentifiable_concept_reversal,256,0.9,1.0,0.9078125,10
v7_power_guard,unidentifiable_concept_reversal,256,0.95,1.0,0.95078125,10
v7_power_guard,unidentifiable_concept_reversal,512,0.05,1.0,0.05078125,10
v7_power_guard,unidentifiable_concept_reversal,512,0.1,1.0,0.104296875,10
v7_power_guard,unidentifiable_concept_reversal,512,0.15,1.0,0.15546875,10
v7_power_guard,unidentifiable_concept_reversal,512,0.2,1.0,0.1931640625,10
v7_power_guard,unidentifiable_concept_reversal,512,0.25,1.0,0.25,10
v7_power_guard,unidentifiable_concept_reversal,512,0.3,1.0,0.2978515625,10
v7_power_guard,unidentifiable_concept_reversal,512,0.35,1.0,0.351171875,10
v7_power_guard,unidentifiable_concept_reversal,512,0.4,1.0,0.4041015625,10
v7_power_guard,unidentifiable_concept_reversal,512,0.45,1.0,0.45107421875,20
v7_power_guard,unidentifiable_concept_reversal,512,0.5,1.0,0.49453125,10
v7_power_guard,unidentifiable_concept_reversal,512,0.55,1.0,0.55859375,10
v7_power_guard,unidentifiable_concept_reversal,512,0.6,1.0,0.607421875,10
v7_power_guard,unidentifiable_concept_reversal,512,0.65,1.0,0.648828125,10
v7_power_guard,unidentifiable_concept_reversal,512,0.7,1.0,0.7078125,10
v7_power_guard,unidentifiable_concept_reversal,512,0.75,1.0,0.7541015625,10
v7_power_guard,unidentifiable_concept_reversal,512,0.8,1.0,0.7970703125,10
v7_power_guard,unidentifiable_concept_reversal,512,0.85,1.0,0.8513671875,10
v7_power_guard,unidentifiable_concept_reversal,512,0.9,1.0,0.896484375,10
v7_power_guard,unidentifiable_concept_reversal,512,0.95,1.0,0.95078125,10
