scenario,experiment,variant,seed,epoch,objective,validation_score,mean_group_risk,robust_group_risk,mean_group_brier
label_mar,pooled_erm,v0,6101,5.0,0.4795186519622803,0.6014925596420599,0.4795186519622803,0.4795186519622803,0.15547968447208405
label_mar,pooled_erm,v0,6101,10.0,0.29227393865585327,0.4296308162816978,0.29227393865585327,0.29227393865585327,0.07754331082105637
label_mar,pooled_erm,v0,6101,15.0,0.1798926740884781,0.3678993713025227,0.1798926740884781,0.1798926740884781,0.04170900210738182
label_mar,pooled_erm,v0,6101,20.0,0.14955249428749084,0.3618530691705406,0.14955249428749084,0.14955249428749084,0.03516540303826332
label_mar,pooled_erm,v0,6101,25.0,0.11458372324705124,0.3607052104212607,0.11458372324705124,0.11458372324705124,0.02546071819961071
label_mar,pooled_erm,v0,6101,30.0,0.09809361398220062,0.37118386914304424,0.09809361398220062,0.09809361398220062,0.02030763402581215
label_mar,pooled_erm,v0,6101,35.0,0.08650194108486176,0.35923054095308793,0.08650194108486176,0.08650194108486176,0.018187668174505234
label_mar,pooled_erm,v0,6101,40.0,0.08222410827875137,0.37042765535366456,0.08222410827875137,0.08222410827875137,0.01763448677957058
label_mar,pooled_erm,v0,6101,45.0,0.07128319889307022,0.3552112204338637,0.07128319889307022,0.07128319889307022,0.014888240024447441
label_mar,pooled_erm,v0,6101,50.0,0.08180373162031174,0.3674848251990499,0.08180373162031174,0.08180373162031174,0.019140619784593582
label_mar,pooled_erm,v0,6101,55.0,0.06437184661626816,0.3693231581745128,0.06437184661626816,0.06437184661626816,0.013700750656425953
label_mar,pooled_erm,v0,6101,60.0,0.06074029579758644,0.3719733471582519,0.06074029579758644,0.06074029579758644,0.01361114252358675
label_mar,pooled_erm,v0,6101,65.0,0.06605727225542068,0.3732167528322108,0.06605727225542068,0.06605727225542068,0.015175629407167435
label_mar,pooled_erm,v0,6101,70.0,0.06234072521328926,0.3714022171352695,0.06234072521328926,0.06234072521328926,0.014363547787070274
label_mar,pooled_erm,v0,6101,75.0,0.06273972988128662,0.3785035735427631,0.06273972988128662,0.06273972988128662,0.013894355855882168
label_mar,pooled_erm,v0,6101,80.0,0.05419513210654259,0.3885314587592347,0.05419513210654259,0.05419513210654259,0.01232500746846199
label_mar,pooled_erm,v0,6101,85.0,0.06321119517087936,0.39325235615145143,0.06321119517087936,0.06321119517087936,0.015506792813539505
label_mar,prior_separated,v2,6101,5.0,0.43888363242149353,0.46450375230883123,0.43888363242149353,0.45438623428344727,0.13271605968475342
label_mar,prior_separated,v2,6101,10.0,0.23262672126293182,0.37266670328227675,0.23262672126293182,0.2511745095252991,0.05999220162630081
label_mar,prior_separated,v2,6101,15.0,0.15061628818511963,0.3236015098265605,0.15061628818511963,0.15512673556804657,0.036530036479234695
label_mar,prior_separated,v2,6101,20.0,0.12747591733932495,0.29923146457888117,0.12747591733932495,0.13092541694641113,0.03171165660023689
label_mar,prior_separated,v2,6101,25.0,0.10459674894809723,0.3089666749942456,0.10459674894809723,0.12477056682109833,0.024944942444562912
label_mar,prior_separated,v2,6101,30.0,0.10333557426929474,0.33490581315074286,0.10333557426929474,0.11257915943861008,0.02625489979982376
label_mar,prior_separated,v2,6101,35.0,0.09063014388084412,0.33185052124282605,0.09063014388084412,0.11793794482946396,0.022307846695184708
label_mar,prior_separated,v2,6101,40.0,0.08179817348718643,0.3290539672368161,0.08179817348718643,0.09918728470802307,0.019984614104032516
label_mar,prior_separated,v2,6101,45.0,0.08073633164167404,0.33027638654606384,0.08073633164167404,0.09994974732398987,0.018246421590447426
label_mar,prior_separated,v2,6101,50.0,0.07252873480319977,0.3363694023570399,0.07252873480319977,0.08625289797782898,0.018109280616044998
label_mar,prior_separated,v2,6101,55.0,0.070606529712677,0.336100882524185,0.070606529712677,0.07110771536827087,0.016860447824001312
label_mar,prior_separated,v2,6101,60.0,0.06882846355438232,0.3394480082885768,0.06882846355438232,0.07859942317008972,0.01618403196334839
label_mar,structured_policy_bank,v4,6101,5.0,0.5552893280982971,0.5333738203363917,0.5552893280982971,0.6080352663993835,0.18456804752349854
label_mar,structured_policy_bank,v4,6101,10.0,0.33937308192253113,0.41406046601273394,0.33937308192253113,0.48496013879776,0.10051079839468002
label_mar,structured_policy_bank,v4,6101,15.0,0.24889220297336578,0.38815086162145584,0.24889220297336578,0.4176563620567322,0.07084265351295471
label_mar,structured_policy_bank,v4,6101,20.0,0.22979892790317535,0.3707500529942056,0.22979892790317535,0.39688006043434143,0.06512950360774994
label_mar,structured_policy_bank,v4,6101,25.0,0.19287323951721191,0.35322855095038064,0.19287323951721191,0.34503626823425293,0.05376680940389633
label_mar,structured_policy_bank,v4,6101,30.0,0.1888168454170227,0.3375799798330681,0.1888168454170227,0.33180513978004456,0.05248217657208443
label_mar,structured_policy_bank,v4,6101,35.0,0.18949246406555176,0.32772706656519524,0.18949246406555176,0.3633418083190918,0.05362357571721077
label_mar,structured_policy_bank,v4,6101,40.0,0.16795893013477325,0.3195823349843325,0.16795893013477325,0.29212766885757446,0.04674701765179634
label_mar,structured_policy_bank,v4,6101,45.0,0.1647774875164032,0.3068708395802982,0.1647774875164032,0.2887207865715027,0.04646267369389534
label_mar,structured_policy_bank,v4,6101,50.0,0.1528414785861969,0.293404825018881,0.1528414785861969,0.2947624623775482,0.04244907200336456
label_mar,structured_policy_bank,v4,6101,55.0,0.1511898636817932,0.285102056135986,0.1511898636817932,0.29582396149635315,0.04178554564714432
label_mar,structured_policy_bank,v4,6101,60.0,0.14718325436115265,0.2820685473280683,0.14718325436115265,0.2893752455711365,0.040922097861766815
label_mar,structured_policy_bank,v4,6101,65.0,0.1435178816318512,0.28374749390551346,0.1435178816318512,0.3360685110092163,0.04037852585315704
label_mar,structured_policy_bank,v4,6101,70.0,0.14436717331409454,0.28354011155061093,0.14436717331409454,0.3279162645339966,0.04075881466269493
label_mar,structured_policy_bank,v4,6101,75.0,0.14250025153160095,0.2801854060902949,0.14250025153160095,0.29838693141937256,0.04055767506361008
label_mar,structured_policy_bank,v4,6101,80.0,0.1379990130662918,0.2778248844019224,0.1379990130662918,0.306490421295166,0.03906901180744171
label_mar,structured_policy_bank,v4,6101,85.0,0.13138052821159363,0.2815919319548628,0.13138052821159363,0.28542980551719666,0.03700204938650131
label_mar,structured_policy_bank,v4,6101,90.0,0.13474668562412262,0.2815721579151481,0.13474668562412262,0.2954769730567932,0.03783087804913521
label_mar,structured_policy_bank,v4,6101,95.0,0.12806156277656555,0.27916283912218554,0.12806156277656555,0.24919942021369934,0.03648373857140541
label_mar,structured_policy_bank,v4,6101,100.0,0.1275242567062378,0.2761687041656069,0.1275242567062378,0.26512622833251953,0.03619704768061638
label_mar,site_only_dro,v5_site,6101,5.0,0.49638909101486206,0.48656064689292505,0.49616512656211853,0.4966130256652832,0.15741346776485443
label_mar,site_only_dro,v5_site,6101,10.0,0.32259422540664673,0.3711004577624309,0.3222571611404419,0.32293128967285156,0.09039806574583054
label_mar,site_only_dro,v5_site,6101,15.0,0.24007804691791534,0.32188461715111166,0.2398328334093094,0.2403232604265213,0.06423522531986237
label_mar,site_only_dro,v5_site,6101,20.0,0.20496191084384918,0.3006949240396991,0.20480482280254364,0.20511899888515472,0.05400669574737549
label_mar,site_only_dro,v5_site,6101,25.0,0.19094109535217285,0.2989749601931512,0.19079706072807312,0.19108514487743378,0.050711389631032944
label_mar,site_only_dro,v5_site,6101,30.0,0.17347866296768188,0.2915893736998153,0.17345203459262848,0.1735052913427353,0.04540691897273064
label_mar,site_only_dro,v5_site,6101,35.0,0.1691189408302307,0.28293013597085026,0.1689736247062683,0.1692642718553543,0.044950224459171295
label_mar,site_only_dro,v5_site,6101,40.0,0.16103067994117737,0.28189514714032016,0.16080708801746368,0.16125428676605225,0.04290204122662544
label_mar,site_only_dro,v5_site,6101,45.0,0.15480628609657288,0.2769863104235203,0.15446744859218597,0.15514512360095978,0.041014254093170166
label_mar,site_only_dro,v5_site,6101,50.0,0.15271660685539246,0.27356058815159334,0.1523645669221878,0.1530686467885971,0.04135454446077347
label_mar,site_only_dro,v5_site,6101,55.0,0.13564223051071167,0.27336807841100047,0.13538768887519836,0.13589678704738617,0.03526753932237625
label_mar,site_only_dro,v5_site,6101,60.0,0.13999024033546448,0.2777068046943951,0.13983212411403656,0.1401483565568924,0.03733391314744949
label_mar,site_only_dro,v5_site,6101,65.0,0.13692763447761536,0.27653685402329253,0.1365470439195633,0.13730822503566742,0.03683481737971306
label_mar,site_only_dro,v5_site,6101,70.0,0.13930514454841614,0.2759273217881353,0.13887277245521545,0.13973751664161682,0.037852708250284195
label_mar,site_only_dro,v5_site,6101,75.0,0.1406002789735794,0.2792630814968624,0.1403929442167282,0.1408076137304306,0.03871729597449303
label_mar,site_only_dro,v5_site,6101,80.0,0.1345263421535492,0.27902472514939125,0.13422264158725739,0.134830042719841,0.03754856809973717
label_mar,site_only_dro,v5_site,6101,85.0,0.1398334950208664,0.27276212302158087,0.13961486518383026,0.14005212485790253,0.03899886831641197
label_mar,site_only_dro,v5_site,6101,90.0,0.13210844993591309,0.27427979941688263,0.13190028071403503,0.13231663405895233,0.0365082286298275
label_mar,site_only_dro,v5_site,6101,95.0,0.1393325924873352,0.27613329539919973,0.13922744989395142,0.1394377201795578,0.03918228670954704
label_mar,site_only_dro,v5_site,6101,100.0,0.1255568414926529,0.2726695740426083,0.1253635436296463,0.12575013935565948,0.03478509932756424
label_mar,mask_only_dro,v5_mask,6101,5.0,0.5333313941955566,0.5020475119097839,0.5316230058670044,0.5350397229194641,0.1736440658569336
label_mar,mask_only_dro,v5_mask,6101,10.0,0.3467741012573242,0.3846487797194925,0.34208184480667114,0.3514663279056549,0.09779373556375504
label_mar,mask_only_dro,v5_mask,6101,15.0,0.26710015535354614,0.3460445202916272,0.26134055852890015,0.2728597819805145,0.0727059543132782
label_mar,mask_only_dro,v5_mask,6101,20.0,0.2182382345199585,0.3319799457025767,0.212187260389328,0.22428922355175018,0.05766469985246658
label_mar,mask_only_dro,v5_mask,6101,25.0,0.1948850452899933,0.304448908615602,0.1891317069530487,0.20063839852809906,0.050735607743263245
label_mar,mask_only_dro,v5_mask,6101,30.0,0.18166550993919373,0.29034556539952616,0.17636685073375702,0.18696418404579163,0.047634486109018326
label_mar,mask_only_dro,v5_mask,6101,35.0,0.1679309904575348,0.2790902454199129,0.16385112702846527,0.1720108538866043,0.044033315032720566
label_mar,mask_only_dro,v5_mask,6101,40.0,0.17300081253051758,0.26897684427330604,0.1669178605079651,0.17908377945423126,0.04537692293524742
label_mar,mask_only_dro,v5_mask,6101,45.0,0.16551169753074646,0.26372761893879326,0.1592361479997635,0.17178726196289062,0.04317285120487213
label_mar,mask_only_dro,v5_mask,6101,50.0,0.15495765209197998,0.26740783619989306,0.15001000463962555,0.1599052995443344,0.0404345877468586
label_mar,mask_only_dro,v5_mask,6101,55.0,0.15583860874176025,0.2667256816329784,0.15139447152614594,0.16028276085853577,0.041716381907463074
label_mar,mask_only_dro,v5_mask,6101,60.0,0.14673826098442078,0.2597898458903311,0.14280010759830475,0.1506763994693756,0.03945493698120117
label_mar,mask_only_dro,v5_mask,6101,65.0,0.14818571507930756,0.25949814805969934,0.14244014024734497,0.15393128991127014,0.03998538479208946
label_mar,mask_only_dro,v5_mask,6101,70.0,0.1433345377445221,0.2570226811885593,0.13855049014091492,0.14811860024929047,0.03836303949356079
label_mar,mask_only_dro,v5_mask,6101,75.0,0.13896703720092773,0.2649612729560097,0.13617046177387238,0.1417635977268219,0.037935104221105576
label_mar,mask_only_dro,v5_mask,6101,80.0,0.13596709072589874,0.2670768259419736,0.1323951780796051,0.13953900337219238,0.03727734088897705
label_mar,mask_only_dro,v5_mask,6101,85.0,0.13823528587818146,0.26049825084040945,0.13386216759681702,0.1426084041595459,0.038120295852422714
label_mar,mask_only_dro,v5_mask,6101,90.0,0.13947759568691254,0.2567081245079,0.1347455233335495,0.14420966804027557,0.03854506090283394
label_mar,mask_only_dro,v5_mask,6101,95.0,0.13232110440731049,0.25949887025425705,0.12760493159294128,0.1370372772216797,0.03655184432864189
label_mar,mask_only_dro,v5_mask,6101,100.0,0.13559576869010925,0.2645998607900821,0.13113737106323242,0.14005418121814728,0.037658557295799255
label_mar,site_mask_dro,v5,6101,5.0,0.47678494453430176,0.45145874156164145,0.474204957485199,0.47936496138572693,0.14965714514255524
label_mar,site_mask_dro,v5,6101,10.0,0.30759549140930176,0.34058404196654346,0.30325403809547424,0.3119369447231293,0.08546563237905502
label_mar,site_mask_dro,v5,6101,15.0,0.23513163626194,0.31159704674747424,0.22962787747383118,0.24063539505004883,0.0635693147778511
label_mar,site_mask_dro,v5,6101,20.0,0.20151525735855103,0.31002963996817634,0.19741153717041016,0.2056189626455307,0.0547759011387825
label_mar,site_mask_dro,v5,6101,25.0,0.19391559064388275,0.314082907517952,0.1870306134223938,0.2008005678653717,0.0513574555516243
label_mar,site_mask_dro,v5,6101,30.0,0.1774311363697052,0.29575465618494784,0.17277295887470245,0.18208932876586914,0.04748576506972313
label_mar,site_mask_dro,v5,6101,35.0,0.1708689033985138,0.2820548246213085,0.16527986526489258,0.17645792663097382,0.04477827623486519
label_mar,site_mask_dro,v5,6101,40.0,0.16422691941261292,0.2840776861630656,0.1596481055021286,0.16880574822425842,0.04349924623966217
label_mar,site_mask_dro,v5,6101,45.0,0.15868669748306274,0.2854323631712164,0.15424826741218567,0.163125142455101,0.04211395978927612
label_mar,site_mask_dro,v5,6101,50.0,0.1615748405456543,0.27711974484569196,0.15679216384887695,0.16635751724243164,0.043414406478405
label_mar,site_mask_dro,v5,6101,55.0,0.15321946144104004,0.27425505885329915,0.14775466918945312,0.15868425369262695,0.040687933564186096
label_mar,site_mask_dro,v5,6101,60.0,0.14223936200141907,0.27113695914743335,0.13730306923389435,0.1471756547689438,0.03784550353884697
label_mar,site_mask_dro,v5,6101,65.0,0.146517813205719,0.26838634302472847,0.1418124884366989,0.15122313797473907,0.03989953547716141
label_mar,site_mask_dro,v5,6101,70.0,0.1520424783229828,0.2649737525054507,0.14624585211277008,0.1578391045331955,0.041573356837034225
label_mar,site_mask_dro,v5,6101,75.0,0.14506693184375763,0.266010857753951,0.14097242057323456,0.1491614431142807,0.03957044333219528
label_mar,site_mask_dro,v5,6101,80.0,0.14185011386871338,0.26883853084527426,0.13633590936660767,0.14736433327198029,0.03816251829266548
label_mar,site_mask_dro,v5,6101,85.0,0.13892477750778198,0.264683640430772,0.13320502638816833,0.14464454352855682,0.03740387037396431
label_mar,site_mask_dro,v5,6101,90.0,0.13676729798316956,0.2677918272856757,0.13080628216266632,0.14272832870483398,0.03673546388745308
label_mar,site_mask_dro,v5,6101,95.0,0.1296142041683197,0.27112297239550154,0.12577080726623535,0.13345761597156525,0.035840798169374466
label_mar,site_mask_dro,v5,6101,100.0,0.13148772716522217,0.26251488400134354,0.126001238822937,0.13697420060634613,0.03562513366341591
label_mar,site_mask_dro_ane,v7,6101,5.0,0.531272292137146,0.48833694644197345,0.5136424899101257,0.5156136751174927,0.16644230484962463
label_mar,site_mask_dro_ane,v7,6101,10.0,0.3567526936531067,0.38852783553599246,0.343362957239151,0.34998199343681335,0.1008022204041481
label_mar,site_mask_dro_ane,v7,6101,15.0,0.2764208912849426,0.35848595914759473,0.26485341787338257,0.2731679081916809,0.0741022601723671
label_mar,site_mask_dro_ane,v7,6101,20.0,0.24369943141937256,0.3379986256068157,0.23178546130657196,0.24275045096874237,0.06431479007005692
label_mar,site_mask_dro_ane,v7,6101,25.0,0.21368525922298431,0.32803062269622185,0.20256702601909637,0.21388421952724457,0.05459635704755783
label_mar,site_mask_dro_ane,v7,6101,30.0,0.21298792958259583,0.3208631652541187,0.20066557824611664,0.21428047120571136,0.05514902621507645
label_mar,site_mask_dro_ane,v7,6101,35.0,0.1905064433813095,0.308547478818218,0.18057557940483093,0.19059668481349945,0.04920321702957153
label_mar,site_mask_dro_ane,v7,6101,40.0,0.1824568510055542,0.3069373230671537,0.17170827090740204,0.1838081330060959,0.04698648303747177
label_mar,site_mask_dro_ane,v7,6101,45.0,0.1759275645017624,0.3027560488314682,0.1650453358888626,0.1777539700269699,0.04527907818555832
label_mar,site_mask_dro_ane,v7,6101,50.0,0.16831208765506744,0.29816312572805503,0.15881706774234772,0.16906939446926117,0.04368852451443672
label_mar,site_mask_dro_ane,v7,6101,55.0,0.1637599766254425,0.29240990921430765,0.152964785695076,0.16607485711574554,0.04240160807967186
label_mar,site_mask_dro_ane,v7,6101,60.0,0.16732171177864075,0.2906643420625137,0.15480920672416687,0.17125998437404633,0.04287119582295418
label_mar,site_mask_dro_ane,v7,6101,65.0,0.15579257905483246,0.28818402387086683,0.1460990607738495,0.15726228058338165,0.041118960827589035
label_mar,site_mask_dro_ane,v7,6101,70.0,0.14912909269332886,0.28112436987236306,0.1401299685239792,0.15036563575267792,0.03881289064884186
label_mar,site_mask_dro_ane,v7,6101,75.0,0.14507625997066498,0.2809002287265462,0.13562138378620148,0.1470002681016922,0.037654269486665726
label_mar,site_mask_dro_ane,v7,6101,80.0,0.14968958497047424,0.2799427802620097,0.13918018341064453,0.15235352516174316,0.03922734037041664
label_mar,site_mask_dro_ane,v7,6101,85.0,0.1491737812757492,0.28125876437992314,0.13878507912158966,0.1516476720571518,0.039574034512043
label_mar,site_mask_dro_ane,v7,6101,90.0,0.13764265179634094,0.27950409356468653,0.1287098526954651,0.1393905133008957,0.03592454642057419
label_mar,site_mask_dro_ane,v7,6101,95.0,0.14609549939632416,0.2765950208240596,0.13691669702529907,0.14742250740528107,0.03925909474492073
label_mar,site_mask_dro_ane,v7,6101,100.0,0.14007757604122162,0.2792951360496484,0.1291017234325409,0.14365921914577484,0.036971136927604675
label_mar,pooled_erm,v0,6102,5.0,0.4191944897174835,0.5444900382598319,0.4191944897174835,0.4191944897174835,0.12927010655403137
label_mar,pooled_erm,v0,6102,10.0,0.26272881031036377,0.404103535494444,0.26272881031036377,0.26272881031036377,0.06961370259523392
label_mar,pooled_erm,v0,6102,15.0,0.18526332080364227,0.3758596914361768,0.18526332080364227,0.18526332080364227,0.04586942493915558
label_mar,pooled_erm,v0,6102,20.0,0.16548924148082733,0.37826709798190206,0.16548924148082733,0.16548924148082733,0.04230349510908127
label_mar,pooled_erm,v0,6102,25.0,0.14572201669216156,0.37763561163127835,0.14572201669216156,0.14572201669216156,0.03672316297888756
label_mar,pooled_erm,v0,6102,30.0,0.11879479140043259,0.3679548884208267,0.11879479140043259,0.11879479140043259,0.028352616354823112
label_mar,pooled_erm,v0,6102,35.0,0.12068730592727661,0.3663802447595663,0.12068730592727661,0.12068730592727661,0.030690182000398636
label_mar,pooled_erm,v0,6102,40.0,0.11906592547893524,0.36408836576938164,0.11906592547893524,0.11906592547893524,0.029757803305983543
label_mar,pooled_erm,v0,6102,45.0,0.09526509791612625,0.3986887237294,0.09526509791612625,0.09526509791612625,0.023526016622781754
label_mar,pooled_erm,v0,6102,50.0,0.10765357315540314,0.37696155288187994,0.10765357315540314,0.10765357315540314,0.02766234800219536
label_mar,pooled_erm,v0,6102,55.0,0.08733484148979187,0.38013928190131285,0.08733484148979187,0.08733484148979187,0.021528134122490883
label_mar,pooled_erm,v0,6102,60.0,0.08746863901615143,0.3648297384045386,0.08746863901615143,0.08746863901615143,0.022065838798880577
label_mar,pooled_erm,v0,6102,65.0,0.07853209227323532,0.35418417833007443,0.07853209227323532,0.07853209227323532,0.019784048199653625
label_mar,pooled_erm,v0,6102,70.0,0.08519453555345535,0.3611851789478314,0.08519453555345535,0.08519453555345535,0.02296449989080429
label_mar,pooled_erm,v0,6102,75.0,0.08160093426704407,0.36715882981640524,0.08160093426704407,0.08160093426704407,0.02156614139676094
label_mar,pooled_erm,v0,6102,80.0,0.07820544391870499,0.3664286214158712,0.07820544391870499,0.07820544391870499,0.019037337973713875
label_mar,pooled_erm,v0,6102,85.0,0.06816045194864273,0.36875211955877685,0.06816045194864273,0.06816045194864273,0.018078699707984924
label_mar,pooled_erm,v0,6102,90.0,0.06536245346069336,0.3661724700852954,0.06536245346069336,0.06536245346069336,0.016055354848504066
label_mar,pooled_erm,v0,6102,95.0,0.06725625693798065,0.385159630718898,0.06725625693798065,0.06725625693798065,0.017768433317542076
label_mar,pooled_erm,v0,6102,100.0,0.05738828703761101,0.38494532106867363,0.05738828703761101,0.05738828703761101,0.014217968098819256
label_mar,prior_separated,v2,6102,5.0,0.43920597434043884,0.47552310034101275,0.43920597434043884,0.44678235054016113,0.13144907355308533
label_mar,prior_separated,v2,6102,10.0,0.25664007663726807,0.3732741314568976,0.25664007663726807,0.2569428086280823,0.06319936364889145
label_mar,prior_separated,v2,6102,15.0,0.1870514303445816,0.32983853141672015,0.1870514303445816,0.19638726115226746,0.043546900153160095
label_mar,prior_separated,v2,6102,20.0,0.15521985292434692,0.3143313663114231,0.15521985292434692,0.1713009923696518,0.03513889014720917
label_mar,prior_separated,v2,6102,25.0,0.13004931807518005,0.3107275382981993,0.13004931807518005,0.14746254682540894,0.02889884077012539
label_mar,prior_separated,v2,6102,30.0,0.12065953761339188,0.3127610043307183,0.12065953761339188,0.1307552456855774,0.027469638735055923
label_mar,prior_separated,v2,6102,35.0,0.11283952742815018,0.3141298785193824,0.11283952742815018,0.1255350410938263,0.025219719856977463
label_mar,prior_separated,v2,6102,40.0,0.09922833740711212,0.3212918316203124,0.09922833740711212,0.11229584366083145,0.02218855358660221
label_mar,prior_separated,v2,6102,45.0,0.0978965014219284,0.32945390358689575,0.0978965014219284,0.10819187760353088,0.02243056520819664
label_mar,prior_separated,v2,6102,50.0,0.09463278949260712,0.3506856479079286,0.09463278949260712,0.10614984482526779,0.02166031114757061
label_mar,prior_separated,v2,6102,55.0,0.0851612389087677,0.32371863243075877,0.0851612389087677,0.09597596526145935,0.019901134073734283
label_mar,prior_separated,v2,6102,60.0,0.07519873976707458,0.3327853599761543,0.07519873976707458,0.08313453197479248,0.01605108566582203
label_mar,prior_separated,v2,6102,65.0,0.0870380848646164,0.32307091898018375,0.0870380848646164,0.10396958887577057,0.020952900871634483
label_mar,structured_policy_bank,v4,6102,5.0,0.4604652225971222,0.47828168966348317,0.4604652225971222,0.5825424790382385,0.14295373857021332
label_mar,structured_policy_bank,v4,6102,10.0,0.3146447241306305,0.35948205851731097,0.3146447241306305,0.4764772057533264,0.08968211710453033
label_mar,structured_policy_bank,v4,6102,15.0,0.2540154457092285,0.3299030910626143,0.2540154457092285,0.42473119497299194,0.07185585051774979
label_mar,structured_policy_bank,v4,6102,20.0,0.22207196056842804,0.30185237807631643,0.22207196056842804,0.3553500175476074,0.06221609190106392
label_mar,structured_policy_bank,v4,6102,25.0,0.19280579686164856,0.28632238087777084,0.19280579686164856,0.3023185729980469,0.05305967107415199
label_mar,structured_policy_bank,v4,6102,30.0,0.18871551752090454,0.2738618881202437,0.18871551752090454,0.3054744005203247,0.05213375762104988
label_mar,structured_policy_bank,v4,6102,35.0,0.17504361271858215,0.2633995845780779,0.17504361271858215,0.32368171215057373,0.048117559403181076
label_mar,structured_policy_bank,v4,6102,40.0,0.1726924479007721,0.26227284991342936,0.1726924479007721,0.30721649527549744,0.047659292817115784
label_mar,structured_policy_bank,v4,6102,45.0,0.16710339486598969,0.25680014494373576,0.16710339486598969,0.34302133321762085,0.04650712013244629
label_mar,structured_policy_bank,v4,6102,50.0,0.1570722460746765,0.25454324392637007,0.1570722460746765,0.29362058639526367,0.04335983470082283
label_mar,structured_policy_bank,v4,6102,55.0,0.1609531193971634,0.25416920485310784,0.1609531193971634,0.29725217819213867,0.045027103275060654
label_mar,structured_policy_bank,v4,6102,60.0,0.14453072845935822,0.25745062558158777,0.14453072845935822,0.27818500995635986,0.03955698013305664
label_mar,structured_policy_bank,v4,6102,65.0,0.15316973626613617,0.2576819340314827,0.15316973626613617,0.3243117332458496,0.042658086866140366
label_mar,structured_policy_bank,v4,6102,70.0,0.15068085491657257,0.25235877566369447,0.15068085491657257,0.2668394446372986,0.042607616633176804
label_mar,structured_policy_bank,v4,6102,75.0,0.1500004082918167,0.2521966515727773,0.1500004082918167,0.3242188096046448,0.04290952533483505
label_mar,structured_policy_bank,v4,6102,80.0,0.1463649868965149,0.25597702529348215,0.1463649868965149,0.3091225326061249,0.04140598699450493
label_mar,structured_policy_bank,v4,6102,85.0,0.14257298409938812,0.2558141918701321,0.14257298409938812,0.28426045179367065,0.04057810455560684
label_mar,structured_policy_bank,v4,6102,90.0,0.14151999354362488,0.25648083314822373,0.14151999354362488,0.2785800099372864,0.040113743394613266
label_mar,structured_policy_bank,v4,6102,95.0,0.14317160844802856,0.2546800388963179,0.14317160844802856,0.2899506688117981,0.04128089174628258
label_mar,structured_policy_bank,v4,6102,100.0,0.1386328488588333,0.2583173072053587,0.1386328488588333,0.2794223427772522,0.03997918590903282
label_mar,site_only_dro,v5_site,6102,5.0,0.49791473150253296,0.4881727938906273,0.4979119896888733,0.4979174733161926,0.16071537137031555
label_mar,site_only_dro,v5_site,6102,10.0,0.3045998811721802,0.3525319981460857,0.30456215143203735,0.3046376407146454,0.08441469818353653
label_mar,site_only_dro,v5_site,6102,15.0,0.2215641438961029,0.31762596595946185,0.2214565873146057,0.2216716855764389,0.05942918360233307
label_mar,site_only_dro,v5_site,6102,20.0,0.19887447357177734,0.31422637455944236,0.198823481798172,0.19892548024654388,0.05409351363778114
label_mar,site_only_dro,v5_site,6102,25.0,0.1867627203464508,0.3068893241039452,0.18663205206394196,0.18689337372779846,0.05038605257868767
label_mar,site_only_dro,v5_site,6102,30.0,0.17394936084747314,0.2931857109956747,0.17393608391284943,0.17396263778209686,0.047829482704401016
label_mar,site_only_dro,v5_site,6102,35.0,0.17436793446540833,0.28056787480771955,0.17428411543369293,0.17445173859596252,0.048175148665905
label_mar,site_only_dro,v5_site,6102,40.0,0.16545432806015015,0.27254957527324847,0.1654527187347412,0.1654559224843979,0.04590696096420288
label_mar,site_only_dro,v5_site,6102,45.0,0.16926176846027374,0.27273816175379123,0.16925744712352753,0.16926608979701996,0.04766080901026726
label_mar,site_only_dro,v5_site,6102,50.0,0.1620594561100006,0.27114460980148747,0.16201597452163696,0.16210292279720306,0.04569193348288536
label_mar,site_only_dro,v5_site,6102,55.0,0.15203723311424255,0.26962937329530035,0.15199828147888184,0.15207619965076447,0.042231786996126175
label_mar,site_only_dro,v5_site,6102,60.0,0.15153321623802185,0.2714891364238131,0.15143875777721405,0.15162768959999084,0.04239450767636299
label_mar,site_only_dro,v5_site,6102,65.0,0.1557508409023285,0.2687817193609219,0.1557508260011673,0.15575085580348969,0.0439048632979393
label_mar,site_only_dro,v5_site,6102,70.0,0.15005311369895935,0.2672704463781538,0.15002897381782532,0.15007725358009338,0.04222997650504112
label_mar,site_only_dro,v5_site,6102,75.0,0.15330012142658234,0.2683488675292628,0.1531457006931305,0.15345454216003418,0.04361921548843384
label_mar,site_only_dro,v5_site,6102,80.0,0.14409658312797546,0.2683059980898802,0.14396002888679504,0.14423313736915588,0.04063285142183304
label_mar,site_only_dro,v5_site,6102,85.0,0.14156025648117065,0.26541677898801685,0.14155954122543335,0.14156098663806915,0.03985939174890518
label_mar,site_only_dro,v5_site,6102,90.0,0.14145663380622864,0.26797372349874443,0.1413804292678833,0.14153282344341278,0.0402696318924427
label_mar,site_only_dro,v5_site,6102,95.0,0.14324811100959778,0.2671789912854737,0.14320257306098938,0.14329366385936737,0.04135870561003685
label_mar,site_only_dro,v5_site,6102,100.0,0.13920900225639343,0.2672291684058345,0.13920718431472778,0.1392108052968979,0.03967519849538803
label_mar,mask_only_dro,v5_mask,6102,5.0,0.4130788743495941,0.42797729745111235,0.4088216722011566,0.4173360764980316,0.12106511741876602
label_mar,mask_only_dro,v5_mask,6102,10.0,0.2783687710762024,0.34757299339139125,0.2733842134475708,0.283353328704834,0.07448992133140564
label_mar,mask_only_dro,v5_mask,6102,15.0,0.22574271261692047,0.31930351125370693,0.2202344685792923,0.23125095665454865,0.05887104570865631
label_mar,mask_only_dro,v5_mask,6102,20.0,0.21175667643547058,0.317945236502869,0.20470985770225525,0.2188035100698471,0.05545487627387047
label_mar,mask_only_dro,v5_mask,6102,25.0,0.19106140732765198,0.318173181419768,0.18523234128952026,0.1968904584646225,0.049953099340200424
label_mar,mask_only_dro,v5_mask,6102,30.0,0.18712159991264343,0.3099365539817498,0.18080179393291473,0.19344139099121094,0.04959138482809067
label_mar,mask_only_dro,v5_mask,6102,35.0,0.1723632514476776,0.30147002703944303,0.16717790067195892,0.1775486022233963,0.04489614814519882
label_mar,mask_only_dro,v5_mask,6102,40.0,0.1791524440050125,0.29844872508819065,0.1725311279296875,0.18577376008033752,0.04702126607298851
label_mar,mask_only_dro,v5_mask,6102,45.0,0.16588596999645233,0.2921517481315868,0.1622380167245865,0.16953392326831818,0.044275280088186264
label_mar,mask_only_dro,v5_mask,6102,50.0,0.16447538137435913,0.29133540648136236,0.15931575000286102,0.16963501274585724,0.04345317557454109
label_mar,mask_only_dro,v5_mask,6102,55.0,0.16292937099933624,0.29122297678051773,0.156645730137825,0.16921301186084747,0.04292123764753342
label_mar,mask_only_dro,v5_mask,6102,60.0,0.1602211892604828,0.29248594342523476,0.15598058700561523,0.16446180641651154,0.042635463178157806
label_mar,mask_only_dro,v5_mask,6102,65.0,0.14889656007289886,0.2897080176131167,0.14459392428398132,0.1531991958618164,0.039403337985277176
label_mar,mask_only_dro,v5_mask,6102,70.0,0.15067361295223236,0.2848251379681748,0.14606529474258423,0.1552819311618805,0.0400715135037899
label_mar,mask_only_dro,v5_mask,6102,75.0,0.15037989616394043,0.2824819275780973,0.14580515027046204,0.15495462715625763,0.04050104692578316
label_mar,mask_only_dro,v5_mask,6102,80.0,0.14543619751930237,0.28108427153414656,0.14168503880500793,0.149187371134758,0.03973909094929695
label_mar,mask_only_dro,v5_mask,6102,85.0,0.15301966667175293,0.2827092837313674,0.14709874987602234,0.15894059836864471,0.040843743830919266
label_mar,mask_only_dro,v5_mask,6102,90.0,0.14050909876823425,0.2814443845062352,0.13658571243286133,0.14443250000476837,0.03832460939884186
label_mar,mask_only_dro,v5_mask,6102,95.0,0.14477016031742096,0.2766457405020571,0.1396811306476593,0.14985918998718262,0.03941800817847252
label_mar,mask_only_dro,v5_mask,6102,100.0,0.1490924209356308,0.2755282670557674,0.14475999772548676,0.15342484414577484,0.04084080457687378
label_mar,site_mask_dro,v5,6102,5.0,0.4422912895679474,0.4760299778567015,0.43977752327919006,0.4448050558567047,0.135283425450325
label_mar,site_mask_dro,v5,6102,10.0,0.2961708903312683,0.37643653737225224,0.2922859191894531,0.3000558912754059,0.08314568549394608
label_mar,site_mask_dro,v5,6102,15.0,0.22757062315940857,0.32295703382961116,0.22233332693576813,0.232807919383049,0.06109049543738365
label_mar,site_mask_dro,v5,6102,20.0,0.2158074975013733,0.3168808243912893,0.2086074948310852,0.22300748527050018,0.05785740166902542
label_mar,site_mask_dro,v5,6102,25.0,0.1990242600440979,0.30809134158692364,0.19231529533863068,0.20573320984840393,0.052943628281354904
label_mar,site_mask_dro,v5,6102,30.0,0.18337202072143555,0.28930208518863176,0.17850807309150696,0.18823595345020294,0.04931110888719559
label_mar,site_mask_dro,v5,6102,35.0,0.19482667744159698,0.2789432529193938,0.18604913353919983,0.20360422134399414,0.051527440547943115
label_mar,site_mask_dro,v5,6102,40.0,0.17868672311306,0.27266089473927746,0.17367154359817505,0.18370190262794495,0.04800304397940636
label_mar,site_mask_dro,v5,6102,45.0,0.17119523882865906,0.2663064032543518,0.16655988991260529,0.17583060264587402,0.04596887156367302
label_mar,site_mask_dro,v5,6102,50.0,0.1724129021167755,0.2636816167997683,0.16439738869667053,0.1804284155368805,0.04538746550679207
label_mar,site_mask_dro,v5,6102,55.0,0.16037312150001526,0.2655665129052551,0.1552680879831314,0.16547814011573792,0.04275025799870491
label_mar,site_mask_dro,v5,6102,60.0,0.16050291061401367,0.2670443719494175,0.15541060268878937,0.16559520363807678,0.043641794472932816
label_mar,site_mask_dro,v5,6102,65.0,0.15780803561210632,0.2601964574731646,0.15249350666999817,0.16312256455421448,0.04266361519694328
label_mar,site_mask_dro,v5,6102,70.0,0.15992365777492523,0.2577114883565378,0.154891699552536,0.16495561599731445,0.044015973806381226
label_mar,site_mask_dro,v5,6102,75.0,0.15570172667503357,0.2568281995859773,0.14943386614322662,0.16196957230567932,0.042235828936100006
label_mar,site_mask_dro,v5,6102,80.0,0.1611277014017105,0.2537664389143728,0.15332940220832825,0.16892600059509277,0.043909769505262375
label_mar,site_mask_dro,v5,6102,85.0,0.1558167189359665,0.24979583721430165,0.15014857053756714,0.16148486733436584,0.04290083423256874
label_mar,site_mask_dro,v5,6102,90.0,0.14607489109039307,0.2524793634193644,0.1407194882631302,0.15143027901649475,0.04021993651986122
label_mar,site_mask_dro,v5,6102,95.0,0.14162401854991913,0.25213684729074465,0.13668932020664215,0.1465587168931961,0.03871303051710129
label_mar,site_mask_dro,v5,6102,100.0,0.14589540660381317,0.2512873749718082,0.13961881399154663,0.1521719992160797,0.040171075612306595
label_mar,site_mask_dro_ane,v7,6102,5.0,0.5614157915115356,0.5463605655759178,0.5399788022041321,0.5471316576004028,0.17860527336597443
label_mar,site_mask_dro_ane,v7,6102,10.0,0.42703157663345337,0.47279505814572254,0.4077283442020416,0.42130860686302185,0.12513099610805511
label_mar,site_mask_dro_ane,v7,6102,15.0,0.3508313298225403,0.4195464810644175,0.3313326835632324,0.35090428590774536,0.09712859243154526
label_mar,site_mask_dro_ane,v7,6102,20.0,0.30933877825737,0.37135048414821914,0.2936471998691559,0.3081103265285492,0.08460014313459396
label_mar,site_mask_dro_ane,v7,6102,25.0,0.2680344581604004,0.34519321831776884,0.253896027803421,0.26806899905204773,0.07051955163478851
label_mar,site_mask_dro_ane,v7,6102,30.0,0.24923838675022125,0.3419393886973076,0.237042635679245,0.2483031302690506,0.06565497070550919
label_mar,site_mask_dro_ane,v7,6102,35.0,0.23549658060073853,0.3366389202037824,0.22312398254871368,0.23562784492969513,0.061206620186567307
label_mar,site_mask_dro_ane,v7,6102,40.0,0.21448388695716858,0.33349671374518497,0.20265372097492218,0.215288445353508,0.055128004401922226
label_mar,site_mask_dro_ane,v7,6102,45.0,0.20681901276111603,0.3273576270558988,0.19536179304122925,0.20750518143177032,0.05385531485080719
label_mar,site_mask_dro_ane,v7,6102,50.0,0.20643702149391174,0.3237929130013195,0.19267456233501434,0.20954656600952148,0.05326449126005173
label_mar,site_mask_dro_ane,v7,6102,55.0,0.19559787213802338,0.31628404518094133,0.18401221930980682,0.1969100534915924,0.05136736109852791
label_mar,site_mask_dro_ane,v7,6102,60.0,0.19353322684764862,0.318355161897084,0.17995916306972504,0.1969466209411621,0.0508032962679863
label_mar,site_mask_dro_ane,v7,6102,65.0,0.17531245946884155,0.3140479168288524,0.16499324142932892,0.17643451690673828,0.0459858663380146
label_mar,site_mask_dro_ane,v7,6102,70.0,0.1855916678905487,0.30894786194643964,0.1725212186574936,0.18889851868152618,0.0488179586827755
label_mar,site_mask_dro_ane,v7,6102,75.0,0.1776338368654251,0.3034332609042465,0.16676272451877594,0.17909125983715057,0.04706839099526405
label_mar,site_mask_dro_ane,v7,6102,80.0,0.16935022175312042,0.30691312416569416,0.15815335512161255,0.17167596518993378,0.04435550794005394
label_mar,site_mask_dro_ane,v7,6102,85.0,0.17306742072105408,0.30234281131873947,0.1599796563386917,0.17726555466651917,0.04444805160164833
label_mar,site_mask_dro_ane,v7,6102,90.0,0.15935811400413513,0.3032836448842552,0.14884594082832336,0.16154928505420685,0.041604865342378616
label_mar,site_mask_dro_ane,v7,6102,95.0,0.1623530387878418,0.29537570394892454,0.15126439929008484,0.1647069901227951,0.04367350414395332
label_mar,site_mask_dro_ane,v7,6102,100.0,0.16207073628902435,0.29620613036111854,0.15110482275485992,0.1644725352525711,0.042820557951927185
label_mar,pooled_erm,v0,6103,5.0,0.4374212622642517,0.5059827161165307,0.4374212622642517,0.4374212622642517,0.13485725224018097
label_mar,pooled_erm,v0,6103,10.0,0.25279173254966736,0.38912376328589193,0.25279173254966736,0.25279173254966736,0.06438470631837845
label_mar,pooled_erm,v0,6103,15.0,0.14766187965869904,0.3118200776218134,0.14766187965869904,0.14766187965869904,0.03069235570728779
label_mar,pooled_erm,v0,6103,20.0,0.1211407333612442,0.2766049235218223,0.1211407333612442,0.1211407333612442,0.025624336674809456
label_mar,pooled_erm,v0,6103,25.0,0.10271245241165161,0.29968384318852404,0.10271245241165161,0.10271245241165161,0.02241869829595089
label_mar,pooled_erm,v0,6103,30.0,0.09047280997037888,0.2948511742539297,0.09047280997037888,0.09047280997037888,0.019522730261087418
label_mar,pooled_erm,v0,6103,35.0,0.09359221160411835,0.29452234942217337,0.09359221160411835,0.09359221160411835,0.02193673886358738
label_mar,pooled_erm,v0,6103,40.0,0.0775466188788414,0.3018700089797981,0.0775466188788414,0.0775466188788414,0.017156580463051796
label_mar,pooled_erm,v0,6103,45.0,0.0693078488111496,0.3022508045087226,0.0693078488111496,0.0693078488111496,0.014857223257422447
label_mar,pooled_erm,v0,6103,50.0,0.06986236572265625,0.30781917996776087,0.06986236572265625,0.06986236572265625,0.0166601724922657
label_mar,pooled_erm,v0,6103,55.0,0.06513439118862152,0.3153183954775304,0.06513439118862152,0.06513439118862152,0.016120119020342827
label_mar,pooled_erm,v0,6103,60.0,0.05058732256293297,0.31578904459035717,0.05058732256293297,0.05058732256293297,0.010318811051547527
label_mar,prior_separated,v2,6103,5.0,0.38137030601501465,0.4710819607055715,0.38137030601501465,0.389617919921875,0.10914991050958633
label_mar,prior_separated,v2,6103,10.0,0.20739984512329102,0.3909124465240733,0.20739984512329102,0.21308621764183044,0.05232898145914078
label_mar,prior_separated,v2,6103,15.0,0.1395168900489807,0.4044460287838269,0.1395168900489807,0.15186116099357605,0.03364044427871704
label_mar,prior_separated,v2,6103,20.0,0.10726899653673172,0.392763384631885,0.10726899653673172,0.1178257167339325,0.02514515072107315
label_mar,prior_separated,v2,6103,25.0,0.10986128449440002,0.391112173959615,0.10986128449440002,0.11744384467601776,0.0261085145175457
label_mar,prior_separated,v2,6103,30.0,0.07816874980926514,0.40868047055103035,0.07816874980926514,0.0845705196261406,0.016584033146500587
label_mar,prior_separated,v2,6103,35.0,0.09164729714393616,0.3975876663474337,0.09164729714393616,0.10310347378253937,0.022035252302885056
label_mar,prior_separated,v2,6103,40.0,0.07349047064781189,0.40179231559287826,0.07349047064781189,0.07960103452205658,0.017180725932121277
label_mar,prior_separated,v2,6103,45.0,0.07094965130090714,0.42632025267730933,0.07094965130090714,0.08103368431329727,0.016383059322834015
label_mar,prior_separated,v2,6103,50.0,0.06367002427577972,0.42030145674399483,0.06367002427577972,0.0809197872877121,0.014259261079132557
label_mar,structured_policy_bank,v4,6103,5.0,0.5337533950805664,0.4887292666131482,0.5337533950805664,0.5752904415130615,0.17432710528373718
label_mar,structured_policy_bank,v4,6103,10.0,0.34092459082603455,0.35913637154190703,0.34092459082603455,0.46579423546791077,0.09748230129480362
label_mar,structured_policy_bank,v4,6103,15.0,0.26089489459991455,0.3151870471143824,0.26089489459991455,0.40953657031059265,0.07316838204860687
label_mar,structured_policy_bank,v4,6103,20.0,0.2282564342021942,0.31485382351969926,0.2282564342021942,0.3414689898490906,0.06385793536901474
label_mar,structured_policy_bank,v4,6103,25.0,0.19912107288837433,0.3091242161688827,0.19912107288837433,0.3252297639846802,0.054786112159490585
label_mar,structured_policy_bank,v4,6103,30.0,0.18846692144870758,0.2989443155431547,0.18846692144870758,0.3416455090045929,0.051712602376937866
label_mar,structured_policy_bank,v4,6103,35.0,0.17941609025001526,0.2930912280823142,0.17941609025001526,0.3394138813018799,0.04866737872362137
label_mar,structured_policy_bank,v4,6103,40.0,0.17455601692199707,0.29133388967166624,0.17455601692199707,0.3459053337574005,0.0471201129257679
label_mar,structured_policy_bank,v4,6103,45.0,0.16820403933525085,0.286390224987701,0.16820403933525085,0.3367348313331604,0.04665978252887726
label_mar,structured_policy_bank,v4,6103,50.0,0.15477249026298523,0.2842771376682967,0.15477249026298523,0.28969359397888184,0.04187088459730148
label_mar,structured_policy_bank,v4,6103,55.0,0.15733729302883148,0.2803083564550036,0.15733729302883148,0.3356730341911316,0.04305208846926689
label_mar,structured_policy_bank,v4,6103,60.0,0.14776837825775146,0.2803226600591089,0.14776837825775146,0.2966045141220093,0.04054199904203415
label_mar,structured_policy_bank,v4,6103,65.0,0.1461828500032425,0.2823449562432863,0.1461828500032425,0.31087982654571533,0.040387656539678574
label_mar,structured_policy_bank,v4,6103,70.0,0.1471390426158905,0.2780119634348422,0.1471390426158905,0.3197215497493744,0.04054437205195427
label_mar,structured_policy_bank,v4,6103,75.0,0.140370711684227,0.27458788317665905,0.140370711684227,0.25450828671455383,0.03913552314043045
label_mar,structured_policy_bank,v4,6103,80.0,0.14552609622478485,0.2721213215595677,0.14552609622478485,0.32588309049606323,0.04066205024719238
label_mar,structured_policy_bank,v4,6103,85.0,0.13797448575496674,0.273212788808375,0.13797448575496674,0.28214335441589355,0.03879038617014885
label_mar,structured_policy_bank,v4,6103,90.0,0.13452529907226562,0.27832714131836095,0.13452529907226562,0.3273530602455139,0.03741459921002388
label_mar,structured_policy_bank,v4,6103,95.0,0.13024921715259552,0.28000442724888064,0.13024921715259552,0.2893667221069336,0.03660394996404648
label_mar,structured_policy_bank,v4,6103,100.0,0.13888287544250488,0.27875945212876796,0.13888287544250488,0.3529413044452667,0.038879625499248505
label_mar,site_only_dro,v5_site,6103,5.0,0.4690510034561157,0.44874948040160717,0.46903398633003235,0.4690680503845215,0.1488102525472641
label_mar,site_only_dro,v5_site,6103,10.0,0.28964465856552124,0.3605201298279856,0.2890210747718811,0.29026827216148376,0.08279894292354584
label_mar,site_only_dro,v5_site,6103,15.0,0.2334277182817459,0.35224363171782425,0.23247268795967102,0.2343827486038208,0.0656360611319542
label_mar,site_only_dro,v5_site,6103,20.0,0.19339200854301453,0.32350298748530065,0.19259671866893768,0.19418731331825256,0.05302496626973152
label_mar,site_only_dro,v5_site,6103,25.0,0.17496256530284882,0.3044668778055017,0.17448486387729645,0.17544026672840118,0.0478358194231987
label_mar,site_only_dro,v5_site,6103,30.0,0.17408473789691925,0.29078726109682695,0.17353121936321259,0.17463825643062592,0.0484364815056324
label_mar,site_only_dro,v5_site,6103,35.0,0.16258645057678223,0.28045590192315417,0.16219401359558105,0.1629788875579834,0.04501565545797348
label_mar,site_only_dro,v5_site,6103,40.0,0.1602632701396942,0.28213634242847924,0.16013458371162415,0.16039195656776428,0.044597890228033066
label_mar,site_only_dro,v5_site,6103,45.0,0.15059244632720947,0.27950534743556327,0.15010623633861542,0.15107865631580353,0.042177461087703705
label_mar,site_only_dro,v5_site,6103,50.0,0.15174348652362823,0.26966938785019146,0.1515793353319168,0.15190763771533966,0.042542994022369385
label_mar,site_only_dro,v5_site,6103,55.0,0.15433591604232788,0.2686978920644883,0.15378668904304504,0.15488512814044952,0.043389007449150085
label_mar,site_only_dro,v5_site,6103,60.0,0.14572924375534058,0.27288752139366174,0.14528073370456696,0.1461777687072754,0.04075592756271362
label_mar,site_only_dro,v5_site,6103,65.0,0.14145579934120178,0.2725969260525224,0.14087547361850739,0.14203611016273499,0.04020500183105469
label_mar,site_only_dro,v5_site,6103,70.0,0.14375248551368713,0.2685020850148109,0.14308388531208038,0.14442110061645508,0.04076583683490753
label_mar,site_only_dro,v5_site,6103,75.0,0.13670241832733154,0.2669290443095409,0.1364670842885971,0.13693776726722717,0.038884539157152176
label_mar,site_only_dro,v5_site,6103,80.0,0.1375744342803955,0.26959976189251045,0.13726556301116943,0.1378832906484604,0.03922373428940773
label_mar,site_only_dro,v5_site,6103,85.0,0.13548526167869568,0.2684554304349946,0.13509505987167358,0.13587546348571777,0.038825877010822296
label_mar,site_only_dro,v5_site,6103,90.0,0.13139738142490387,0.2686123796964823,0.1310403198003769,0.13175444304943085,0.037181656807661057
label_mar,site_only_dro,v5_site,6103,95.0,0.13399071991443634,0.2633961941823752,0.13393044471740723,0.13405099511146545,0.038032785058021545
label_mar,site_only_dro,v5_site,6103,100.0,0.12926387786865234,0.27483641702857764,0.12921729683876038,0.1293104737997055,0.03701183944940567
label_mar,mask_only_dro,v5_mask,6103,5.0,0.5143373012542725,0.4845378137254919,0.5131429433822632,0.5155316591262817,0.1648360937833786
label_mar,mask_only_dro,v5_mask,6103,10.0,0.33880409598350525,0.35953762923294075,0.3354479968547821,0.3421601951122284,0.09480684995651245
label_mar,mask_only_dro,v5_mask,6103,15.0,0.24912358820438385,0.3001688977682154,0.24503734707832336,0.25320982933044434,0.06560424715280533
label_mar,mask_only_dro,v5_mask,6103,20.0,0.2082967758178711,0.2861493275934732,0.20405930280685425,0.21253423392772675,0.05380356311798096
label_mar,mask_only_dro,v5_mask,6103,25.0,0.19619277119636536,0.28226438187652014,0.19112469255924225,0.20126084983348846,0.05070885270833969
label_mar,mask_only_dro,v5_mask,6103,30.0,0.18598610162734985,0.28110890743118394,0.18007822334766388,0.19189396500587463,0.04816689342260361
label_mar,mask_only_dro,v5_mask,6103,35.0,0.17168229818344116,0.2782710414250569,0.16641834378242493,0.1769462674856186,0.04429661110043526
label_mar,mask_only_dro,v5_mask,6103,40.0,0.16542655229568481,0.2698950059726924,0.16141319274902344,0.169439896941185,0.04290200024843216
label_mar,mask_only_dro,v5_mask,6103,45.0,0.16043108701705933,0.2646968800567304,0.1552227884531021,0.16563940048217773,0.04118769243359566
label_mar,mask_only_dro,v5_mask,6103,50.0,0.16290996968746185,0.26762840077747574,0.1567198485136032,0.1691000908613205,0.04250713065266609
label_mar,mask_only_dro,v5_mask,6103,55.0,0.15523988008499146,0.2630555900877989,0.1509128212928772,0.15956692397594452,0.04074511304497719
label_mar,mask_only_dro,v5_mask,6103,60.0,0.1526378095149994,0.2580044114259404,0.14789028465747833,0.15738534927368164,0.040295232087373734
label_mar,mask_only_dro,v5_mask,6103,65.0,0.14850538969039917,0.25672769315932165,0.14323432743549347,0.15377645194530487,0.03933025896549225
label_mar,mask_only_dro,v5_mask,6103,70.0,0.14404961466789246,0.2522907975496639,0.13907331228256226,0.14902591705322266,0.03800411522388458
label_mar,mask_only_dro,v5_mask,6103,75.0,0.1489192247390747,0.25216825593874503,0.14288949966430664,0.15494894981384277,0.03968501836061478
label_mar,mask_only_dro,v5_mask,6103,80.0,0.13657817244529724,0.25417667851406023,0.13183732330799103,0.14131903648376465,0.03647250682115555
label_mar,mask_only_dro,v5_mask,6103,85.0,0.1389954686164856,0.24904142109424315,0.13445642590522766,0.14353452622890472,0.03712007403373718
label_mar,mask_only_dro,v5_mask,6103,90.0,0.14675047993659973,0.25051094721006817,0.14085279405117035,0.1526481658220291,0.039603445678949356
label_mar,mask_only_dro,v5_mask,6103,95.0,0.14278939366340637,0.24530170121826123,0.13747461140155792,0.14810419082641602,0.03854699432849884
label_mar,mask_only_dro,v5_mask,6103,100.0,0.13552427291870117,0.24566802808189359,0.13092680275440216,0.14012174308300018,0.03714137524366379
label_mar,site_mask_dro,v5,6103,5.0,0.5200136303901672,0.48208538779274246,0.5188493132591248,0.5211779475212097,0.16716980934143066
label_mar,site_mask_dro,v5,6103,10.0,0.33634912967681885,0.3838720479458304,0.3319447338581085,0.34075355529785156,0.09370503574609756
label_mar,site_mask_dro,v5,6103,15.0,0.26001212000846863,0.34780679718087215,0.25527605414390564,0.2647481858730316,0.07018954306840897
label_mar,site_mask_dro,v5,6103,20.0,0.22958487272262573,0.33527625832263325,0.22246398031711578,0.23670578002929688,0.06111176684498787
label_mar,site_mask_dro,v5,6103,25.0,0.2114483118057251,0.3127534087995058,0.20345313847064972,0.21944347023963928,0.05587605759501457
label_mar,site_mask_dro,v5,6103,30.0,0.19876256585121155,0.30550251109817306,0.19212716817855835,0.20539794862270355,0.052672963589429855
label_mar,site_mask_dro,v5,6103,35.0,0.17878007888793945,0.2928413244525909,0.17240308225154877,0.18515706062316895,0.04675457254052162
label_mar,site_mask_dro,v5,6103,40.0,0.17249365150928497,0.2830648448832581,0.16696786880493164,0.1780194342136383,0.045091357082128525
label_mar,site_mask_dro,v5,6103,45.0,0.16457563638687134,0.2736303285042474,0.15804564952850342,0.17110562324523926,0.04258551821112633
label_mar,site_mask_dro,v5,6103,50.0,0.1626254916191101,0.2694760246617865,0.15547998249530792,0.1697710007429123,0.042337749153375626
label_mar,site_mask_dro,v5,6103,55.0,0.1516754925251007,0.26702031922833525,0.14682914316654205,0.15652184188365936,0.03986012190580368
label_mar,site_mask_dro,v5,6103,60.0,0.15450957417488098,0.26213643799638553,0.14894849061965942,0.16007065773010254,0.04112105816602707
label_mar,site_mask_dro,v5,6103,65.0,0.15681910514831543,0.2554360733369217,0.15111041069030762,0.16252779960632324,0.04211614653468132
label_mar,site_mask_dro,v5,6103,70.0,0.15185460448265076,0.25684818750813165,0.146107479929924,0.1576017439365387,0.04106840118765831
label_mar,site_mask_dro,v5,6103,75.0,0.15260256826877594,0.2534339883646633,0.14582040905952454,0.15938472747802734,0.04107384383678436
label_mar,site_mask_dro,v5,6103,80.0,0.1400342732667923,0.2507891454700629,0.13451695442199707,0.14555159211158752,0.037236399948596954
label_mar,site_mask_dro,v5,6103,85.0,0.1405259370803833,0.25324916922399354,0.13434138894081116,0.14671050012111664,0.03786333277821541
label_mar,site_mask_dro,v5,6103,90.0,0.13681311905384064,0.25114765164910147,0.1305837631225586,0.14304247498512268,0.03703277185559273
label_mar,site_mask_dro,v5,6103,95.0,0.13944289088249207,0.25170926104639674,0.1335173100233078,0.14536848664283752,0.03743474930524826
label_mar,site_mask_dro,v5,6103,100.0,0.12773878872394562,0.2472399188410878,0.12248712033033371,0.13299046456813812,0.0340852290391922
label_mar,site_mask_dro_ane,v7,6103,5.0,0.4917439818382263,0.4817691601325161,0.47358980774879456,0.4797680079936981,0.15065070986747742
label_mar,site_mask_dro_ane,v7,6103,10.0,0.3566383123397827,0.402448743049464,0.3416915535926819,0.3516419529914856,0.09971556812524796
label_mar,site_mask_dro_ane,v7,6103,15.0,0.29920464754104614,0.3937575629650949,0.2853383421897888,0.29682037234306335,0.08125310391187668
label_mar,site_mask_dro_ane,v7,6103,20.0,0.2654295563697815,0.37689257282460314,0.2513903081417084,0.26558810472488403,0.06940352916717529
label_mar,site_mask_dro_ane,v7,6103,25.0,0.24103499948978424,0.35766835075277637,0.22802935540676117,0.24164095520973206,0.06199856102466583
label_mar,site_mask_dro_ane,v7,6103,30.0,0.2190995216369629,0.35119630677652747,0.20574338734149933,0.2215571403503418,0.05449271947145462
label_mar,site_mask_dro_ane,v7,6103,35.0,0.2113301008939743,0.3435806996964104,0.1980234533548355,0.21405410766601562,0.052913252264261246
label_mar,site_mask_dro_ane,v7,6103,40.0,0.19425088167190552,0.3312979486639625,0.18177443742752075,0.19692063331604004,0.04903348907828331
label_mar,site_mask_dro_ane,v7,6103,45.0,0.186433807015419,0.32861539086420083,0.17439419031143188,0.18909907341003418,0.04687172546982765
label_mar,site_mask_dro_ane,v7,6103,50.0,0.18061640858650208,0.31367462960359327,0.1692328006029129,0.18296466767787933,0.04517678543925285
label_mar,site_mask_dro_ane,v7,6103,55.0,0.1733373999595642,0.3090919672945109,0.16270706057548523,0.175188347697258,0.04389706626534462
label_mar,site_mask_dro_ane,v7,6103,60.0,0.17699553072452545,0.3125819704598361,0.16569417715072632,0.17927193641662598,0.045124683529138565
label_mar,site_mask_dro_ane,v7,6103,65.0,0.16253051161766052,0.32062641344623066,0.15142200887203217,0.16537342965602875,0.041327882558107376
label_mar,site_mask_dro_ane,v7,6103,70.0,0.16173623502254486,0.317559821799686,0.15151338279247284,0.16369037330150604,0.04134361073374748
label_mar,site_mask_dro_ane,v7,6103,75.0,0.1671604961156845,0.3148152864190864,0.15523186326026917,0.17052464187145233,0.042822469025850296
label_mar,site_mask_dro_ane,v7,6103,80.0,0.16487067937850952,0.30190221489402136,0.1516629010438919,0.1697774976491928,0.04150473698973656
label_mar,site_mask_dro_ane,v7,6103,85.0,0.1580299735069275,0.30051913048236834,0.14744596183300018,0.1604626178741455,0.04075683280825615
label_mar,site_mask_dro_ane,v7,6103,90.0,0.1673808991909027,0.30681708533697116,0.15316346287727356,0.17324499785900116,0.041766829788684845
label_mar,site_mask_dro_ane,v7,6103,95.0,0.1549038290977478,0.30606682273026714,0.14327430725097656,0.15854597091674805,0.039936959743499756
label_mar,site_mask_dro_ane,v7,6103,100.0,0.1554926633834839,0.2974547125294742,0.14467056095600128,0.15821023285388947,0.040522705763578415
conditional_shift,pooled_erm,v0,6101,5.0,0.409245103597641,0.5590370284509796,0.409245103597641,0.409245103597641,0.12553688883781433
conditional_shift,pooled_erm,v0,6101,10.0,0.2566990256309509,0.44926731293566646,0.2566990256309509,0.2566990256309509,0.0679435059428215
conditional_shift,pooled_erm,v0,6101,15.0,0.18080085515975952,0.3951310743279669,0.18080085515975952,0.18080085515975952,0.046695832163095474
conditional_shift,pooled_erm,v0,6101,20.0,0.15330977737903595,0.39092427251013606,0.15330977737903595,0.15330977737903595,0.03802576661109924
conditional_shift,pooled_erm,v0,6101,25.0,0.11991056054830551,0.3702291839144753,0.11991056054830551,0.11991056054830551,0.028289807960391045
conditional_shift,pooled_erm,v0,6101,30.0,0.11665064096450806,0.3374465951461577,0.11665064096450806,0.11665064096450806,0.027840664610266685
conditional_shift,pooled_erm,v0,6101,35.0,0.10843691974878311,0.3226200154560709,0.10843691974878311,0.10843691974878311,0.02641146071255207
conditional_shift,pooled_erm,v0,6101,40.0,0.0964304655790329,0.32279314602196285,0.0964304655790329,0.0964304655790329,0.02188369445502758
conditional_shift,pooled_erm,v0,6101,45.0,0.08668927103281021,0.31028482899030946,0.08668927103281021,0.08668927103281021,0.019882045686244965
conditional_shift,pooled_erm,v0,6101,50.0,0.07307950407266617,0.3126314968269606,0.07307950407266617,0.07307950407266617,0.01624949462711811
conditional_shift,pooled_erm,v0,6101,55.0,0.07020216435194016,0.3310087628479287,0.07020216435194016,0.07020216435194016,0.01484496146440506
conditional_shift,pooled_erm,v0,6101,60.0,0.06767149269580841,0.3325376316867916,0.06767149269580841,0.06767149269580841,0.01474835630506277
conditional_shift,pooled_erm,v0,6101,65.0,0.06722670793533325,0.32684145904147077,0.06722670793533325,0.06722670793533325,0.01562262512743473
conditional_shift,pooled_erm,v0,6101,70.0,0.06214983016252518,0.3287934993647036,0.06214983016252518,0.06214983016252518,0.014830179512500763
conditional_shift,pooled_erm,v0,6101,75.0,0.05331174656748772,0.3287678227903168,0.05331174656748772,0.05331174656748772,0.012174008414149284
conditional_shift,pooled_erm,v0,6101,80.0,0.0487678088247776,0.33220547805953343,0.0487678088247776,0.0487678088247776,0.010241185314953327
conditional_shift,pooled_erm,v0,6101,85.0,0.05961855500936508,0.33854201887355906,0.05961855500936508,0.05961855500936508,0.014032350853085518
conditional_shift,prior_separated,v2,6101,5.0,0.4407607614994049,0.5519723992705182,0.4407607614994049,0.4439789056777954,0.13378505408763885
conditional_shift,prior_separated,v2,6101,10.0,0.2326636016368866,0.48827137747026095,0.2326636016368866,0.23900489509105682,0.05806620791554451
conditional_shift,prior_separated,v2,6101,15.0,0.1668233573436737,0.5388715383518892,0.1668233573436737,0.1689637005329132,0.04174041748046875
conditional_shift,prior_separated,v2,6101,20.0,0.14296816289424896,0.5123421469050579,0.14296816289424896,0.15351784229278564,0.034922510385513306
conditional_shift,prior_separated,v2,6101,25.0,0.1236036866903305,0.48727763143502606,0.1236036866903305,0.13636744022369385,0.02987530827522278
conditional_shift,prior_separated,v2,6101,30.0,0.109927237033844,0.43116674190390303,0.109927237033844,0.11588785797357559,0.027440864592790604
conditional_shift,prior_separated,v2,6101,35.0,0.10064303874969482,0.41555595983819593,0.10064303874969482,0.11462952196598053,0.02474360167980194
conditional_shift,prior_separated,v2,6101,40.0,0.08153243362903595,0.41272182299489907,0.08153243362903595,0.1072777733206749,0.01811889559030533
conditional_shift,prior_separated,v2,6101,45.0,0.08012351393699646,0.40650313269540195,0.08012351393699646,0.09174419939517975,0.01933579333126545
conditional_shift,prior_separated,v2,6101,50.0,0.07079759240150452,0.4100709308902581,0.07079759240150452,0.08215413242578506,0.0174774881452322
conditional_shift,prior_separated,v2,6101,55.0,0.0750928670167923,0.4232117195615771,0.0750928670167923,0.08568365126848221,0.01881435140967369
conditional_shift,prior_separated,v2,6101,60.0,0.07584641128778458,0.42423344299063825,0.07584641128778458,0.09898830950260162,0.01903199404478073
conditional_shift,prior_separated,v2,6101,65.0,0.06155214458703995,0.42424505801157764,0.06155214458703995,0.0712493360042572,0.014150405302643776
conditional_shift,prior_separated,v2,6101,70.0,0.07390043139457703,0.4272015817498659,0.07390043139457703,0.08954746276140213,0.019108857959508896
conditional_shift,prior_separated,v2,6101,75.0,0.060637395828962326,0.4154175545667589,0.060637395828962326,0.07375507056713104,0.014395354315638542
conditional_shift,prior_separated,v2,6101,80.0,0.07896493375301361,0.4149515838691077,0.07896493375301361,0.11161666363477707,0.02060171402990818
conditional_shift,prior_separated,v2,6101,85.0,0.052685223519802094,0.4352092155017969,0.052685223519802094,0.07033032923936844,0.01298354472965002
conditional_shift,structured_policy_bank,v4,6101,5.0,0.4636668562889099,0.44526017450543376,0.4636668562889099,0.5298827290534973,0.14454874396324158
conditional_shift,structured_policy_bank,v4,6101,10.0,0.2796747088432312,0.3181209610151919,0.2796747088432312,0.40157026052474976,0.07549860328435898
conditional_shift,structured_policy_bank,v4,6101,15.0,0.22102361917495728,0.2894810506048903,0.22102361917495728,0.32958364486694336,0.059572696685791016
conditional_shift,structured_policy_bank,v4,6101,20.0,0.19357876479625702,0.28435501999174273,0.19357876479625702,0.339687705039978,0.052036844193935394
conditional_shift,structured_policy_bank,v4,6101,25.0,0.18135704100131989,0.2919690800895183,0.18135704100131989,0.3177758753299713,0.04908514767885208
conditional_shift,structured_policy_bank,v4,6101,30.0,0.1789236068725586,0.2829487875724761,0.1789236068725586,0.3314172327518463,0.048713136464357376
conditional_shift,structured_policy_bank,v4,6101,35.0,0.16735993325710297,0.26655368420675085,0.16735993325710297,0.33050698041915894,0.04532385617494583
conditional_shift,structured_policy_bank,v4,6101,40.0,0.15745475888252258,0.25667010150880576,0.15745475888252258,0.31446221470832825,0.04254159703850746
conditional_shift,structured_policy_bank,v4,6101,45.0,0.168074831366539,0.25517917956899444,0.168074831366539,0.3479146957397461,0.046950940042734146
conditional_shift,structured_policy_bank,v4,6101,50.0,0.1549902707338333,0.25668661892250283,0.1549902707338333,0.3021436333656311,0.0420999675989151
conditional_shift,structured_policy_bank,v4,6101,55.0,0.15901388227939606,0.2595126107669886,0.15901388227939606,0.2954596281051636,0.044164206832647324
conditional_shift,structured_policy_bank,v4,6101,60.0,0.1539982259273529,0.26239757549569886,0.1539982259273529,0.3243970274925232,0.04255571588873863
conditional_shift,structured_policy_bank,v4,6101,65.0,0.14152179658412933,0.26314871799956135,0.14152179658412933,0.32221174240112305,0.03914676979184151
conditional_shift,structured_policy_bank,v4,6101,70.0,0.1456499993801117,0.2663577125181153,0.1456499993801117,0.28257209062576294,0.04021207615733147
conditional_shift,structured_policy_bank,v4,6101,75.0,0.1322822868824005,0.2647571248976176,0.1322822868824005,0.25989559292793274,0.03683912754058838
conditional_shift,structured_policy_bank,v4,6101,80.0,0.13906706869602203,0.26117767411484477,0.13906706869602203,0.2658221125602722,0.039111699908971786
conditional_shift,structured_policy_bank,v4,6101,85.0,0.13595034182071686,0.2616581782325182,0.13595034182071686,0.2778624892234802,0.038535136729478836
conditional_shift,site_only_dro,v5_site,6101,5.0,0.5137397050857544,0.4841509723982819,0.5137366652488708,0.5137427449226379,0.16531069576740265
conditional_shift,site_only_dro,v5_site,6101,10.0,0.32239270210266113,0.3538683750447346,0.3223839998245239,0.3224014341831207,0.09071426838636398
conditional_shift,site_only_dro,v5_site,6101,15.0,0.24390533566474915,0.3154465635056449,0.2439013123512268,0.24390935897827148,0.06752961128950119
conditional_shift,site_only_dro,v5_site,6101,20.0,0.2019176185131073,0.2974849216973864,0.20186735689640045,0.20196786522865295,0.0546402633190155
conditional_shift,site_only_dro,v5_site,6101,25.0,0.1944960653781891,0.3031334393261341,0.19449342787265778,0.1944986879825592,0.05345696955919266
conditional_shift,site_only_dro,v5_site,6101,30.0,0.1712501347064972,0.3073147328611088,0.1710265427827835,0.17147374153137207,0.04595138132572174
conditional_shift,site_only_dro,v5_site,6101,35.0,0.1695229709148407,0.29651743293472155,0.16919440031051636,0.16985154151916504,0.04601510614156723
conditional_shift,site_only_dro,v5_site,6101,40.0,0.16971167922019958,0.2900246144439667,0.16971057653427124,0.16971278190612793,0.04655997082591057
conditional_shift,site_only_dro,v5_site,6101,45.0,0.1657601296901703,0.2836138610727567,0.16573983430862427,0.1657804250717163,0.04573731869459152
conditional_shift,site_only_dro,v5_site,6101,50.0,0.16027602553367615,0.2810676537511452,0.16025139391422272,0.16030064225196838,0.0438493974506855
conditional_shift,site_only_dro,v5_site,6101,55.0,0.14731311798095703,0.2830036725757422,0.1470792591571808,0.14754696190357208,0.04006587713956833
conditional_shift,site_only_dro,v5_site,6101,60.0,0.1521548181772232,0.279090708957933,0.15196922421455383,0.15234041213989258,0.04188958555459976
conditional_shift,site_only_dro,v5_site,6101,65.0,0.13777831196784973,0.2738937277331949,0.1376485377550125,0.13790808618068695,0.03759932890534401
conditional_shift,site_only_dro,v5_site,6101,70.0,0.14244797825813293,0.27099978827939764,0.14192962646484375,0.14296631515026093,0.039799418300390244
conditional_shift,site_only_dro,v5_site,6101,75.0,0.14811697602272034,0.270986046421277,0.14807568490505219,0.1481582671403885,0.041791778057813644
conditional_shift,site_only_dro,v5_site,6101,80.0,0.13952328264713287,0.27229213546347114,0.13946615159511566,0.13958041369915009,0.03848111629486084
conditional_shift,site_only_dro,v5_site,6101,85.0,0.13115061819553375,0.27140456539815044,0.13077028095722198,0.13153095543384552,0.036152441054582596
conditional_shift,site_only_dro,v5_site,6101,90.0,0.1327015459537506,0.2698211008096747,0.13214750587940216,0.13325558602809906,0.036831796169281006
conditional_shift,site_only_dro,v5_site,6101,95.0,0.13279414176940918,0.26750626165786207,0.13250666856765747,0.13308162987232208,0.037341851741075516
conditional_shift,site_only_dro,v5_site,6101,100.0,0.12818112969398499,0.26873005169389685,0.12800627946853638,0.1283559799194336,0.03601152077317238
conditional_shift,mask_only_dro,v5_mask,6101,5.0,0.5542956590652466,0.5236459782964551,0.5533176064491272,0.5552736520767212,0.18421585857868195
conditional_shift,mask_only_dro,v5_mask,6101,10.0,0.39272135496139526,0.4246499892278125,0.3882717192173004,0.3971710205078125,0.11591066420078278
conditional_shift,mask_only_dro,v5_mask,6101,15.0,0.3146743178367615,0.38695158296988263,0.3088412880897522,0.32050734758377075,0.0887088030576706
conditional_shift,mask_only_dro,v5_mask,6101,20.0,0.2575400471687317,0.3504412481782081,0.2529236674308777,0.2621563971042633,0.06952708214521408
conditional_shift,mask_only_dro,v5_mask,6101,25.0,0.22273623943328857,0.31344274251869503,0.21874020993709564,0.2267322540283203,0.05884014442563057
conditional_shift,mask_only_dro,v5_mask,6101,30.0,0.21391795575618744,0.3027948877922184,0.20834876596927643,0.21948714554309845,0.05680583044886589
conditional_shift,mask_only_dro,v5_mask,6101,35.0,0.20341256260871887,0.29972371083236393,0.19681912660598755,0.2100059986114502,0.05369064584374428
conditional_shift,mask_only_dro,v5_mask,6101,40.0,0.176357239484787,0.2944494177612933,0.17124874889850616,0.1814657300710678,0.04535655304789543
conditional_shift,mask_only_dro,v5_mask,6101,45.0,0.16951188445091248,0.28727806557324237,0.1653791218996048,0.17364464700222015,0.0438898466527462
conditional_shift,mask_only_dro,v5_mask,6101,50.0,0.16420696675777435,0.2881114611596466,0.15813161432743073,0.17028231918811798,0.042097315192222595
conditional_shift,mask_only_dro,v5_mask,6101,55.0,0.16114583611488342,0.29353920568672276,0.15613357722759247,0.16615810990333557,0.041341278702020645
conditional_shift,mask_only_dro,v5_mask,6101,60.0,0.16035377979278564,0.29180293417140035,0.15564969182014465,0.16505785286426544,0.04130776226520538
conditional_shift,mask_only_dro,v5_mask,6101,65.0,0.1528957188129425,0.28844768940612786,0.1476501077413559,0.1581413298845291,0.03975296765565872
conditional_shift,mask_only_dro,v5_mask,6101,70.0,0.14831960201263428,0.2847845483488233,0.14350642263889313,0.15313278138637543,0.0389450266957283
conditional_shift,mask_only_dro,v5_mask,6101,75.0,0.14490735530853271,0.2844473895496982,0.14016571640968323,0.1496490091085434,0.03790506348013878
conditional_shift,mask_only_dro,v5_mask,6101,80.0,0.1475812792778015,0.28559042900379505,0.1422777771949768,0.15288476645946503,0.038897283375263214
conditional_shift,mask_only_dro,v5_mask,6101,85.0,0.14427587389945984,0.2842163692755797,0.14006683230400085,0.14848490059375763,0.03918031230568886
conditional_shift,mask_only_dro,v5_mask,6101,90.0,0.13678787648677826,0.28237765257858,0.13288913667201996,0.14068661630153656,0.03686944767832756
conditional_shift,mask_only_dro,v5_mask,6101,95.0,0.14671748876571655,0.28763644347048195,0.14131422340869904,0.15212073922157288,0.03926022723317146
conditional_shift,mask_only_dro,v5_mask,6101,100.0,0.14013060927391052,0.2785191191046955,0.13572700321674347,0.14453421533107758,0.037762418389320374
conditional_shift,site_mask_dro,v5,6101,5.0,0.5037381649017334,0.4584249866815663,0.502293586730957,0.5051827430725098,0.16238076984882355
conditional_shift,site_mask_dro,v5,6101,10.0,0.3081851005554199,0.3218994629306342,0.30517736077308655,0.3111928105354309,0.0825674831867218
conditional_shift,site_mask_dro,v5,6101,15.0,0.23333251476287842,0.2911802057694761,0.23070436716079712,0.2359606772661209,0.06025593727827072
conditional_shift,site_mask_dro,v5,6101,20.0,0.1958099752664566,0.2890936818663048,0.19210560619831085,0.19951434433460236,0.050172798335552216
conditional_shift,site_mask_dro,v5,6101,25.0,0.1816711723804474,0.2841730388812094,0.1761200726032257,0.18722228705883026,0.04586723819375038
conditional_shift,site_mask_dro,v5,6101,30.0,0.18667541444301605,0.2789291976956113,0.17947809398174286,0.19387273490428925,0.04828261956572533
conditional_shift,site_mask_dro,v5,6101,35.0,0.16403523087501526,0.28310710330869265,0.1594228297472,0.1686476320028305,0.04209436848759651
conditional_shift,site_mask_dro,v5,6101,40.0,0.17031081020832062,0.27546660662675443,0.16486544907093048,0.17575617134571075,0.044480256736278534
conditional_shift,site_mask_dro,v5,6101,45.0,0.16185307502746582,0.2674623682490591,0.15536941587924957,0.16833673417568207,0.041483957320451736
conditional_shift,site_mask_dro,v5,6101,50.0,0.15427266061306,0.26455718862111166,0.14968301355838776,0.15886230766773224,0.04049040377140045
conditional_shift,site_mask_dro,v5,6101,55.0,0.16037487983703613,0.2654845363519858,0.1531614363193512,0.16758833825588226,0.04194270074367523
conditional_shift,site_mask_dro,v5,6101,60.0,0.15219852328300476,0.26175037330989304,0.14807264506816864,0.1563243865966797,0.04050533100962639
conditional_shift,site_mask_dro,v5,6101,65.0,0.14919742941856384,0.25933398700797267,0.1444925218820572,0.1539023369550705,0.039498694241046906
conditional_shift,site_mask_dro,v5,6101,70.0,0.13632020354270935,0.2623653420194986,0.1327964812517166,0.13984394073486328,0.035686127841472626
conditional_shift,site_mask_dro,v5,6101,75.0,0.13974571228027344,0.2607622018221125,0.13605107367038727,0.1434403508901596,0.03779337927699089
conditional_shift,site_mask_dro,v5,6101,80.0,0.1430949866771698,0.255189331288703,0.13714595139026642,0.14904403686523438,0.037572748959064484
conditional_shift,site_mask_dro,v5,6101,85.0,0.14219625294208527,0.2558226026849902,0.13756509125232697,0.14682741463184357,0.03858378529548645
conditional_shift,site_mask_dro,v5,6101,90.0,0.14206111431121826,0.25428256048270037,0.13724829256534576,0.14687395095825195,0.03857811540365219
conditional_shift,site_mask_dro,v5,6101,95.0,0.13798099756240845,0.25805807976124373,0.13317085802555084,0.14279113709926605,0.03693801537156105
conditional_shift,site_mask_dro,v5,6101,100.0,0.14263024926185608,0.2578619319748605,0.13585586845874786,0.1494046300649643,0.03823156654834747
conditional_shift,site_mask_dro_ane,v7,6101,5.0,0.5486332774162292,0.5140956252591329,0.5302608609199524,0.5323106050491333,0.1734752655029297
conditional_shift,site_mask_dro_ane,v7,6101,10.0,0.3896583020687103,0.4113563377478475,0.37549832463264465,0.3811790645122528,0.11319600045681
conditional_shift,site_mask_dro_ane,v7,6101,15.0,0.3181508183479309,0.3649129926748158,0.3028992712497711,0.3160545527935028,0.08673916012048721
conditional_shift,site_mask_dro_ane,v7,6101,20.0,0.2799423635005951,0.34101201936662123,0.26687875390052795,0.2780519425868988,0.07477005571126938
conditional_shift,site_mask_dro_ane,v7,6101,25.0,0.2530878484249115,0.3376174875945807,0.2409810572862625,0.251833438873291,0.06680597364902496
conditional_shift,site_mask_dro_ane,v7,6101,30.0,0.23861168324947357,0.33387886346679474,0.22358015179634094,0.24134741723537445,0.06147901341319084
conditional_shift,site_mask_dro_ane,v7,6101,35.0,0.21149151027202606,0.32707022912905737,0.20030048489570618,0.21171747148036957,0.05482533946633339
conditional_shift,site_mask_dro_ane,v7,6101,40.0,0.1996670812368393,0.32791225354765396,0.1885908991098404,0.20042943954467773,0.051569171249866486
conditional_shift,site_mask_dro_ane,v7,6101,45.0,0.1903742104768753,0.32280075376212525,0.17886687815189362,0.19211064279079437,0.04885443300008774
conditional_shift,site_mask_dro_ane,v7,6101,50.0,0.17821960151195526,0.31516487542536353,0.16881375014781952,0.1784595549106598,0.04582958295941353
conditional_shift,site_mask_dro_ane,v7,6101,55.0,0.17116132378578186,0.30590199448934996,0.16112644970417023,0.17237234115600586,0.04411936178803444
conditional_shift,site_mask_dro_ane,v7,6101,60.0,0.17242076992988586,0.304204397417306,0.16148069500923157,0.17448578774929047,0.04437536746263504
conditional_shift,site_mask_dro_ane,v7,6101,65.0,0.16719229519367218,0.3009667791174918,0.15596945583820343,0.16975875198841095,0.04328189045190811
conditional_shift,site_mask_dro_ane,v7,6101,70.0,0.16037100553512573,0.2952241183901933,0.14987356960773468,0.16262273490428925,0.0412285253405571
conditional_shift,site_mask_dro_ane,v7,6101,75.0,0.15682445466518402,0.292143437900203,0.14820469915866852,0.1571943312883377,0.04124942794442177
conditional_shift,site_mask_dro_ane,v7,6101,80.0,0.1590566635131836,0.2952792227705938,0.14827173948287964,0.16141843795776367,0.04211573675274849
conditional_shift,site_mask_dro_ane,v7,6101,85.0,0.15559022128582,0.29021345112945324,0.14504262804985046,0.15781107544898987,0.041633691638708115
conditional_shift,site_mask_dro_ane,v7,6101,90.0,0.15029814839363098,0.29186327878069435,0.1412515938282013,0.15137310326099396,0.0398578979074955
conditional_shift,site_mask_dro_ane,v7,6101,95.0,0.15695050358772278,0.2897018682831368,0.1458258181810379,0.15979981422424316,0.041376933455467224
conditional_shift,site_mask_dro_ane,v7,6101,100.0,0.14795731008052826,0.28811666612051057,0.1393427550792694,0.14853225648403168,0.040198151022195816
conditional_shift,pooled_erm,v0,6102,5.0,0.3983227610588074,0.5475846219510684,0.3983227610588074,0.3983227610588074,0.11976422369480133
conditional_shift,pooled_erm,v0,6102,10.0,0.2378614991903305,0.39035374259880695,0.2378614991903305,0.2378614991903305,0.05831862613558769
conditional_shift,pooled_erm,v0,6102,15.0,0.16559761762619019,0.35976799368423795,0.16559761762619019,0.16559761762619019,0.03704318404197693
conditional_shift,pooled_erm,v0,6102,20.0,0.13566437363624573,0.37988239435779136,0.13566437363624573,0.13566437363624573,0.02929530292749405
conditional_shift,pooled_erm,v0,6102,25.0,0.1304183453321457,0.3558335864766987,0.1304183453321457,0.1304183453321457,0.0301183070987463
conditional_shift,pooled_erm,v0,6102,30.0,0.1153528168797493,0.3534297482050976,0.1153528168797493,0.1153528168797493,0.025978591293096542
conditional_shift,pooled_erm,v0,6102,35.0,0.10572491586208344,0.35086059921200025,0.10572491586208344,0.10572491586208344,0.02393437922000885
conditional_shift,pooled_erm,v0,6102,40.0,0.0985918790102005,0.35862318108979785,0.0985918790102005,0.0985918790102005,0.02307318150997162
conditional_shift,pooled_erm,v0,6102,45.0,0.0879795104265213,0.3650229746177912,0.0879795104265213,0.0879795104265213,0.019726667553186417
conditional_shift,pooled_erm,v0,6102,50.0,0.08887193351984024,0.37220345433355634,0.08887193351984024,0.08887193351984024,0.02091399021446705
conditional_shift,pooled_erm,v0,6102,55.0,0.08707538992166519,0.3609298198421599,0.08707538992166519,0.08707538992166519,0.020382899791002274
conditional_shift,pooled_erm,v0,6102,60.0,0.0692959651350975,0.36645363116372454,0.0692959651350975,0.0692959651350975,0.014793161302804947
conditional_shift,pooled_erm,v0,6102,65.0,0.07883168011903763,0.3613631349683749,0.07883168011903763,0.07883168011903763,0.019129766151309013
conditional_shift,pooled_erm,v0,6102,70.0,0.0815739780664444,0.36342940291597636,0.0815739780664444,0.0815739780664444,0.020025689154863358
conditional_shift,pooled_erm,v0,6102,75.0,0.07315744459629059,0.36362304163385706,0.07315744459629059,0.07315744459629059,0.017805036157369614
conditional_shift,prior_separated,v2,6102,5.0,0.5004904270172119,0.5018733214007527,0.5004904270172119,0.5061843395233154,0.15900270640850067
conditional_shift,prior_separated,v2,6102,10.0,0.26661252975463867,0.3933204886947499,0.26661252975463867,0.27356866002082825,0.06642280519008636
conditional_shift,prior_separated,v2,6102,15.0,0.17669445276260376,0.33738887667915995,0.17669445276260376,0.18942713737487793,0.0412813276052475
conditional_shift,prior_separated,v2,6102,20.0,0.14063771069049835,0.32875730274798753,0.14063771069049835,0.15643757581710815,0.032185982912778854
conditional_shift,prior_separated,v2,6102,25.0,0.13120391964912415,0.3280955427632552,0.13120391964912415,0.14225497841835022,0.03213149309158325
conditional_shift,prior_separated,v2,6102,30.0,0.10238373279571533,0.33154403530970117,0.10238373279571533,0.11026957631111145,0.02380485273897648
conditional_shift,prior_separated,v2,6102,35.0,0.09273694455623627,0.3413695222175815,0.09273694455623627,0.10454461723566055,0.02057512104511261
conditional_shift,prior_separated,v2,6102,40.0,0.0845102071762085,0.3448879905082081,0.0845102071762085,0.09402577579021454,0.019283093512058258
conditional_shift,prior_separated,v2,6102,45.0,0.08550989627838135,0.35678813908984813,0.08550989627838135,0.09344987571239471,0.020077254623174667
conditional_shift,prior_separated,v2,6102,50.0,0.08833692967891693,0.3627792739573569,0.08833692967891693,0.09520906209945679,0.022374287247657776
conditional_shift,prior_separated,v2,6102,55.0,0.08929966390132904,0.3862850232700987,0.08929966390132904,0.10010460019111633,0.02095329388976097
conditional_shift,prior_separated,v2,6102,60.0,0.07486177980899811,0.3894722523327754,0.07486177980899811,0.08052056282758713,0.016923807561397552
conditional_shift,prior_separated,v2,6102,65.0,0.07466186583042145,0.3893473417049556,0.07466186583042145,0.08294294774532318,0.01715931110084057
conditional_shift,structured_policy_bank,v4,6102,5.0,0.37696579098701477,0.4070420095308551,0.37696579098701477,0.4904474914073944,0.11001023650169373
conditional_shift,structured_policy_bank,v4,6102,10.0,0.24564500153064728,0.3378623624833559,0.24564500153064728,0.37843745946884155,0.06621439009904861
conditional_shift,structured_policy_bank,v4,6102,15.0,0.2064409852027893,0.336191488531151,0.2064409852027893,0.32970374822616577,0.05575479939579964
conditional_shift,structured_policy_bank,v4,6102,20.0,0.19401195645332336,0.33730015135583824,0.19401195645332336,0.3718099594116211,0.052717242389917374
conditional_shift,structured_policy_bank,v4,6102,25.0,0.18552547693252563,0.3238435787188396,0.18552547693252563,0.3703506290912628,0.050663918256759644
conditional_shift,structured_policy_bank,v4,6102,30.0,0.17457349598407745,0.3186747384542245,0.17457349598407745,0.2905450463294983,0.0470733717083931
conditional_shift,structured_policy_bank,v4,6102,35.0,0.17507727444171906,0.31860646871593534,0.17507727444171906,0.3388896882534027,0.04786059632897377
conditional_shift,structured_policy_bank,v4,6102,40.0,0.15934140980243683,0.31499549366366075,0.15934140980243683,0.2857426702976227,0.04349597543478012
conditional_shift,structured_policy_bank,v4,6102,45.0,0.15972715616226196,0.3182424828509234,0.15972715616226196,0.3050878047943115,0.04367637634277344
conditional_shift,structured_policy_bank,v4,6102,50.0,0.1544279307126999,0.30839841066131474,0.1544279307126999,0.28951117396354675,0.04193154349923134
conditional_shift,structured_policy_bank,v4,6102,55.0,0.1474776268005371,0.3049334421744425,0.1474776268005371,0.2936497628688812,0.0407276414334774
conditional_shift,structured_policy_bank,v4,6102,60.0,0.14749686419963837,0.3009661531439106,0.14749686419963837,0.28116363286972046,0.040670037269592285
conditional_shift,structured_policy_bank,v4,6102,65.0,0.14837153255939484,0.30317617337777947,0.14837153255939484,0.2981225252151489,0.04156429320573807
conditional_shift,structured_policy_bank,v4,6102,70.0,0.14023418724536896,0.29910315566093926,0.14023418724536896,0.3024600148200989,0.03877473622560501
conditional_shift,structured_policy_bank,v4,6102,75.0,0.14419129490852356,0.29317034130022596,0.14419129490852356,0.29798319935798645,0.040070224553346634
conditional_shift,structured_policy_bank,v4,6102,80.0,0.14027255773544312,0.29451924564383897,0.14027255773544312,0.26836448907852173,0.03907012939453125
conditional_shift,structured_policy_bank,v4,6102,85.0,0.13995283842086792,0.29717934160859627,0.13995283842086792,0.268425315618515,0.03916025906801224
conditional_shift,structured_policy_bank,v4,6102,90.0,0.13428299129009247,0.2921676831723665,0.13428299129009247,0.2521010637283325,0.03820626065135002
conditional_shift,structured_policy_bank,v4,6102,95.0,0.13517975807189941,0.2903032738251269,0.13517975807189941,0.26114001870155334,0.03832606226205826
conditional_shift,structured_policy_bank,v4,6102,100.0,0.13277114927768707,0.29008116499180603,0.13277114927768707,0.30157339572906494,0.037863295525312424
conditional_shift,site_only_dro,v5_site,6102,5.0,0.5282896757125854,0.5045622958798053,0.5282419919967651,0.528337299823761,0.17139768600463867
conditional_shift,site_only_dro,v5_site,6102,10.0,0.3508346676826477,0.3858657813635616,0.35082733631134033,0.3508419990539551,0.09988348931074142
conditional_shift,site_only_dro,v5_site,6102,15.0,0.2701273262500763,0.33128582404585594,0.2701272964477539,0.2701273560523987,0.0732770636677742
conditional_shift,site_only_dro,v5_site,6102,20.0,0.2211419939994812,0.3053475796941628,0.22101347148418427,0.22127051651477814,0.05776270851492882
conditional_shift,site_only_dro,v5_site,6102,25.0,0.20733307301998138,0.30318664252195193,0.20723873376846313,0.20742741227149963,0.054973650723695755
conditional_shift,site_only_dro,v5_site,6102,30.0,0.1903059035539627,0.2965676323854967,0.19028420746326447,0.19032759964466095,0.049816157668828964
conditional_shift,site_only_dro,v5_site,6102,35.0,0.182167649269104,0.2945126908861964,0.18213282525539398,0.18220248818397522,0.047844137996435165
conditional_shift,site_only_dro,v5_site,6102,40.0,0.183112233877182,0.2889156110095789,0.18307563662528992,0.1831488162279129,0.04883714020252228
conditional_shift,site_only_dro,v5_site,6102,45.0,0.17236050963401794,0.2869299867917969,0.1722753942012787,0.1724456399679184,0.04600284993648529
conditional_shift,site_only_dro,v5_site,6102,50.0,0.16205167770385742,0.28050188284799116,0.1619945764541626,0.16210876405239105,0.043348122388124466
conditional_shift,site_only_dro,v5_site,6102,55.0,0.16825172305107117,0.2833814850580853,0.16800859570503235,0.16849486529827118,0.04576186463236809
conditional_shift,site_only_dro,v5_site,6102,60.0,0.15956604480743408,0.2822283234909492,0.15918482840061188,0.1599472612142563,0.04278862476348877
conditional_shift,site_only_dro,v5_site,6102,65.0,0.1614677459001541,0.28178355377059217,0.1613461971282959,0.16158929467201233,0.044199731200933456
conditional_shift,site_only_dro,v5_site,6102,70.0,0.16223371028900146,0.28305569672090936,0.1622014045715332,0.16226601600646973,0.04469360411167145
conditional_shift,site_only_dro,v5_site,6102,75.0,0.1501648724079132,0.2771767062531938,0.1500973254442215,0.15023241937160492,0.04095330089330673
conditional_shift,site_only_dro,v5_site,6102,80.0,0.15159261226654053,0.27772589408218956,0.15155662596225739,0.15162859857082367,0.04221141338348389
conditional_shift,site_only_dro,v5_site,6102,85.0,0.14136409759521484,0.27688110060561416,0.1412620097398758,0.1414661854505539,0.03895558789372444
conditional_shift,site_only_dro,v5_site,6102,90.0,0.15121150016784668,0.2803621766717416,0.1511700600385666,0.15125294029712677,0.042058736085891724
conditional_shift,site_only_dro,v5_site,6102,95.0,0.14671729505062103,0.276649188077581,0.14655229449272156,0.1468822956085205,0.04112895205616951
conditional_shift,site_only_dro,v5_site,6102,100.0,0.14903336763381958,0.2757967123185102,0.14886334538459778,0.1492033749818802,0.04207085818052292
conditional_shift,mask_only_dro,v5_mask,6102,5.0,0.4765920639038086,0.4582412909371444,0.47458183765411377,0.4786023199558258,0.14736610651016235
conditional_shift,mask_only_dro,v5_mask,6102,10.0,0.29968827962875366,0.3533542883998537,0.2956119775772095,0.30376455187797546,0.08048444986343384
conditional_shift,mask_only_dro,v5_mask,6102,15.0,0.23776856064796448,0.32181369707835333,0.2327880859375,0.24274902045726776,0.06214749813079834
conditional_shift,mask_only_dro,v5_mask,6102,20.0,0.21739107370376587,0.3224336542445626,0.21269112825393677,0.22209100425243378,0.057154882699251175
conditional_shift,mask_only_dro,v5_mask,6102,25.0,0.20112118124961853,0.3132982203300293,0.19590775668621063,0.20633459091186523,0.05285179615020752
conditional_shift,mask_only_dro,v5_mask,6102,30.0,0.19212603569030762,0.30914043558259785,0.18680761754512787,0.19744443893432617,0.05019010603427887
conditional_shift,mask_only_dro,v5_mask,6102,35.0,0.1816750317811966,0.30247321469029437,0.17681165039539337,0.18653841316699982,0.04726700112223625
conditional_shift,mask_only_dro,v5_mask,6102,40.0,0.17721472680568695,0.29414416906681634,0.17208200693130493,0.18234744668006897,0.04662264138460159
conditional_shift,mask_only_dro,v5_mask,6102,45.0,0.16567647457122803,0.28962723301009635,0.16192153096199036,0.1694314032793045,0.04391901195049286
conditional_shift,mask_only_dro,v5_mask,6102,50.0,0.1604633629322052,0.2909006509384922,0.156527578830719,0.1643991470336914,0.04273124039173126
conditional_shift,mask_only_dro,v5_mask,6102,55.0,0.16317783296108246,0.2954426105679111,0.15850278735160828,0.16785287857055664,0.04339440166950226
conditional_shift,mask_only_dro,v5_mask,6102,60.0,0.1614592969417572,0.2927854263190251,0.1568693220615387,0.1660492867231369,0.04329691827297211
conditional_shift,mask_only_dro,v5_mask,6102,65.0,0.1607012152671814,0.29036589671656027,0.15640759468078613,0.16499482095241547,0.04364193603396416
conditional_shift,mask_only_dro,v5_mask,6102,70.0,0.15657705068588257,0.28687981084112685,0.15116411447525024,0.1619899719953537,0.04189998656511307
conditional_shift,mask_only_dro,v5_mask,6102,75.0,0.14962972700595856,0.2878742788680846,0.1456083059310913,0.1536511480808258,0.04069158062338829
conditional_shift,mask_only_dro,v5_mask,6102,80.0,0.15341857075691223,0.28963899716532093,0.14659889042377472,0.16023826599121094,0.04083041846752167
conditional_shift,mask_only_dro,v5_mask,6102,85.0,0.14854231476783752,0.2874183033372938,0.14337284862995148,0.15371179580688477,0.04028556868433952
conditional_shift,mask_only_dro,v5_mask,6102,90.0,0.15060129761695862,0.28373329626745797,0.1457597017288208,0.15544290840625763,0.04119734838604927
conditional_shift,mask_only_dro,v5_mask,6102,95.0,0.15194079279899597,0.28552927141452983,0.14617274701595306,0.15770883858203888,0.040817905217409134
conditional_shift,mask_only_dro,v5_mask,6102,100.0,0.14139427244663239,0.28659311519659525,0.13624799251556396,0.1465405523777008,0.03840455412864685
conditional_shift,site_mask_dro,v5,6102,5.0,0.502689003944397,0.4809758875489364,0.5001753568649292,0.50520259141922,0.15918920934200287
conditional_shift,site_mask_dro,v5,6102,10.0,0.3181021809577942,0.3481965139278067,0.3138713240623474,0.32233306765556335,0.08767221122980118
conditional_shift,site_mask_dro,v5,6102,15.0,0.24289841949939728,0.32090254053617784,0.23777495324611664,0.24802188575267792,0.06511636823415756
conditional_shift,site_mask_dro,v5,6102,20.0,0.21961015462875366,0.31457384908085156,0.2132755070924759,0.22594480216503143,0.05902973935008049
conditional_shift,site_mask_dro,v5,6102,25.0,0.19701454043388367,0.30755962019436806,0.1908835619688034,0.20314550399780273,0.05223798006772995
conditional_shift,site_mask_dro,v5,6102,30.0,0.1936778426170349,0.2921693696552129,0.18798419833183289,0.19937148690223694,0.051508594304323196
conditional_shift,site_mask_dro,v5,6102,35.0,0.18406733870506287,0.2825578376291622,0.1778903305530548,0.19024434685707092,0.048845741897821426
conditional_shift,site_mask_dro,v5,6102,40.0,0.17936083674430847,0.27664000062984817,0.17282088100910187,0.18590079247951508,0.047701749950647354
conditional_shift,site_mask_dro,v5,6102,45.0,0.17530855536460876,0.2742768621429251,0.16907651722431183,0.1815405935049057,0.04667508602142334
conditional_shift,site_mask_dro,v5,6102,50.0,0.16964776813983917,0.27668403409744735,0.163643941283226,0.17565159499645233,0.0448390357196331
conditional_shift,site_mask_dro,v5,6102,55.0,0.1645040065050125,0.27159331305762857,0.15809202194213867,0.17091599106788635,0.04345177114009857
conditional_shift,site_mask_dro,v5,6102,60.0,0.15776965022087097,0.2646531438637284,0.15316331386566162,0.16237597167491913,0.042551107704639435
conditional_shift,site_mask_dro,v5,6102,65.0,0.15832987427711487,0.2638380833313644,0.15335290133953094,0.16330686211585999,0.04233093187212944
conditional_shift,site_mask_dro,v5,6102,70.0,0.15505501627922058,0.26540724056722964,0.1495259404182434,0.16058407723903656,0.04123428091406822
conditional_shift,site_mask_dro,v5,6102,75.0,0.15333302319049835,0.2647720331651053,0.1471991091966629,0.1594669371843338,0.041339389979839325
conditional_shift,site_mask_dro,v5,6102,80.0,0.14518555998802185,0.26451168367748773,0.14121529459953308,0.14915581047534943,0.039237819612026215
conditional_shift,site_mask_dro,v5,6102,85.0,0.1481274664402008,0.26431165147116986,0.14279013872146606,0.15346479415893555,0.040409691631793976
conditional_shift,site_mask_dro,v5,6102,90.0,0.14451318979263306,0.26168229434630597,0.13992811739444733,0.1490982621908188,0.03942190855741501
conditional_shift,site_mask_dro,v5,6102,95.0,0.15557584166526794,0.26085053506631983,0.14943940937519073,0.16171227395534515,0.04296558350324631
conditional_shift,site_mask_dro,v5,6102,100.0,0.14382794499397278,0.2617275619927481,0.1379626840353012,0.14969320595264435,0.039302580058574677
conditional_shift,site_mask_dro_ane,v7,6102,5.0,0.4924165904521942,0.4627097390142283,0.4739886522293091,0.4807966351509094,0.15023954212665558
conditional_shift,site_mask_dro_ane,v7,6102,10.0,0.3347492218017578,0.3752308493483639,0.3188851773738861,0.3321657180786133,0.09223749488592148
conditional_shift,site_mask_dro_ane,v7,6102,15.0,0.2729965150356293,0.3409037425111039,0.2584058344364166,0.27302104234695435,0.07283053547143936
conditional_shift,site_mask_dro_ane,v7,6102,20.0,0.24441321194171906,0.3376874555946527,0.23122480511665344,0.2448362410068512,0.06382693350315094
conditional_shift,site_mask_dro_ane,v7,6102,25.0,0.22428619861602783,0.3332454114112861,0.2124771624803543,0.22447577118873596,0.05809721723198891
conditional_shift,site_mask_dro_ane,v7,6102,30.0,0.2121497541666031,0.3220654779916106,0.20103038847446442,0.21202583611011505,0.05621645227074623
conditional_shift,site_mask_dro_ane,v7,6102,35.0,0.20588135719299316,0.313909032753815,0.19332082569599152,0.2077651023864746,0.0533839575946331
conditional_shift,site_mask_dro_ane,v7,6102,40.0,0.19008700549602509,0.3112895024834544,0.17877216637134552,0.191470667719841,0.04965589568018913
conditional_shift,site_mask_dro_ane,v7,6102,45.0,0.1897672712802887,0.2972863944548913,0.17791974544525146,0.1916189193725586,0.04997939243912697
conditional_shift,site_mask_dro_ane,v7,6102,50.0,0.17566843330860138,0.29561022245704816,0.1654859483242035,0.17659388482570648,0.046285223215818405
conditional_shift,site_mask_dro_ane,v7,6102,55.0,0.17188110947608948,0.2961779471863287,0.1610393077135086,0.17356662452220917,0.045781459659338
conditional_shift,site_mask_dro_ane,v7,6102,60.0,0.17690959572792053,0.28859269734765264,0.1663205921649933,0.17806759476661682,0.04715508967638016
conditional_shift,site_mask_dro_ane,v7,6102,65.0,0.16899800300598145,0.2874635729087436,0.15851116180419922,0.17047996819019318,0.04502439126372337
conditional_shift,site_mask_dro_ane,v7,6102,70.0,0.16634710133075714,0.29081914661238784,0.15671521425247192,0.16707144677639008,0.04453757032752037
conditional_shift,site_mask_dro_ane,v7,6102,75.0,0.16876739263534546,0.2872591709358818,0.15753503143787384,0.170909121632576,0.04545317962765694
conditional_shift,site_mask_dro_ane,v7,6102,80.0,0.15548299252986908,0.28055796977834724,0.1459082067012787,0.15678243339061737,0.0413767471909523
conditional_shift,site_mask_dro_ane,v7,6102,85.0,0.16032399237155914,0.2779619839640711,0.14951540529727936,0.16252250969409943,0.04305032268166542
conditional_shift,site_mask_dro_ane,v7,6102,90.0,0.15214213728904724,0.2813100005780067,0.1430920511484146,0.15291710197925568,0.04137565568089485
conditional_shift,site_mask_dro_ane,v7,6102,95.0,0.16140861809253693,0.2793432413949926,0.148904487490654,0.16529808938503265,0.04307326301932335
conditional_shift,site_mask_dro_ane,v7,6102,100.0,0.1585550457239151,0.2844822813208644,0.1483612358570099,0.16017656028270721,0.04286150261759758
conditional_shift,pooled_erm,v0,6103,5.0,0.40103620290756226,0.4703513253707708,0.40103620290756226,0.40103620290756226,0.12247984856367111
conditional_shift,pooled_erm,v0,6103,10.0,0.21807065606117249,0.3653314681745542,0.21807065606117249,0.21807065606117249,0.05423171445727348
conditional_shift,pooled_erm,v0,6103,15.0,0.1399964690208435,0.35350921589580797,0.1399964690208435,0.1399964690208435,0.03011155128479004
conditional_shift,pooled_erm,v0,6103,20.0,0.11412759870290756,0.3798687891591376,0.11412759870290756,0.11412759870290756,0.025681618601083755
conditional_shift,pooled_erm,v0,6103,25.0,0.10133950412273407,0.44378569847677846,0.10133950412273407,0.10133950412273407,0.02278934232890606
conditional_shift,pooled_erm,v0,6103,30.0,0.09267401695251465,0.38692069955736147,0.09267401695251465,0.09267401695251465,0.020730968564748764
conditional_shift,pooled_erm,v0,6103,35.0,0.08625205606222153,0.38900486142853585,0.08625205606222153,0.08625205606222153,0.020366014912724495
conditional_shift,pooled_erm,v0,6103,40.0,0.08676761388778687,0.37843107423215094,0.08676761388778687,0.08676761388778687,0.02016686089336872
conditional_shift,pooled_erm,v0,6103,45.0,0.06926437467336655,0.38093632017670775,0.06926437467336655,0.06926437467336655,0.015005512163043022
conditional_shift,pooled_erm,v0,6103,50.0,0.06896103918552399,0.3954808569193176,0.06896103918552399,0.06896103918552399,0.016121964901685715
conditional_shift,pooled_erm,v0,6103,55.0,0.06438323110342026,0.3916478545465931,0.06438323110342026,0.06438323110342026,0.015336336567997932
conditional_shift,prior_separated,v2,6103,5.0,0.42435938119888306,0.5186266365783074,0.42435938119888306,0.44644561409950256,0.1279345154762268
conditional_shift,prior_separated,v2,6103,10.0,0.24587015807628632,0.4255792186893071,0.24587015807628632,0.2670777440071106,0.06364782899618149
conditional_shift,prior_separated,v2,6103,15.0,0.17677320539951324,0.40232959918842376,0.17677320539951324,0.1920105516910553,0.04292052984237671
conditional_shift,prior_separated,v2,6103,20.0,0.13013964891433716,0.4105477971675513,0.13013964891433716,0.14871086180210114,0.02990289404988289
conditional_shift,prior_separated,v2,6103,25.0,0.11094223707914352,0.42033401570843965,0.11094223707914352,0.12980584800243378,0.024616088718175888
conditional_shift,prior_separated,v2,6103,30.0,0.09806068241596222,0.41326343040032887,0.09806068241596222,0.10181403905153275,0.02265165001153946
conditional_shift,prior_separated,v2,6103,35.0,0.09384366869926453,0.4262195447759507,0.09384366869926453,0.10007814317941666,0.020701566711068153
conditional_shift,prior_separated,v2,6103,40.0,0.07999119162559509,0.44123928120598344,0.07999119162559509,0.09217442572116852,0.0166167039424181
conditional_shift,prior_separated,v2,6103,45.0,0.07795444875955582,0.43564062810751625,0.07795444875955582,0.0793297290802002,0.01806328445672989
conditional_shift,prior_separated,v2,6103,50.0,0.07782098650932312,0.4305351148133481,0.07782098650932312,0.09083903580904007,0.01787479966878891
conditional_shift,prior_separated,v2,6103,55.0,0.07118678092956543,0.4196173633377621,0.07118678092956543,0.0736336037516594,0.015646636486053467
conditional_shift,structured_policy_bank,v4,6103,5.0,0.5293922424316406,0.5247336500225491,0.5293922424316406,0.6103227138519287,0.17279087007045746
conditional_shift,structured_policy_bank,v4,6103,10.0,0.36254650354385376,0.42805296897629697,0.36254650354385376,0.48782557249069214,0.1074155792593956
conditional_shift,structured_policy_bank,v4,6103,15.0,0.2800959646701813,0.36596656132723066,0.2800959646701813,0.4079423248767853,0.0790325477719307
conditional_shift,structured_policy_bank,v4,6103,20.0,0.22755540907382965,0.3331896065233,0.22755540907382965,0.3512817919254303,0.06149756908416748
conditional_shift,structured_policy_bank,v4,6103,25.0,0.19591791927814484,0.3256062543576089,0.19591791927814484,0.365403413772583,0.05203379690647125
conditional_shift,structured_policy_bank,v4,6103,30.0,0.1757950484752655,0.3212792381239256,0.1757950484752655,0.3321552276611328,0.04647606611251831
conditional_shift,structured_policy_bank,v4,6103,35.0,0.17992833256721497,0.31295184764689776,0.17992833256721497,0.3290752172470093,0.04892731457948685
conditional_shift,structured_policy_bank,v4,6103,40.0,0.15826022624969482,0.3107390219298407,0.15826022624969482,0.2701945900917053,0.04180984944105148
conditional_shift,structured_policy_bank,v4,6103,45.0,0.1601037234067917,0.31149816604669955,0.1601037234067917,0.2855931520462036,0.043017759919166565
conditional_shift,structured_policy_bank,v4,6103,50.0,0.1606520265340805,0.31325179211648774,0.1606520265340805,0.30177074670791626,0.04336845874786377
conditional_shift,structured_policy_bank,v4,6103,55.0,0.1537262499332428,0.3089231532811928,0.1537262499332428,0.31672826409339905,0.0413367934525013
conditional_shift,structured_policy_bank,v4,6103,60.0,0.14859366416931152,0.30730923275898503,0.14859366416931152,0.3465796411037445,0.039705369621515274
conditional_shift,structured_policy_bank,v4,6103,65.0,0.1444157212972641,0.30922732382259505,0.1444157212972641,0.3016147017478943,0.03921632841229439
conditional_shift,structured_policy_bank,v4,6103,70.0,0.14378945529460907,0.30993372774357053,0.14378945529460907,0.3385085463523865,0.03924953192472458
conditional_shift,structured_policy_bank,v4,6103,75.0,0.14349116384983063,0.310092569856231,0.14349116384983063,0.2887105941772461,0.038637686520814896
conditional_shift,structured_policy_bank,v4,6103,80.0,0.1345125287771225,0.3062739284186413,0.1345125287771225,0.27787938714027405,0.03655485436320305
conditional_shift,structured_policy_bank,v4,6103,85.0,0.13858014345169067,0.30499033500900197,0.13858014345169067,0.26165980100631714,0.03801240399479866
conditional_shift,structured_policy_bank,v4,6103,90.0,0.14172273874282837,0.30654495835765094,0.14172273874282837,0.34047120809555054,0.03865434229373932
conditional_shift,structured_policy_bank,v4,6103,95.0,0.139717236161232,0.3043357859014697,0.139717236161232,0.33066102862358093,0.03904546797275543
conditional_shift,structured_policy_bank,v4,6103,100.0,0.1373491883277893,0.3049041623355563,0.1373491883277893,0.2911820411682129,0.03832746297121048
conditional_shift,site_only_dro,v5_site,6103,5.0,0.46516066789627075,0.4964620908616454,0.46495214104652405,0.46536922454833984,0.14538100361824036
conditional_shift,site_only_dro,v5_site,6103,10.0,0.3263164162635803,0.4146259437933836,0.3261939585208893,0.32643890380859375,0.0952054038643837
conditional_shift,site_only_dro,v5_site,6103,15.0,0.25225144624710083,0.3375556837775744,0.2519759237766266,0.25252699851989746,0.07071030884981155
conditional_shift,site_only_dro,v5_site,6103,20.0,0.21110445261001587,0.3096202291381014,0.21078543365001678,0.21142347157001495,0.057760026305913925
conditional_shift,site_only_dro,v5_site,6103,25.0,0.19188633561134338,0.29363020497584646,0.19172494113445282,0.19204771518707275,0.05267154052853584
conditional_shift,site_only_dro,v5_site,6103,30.0,0.18064568936824799,0.2879486014819598,0.18033534288406372,0.18095603585243225,0.04938848689198494
conditional_shift,site_only_dro,v5_site,6103,35.0,0.1680413782596588,0.28340878783793305,0.16784365475177765,0.16823911666870117,0.045885033905506134
conditional_shift,site_only_dro,v5_site,6103,40.0,0.16557598114013672,0.27420492538956365,0.1650434136390686,0.16610856354236603,0.04561081901192665
conditional_shift,site_only_dro,v5_site,6103,45.0,0.15595057606697083,0.2673196595929743,0.1557011604309082,0.15620000660419464,0.04259812459349632
conditional_shift,site_only_dro,v5_site,6103,50.0,0.15708646178245544,0.26454282571005927,0.15633614361286163,0.15783679485321045,0.043707288801670074
conditional_shift,site_only_dro,v5_site,6103,55.0,0.15363380312919617,0.2640499090900968,0.15354877710342407,0.15371881425380707,0.043131954967975616
conditional_shift,site_only_dro,v5_site,6103,60.0,0.14669528603553772,0.26199838166946643,0.14618335664272308,0.14720721542835236,0.04056072235107422
conditional_shift,site_only_dro,v5_site,6103,65.0,0.14580097794532776,0.26463761249064666,0.14511002600193024,0.1464919149875641,0.040145814418792725
conditional_shift,site_only_dro,v5_site,6103,70.0,0.1497630625963211,0.26022160142455847,0.14941473305225372,0.1501113921403885,0.042457468807697296
conditional_shift,site_only_dro,v5_site,6103,75.0,0.14393697679042816,0.25538421422196017,0.14330989122390747,0.14456406235694885,0.04032694548368454
conditional_shift,site_only_dro,v5_site,6103,80.0,0.13759338855743408,0.2588989114288737,0.13727445900440216,0.1379123032093048,0.03890115022659302
conditional_shift,site_only_dro,v5_site,6103,85.0,0.13412483036518097,0.25837979694256935,0.13396301865577698,0.13428664207458496,0.03801928088068962
conditional_shift,site_only_dro,v5_site,6103,90.0,0.13525427877902985,0.26151262810101367,0.13511140644550323,0.13539715111255646,0.03887034207582474
conditional_shift,site_only_dro,v5_site,6103,95.0,0.1301751434803009,0.2719491801519218,0.12974612414836884,0.13060417771339417,0.03654277324676514
conditional_shift,site_only_dro,v5_site,6103,100.0,0.12737052142620087,0.26780425714440453,0.12674838304519653,0.1279926598072052,0.03599194809794426
conditional_shift,mask_only_dro,v5_mask,6103,5.0,0.44670116901397705,0.41395631924186255,0.44493812322616577,0.44846421480178833,0.1348043531179428
conditional_shift,mask_only_dro,v5_mask,6103,10.0,0.2656465768814087,0.3221735660154208,0.2623955011367798,0.2688976228237152,0.06821061670780182
conditional_shift,mask_only_dro,v5_mask,6103,15.0,0.21860310435295105,0.30371918459501623,0.213046595454216,0.2241596281528473,0.05626421421766281
conditional_shift,mask_only_dro,v5_mask,6103,20.0,0.19590824842453003,0.3046524471924343,0.1910010129213333,0.20081548392772675,0.0504736490547657
conditional_shift,mask_only_dro,v5_mask,6103,25.0,0.1895364224910736,0.30104404759258013,0.18207892775535583,0.19699393212795258,0.04880303516983986
conditional_shift,mask_only_dro,v5_mask,6103,30.0,0.1738967001438141,0.2933812191046124,0.16895954310894012,0.17883387207984924,0.044591762125492096
conditional_shift,mask_only_dro,v5_mask,6103,35.0,0.1672564595937729,0.2899681623655399,0.16256342828273773,0.17194949090480804,0.04348789528012276
conditional_shift,mask_only_dro,v5_mask,6103,40.0,0.15829312801361084,0.2932002085560699,0.15424485504627228,0.1623414009809494,0.04070484638214111
conditional_shift,mask_only_dro,v5_mask,6103,45.0,0.15780484676361084,0.2886121627060994,0.15264637768268585,0.16296330094337463,0.04071315750479698
conditional_shift,mask_only_dro,v5_mask,6103,50.0,0.14987191557884216,0.2838703181952196,0.14465996623039246,0.15508385002613068,0.03895292803645134
conditional_shift,mask_only_dro,v5_mask,6103,55.0,0.143514946103096,0.28061681738369015,0.1390184909105301,0.14801140129566193,0.03722916916012764
conditional_shift,mask_only_dro,v5_mask,6103,60.0,0.15108861029148102,0.27743260642948764,0.14576338231563568,0.15641383826732635,0.03944777324795723
conditional_shift,mask_only_dro,v5_mask,6103,65.0,0.1536249816417694,0.28266126818622006,0.14746777713298798,0.15978217124938965,0.04053474962711334
conditional_shift,mask_only_dro,v5_mask,6103,70.0,0.14037571847438812,0.2873980992246872,0.13548128306865692,0.14527015388011932,0.03686897084116936
conditional_shift,mask_only_dro,v5_mask,6103,75.0,0.14424210786819458,0.28026495786235217,0.14033719897270203,0.14814701676368713,0.03909907117486
conditional_shift,mask_only_dro,v5_mask,6103,80.0,0.14163176715373993,0.28020871457467444,0.13713125884532928,0.14613227546215057,0.038029007613658905
conditional_shift,mask_only_dro,v5_mask,6103,85.0,0.14416205883026123,0.2756383994388789,0.13644985854625702,0.15187425911426544,0.03756754845380783
conditional_shift,mask_only_dro,v5_mask,6103,90.0,0.13431870937347412,0.28081999370235483,0.1290653944015503,0.13957200944423676,0.03559713438153267
conditional_shift,mask_only_dro,v5_mask,6103,95.0,0.13172122836112976,0.2826250544717337,0.12740729749202728,0.13603515923023224,0.03545840457081795
conditional_shift,mask_only_dro,v5_mask,6103,100.0,0.1340000182390213,0.2759151629477556,0.12850885093212128,0.13949118554592133,0.03558008000254631
conditional_shift,site_mask_dro,v5,6103,5.0,0.4740332365036011,0.46867393628048415,0.47127214074134827,0.4767943322658539,0.14837728440761566
conditional_shift,site_mask_dro,v5,6103,10.0,0.3338091969490051,0.3892591002423289,0.32965877652168274,0.3379595875740051,0.09581594914197922
conditional_shift,site_mask_dro,v5,6103,15.0,0.27908194065093994,0.3499808272743251,0.27301454544067383,0.28514930605888367,0.07708428800106049
conditional_shift,site_mask_dro,v5,6103,20.0,0.23787742853164673,0.32146947479736165,0.23245640099048615,0.24329844117164612,0.0643245279788971
conditional_shift,site_mask_dro,v5,6103,25.0,0.2127838134765625,0.3061609826354339,0.20685797929763794,0.21870966255664825,0.05625690519809723
conditional_shift,site_mask_dro,v5,6103,30.0,0.19597750902175903,0.3019159870927186,0.19038799405097961,0.20156703889369965,0.051008131355047226
conditional_shift,site_mask_dro,v5,6103,35.0,0.19267888367176056,0.29258464817625474,0.1856985092163086,0.19965925812721252,0.050158027559518814
conditional_shift,site_mask_dro,v5,6103,40.0,0.18195770680904388,0.2749463163875645,0.17703478038311005,0.18688063323497772,0.04802593216300011
conditional_shift,site_mask_dro,v5,6103,45.0,0.1757238805294037,0.264796914410145,0.1685553342103958,0.18289242684841156,0.04586006700992584
conditional_shift,site_mask_dro,v5,6103,50.0,0.16258549690246582,0.2646595366832434,0.15716524422168732,0.16800574958324432,0.042446721345186234
conditional_shift,site_mask_dro,v5,6103,55.0,0.16497990489006042,0.26019085581991713,0.1590099036693573,0.17094989120960236,0.04379555955529213
conditional_shift,site_mask_dro,v5,6103,60.0,0.1538776308298111,0.260244143113682,0.14735940098762512,0.16039586067199707,0.040252793580293655
conditional_shift,site_mask_dro,v5,6103,65.0,0.14805220067501068,0.26198714944919105,0.1430349051952362,0.15306949615478516,0.038915667682886124
conditional_shift,site_mask_dro,v5,6103,70.0,0.14829397201538086,0.26486578933211047,0.14233215153217316,0.15425577759742737,0.040160492062568665
conditional_shift,site_mask_dro,v5,6103,75.0,0.14949944615364075,0.2647068299868768,0.14219114184379578,0.1568077653646469,0.03984084352850914
conditional_shift,site_mask_dro,v5,6103,80.0,0.14157718420028687,0.26447924815091645,0.13666269183158875,0.14649167656898499,0.03799808397889137
conditional_shift,site_mask_dro,v5,6103,85.0,0.1469188630580902,0.2640160109973417,0.1397215873003006,0.15411615371704102,0.0391668938100338
conditional_shift,site_mask_dro,v5,6103,90.0,0.13633213937282562,0.26675606183286454,0.13088008761405945,0.1417841911315918,0.03691897913813591
conditional_shift,site_mask_dro,v5,6103,95.0,0.13372737169265747,0.26854951836138363,0.12830908596515656,0.1391456574201584,0.035852447152137756
conditional_shift,site_mask_dro_ane,v7,6103,5.0,0.5270517468452454,0.48396954063925374,0.5083373188972473,0.5127553343772888,0.1650540977716446
conditional_shift,site_mask_dro_ane,v7,6103,10.0,0.38024619221687317,0.3894878120791701,0.36363670229911804,0.3749028146266937,0.10976427048444748
conditional_shift,site_mask_dro_ane,v7,6103,15.0,0.2872107923030853,0.3474569202445279,0.272625207901001,0.2862281799316406,0.0778409019112587
conditional_shift,site_mask_dro_ane,v7,6103,20.0,0.24877825379371643,0.33898366383305384,0.23522689938545227,0.24916811287403107,0.06580742448568344
conditional_shift,site_mask_dro_ane,v7,6103,25.0,0.2245463877916336,0.33651936919705405,0.21091659367084503,0.22659806907176971,0.05789053440093994
conditional_shift,site_mask_dro_ane,v7,6103,30.0,0.201113760471344,0.33387730969898133,0.1888006031513214,0.20306377112865448,0.05181579664349556
conditional_shift,site_mask_dro_ane,v7,6103,35.0,0.19121745228767395,0.33557650405840705,0.17904672026634216,0.19357042014598846,0.04908886179327965
conditional_shift,site_mask_dro_ane,v7,6103,40.0,0.1841781884431839,0.3280100778171507,0.17169328033924103,0.18719482421875,0.04734138771891594
conditional_shift,site_mask_dro_ane,v7,6103,45.0,0.1804972141981125,0.31438526041231096,0.16911466419696808,0.18252678215503693,0.04676493629813194
conditional_shift,site_mask_dro_ane,v7,6103,50.0,0.17162470519542694,0.3090799644573071,0.16025294363498688,0.1741742193698883,0.04411110281944275
conditional_shift,site_mask_dro_ane,v7,6103,55.0,0.17281800508499146,0.30697245605517853,0.16078975796699524,0.17584696412086487,0.04499650001525879
conditional_shift,site_mask_dro_ane,v7,6103,60.0,0.16584725677967072,0.30227636095304966,0.1557844579219818,0.1673354208469391,0.04287322610616684
conditional_shift,site_mask_dro_ane,v7,6103,65.0,0.1635502725839615,0.29611883211449364,0.15250210464000702,0.1661699265241623,0.04214261844754219
conditional_shift,site_mask_dro_ane,v7,6103,70.0,0.1616164892911911,0.29466145373295644,0.15027695894241333,0.16449661552906036,0.0422971136868
conditional_shift,site_mask_dro_ane,v7,6103,75.0,0.1577550619840622,0.2990926680256085,0.14708590507507324,0.16014213860034943,0.04141052067279816
conditional_shift,site_mask_dro_ane,v7,6103,80.0,0.15025708079338074,0.2932237776852666,0.14014437794685364,0.15247325599193573,0.03948277607560158
conditional_shift,site_mask_dro_ane,v7,6103,85.0,0.15320084989070892,0.2843830206466768,0.14129328727722168,0.1572185605764389,0.03944912925362587
conditional_shift,site_mask_dro_ane,v7,6103,90.0,0.15658369660377502,0.2837219464207689,0.1448580026626587,0.15995721518993378,0.041760750114917755
conditional_shift,site_mask_dro_ane,v7,6103,95.0,0.15922607481479645,0.2849964955847549,0.1468236893415451,0.16313157975673676,0.04248437657952309
conditional_shift,site_mask_dro_ane,v7,6103,100.0,0.16013023257255554,0.28631749587673455,0.14609983563423157,0.1658306121826172,0.041650060564279556
mnar_outcome,pooled_erm,v0,6101,5.0,0.4159431457519531,0.4521477658147346,0.4159431457519531,0.4159431457519531,0.12884123623371124
mnar_outcome,pooled_erm,v0,6101,10.0,0.2472536414861679,0.3432758072670617,0.2472536414861679,0.2472536414861679,0.0636458769440651
mnar_outcome,pooled_erm,v0,6101,15.0,0.13468420505523682,0.27890885644616825,0.13468420505523682,0.13468420505523682,0.026790136471390724
mnar_outcome,pooled_erm,v0,6101,20.0,0.0920066088438034,0.28838229536270027,0.0920066088438034,0.0920066088438034,0.015225467272102833
mnar_outcome,pooled_erm,v0,6101,25.0,0.07325029373168945,0.3781109022295938,0.07325029373168945,0.07325029373168945,0.01184639148414135
mnar_outcome,pooled_erm,v0,6101,30.0,0.058908846229314804,0.3869629750645177,0.058908846229314804,0.058908846229314804,0.00891729723662138
mnar_outcome,pooled_erm,v0,6101,35.0,0.051971688866615295,0.3341100308836744,0.051971688866615295,0.051971688866615295,0.00819335412234068
mnar_outcome,pooled_erm,v0,6101,40.0,0.0484054833650589,0.4213460212584483,0.0484054833650589,0.0484054833650589,0.007927105762064457
mnar_outcome,pooled_erm,v0,6101,45.0,0.03526218235492706,0.3794840658048193,0.03526218235492706,0.03526218235492706,0.0042678616009652615
mnar_outcome,pooled_erm,v0,6101,50.0,0.038617439568042755,0.36965624460711666,0.038617439568042755,0.038617439568042755,0.0061665489338338375
mnar_outcome,pooled_erm,v0,6101,55.0,0.03181540220975876,0.45589611283012266,0.03181540220975876,0.03181540220975876,0.004535372834652662
mnar_outcome,prior_separated,v2,6101,5.0,0.34168529510498047,0.3943902983145786,0.34168529510498047,0.34353846311569214,0.09600824117660522
mnar_outcome,prior_separated,v2,6101,10.0,0.19167757034301758,0.3486938577811602,0.19167757034301758,0.20303425192832947,0.04560871794819832
mnar_outcome,prior_separated,v2,6101,15.0,0.14332769811153412,0.32216191143821005,0.14332769811153412,0.14919313788414001,0.03403104096651077
mnar_outcome,prior_separated,v2,6101,20.0,0.08797180652618408,0.3107664435687675,0.08797180652618408,0.09175224602222443,0.016056282445788383
mnar_outcome,prior_separated,v2,6101,25.0,0.06988838315010071,0.3277327262745052,0.06988838315010071,0.0777578353881836,0.012592953629791737
mnar_outcome,prior_separated,v2,6101,30.0,0.07457514107227325,0.35153899718695325,0.07457514107227325,0.0763387531042099,0.015325278975069523
mnar_outcome,prior_separated,v2,6101,35.0,0.051037438213825226,0.35554372337816814,0.051037438213825226,0.05215141549706459,0.009214513935148716
mnar_outcome,prior_separated,v2,6101,40.0,0.04363112524151802,0.3729882510716199,0.04363112524151802,0.04455311596393585,0.007133592385798693
mnar_outcome,prior_separated,v2,6101,45.0,0.03908371180295944,0.4601004489465391,0.03908371180295944,0.04652434214949608,0.006666307803243399
mnar_outcome,prior_separated,v2,6101,50.0,0.041051872074604034,0.49676592096606975,0.041051872074604034,0.04952995479106903,0.008761292323470116
mnar_outcome,prior_separated,v2,6101,55.0,0.03182092308998108,0.4258117034770268,0.03182092308998108,0.034796372056007385,0.005103783681988716
mnar_outcome,prior_separated,v2,6101,60.0,0.0390574187040329,0.5856946270063201,0.0390574187040329,0.04042663425207138,0.008100486360490322
mnar_outcome,structured_policy_bank,v4,6101,5.0,0.4131142795085907,0.3627148679899759,0.4131142795085907,0.4970701038837433,0.1233954057097435
mnar_outcome,structured_policy_bank,v4,6101,10.0,0.2598300576210022,0.26780193158281157,0.2598300576210022,0.38041311502456665,0.07133135944604874
mnar_outcome,structured_policy_bank,v4,6101,15.0,0.20565126836299896,0.2539610351411896,0.20565126836299896,0.3221745491027832,0.05592622980475426
mnar_outcome,structured_policy_bank,v4,6101,20.0,0.18029385805130005,0.22474645703157575,0.18029385805130005,0.3467823266983032,0.04855732619762421
mnar_outcome,structured_policy_bank,v4,6101,25.0,0.1585761159658432,0.21247530546506166,0.1585761159658432,0.30302825570106506,0.04234493523836136
mnar_outcome,structured_policy_bank,v4,6101,30.0,0.15700216591358185,0.20059907961556805,0.15700216591358185,0.29412397742271423,0.042172983288764954
mnar_outcome,structured_policy_bank,v4,6101,35.0,0.14143730700016022,0.19273593298480557,0.14143730700016022,0.31882166862487793,0.03754568099975586
mnar_outcome,structured_policy_bank,v4,6101,40.0,0.14178237318992615,0.19389905060808316,0.14178237318992615,0.3061879873275757,0.03819466382265091
mnar_outcome,structured_policy_bank,v4,6101,45.0,0.12995178997516632,0.1850198962571799,0.12995178997516632,0.28605401515960693,0.034427572041749954
mnar_outcome,structured_policy_bank,v4,6101,50.0,0.12997856736183167,0.18530649497117885,0.12997856736183167,0.2698710858821869,0.034919772297143936
mnar_outcome,structured_policy_bank,v4,6101,55.0,0.12112382054328918,0.18078771426019136,0.12112382054328918,0.23908571898937225,0.03266337141394615
mnar_outcome,structured_policy_bank,v4,6101,60.0,0.12398725003004074,0.1732511509782903,0.12398725003004074,0.31773900985717773,0.03321323171257973
mnar_outcome,structured_policy_bank,v4,6101,65.0,0.11967749148607254,0.17195368501241087,0.11967749148607254,0.24985507130622864,0.03188348561525345
mnar_outcome,structured_policy_bank,v4,6101,70.0,0.11741598695516586,0.17539335314853102,0.11741598695516586,0.2750382423400879,0.03159744292497635
mnar_outcome,structured_policy_bank,v4,6101,75.0,0.11337452381849289,0.1789330627448663,0.11337452381849289,0.2829645276069641,0.030500927940011024
mnar_outcome,structured_policy_bank,v4,6101,80.0,0.11143370717763901,0.1784338559397298,0.11143370717763901,0.2686847150325775,0.029394308105111122
mnar_outcome,structured_policy_bank,v4,6101,85.0,0.11784801632165909,0.17585839308248047,0.11784801632165909,0.2643430233001709,0.031968943774700165
mnar_outcome,structured_policy_bank,v4,6101,90.0,0.11172500997781754,0.169577356775437,0.11172500997781754,0.2494959533214569,0.03024541400372982
mnar_outcome,structured_policy_bank,v4,6101,95.0,0.10552480816841125,0.1718935906818062,0.10552480816841125,0.20462870597839355,0.02891695126891136
mnar_outcome,structured_policy_bank,v4,6101,100.0,0.11502275615930557,0.17866026228298498,0.11502275615930557,0.2931835353374481,0.03196657449007034
mnar_outcome,site_only_dro,v5_site,6101,5.0,0.4223029911518097,0.4001196134918412,0.42229047417640686,0.4223155081272125,0.1287606656551361
mnar_outcome,site_only_dro,v5_site,6101,10.0,0.2535228431224823,0.2662784165278153,0.2534988224506378,0.2535468637943268,0.06943497061729431
mnar_outcome,site_only_dro,v5_site,6101,15.0,0.20098799467086792,0.2180854841623838,0.2006789743900299,0.20129700005054474,0.05423911288380623
mnar_outcome,site_only_dro,v5_site,6101,20.0,0.17169982194900513,0.20639731204113326,0.17169375717639923,0.17170587182044983,0.04536465182900429
mnar_outcome,site_only_dro,v5_site,6101,25.0,0.15359041094779968,0.18740185425372227,0.15353097021579742,0.15364983677864075,0.040764350444078445
mnar_outcome,site_only_dro,v5_site,6101,30.0,0.15238557755947113,0.18609036654062994,0.1523430049419403,0.15242815017700195,0.04081277921795845
mnar_outcome,site_only_dro,v5_site,6101,35.0,0.14753788709640503,0.19275390974970788,0.14736469089984894,0.14771108329296112,0.03989173844456673
mnar_outcome,site_only_dro,v5_site,6101,40.0,0.14452791213989258,0.19219387736554888,0.1443159580230713,0.14473986625671387,0.03879581019282341
mnar_outcome,site_only_dro,v5_site,6101,45.0,0.14203082025051117,0.18393248894754466,0.14198213815689087,0.14207950234413147,0.0389852412045002
mnar_outcome,site_only_dro,v5_site,6101,50.0,0.12907946109771729,0.1779763451741055,0.12907429039478302,0.12908461689949036,0.034508116543293
mnar_outcome,site_only_dro,v5_site,6101,55.0,0.1289706826210022,0.17880684195405666,0.12893690168857574,0.12900447845458984,0.03504003956913948
mnar_outcome,site_only_dro,v5_site,6101,60.0,0.13335789740085602,0.17749739237644674,0.13315360248088837,0.13356219232082367,0.03694400563836098
mnar_outcome,site_only_dro,v5_site,6101,65.0,0.1252322793006897,0.1785004868364648,0.1252242475748062,0.12524032592773438,0.03378362953662872
mnar_outcome,site_only_dro,v5_site,6101,70.0,0.11723409593105316,0.173953965779608,0.11723104864358902,0.1172371432185173,0.031018801033496857
mnar_outcome,site_only_dro,v5_site,6101,75.0,0.12690027058124542,0.17969929324119882,0.12682466208934784,0.126975879073143,0.03478778898715973
mnar_outcome,site_only_dro,v5_site,6101,80.0,0.11266686022281647,0.17672107816640326,0.11266504228115082,0.11266868561506271,0.03058757446706295
mnar_outcome,site_only_dro,v5_site,6101,85.0,0.11198213696479797,0.17688721933601315,0.11198113858699799,0.11198313534259796,0.030888719484210014
mnar_outcome,site_only_dro,v5_site,6101,90.0,0.11691997200250626,0.17728642783951226,0.11688375473022461,0.1169561892747879,0.031901851296424866
mnar_outcome,site_only_dro,v5_site,6101,95.0,0.10952994227409363,0.16834672016856422,0.1095251813530922,0.10953469574451447,0.029869014397263527
mnar_outcome,site_only_dro,v5_site,6101,100.0,0.11239632964134216,0.16787192380473803,0.11239240318536758,0.11240024864673615,0.031340330839157104
mnar_outcome,mask_only_dro,v5_mask,6101,5.0,0.5442615747451782,0.4883210800751172,0.5422947406768799,0.5462284088134766,0.17892175912857056
mnar_outcome,mask_only_dro,v5_mask,6101,10.0,0.3497273623943329,0.32273715429083827,0.3467737138271332,0.3526810109615326,0.09945289045572281
mnar_outcome,mask_only_dro,v5_mask,6101,15.0,0.26468729972839355,0.30467374864218444,0.25846508145332336,0.27090951800346375,0.07146377116441727
mnar_outcome,mask_only_dro,v5_mask,6101,20.0,0.2357378602027893,0.3079150052286359,0.22908353805541992,0.2423921674489975,0.06309957802295685
mnar_outcome,mask_only_dro,v5_mask,6101,25.0,0.222600057721138,0.2909238593369599,0.21272063255310059,0.23247948288917542,0.058360353112220764
mnar_outcome,mask_only_dro,v5_mask,6101,30.0,0.1856231987476349,0.28295012225946203,0.1809370517730713,0.1903093308210373,0.048285529017448425
mnar_outcome,mask_only_dro,v5_mask,6101,35.0,0.17655345797538757,0.2611684255329277,0.1706051379442215,0.18250179290771484,0.04604511335492134
mnar_outcome,mask_only_dro,v5_mask,6101,40.0,0.157986581325531,0.2305423007797561,0.15269148349761963,0.16328167915344238,0.03993736580014229
mnar_outcome,mask_only_dro,v5_mask,6101,45.0,0.15081587433815002,0.22511923746028784,0.14754870533943176,0.15408305823802948,0.039393484592437744
mnar_outcome,mask_only_dro,v5_mask,6101,50.0,0.14354337751865387,0.23248141987910034,0.13980506360530853,0.1472816914319992,0.036945171654224396
mnar_outcome,mask_only_dro,v5_mask,6101,55.0,0.1391211599111557,0.21218764188562422,0.1366613507270813,0.1415809690952301,0.03689038008451462
mnar_outcome,mask_only_dro,v5_mask,6101,60.0,0.1373174786567688,0.20647827540344266,0.13244128227233887,0.14219366014003754,0.035861123353242874
mnar_outcome,mask_only_dro,v5_mask,6101,65.0,0.13011211156845093,0.21073855189487967,0.12597452104091644,0.13424968719482422,0.03392801806330681
mnar_outcome,mask_only_dro,v5_mask,6101,70.0,0.12826816737651825,0.20550747900833677,0.1241632029414177,0.1323731392621994,0.0331428125500679
mnar_outcome,mask_only_dro,v5_mask,6101,75.0,0.13007691502571106,0.2012082407098933,0.1250971108675003,0.135056734085083,0.033419154584407806
mnar_outcome,mask_only_dro,v5_mask,6101,80.0,0.1226283460855484,0.19880677289653848,0.11890427023172379,0.12635241448879242,0.03192157670855522
mnar_outcome,mask_only_dro,v5_mask,6101,85.0,0.12335263192653656,0.20363023475111858,0.11955397576093674,0.12715129554271698,0.032167065888643265
mnar_outcome,mask_only_dro,v5_mask,6101,90.0,0.11967305094003677,0.19390583501256403,0.11402800679206848,0.12531809508800507,0.030692126601934433
mnar_outcome,mask_only_dro,v5_mask,6101,95.0,0.12196226418018341,0.19878837232866448,0.11805430799722672,0.1258702278137207,0.031813669949769974
mnar_outcome,mask_only_dro,v5_mask,6101,100.0,0.11827141046524048,0.20584050989621774,0.11434748768806458,0.12219534069299698,0.03099021688103676
mnar_outcome,site_mask_dro,v5,6101,5.0,0.4987945556640625,0.42857619600908825,0.49716171622276306,0.5004273653030396,0.1581227332353592
mnar_outcome,site_mask_dro,v5,6101,10.0,0.3239433467388153,0.3165008515732431,0.3196304738521576,0.328256219625473,0.08969887346029282
mnar_outcome,site_mask_dro,v5,6101,15.0,0.25177156925201416,0.27396430582323855,0.24705158174037933,0.2564915716648102,0.06772744655609131
mnar_outcome,site_mask_dro,v5,6101,20.0,0.2042347490787506,0.2321961066506251,0.20082774758338928,0.20764175057411194,0.053815774619579315
mnar_outcome,site_mask_dro,v5,6101,25.0,0.17620176076889038,0.22489649264382638,0.17190054059028625,0.1805029958486557,0.04498720541596413
mnar_outcome,site_mask_dro,v5,6101,30.0,0.1621754765510559,0.23502266872978195,0.15912723541259766,0.16522370278835297,0.04176759719848633
mnar_outcome,site_mask_dro,v5,6101,35.0,0.16233757138252258,0.2202230921539597,0.1575992852449417,0.16707587242126465,0.042385708540678024
mnar_outcome,site_mask_dro,v5,6101,40.0,0.1467934101819992,0.20633533886590577,0.14328287541866302,0.1503039449453354,0.03816889971494675
mnar_outcome,site_mask_dro,v5,6101,45.0,0.14778393507003784,0.20681446141135104,0.14341503381729126,0.15215282142162323,0.038399748504161835
mnar_outcome,site_mask_dro,v5,6101,50.0,0.14445942640304565,0.19462025214300477,0.14015862345695496,0.14876022934913635,0.03729715570807457
mnar_outcome,site_mask_dro,v5,6101,55.0,0.14398309588432312,0.1946979544013514,0.13695456087589264,0.1510116159915924,0.03631718084216118
mnar_outcome,site_mask_dro,v5,6101,60.0,0.1343228816986084,0.19352288601012996,0.13100069761276245,0.13764505088329315,0.03527534380555153
mnar_outcome,site_mask_dro,v5,6101,65.0,0.1311284303665161,0.192667102946727,0.1279207020998001,0.13433614373207092,0.03429757431149483
mnar_outcome,site_mask_dro,v5,6101,70.0,0.12520048022270203,0.19370426626234172,0.12053227424621582,0.12986870110034943,0.03193475678563118
mnar_outcome,site_mask_dro,v5,6101,75.0,0.13852530717849731,0.19570308941373163,0.13441765308380127,0.14263296127319336,0.03667007014155388
mnar_outcome,site_mask_dro,v5,6101,80.0,0.12822231650352478,0.1884880296549497,0.12445325404405594,0.13199138641357422,0.033951789140701294
mnar_outcome,site_mask_dro,v5,6101,85.0,0.12266357243061066,0.18618638451156544,0.11751169711351395,0.12781544029712677,0.03167809918522835
mnar_outcome,site_mask_dro,v5,6101,90.0,0.12795037031173706,0.1906942853696113,0.12242666631937027,0.13347406685352325,0.03344368934631348
mnar_outcome,site_mask_dro,v5,6101,95.0,0.12322117388248444,0.18849935539144513,0.11782637983560562,0.12861596047878265,0.031940657645463943
mnar_outcome,site_mask_dro,v5,6101,100.0,0.11466678977012634,0.18273844207160095,0.11011631786823273,0.11921725422143936,0.02915067784488201
mnar_outcome,site_mask_dro_ane,v7,6101,5.0,0.4701188802719116,0.4471934713598579,0.4501327872276306,0.46169281005859375,0.14206084609031677
mnar_outcome,site_mask_dro_ane,v7,6101,10.0,0.36151254177093506,0.3818612397743121,0.34449952840805054,0.3577807545661926,0.10372408479452133
mnar_outcome,site_mask_dro_ane,v7,6101,15.0,0.3214942514896393,0.3738332398450976,0.3031828701496124,0.3217581808567047,0.09023736417293549
mnar_outcome,site_mask_dro_ane,v7,6101,20.0,0.29068508744239807,0.37485893618131355,0.2744259834289551,0.29084616899490356,0.08049006760120392
mnar_outcome,site_mask_dro_ane,v7,6101,25.0,0.27196386456489563,0.37099273936383814,0.25698450207710266,0.271867573261261,0.07537820935249329
mnar_outcome,site_mask_dro_ane,v7,6101,30.0,0.25053590536117554,0.36202768302620647,0.23555560410022736,0.2519989013671875,0.06758657842874527
mnar_outcome,site_mask_dro_ane,v7,6101,35.0,0.2331964522600174,0.3309129589709602,0.21927745640277863,0.23470726609230042,0.06204080581665039
mnar_outcome,site_mask_dro_ane,v7,6101,40.0,0.21068218350410461,0.29878876745539684,0.19968608021736145,0.210396870970726,0.05640719458460808
mnar_outcome,site_mask_dro_ane,v7,6101,45.0,0.19678965210914612,0.2730103782945355,0.1853899210691452,0.19787541031837463,0.05156987905502319
mnar_outcome,site_mask_dro_ane,v7,6101,50.0,0.17361098527908325,0.25700280129458286,0.16422578692436218,0.1738814413547516,0.04557377099990845
mnar_outcome,site_mask_dro_ane,v7,6101,55.0,0.16850312054157257,0.25173737157725595,0.15792721509933472,0.17017236351966858,0.04453326016664505
mnar_outcome,site_mask_dro_ane,v7,6101,60.0,0.1645199954509735,0.23862096745529926,0.15305431187152863,0.16736488044261932,0.043104011565446854
mnar_outcome,site_mask_dro_ane,v7,6101,65.0,0.15771576762199402,0.23976812604362005,0.14514899253845215,0.16222839057445526,0.0402706153690815
mnar_outcome,site_mask_dro_ane,v7,6101,70.0,0.1476810723543167,0.23562297798821435,0.13789613544940948,0.14982052147388458,0.03822746127843857
mnar_outcome,site_mask_dro_ane,v7,6101,75.0,0.14292706549167633,0.23885055447180503,0.1343637853860855,0.14395947754383087,0.03765435516834259
mnar_outcome,site_mask_dro_ane,v7,6101,80.0,0.14309217035770416,0.23173185617342035,0.13214322924613953,0.14676900207996368,0.036360517144203186
mnar_outcome,site_mask_dro_ane,v7,6101,85.0,0.13685595989227295,0.2311809869437619,0.12796612083911896,0.13858690857887268,0.035794418305158615
mnar_outcome,site_mask_dro_ane,v7,6101,90.0,0.1304945945739746,0.22829017812117974,0.12265218794345856,0.13146109879016876,0.03437945619225502
mnar_outcome,site_mask_dro_ane,v7,6101,95.0,0.12783880531787872,0.22829418531347317,0.12041359394788742,0.12855587899684906,0.03354071453213692
mnar_outcome,site_mask_dro_ane,v7,6101,100.0,0.12908935546875,0.22518912055517604,0.12092985212802887,0.13049708306789398,0.033758919686079025
mnar_outcome,pooled_erm,v0,6102,5.0,0.3865888714790344,0.47694756568918517,0.3865888714790344,0.3865888714790344,0.11895760893821716
mnar_outcome,pooled_erm,v0,6102,10.0,0.21240130066871643,0.295928136838062,0.21240130066871643,0.21240130066871643,0.05029410123825073
mnar_outcome,pooled_erm,v0,6102,15.0,0.13170160353183746,0.34040790972977486,0.13170160353183746,0.13170160353183746,0.026788631454110146
mnar_outcome,pooled_erm,v0,6102,20.0,0.10716989636421204,0.32618072851645397,0.10716989636421204,0.10716989636421204,0.02196790836751461
mnar_outcome,pooled_erm,v0,6102,25.0,0.07841205596923828,0.3278800231712567,0.07841205596923828,0.07841205596923828,0.014443262480199337
mnar_outcome,pooled_erm,v0,6102,30.0,0.061550430953502655,0.47199807454520004,0.061550430953502655,0.061550430953502655,0.009987849742174149
mnar_outcome,pooled_erm,v0,6102,35.0,0.06675255298614502,0.36424594712640657,0.06675255298614502,0.06675255298614502,0.012423857115209103
mnar_outcome,pooled_erm,v0,6102,40.0,0.06626790016889572,0.5504891044824205,0.06626790016889572,0.06626790016889572,0.013280128128826618
mnar_outcome,pooled_erm,v0,6102,45.0,0.06162652745842934,0.43158330419767366,0.06162652745842934,0.06162652745842934,0.012623420916497707
mnar_outcome,pooled_erm,v0,6102,50.0,0.05145180970430374,0.5106540503172063,0.05145180970430374,0.05145180970430374,0.010184040293097496
mnar_outcome,prior_separated,v2,6102,5.0,0.4844018518924713,0.5074952611498444,0.4844018518924713,0.48763591051101685,0.15168535709381104
mnar_outcome,prior_separated,v2,6102,10.0,0.2858976721763611,0.3446608548053752,0.2858976721763611,0.2937059700489044,0.07348836958408356
mnar_outcome,prior_separated,v2,6102,15.0,0.1756916493177414,0.2980746479136097,0.1756916493177414,0.17786231637001038,0.0387749969959259
mnar_outcome,prior_separated,v2,6102,20.0,0.1415012627840042,0.3051680052281386,0.1415012627840042,0.16098785400390625,0.032639145851135254
mnar_outcome,prior_separated,v2,6102,25.0,0.11948210746049881,0.33670326150458185,0.11948210746049881,0.14395351707935333,0.027665182948112488
mnar_outcome,prior_separated,v2,6102,30.0,0.09112706780433655,0.39876026143001086,0.09112706780433655,0.09521253407001495,0.019521620124578476
mnar_outcome,prior_separated,v2,6102,35.0,0.0855187326669693,0.45708797827314107,0.0855187326669693,0.09090180695056915,0.017781507223844528
mnar_outcome,prior_separated,v2,6102,40.0,0.0706598311662674,0.3917653107330098,0.0706598311662674,0.07398325949907303,0.014557996764779091
mnar_outcome,prior_separated,v2,6102,45.0,0.08313879370689392,0.5590815102348191,0.08313879370689392,0.09082664549350739,0.01888568326830864
mnar_outcome,prior_separated,v2,6102,50.0,0.08272205293178558,0.40113418071815937,0.08272205293178558,0.09600383788347244,0.02059917524456978
mnar_outcome,prior_separated,v2,6102,55.0,0.0652274489402771,0.5662631958578181,0.0652274489402771,0.06526301801204681,0.013695714995265007
mnar_outcome,structured_policy_bank,v4,6102,5.0,0.39426958560943604,0.35454824712081107,0.39426958560943604,0.48354437947273254,0.11419066041707993
mnar_outcome,structured_policy_bank,v4,6102,10.0,0.2411724478006363,0.264049914598691,0.2411724478006363,0.39322298765182495,0.06135232001543045
mnar_outcome,structured_policy_bank,v4,6102,15.0,0.19861431419849396,0.24691594873771072,0.19861431419849396,0.33967816829681396,0.050859417766332626
mnar_outcome,structured_policy_bank,v4,6102,20.0,0.17825348675251007,0.2409969742475373,0.17825348675251007,0.3176376521587372,0.04550687596201897
mnar_outcome,structured_policy_bank,v4,6102,25.0,0.16778142750263214,0.23637756797529114,0.16778142750263214,0.31703054904937744,0.042896781116724014
mnar_outcome,structured_policy_bank,v4,6102,30.0,0.1636645346879959,0.22808043979810272,0.1636645346879959,0.3325514495372772,0.042243387550115585
mnar_outcome,structured_policy_bank,v4,6102,35.0,0.15002642571926117,0.21962350191122432,0.15002642571926117,0.2570789158344269,0.03854234889149666
mnar_outcome,structured_policy_bank,v4,6102,40.0,0.1496945172548294,0.21383744394469262,0.1496945172548294,0.2846672534942627,0.03858192265033722
mnar_outcome,structured_policy_bank,v4,6102,45.0,0.14101174473762512,0.21375304296945558,0.14101174473762512,0.24864907562732697,0.03635742887854576
mnar_outcome,structured_policy_bank,v4,6102,50.0,0.13898825645446777,0.21405247779376163,0.13898825645446777,0.24664761126041412,0.03552587330341339
mnar_outcome,structured_policy_bank,v4,6102,55.0,0.13309074938297272,0.2154304053232623,0.13309074938297272,0.2413455694913864,0.03408763185143471
mnar_outcome,structured_policy_bank,v4,6102,60.0,0.1370869278907776,0.21775679188550945,0.1370869278907776,0.21800586581230164,0.03624892979860306
mnar_outcome,structured_policy_bank,v4,6102,65.0,0.1401822865009308,0.21269141823700055,0.1401822865009308,0.28211724758148193,0.03778192773461342
mnar_outcome,structured_policy_bank,v4,6102,70.0,0.12325077503919601,0.21228226304082215,0.12325077503919601,0.2443070113658905,0.03205038607120514
mnar_outcome,structured_policy_bank,v4,6102,75.0,0.12721262872219086,0.21698610376376268,0.12721262872219086,0.23385122418403625,0.03374004364013672
mnar_outcome,structured_policy_bank,v4,6102,80.0,0.12869112193584442,0.2162567964662816,0.12869112193584442,0.24087145924568176,0.03452593460679054
mnar_outcome,structured_policy_bank,v4,6102,85.0,0.12822787463665009,0.21238370906574278,0.12822787463665009,0.29136472940444946,0.03457801416516304
mnar_outcome,structured_policy_bank,v4,6102,90.0,0.11731815338134766,0.20939685812462755,0.11731815338134766,0.24703463912010193,0.03116883896291256
mnar_outcome,structured_policy_bank,v4,6102,95.0,0.12473983317613602,0.2110911031873401,0.12473983317613602,0.23266053199768066,0.0338120236992836
mnar_outcome,structured_policy_bank,v4,6102,100.0,0.12316254526376724,0.21045356140485916,0.12316254526376724,0.3141203224658966,0.033715877681970596
mnar_outcome,site_only_dro,v5_site,6102,5.0,0.5194566249847412,0.5057247794323239,0.5194380879402161,0.5194751620292664,0.16735853254795074
mnar_outcome,site_only_dro,v5_site,6102,10.0,0.325769305229187,0.32816172808042077,0.3253985643386841,0.32614007592201233,0.0897764265537262
mnar_outcome,site_only_dro,v5_site,6102,15.0,0.23510418832302094,0.2724162798183991,0.23461668193340302,0.23559169471263885,0.06168739125132561
mnar_outcome,site_only_dro,v5_site,6102,20.0,0.2069639265537262,0.25241650939153654,0.2066129893064499,0.2073148787021637,0.055618446320295334
mnar_outcome,site_only_dro,v5_site,6102,25.0,0.1830536425113678,0.23131130685059215,0.18290284276008606,0.18320445716381073,0.04844944551587105
mnar_outcome,site_only_dro,v5_site,6102,30.0,0.16976672410964966,0.21676429137698217,0.16968750953674316,0.16984592378139496,0.04506753757596016
mnar_outcome,site_only_dro,v5_site,6102,35.0,0.15634632110595703,0.21814691056256758,0.15632909536361694,0.15636353194713593,0.04097658395767212
mnar_outcome,site_only_dro,v5_site,6102,40.0,0.1560390740633011,0.21292104507982407,0.15580129623413086,0.1562768518924713,0.041211869567632675
mnar_outcome,site_only_dro,v5_site,6102,45.0,0.15122230350971222,0.21452965423318232,0.15095655620098114,0.1514880508184433,0.03970668464899063
mnar_outcome,site_only_dro,v5_site,6102,50.0,0.14909200370311737,0.21411040422490474,0.1488920897245407,0.14929191768169403,0.039803702384233475
mnar_outcome,site_only_dro,v5_site,6102,55.0,0.141700878739357,0.21621784381212505,0.14112789928913116,0.14227385818958282,0.037540845572948456
mnar_outcome,site_only_dro,v5_site,6102,60.0,0.1382291167974472,0.20969055980581935,0.1381170004606247,0.13834123313426971,0.03727921470999718
mnar_outcome,site_only_dro,v5_site,6102,65.0,0.13166126608848572,0.20743326032479942,0.13162827491760254,0.1316942423582077,0.035197801887989044
mnar_outcome,site_only_dro,v5_site,6102,70.0,0.13165661692619324,0.2078870587449065,0.1316378116607666,0.13167543709278107,0.03538520634174347
mnar_outcome,site_only_dro,v5_site,6102,75.0,0.1281733512878418,0.20954523059553126,0.1281321793794632,0.1282145231962204,0.03464926406741142
mnar_outcome,site_only_dro,v5_site,6102,80.0,0.12694396078586578,0.2087182509959805,0.12691734731197357,0.126970574259758,0.034128207713365555
mnar_outcome,site_only_dro,v5_site,6102,85.0,0.1290128529071808,0.20705092005108822,0.12900371849536896,0.1290220022201538,0.03510822355747223
mnar_outcome,site_only_dro,v5_site,6102,90.0,0.1209261566400528,0.20905619422316601,0.12085989862680435,0.12099242210388184,0.033124890178442
mnar_outcome,site_only_dro,v5_site,6102,95.0,0.11834876984357834,0.2125800289735087,0.11825595796108246,0.11844158172607422,0.032396942377090454
mnar_outcome,site_only_dro,v5_site,6102,100.0,0.11799564957618713,0.21376450460574645,0.11797547340393066,0.118015818297863,0.03222191706299782
mnar_outcome,mask_only_dro,v5_mask,6102,5.0,0.42238369584083557,0.3849998146182969,0.42047929763793945,0.4242880940437317,0.12643161416053772
mnar_outcome,mask_only_dro,v5_mask,6102,10.0,0.2664881944656372,0.24992233376628942,0.2619587182998657,0.2710176408290863,0.07096586376428604
mnar_outcome,mask_only_dro,v5_mask,6102,15.0,0.19672775268554688,0.22520937014737008,0.19231921434402466,0.20113630592823029,0.05045666545629501
mnar_outcome,mask_only_dro,v5_mask,6102,20.0,0.18391884863376617,0.20560379450817318,0.17781932651996613,0.19001837074756622,0.04776350036263466
mnar_outcome,mask_only_dro,v5_mask,6102,25.0,0.16160431504249573,0.19074381854896638,0.15821464359760284,0.1649940013885498,0.04237225279211998
mnar_outcome,mask_only_dro,v5_mask,6102,30.0,0.1620231568813324,0.18723654513818477,0.15695050358772278,0.16709581017494202,0.04216518625617027
mnar_outcome,mask_only_dro,v5_mask,6102,35.0,0.14888817071914673,0.1826706177048506,0.14422041177749634,0.15355591475963593,0.03807801753282547
mnar_outcome,mask_only_dro,v5_mask,6102,40.0,0.14754949510097504,0.17800916371389577,0.14277678728103638,0.1523222029209137,0.03826690465211868
mnar_outcome,mask_only_dro,v5_mask,6102,45.0,0.13823404908180237,0.1800990625882164,0.13489781320095062,0.1415702849626541,0.03639812767505646
mnar_outcome,mask_only_dro,v5_mask,6102,50.0,0.13356775045394897,0.17887068440694331,0.12991367280483246,0.1372218132019043,0.03474315255880356
mnar_outcome,mask_only_dro,v5_mask,6102,55.0,0.12928053736686707,0.1712238330688342,0.12670905888080597,0.13185201585292816,0.03406283259391785
mnar_outcome,mask_only_dro,v5_mask,6102,60.0,0.1326899230480194,0.17445546059340217,0.12838709354400635,0.13699273765087128,0.03522402420639992
mnar_outcome,mask_only_dro,v5_mask,6102,65.0,0.12900730967521667,0.17990756505266475,0.12471555173397064,0.1332990676164627,0.03378424420952797
mnar_outcome,mask_only_dro,v5_mask,6102,70.0,0.12447354197502136,0.17965825829556709,0.12069342285394669,0.12825365364551544,0.03317662701010704
mnar_outcome,mask_only_dro,v5_mask,6102,75.0,0.13117840886116028,0.1719355778221397,0.1264951527118683,0.13586167991161346,0.03469555079936981
mnar_outcome,mask_only_dro,v5_mask,6102,80.0,0.12188617885112762,0.17015157572507697,0.11784394830465317,0.12592840194702148,0.03251019865274429
mnar_outcome,mask_only_dro,v5_mask,6102,85.0,0.12042294442653656,0.16841854479932195,0.11784088611602783,0.12300501018762589,0.0323558934032917
mnar_outcome,mask_only_dro,v5_mask,6102,90.0,0.13099929690361023,0.16683936026464918,0.12609583139419556,0.1359027475118637,0.03541477397084236
mnar_outcome,mask_only_dro,v5_mask,6102,95.0,0.11370673775672913,0.16713746460412987,0.11106310039758682,0.11635036766529083,0.03095712698996067
mnar_outcome,mask_only_dro,v5_mask,6102,100.0,0.11438289284706116,0.1692564804474665,0.11091466248035431,0.11785111576318741,0.030969057232141495
mnar_outcome,site_mask_dro,v5,6102,5.0,0.44427037239074707,0.40256510820710156,0.4419812262058258,0.44655951857566833,0.13458071649074554
mnar_outcome,site_mask_dro,v5,6102,10.0,0.27840742468833923,0.2526734442856251,0.27454468607902527,0.2822701632976532,0.07464305311441422
mnar_outcome,site_mask_dro,v5,6102,15.0,0.2071830779314041,0.2056723083999652,0.20455265045166016,0.20981350541114807,0.05399439111351967
mnar_outcome,site_mask_dro,v5,6102,20.0,0.1788138449192047,0.20656702726672888,0.17440921068191528,0.18321847915649414,0.04561467096209526
mnar_outcome,site_mask_dro,v5,6102,25.0,0.16209813952445984,0.20403714566166975,0.15935468673706055,0.16484160721302032,0.04157393425703049
mnar_outcome,site_mask_dro,v5,6102,30.0,0.15899798274040222,0.19400088751428934,0.15525466203689575,0.1627412885427475,0.04126901179552078
mnar_outcome,site_mask_dro,v5,6102,35.0,0.15399374067783356,0.19052366452646152,0.1499568670988083,0.15803061425685883,0.03977007046341896
mnar_outcome,site_mask_dro,v5,6102,40.0,0.14999762177467346,0.18281427278585627,0.14470405876636505,0.15529118478298187,0.03868245333433151
mnar_outcome,site_mask_dro,v5,6102,45.0,0.14088331162929535,0.1762953021378466,0.13694411516189575,0.14482250809669495,0.036632947623729706
mnar_outcome,site_mask_dro,v5,6102,50.0,0.14440500736236572,0.1746930698132882,0.1392114758491516,0.14959855377674103,0.03750335052609444
mnar_outcome,site_mask_dro,v5,6102,55.0,0.1380886435508728,0.17808536557418736,0.13407114148139954,0.14210616052150726,0.0359019860625267
mnar_outcome,site_mask_dro,v5,6102,60.0,0.13676415383815765,0.17912710084994096,0.13201485574245453,0.14151345193386078,0.035429537296295166
mnar_outcome,site_mask_dro,v5,6102,65.0,0.1301763355731964,0.18165191455167057,0.12486187368631363,0.1354908049106598,0.03324802964925766
mnar_outcome,site_mask_dro,v5,6102,70.0,0.12996599078178406,0.18869380133947036,0.12469400465488434,0.13523797690868378,0.03328578546643257
mnar_outcome,site_mask_dro,v5,6102,75.0,0.11845913529396057,0.1832989359964451,0.11498896032571793,0.12192931026220322,0.030677080154418945
mnar_outcome,site_mask_dro,v5,6102,80.0,0.12253424525260925,0.18353104122320307,0.11905273050069809,0.126015767455101,0.03198567032814026
mnar_outcome,site_mask_dro,v5,6102,85.0,0.12491953372955322,0.18033164575789368,0.11987241357564926,0.1299666464328766,0.032452598214149475
mnar_outcome,site_mask_dro,v5,6102,90.0,0.12409408390522003,0.1853733439390033,0.11969942599534988,0.12848873436450958,0.032740622758865356
mnar_outcome,site_mask_dro_ane,v7,6102,5.0,0.511120617389679,0.4969393426240252,0.4932641386985779,0.4968356192111969,0.1607072949409485
mnar_outcome,site_mask_dro_ane,v7,6102,10.0,0.3803253471851349,0.42727569706600743,0.3611568510532379,0.3771519660949707,0.11170951277017593
mnar_outcome,site_mask_dro_ane,v7,6102,15.0,0.3244260549545288,0.41117879136721364,0.30843591690063477,0.3221433758735657,0.09136404097080231
mnar_outcome,site_mask_dro_ane,v7,6102,20.0,0.28590893745422363,0.40062549463981767,0.2699216902256012,0.28593894839286804,0.0797862634062767
mnar_outcome,site_mask_dro_ane,v7,6102,25.0,0.26920655369758606,0.38873887766413395,0.25324487686157227,0.27048370242118835,0.07342243194580078
mnar_outcome,site_mask_dro_ane,v7,6102,30.0,0.2499745786190033,0.3640178534249803,0.23479801416397095,0.2517506778240204,0.06700237840414047
mnar_outcome,site_mask_dro_ane,v7,6102,35.0,0.22105105221271515,0.3327624650319292,0.2086222916841507,0.221779927611351,0.05849945545196533
mnar_outcome,site_mask_dro_ane,v7,6102,40.0,0.20406439900398254,0.30424858814280753,0.19219517707824707,0.2049843817949295,0.05474626272916794
mnar_outcome,site_mask_dro_ane,v7,6102,45.0,0.19405436515808105,0.29240250776456705,0.18082916736602783,0.19715271890163422,0.05063410848379135
mnar_outcome,site_mask_dro_ane,v7,6102,50.0,0.18308137357234955,0.28451736599694677,0.17227914929389954,0.18425512313842773,0.04814231023192406
mnar_outcome,site_mask_dro_ane,v7,6102,55.0,0.17333820462226868,0.2789529931782362,0.16383777558803558,0.17353582382202148,0.04651401564478874
mnar_outcome,site_mask_dro_ane,v7,6102,60.0,0.17299975454807281,0.2682196097176786,0.16327400505542755,0.17339400947093964,0.04665752127766609
mnar_outcome,site_mask_dro_ane,v7,6102,65.0,0.16640108823776245,0.26009590450013587,0.15645118057727814,0.16738605499267578,0.04482477903366089
mnar_outcome,site_mask_dro_ane,v7,6102,70.0,0.1557503193616867,0.25356872891368165,0.1447240561246872,0.15870924293994904,0.04033668711781502
mnar_outcome,site_mask_dro_ane,v7,6102,75.0,0.1665097028017044,0.24962295243558802,0.1531122475862503,0.17115040123462677,0.043783802539110184
mnar_outcome,site_mask_dro_ane,v7,6102,80.0,0.15741223096847534,0.24699008090840857,0.14671975374221802,0.1598639041185379,0.04120404273271561
mnar_outcome,site_mask_dro_ane,v7,6102,85.0,0.14925922453403473,0.2465380041092556,0.13691984117031097,0.15381336212158203,0.0389261357486248
mnar_outcome,site_mask_dro_ane,v7,6102,90.0,0.14660489559173584,0.2508629228523735,0.13604816794395447,0.14950452744960785,0.03828560560941696
mnar_outcome,site_mask_dro_ane,v7,6102,95.0,0.1539405882358551,0.25372874304868603,0.14156506955623627,0.15831546485424042,0.04000319913029671
mnar_outcome,site_mask_dro_ane,v7,6102,100.0,0.1441788673400879,0.25348223510817985,0.13404914736747742,0.14672408998012543,0.037922587245702744
mnar_outcome,pooled_erm,v0,6103,5.0,0.3870534896850586,0.42040150255965014,0.3870534896850586,0.3870534896850586,0.1131335198879242
mnar_outcome,pooled_erm,v0,6103,10.0,0.23807518184185028,0.31840176142422,0.23807518184185028,0.23807518184185028,0.05911242961883545
mnar_outcome,pooled_erm,v0,6103,15.0,0.17798106372356415,0.2711233387732423,0.17798106372356415,0.17798106372356415,0.0396910235285759
mnar_outcome,pooled_erm,v0,6103,20.0,0.1272188276052475,0.2603911813695327,0.1272188276052475,0.1272188276052475,0.024149585515260696
mnar_outcome,pooled_erm,v0,6103,25.0,0.1155695989727974,0.23901439073513886,0.1155695989727974,0.1155695989727974,0.023410553112626076
mnar_outcome,pooled_erm,v0,6103,30.0,0.09385092556476593,0.25468014336773254,0.09385092556476593,0.09385092556476593,0.01769115962088108
mnar_outcome,pooled_erm,v0,6103,35.0,0.07109210640192032,0.25876464547507305,0.07109210640192032,0.07109210640192032,0.0111517533659935
mnar_outcome,pooled_erm,v0,6103,40.0,0.07673551887273788,0.2717153468943981,0.07673551887273788,0.07673551887273788,0.014171305112540722
mnar_outcome,pooled_erm,v0,6103,45.0,0.05653509870171547,0.29304837412859663,0.05653509870171547,0.05653509870171547,0.008672754280269146
mnar_outcome,pooled_erm,v0,6103,50.0,0.057083725929260254,0.3235542536974022,0.057083725929260254,0.057083725929260254,0.009950629435479641
mnar_outcome,pooled_erm,v0,6103,55.0,0.06306006014347076,0.32871110218591887,0.06306006014347076,0.06306006014347076,0.012635735794901848
mnar_outcome,pooled_erm,v0,6103,60.0,0.0536523163318634,0.36436993634944903,0.0536523163318634,0.0536523163318634,0.010531953535974026
mnar_outcome,pooled_erm,v0,6103,65.0,0.045390784740448,0.3549942320774845,0.045390784740448,0.045390784740448,0.007906772196292877
mnar_outcome,prior_separated,v2,6103,5.0,0.3655605912208557,0.43122382076044674,0.3655605912208557,0.3714393675327301,0.10315623134374619
mnar_outcome,prior_separated,v2,6103,10.0,0.20871230959892273,0.3388294805728621,0.20871230959892273,0.21344751119613647,0.05108805000782013
mnar_outcome,prior_separated,v2,6103,15.0,0.13387541472911835,0.29918705682378083,0.13387541472911835,0.14288724958896637,0.029085811227560043
mnar_outcome,prior_separated,v2,6103,20.0,0.10601718723773956,0.307432513509119,0.10601718723773956,0.1124119833111763,0.023705806583166122
mnar_outcome,prior_separated,v2,6103,25.0,0.07943461090326309,0.32885549614908033,0.07943461090326309,0.08075274527072906,0.01590542122721672
mnar_outcome,prior_separated,v2,6103,30.0,0.06882977485656738,0.31439892558748206,0.06882977485656738,0.0846923291683197,0.013090379536151886
mnar_outcome,prior_separated,v2,6103,35.0,0.07661555707454681,0.39096922606479223,0.07661555707454681,0.0845002606511116,0.016627170145511627
mnar_outcome,prior_separated,v2,6103,40.0,0.08361038565635681,0.40442342603149334,0.08361038565635681,0.11382150650024414,0.02098972350358963
mnar_outcome,prior_separated,v2,6103,45.0,0.06628455221652985,0.3545995987809217,0.06628455221652985,0.0671515166759491,0.014483487233519554
mnar_outcome,prior_separated,v2,6103,50.0,0.06001756340265274,0.4107119212167083,0.06001756340265274,0.06760387122631073,0.013571269810199738
mnar_outcome,prior_separated,v2,6103,55.0,0.06520691514015198,0.33054973995770554,0.06520691514015198,0.07092124223709106,0.014802671037614346
mnar_outcome,structured_policy_bank,v4,6103,5.0,0.46666356921195984,0.4140515786272331,0.46666356921195984,0.5356793403625488,0.14542126655578613
mnar_outcome,structured_policy_bank,v4,6103,10.0,0.3192635178565979,0.29220293597240843,0.3192635178565979,0.43408262729644775,0.08993624150753021
mnar_outcome,structured_policy_bank,v4,6103,15.0,0.25437748432159424,0.244557185770144,0.25437748432159424,0.36279919743537903,0.07047609239816666
mnar_outcome,structured_policy_bank,v4,6103,20.0,0.21059685945510864,0.21814089391218405,0.21059685945510864,0.3256855905056,0.056735411286354065
mnar_outcome,structured_policy_bank,v4,6103,25.0,0.18318788707256317,0.2030248226742341,0.18318788707256317,0.327571302652359,0.04836073890328407
mnar_outcome,structured_policy_bank,v4,6103,30.0,0.1732625514268875,0.2092110268313395,0.1732625514268875,0.3079417645931244,0.04557257145643234
mnar_outcome,structured_policy_bank,v4,6103,35.0,0.1693015843629837,0.21041248009322855,0.1693015843629837,0.31598180532455444,0.04476736858487129
mnar_outcome,structured_policy_bank,v4,6103,40.0,0.15381117165088654,0.2040858964296744,0.15381117165088654,0.2929980158805847,0.0411413200199604
mnar_outcome,structured_policy_bank,v4,6103,45.0,0.14736877381801605,0.19949250049948686,0.14736877381801605,0.29389211535453796,0.03879564628005028
mnar_outcome,structured_policy_bank,v4,6103,50.0,0.14687231183052063,0.20162673446412185,0.14687231183052063,0.2733837366104126,0.03901032730937004
mnar_outcome,structured_policy_bank,v4,6103,55.0,0.14334149658679962,0.19917866075274215,0.14334149658679962,0.27627032995224,0.0382038876414299
mnar_outcome,structured_policy_bank,v4,6103,60.0,0.14540454745292664,0.19681031977628044,0.14540454745292664,0.28546005487442017,0.03929884359240532
mnar_outcome,structured_policy_bank,v4,6103,65.0,0.1434931755065918,0.1920678641968668,0.1434931755065918,0.2994532585144043,0.038880519568920135
mnar_outcome,structured_policy_bank,v4,6103,70.0,0.1338835060596466,0.19326658796174745,0.1338835060596466,0.2945481538772583,0.03608576953411102
mnar_outcome,structured_policy_bank,v4,6103,75.0,0.13519422709941864,0.19513792367279714,0.13519422709941864,0.2534337639808655,0.036676038056612015
mnar_outcome,structured_policy_bank,v4,6103,80.0,0.13214179873466492,0.19306073580816,0.13214179873466492,0.25103020668029785,0.03600480780005455
mnar_outcome,structured_policy_bank,v4,6103,85.0,0.12427548319101334,0.19195095153316816,0.12427548319101334,0.23989981412887573,0.03351636230945587
mnar_outcome,structured_policy_bank,v4,6103,90.0,0.12848898768424988,0.1912971260359918,0.12848898768424988,0.2776424288749695,0.0352405309677124
mnar_outcome,structured_policy_bank,v4,6103,95.0,0.12828485667705536,0.19385601117346823,0.12828485667705536,0.2978738844394684,0.03532988578081131
mnar_outcome,structured_policy_bank,v4,6103,100.0,0.1303209811449051,0.19517103093947813,0.1303209811449051,0.2728215157985687,0.036412954330444336
mnar_outcome,site_only_dro,v5_site,6103,5.0,0.558756947517395,0.49079566452309353,0.5586130619049072,0.5589008331298828,0.1856771558523178
mnar_outcome,site_only_dro,v5_site,6103,10.0,0.3809926509857178,0.3312400718228179,0.38072219491004944,0.3812630772590637,0.11149930953979492
mnar_outcome,site_only_dro,v5_site,6103,15.0,0.2806689739227295,0.2571896223815001,0.28046876192092896,0.2808692157268524,0.0790189802646637
mnar_outcome,site_only_dro,v5_site,6103,20.0,0.217564195394516,0.21178002697103712,0.21756131947040558,0.2175670713186264,0.058655235916376114
mnar_outcome,site_only_dro,v5_site,6103,25.0,0.18651071190834045,0.19997411108081564,0.18650610744953156,0.18651533126831055,0.049424972385168076
mnar_outcome,site_only_dro,v5_site,6103,30.0,0.17185348272323608,0.1906311713888989,0.17176713049411774,0.17193984985351562,0.04558270424604416
mnar_outcome,site_only_dro,v5_site,6103,35.0,0.16427107155323029,0.18032817241632892,0.16427107155323029,0.16427107155323029,0.0438879057765007
mnar_outcome,site_only_dro,v5_site,6103,40.0,0.1641906201839447,0.1715603342361368,0.16415739059448242,0.16422386467456818,0.043794918805360794
mnar_outcome,site_only_dro,v5_site,6103,45.0,0.15573260188102722,0.17079445560086046,0.15568262338638306,0.1557825654745102,0.04173753038048744
mnar_outcome,site_only_dro,v5_site,6103,50.0,0.14537197351455688,0.17456904988732294,0.14536765217781067,0.1453763097524643,0.038591936230659485
mnar_outcome,site_only_dro,v5_site,6103,55.0,0.13604173064231873,0.1759076326536193,0.13601785898208618,0.13606558740139008,0.0360066257417202
mnar_outcome,site_only_dro,v5_site,6103,60.0,0.13701793551445007,0.17465564750314885,0.13701112568378448,0.13702474534511566,0.036470938473939896
mnar_outcome,site_only_dro,v5_site,6103,65.0,0.13658957183361053,0.1754602940656811,0.13658589124679565,0.13659325242042542,0.036515891551971436
mnar_outcome,site_only_dro,v5_site,6103,70.0,0.12661750614643097,0.17324024817575984,0.12660717964172363,0.1266278326511383,0.0340377613902092
mnar_outcome,site_only_dro,v5_site,6103,75.0,0.12644752860069275,0.17127405481299618,0.12633603811264038,0.12655901908874512,0.03385050594806671
mnar_outcome,site_only_dro,v5_site,6103,80.0,0.12872779369354248,0.17355654048967778,0.12872156500816345,0.1287340372800827,0.03518136590719223
mnar_outcome,site_only_dro,v5_site,6103,85.0,0.12878552079200745,0.16434321885445322,0.12876935303211212,0.12880168855190277,0.03566305711865425
mnar_outcome,site_only_dro,v5_site,6103,90.0,0.12680763006210327,0.16335676314234202,0.12680570781230927,0.12680955231189728,0.03502664715051651
mnar_outcome,site_only_dro,v5_site,6103,95.0,0.12734860181808472,0.1665746537086417,0.12733185291290283,0.1273653507232666,0.03516737371683121
mnar_outcome,site_only_dro,v5_site,6103,100.0,0.12414662539958954,0.16741433867238287,0.12408918887376785,0.12420406192541122,0.033999454230070114
mnar_outcome,mask_only_dro,v5_mask,6103,5.0,0.49259257316589355,0.40917602018972,0.4910353720188141,0.494149774312973,0.15575051307678223
mnar_outcome,mask_only_dro,v5_mask,6103,10.0,0.2990599274635315,0.29353701654129966,0.29348209500312805,0.30463775992393494,0.08094219118356705
mnar_outcome,mask_only_dro,v5_mask,6103,15.0,0.22419089078903198,0.25650136652753175,0.22030675411224365,0.2280750274658203,0.05937005579471588
mnar_outcome,mask_only_dro,v5_mask,6103,20.0,0.19445408880710602,0.23687904055468786,0.19035565853118896,0.19855251908302307,0.05154295638203621
mnar_outcome,mask_only_dro,v5_mask,6103,25.0,0.17144954204559326,0.22670132190091552,0.16678296029567719,0.17611613869667053,0.04370766878128052
mnar_outcome,mask_only_dro,v5_mask,6103,30.0,0.1659255027770996,0.22032313177195884,0.1609797477722168,0.17087125778198242,0.042644958943128586
mnar_outcome,mask_only_dro,v5_mask,6103,35.0,0.1598130464553833,0.21086727369951644,0.15589818358421326,0.16372790932655334,0.04166565090417862
mnar_outcome,mask_only_dro,v5_mask,6103,40.0,0.15501241385936737,0.201315200762749,0.15052632987499237,0.15949849784374237,0.040410589426755905
mnar_outcome,mask_only_dro,v5_mask,6103,45.0,0.14771109819412231,0.19402879524935127,0.1440327763557434,0.15138940513134003,0.03843023255467415
mnar_outcome,mask_only_dro,v5_mask,6103,50.0,0.145028218626976,0.19372565409404527,0.1404680460691452,0.14958839118480682,0.037912286818027496
mnar_outcome,mask_only_dro,v5_mask,6103,55.0,0.14609688520431519,0.19407541851554336,0.14001353085041046,0.1521802395582199,0.0373200923204422
mnar_outcome,mask_only_dro,v5_mask,6103,60.0,0.13665178418159485,0.19672750716126103,0.13266223669052124,0.14064131677150726,0.035624969750642776
mnar_outcome,mask_only_dro,v5_mask,6103,65.0,0.13902795314788818,0.19603279079862113,0.13314802944660187,0.1449078619480133,0.0363348126411438
mnar_outcome,mask_only_dro,v5_mask,6103,70.0,0.14040213823318481,0.19280389316961102,0.13561654090881348,0.14518772065639496,0.03724687546491623
mnar_outcome,mask_only_dro,v5_mask,6103,75.0,0.12756651639938354,0.19026432733674573,0.12423140555620193,0.13090161979198456,0.03348011523485184
mnar_outcome,mask_only_dro,v5_mask,6103,80.0,0.13457980751991272,0.1900766087815886,0.12788942456245422,0.1412702053785324,0.03503729775547981
mnar_outcome,mask_only_dro,v5_mask,6103,85.0,0.12672431766986847,0.19397591049331053,0.12357374280691147,0.12987489998340607,0.03374827653169632
mnar_outcome,mask_only_dro,v5_mask,6103,90.0,0.12059393525123596,0.20115338304795202,0.11704444885253906,0.12414341419935226,0.0319916270673275
mnar_outcome,mask_only_dro,v5_mask,6103,95.0,0.1287829577922821,0.1926184985717485,0.1256021410226822,0.13196377456188202,0.034791864454746246
mnar_outcome,mask_only_dro,v5_mask,6103,100.0,0.11769130825996399,0.19048973134792618,0.1143980547785759,0.12098455429077148,0.03131307661533356
mnar_outcome,site_mask_dro,v5,6103,5.0,0.49504712224006653,0.4102956689206359,0.4939791262149811,0.496115118265152,0.15711912512779236
mnar_outcome,site_mask_dro,v5,6103,10.0,0.30852729082107544,0.26210707461481475,0.30523809790611267,0.3118165135383606,0.08417990803718567
mnar_outcome,site_mask_dro,v5,6103,15.0,0.2180822491645813,0.2231776329014378,0.21407100558280945,0.22209349274635315,0.056957848370075226
mnar_outcome,site_mask_dro,v5,6103,20.0,0.19714534282684326,0.21560910537615935,0.19173122942447662,0.2025594711303711,0.05176136642694473
mnar_outcome,site_mask_dro,v5,6103,25.0,0.17910638451576233,0.21093817431141149,0.17500345408916473,0.18320932984352112,0.046875741332769394
mnar_outcome,site_mask_dro,v5,6103,30.0,0.1680930107831955,0.19533741259522158,0.16377867758274078,0.1724073439836502,0.04453204199671745
mnar_outcome,site_mask_dro,v5,6103,35.0,0.15761515498161316,0.1897520670002425,0.15230268239974976,0.16292762756347656,0.04061494395136833
mnar_outcome,site_mask_dro,v5,6103,40.0,0.1566125452518463,0.17815230090993348,0.15091252326965332,0.1623125523328781,0.04052247479557991
mnar_outcome,site_mask_dro,v5,6103,45.0,0.15284903347492218,0.18121020101886726,0.14728598296642303,0.15841208398342133,0.03934340178966522
mnar_outcome,site_mask_dro,v5,6103,50.0,0.14213402569293976,0.1846694071808549,0.1385023593902588,0.14576569199562073,0.03732450306415558
mnar_outcome,site_mask_dro,v5,6103,55.0,0.1431029736995697,0.17054613053592008,0.13874760270118713,0.14745835959911346,0.03773578628897667
mnar_outcome,site_mask_dro,v5,6103,60.0,0.13655373454093933,0.16842766025022962,0.13158631324768066,0.1415211707353592,0.035362567752599716
mnar_outcome,site_mask_dro,v5,6103,65.0,0.14500880241394043,0.1721564606423886,0.13816751539707184,0.15185008943080902,0.03777255490422249
mnar_outcome,site_mask_dro,v5,6103,70.0,0.13061895966529846,0.16569809907747496,0.12711718678474426,0.13412074744701385,0.03448706865310669
mnar_outcome,site_mask_dro,v5,6103,75.0,0.1365606188774109,0.16692527703845828,0.13153524696826935,0.14158597588539124,0.036304131150245667
mnar_outcome,site_mask_dro,v5,6103,80.0,0.13618814945220947,0.167759904858367,0.13132058084011078,0.14105573296546936,0.03634360432624817
mnar_outcome,site_mask_dro,v5,6103,85.0,0.12767374515533447,0.16896480778542475,0.12237223237752914,0.1329752504825592,0.03272378817200661
mnar_outcome,site_mask_dro,v5,6103,90.0,0.12568700313568115,0.16916632560863964,0.12159848213195801,0.1297755241394043,0.03354569151997566
mnar_outcome,site_mask_dro,v5,6103,95.0,0.12512826919555664,0.16871020029298672,0.12142661213874817,0.12882991135120392,0.03357382491230965
mnar_outcome,site_mask_dro,v5,6103,100.0,0.12616467475891113,0.16917580603653148,0.12257737666368484,0.12975196540355682,0.034320443868637085
mnar_outcome,site_mask_dro_ane,v7,6103,5.0,0.5251849889755249,0.4771987509290073,0.506662905216217,0.510642945766449,0.1653207391500473
mnar_outcome,site_mask_dro_ane,v7,6103,10.0,0.3613395392894745,0.3924217855194597,0.3439665734767914,0.3575518727302551,0.10580340772867203
mnar_outcome,site_mask_dro_ane,v7,6103,15.0,0.307667076587677,0.36690544828782645,0.2932274043560028,0.30435821413993835,0.08874253183603287
mnar_outcome,site_mask_dro_ane,v7,6103,20.0,0.28872495889663696,0.3491864121854825,0.2733062207698822,0.28795748949050903,0.08093110471963882
mnar_outcome,site_mask_dro_ane,v7,6103,25.0,0.2602290213108063,0.3272443369144069,0.24645741283893585,0.2596743702888489,0.07163143903017044
mnar_outcome,site_mask_dro_ane,v7,6103,30.0,0.2358422577381134,0.3074148974121532,0.2232569307088852,0.23557205498218536,0.06427758187055588
mnar_outcome,site_mask_dro_ane,v7,6103,35.0,0.21361202001571655,0.2930359202235219,0.2015170007944107,0.21429792046546936,0.05704545974731445
mnar_outcome,site_mask_dro_ane,v7,6103,40.0,0.20845690369606018,0.2787295299782844,0.1968073844909668,0.2088301181793213,0.056381478905677795
mnar_outcome,site_mask_dro_ane,v7,6103,45.0,0.1854662448167801,0.2615319246356177,0.17496860027313232,0.18611136078834534,0.04926268011331558
mnar_outcome,site_mask_dro_ane,v7,6103,50.0,0.17982178926467896,0.2485113150886782,0.16910558938980103,0.18085841834545135,0.048397794365882874
mnar_outcome,site_mask_dro_ane,v7,6103,55.0,0.17297005653381348,0.24204141616483876,0.16117987036705017,0.17564506828784943,0.045575838536024094
mnar_outcome,site_mask_dro_ane,v7,6103,60.0,0.16183321177959442,0.24107977560281887,0.15064825117588043,0.16462822258472443,0.041949737817049026
mnar_outcome,site_mask_dro_ane,v7,6103,65.0,0.15915626287460327,0.23537379503920408,0.14941854774951935,0.16040821373462677,0.0424288772046566
mnar_outcome,site_mask_dro_ane,v7,6103,70.0,0.16239163279533386,0.23171046846335797,0.1511894017457962,0.16497159004211426,0.04311142489314079
mnar_outcome,site_mask_dro_ane,v7,6103,75.0,0.15856711566448212,0.22768687062468443,0.14870037138462067,0.1598711460828781,0.04281352832913399
mnar_outcome,site_mask_dro_ane,v7,6103,80.0,0.14163026213645935,0.22654663737606295,0.13306249678134918,0.14277048408985138,0.03713764622807503
mnar_outcome,site_mask_dro_ane,v7,6103,85.0,0.1428198516368866,0.22196129835548212,0.13200952112674713,0.14619794487953186,0.03716117888689041
mnar_outcome,site_mask_dro_ane,v7,6103,90.0,0.14846636354923248,0.2260848417333685,0.13668584823608398,0.1525890827178955,0.03828904405236244
mnar_outcome,site_mask_dro_ane,v7,6103,95.0,0.14384905993938446,0.224569910066443,0.13466376066207886,0.1452614814043045,0.03886452317237854
mnar_outcome,site_mask_dro_ane,v7,6103,100.0,0.14071601629257202,0.2266374481866471,0.1305551826953888,0.1434684842824936,0.03704185038805008
