outer_target,inner_validation,experiment,variant,parameter_id,seed,epoch,objective,validation_score,mean_group_risk,robust_group_risk,mean_group_brier
cleveland,hungary,v2_attention_equal_budget,v2,0,5062,5.0,0.6086505055427551,0.5888668840486782,0.6086505055427551,0.6393195390701294,0.209288090467453
cleveland,hungary,v2_attention_equal_budget,v2,0,5062,10.0,0.5216045379638672,0.5461502050195863,0.5216045379638672,0.6020922064781189,0.17346543073654175
cleveland,hungary,v2_attention_equal_budget,v2,0,5062,15.0,0.48056820034980774,0.5623609140104493,0.48056820034980774,0.5976184606552124,0.15738409757614136
cleveland,hungary,v2_attention_equal_budget,v2,0,5062,20.0,0.45428383350372314,0.574748896579981,0.45428383350372314,0.5836137533187866,0.14708414673805237
cleveland,hungary,v2_attention_equal_budget,v2,0,5062,25.0,0.4223116934299469,0.6123728103515492,0.4223116934299469,0.5443905591964722,0.13742731511592865
cleveland,hungary,v2_attention_equal_budget,v2,0,5062,30.0,0.37024152278900146,0.6517176520257413,0.37024152278900146,0.5096830129623413,0.1167459562420845
cleveland,hungary,v2_attention_equal_budget,v2,0,5062,35.0,0.3319207429885864,0.6897295528903091,0.3319207429885864,0.4995749294757843,0.09934177994728088
cleveland,hungary,v2_attention_equal_budget,v2,0,5062,40.0,0.3010720908641815,0.6868706199128285,0.3010720908641815,0.40644603967666626,0.09027987718582153
cleveland,hungary,v2_attention_equal_budget,v2,0,5062,45.0,0.25561705231666565,0.7087676978142057,0.25561705231666565,0.39290401339530945,0.0758366510272026
cleveland,hungary,v2_attention_equal_budget,v2,0,5062,50.0,0.28524985909461975,0.7711805057946941,0.28524985909461975,0.429729700088501,0.08786855638027191
cleveland,hungary,v2_attention_equal_budget,v2,0,5063,5.0,0.6114175915718079,0.5276918260775864,0.6114175915718079,0.657219648361206,0.21144188940525055
cleveland,hungary,v2_attention_equal_budget,v2,0,5063,10.0,0.524581253528595,0.49609653997396713,0.524581253528595,0.6309441328048706,0.17545869946479797
cleveland,hungary,v2_attention_equal_budget,v2,0,5063,15.0,0.5076459050178528,0.5348706934941188,0.5076459050178528,0.6504495143890381,0.16825111210346222
cleveland,hungary,v2_attention_equal_budget,v2,0,5063,20.0,0.4763491153717041,0.534764347855087,0.4763491153717041,0.6295409202575684,0.15447290241718292
cleveland,hungary,v2_attention_equal_budget,v2,0,5063,25.0,0.4194578230381012,0.5676094301027196,0.4194578230381012,0.5449351668357849,0.13160167634487152
cleveland,hungary,v2_attention_equal_budget,v2,0,5063,30.0,0.3974781036376953,0.6093505972328976,0.3974781036376953,0.5860984921455383,0.1232222467660904
cleveland,hungary,v2_attention_equal_budget,v2,0,5063,35.0,0.3930867910385132,0.6425080371653785,0.3930867910385132,0.5653867721557617,0.12246929854154587
cleveland,hungary,v2_attention_equal_budget,v2,0,5063,40.0,0.3570723533630371,0.6489830855825609,0.3570723533630371,0.5561781525611877,0.10826103389263153
cleveland,hungary,v2_attention_equal_budget,v2,0,5063,45.0,0.3070521056652069,0.6626695772179217,0.3070521056652069,0.48773494362831116,0.09093153476715088
cleveland,hungary,v2_attention_equal_budget,v2,0,5063,50.0,0.3008858561515808,0.7149003487817687,0.3008858561515808,0.4616706371307373,0.09050336480140686
cleveland,hungary,v2_attention_equal_budget,v2,0,5064,5.0,0.5745694637298584,0.5757895391292831,0.5745694637298584,0.6129398345947266,0.19409491121768951
cleveland,hungary,v2_attention_equal_budget,v2,0,5064,10.0,0.5015668272972107,0.5491342017980494,0.5015668272972107,0.6092342138290405,0.1642245352268219
cleveland,hungary,v2_attention_equal_budget,v2,0,5064,15.0,0.46972352266311646,0.5902069471200704,0.46972352266311646,0.6361746788024902,0.15240567922592163
cleveland,hungary,v2_attention_equal_budget,v2,0,5064,20.0,0.4485829174518585,0.5961744362116115,0.4485829174518585,0.5864782333374023,0.14661911129951477
cleveland,hungary,v2_attention_equal_budget,v2,0,5064,25.0,0.42422711849212646,0.575881361457703,0.42422711849212646,0.589002788066864,0.13524016737937927
cleveland,hungary,v2_attention_equal_budget,v2,0,5064,30.0,0.3982258439064026,0.5786192821863481,0.3982258439064026,0.5550583600997925,0.12711969017982483
cleveland,hungary,v2_attention_equal_budget,v2,0,5064,35.0,0.38401761651039124,0.600898775565198,0.38401761651039124,0.5190842151641846,0.12230879068374634
cleveland,hungary,v2_attention_equal_budget,v2,0,5064,40.0,0.350705623626709,0.6579423457841148,0.350705623626709,0.5246611833572388,0.1086440235376358
cleveland,hungary,v2_attention_equal_budget,v2,0,5064,45.0,0.31509336829185486,0.6696587590121467,0.31509336829185486,0.4404129385948181,0.09903736412525177
cleveland,hungary,v2_attention_equal_budget,v2,0,5064,50.0,0.32333940267562866,0.7133239835834908,0.32333940267562866,0.46608197689056396,0.0994778722524643
cleveland,hungary,v2_attention_equal_budget,v2,0,5065,5.0,0.5771044492721558,0.5601199843722029,0.5771044492721558,0.620191216468811,0.19707435369491577
cleveland,hungary,v2_attention_equal_budget,v2,0,5065,10.0,0.5005229711532593,0.5454407282989362,0.5005229711532593,0.6014581918716431,0.1638498455286026
cleveland,hungary,v2_attention_equal_budget,v2,0,5065,15.0,0.476407527923584,0.5441083477543853,0.476407527923584,0.6403039693832397,0.15318673849105835
cleveland,hungary,v2_attention_equal_budget,v2,0,5065,20.0,0.47157227993011475,0.5677277328237644,0.47157227993011475,0.5837152004241943,0.1534254550933838
cleveland,hungary,v2_attention_equal_budget,v2,0,5065,25.0,0.4299830496311188,0.5665455221058978,0.4299830496311188,0.559608519077301,0.13863568007946014
cleveland,hungary,v2_attention_equal_budget,v2,0,5065,30.0,0.42046499252319336,0.5889019531298783,0.42046499252319336,0.5559128522872925,0.13376745581626892
cleveland,hungary,v2_attention_equal_budget,v2,0,5065,35.0,0.3396550714969635,0.6140894049092758,0.3396550714969635,0.5075794458389282,0.10420367866754532
cleveland,hungary,v2_attention_equal_budget,v2,0,5065,40.0,0.313965380191803,0.6540693918120178,0.313965380191803,0.48493313789367676,0.09434225410223007
cleveland,hungary,v2_attention_equal_budget,v2,0,5065,45.0,0.3674004375934601,0.677524856653198,0.3674004375934601,0.45023688673973083,0.11636008322238922
cleveland,hungary,v2_attention_equal_budget,v2,0,5065,50.0,0.27627599239349365,0.6676363549457891,0.27627599239349365,0.42522764205932617,0.08232568949460983
cleveland,hungary,v2_attention_equal_budget,v2,0,5065,55.0,0.24550528824329376,0.7016848817848698,0.24550528824329376,0.3765641450881958,0.06883741170167923
cleveland,hungary,v2_attention_equal_budget,v2,0,5066,5.0,0.5599675178527832,0.5441398684504047,0.5599675178527832,0.6160892844200134,0.18871626257896423
cleveland,hungary,v2_attention_equal_budget,v2,0,5066,10.0,0.5241698026657104,0.5456929080460754,0.5241698026657104,0.6153834462165833,0.17559167742729187
cleveland,hungary,v2_attention_equal_budget,v2,0,5066,15.0,0.49689310789108276,0.5512970631502869,0.49689310789108276,0.6326721906661987,0.16409699618816376
cleveland,hungary,v2_attention_equal_budget,v2,0,5066,20.0,0.43428120017051697,0.567795713486938,0.43428120017051697,0.5987823605537415,0.13796839118003845
cleveland,hungary,v2_attention_equal_budget,v2,0,5066,25.0,0.4204907715320587,0.6507975789962026,0.4204907715320587,0.5853586792945862,0.13575857877731323
cleveland,hungary,v2_attention_equal_budget,v2,0,5066,30.0,0.3858950138092041,0.5956382653124377,0.3858950138092041,0.5333556532859802,0.12026544660329819
cleveland,hungary,v2_attention_equal_budget,v2,0,5066,35.0,0.3670005202293396,0.6374809221286892,0.3670005202293396,0.5313335061073303,0.11588118225336075
cleveland,hungary,v2_attention_equal_budget,v2,0,5066,40.0,0.33951279520988464,0.642097743143871,0.33951279520988464,0.5290301442146301,0.10709638148546219
cleveland,hungary,v2_attention_equal_budget,v2,0,5066,45.0,0.3439751863479614,0.7450219175656907,0.3439751863479614,0.5087984800338745,0.10734529048204422
cleveland,hungary,v2_attention_equal_budget,v2,0,5067,5.0,0.5661404132843018,0.5479784854314528,0.5661404132843018,0.640017569065094,0.19017210602760315
cleveland,hungary,v2_attention_equal_budget,v2,0,5067,10.0,0.5256030559539795,0.5620232536159054,0.5256030559539795,0.6334878206253052,0.17311446368694305
cleveland,hungary,v2_attention_equal_budget,v2,0,5067,15.0,0.49054789543151855,0.5554941578898422,0.49054789543151855,0.6333468556404114,0.1631319224834442
cleveland,hungary,v2_attention_equal_budget,v2,0,5067,20.0,0.4672033190727234,0.5509315392741166,0.4672033190727234,0.6194165945053101,0.15106427669525146
cleveland,hungary,v2_attention_equal_budget,v2,0,5067,25.0,0.4445085823535919,0.5849557345782699,0.4445085823535919,0.5968926548957825,0.14178630709648132
cleveland,hungary,v2_attention_equal_budget,v2,0,5067,30.0,0.3823404312133789,0.5851313597410204,0.3823404312133789,0.56374192237854,0.1181376576423645
cleveland,hungary,v2_attention_equal_budget,v2,0,5067,35.0,0.36112916469573975,0.6226796222084277,0.36112916469573975,0.5157017111778259,0.11226781457662582
cleveland,hungary,v2_attention_equal_budget,v2,0,5067,40.0,0.3226146101951599,0.6895061464881425,0.3226146101951599,0.4938567876815796,0.09838271886110306
cleveland,hungary,v2_attention_equal_budget,v2,0,5067,45.0,0.28990259766578674,0.7128137213064847,0.28990259766578674,0.4327431321144104,0.0855000838637352
cleveland,hungary,v2_attention_equal_budget,v2,0,5068,5.0,0.6168204545974731,0.6391583139604196,0.6168204545974731,0.6279029250144958,0.21357941627502441
cleveland,hungary,v2_attention_equal_budget,v2,0,5068,10.0,0.5733548402786255,0.5890598342674749,0.5733548402786255,0.6371113657951355,0.1942952573299408
cleveland,hungary,v2_attention_equal_budget,v2,0,5068,15.0,0.4966990649700165,0.5865985124184634,0.4966990649700165,0.6260442137718201,0.1638338565826416
cleveland,hungary,v2_attention_equal_budget,v2,0,5068,20.0,0.43586453795433044,0.635230007882974,0.43586453795433044,0.5831612944602966,0.13849061727523804
cleveland,hungary,v2_attention_equal_budget,v2,0,5068,25.0,0.384927362203598,0.6664974811919002,0.384927362203598,0.5630203485488892,0.11991504579782486
cleveland,hungary,v2_attention_equal_budget,v2,0,5068,30.0,0.3573981523513794,0.7008494502999829,0.3573981523513794,0.543843150138855,0.10972955077886581
cleveland,hungary,v2_attention_equal_budget,v2,0,5068,35.0,0.3340778946876526,0.7545943967274638,0.3340778946876526,0.510101854801178,0.09984971582889557
cleveland,hungary,v2_attention_equal_budget,v2,0,5068,40.0,0.3224875330924988,0.8238889049970335,0.3224875330924988,0.5175564885139465,0.09963975101709366
cleveland,hungary,v2_attention_equal_budget,v2,0,5068,45.0,0.32536616921424866,0.7670918246568085,0.32536616921424866,0.4896591901779175,0.10343806445598602
cleveland,hungary,v2_attention_equal_budget,v2,0,5068,50.0,0.24037028849124908,0.7965938875436596,0.24037028849124908,0.3937508463859558,0.07137899100780487
cleveland,hungary,v2_attention_equal_budget,v2,0,5068,55.0,0.284609317779541,0.8706637886088533,0.284609317779541,0.40863311290740967,0.08779634535312653
cleveland,hungary,v2_attention_equal_budget,v2,0,5069,5.0,0.5615646839141846,0.530461979324224,0.5615646839141846,0.6097257137298584,0.19025224447250366
cleveland,hungary,v2_attention_equal_budget,v2,0,5069,10.0,0.5175460577011108,0.5030314577577999,0.5175460577011108,0.600778341293335,0.17308203876018524
cleveland,hungary,v2_attention_equal_budget,v2,0,5069,15.0,0.5005409717559814,0.5016841491073029,0.5005409717559814,0.6233216524124146,0.16737040877342224
cleveland,hungary,v2_attention_equal_budget,v2,0,5069,20.0,0.47310876846313477,0.5300192966167209,0.47310876846313477,0.5984445810317993,0.1571527123451233
cleveland,hungary,v2_attention_equal_budget,v2,0,5069,25.0,0.44189947843551636,0.5356224321585913,0.44189947843551636,0.5886008739471436,0.14444023370742798
cleveland,hungary,v2_attention_equal_budget,v2,0,5069,30.0,0.39470794796943665,0.5629870464132429,0.39470794796943665,0.587828516960144,0.12380119413137436
cleveland,hungary,v2_attention_equal_budget,v2,0,5069,35.0,0.35802391171455383,0.6273271046475033,0.35802391171455383,0.5327258110046387,0.11050155013799667
cleveland,hungary,v2_attention_equal_budget,v2,0,5069,40.0,0.3439447283744812,0.6200547272317767,0.3439447283744812,0.525476336479187,0.10770011693239212
cleveland,hungary,v2_attention_equal_budget,v2,0,5069,45.0,0.3100951611995697,0.6822599045859548,0.3100951611995697,0.49063289165496826,0.09331896901130676
cleveland,hungary,v2_attention_equal_budget,v2,0,5069,50.0,0.30713343620300293,0.7128613977455205,0.30713343620300293,0.4546961486339569,0.09632021933794022
cleveland,hungary,v2_attention_equal_budget,v2,0,5069,55.0,0.3247721195220947,0.7728795762185741,0.3247721195220947,0.46790024638175964,0.10406965017318726
cleveland,hungary,v2_attention_equal_budget,v2,0,5070,5.0,0.5771880149841309,0.5679838619899737,0.5771880149841309,0.6213321685791016,0.1951078623533249
cleveland,hungary,v2_attention_equal_budget,v2,0,5070,10.0,0.5053354501724243,0.6003153417358179,0.5053354501724243,0.6045088171958923,0.16453638672828674
cleveland,hungary,v2_attention_equal_budget,v2,0,5070,15.0,0.4808126986026764,0.6148928642754823,0.4808126986026764,0.6045538187026978,0.1561235785484314
cleveland,hungary,v2_attention_equal_budget,v2,0,5070,20.0,0.4297817349433899,0.5829336554549325,0.4297817349433899,0.5792628526687622,0.13638852536678314
cleveland,hungary,v2_attention_equal_budget,v2,0,5070,25.0,0.39264580607414246,0.5999413239105525,0.39264580607414246,0.5550613403320312,0.12210975587368011
cleveland,hungary,v2_attention_equal_budget,v2,0,5070,30.0,0.3892909586429596,0.6934707181512103,0.3892909586429596,0.5169503688812256,0.12298378348350525
cleveland,hungary,v2_attention_equal_budget,v2,0,5070,35.0,0.3455643653869629,0.6530761882543361,0.3455643653869629,0.47123533487319946,0.11005379259586334
cleveland,hungary,v2_attention_equal_budget,v2,0,5070,40.0,0.29630571603775024,0.7213890433053787,0.29630571603775024,0.46261489391326904,0.08914836496114731
cleveland,hungary,v2_attention_equal_budget,v2,0,5070,45.0,0.265893816947937,0.7952446624604159,0.265893816947937,0.4429766833782196,0.07803869247436523
cleveland,hungary,v2_attention_equal_budget,v2,0,5071,5.0,0.5889554619789124,0.5374905761648334,0.5889554619789124,0.6226735711097717,0.20243710279464722
cleveland,hungary,v2_attention_equal_budget,v2,0,5071,10.0,0.538698136806488,0.5095834952449337,0.538698136806488,0.5984430313110352,0.18147459626197815
cleveland,hungary,v2_attention_equal_budget,v2,0,5071,15.0,0.4913390278816223,0.5297981382229722,0.4913390278816223,0.6088646650314331,0.162899911403656
cleveland,hungary,v2_attention_equal_budget,v2,0,5071,20.0,0.4543384909629822,0.5578881338414132,0.4543384909629822,0.6243591904640198,0.1443629115819931
cleveland,hungary,v2_attention_equal_budget,v2,0,5071,25.0,0.41781625151634216,0.5832422853202766,0.41781625151634216,0.5448541641235352,0.1331598162651062
cleveland,hungary,v2_attention_equal_budget,v2,0,5071,30.0,0.3614388704299927,0.63041362591599,0.3614388704299927,0.4975406527519226,0.10848215222358704
cleveland,hungary,v2_attention_equal_budget,v2,0,5071,35.0,0.331111341714859,0.5936701547612147,0.331111341714859,0.5059078931808472,0.09946294128894806
cleveland,hungary,v2_attention_equal_budget,v2,0,5071,40.0,0.3191291391849518,0.6936000371097678,0.3191291391849518,0.4945583939552307,0.09816934168338776
cleveland,hungary,v2_attention_equal_budget,v2,0,5071,45.0,0.2867892384529114,0.6779603344717875,0.2867892384529114,0.4575907588005066,0.08492130041122437
cleveland,hungary,v2_attention_equal_budget,v2,0,5071,50.0,0.2586033046245575,0.8202332786696995,0.2586033046245575,0.38896870613098145,0.07495174556970596
cleveland,switzerland,v2_attention_equal_budget,v2,0,5062,5.0,0.5548844933509827,0.6867317797956207,0.5548844933509827,0.6324417591094971,0.18611614406108856
cleveland,switzerland,v2_attention_equal_budget,v2,0,5062,10.0,0.49887531995773315,0.7044995477495115,0.49887531995773315,0.5875738859176636,0.16404184699058533
cleveland,switzerland,v2_attention_equal_budget,v2,0,5062,15.0,0.48692256212234497,0.6973530644936377,0.48692256212234497,0.5892629027366638,0.15854118764400482
cleveland,switzerland,v2_attention_equal_budget,v2,0,5062,20.0,0.46503105759620667,0.6964992419123253,0.46503105759620667,0.560072660446167,0.15176460146903992
cleveland,switzerland,v2_attention_equal_budget,v2,0,5062,25.0,0.4516063928604126,0.7135501822575587,0.4516063928604126,0.5317271947860718,0.1463032364845276
cleveland,switzerland,v2_attention_equal_budget,v2,0,5062,30.0,0.4131016731262207,0.7189514823916298,0.4131016731262207,0.49555686116218567,0.1313316524028778
cleveland,switzerland,v2_attention_equal_budget,v2,0,5062,35.0,0.40276432037353516,0.7599673816947827,0.40276432037353516,0.47902563214302063,0.12745046615600586
cleveland,switzerland,v2_attention_equal_budget,v2,0,5062,40.0,0.39298173785209656,0.817573352325238,0.39298173785209656,0.4516434073448181,0.12525057792663574
cleveland,switzerland,v2_attention_equal_budget,v2,0,5062,45.0,0.3611065745353699,0.7962963285862829,0.3611065745353699,0.4191679358482361,0.11353426426649094
cleveland,switzerland,v2_attention_equal_budget,v2,0,5063,5.0,0.5647784471511841,0.6995603382263934,0.5647784471511841,0.6245968341827393,0.19032397866249084
cleveland,switzerland,v2_attention_equal_budget,v2,0,5063,10.0,0.5205886363983154,0.6893054393087987,0.5205886363983154,0.6122746467590332,0.17278465628623962
cleveland,switzerland,v2_attention_equal_budget,v2,0,5063,15.0,0.4840383231639862,0.6564196566706304,0.4840383231639862,0.5641491413116455,0.15800371766090393
cleveland,switzerland,v2_attention_equal_budget,v2,0,5063,20.0,0.4655015468597412,0.7066494803680574,0.4655015468597412,0.5419293642044067,0.15077170729637146
cleveland,switzerland,v2_attention_equal_budget,v2,0,5063,25.0,0.44615525007247925,0.7195781541405829,0.44615525007247925,0.5142389535903931,0.1444626748561859
cleveland,switzerland,v2_attention_equal_budget,v2,0,5063,30.0,0.42504334449768066,0.716809790811749,0.42504334449768066,0.48058828711509705,0.13579103350639343
cleveland,switzerland,v2_attention_equal_budget,v2,0,5063,35.0,0.4142615795135498,0.7532361847262848,0.4142615795135498,0.48075103759765625,0.13400636613368988
cleveland,switzerland,v2_attention_equal_budget,v2,0,5063,40.0,0.37130871415138245,0.7831419007877494,0.37130871415138245,0.41303586959838867,0.11600729823112488
cleveland,switzerland,v2_attention_equal_budget,v2,0,5063,45.0,0.3572629690170288,0.8324457908428344,0.3572629690170288,0.3984888792037964,0.11161698400974274
cleveland,switzerland,v2_attention_equal_budget,v2,0,5063,50.0,0.3541232645511627,0.8527338022572393,0.3541232645511627,0.3989419937133789,0.10978466272354126
cleveland,switzerland,v2_attention_equal_budget,v2,0,5063,55.0,0.3249054253101349,0.8610336095813231,0.3249054253101349,0.3419573903083801,0.10045647621154785
cleveland,switzerland,v2_attention_equal_budget,v2,0,5064,5.0,0.5382596850395203,0.6451076495854334,0.5382596850395203,0.5972380042076111,0.17891836166381836
cleveland,switzerland,v2_attention_equal_budget,v2,0,5064,10.0,0.48746389150619507,0.6395338042953393,0.48746389150619507,0.5911004543304443,0.15850383043289185
cleveland,switzerland,v2_attention_equal_budget,v2,0,5064,15.0,0.461004376411438,0.6128523940069995,0.461004376411438,0.5621684193611145,0.149576798081398
cleveland,switzerland,v2_attention_equal_budget,v2,0,5064,20.0,0.45237454771995544,0.6388947583831353,0.45237454771995544,0.5526154041290283,0.14743465185165405
cleveland,switzerland,v2_attention_equal_budget,v2,0,5064,25.0,0.43517184257507324,0.6512480213216474,0.43517184257507324,0.5171114206314087,0.14125603437423706
cleveland,switzerland,v2_attention_equal_budget,v2,0,5064,30.0,0.41034865379333496,0.6538281504219613,0.41034865379333496,0.45652151107788086,0.13034456968307495
cleveland,switzerland,v2_attention_equal_budget,v2,0,5064,35.0,0.39508867263793945,0.6930541962568976,0.39508867263793945,0.4345705211162567,0.12510129809379578
cleveland,switzerland,v2_attention_equal_budget,v2,0,5064,40.0,0.3561434745788574,0.7247871509746605,0.3561434745788574,0.3827536106109619,0.11018691956996918
cleveland,switzerland,v2_attention_equal_budget,v2,0,5064,45.0,0.34543532133102417,0.7468337537182773,0.34543532133102417,0.39637094736099243,0.1101519763469696
cleveland,switzerland,v2_attention_equal_budget,v2,0,5064,50.0,0.34538406133651733,0.7364718493998731,0.34538406133651733,0.363237202167511,0.10752516984939575
cleveland,switzerland,v2_attention_equal_budget,v2,0,5064,55.0,0.3243606686592102,0.7748465230633117,0.3243606686592102,0.34047654271125793,0.10073694586753845
cleveland,switzerland,v2_attention_equal_budget,v2,0,5065,5.0,0.5710306763648987,0.6164040605613769,0.5710306763648987,0.6182289123535156,0.19297674298286438
cleveland,switzerland,v2_attention_equal_budget,v2,0,5065,10.0,0.5250264406204224,0.6259163577253617,0.5250264406204224,0.636298656463623,0.17665907740592957
cleveland,switzerland,v2_attention_equal_budget,v2,0,5065,15.0,0.4894965887069702,0.6485421108698775,0.4894965887069702,0.5796895027160645,0.16135838627815247
cleveland,switzerland,v2_attention_equal_budget,v2,0,5065,20.0,0.47399067878723145,0.6900821802771986,0.47399067878723145,0.5607982277870178,0.15487077832221985
cleveland,switzerland,v2_attention_equal_budget,v2,0,5065,25.0,0.46487605571746826,0.6848166869260294,0.46487605571746826,0.5432510375976562,0.15373602509498596
cleveland,switzerland,v2_attention_equal_budget,v2,0,5065,30.0,0.44799214601516724,0.6524953648498444,0.44799214601516724,0.5344030261039734,0.14654752612113953
cleveland,switzerland,v2_attention_equal_budget,v2,0,5065,35.0,0.4404180943965912,0.637977730463069,0.4404180943965912,0.5294431447982788,0.14179784059524536
cleveland,switzerland,v2_attention_equal_budget,v2,0,5065,40.0,0.42089349031448364,0.6525497421401798,0.42089349031448364,0.49487099051475525,0.13592958450317383
cleveland,switzerland,v2_attention_equal_budget,v2,0,5065,45.0,0.40289974212646484,0.6671429191198359,0.40289974212646484,0.46997231245040894,0.12809500098228455
cleveland,switzerland,v2_attention_equal_budget,v2,0,5066,5.0,0.5218972563743591,0.6487523071762415,0.5218972563743591,0.5968526601791382,0.17242634296417236
cleveland,switzerland,v2_attention_equal_budget,v2,0,5066,10.0,0.4905170798301697,0.6272646819085556,0.4905170798301697,0.5851688385009766,0.16133452951908112
cleveland,switzerland,v2_attention_equal_budget,v2,0,5066,15.0,0.477146178483963,0.6175707797924432,0.477146178483963,0.5692722797393799,0.15765200555324554
cleveland,switzerland,v2_attention_equal_budget,v2,0,5066,20.0,0.4597777724266052,0.6511372680528693,0.4597777724266052,0.5470828413963318,0.14853128790855408
cleveland,switzerland,v2_attention_equal_budget,v2,0,5066,25.0,0.44902223348617554,0.6719632025069742,0.44902223348617554,0.5398025512695312,0.14673268795013428
cleveland,switzerland,v2_attention_equal_budget,v2,0,5066,30.0,0.41164153814315796,0.6910272585648985,0.41164153814315796,0.49109625816345215,0.13241755962371826
cleveland,switzerland,v2_attention_equal_budget,v2,0,5066,35.0,0.39426058530807495,0.7195432380367084,0.39426058530807495,0.4585514962673187,0.12637822329998016
cleveland,switzerland,v2_attention_equal_budget,v2,0,5066,40.0,0.3732752203941345,0.7407549019460651,0.3732752203941345,0.4488009512424469,0.11850185692310333
cleveland,switzerland,v2_attention_equal_budget,v2,0,5066,45.0,0.3607279658317566,0.8252149744209971,0.3607279658317566,0.38910967111587524,0.11261125653982162
cleveland,switzerland,v2_attention_equal_budget,v2,0,5066,50.0,0.3419981002807617,0.8780988775716149,0.3419981002807617,0.3855859637260437,0.10817141830921173
cleveland,switzerland,v2_attention_equal_budget,v2,0,5066,55.0,0.31722161173820496,0.9342896276292356,0.31722161173820496,0.34415894746780396,0.09881681203842163
cleveland,switzerland,v2_attention_equal_budget,v2,0,5067,5.0,0.5262124538421631,0.6528287404671151,0.5262124538421631,0.59834223985672,0.17430618405342102
cleveland,switzerland,v2_attention_equal_budget,v2,0,5067,10.0,0.4877294898033142,0.6435143435423787,0.4877294898033142,0.5550411939620972,0.16070985794067383
cleveland,switzerland,v2_attention_equal_budget,v2,0,5067,15.0,0.4621044099330902,0.642861805299576,0.4621044099330902,0.5509653091430664,0.15085431933403015
cleveland,switzerland,v2_attention_equal_budget,v2,0,5067,20.0,0.47053954005241394,0.6799431493876679,0.47053954005241394,0.5566831827163696,0.15435415506362915
cleveland,switzerland,v2_attention_equal_budget,v2,0,5067,25.0,0.4310883581638336,0.7201903239374425,0.4310883581638336,0.5128775238990784,0.14041346311569214
cleveland,switzerland,v2_attention_equal_budget,v2,0,5067,30.0,0.4335533082485199,0.724905766148049,0.4335533082485199,0.5190348029136658,0.14112398028373718
cleveland,switzerland,v2_attention_equal_budget,v2,0,5067,35.0,0.3893030881881714,0.7443195733493275,0.3893030881881714,0.4498603343963623,0.1221625804901123
cleveland,switzerland,v2_attention_equal_budget,v2,0,5067,40.0,0.3630449175834656,0.8027357621327329,0.3630449175834656,0.4116032123565674,0.11321031302213669
cleveland,switzerland,v2_attention_equal_budget,v2,0,5067,45.0,0.3539452850818634,0.8423377308340507,0.3539452850818634,0.3789151906967163,0.11023049801588058
cleveland,switzerland,v2_attention_equal_budget,v2,0,5067,50.0,0.33915549516677856,0.859049043740653,0.33915549516677856,0.349836140871048,0.1044498011469841
cleveland,switzerland,v2_attention_equal_budget,v2,0,5067,55.0,0.2949259877204895,0.8941101688977299,0.2949259877204895,0.3018522262573242,0.08892670273780823
cleveland,switzerland,v2_attention_equal_budget,v2,0,5068,5.0,0.565750002861023,0.6617747228999784,0.565750002861023,0.6173625588417053,0.18967078626155853
cleveland,switzerland,v2_attention_equal_budget,v2,0,5068,10.0,0.5019152164459229,0.6969990658222792,0.5019152164459229,0.5880957245826721,0.16539543867111206
cleveland,switzerland,v2_attention_equal_budget,v2,0,5068,15.0,0.4691118001937866,0.7172413732155105,0.4691118001937866,0.5550698637962341,0.15340490639209747
cleveland,switzerland,v2_attention_equal_budget,v2,0,5068,20.0,0.44918596744537354,0.773522129215842,0.44918596744537354,0.5332306027412415,0.1456555277109146
cleveland,switzerland,v2_attention_equal_budget,v2,0,5068,25.0,0.42417651414871216,0.824614342301295,0.42417651414871216,0.49111729860305786,0.1356450766324997
cleveland,switzerland,v2_attention_equal_budget,v2,0,5068,30.0,0.4200770854949951,0.8574752921069568,0.4200770854949951,0.49934324622154236,0.13503651320934296
cleveland,switzerland,v2_attention_equal_budget,v2,0,5068,35.0,0.4029170274734497,0.8616231248608925,0.4029170274734497,0.46480685472488403,0.13025210797786713
cleveland,switzerland,v2_attention_equal_budget,v2,0,5068,40.0,0.39446961879730225,0.8990579735790627,0.39446961879730225,0.44707393646240234,0.12742853164672852
cleveland,switzerland,v2_attention_equal_budget,v2,0,5068,45.0,0.35491490364074707,0.925860912196097,0.35491490364074707,0.4006744623184204,0.11116562783718109
cleveland,switzerland,v2_attention_equal_budget,v2,0,5069,5.0,0.5154739618301392,0.6618655891349079,0.5154739618301392,0.5998647212982178,0.1688368022441864
cleveland,switzerland,v2_attention_equal_budget,v2,0,5069,10.0,0.4826749265193939,0.6586729608834827,0.4826749265193939,0.5698022842407227,0.15744684636592865
cleveland,switzerland,v2_attention_equal_budget,v2,0,5069,15.0,0.45857667922973633,0.6553382462431259,0.45857667922973633,0.5465922355651855,0.14828892052173615
cleveland,switzerland,v2_attention_equal_budget,v2,0,5069,20.0,0.4515407085418701,0.691385747318372,0.4515407085418701,0.5386092662811279,0.1491539180278778
cleveland,switzerland,v2_attention_equal_budget,v2,0,5069,25.0,0.41232165694236755,0.7045016352333424,0.41232165694236755,0.4721474051475525,0.1315908432006836
cleveland,switzerland,v2_attention_equal_budget,v2,0,5069,30.0,0.4023279845714569,0.7115085433568407,0.4023279845714569,0.4673270583152771,0.12776532769203186
cleveland,switzerland,v2_attention_equal_budget,v2,0,5069,35.0,0.37561339139938354,0.7335604037968138,0.37561339139938354,0.4380321204662323,0.11763306707143784
cleveland,switzerland,v2_attention_equal_budget,v2,0,5069,40.0,0.36096668243408203,0.7617453055836976,0.36096668243408203,0.39914363622665405,0.11270804703235626
cleveland,switzerland,v2_attention_equal_budget,v2,0,5069,45.0,0.33878952264785767,0.819801746725916,0.33878952264785767,0.38232943415641785,0.10203778743743896
cleveland,switzerland,v2_attention_equal_budget,v2,0,5069,50.0,0.3110167384147644,0.9010151671391042,0.3110167384147644,0.3412720561027527,0.09507032483816147
cleveland,switzerland,v2_attention_equal_budget,v2,0,5069,55.0,0.30190059542655945,0.9352497570714602,0.30190059542655945,0.3338470458984375,0.09218775480985641
cleveland,switzerland,v2_attention_equal_budget,v2,0,5070,5.0,0.6521620750427246,0.6662775807775287,0.6521620750427246,0.6658313274383545,0.22997607290744781
cleveland,switzerland,v2_attention_equal_budget,v2,0,5070,10.0,0.5428672432899475,0.6591296778601687,0.5428672432899475,0.6210172176361084,0.18139824271202087
cleveland,switzerland,v2_attention_equal_budget,v2,0,5070,15.0,0.5074272155761719,0.6678800233252713,0.5074272155761719,0.585550844669342,0.16673603653907776
cleveland,switzerland,v2_attention_equal_budget,v2,0,5070,20.0,0.4939219355583191,0.6529610661422707,0.4939219355583191,0.5949491262435913,0.1621861457824707
cleveland,switzerland,v2_attention_equal_budget,v2,0,5070,25.0,0.4742420017719269,0.665814684713752,0.4742420017719269,0.5738427639007568,0.15547232329845428
cleveland,switzerland,v2_attention_equal_budget,v2,0,5070,30.0,0.455173522233963,0.6831546860215267,0.455173522233963,0.5514940023422241,0.14903011918067932
cleveland,switzerland,v2_attention_equal_budget,v2,0,5070,35.0,0.4307636618614197,0.7012317683726599,0.4307636618614197,0.5124802589416504,0.13946831226348877
cleveland,switzerland,v2_attention_equal_budget,v2,0,5070,40.0,0.41778403520584106,0.6935320577492248,0.41778403520584106,0.506974458694458,0.13456809520721436
cleveland,switzerland,v2_attention_equal_budget,v2,0,5070,45.0,0.39903461933135986,0.7155878915442976,0.39903461933135986,0.47029075026512146,0.12733317911624908
cleveland,switzerland,v2_attention_equal_budget,v2,0,5070,50.0,0.39530688524246216,0.7415152027790757,0.39530688524246216,0.4753391146659851,0.1265575885772705
cleveland,switzerland,v2_attention_equal_budget,v2,0,5070,55.0,0.3589506149291992,0.7631438472373884,0.3589506149291992,0.4111705720424652,0.11446959525346756
cleveland,switzerland,v2_attention_equal_budget,v2,0,5070,60.0,0.34544193744659424,0.8211023746231092,0.34544193744659424,0.40276795625686646,0.1080620288848877
cleveland,switzerland,v2_attention_equal_budget,v2,0,5071,5.0,0.5467824935913086,0.6793146482182228,0.5467824935913086,0.625442385673523,0.18268972635269165
cleveland,switzerland,v2_attention_equal_budget,v2,0,5071,10.0,0.49484261870384216,0.7322195124926325,0.49484261870384216,0.5792794227600098,0.16172540187835693
cleveland,switzerland,v2_attention_equal_budget,v2,0,5071,15.0,0.4633273482322693,0.7333589894634445,0.4633273482322693,0.5308645367622375,0.14982905983924866
cleveland,switzerland,v2_attention_equal_budget,v2,0,5071,20.0,0.44381922483444214,0.7238406669289995,0.44381922483444214,0.5379441380500793,0.14418348670005798
cleveland,switzerland,v2_attention_equal_budget,v2,0,5071,25.0,0.43346506357192993,0.7511186738345034,0.43346506357192993,0.513139009475708,0.14083318412303925
cleveland,switzerland,v2_attention_equal_budget,v2,0,5071,30.0,0.4205317497253418,0.7768874585173052,0.4205317497253418,0.4894203543663025,0.1351040005683899
cleveland,switzerland,v2_attention_equal_budget,v2,0,5071,35.0,0.4151482582092285,0.8515248335162768,0.4151482582092285,0.4886079728603363,0.13282734155654907
cleveland,switzerland,v2_attention_equal_budget,v2,0,5071,40.0,0.37749534845352173,0.8741200436308846,0.37749534845352173,0.4405694603919983,0.11872781813144684
cleveland,switzerland,v2_attention_equal_budget,v2,0,5071,45.0,0.3584204912185669,0.8707936492481463,0.3584204912185669,0.40973344445228577,0.11250375956296921
cleveland,va_long_beach,v2_attention_equal_budget,v2,0,5062,5.0,0.49193501472473145,0.7140706734887823,0.49193501472473145,0.5338512063026428,0.15947052836418152
cleveland,va_long_beach,v2_attention_equal_budget,v2,0,5062,10.0,0.3980264365673065,0.7791011744189371,0.3980264365673065,0.40760302543640137,0.12452922761440277
cleveland,va_long_beach,v2_attention_equal_budget,v2,0,5062,15.0,0.36461547017097473,0.8544888021258972,0.36461547017097473,0.41997507214546204,0.11412624269723892
cleveland,va_long_beach,v2_attention_equal_budget,v2,0,5062,20.0,0.31206488609313965,0.8538416668161081,0.31206488609313965,0.38836219906806946,0.09444979578256607
cleveland,va_long_beach,v2_attention_equal_budget,v2,0,5062,25.0,0.33441799879074097,0.9040262699177426,0.33441799879074097,0.3735371232032776,0.10491326451301575
cleveland,va_long_beach,v2_attention_equal_budget,v2,0,5062,30.0,0.27519381046295166,0.9692093507740209,0.27519381046295166,0.36394503712654114,0.08106323331594467
cleveland,va_long_beach,v2_attention_equal_budget,v2,0,5062,35.0,0.242354154586792,1.068221543496527,0.242354154586792,0.3565940856933594,0.06576725840568542
cleveland,va_long_beach,v2_attention_equal_budget,v2,0,5062,40.0,0.24165338277816772,1.0687773932326414,0.24165338277816772,0.35385704040527344,0.07087527215480804
cleveland,va_long_beach,v2_attention_equal_budget,v2,0,5062,45.0,0.23424357175827026,1.1280277798717702,0.23424357175827026,0.35362884402275085,0.06644662469625473
cleveland,va_long_beach,v2_attention_equal_budget,v2,0,5063,5.0,0.4919007122516632,0.7079845070523813,0.4919007122516632,0.4948701858520508,0.15908433496952057
cleveland,va_long_beach,v2_attention_equal_budget,v2,0,5063,10.0,0.40221530199050903,0.8893693480066895,0.40221530199050903,0.4313838481903076,0.12666136026382446
cleveland,va_long_beach,v2_attention_equal_budget,v2,0,5063,15.0,0.36733171343803406,0.9626282379371028,0.36733171343803406,0.42945605516433716,0.1127404198050499
cleveland,va_long_beach,v2_attention_equal_budget,v2,0,5063,20.0,0.3212798833847046,1.0574281989611471,0.3212798833847046,0.40523242950439453,0.09389442205429077
cleveland,va_long_beach,v2_attention_equal_budget,v2,0,5063,25.0,0.30047065019607544,1.1098961028108032,0.30047065019607544,0.3814132809638977,0.08634145557880402
cleveland,va_long_beach,v2_attention_equal_budget,v2,0,5063,30.0,0.2965434193611145,1.1395936945585503,0.2965434193611145,0.3913908302783966,0.08845847100019455
cleveland,va_long_beach,v2_attention_equal_budget,v2,0,5063,35.0,0.26713845133781433,1.1741144384281774,0.26713845133781433,0.3783312439918518,0.08000636100769043
cleveland,va_long_beach,v2_attention_equal_budget,v2,0,5063,40.0,0.246145099401474,1.1768787045656008,0.246145099401474,0.3569682836532593,0.07068842649459839
cleveland,va_long_beach,v2_attention_equal_budget,v2,0,5063,45.0,0.2418208122253418,1.210782556120028,0.2418208122253418,0.3387719988822937,0.07017253339290619
cleveland,va_long_beach,v2_attention_equal_budget,v2,0,5064,5.0,0.5754361152648926,0.6619176536677321,0.5754361152648926,0.6180300712585449,0.19462059438228607
cleveland,va_long_beach,v2_attention_equal_budget,v2,0,5064,10.0,0.4613220691680908,0.7304955035372864,0.4613220691680908,0.5027729272842407,0.14929181337356567
cleveland,va_long_beach,v2_attention_equal_budget,v2,0,5064,15.0,0.3941962420940399,0.8111824303625914,0.3941962420940399,0.40917932987213135,0.12229962646961212
cleveland,va_long_beach,v2_attention_equal_budget,v2,0,5064,20.0,0.36384373903274536,0.8788205857443567,0.36384373903274536,0.40785980224609375,0.11037005484104156
cleveland,va_long_beach,v2_attention_equal_budget,v2,0,5064,25.0,0.34148573875427246,0.9105599482409192,0.34148573875427246,0.40277427434921265,0.10436698794364929
cleveland,va_long_beach,v2_attention_equal_budget,v2,0,5064,30.0,0.32225432991981506,0.9432850672039539,0.32225432991981506,0.37962883710861206,0.0948728621006012
cleveland,va_long_beach,v2_attention_equal_budget,v2,0,5064,35.0,0.2894394099712372,1.0277672233226476,0.2894394099712372,0.36241644620895386,0.08385834842920303
cleveland,va_long_beach,v2_attention_equal_budget,v2,0,5064,40.0,0.26043230295181274,1.127710275796816,0.26043230295181274,0.3555365204811096,0.07333727180957794
cleveland,va_long_beach,v2_attention_equal_budget,v2,0,5064,45.0,0.2531064450740814,1.2084512384814277,0.2531064450740814,0.3692121207714081,0.07213819772005081
cleveland,va_long_beach,v2_attention_equal_budget,v2,0,5065,5.0,0.4348302483558655,0.7915557009932065,0.4348302483558655,0.43791288137435913,0.13470567762851715
cleveland,va_long_beach,v2_attention_equal_budget,v2,0,5065,10.0,0.3695005774497986,0.9988941061291813,0.3695005774497986,0.40502795577049255,0.11313815414905548
cleveland,va_long_beach,v2_attention_equal_budget,v2,0,5065,15.0,0.33988744020462036,1.0533168376648125,0.33988744020462036,0.39864879846572876,0.10415220260620117
cleveland,va_long_beach,v2_attention_equal_budget,v2,0,5065,20.0,0.3678976893424988,1.039173576702053,0.3678976893424988,0.40657222270965576,0.11769095063209534
cleveland,va_long_beach,v2_attention_equal_budget,v2,0,5065,25.0,0.29011088609695435,1.1612192765186,0.29011088609695435,0.3721391260623932,0.08683115988969803
cleveland,va_long_beach,v2_attention_equal_budget,v2,0,5065,30.0,0.252835750579834,1.1676340554536306,0.252835750579834,0.35073167085647583,0.07487910240888596
cleveland,va_long_beach,v2_attention_equal_budget,v2,0,5065,35.0,0.23927611112594604,1.2039226977636748,0.23927611112594604,0.37156325578689575,0.06855815649032593
cleveland,va_long_beach,v2_attention_equal_budget,v2,0,5065,40.0,0.23481661081314087,1.2312743147227116,0.23481661081314087,0.36521589756011963,0.06898505985736847
cleveland,va_long_beach,v2_attention_equal_budget,v2,0,5065,45.0,0.23073039948940277,1.2362488381526873,0.23073039948940277,0.32959723472595215,0.06760164350271225
cleveland,va_long_beach,v2_attention_equal_budget,v2,0,5066,5.0,0.5426292419433594,0.6600762865342582,0.5426292419433594,0.6084710359573364,0.18033796548843384
cleveland,va_long_beach,v2_attention_equal_budget,v2,0,5066,10.0,0.4303862154483795,0.7568771700973964,0.4303862154483795,0.45552390813827515,0.13842809200286865
cleveland,va_long_beach,v2_attention_equal_budget,v2,0,5066,15.0,0.36706000566482544,0.8215094712333808,0.36706000566482544,0.3826824426651001,0.11512258648872375
cleveland,va_long_beach,v2_attention_equal_budget,v2,0,5066,20.0,0.35684385895729065,0.9136843323162833,0.35684385895729065,0.3849514126777649,0.11316250264644623
cleveland,va_long_beach,v2_attention_equal_budget,v2,0,5066,25.0,0.3251224756240845,1.0009219040163146,0.3251224756240845,0.40475788712501526,0.09960813820362091
cleveland,va_long_beach,v2_attention_equal_budget,v2,0,5066,30.0,0.3097294569015503,1.0291237490863006,0.3097294569015503,0.40086424350738525,0.09330548346042633
cleveland,va_long_beach,v2_attention_equal_budget,v2,0,5066,35.0,0.2760181725025177,1.0409934613042464,0.2760181725025177,0.37771493196487427,0.08171074837446213
cleveland,va_long_beach,v2_attention_equal_budget,v2,0,5066,40.0,0.2302791178226471,1.1458661980712965,0.2302791178226471,0.33109810948371887,0.06380920857191086
cleveland,va_long_beach,v2_attention_equal_budget,v2,0,5066,45.0,0.22957941889762878,1.2314640816909506,0.22957941889762878,0.35349780321121216,0.06660832464694977
cleveland,va_long_beach,v2_attention_equal_budget,v2,0,5067,5.0,0.5182594060897827,0.6960996380637247,0.5182594060897827,0.5611464977264404,0.1710924208164215
cleveland,va_long_beach,v2_attention_equal_budget,v2,0,5067,10.0,0.43412530422210693,0.7864858340479661,0.43412530422210693,0.4473397433757782,0.14060518145561218
cleveland,va_long_beach,v2_attention_equal_budget,v2,0,5067,15.0,0.3848097324371338,0.8032149882978652,0.3848097324371338,0.40410473942756653,0.11896134167909622
cleveland,va_long_beach,v2_attention_equal_budget,v2,0,5067,20.0,0.35035276412963867,0.8401086255092622,0.35035276412963867,0.38599082827568054,0.10807020962238312
cleveland,va_long_beach,v2_attention_equal_budget,v2,0,5067,25.0,0.3211227059364319,0.9141535221565256,0.3211227059364319,0.3705584406852722,0.09682711213827133
cleveland,va_long_beach,v2_attention_equal_budget,v2,0,5067,30.0,0.3055441975593567,0.9650049798481464,0.3055441975593567,0.36741793155670166,0.09169164299964905
cleveland,va_long_beach,v2_attention_equal_budget,v2,0,5067,35.0,0.28747159242630005,1.029312633050584,0.28747159242630005,0.3717755675315857,0.08635756373405457
cleveland,va_long_beach,v2_attention_equal_budget,v2,0,5067,40.0,0.24827221035957336,1.100666489491637,0.24827221035957336,0.3367313742637634,0.07020141929388046
cleveland,va_long_beach,v2_attention_equal_budget,v2,0,5067,45.0,0.23315122723579407,1.086327224461831,0.23315122723579407,0.35539403557777405,0.06744507700204849
cleveland,va_long_beach,v2_attention_equal_budget,v2,0,5068,5.0,0.4862307906150818,0.7027720524727448,0.4862307906150818,0.5025712251663208,0.15754945576190948
cleveland,va_long_beach,v2_attention_equal_budget,v2,0,5068,10.0,0.40101203322410583,0.7913051119928827,0.40101203322410583,0.4460487365722656,0.12465304136276245
cleveland,va_long_beach,v2_attention_equal_budget,v2,0,5068,15.0,0.3805927038192749,0.7657579920046059,0.3805927038192749,0.40354347229003906,0.11750081926584244
cleveland,va_long_beach,v2_attention_equal_budget,v2,0,5068,20.0,0.3429088294506073,0.8912978550004795,0.3429088294506073,0.40776294469833374,0.10366516560316086
cleveland,va_long_beach,v2_attention_equal_budget,v2,0,5068,25.0,0.33094102144241333,0.9344765158419703,0.33094102144241333,0.4144527316093445,0.10061711817979813
cleveland,va_long_beach,v2_attention_equal_budget,v2,0,5068,30.0,0.31373918056488037,1.0034228617618566,0.31373918056488037,0.38352882862091064,0.09292767196893692
cleveland,va_long_beach,v2_attention_equal_budget,v2,0,5068,35.0,0.24103882908821106,1.0491406683551296,0.24103882908821106,0.34850946068763733,0.06748803704977036
cleveland,va_long_beach,v2_attention_equal_budget,v2,0,5068,40.0,0.23495812714099884,1.014544641164696,0.23495812714099884,0.36746057868003845,0.06712022423744202
cleveland,va_long_beach,v2_attention_equal_budget,v2,0,5068,45.0,0.21398580074310303,1.0606825357919045,0.21398580074310303,0.3344286382198334,0.060280296951532364
cleveland,va_long_beach,v2_attention_equal_budget,v2,0,5069,5.0,0.48309704661369324,0.7345598350022681,0.48309704661369324,0.4933691620826721,0.1529189944267273
cleveland,va_long_beach,v2_attention_equal_budget,v2,0,5069,10.0,0.4367949366569519,0.8918372719132774,0.4367949366569519,0.4483340084552765,0.1419651210308075
cleveland,va_long_beach,v2_attention_equal_budget,v2,0,5069,15.0,0.3641635775566101,0.936860195611884,0.3641635775566101,0.45359256863594055,0.11125621199607849
cleveland,va_long_beach,v2_attention_equal_budget,v2,0,5069,20.0,0.3246558606624603,0.9408144036461261,0.3246558606624603,0.41444432735443115,0.09642060101032257
cleveland,va_long_beach,v2_attention_equal_budget,v2,0,5069,25.0,0.31567835807800293,0.9650631548292692,0.31567835807800293,0.3974325656890869,0.09489414095878601
cleveland,va_long_beach,v2_attention_equal_budget,v2,0,5069,30.0,0.2886154055595398,1.033538003255544,0.2886154055595398,0.3910800516605377,0.0847194641828537
cleveland,va_long_beach,v2_attention_equal_budget,v2,0,5069,35.0,0.25932031869888306,1.0002209706439,0.25932031869888306,0.36800438165664673,0.07603715360164642
cleveland,va_long_beach,v2_attention_equal_budget,v2,0,5069,40.0,0.26930058002471924,1.003295318779881,0.26930058002471924,0.3661540150642395,0.07963431626558304
cleveland,va_long_beach,v2_attention_equal_budget,v2,0,5069,45.0,0.24386519193649292,1.0342048751471562,0.24386519193649292,0.37086135149002075,0.07063039392232895
cleveland,va_long_beach,v2_attention_equal_budget,v2,0,5070,5.0,0.5145621299743652,0.6849901639282221,0.5145621299743652,0.5587701797485352,0.168522447347641
cleveland,va_long_beach,v2_attention_equal_budget,v2,0,5070,10.0,0.442512571811676,0.7665752328042266,0.442512571811676,0.4619408845901489,0.1419835090637207
cleveland,va_long_beach,v2_attention_equal_budget,v2,0,5070,15.0,0.3904843330383301,0.8082602658661162,0.3904843330383301,0.41207534074783325,0.12069670855998993
cleveland,va_long_beach,v2_attention_equal_budget,v2,0,5070,20.0,0.3605949878692627,0.8416821887009968,0.3605949878692627,0.40172016620635986,0.11091822385787964
cleveland,va_long_beach,v2_attention_equal_budget,v2,0,5070,25.0,0.3224233388900757,0.9338032450697904,0.3224233388900757,0.3947368860244751,0.09531822800636292
cleveland,va_long_beach,v2_attention_equal_budget,v2,0,5070,30.0,0.28632330894470215,1.0117527015892256,0.28632330894470215,0.3770965337753296,0.085233673453331
cleveland,va_long_beach,v2_attention_equal_budget,v2,0,5070,35.0,0.26480042934417725,1.1020843760230923,0.26480042934417725,0.3679872453212738,0.07744699716567993
cleveland,va_long_beach,v2_attention_equal_budget,v2,0,5070,40.0,0.23844406008720398,1.1411530142367552,0.23844406008720398,0.33910632133483887,0.06873476505279541
cleveland,va_long_beach,v2_attention_equal_budget,v2,0,5070,45.0,0.24174633622169495,1.1293794314192764,0.24174633622169495,0.3473445177078247,0.07043582201004028
cleveland,va_long_beach,v2_attention_equal_budget,v2,0,5071,5.0,0.5454570055007935,0.7401939560838862,0.5454570055007935,0.6124505400657654,0.18216124176979065
cleveland,va_long_beach,v2_attention_equal_budget,v2,0,5071,10.0,0.4445556402206421,0.8175638406878667,0.4445556402206421,0.4817475378513336,0.13838006556034088
cleveland,va_long_beach,v2_attention_equal_budget,v2,0,5071,15.0,0.3909543454647064,0.8271989756356928,0.3909543454647064,0.42466163635253906,0.1220850944519043
cleveland,va_long_beach,v2_attention_equal_budget,v2,0,5071,20.0,0.3468225598335266,0.8705091133668198,0.3468225598335266,0.41747623682022095,0.10554333031177521
cleveland,va_long_beach,v2_attention_equal_budget,v2,0,5071,25.0,0.3234096169471741,0.968253364524021,0.3234096169471741,0.4004107713699341,0.09819792211055756
cleveland,va_long_beach,v2_attention_equal_budget,v2,0,5071,30.0,0.2954474687576294,1.0129400179052144,0.2954474687576294,0.3808405101299286,0.08802791684865952
cleveland,va_long_beach,v2_attention_equal_budget,v2,0,5071,35.0,0.2810831069946289,1.0458643380385988,0.2810831069946289,0.37743061780929565,0.0835784524679184
cleveland,va_long_beach,v2_attention_equal_budget,v2,0,5071,40.0,0.26801472902297974,1.1087398023643078,0.26801472902297974,0.35217219591140747,0.08146656304597855
cleveland,va_long_beach,v2_attention_equal_budget,v2,0,5071,45.0,0.2406608909368515,1.200363001390346,0.2406608909368515,0.35283803939819336,0.07221157848834991
cleveland,hungary,v2_deepsets_equal_budget,v2,0,5062,5.0,0.6278073191642761,0.6087256559601304,0.6278073191642761,0.6474918127059937,0.2178526520729065
cleveland,hungary,v2_deepsets_equal_budget,v2,0,5062,10.0,0.5859342217445374,0.5517390496740002,0.5859342217445374,0.6373189687728882,0.1990637481212616
cleveland,hungary,v2_deepsets_equal_budget,v2,0,5062,15.0,0.5448620319366455,0.526786243457585,0.5448620319366455,0.6242828369140625,0.18210721015930176
cleveland,hungary,v2_deepsets_equal_budget,v2,0,5062,20.0,0.5275210738182068,0.5193451567932631,0.5275210738182068,0.6317962408065796,0.1762031614780426
cleveland,hungary,v2_deepsets_equal_budget,v2,0,5062,25.0,0.5151547789573669,0.52358479473763,0.5151547789573669,0.6251890659332275,0.17269721627235413
cleveland,hungary,v2_deepsets_equal_budget,v2,0,5062,30.0,0.4978918135166168,0.5305701060561987,0.4978918135166168,0.598467230796814,0.16651326417922974
cleveland,hungary,v2_deepsets_equal_budget,v2,0,5062,35.0,0.48218783736228943,0.5456704810846031,0.48218783736228943,0.6043044328689575,0.15931616723537445
cleveland,hungary,v2_deepsets_equal_budget,v2,0,5062,40.0,0.4874665141105652,0.5544355214419977,0.4874665141105652,0.5986525416374207,0.16342292726039886
cleveland,hungary,v2_deepsets_equal_budget,v2,0,5062,45.0,0.4760470986366272,0.5469868883885577,0.4760470986366272,0.5986849665641785,0.15914760529994965
cleveland,hungary,v2_deepsets_equal_budget,v2,0,5062,50.0,0.4508131444454193,0.5649462876656635,0.4508131444454193,0.5803580284118652,0.14980441331863403
cleveland,hungary,v2_deepsets_equal_budget,v2,0,5062,55.0,0.446105420589447,0.5789120924384161,0.446105420589447,0.5898008346557617,0.1467052400112152
cleveland,hungary,v2_deepsets_equal_budget,v2,0,5062,60.0,0.44004514813423157,0.5828400576416244,0.44004514813423157,0.5821452140808105,0.14577272534370422
cleveland,hungary,v2_deepsets_equal_budget,v2,0,5063,5.0,0.6478722095489502,0.6158475591356478,0.6478722095489502,0.6674313545227051,0.22760799527168274
cleveland,hungary,v2_deepsets_equal_budget,v2,0,5063,10.0,0.5965304374694824,0.5520079358418857,0.5965304374694824,0.6343749165534973,0.2033635824918747
cleveland,hungary,v2_deepsets_equal_budget,v2,0,5063,15.0,0.5560315847396851,0.5149618864640697,0.5560315847396851,0.6219730377197266,0.18638752400875092
cleveland,hungary,v2_deepsets_equal_budget,v2,0,5063,20.0,0.5286855697631836,0.49508843601667163,0.5286855697631836,0.6084492206573486,0.17667090892791748
cleveland,hungary,v2_deepsets_equal_budget,v2,0,5063,25.0,0.5064558386802673,0.505992179975767,0.5064558386802673,0.6126842498779297,0.1675628125667572
cleveland,hungary,v2_deepsets_equal_budget,v2,0,5063,30.0,0.5141417384147644,0.514037316396261,0.5141417384147644,0.6180506944656372,0.172072634100914
cleveland,hungary,v2_deepsets_equal_budget,v2,0,5063,35.0,0.4883909225463867,0.5289606064531537,0.4883909225463867,0.6058157086372375,0.16159328818321228
cleveland,hungary,v2_deepsets_equal_budget,v2,0,5063,40.0,0.4804632067680359,0.545466814784041,0.4804632067680359,0.5979028344154358,0.15946823358535767
cleveland,hungary,v2_deepsets_equal_budget,v2,0,5063,45.0,0.4788181483745575,0.5452796077215779,0.4788181483745575,0.5961294770240784,0.15887781977653503
cleveland,hungary,v2_deepsets_equal_budget,v2,0,5063,50.0,0.46535518765449524,0.534470505818164,0.46535518765449524,0.5934445261955261,0.15403056144714355
cleveland,hungary,v2_deepsets_equal_budget,v2,0,5063,55.0,0.43475598096847534,0.5350170176222011,0.43475598096847534,0.553127646446228,0.1426747441291809
cleveland,hungary,v2_deepsets_equal_budget,v2,0,5063,60.0,0.432501882314682,0.5603748488608742,0.432501882314682,0.5806628465652466,0.14093972742557526
cleveland,hungary,v2_deepsets_equal_budget,v2,0,5064,5.0,0.6671352982521057,0.6479113732008294,0.6671352982521057,0.6802128553390503,0.23711588978767395
cleveland,hungary,v2_deepsets_equal_budget,v2,0,5064,10.0,0.6279493570327759,0.5815818785816518,0.6279493570327759,0.6536492109298706,0.21799755096435547
cleveland,hungary,v2_deepsets_equal_budget,v2,0,5064,15.0,0.5713275671005249,0.5407572786748795,0.5713275671005249,0.629895031452179,0.19216427206993103
cleveland,hungary,v2_deepsets_equal_budget,v2,0,5064,20.0,0.5261192321777344,0.5117673945580365,0.5261192321777344,0.6097944974899292,0.1744377315044403
cleveland,hungary,v2_deepsets_equal_budget,v2,0,5064,25.0,0.5259419083595276,0.5219424932200718,0.5259419083595276,0.6167908906936646,0.17617791891098022
cleveland,hungary,v2_deepsets_equal_budget,v2,0,5064,30.0,0.4993615746498108,0.5205003709013456,0.4993615746498108,0.6143398284912109,0.16647659242153168
cleveland,hungary,v2_deepsets_equal_budget,v2,0,5064,35.0,0.4968010485172272,0.5403317908554863,0.4968010485172272,0.6177853941917419,0.16541054844856262
cleveland,hungary,v2_deepsets_equal_budget,v2,0,5064,40.0,0.4845442473888397,0.5293869406082541,0.4845442473888397,0.6110990643501282,0.15995602309703827
cleveland,hungary,v2_deepsets_equal_budget,v2,0,5064,45.0,0.48498523235321045,0.5502848516444186,0.48498523235321045,0.6003453731536865,0.16052722930908203
cleveland,hungary,v2_deepsets_equal_budget,v2,0,5064,50.0,0.45459213852882385,0.5405598196492545,0.45459213852882385,0.582028865814209,0.14833012223243713
cleveland,hungary,v2_deepsets_equal_budget,v2,0,5064,55.0,0.45707201957702637,0.5703890257132681,0.45707201957702637,0.5904690027236938,0.1500498354434967
cleveland,hungary,v2_deepsets_equal_budget,v2,0,5064,60.0,0.4595147371292114,0.5984652383445841,0.4595147371292114,0.5860435366630554,0.15160980820655823
cleveland,hungary,v2_deepsets_equal_budget,v2,0,5065,5.0,0.6541146039962769,0.6432588619510233,0.6541146039962769,0.6751412153244019,0.23061566054821014
cleveland,hungary,v2_deepsets_equal_budget,v2,0,5065,10.0,0.5993198752403259,0.5774574880956715,0.5993198752403259,0.6310096979141235,0.20445144176483154
cleveland,hungary,v2_deepsets_equal_budget,v2,0,5065,15.0,0.5491921305656433,0.52602344480525,0.5491921305656433,0.62334144115448,0.18309777975082397
cleveland,hungary,v2_deepsets_equal_budget,v2,0,5065,20.0,0.5286406874656677,0.5317756390247929,0.5286406874656677,0.6249638795852661,0.17563864588737488
cleveland,hungary,v2_deepsets_equal_budget,v2,0,5065,25.0,0.5112383365631104,0.5429716376258096,0.5112383365631104,0.6555777788162231,0.1699044555425644
cleveland,hungary,v2_deepsets_equal_budget,v2,0,5065,30.0,0.4928513467311859,0.5346367615197753,0.4928513467311859,0.6407287120819092,0.1641019880771637
cleveland,hungary,v2_deepsets_equal_budget,v2,0,5065,35.0,0.503740668296814,0.5359100557280838,0.503740668296814,0.6395933628082275,0.16824638843536377
cleveland,hungary,v2_deepsets_equal_budget,v2,0,5065,40.0,0.4954293966293335,0.5216778767448494,0.4954293966293335,0.6309741139411926,0.1650419682264328
cleveland,hungary,v2_deepsets_equal_budget,v2,0,5065,45.0,0.4730777144432068,0.5291264769735446,0.4730777144432068,0.6057509779930115,0.15566453337669373
cleveland,hungary,v2_deepsets_equal_budget,v2,0,5065,50.0,0.46982598304748535,0.5264234156536804,0.46982598304748535,0.5934440493583679,0.1554943025112152
cleveland,hungary,v2_deepsets_equal_budget,v2,0,5065,55.0,0.4543995261192322,0.5259872799188308,0.4543995261192322,0.585192084312439,0.14916104078292847
cleveland,hungary,v2_deepsets_equal_budget,v2,0,5065,60.0,0.4545435309410095,0.5274410804353741,0.4545435309410095,0.5713533163070679,0.14919716119766235
cleveland,hungary,v2_deepsets_equal_budget,v2,0,5065,65.0,0.430599570274353,0.549329781835371,0.430599570274353,0.5594437122344971,0.13904061913490295
cleveland,hungary,v2_deepsets_equal_budget,v2,0,5065,70.0,0.4221424162387848,0.579161482249464,0.4221424162387848,0.5482865571975708,0.13544070720672607
cleveland,hungary,v2_deepsets_equal_budget,v2,0,5065,75.0,0.4123789966106415,0.5739863803939416,0.4123789966106415,0.555229127407074,0.13178414106369019
cleveland,hungary,v2_deepsets_equal_budget,v2,0,5065,80.0,0.4038528501987457,0.5636239481357783,0.4038528501987457,0.5358223915100098,0.12975488603115082
cleveland,hungary,v2_deepsets_equal_budget,v2,0,5066,5.0,0.6481406688690186,0.6393533191852694,0.6481406688690186,0.6580898761749268,0.22763021290302277
cleveland,hungary,v2_deepsets_equal_budget,v2,0,5066,10.0,0.604931652545929,0.5813528528841441,0.604931652545929,0.6392512321472168,0.20703262090682983
cleveland,hungary,v2_deepsets_equal_budget,v2,0,5066,15.0,0.5612120032310486,0.5311618528820256,0.5612120032310486,0.6045382618904114,0.18813854455947876
cleveland,hungary,v2_deepsets_equal_budget,v2,0,5066,20.0,0.5401115417480469,0.5092535103473239,0.5401115417480469,0.623497724533081,0.18075883388519287
cleveland,hungary,v2_deepsets_equal_budget,v2,0,5066,25.0,0.5090206861495972,0.5130438567599579,0.5090206861495972,0.6129254102706909,0.16942308843135834
cleveland,hungary,v2_deepsets_equal_budget,v2,0,5066,30.0,0.5095934271812439,0.5174222056196518,0.5095934271812439,0.6321284770965576,0.16973428428173065
cleveland,hungary,v2_deepsets_equal_budget,v2,0,5066,35.0,0.4909539818763733,0.5266131705950862,0.4909539818763733,0.6197712421417236,0.16249753534793854
cleveland,hungary,v2_deepsets_equal_budget,v2,0,5066,40.0,0.47823047637939453,0.5438316891250261,0.47823047637939453,0.5874167680740356,0.15800262987613678
cleveland,hungary,v2_deepsets_equal_budget,v2,0,5066,45.0,0.48257362842559814,0.54948792724534,0.48257362842559814,0.5964128971099854,0.1591290980577469
cleveland,hungary,v2_deepsets_equal_budget,v2,0,5066,50.0,0.45897364616394043,0.5592409340319942,0.45897364616394043,0.552510678768158,0.15181466937065125
cleveland,hungary,v2_deepsets_equal_budget,v2,0,5066,55.0,0.43604332208633423,0.5701546746013877,0.43604332208633423,0.5717770457267761,0.1409202218055725
cleveland,hungary,v2_deepsets_equal_budget,v2,0,5066,60.0,0.4420725703239441,0.57401691396567,0.4420725703239441,0.5667423009872437,0.14445626735687256
cleveland,hungary,v2_deepsets_equal_budget,v2,0,5067,5.0,0.6450636386871338,0.6109881773036914,0.6450636386871338,0.6692124009132385,0.22615478932857513
cleveland,hungary,v2_deepsets_equal_budget,v2,0,5067,10.0,0.5936673879623413,0.5449861478163412,0.5936673879623413,0.6415199637413025,0.2020421326160431
cleveland,hungary,v2_deepsets_equal_budget,v2,0,5067,15.0,0.5529493093490601,0.5150698674434828,0.5529493093490601,0.6278457641601562,0.1850375533103943
cleveland,hungary,v2_deepsets_equal_budget,v2,0,5067,20.0,0.5246615409851074,0.5150569477093332,0.5246615409851074,0.6224071979522705,0.1746550053358078
cleveland,hungary,v2_deepsets_equal_budget,v2,0,5067,25.0,0.51738041639328,0.5306843320506524,0.51738041639328,0.6211519241333008,0.17269495129585266
cleveland,hungary,v2_deepsets_equal_budget,v2,0,5067,30.0,0.5060131549835205,0.5405191874152278,0.5060131549835205,0.6007791757583618,0.16704946756362915
cleveland,hungary,v2_deepsets_equal_budget,v2,0,5067,35.0,0.4899942874908447,0.5454951576060393,0.4899942874908447,0.6049904227256775,0.16254913806915283
cleveland,hungary,v2_deepsets_equal_budget,v2,0,5067,40.0,0.4846418499946594,0.5536731079049078,0.4846418499946594,0.6022191643714905,0.16109666228294373
cleveland,hungary,v2_deepsets_equal_budget,v2,0,5067,45.0,0.47184574604034424,0.5654983641127473,0.47184574604034424,0.5953123569488525,0.15675115585327148
cleveland,hungary,v2_deepsets_equal_budget,v2,0,5067,50.0,0.4459878206253052,0.557463765911193,0.4459878206253052,0.5744116902351379,0.14675907790660858
cleveland,hungary,v2_deepsets_equal_budget,v2,0,5067,55.0,0.4481237530708313,0.5684447572059126,0.4481237530708313,0.5757848024368286,0.14776217937469482
cleveland,hungary,v2_deepsets_equal_budget,v2,0,5067,60.0,0.4502122402191162,0.5929261287359077,0.4502122402191162,0.5653256177902222,0.14976122975349426
cleveland,hungary,v2_deepsets_equal_budget,v2,0,5068,5.0,0.6653529405593872,0.6499447644461573,0.6653529405593872,0.6769009232521057,0.23615410923957825
cleveland,hungary,v2_deepsets_equal_budget,v2,0,5068,10.0,0.6105136871337891,0.592432972565087,0.6105136871337891,0.6507365703582764,0.20970377326011658
cleveland,hungary,v2_deepsets_equal_budget,v2,0,5068,15.0,0.561587929725647,0.5366585308427956,0.561587929725647,0.6279867887496948,0.1881835013628006
cleveland,hungary,v2_deepsets_equal_budget,v2,0,5068,20.0,0.5282659530639648,0.5266802627262661,0.5282659530639648,0.6214882731437683,0.17516125738620758
cleveland,hungary,v2_deepsets_equal_budget,v2,0,5068,25.0,0.520869255065918,0.5471773226324408,0.520869255065918,0.635027289390564,0.17389026284217834
cleveland,hungary,v2_deepsets_equal_budget,v2,0,5068,30.0,0.49373894929885864,0.5661990509064981,0.49373894929885864,0.6170120239257812,0.1637481451034546
cleveland,hungary,v2_deepsets_equal_budget,v2,0,5068,35.0,0.48260554671287537,0.5795152817137375,0.48260554671287537,0.6086288690567017,0.15968836843967438
cleveland,hungary,v2_deepsets_equal_budget,v2,0,5068,40.0,0.4812682569026947,0.5836091050969963,0.4812682569026947,0.5891852974891663,0.159979447722435
cleveland,hungary,v2_deepsets_equal_budget,v2,0,5068,45.0,0.45667579770088196,0.5678327228080539,0.45667579770088196,0.5853778123855591,0.15002283453941345
cleveland,hungary,v2_deepsets_equal_budget,v2,0,5068,50.0,0.4624011218547821,0.5639784454907228,0.4624011218547821,0.5741848349571228,0.1531987339258194
cleveland,hungary,v2_deepsets_equal_budget,v2,0,5068,55.0,0.4489755630493164,0.564609601644304,0.4489755630493164,0.5841579437255859,0.14677444100379944
cleveland,hungary,v2_deepsets_equal_budget,v2,0,5068,60.0,0.4469657838344574,0.5739829747122409,0.4469657838344574,0.5639469623565674,0.14501219987869263
cleveland,hungary,v2_deepsets_equal_budget,v2,0,5069,5.0,0.6512924432754517,0.623043928385422,0.6512924432754517,0.6628216505050659,0.2292560636997223
cleveland,hungary,v2_deepsets_equal_budget,v2,0,5069,10.0,0.5845811367034912,0.5486748330807205,0.5845811367034912,0.6293246150016785,0.19786420464515686
cleveland,hungary,v2_deepsets_equal_budget,v2,0,5069,15.0,0.5452725291252136,0.4997628327095194,0.5452725291252136,0.6115878224372864,0.18228694796562195
cleveland,hungary,v2_deepsets_equal_budget,v2,0,5069,20.0,0.5313310027122498,0.4894244630333371,0.5313310027122498,0.6345587968826294,0.17742860317230225
cleveland,hungary,v2_deepsets_equal_budget,v2,0,5069,25.0,0.5221120715141296,0.5091281206205576,0.5221120715141296,0.6378056406974792,0.1747741550207138
cleveland,hungary,v2_deepsets_equal_budget,v2,0,5069,30.0,0.5107518434524536,0.525000367978666,0.5107518434524536,0.6352890133857727,0.17037054896354675
cleveland,hungary,v2_deepsets_equal_budget,v2,0,5069,35.0,0.479350745677948,0.5360805476853723,0.479350745677948,0.6114971041679382,0.15679799020290375
cleveland,hungary,v2_deepsets_equal_budget,v2,0,5069,40.0,0.492726594209671,0.5450412588260964,0.492726594209671,0.6087319850921631,0.16300123929977417
cleveland,hungary,v2_deepsets_equal_budget,v2,0,5069,45.0,0.474723219871521,0.5422475179770823,0.474723219871521,0.601728081703186,0.1559746265411377
cleveland,hungary,v2_deepsets_equal_budget,v2,0,5069,50.0,0.4742048978805542,0.5510138326543234,0.4742048978805542,0.57822585105896,0.15893712639808655
cleveland,hungary,v2_deepsets_equal_budget,v2,0,5069,55.0,0.4777587652206421,0.5758265249875565,0.4777587652206421,0.5731202363967896,0.1606610119342804
cleveland,hungary,v2_deepsets_equal_budget,v2,0,5069,60.0,0.4513692557811737,0.5813977700133122,0.4513692557811737,0.5746958255767822,0.1487811803817749
cleveland,hungary,v2_deepsets_equal_budget,v2,0,5070,5.0,0.6655703783035278,0.6431892896624876,0.6655703783035278,0.6731135249137878,0.2362658530473709
cleveland,hungary,v2_deepsets_equal_budget,v2,0,5070,10.0,0.6078310012817383,0.581992574921937,0.6078310012817383,0.6321986317634583,0.2082369476556778
cleveland,hungary,v2_deepsets_equal_budget,v2,0,5070,15.0,0.5691899061203003,0.5397492843748896,0.5691899061203003,0.6121197938919067,0.19190168380737305
cleveland,hungary,v2_deepsets_equal_budget,v2,0,5070,20.0,0.5504693388938904,0.5240781372001728,0.5504693388938904,0.6231483221054077,0.18432869017124176
cleveland,hungary,v2_deepsets_equal_budget,v2,0,5070,25.0,0.5337100028991699,0.5345808088884402,0.5337100028991699,0.621139407157898,0.17901921272277832
cleveland,hungary,v2_deepsets_equal_budget,v2,0,5070,30.0,0.5051236152648926,0.5452186663854536,0.5051236152648926,0.6118291616439819,0.1674371361732483
cleveland,hungary,v2_deepsets_equal_budget,v2,0,5070,35.0,0.47773221135139465,0.5532611592419752,0.47773221135139465,0.5928782224655151,0.1557825803756714
cleveland,hungary,v2_deepsets_equal_budget,v2,0,5070,40.0,0.5158777236938477,0.5660930490148584,0.5158777236938477,0.6071314811706543,0.17314943671226501
cleveland,hungary,v2_deepsets_equal_budget,v2,0,5070,45.0,0.4897439181804657,0.5789243241822574,0.4897439181804657,0.5908563137054443,0.16258323192596436
cleveland,hungary,v2_deepsets_equal_budget,v2,0,5070,50.0,0.46522825956344604,0.5908881192257587,0.46522825956344604,0.5808627605438232,0.15299811959266663
cleveland,hungary,v2_deepsets_equal_budget,v2,0,5070,55.0,0.46516287326812744,0.607806988451699,0.46516287326812744,0.58985435962677,0.1527424156665802
cleveland,hungary,v2_deepsets_equal_budget,v2,0,5070,60.0,0.4412301778793335,0.6066601457554768,0.4412301778793335,0.5629217624664307,0.1432882696390152
cleveland,hungary,v2_deepsets_equal_budget,v2,0,5071,5.0,0.6513781547546387,0.6295798252402125,0.6513781547546387,0.669748842716217,0.22924932837486267
cleveland,hungary,v2_deepsets_equal_budget,v2,0,5071,10.0,0.5983389019966125,0.5685570008802219,0.5983389019966125,0.6463327407836914,0.20415446162223816
cleveland,hungary,v2_deepsets_equal_budget,v2,0,5071,15.0,0.5641443729400635,0.5181000804521876,0.5641443729400635,0.6359311938285828,0.1898355484008789
cleveland,hungary,v2_deepsets_equal_budget,v2,0,5071,20.0,0.5157430171966553,0.5023342011029552,0.5157430171966553,0.6236953735351562,0.1705472320318222
cleveland,hungary,v2_deepsets_equal_budget,v2,0,5071,25.0,0.502890408039093,0.5176664497608343,0.502890408039093,0.6194020509719849,0.1668533980846405
cleveland,hungary,v2_deepsets_equal_budget,v2,0,5071,30.0,0.5060487985610962,0.547992054314446,0.5060487985610962,0.6325126886367798,0.16906854510307312
cleveland,hungary,v2_deepsets_equal_budget,v2,0,5071,35.0,0.4782070815563202,0.5562414514741385,0.4782070815563202,0.6052677631378174,0.15813295543193817
cleveland,hungary,v2_deepsets_equal_budget,v2,0,5071,40.0,0.4784923791885376,0.5842032898958951,0.4784923791885376,0.5775233507156372,0.1602708250284195
cleveland,hungary,v2_deepsets_equal_budget,v2,0,5071,45.0,0.4585973024368286,0.596616762157098,0.4585973024368286,0.5798112154006958,0.15048441290855408
cleveland,hungary,v2_deepsets_equal_budget,v2,0,5071,50.0,0.464138925075531,0.5799117056745698,0.464138925075531,0.5728515386581421,0.15576905012130737
cleveland,hungary,v2_deepsets_equal_budget,v2,0,5071,55.0,0.44436776638031006,0.5847995443794489,0.44436776638031006,0.573818564414978,0.14657655358314514
cleveland,hungary,v2_deepsets_equal_budget,v2,0,5071,60.0,0.43158653378486633,0.6073181688260003,0.43158653378486633,0.549611508846283,0.1417287290096283
cleveland,switzerland,v2_deepsets_equal_budget,v2,0,5062,5.0,0.6250826120376587,0.6547372693467368,0.6250826120376587,0.6527532339096069,0.2163882702589035
cleveland,switzerland,v2_deepsets_equal_budget,v2,0,5062,10.0,0.5476511120796204,0.6335082897324988,0.5476511120796204,0.6152136325836182,0.18155935406684875
cleveland,switzerland,v2_deepsets_equal_budget,v2,0,5062,15.0,0.506430447101593,0.6423184386525549,0.506430447101593,0.6037728786468506,0.16696536540985107
cleveland,switzerland,v2_deepsets_equal_budget,v2,0,5062,20.0,0.48603811860084534,0.6812264804395525,0.48603811860084534,0.5878045558929443,0.1599879413843155
cleveland,switzerland,v2_deepsets_equal_budget,v2,0,5062,25.0,0.4830082654953003,0.712550028699644,0.4830082654953003,0.5934916138648987,0.15965662896633148
cleveland,switzerland,v2_deepsets_equal_budget,v2,0,5062,30.0,0.4713723063468933,0.7437935426458886,0.4713723063468933,0.5752482414245605,0.1554204374551773
cleveland,switzerland,v2_deepsets_equal_budget,v2,0,5062,35.0,0.4575307369232178,0.7592280704952477,0.4575307369232178,0.5664325952529907,0.15030810236930847
cleveland,switzerland,v2_deepsets_equal_budget,v2,0,5062,40.0,0.4577634036540985,0.7673599072180155,0.4577634036540985,0.5662870407104492,0.15037232637405396
cleveland,switzerland,v2_deepsets_equal_budget,v2,0,5062,45.0,0.4535056948661804,0.7769877664498102,0.4535056948661804,0.5574910640716553,0.14857928454875946
cleveland,switzerland,v2_deepsets_equal_budget,v2,0,5062,50.0,0.451594740152359,0.7880827945962113,0.451594740152359,0.5570111274719238,0.14886420965194702
cleveland,switzerland,v2_deepsets_equal_budget,v2,0,5063,5.0,0.6347677707672119,0.6479749088606588,0.6347677707672119,0.6576088070869446,0.22108179330825806
cleveland,switzerland,v2_deepsets_equal_budget,v2,0,5063,10.0,0.5494564175605774,0.6158933674271647,0.5494564175605774,0.604353666305542,0.18201632797718048
cleveland,switzerland,v2_deepsets_equal_budget,v2,0,5063,15.0,0.5051330327987671,0.6106470268395143,0.5051330327987671,0.5816912055015564,0.16619999706745148
cleveland,switzerland,v2_deepsets_equal_budget,v2,0,5063,20.0,0.485154390335083,0.6336489614241264,0.485154390335083,0.588350772857666,0.16013658046722412
cleveland,switzerland,v2_deepsets_equal_budget,v2,0,5063,25.0,0.48284727334976196,0.6637469532038036,0.48284727334976196,0.5952531099319458,0.16058200597763062
cleveland,switzerland,v2_deepsets_equal_budget,v2,0,5063,30.0,0.4531703293323517,0.6871707154983989,0.4531703293323517,0.5542991161346436,0.14840613305568695
cleveland,switzerland,v2_deepsets_equal_budget,v2,0,5063,35.0,0.45565345883369446,0.7055237741010334,0.45565345883369446,0.5613863468170166,0.15005013346672058
cleveland,switzerland,v2_deepsets_equal_budget,v2,0,5063,40.0,0.44517508149147034,0.7203412332017081,0.44517508149147034,0.5469905734062195,0.14393772184848785
cleveland,switzerland,v2_deepsets_equal_budget,v2,0,5063,45.0,0.44416099786758423,0.7336646774321638,0.44416099786758423,0.5518430471420288,0.14532554149627686
cleveland,switzerland,v2_deepsets_equal_budget,v2,0,5063,50.0,0.4376228153705597,0.7434921645030128,0.4376228153705597,0.5336002707481384,0.14132234454154968
cleveland,switzerland,v2_deepsets_equal_budget,v2,0,5063,55.0,0.41426435112953186,0.7539691202185539,0.41426435112953186,0.4939883351325989,0.13269749283790588
cleveland,switzerland,v2_deepsets_equal_budget,v2,0,5064,5.0,0.6233872771263123,0.6373902524426882,0.6233872771263123,0.6535238027572632,0.21560785174369812
cleveland,switzerland,v2_deepsets_equal_budget,v2,0,5064,10.0,0.5448887348175049,0.5931013874260231,0.5448887348175049,0.6171141862869263,0.1806541085243225
cleveland,switzerland,v2_deepsets_equal_budget,v2,0,5064,15.0,0.4925323724746704,0.6028116275804459,0.4925323724746704,0.5850427150726318,0.16241201758384705
cleveland,switzerland,v2_deepsets_equal_budget,v2,0,5064,20.0,0.4988566040992737,0.6375805387042925,0.4988566040992737,0.6117912530899048,0.16611748933792114
cleveland,switzerland,v2_deepsets_equal_budget,v2,0,5064,25.0,0.48347634077072144,0.6547166520009033,0.48347634077072144,0.5937048196792603,0.16009443998336792
cleveland,switzerland,v2_deepsets_equal_budget,v2,0,5064,30.0,0.4568936228752136,0.6626050814812151,0.4568936228752136,0.5453997850418091,0.14993810653686523
cleveland,switzerland,v2_deepsets_equal_budget,v2,0,5064,35.0,0.46323591470718384,0.6745594106635396,0.46323591470718384,0.5625894665718079,0.15232107043266296
cleveland,switzerland,v2_deepsets_equal_budget,v2,0,5064,40.0,0.44601696729660034,0.6854020802076664,0.44601696729660034,0.5471094250679016,0.1464526355266571
cleveland,switzerland,v2_deepsets_equal_budget,v2,0,5064,45.0,0.4373193681240082,0.7012314497641632,0.4373193681240082,0.5363421440124512,0.14405813813209534
cleveland,switzerland,v2_deepsets_equal_budget,v2,0,5064,50.0,0.431671679019928,0.7044584438758726,0.431671679019928,0.5201219320297241,0.1398494839668274
cleveland,switzerland,v2_deepsets_equal_budget,v2,0,5065,5.0,0.6153324246406555,0.6401367649841859,0.6153324246406555,0.6487277746200562,0.21170295774936676
cleveland,switzerland,v2_deepsets_equal_budget,v2,0,5065,10.0,0.543487548828125,0.6217528303980824,0.543487548828125,0.6148252487182617,0.18023666739463806
cleveland,switzerland,v2_deepsets_equal_budget,v2,0,5065,15.0,0.5129395723342896,0.6315275531788308,0.5129395723342896,0.6074274778366089,0.16983920335769653
cleveland,switzerland,v2_deepsets_equal_budget,v2,0,5065,20.0,0.5138745307922363,0.6589452967357832,0.5138745307922363,0.6272118091583252,0.1707485318183899
cleveland,switzerland,v2_deepsets_equal_budget,v2,0,5065,25.0,0.4902065396308899,0.6901751744273545,0.4902065396308899,0.5880447626113892,0.16237878799438477
cleveland,switzerland,v2_deepsets_equal_budget,v2,0,5065,30.0,0.4811520278453827,0.7285533248861522,0.4811520278453827,0.5749754905700684,0.15841181576251984
cleveland,switzerland,v2_deepsets_equal_budget,v2,0,5065,35.0,0.4747193455696106,0.7541232047130171,0.4747193455696106,0.5668556690216064,0.15666833519935608
cleveland,switzerland,v2_deepsets_equal_budget,v2,0,5065,40.0,0.470317006111145,0.7630404230949155,0.470317006111145,0.5675845146179199,0.15543438494205475
cleveland,switzerland,v2_deepsets_equal_budget,v2,0,5065,45.0,0.4613635540008545,0.7704406476212422,0.4613635540008545,0.5602926015853882,0.15215949714183807
cleveland,switzerland,v2_deepsets_equal_budget,v2,0,5065,50.0,0.45530200004577637,0.7764867797163233,0.45530200004577637,0.5515721440315247,0.14943049848079681
cleveland,switzerland,v2_deepsets_equal_budget,v2,0,5066,5.0,0.6423285007476807,0.6368253925218729,0.6423285007476807,0.6625597476959229,0.22477495670318604
cleveland,switzerland,v2_deepsets_equal_budget,v2,0,5066,10.0,0.5612240433692932,0.593180111101774,0.5612240433692932,0.6158162355422974,0.18706855177879333
cleveland,switzerland,v2_deepsets_equal_budget,v2,0,5066,15.0,0.5061628818511963,0.5881559503673741,0.5061628818511963,0.5948885083198547,0.1654919981956482
cleveland,switzerland,v2_deepsets_equal_budget,v2,0,5066,20.0,0.49149203300476074,0.6319693924354031,0.49149203300476074,0.5946090221405029,0.16230636835098267
cleveland,switzerland,v2_deepsets_equal_budget,v2,0,5066,25.0,0.48129087686538696,0.6721449907207789,0.48129087686538696,0.6027589440345764,0.15976952016353607
cleveland,switzerland,v2_deepsets_equal_budget,v2,0,5066,30.0,0.4722987413406372,0.7162897837444091,0.4722987413406372,0.5821738839149475,0.1556839942932129
cleveland,switzerland,v2_deepsets_equal_budget,v2,0,5066,35.0,0.45682293176651,0.7346343495214009,0.45682293176651,0.5637614727020264,0.14989128708839417
cleveland,switzerland,v2_deepsets_equal_budget,v2,0,5066,40.0,0.45443451404571533,0.7354411527717837,0.45443451404571533,0.5632703304290771,0.14852817356586456
cleveland,switzerland,v2_deepsets_equal_budget,v2,0,5066,45.0,0.4429450035095215,0.7448553585480981,0.4429450035095215,0.5495460629463196,0.14331255853176117
cleveland,switzerland,v2_deepsets_equal_budget,v2,0,5066,50.0,0.43707868456840515,0.7479634395519132,0.43707868456840515,0.5364223718643188,0.1423475444316864
cleveland,switzerland,v2_deepsets_equal_budget,v2,0,5066,55.0,0.44109827280044556,0.7309903702206411,0.44109827280044556,0.5376258492469788,0.14302381873130798
cleveland,switzerland,v2_deepsets_equal_budget,v2,0,5067,5.0,0.6013655662536621,0.6101483280793243,0.6013655662536621,0.6349693536758423,0.20512720942497253
cleveland,switzerland,v2_deepsets_equal_budget,v2,0,5067,10.0,0.5330338478088379,0.5848964126412253,0.5330338478088379,0.6020357608795166,0.176418274641037
cleveland,switzerland,v2_deepsets_equal_budget,v2,0,5067,15.0,0.5026616454124451,0.5918724445834139,0.5026616454124451,0.6020239591598511,0.16617485880851746
cleveland,switzerland,v2_deepsets_equal_budget,v2,0,5067,20.0,0.48492762446403503,0.6249877851841664,0.48492762446403503,0.5802008509635925,0.1599481850862503
cleveland,switzerland,v2_deepsets_equal_budget,v2,0,5067,25.0,0.48189061880111694,0.6542638853591876,0.48189061880111694,0.5873185396194458,0.16015154123306274
cleveland,switzerland,v2_deepsets_equal_budget,v2,0,5067,30.0,0.4684464931488037,0.6615311176164289,0.4684464931488037,0.5675053596496582,0.15504494309425354
cleveland,switzerland,v2_deepsets_equal_budget,v2,0,5067,35.0,0.45496636629104614,0.6810259936552594,0.45496636629104614,0.5619646906852722,0.14849069714546204
cleveland,switzerland,v2_deepsets_equal_budget,v2,0,5067,40.0,0.45642828941345215,0.6945266305744976,0.45642828941345215,0.5484830737113953,0.15060913562774658
cleveland,switzerland,v2_deepsets_equal_budget,v2,0,5067,45.0,0.4418101906776428,0.7021555997709357,0.4418101906776428,0.5423914194107056,0.14418406784534454
cleveland,switzerland,v2_deepsets_equal_budget,v2,0,5067,50.0,0.4375186860561371,0.7121603339373543,0.4375186860561371,0.5312787890434265,0.1426098793745041
cleveland,switzerland,v2_deepsets_equal_budget,v2,0,5068,5.0,0.6206713914871216,0.6575304885696681,0.6206713914871216,0.6530159115791321,0.21430259943008423
cleveland,switzerland,v2_deepsets_equal_budget,v2,0,5068,10.0,0.5339721441268921,0.6254314715785954,0.5339721441268921,0.5992236137390137,0.17592045664787292
cleveland,switzerland,v2_deepsets_equal_budget,v2,0,5068,15.0,0.5009081363677979,0.6286563164651823,0.5009081363677979,0.5909824967384338,0.16575607657432556
cleveland,switzerland,v2_deepsets_equal_budget,v2,0,5068,20.0,0.49121540784835815,0.6465454112485496,0.49121540784835815,0.588567852973938,0.1631801873445511
cleveland,switzerland,v2_deepsets_equal_budget,v2,0,5068,25.0,0.4694186747074127,0.6670867340615998,0.4694186747074127,0.5773574709892273,0.15463480353355408
cleveland,switzerland,v2_deepsets_equal_budget,v2,0,5068,30.0,0.4574918746948242,0.6931530394048144,0.4574918746948242,0.5431702733039856,0.15000616014003754
cleveland,switzerland,v2_deepsets_equal_budget,v2,0,5068,35.0,0.463437020778656,0.7102766004857177,0.463437020778656,0.5585744380950928,0.1524694561958313
cleveland,switzerland,v2_deepsets_equal_budget,v2,0,5068,40.0,0.4529610872268677,0.721202612188033,0.4529610872268677,0.5585715770721436,0.14719170331954956
cleveland,switzerland,v2_deepsets_equal_budget,v2,0,5068,45.0,0.4527066946029663,0.7302365290164698,0.4527066946029663,0.5462659597396851,0.1481170505285263
cleveland,switzerland,v2_deepsets_equal_budget,v2,0,5068,50.0,0.4353834390640259,0.7324494522064638,0.4353834390640259,0.5319236516952515,0.14130359888076782
cleveland,switzerland,v2_deepsets_equal_budget,v2,0,5069,5.0,0.6254894733428955,0.6301789018212987,0.6254894733428955,0.6533109545707703,0.216604545712471
cleveland,switzerland,v2_deepsets_equal_budget,v2,0,5069,10.0,0.5422179698944092,0.5937427408817282,0.5422179698944092,0.6113214492797852,0.1791699230670929
cleveland,switzerland,v2_deepsets_equal_budget,v2,0,5069,15.0,0.5015761256217957,0.6010425738852816,0.5015761256217957,0.6057000160217285,0.16590061783790588
cleveland,switzerland,v2_deepsets_equal_budget,v2,0,5069,20.0,0.49419650435447693,0.6369558871970883,0.49419650435447693,0.6116675734519958,0.16487501561641693
cleveland,switzerland,v2_deepsets_equal_budget,v2,0,5069,25.0,0.47809499502182007,0.6660156692791955,0.47809499502182007,0.5939990282058716,0.15838903188705444
cleveland,switzerland,v2_deepsets_equal_budget,v2,0,5069,30.0,0.4638526141643524,0.68268979710208,0.4638526141643524,0.5680412650108337,0.15288639068603516
cleveland,switzerland,v2_deepsets_equal_budget,v2,0,5069,35.0,0.4663676917552948,0.7014176273938617,0.4663676917552948,0.5801423192024231,0.15421661734580994
cleveland,switzerland,v2_deepsets_equal_budget,v2,0,5069,40.0,0.4483226537704468,0.708161100208211,0.4483226537704468,0.5563346743583679,0.14715047180652618
cleveland,switzerland,v2_deepsets_equal_budget,v2,0,5069,45.0,0.44665250182151794,0.7103751138727066,0.44665250182151794,0.5439753532409668,0.14645902812480927
cleveland,switzerland,v2_deepsets_equal_budget,v2,0,5069,50.0,0.4455912709236145,0.7067258209903362,0.4455912709236145,0.5538668632507324,0.14519426226615906
cleveland,switzerland,v2_deepsets_equal_budget,v2,0,5070,5.0,0.6628994345664978,0.6708460822409434,0.6628994345664978,0.6796879768371582,0.23506085574626923
cleveland,switzerland,v2_deepsets_equal_budget,v2,0,5070,10.0,0.5932791233062744,0.6282083949746927,0.5932791233062744,0.6325992345809937,0.20151787996292114
cleveland,switzerland,v2_deepsets_equal_budget,v2,0,5070,15.0,0.5286304950714111,0.598600226237542,0.5286304950714111,0.6020630598068237,0.17399728298187256
cleveland,switzerland,v2_deepsets_equal_budget,v2,0,5070,20.0,0.5042120218276978,0.6013640704902765,0.5042120218276978,0.6042070388793945,0.1667153239250183
cleveland,switzerland,v2_deepsets_equal_budget,v2,0,5070,25.0,0.48190081119537354,0.6283077880641244,0.48190081119537354,0.5895622372627258,0.15951761603355408
cleveland,switzerland,v2_deepsets_equal_budget,v2,0,5070,30.0,0.4825030565261841,0.6868301893578515,0.4825030565261841,0.5915631055831909,0.15973179042339325
cleveland,switzerland,v2_deepsets_equal_budget,v2,0,5070,35.0,0.4760289192199707,0.6909143132334924,0.4760289192199707,0.5802720785140991,0.15693476796150208
cleveland,switzerland,v2_deepsets_equal_budget,v2,0,5070,40.0,0.4582064747810364,0.6825537429984141,0.4582064747810364,0.5651860237121582,0.1499648094177246
cleveland,switzerland,v2_deepsets_equal_budget,v2,0,5070,45.0,0.4558742046356201,0.6973029558933588,0.4558742046356201,0.562116265296936,0.14849242568016052
cleveland,switzerland,v2_deepsets_equal_budget,v2,0,5070,50.0,0.4401979148387909,0.7128271094392282,0.4401979148387909,0.5428600311279297,0.14277079701423645
cleveland,switzerland,v2_deepsets_equal_budget,v2,0,5070,55.0,0.4508194625377655,0.7260175287745891,0.4508194625377655,0.5584932565689087,0.1472932994365692
cleveland,switzerland,v2_deepsets_equal_budget,v2,0,5071,5.0,0.607389509677887,0.664384261696642,0.607389509677887,0.6363228559494019,0.20790591835975647
cleveland,switzerland,v2_deepsets_equal_budget,v2,0,5071,10.0,0.5421798825263977,0.6297838557441174,0.5421798825263977,0.6143025159835815,0.17950628697872162
cleveland,switzerland,v2_deepsets_equal_budget,v2,0,5071,15.0,0.4997939467430115,0.6430788148602549,0.4997939467430115,0.5983980894088745,0.16543444991111755
cleveland,switzerland,v2_deepsets_equal_budget,v2,0,5071,20.0,0.49329233169555664,0.6684822421910259,0.49329233169555664,0.6006382703781128,0.16340351104736328
cleveland,switzerland,v2_deepsets_equal_budget,v2,0,5071,25.0,0.47731274366378784,0.6934559334597714,0.47731274366378784,0.5726625323295593,0.15780197083950043
cleveland,switzerland,v2_deepsets_equal_budget,v2,0,5071,30.0,0.47302138805389404,0.7153834400115078,0.47302138805389404,0.57801353931427,0.15660971403121948
cleveland,switzerland,v2_deepsets_equal_budget,v2,0,5071,35.0,0.46409058570861816,0.7321592576422594,0.46409058570861816,0.5675216317176819,0.15295027196407318
cleveland,switzerland,v2_deepsets_equal_budget,v2,0,5071,40.0,0.4648159146308899,0.7490727635422826,0.4648159146308899,0.5767364501953125,0.15291838347911835
cleveland,switzerland,v2_deepsets_equal_budget,v2,0,5071,45.0,0.462850958108902,0.7634998003425774,0.462850958108902,0.5768510699272156,0.15375569462776184
cleveland,switzerland,v2_deepsets_equal_budget,v2,0,5071,50.0,0.43759235739707947,0.7734665188710624,0.43759235739707947,0.532320499420166,0.14272625744342804
cleveland,va_long_beach,v2_deepsets_equal_budget,v2,0,5062,5.0,0.6302543878555298,0.664144671008764,0.6302543878555298,0.6424390077590942,0.21877771615982056
cleveland,va_long_beach,v2_deepsets_equal_budget,v2,0,5062,10.0,0.528609573841095,0.6427969571063067,0.528609573841095,0.5447272062301636,0.1713671088218689
cleveland,va_long_beach,v2_deepsets_equal_budget,v2,0,5062,15.0,0.4595102071762085,0.6595288222729402,0.4595102071762085,0.4885094165802002,0.14445064961910248
cleveland,va_long_beach,v2_deepsets_equal_budget,v2,0,5062,20.0,0.40469735860824585,0.7043883472972237,0.40469735860824585,0.419162780046463,0.12838780879974365
cleveland,va_long_beach,v2_deepsets_equal_budget,v2,0,5062,25.0,0.3785018026828766,0.7595006566932075,0.3785018026828766,0.3837851881980896,0.1197059154510498
cleveland,va_long_beach,v2_deepsets_equal_budget,v2,0,5062,30.0,0.37613970041275024,0.8129973453592225,0.37613970041275024,0.3787132501602173,0.1205214262008667
cleveland,va_long_beach,v2_deepsets_equal_budget,v2,0,5062,35.0,0.36540499329566956,0.8607131600457317,0.36540499329566956,0.3690664768218994,0.11663231253623962
cleveland,va_long_beach,v2_deepsets_equal_budget,v2,0,5062,40.0,0.34174400568008423,0.8888678017682528,0.34174400568008423,0.365811288356781,0.10590773820877075
cleveland,va_long_beach,v2_deepsets_equal_budget,v2,0,5062,45.0,0.33767831325531006,0.9162356953327095,0.33767831325531006,0.37566208839416504,0.10490916669368744
cleveland,va_long_beach,v2_deepsets_equal_budget,v2,0,5062,50.0,0.3227977156639099,0.9269915325922784,0.3227977156639099,0.36703670024871826,0.0983540415763855
cleveland,va_long_beach,v2_deepsets_equal_budget,v2,0,5063,5.0,0.6066787242889404,0.6634753958664913,0.6066787242889404,0.6115024089813232,0.207318514585495
cleveland,va_long_beach,v2_deepsets_equal_budget,v2,0,5063,10.0,0.5088896751403809,0.6626483771637388,0.5088896751403809,0.5229694843292236,0.16294270753860474
cleveland,va_long_beach,v2_deepsets_equal_budget,v2,0,5063,15.0,0.4401327967643738,0.6898231159238896,0.4401327967643738,0.4485965371131897,0.13834139704704285
cleveland,va_long_beach,v2_deepsets_equal_budget,v2,0,5063,20.0,0.39769670367240906,0.7486012621847044,0.39769670367240906,0.4004310965538025,0.1250874400138855
cleveland,va_long_beach,v2_deepsets_equal_budget,v2,0,5063,25.0,0.37635475397109985,0.8113652205455961,0.37635475397109985,0.3917511999607086,0.11841891705989838
cleveland,va_long_beach,v2_deepsets_equal_budget,v2,0,5063,30.0,0.3466319441795349,0.8558262383104163,0.3466319441795349,0.3733215630054474,0.10529333353042603
cleveland,va_long_beach,v2_deepsets_equal_budget,v2,0,5063,35.0,0.33665931224823,0.9213681434164517,0.33665931224823,0.37786462903022766,0.1031997948884964
cleveland,va_long_beach,v2_deepsets_equal_budget,v2,0,5063,40.0,0.33369189500808716,0.95046298932728,0.33369189500808716,0.38061290979385376,0.10037660598754883
cleveland,va_long_beach,v2_deepsets_equal_budget,v2,0,5063,45.0,0.3431810140609741,0.9788005792760415,0.3431810140609741,0.37549707293510437,0.10699333250522614
cleveland,va_long_beach,v2_deepsets_equal_budget,v2,0,5063,50.0,0.32852739095687866,1.0106770527059266,0.32852739095687866,0.3588581681251526,0.10024504363536835
cleveland,va_long_beach,v2_deepsets_equal_budget,v2,0,5064,5.0,0.6022303104400635,0.6601614176577997,0.6022303104400635,0.6229367256164551,0.20531022548675537
cleveland,va_long_beach,v2_deepsets_equal_budget,v2,0,5064,10.0,0.4865679144859314,0.6658820220853594,0.4865679144859314,0.5015116930007935,0.1534455120563507
cleveland,va_long_beach,v2_deepsets_equal_budget,v2,0,5064,15.0,0.44818809628486633,0.707288199265803,0.44818809628486633,0.4831482172012329,0.14178845286369324
cleveland,va_long_beach,v2_deepsets_equal_budget,v2,0,5064,20.0,0.40662968158721924,0.7689287441251902,0.40662968158721924,0.4165980815887451,0.128604918718338
cleveland,va_long_beach,v2_deepsets_equal_budget,v2,0,5064,25.0,0.3753039836883545,0.8254157447441031,0.3753039836883545,0.3898508846759796,0.11804503202438354
cleveland,va_long_beach,v2_deepsets_equal_budget,v2,0,5064,30.0,0.373787522315979,0.8652225769754631,0.373787522315979,0.39218664169311523,0.1186593770980835
cleveland,va_long_beach,v2_deepsets_equal_budget,v2,0,5064,35.0,0.35168832540512085,0.892876704921308,0.35168832540512085,0.3938828706741333,0.10859966278076172
cleveland,va_long_beach,v2_deepsets_equal_budget,v2,0,5064,40.0,0.35666561126708984,0.9164538445650425,0.35666561126708984,0.38975051045417786,0.11293620616197586
cleveland,va_long_beach,v2_deepsets_equal_budget,v2,0,5064,45.0,0.3341616094112396,0.9340623117489193,0.3341616094112396,0.37655866146087646,0.103346087038517
cleveland,va_long_beach,v2_deepsets_equal_budget,v2,0,5065,5.0,0.6426953077316284,0.674582914804299,0.6426953077316284,0.64662766456604,0.22489860653877258
cleveland,va_long_beach,v2_deepsets_equal_budget,v2,0,5065,10.0,0.5454187393188477,0.6695324086371681,0.5454187393188477,0.5457606911659241,0.17857755720615387
cleveland,va_long_beach,v2_deepsets_equal_budget,v2,0,5065,15.0,0.46201327443122864,0.7013901102124621,0.46201327443122864,0.46484294533729553,0.14513401687145233
cleveland,va_long_beach,v2_deepsets_equal_budget,v2,0,5065,20.0,0.42195290327072144,0.7652966405070254,0.42195290327072144,0.42393508553504944,0.1334199607372284
cleveland,va_long_beach,v2_deepsets_equal_budget,v2,0,5065,25.0,0.37712225317955017,0.839674208929927,0.37712225317955017,0.3992875814437866,0.11887075752019882
cleveland,va_long_beach,v2_deepsets_equal_budget,v2,0,5065,30.0,0.35897260904312134,0.9114869502247073,0.35897260904312134,0.38831865787506104,0.1128239631652832
cleveland,va_long_beach,v2_deepsets_equal_budget,v2,0,5065,35.0,0.35581809282302856,0.9508807458531354,0.35581809282302856,0.38648372888565063,0.11113259941339493
cleveland,va_long_beach,v2_deepsets_equal_budget,v2,0,5065,40.0,0.34056681394577026,0.9803966445345438,0.34056681394577026,0.38699182868003845,0.10598266124725342
cleveland,va_long_beach,v2_deepsets_equal_budget,v2,0,5065,45.0,0.33769622445106506,0.9892161934065139,0.33769622445106506,0.38703566789627075,0.10415445268154144
cleveland,va_long_beach,v2_deepsets_equal_budget,v2,0,5065,50.0,0.3282867670059204,0.9963705701529955,0.3282867670059204,0.3746970295906067,0.10142398625612259
cleveland,va_long_beach,v2_deepsets_equal_budget,v2,0,5066,5.0,0.630622386932373,0.6743112758134944,0.630622386932373,0.636693000793457,0.2189573049545288
cleveland,va_long_beach,v2_deepsets_equal_budget,v2,0,5066,10.0,0.5440671443939209,0.6685950395414468,0.5440671443939209,0.564424991607666,0.17868316173553467
cleveland,va_long_beach,v2_deepsets_equal_budget,v2,0,5066,15.0,0.46889129281044006,0.7053598508804408,0.46889129281044006,0.490209698677063,0.1491621434688568
cleveland,va_long_beach,v2_deepsets_equal_budget,v2,0,5066,20.0,0.4237092137336731,0.746043280748023,0.4237092137336731,0.4355456829071045,0.13403582572937012
cleveland,va_long_beach,v2_deepsets_equal_budget,v2,0,5066,25.0,0.39482834935188293,0.8015428453633282,0.39482834935188293,0.396714448928833,0.1247859001159668
cleveland,va_long_beach,v2_deepsets_equal_budget,v2,0,5066,30.0,0.3604797124862671,0.8507611267365611,0.3604797124862671,0.38210994005203247,0.11164294183254242
cleveland,va_long_beach,v2_deepsets_equal_budget,v2,0,5066,35.0,0.3496108055114746,0.9005697622953829,0.3496108055114746,0.37120020389556885,0.1098036840558052
cleveland,va_long_beach,v2_deepsets_equal_budget,v2,0,5066,40.0,0.3475460410118103,0.9572958470167683,0.3475460410118103,0.37755268812179565,0.1089491993188858
cleveland,va_long_beach,v2_deepsets_equal_budget,v2,0,5066,45.0,0.3421860337257385,0.9576601970398437,0.3421860337257385,0.3733552098274231,0.1068725734949112
cleveland,va_long_beach,v2_deepsets_equal_budget,v2,0,5066,50.0,0.33310526609420776,0.9818654546796348,0.33310526609420776,0.3744584918022156,0.10311567783355713
cleveland,va_long_beach,v2_deepsets_equal_budget,v2,0,5067,5.0,0.5988808870315552,0.6695062029353152,0.5988808870315552,0.6059049367904663,0.20346663892269135
cleveland,va_long_beach,v2_deepsets_equal_budget,v2,0,5067,10.0,0.4869283437728882,0.6830691312590371,0.4869283437728882,0.5000889301300049,0.1540217101573944
cleveland,va_long_beach,v2_deepsets_equal_budget,v2,0,5067,15.0,0.41359570622444153,0.7469457722851489,0.41359570622444153,0.4272681474685669,0.12880176305770874
cleveland,va_long_beach,v2_deepsets_equal_budget,v2,0,5067,20.0,0.38007447123527527,0.8324286427372946,0.38007447123527527,0.38573235273361206,0.11967705935239792
cleveland,va_long_beach,v2_deepsets_equal_budget,v2,0,5067,25.0,0.3562869429588318,0.917328287139797,0.3562869429588318,0.38080111145973206,0.11178648471832275
cleveland,va_long_beach,v2_deepsets_equal_budget,v2,0,5067,30.0,0.3556576669216156,0.9587206669270127,0.3556576669216156,0.3751726746559143,0.11069460213184357
cleveland,va_long_beach,v2_deepsets_equal_budget,v2,0,5067,35.0,0.3349132835865021,1.010834299488927,0.3349132835865021,0.3749673366546631,0.10185778141021729
cleveland,va_long_beach,v2_deepsets_equal_budget,v2,0,5067,40.0,0.3348042070865631,1.0408128358113033,0.3348042070865631,0.372032105922699,0.10322345048189163
cleveland,va_long_beach,v2_deepsets_equal_budget,v2,0,5067,45.0,0.33740127086639404,1.0477944244705524,0.33740127086639404,0.36941248178482056,0.10344198346138
cleveland,va_long_beach,v2_deepsets_equal_budget,v2,0,5068,5.0,0.629476010799408,0.6629900467497345,0.629476010799408,0.6393580436706543,0.21842044591903687
cleveland,va_long_beach,v2_deepsets_equal_budget,v2,0,5068,10.0,0.5269061326980591,0.6467460931000856,0.5269061326980591,0.5469813346862793,0.17083266377449036
cleveland,va_long_beach,v2_deepsets_equal_budget,v2,0,5068,15.0,0.45954254269599915,0.6629489123363526,0.45954254269599915,0.48450767993927,0.1462542712688446
cleveland,va_long_beach,v2_deepsets_equal_budget,v2,0,5068,20.0,0.41423046588897705,0.7109492814816125,0.41423046588897705,0.432002454996109,0.13178159296512604
cleveland,va_long_beach,v2_deepsets_equal_budget,v2,0,5068,25.0,0.397208034992218,0.7773026600267682,0.397208034992218,0.4110385477542877,0.12806054949760437
cleveland,va_long_beach,v2_deepsets_equal_budget,v2,0,5068,30.0,0.3607538044452667,0.8445758681521327,0.3607538044452667,0.3889119625091553,0.1122647374868393
cleveland,va_long_beach,v2_deepsets_equal_budget,v2,0,5068,35.0,0.35654088854789734,0.8867877198185345,0.35654088854789734,0.38236331939697266,0.11335985362529755
cleveland,va_long_beach,v2_deepsets_equal_budget,v2,0,5068,40.0,0.3379511535167694,0.9126813189057972,0.3379511535167694,0.372225284576416,0.10491219162940979
cleveland,va_long_beach,v2_deepsets_equal_budget,v2,0,5068,45.0,0.32735922932624817,0.9331136618875192,0.32735922932624817,0.35861504077911377,0.101396843791008
cleveland,va_long_beach,v2_deepsets_equal_budget,v2,0,5068,50.0,0.3204290270805359,0.9708366186681999,0.3204290270805359,0.3607074022293091,0.09723808616399765
cleveland,va_long_beach,v2_deepsets_equal_budget,v2,0,5069,5.0,0.6014574766159058,0.6646539049169524,0.6014574766159058,0.6126641631126404,0.20491114258766174
cleveland,va_long_beach,v2_deepsets_equal_budget,v2,0,5069,10.0,0.5031372308731079,0.6685620660076357,0.5031372308731079,0.529405951499939,0.16181397438049316
cleveland,va_long_beach,v2_deepsets_equal_budget,v2,0,5069,15.0,0.43052852153778076,0.7135693954242106,0.43052852153778076,0.4460303783416748,0.1360292285680771
cleveland,va_long_beach,v2_deepsets_equal_budget,v2,0,5069,20.0,0.392583966255188,0.7795270748812178,0.392583966255188,0.39521563053131104,0.12437249720096588
cleveland,va_long_beach,v2_deepsets_equal_budget,v2,0,5069,25.0,0.3762299418449402,0.8439518123658635,0.3762299418449402,0.3967387080192566,0.11841878294944763
cleveland,va_long_beach,v2_deepsets_equal_budget,v2,0,5069,30.0,0.37207239866256714,0.8999847979421436,0.37207239866256714,0.3952515125274658,0.11841987818479538
cleveland,va_long_beach,v2_deepsets_equal_budget,v2,0,5069,35.0,0.35726234316825867,0.9344049813655043,0.35726234316825867,0.3909541964530945,0.11274896562099457
cleveland,va_long_beach,v2_deepsets_equal_budget,v2,0,5069,40.0,0.332334041595459,0.9628742968993809,0.332334041595459,0.3827892541885376,0.10096509754657745
cleveland,va_long_beach,v2_deepsets_equal_budget,v2,0,5069,45.0,0.3269554376602173,0.9837100398428118,0.3269554376602173,0.38799741864204407,0.09904542565345764
cleveland,va_long_beach,v2_deepsets_equal_budget,v2,0,5070,5.0,0.6234453320503235,0.662022730485757,0.6234453320503235,0.627095103263855,0.21542897820472717
cleveland,va_long_beach,v2_deepsets_equal_budget,v2,0,5070,10.0,0.5274588465690613,0.6534353673610283,0.5274588465690613,0.5419987440109253,0.17080271244049072
cleveland,va_long_beach,v2_deepsets_equal_budget,v2,0,5070,15.0,0.4470398426055908,0.6784677544622881,0.4470398426055908,0.4580903649330139,0.13970959186553955
cleveland,va_long_beach,v2_deepsets_equal_budget,v2,0,5070,20.0,0.4062204957008362,0.7377735252644104,0.4062204957008362,0.4239906668663025,0.12767437100410461
cleveland,va_long_beach,v2_deepsets_equal_budget,v2,0,5070,25.0,0.37501418590545654,0.8244411173658035,0.37501418590545654,0.37577024102211,0.11783917248249054
cleveland,va_long_beach,v2_deepsets_equal_budget,v2,0,5070,30.0,0.367465078830719,0.8828590142374623,0.367465078830719,0.3756895363330841,0.11644279956817627
cleveland,va_long_beach,v2_deepsets_equal_budget,v2,0,5070,35.0,0.3314136862754822,0.9308999726926784,0.3314136862754822,0.3720128536224365,0.1014261394739151
cleveland,va_long_beach,v2_deepsets_equal_budget,v2,0,5070,40.0,0.3442401885986328,0.9277362401836796,0.3442401885986328,0.373778373003006,0.10713594406843185
cleveland,va_long_beach,v2_deepsets_equal_budget,v2,0,5070,45.0,0.32728275656700134,0.9512812563575199,0.32728275656700134,0.3626541793346405,0.10000906139612198
cleveland,va_long_beach,v2_deepsets_equal_budget,v2,0,5070,50.0,0.3202303647994995,0.9563357774328215,0.3202303647994995,0.3622000813484192,0.09844768047332764
cleveland,va_long_beach,v2_deepsets_equal_budget,v2,0,5071,5.0,0.6094920635223389,0.6656149520922348,0.6094920635223389,0.612476110458374,0.20861563086509705
cleveland,va_long_beach,v2_deepsets_equal_budget,v2,0,5071,10.0,0.5188969373703003,0.6575891167524679,0.5188969373703003,0.537577748298645,0.16728246212005615
cleveland,va_long_beach,v2_deepsets_equal_budget,v2,0,5071,15.0,0.44928625226020813,0.6909178038314145,0.44928625226020813,0.470721960067749,0.1422034651041031
cleveland,va_long_beach,v2_deepsets_equal_budget,v2,0,5071,20.0,0.40491920709609985,0.7520158195414277,0.40491920709609985,0.41594409942626953,0.12900307774543762
cleveland,va_long_beach,v2_deepsets_equal_budget,v2,0,5071,25.0,0.38184767961502075,0.806505329771603,0.38184767961502075,0.38529688119888306,0.1214972585439682
cleveland,va_long_beach,v2_deepsets_equal_budget,v2,0,5071,30.0,0.3544195890426636,0.8380005345862407,0.3544195890426636,0.38580721616744995,0.11198973655700684
cleveland,va_long_beach,v2_deepsets_equal_budget,v2,0,5071,35.0,0.34790241718292236,0.8586248859177992,0.34790241718292236,0.3739940822124481,0.10783466696739197
cleveland,va_long_beach,v2_deepsets_equal_budget,v2,0,5071,40.0,0.34143757820129395,0.8713995584995436,0.34143757820129395,0.36862170696258545,0.10578661412000656
cleveland,va_long_beach,v2_deepsets_equal_budget,v2,0,5071,45.0,0.34341055154800415,0.9070750824044529,0.34341055154800415,0.36591699719429016,0.10698139667510986
cleveland,va_long_beach,v2_deepsets_equal_budget,v2,0,5071,50.0,0.32802098989486694,0.9367583595496471,0.32802098989486694,0.3627263307571411,0.09998863935470581
cleveland,hungary,v5_attention_equal_budget,v5,0,5062,5.0,0.645879864692688,0.5675207347368032,0.6233212351799011,0.6251349449157715,0.21651728451251984
cleveland,hungary,v5_attention_equal_budget,v5,0,5062,10.0,0.6011480689048767,0.530426761537809,0.5743595957756042,0.588718593120575,0.1960899531841278
cleveland,hungary,v5_attention_equal_budget,v5,0,5062,15.0,0.5719917416572571,0.5357141048409042,0.5416935682296753,0.5658940672874451,0.18197959661483765
cleveland,hungary,v5_attention_equal_budget,v5,0,5062,20.0,0.5303739905357361,0.5264591841305849,0.505216121673584,0.522105872631073,0.1671295017004013
cleveland,hungary,v5_attention_equal_budget,v5,0,5062,25.0,0.51591557264328,0.5410586294570694,0.4865121841430664,0.5134650468826294,0.15926963090896606
cleveland,hungary,v5_attention_equal_budget,v5,0,5062,30.0,0.48590919375419617,0.542490731034846,0.4556518793106079,0.4867100715637207,0.14728206396102905
cleveland,hungary,v5_attention_equal_budget,v5,0,5062,35.0,0.46255454421043396,0.5697723545244886,0.43374887108802795,0.46344614028930664,0.13957057893276215
cleveland,hungary,v5_attention_equal_budget,v5,0,5062,40.0,0.4577375650405884,0.5766946290888866,0.4283927381038666,0.4594360291957855,0.13823166489601135
cleveland,hungary,v5_attention_equal_budget,v5,0,5062,45.0,0.42711398005485535,0.6144463649948606,0.395454466342926,0.4337043762207031,0.1253456324338913
cleveland,hungary,v5_attention_equal_budget,v5,0,5062,50.0,0.4183059632778168,0.6251575753469754,0.3819160759449005,0.4305973947048187,0.12049223482608795
cleveland,hungary,v5_attention_equal_budget,v5,0,5062,55.0,0.4126312732696533,0.6407377415637516,0.37276560068130493,0.42897939682006836,0.1175876185297966
cleveland,hungary,v5_attention_equal_budget,v5,0,5062,60.0,0.4182325601577759,0.667291713502682,0.36934077739715576,0.44383499026298523,0.11644650995731354
cleveland,hungary,v5_attention_equal_budget,v5,0,5063,5.0,0.6422321796417236,0.5462805358540721,0.6177210211753845,0.6238350868225098,0.21454088389873505
cleveland,hungary,v5_attention_equal_budget,v5,0,5063,10.0,0.5957578420639038,0.5032580818490511,0.5678785443305969,0.584943950176239,0.19346611201763153
cleveland,hungary,v5_attention_equal_budget,v5,0,5063,15.0,0.5695092678070068,0.5224282810798176,0.5423422455787659,0.5601046681404114,0.18285788595676422
cleveland,hungary,v5_attention_equal_budget,v5,0,5063,20.0,0.5463937520980835,0.5240687661310559,0.5173471570014954,0.5409669280052185,0.1723673790693283
cleveland,hungary,v5_attention_equal_budget,v5,0,5063,25.0,0.5155567526817322,0.522771275902209,0.4807727634906769,0.5188829302787781,0.15728890895843506
cleveland,hungary,v5_attention_equal_budget,v5,0,5063,30.0,0.5038136839866638,0.5267243540497151,0.47128480672836304,0.5056630373001099,0.1533973515033722
cleveland,hungary,v5_attention_equal_budget,v5,0,5063,35.0,0.49104559421539307,0.5386881446713799,0.4521760046482086,0.5008763670921326,0.14519384503364563
cleveland,hungary,v5_attention_equal_budget,v5,0,5063,40.0,0.46540936827659607,0.5552737360406594,0.430303156375885,0.4729252755641937,0.13795171678066254
cleveland,hungary,v5_attention_equal_budget,v5,0,5063,45.0,0.4461548924446106,0.5740629584962672,0.4089674651622772,0.4574466645717621,0.12947840988636017
cleveland,hungary,v5_attention_equal_budget,v5,0,5063,50.0,0.4370453655719757,0.5974636623366206,0.4023014307022095,0.4463399052619934,0.1272469162940979
cleveland,hungary,v5_attention_equal_budget,v5,0,5064,5.0,0.6172252297401428,0.5577850664128907,0.5933771133422852,0.6003126502037048,0.20380301773548126
cleveland,hungary,v5_attention_equal_budget,v5,0,5064,10.0,0.5707408785820007,0.5068263097411022,0.5387566685676575,0.5666084289550781,0.1805834174156189
cleveland,hungary,v5_attention_equal_budget,v5,0,5064,15.0,0.5553330183029175,0.5041152301582625,0.5251675248146057,0.5504710078239441,0.17513753473758698
cleveland,hungary,v5_attention_equal_budget,v5,0,5064,20.0,0.5202293395996094,0.49787737360631357,0.4931737184524536,0.5147782564163208,0.16253331303596497
cleveland,hungary,v5_attention_equal_budget,v5,0,5064,25.0,0.5080420970916748,0.5061745149318747,0.47885963320732117,0.5058383345603943,0.15693123638629913
cleveland,hungary,v5_attention_equal_budget,v5,0,5064,30.0,0.48116955161094666,0.5230363613761198,0.44835272431373596,0.48480939865112305,0.14588505029678345
cleveland,hungary,v5_attention_equal_budget,v5,0,5064,35.0,0.45504483580589294,0.5316581317883347,0.42368561029434204,0.4593145549297333,0.1354476660490036
cleveland,hungary,v5_attention_equal_budget,v5,0,5064,40.0,0.4616653323173523,0.5546828982886199,0.4317163825035095,0.4636686444282532,0.13972815871238708
cleveland,hungary,v5_attention_equal_budget,v5,0,5064,45.0,0.43006420135498047,0.581047500683197,0.39928436279296875,0.43540069460868835,0.12721647322177887
cleveland,hungary,v5_attention_equal_budget,v5,0,5064,50.0,0.4194592237472534,0.609229839238005,0.3867766559123993,0.4274386465549469,0.1235157921910286
cleveland,hungary,v5_attention_equal_budget,v5,0,5064,55.0,0.403743177652359,0.6817149350290952,0.3709663450717926,0.4130539000034332,0.11733044683933258
cleveland,hungary,v5_attention_equal_budget,v5,0,5064,60.0,0.40643617510795593,0.6264953051688564,0.36484605073928833,0.4252135455608368,0.11406399309635162
cleveland,hungary,v5_attention_equal_budget,v5,0,5065,5.0,0.6182498335838318,0.5443025941432474,0.5935620665550232,0.6022709012031555,0.20333343744277954
cleveland,hungary,v5_attention_equal_budget,v5,0,5065,10.0,0.5900431871414185,0.5312475301005362,0.5597414374351501,0.5826556086540222,0.188446506857872
cleveland,hungary,v5_attention_equal_budget,v5,0,5065,15.0,0.5516930818557739,0.5124903742961264,0.522325873374939,0.5463806986808777,0.1733982264995575
cleveland,hungary,v5_attention_equal_budget,v5,0,5065,20.0,0.5480701923370361,0.518415445863706,0.520194411277771,0.5414172410964966,0.17264357209205627
cleveland,hungary,v5_attention_equal_budget,v5,0,5065,25.0,0.5028681755065918,0.5253902750046742,0.47443294525146484,0.5004569292068481,0.15423262119293213
cleveland,hungary,v5_attention_equal_budget,v5,0,5065,30.0,0.5001340508460999,0.5225957861057652,0.466461718082428,0.5034195780754089,0.15193426609039307
cleveland,hungary,v5_attention_equal_budget,v5,0,5065,35.0,0.4737820029258728,0.5217251580689626,0.43932515382766724,0.48005303740501404,0.14092928171157837
cleveland,hungary,v5_attention_equal_budget,v5,0,5065,40.0,0.46293193101882935,0.5328328111051088,0.43026289343833923,0.467997282743454,0.13801851868629456
cleveland,hungary,v5_attention_equal_budget,v5,0,5065,45.0,0.4332154393196106,0.5360271003809374,0.4014783203601837,0.43948468565940857,0.1273394227027893
cleveland,hungary,v5_attention_equal_budget,v5,0,5065,50.0,0.4150134325027466,0.5722459522957319,0.37698161602020264,0.4295082986354828,0.11768458783626556
cleveland,hungary,v5_attention_equal_budget,v5,0,5065,55.0,0.398775190114975,0.5823320417148641,0.3624761998653412,0.4125394821166992,0.11267343908548355
cleveland,hungary,v5_attention_equal_budget,v5,0,5066,5.0,0.6060658693313599,0.5397291608224024,0.5804316997528076,0.592052161693573,0.19823935627937317
cleveland,hungary,v5_attention_equal_budget,v5,0,5066,10.0,0.5767460465431213,0.5202474758437831,0.5492876172065735,0.5671664476394653,0.1851896196603775
cleveland,hungary,v5_attention_equal_budget,v5,0,5066,15.0,0.5624426007270813,0.5133947511175552,0.5372792482376099,0.5515789985656738,0.18013490736484528
cleveland,hungary,v5_attention_equal_budget,v5,0,5066,20.0,0.5463817119598389,0.5174504229901988,0.5161426067352295,0.5420260429382324,0.17297393083572388
cleveland,hungary,v5_attention_equal_budget,v5,0,5066,25.0,0.5101271867752075,0.524057035446245,0.4781675934791565,0.5107411742210388,0.1567283272743225
cleveland,hungary,v5_attention_equal_budget,v5,0,5066,30.0,0.48719754815101624,0.5383231749807081,0.4593569338321686,0.48526182770729065,0.14888162910938263
cleveland,hungary,v5_attention_equal_budget,v5,0,5066,35.0,0.4660278260707855,0.6076739805313052,0.43683353066444397,0.46705350279808044,0.14084304869174957
cleveland,hungary,v5_attention_equal_budget,v5,0,5066,40.0,0.44313502311706543,0.6177843000160239,0.41005048155784607,0.45043593645095825,0.12891839444637299
cleveland,hungary,v5_attention_equal_budget,v5,0,5066,45.0,0.4351964294910431,0.6242232601743758,0.3996428847312927,0.4455154538154602,0.12617257237434387
cleveland,hungary,v5_attention_equal_budget,v5,0,5066,50.0,0.4251004457473755,0.6494252487544139,0.3950401544570923,0.43025141954421997,0.12454643845558167
cleveland,hungary,v5_attention_equal_budget,v5,0,5066,55.0,0.38659632205963135,0.6532453292032754,0.3539125323295593,0.3973875939846039,0.10946283489465714
cleveland,hungary,v5_attention_equal_budget,v5,0,5067,5.0,0.6310278177261353,0.5317251812234889,0.6048397421836853,0.6155037879943848,0.20856033265590668
cleveland,hungary,v5_attention_equal_budget,v5,0,5067,10.0,0.5927557945251465,0.5222672557840746,0.5614989399909973,0.5861010551452637,0.1895584613084793
cleveland,hungary,v5_attention_equal_budget,v5,0,5067,15.0,0.572518527507782,0.5168885154149262,0.5451911091804504,0.5631583333015442,0.18343782424926758
cleveland,hungary,v5_attention_equal_budget,v5,0,5067,20.0,0.5486964583396912,0.533823812518225,0.516270637512207,0.5468029975891113,0.17159625887870789
cleveland,hungary,v5_attention_equal_budget,v5,0,5067,25.0,0.5296355485916138,0.5562191279989663,0.4957618713378906,0.5306439399719238,0.1643267273902893
cleveland,hungary,v5_attention_equal_budget,v5,0,5067,30.0,0.50288325548172,0.5486179107613753,0.471329003572464,0.5037308931350708,0.15353348851203918
cleveland,hungary,v5_attention_equal_budget,v5,0,5067,35.0,0.4790380895137787,0.5767967844156414,0.4431544542312622,0.4862719476222992,0.1432487666606903
cleveland,hungary,v5_attention_equal_budget,v5,0,5067,40.0,0.4590664207935333,0.596524601995807,0.42469969391822815,0.46620360016822815,0.13614781200885773
cleveland,hungary,v5_attention_equal_budget,v5,0,5067,45.0,0.4311709403991699,0.6159731559293218,0.39180317521095276,0.4459817111492157,0.12278492003679276
cleveland,hungary,v5_attention_equal_budget,v5,0,5067,50.0,0.4231809973716736,0.6260538052293529,0.38528740406036377,0.43697673082351685,0.1204894408583641
cleveland,hungary,v5_attention_equal_budget,v5,0,5067,55.0,0.42708414793014526,0.6385520603216878,0.3875970244407654,0.4420090615749359,0.12281105667352676
cleveland,hungary,v5_attention_equal_budget,v5,0,5068,5.0,0.6605028510093689,0.6183885678132045,0.6373766660690308,0.638952910900116,0.2233811765909195
cleveland,hungary,v5_attention_equal_budget,v5,0,5068,10.0,0.5985530018806458,0.5411302444871611,0.5729076862335205,0.5853896141052246,0.19404323399066925
cleveland,hungary,v5_attention_equal_budget,v5,0,5068,15.0,0.5574552416801453,0.5146952371093166,0.5299292206764221,0.5498208403587341,0.17580218613147736
cleveland,hungary,v5_attention_equal_budget,v5,0,5068,20.0,0.5355689525604248,0.5170378136541822,0.5073056221008301,0.5302209258079529,0.16805630922317505
cleveland,hungary,v5_attention_equal_budget,v5,0,5068,25.0,0.5160334706306458,0.5246931826165175,0.4866626560688019,0.5132420659065247,0.16081078350543976
cleveland,hungary,v5_attention_equal_budget,v5,0,5068,30.0,0.5003464818000793,0.552699459656416,0.4699133336544037,0.49992990493774414,0.15424829721450806
cleveland,hungary,v5_attention_equal_budget,v5,0,5068,35.0,0.47479134798049927,0.5618790938678142,0.4431284964084625,0.477684885263443,0.14384667575359344
cleveland,hungary,v5_attention_equal_budget,v5,0,5068,40.0,0.4720868170261383,0.6058303027695886,0.43832436203956604,0.4775088429450989,0.14170189201831818
cleveland,hungary,v5_attention_equal_budget,v5,0,5068,45.0,0.43563756346702576,0.6403648089038514,0.39985617995262146,0.4462292790412903,0.12594859302043915
cleveland,hungary,v5_attention_equal_budget,v5,0,5068,50.0,0.428537517786026,0.6641762213758806,0.39568525552749634,0.4362538456916809,0.12567967176437378
cleveland,hungary,v5_attention_equal_budget,v5,0,5068,55.0,0.4011020362377167,0.645192948445235,0.3627456724643707,0.41687384247779846,0.112922802567482
cleveland,hungary,v5_attention_equal_budget,v5,0,5069,5.0,0.6171555519104004,0.4858649584430381,0.5928686857223511,0.6007645726203918,0.20338906347751617
cleveland,hungary,v5_attention_equal_budget,v5,0,5069,10.0,0.5715729594230652,0.47763388576176935,0.5434144139289856,0.5631117820739746,0.1830987185239792
cleveland,hungary,v5_attention_equal_budget,v5,0,5069,15.0,0.553071916103363,0.48874698888888773,0.5266197919845581,0.5442959070205688,0.17614081501960754
cleveland,hungary,v5_attention_equal_budget,v5,0,5069,20.0,0.5377327799797058,0.5031268347687876,0.5086008310317993,0.5332137942314148,0.16825522482395172
cleveland,hungary,v5_attention_equal_budget,v5,0,5069,25.0,0.5372151732444763,0.49621808761613595,0.5042502880096436,0.5365981459617615,0.16790932416915894
cleveland,hungary,v5_attention_equal_budget,v5,0,5069,30.0,0.5113629698753357,0.5105770970908563,0.4783254861831665,0.5129103064537048,0.15745100378990173
cleveland,hungary,v5_attention_equal_budget,v5,0,5069,35.0,0.4892643392086029,0.5271864946672745,0.45730146765708923,0.49152976274490356,0.14848734438419342
cleveland,hungary,v5_attention_equal_budget,v5,0,5069,40.0,0.4676288962364197,0.5263797370504146,0.4323540925979614,0.4750289022922516,0.1393739879131317
cleveland,hungary,v5_attention_equal_budget,v5,0,5069,45.0,0.45777663588523865,0.5261891187945927,0.4242776334285736,0.463917076587677,0.1367928385734558
cleveland,hungary,v5_attention_equal_budget,v5,0,5069,50.0,0.44825437664985657,0.573802888260573,0.4112631380558014,0.4587530195713043,0.13246294856071472
cleveland,hungary,v5_attention_equal_budget,v5,0,5070,5.0,0.624927282333374,0.5367219631791488,0.6016736626625061,0.6068631410598755,0.20658837258815765
cleveland,hungary,v5_attention_equal_budget,v5,0,5070,10.0,0.5804324150085449,0.5278253396295141,0.5524518489837646,0.5712844133377075,0.18564312160015106
cleveland,hungary,v5_attention_equal_budget,v5,0,5070,15.0,0.5679014325141907,0.5317892134993574,0.540558934211731,0.5590616464614868,0.18091116845607758
cleveland,hungary,v5_attention_equal_budget,v5,0,5070,20.0,0.5470482707023621,0.5191568112121847,0.5210137367248535,0.5384699702262878,0.17306412756443024
cleveland,hungary,v5_attention_equal_budget,v5,0,5070,25.0,0.5035654902458191,0.5349574528907506,0.4754771590232849,0.5007668733596802,0.1544349640607834
cleveland,hungary,v5_attention_equal_budget,v5,0,5070,30.0,0.4780656397342682,0.5604619482146536,0.44676193594932556,0.4807288348674774,0.14320243895053864
cleveland,hungary,v5_attention_equal_budget,v5,0,5070,35.0,0.4684653580188751,0.5489655945206833,0.43544283509254456,0.4735678732395172,0.13960005342960358
cleveland,hungary,v5_attention_equal_budget,v5,0,5070,40.0,0.4257296323776245,0.5769483492352981,0.3930046260356903,0.4338770806789398,0.12288769334554672
cleveland,hungary,v5_attention_equal_budget,v5,0,5070,45.0,0.43636566400527954,0.6287175544288344,0.4016117453575134,0.4457731246948242,0.12673236429691315
cleveland,hungary,v5_attention_equal_budget,v5,0,5070,50.0,0.44350191950798035,0.6410610880117271,0.40248653292655945,0.459012895822525,0.12752194702625275
cleveland,hungary,v5_attention_equal_budget,v5,0,5070,55.0,0.38817936182022095,0.641427985137925,0.35914888978004456,0.3946877419948578,0.1126103401184082
cleveland,hungary,v5_attention_equal_budget,v5,0,5070,60.0,0.3897147476673126,0.6822322468494812,0.3486350476741791,0.4090074598789215,0.10893507301807404
cleveland,hungary,v5_attention_equal_budget,v5,0,5071,5.0,0.615490198135376,0.5239991912203127,0.5926914215087891,0.5976527333259583,0.2031816989183426
cleveland,hungary,v5_attention_equal_budget,v5,0,5071,10.0,0.5773979425430298,0.5068810348169926,0.5518471598625183,0.5655943751335144,0.18677155673503876
cleveland,hungary,v5_attention_equal_budget,v5,0,5071,15.0,0.5607437491416931,0.5040218813795359,0.5347021818161011,0.5508679747581482,0.17958714067935944
cleveland,hungary,v5_attention_equal_budget,v5,0,5071,20.0,0.52944016456604,0.49235289267752147,0.5017311573028564,0.5240826606750488,0.16533252596855164
cleveland,hungary,v5_attention_equal_budget,v5,0,5071,25.0,0.5067484974861145,0.4940068648196238,0.47902631759643555,0.5031750798225403,0.15647782385349274
cleveland,hungary,v5_attention_equal_budget,v5,0,5071,30.0,0.4830324351787567,0.5407496439081013,0.4551161229610443,0.4816671311855316,0.14640818536281586
cleveland,hungary,v5_attention_equal_budget,v5,0,5071,35.0,0.45681458711624146,0.5632504800991984,0.424100786447525,0.46255847811698914,0.13484962284564972
cleveland,hungary,v5_attention_equal_budget,v5,0,5071,40.0,0.4379148781299591,0.5589173026023182,0.4051627814769745,0.44483670592308044,0.12915126979351044
cleveland,hungary,v5_attention_equal_budget,v5,0,5071,45.0,0.4468750059604645,0.5749005321866023,0.41069018840789795,0.4564981460571289,0.13280828297138214
cleveland,hungary,v5_attention_equal_budget,v5,0,5071,50.0,0.4036444425582886,0.6067033750905616,0.3719898462295532,0.4119418263435364,0.11678607016801834
cleveland,hungary,v5_attention_equal_budget,v5,0,5071,55.0,0.39825955033302307,0.6228188672038871,0.36598604917526245,0.4077458381652832,0.11393614858388901
cleveland,hungary,v5_attention_equal_budget,v5,0,5071,60.0,0.4245903193950653,0.6325032969638433,0.37878942489624023,0.44654950499534607,0.11920852214097977
cleveland,switzerland,v5_attention_equal_budget,v5,0,5062,5.0,0.5885809063911438,0.6736651399021891,0.5646851062774658,0.5744034647941589,0.19036565721035004
cleveland,switzerland,v5_attention_equal_budget,v5,0,5062,10.0,0.5654913187026978,0.6855532454704834,0.5372875928878784,0.5576567649841309,0.1801915168762207
cleveland,switzerland,v5_attention_equal_budget,v5,0,5062,15.0,0.5390811562538147,0.6520948406579979,0.5143202543258667,0.5297415852546692,0.17050227522850037
cleveland,switzerland,v5_attention_equal_budget,v5,0,5062,20.0,0.5195772051811218,0.653895202511021,0.4953266680240631,0.5110869407653809,0.16370387375354767
cleveland,switzerland,v5_attention_equal_budget,v5,0,5062,25.0,0.5110228657722473,0.6641598385590946,0.48726382851600647,0.5026877522468567,0.16047056019306183
cleveland,switzerland,v5_attention_equal_budget,v5,0,5062,30.0,0.4957434833049774,0.6652029685658056,0.4716903865337372,0.4888733923435211,0.15461595356464386
cleveland,switzerland,v5_attention_equal_budget,v5,0,5062,35.0,0.4783685505390167,0.6889019754422417,0.45547738671302795,0.4714432656764984,0.14908210933208466
cleveland,switzerland,v5_attention_equal_budget,v5,0,5062,40.0,0.4700170159339905,0.6678317248018864,0.44787079095840454,0.4630098342895508,0.14576706290245056
cleveland,switzerland,v5_attention_equal_budget,v5,0,5062,45.0,0.4628763794898987,0.67985943321275,0.440633088350296,0.45644712448120117,0.14336301386356354
cleveland,switzerland,v5_attention_equal_budget,v5,0,5062,50.0,0.44656214118003845,0.6787936679601893,0.4275318384170532,0.43791696429252625,0.13837721943855286
cleveland,switzerland,v5_attention_equal_budget,v5,0,5062,55.0,0.43607306480407715,0.7039458128929978,0.4148302376270294,0.43054458498954773,0.1338566243648529
cleveland,switzerland,v5_attention_equal_budget,v5,0,5063,5.0,0.6124181151390076,0.6712094028474842,0.5889677405357361,0.5957194566726685,0.20074565708637238
cleveland,switzerland,v5_attention_equal_budget,v5,0,5063,10.0,0.5682681798934937,0.6796414527360078,0.5410406589508057,0.5592831969261169,0.1810619831085205
cleveland,switzerland,v5_attention_equal_budget,v5,0,5063,15.0,0.54185551404953,0.6467010693766002,0.5171629786491394,0.5323185920715332,0.17114689946174622
cleveland,switzerland,v5_attention_equal_budget,v5,0,5063,20.0,0.527925968170166,0.6692561706353334,0.5046063661575317,0.517846405506134,0.16699552536010742
cleveland,switzerland,v5_attention_equal_budget,v5,0,5063,25.0,0.5163812637329102,0.6706574592251532,0.49260711669921875,0.5077359080314636,0.16209717094898224
cleveland,switzerland,v5_attention_equal_budget,v5,0,5063,30.0,0.5113125443458557,0.6466413624894529,0.4884033799171448,0.5021209120750427,0.16050398349761963
cleveland,switzerland,v5_attention_equal_budget,v5,0,5063,35.0,0.4949290454387665,0.6735013756907298,0.47302696108818054,0.4857974052429199,0.15516836941242218
cleveland,switzerland,v5_attention_equal_budget,v5,0,5063,40.0,0.4796868562698364,0.6664100040187437,0.4586105942726135,0.47092315554618835,0.14920003712177277
cleveland,switzerland,v5_attention_equal_budget,v5,0,5063,45.0,0.47445711493492126,0.6972684010161856,0.4532617926597595,0.46614742279052734,0.14752499759197235
cleveland,switzerland,v5_attention_equal_budget,v5,0,5063,50.0,0.4483627676963806,0.6846812598412474,0.4275369644165039,0.44179660081863403,0.13695985078811646
cleveland,switzerland,v5_attention_equal_budget,v5,0,5063,55.0,0.44440019130706787,0.7041089014746502,0.42229175567626953,0.4393654763698578,0.1357155293226242
cleveland,switzerland,v5_attention_equal_budget,v5,0,5063,60.0,0.4310982823371887,0.7173768186344724,0.41007253527641296,0.42586421966552734,0.13129903376102448
cleveland,switzerland,v5_attention_equal_budget,v5,0,5063,65.0,0.4128273129463196,0.7511150200286048,0.3931123912334442,0.4076448380947113,0.12448687106370926
cleveland,switzerland,v5_attention_equal_budget,v5,0,5063,70.0,0.406037300825119,0.7731221184081774,0.3854953944683075,0.4020392596721649,0.12269970029592514
cleveland,switzerland,v5_attention_equal_budget,v5,0,5064,5.0,0.5935303568840027,0.6208971766140114,0.568466067314148,0.5801817774772644,0.19206464290618896
cleveland,switzerland,v5_attention_equal_budget,v5,0,5064,10.0,0.5557244420051575,0.6120929998438697,0.5270265936851501,0.5494229197502136,0.17499713599681854
cleveland,switzerland,v5_attention_equal_budget,v5,0,5064,15.0,0.532315194606781,0.5772121192060589,0.5060535669326782,0.525219738483429,0.16678522527217865
cleveland,switzerland,v5_attention_equal_budget,v5,0,5064,20.0,0.5217636227607727,0.5897780390398919,0.4985745847225189,0.5121482014656067,0.16402244567871094
cleveland,switzerland,v5_attention_equal_budget,v5,0,5064,25.0,0.5095193982124329,0.5992450899838278,0.48575252294540405,0.5012457966804504,0.16020257771015167
cleveland,switzerland,v5_attention_equal_budget,v5,0,5064,30.0,0.5004259347915649,0.5924956809884663,0.47594133019447327,0.4936266839504242,0.15641942620277405
cleveland,switzerland,v5_attention_equal_budget,v5,0,5064,35.0,0.49344709515571594,0.6238021353553552,0.4684651792049408,0.48787471652030945,0.15277156233787537
cleveland,switzerland,v5_attention_equal_budget,v5,0,5064,40.0,0.46975177526474,0.6209465139257777,0.4474296569824219,0.463036447763443,0.1451873481273651
cleveland,switzerland,v5_attention_equal_budget,v5,0,5064,45.0,0.4622190594673157,0.6363327229513143,0.4409719705581665,0.45480090379714966,0.1433263123035431
cleveland,switzerland,v5_attention_equal_budget,v5,0,5064,50.0,0.4556925892829895,0.6505143926954233,0.4347681403160095,0.4484400749206543,0.14088480174541473
cleveland,switzerland,v5_attention_equal_budget,v5,0,5064,55.0,0.4401596188545227,0.6724184055463795,0.4196784794330597,0.43345507979393005,0.1359284669160843
cleveland,switzerland,v5_attention_equal_budget,v5,0,5065,5.0,0.6162103414535522,0.6139612956220837,0.5919559597969055,0.5998908877372742,0.20286911725997925
cleveland,switzerland,v5_attention_equal_budget,v5,0,5065,10.0,0.5736091732978821,0.6388022091808572,0.5476952195167542,0.5625904202461243,0.18466328084468842
cleveland,switzerland,v5_attention_equal_budget,v5,0,5065,15.0,0.5480222105979919,0.6455492658650448,0.522624671459198,0.5385980010032654,0.1741085648536682
cleveland,switzerland,v5_attention_equal_budget,v5,0,5065,20.0,0.5401752591133118,0.649519558494327,0.5141170620918274,0.5319676399230957,0.17132912576198578
cleveland,switzerland,v5_attention_equal_budget,v5,0,5065,25.0,0.530674397945404,0.6245042668041532,0.5061923861503601,0.5214667320251465,0.16844822466373444
cleveland,switzerland,v5_attention_equal_budget,v5,0,5065,30.0,0.5237107872962952,0.6127637721923459,0.4987458288669586,0.5155339241027832,0.16570939123630524
cleveland,switzerland,v5_attention_equal_budget,v5,0,5065,35.0,0.5146454572677612,0.609022631090558,0.48843589425086975,0.5085374116897583,0.1615884006023407
cleveland,switzerland,v5_attention_equal_budget,v5,0,5065,40.0,0.5058391094207764,0.6077861957466479,0.482061505317688,0.49778053164482117,0.1591808944940567
cleveland,switzerland,v5_attention_equal_budget,v5,0,5065,45.0,0.48740750551223755,0.6135517235715967,0.46491315960884094,0.4794057011604309,0.15248052775859833
cleveland,switzerland,v5_attention_equal_budget,v5,0,5065,50.0,0.4771449565887451,0.62603239499773,0.4544801115989685,0.47012996673583984,0.14839917421340942
cleveland,switzerland,v5_attention_equal_budget,v5,0,5065,55.0,0.46085989475250244,0.6295880628576875,0.4376091957092285,0.4556521475315094,0.14229229092597961
cleveland,switzerland,v5_attention_equal_budget,v5,0,5065,60.0,0.4541894793510437,0.640151189203185,0.4325754642486572,0.4476447105407715,0.14079385995864868
cleveland,switzerland,v5_attention_equal_budget,v5,0,5065,65.0,0.43543684482574463,0.6561847935277808,0.41419482231140137,0.4298798739910126,0.13399477303028107
cleveland,switzerland,v5_attention_equal_budget,v5,0,5065,70.0,0.4171498417854309,0.6660828351277219,0.3981742262840271,0.4107010066509247,0.12712246179580688
cleveland,switzerland,v5_attention_equal_budget,v5,0,5065,75.0,0.40429338812828064,0.7332624227871649,0.3850086033344269,0.39911729097366333,0.12230413407087326
cleveland,switzerland,v5_attention_equal_budget,v5,0,5065,80.0,0.396101176738739,0.7229334388233708,0.3752368986606598,0.39297056198120117,0.1199745312333107
cleveland,switzerland,v5_attention_equal_budget,v5,0,5066,5.0,0.5812645554542542,0.6155485762227249,0.5567193031311035,0.5682884454727173,0.18760697543621063
cleveland,switzerland,v5_attention_equal_budget,v5,0,5066,10.0,0.5425260663032532,0.6196041080766941,0.5166906118392944,0.5339369177818298,0.17212314903736115
cleveland,switzerland,v5_attention_equal_budget,v5,0,5066,15.0,0.5301635265350342,0.6202756436513865,0.50371915102005,0.5230658650398254,0.16771019995212555
cleveland,switzerland,v5_attention_equal_budget,v5,0,5066,20.0,0.5216987133026123,0.6276907494057244,0.4956325888633728,0.5149180293083191,0.16423429548740387
cleveland,switzerland,v5_attention_equal_budget,v5,0,5066,25.0,0.5035797953605652,0.6441650324936129,0.4788750112056732,0.4967353045940399,0.15774665772914886
cleveland,switzerland,v5_attention_equal_budget,v5,0,5066,30.0,0.4923532009124756,0.658011081424747,0.46736422181129456,0.4866562783718109,0.15342937409877777
cleveland,switzerland,v5_attention_equal_budget,v5,0,5066,35.0,0.48480024933815,0.6882146256715052,0.458893358707428,0.4806988835334778,0.15004116296768188
cleveland,switzerland,v5_attention_equal_budget,v5,0,5066,40.0,0.46620193123817444,0.7021700317519977,0.4443953335285187,0.45900794863700867,0.1450028419494629
cleveland,switzerland,v5_attention_equal_budget,v5,0,5066,45.0,0.44981759786605835,0.7189094259337806,0.4297904372215271,0.44189807772636414,0.13973355293273926
cleveland,switzerland,v5_attention_equal_budget,v5,0,5067,5.0,0.5769475698471069,0.6491149140882637,0.5513666272163391,0.5653595328330994,0.1858450323343277
cleveland,switzerland,v5_attention_equal_budget,v5,0,5067,10.0,0.5473653674125671,0.6531802826806188,0.5228747725486755,0.5369712114334106,0.17442385852336884
cleveland,switzerland,v5_attention_equal_budget,v5,0,5067,15.0,0.5424038171768188,0.6549751374856418,0.5165702700614929,0.5338262915611267,0.17205554246902466
cleveland,switzerland,v5_attention_equal_budget,v5,0,5067,20.0,0.5142126083374023,0.6745386412633325,0.4919129014015198,0.5040619969367981,0.16225136816501617
cleveland,switzerland,v5_attention_equal_budget,v5,0,5067,25.0,0.507858157157898,0.6988637536936698,0.4847070872783661,0.4991152882575989,0.1594701111316681
cleveland,switzerland,v5_attention_equal_budget,v5,0,5067,30.0,0.492965430021286,0.68935878870154,0.47169220447540283,0.48339101672172546,0.1542380154132843
cleveland,switzerland,v5_attention_equal_budget,v5,0,5067,35.0,0.47246959805488586,0.7124740463872141,0.4509998857975006,0.46460819244384766,0.14665564894676208
cleveland,switzerland,v5_attention_equal_budget,v5,0,5067,40.0,0.4731745421886444,0.7085230075661899,0.4513797163963318,0.4655156135559082,0.1472688466310501
cleveland,switzerland,v5_attention_equal_budget,v5,0,5067,45.0,0.4537222981452942,0.7331665261528493,0.4339306652545929,0.44550180435180664,0.1400606632232666
cleveland,switzerland,v5_attention_equal_budget,v5,0,5068,5.0,0.6123059988021851,0.6569671923842283,0.5886572003364563,0.5959248542785645,0.200149804353714
cleveland,switzerland,v5_attention_equal_budget,v5,0,5068,10.0,0.5606657266616821,0.6806704111929849,0.5333902835845947,0.552361011505127,0.17790068686008453
cleveland,switzerland,v5_attention_equal_budget,v5,0,5068,15.0,0.5349097847938538,0.7083286800525168,0.5088671445846558,0.5271294713020325,0.16911430656909943
cleveland,switzerland,v5_attention_equal_budget,v5,0,5068,20.0,0.5191724300384521,0.7297755645933286,0.49432745575904846,0.5112714767456055,0.16372963786125183
cleveland,switzerland,v5_attention_equal_budget,v5,0,5068,25.0,0.5131758451461792,0.7364033363209666,0.4880870282649994,0.5060366988182068,0.16114012897014618
cleveland,switzerland,v5_attention_equal_budget,v5,0,5068,30.0,0.49029526114463806,0.715510393536175,0.46811357140541077,0.4818408191204071,0.153180792927742
cleveland,switzerland,v5_attention_equal_budget,v5,0,5068,35.0,0.47488048672676086,0.717697818230009,0.45381736755371094,0.46638059616088867,0.14781500399112701
cleveland,switzerland,v5_attention_equal_budget,v5,0,5068,40.0,0.47081249952316284,0.7266245969211964,0.44851937890052795,0.4639897346496582,0.14557954668998718
cleveland,switzerland,v5_attention_equal_budget,v5,0,5068,45.0,0.46119225025177,0.7377338544138041,0.4385489225387573,0.45531177520751953,0.14261899888515472
cleveland,switzerland,v5_attention_equal_budget,v5,0,5069,5.0,0.5818988084793091,0.629785127210797,0.5547727942466736,0.5717789530754089,0.18622919917106628
cleveland,switzerland,v5_attention_equal_budget,v5,0,5069,10.0,0.5481535792350769,0.6095989682772429,0.5219634771347046,0.5395615696907043,0.1739100068807602
cleveland,switzerland,v5_attention_equal_budget,v5,0,5069,15.0,0.5301728844642639,0.6032033537721033,0.505355954170227,0.5215283632278442,0.1673073023557663
cleveland,switzerland,v5_attention_equal_budget,v5,0,5069,20.0,0.5047987699508667,0.6317839863643981,0.4819421172142029,0.4959770143032074,0.15839247405529022
cleveland,switzerland,v5_attention_equal_budget,v5,0,5069,25.0,0.5026585459709167,0.6251515905027335,0.47917690873146057,0.49464139342308044,0.15749408304691315
cleveland,switzerland,v5_attention_equal_budget,v5,0,5069,30.0,0.48515740036964417,0.6329243368174144,0.46291813254356384,0.477301687002182,0.15047484636306763
cleveland,switzerland,v5_attention_equal_budget,v5,0,5069,35.0,0.4758865237236023,0.6570233149636591,0.4542076289653778,0.46818992495536804,0.14687760174274445
cleveland,switzerland,v5_attention_equal_budget,v5,0,5069,40.0,0.46619749069213867,0.6973165802256756,0.4434235394001007,0.46025267243385315,0.14359396696090698
cleveland,switzerland,v5_attention_equal_budget,v5,0,5069,45.0,0.44697365164756775,0.7147196593048013,0.4245288670063019,0.4420783221721649,0.1367005854845047
cleveland,switzerland,v5_attention_equal_budget,v5,0,5069,50.0,0.43435052037239075,0.7401785225985666,0.4138734042644501,0.42825689911842346,0.1328536421060562
cleveland,switzerland,v5_attention_equal_budget,v5,0,5069,55.0,0.423379123210907,0.7628693512282205,0.40231841802597046,0.41880130767822266,0.12819264829158783
cleveland,switzerland,v5_attention_equal_budget,v5,0,5070,5.0,0.6846294403076172,0.664335608294709,0.6608179211616516,0.6615906953811646,0.23425091803073883
cleveland,switzerland,v5_attention_equal_budget,v5,0,5070,10.0,0.5833970904350281,0.6591361468652224,0.5590887069702148,0.5701762437820435,0.1876462697982788
cleveland,switzerland,v5_attention_equal_budget,v5,0,5070,15.0,0.5539893507957458,0.6750258744018501,0.5285266041755676,0.5442652702331543,0.17593450844287872
cleveland,switzerland,v5_attention_equal_budget,v5,0,5070,20.0,0.5401300191879272,0.6389784372832428,0.5150626301765442,0.5309139490127563,0.17141708731651306
cleveland,switzerland,v5_attention_equal_budget,v5,0,5070,25.0,0.5393363833427429,0.6146545127825808,0.5125563144683838,0.5321074724197388,0.17004500329494476
cleveland,switzerland,v5_attention_equal_budget,v5,0,5070,30.0,0.5236969590187073,0.6195190460408275,0.498735636472702,0.5156211256980896,0.16518603265285492
cleveland,switzerland,v5_attention_equal_budget,v5,0,5070,35.0,0.5185374617576599,0.6223799155277064,0.49345478415489197,0.5109971165657043,0.163115456700325
cleveland,switzerland,v5_attention_equal_budget,v5,0,5070,40.0,0.5123959183692932,0.6218867668142679,0.4866982698440552,0.5060538649559021,0.16019852459430695
cleveland,switzerland,v5_attention_equal_budget,v5,0,5070,45.0,0.49083349108695984,0.6332288305394823,0.4672180712223053,0.48390093445777893,0.15273992717266083
cleveland,switzerland,v5_attention_equal_budget,v5,0,5070,50.0,0.48289912939071655,0.6466449776512805,0.45986658334732056,0.4759076237678528,0.1501203030347824
cleveland,switzerland,v5_attention_equal_budget,v5,0,5070,55.0,0.47928160429000854,0.6516210186641533,0.4537377953529358,0.4752187728881836,0.14803321659564972
cleveland,switzerland,v5_attention_equal_budget,v5,0,5070,60.0,0.4757738411426544,0.6690234571503317,0.44945573806762695,0.47274255752563477,0.14674703776836395
cleveland,switzerland,v5_attention_equal_budget,v5,0,5070,65.0,0.4451511800289154,0.6839355851865716,0.42470303177833557,0.4382695257663727,0.13664911687374115
cleveland,switzerland,v5_attention_equal_budget,v5,0,5071,5.0,0.592979907989502,0.6731353669032698,0.5676615834236145,0.579933762550354,0.1918221116065979
cleveland,switzerland,v5_attention_equal_budget,v5,0,5071,10.0,0.5540356040000916,0.7132454182662598,0.5259477496147156,0.5472256541252136,0.17448924481868744
cleveland,switzerland,v5_attention_equal_budget,v5,0,5071,15.0,0.520027220249176,0.6753934033060447,0.49713414907455444,0.5102096796035767,0.16355331242084503
cleveland,switzerland,v5_attention_equal_budget,v5,0,5071,20.0,0.5161040425300598,0.6777572659976943,0.49130234122276306,0.5086068511009216,0.16149480640888214
cleveland,switzerland,v5_attention_equal_budget,v5,0,5071,25.0,0.5063726305961609,0.6907468868173325,0.48221853375434875,0.4988560676574707,0.15835338830947876
cleveland,switzerland,v5_attention_equal_budget,v5,0,5071,30.0,0.49146053194999695,0.7089408316937699,0.46654045581817627,0.4859177768230438,0.15231390297412872
cleveland,switzerland,v5_attention_equal_budget,v5,0,5071,35.0,0.4760311543941498,0.7263888261868989,0.4541008174419403,0.46846792101860046,0.14746791124343872
cleveland,switzerland,v5_attention_equal_budget,v5,0,5071,40.0,0.46487957239151,0.757318445916735,0.44333022832870483,0.45759955048561096,0.1441466361284256
cleveland,switzerland,v5_attention_equal_budget,v5,0,5071,45.0,0.4640282690525055,0.7654265803929923,0.438676655292511,0.46108266711235046,0.14148636162281036
cleveland,va_long_beach,v5_attention_equal_budget,v5,0,5062,5.0,0.5364645719528198,0.6919320422737838,0.5147808790206909,0.5242033004760742,0.16972476243972778
cleveland,va_long_beach,v5_attention_equal_budget,v5,0,5062,10.0,0.4665191173553467,0.7811643156023791,0.44751501083374023,0.45680245757102966,0.14360369741916656
cleveland,va_long_beach,v5_attention_equal_budget,v5,0,5062,15.0,0.452687531709671,0.8009332600811779,0.4332795739173889,0.44451704621315,0.13789206743240356
cleveland,va_long_beach,v5_attention_equal_budget,v5,0,5062,20.0,0.40560391545295715,0.8051703450495469,0.3868497312068939,0.40020591020584106,0.12076118588447571
cleveland,va_long_beach,v5_attention_equal_budget,v5,0,5062,25.0,0.398714542388916,0.8189289519668457,0.3797290623188019,0.39422446489334106,0.11737773567438126
cleveland,va_long_beach,v5_attention_equal_budget,v5,0,5062,30.0,0.3832069933414459,0.8979276494245052,0.36271604895591736,0.3812021315097809,0.1124790757894516
cleveland,va_long_beach,v5_attention_equal_budget,v5,0,5062,35.0,0.35979190468788147,0.9371034146888733,0.34092894196510315,0.3578062057495117,0.10424338281154633
cleveland,va_long_beach,v5_attention_equal_budget,v5,0,5062,40.0,0.349335253238678,0.9326212267203244,0.3256126046180725,0.3533419668674469,0.09857939183712006
cleveland,va_long_beach,v5_attention_equal_budget,v5,0,5062,45.0,0.3322933614253998,0.9674958781983332,0.3107221722602844,0.33503857254981995,0.09412980824708939
cleveland,va_long_beach,v5_attention_equal_budget,v5,0,5063,5.0,0.5450654029846191,0.7218277843141362,0.5253389477729797,0.5300993919372559,0.1734628677368164
cleveland,va_long_beach,v5_attention_equal_budget,v5,0,5063,10.0,0.474514901638031,0.8988449993770377,0.45363712310791016,0.46617957949638367,0.14606530964374542
cleveland,va_long_beach,v5_attention_equal_budget,v5,0,5063,15.0,0.4448941946029663,0.8727751323726802,0.4259475767612457,0.43669986724853516,0.13570497930049896
cleveland,va_long_beach,v5_attention_equal_budget,v5,0,5063,20.0,0.42456644773483276,0.8776071670834689,0.4077955186367035,0.41538840532302856,0.12974494695663452
cleveland,va_long_beach,v5_attention_equal_budget,v5,0,5063,25.0,0.4072282910346985,0.9137955840350496,0.3853139281272888,0.4051041603088379,0.12019255757331848
cleveland,va_long_beach,v5_attention_equal_budget,v5,0,5063,30.0,0.4082329273223877,0.8824628895063232,0.3880655765533447,0.40381669998168945,0.12291785329580307
cleveland,va_long_beach,v5_attention_equal_budget,v5,0,5063,35.0,0.38881415128707886,0.9187050102944236,0.362657755613327,0.3925095498561859,0.11230488866567612
cleveland,va_long_beach,v5_attention_equal_budget,v5,0,5063,40.0,0.3765237033367157,0.9431032448114839,0.3555680811405182,0.3754481375217438,0.11015580594539642
cleveland,va_long_beach,v5_attention_equal_budget,v5,0,5063,45.0,0.3502855896949768,0.9748728429276623,0.3306824266910553,0.3498242497444153,0.10032244026660919
cleveland,va_long_beach,v5_attention_equal_budget,v5,0,5064,5.0,0.6126176118850708,0.6545632265725029,0.5892525911331177,0.5958085060119629,0.2008705884218216
cleveland,va_long_beach,v5_attention_equal_budget,v5,0,5064,10.0,0.502792239189148,0.7548552088259948,0.4841558039188385,0.48986387252807617,0.15782395005226135
cleveland,va_long_beach,v5_attention_equal_budget,v5,0,5064,15.0,0.45816120505332947,0.8341632064154181,0.4408363699913025,0.4474742114543915,0.14005927741527557
cleveland,va_long_beach,v5_attention_equal_budget,v5,0,5064,20.0,0.4427674412727356,0.7690215529879014,0.4260120689868927,0.4324973225593567,0.13512736558914185
cleveland,va_long_beach,v5_attention_equal_budget,v5,0,5064,25.0,0.4246763288974762,0.7912179870166998,0.40721461176872253,0.41642388701438904,0.12857085466384888
cleveland,va_long_beach,v5_attention_equal_budget,v5,0,5064,30.0,0.41141748428344727,0.8256944749123554,0.39405977725982666,0.40381309390068054,0.12481027096509933
cleveland,va_long_beach,v5_attention_equal_budget,v5,0,5064,35.0,0.3933974802494049,0.8458022002066178,0.3728792071342468,0.3906913697719574,0.1161220371723175
cleveland,va_long_beach,v5_attention_equal_budget,v5,0,5064,40.0,0.37290218472480774,0.9073167232005561,0.35212162137031555,0.3719433844089508,0.10869670659303665
cleveland,va_long_beach,v5_attention_equal_budget,v5,0,5064,45.0,0.3718004524707794,0.9485869230449518,0.3480202555656433,0.3740885853767395,0.10746046155691147
cleveland,va_long_beach,v5_attention_equal_budget,v5,0,5065,5.0,0.5213149189949036,0.7528059060451336,0.5007295608520508,0.5091493725776672,0.1637546718120575
cleveland,va_long_beach,v5_attention_equal_budget,v5,0,5065,10.0,0.4687640070915222,0.8804502451566114,0.4393880069255829,0.47011852264404297,0.14010734856128693
cleveland,va_long_beach,v5_attention_equal_budget,v5,0,5065,15.0,0.4563376307487488,0.8530625891581776,0.4341200888156891,0.4505835473537445,0.13985814154148102
cleveland,va_long_beach,v5_attention_equal_budget,v5,0,5065,20.0,0.40650811791419983,0.7915111721373536,0.38784605264663696,0.400710791349411,0.12229721993207932
cleveland,va_long_beach,v5_attention_equal_budget,v5,0,5065,25.0,0.3746594190597534,0.7860884023577288,0.357734352350235,0.3693040907382965,0.11140210181474686
cleveland,va_long_beach,v5_attention_equal_budget,v5,0,5065,30.0,0.36708372831344604,0.8513905867535679,0.34764477610588074,0.36521443724632263,0.10654111951589584
cleveland,va_long_beach,v5_attention_equal_budget,v5,0,5065,35.0,0.3591047525405884,0.9228920224584976,0.3337402939796448,0.3638900816440582,0.10289564728736877
cleveland,va_long_beach,v5_attention_equal_budget,v5,0,5065,40.0,0.3619098365306854,0.9322247129584691,0.3371392488479614,0.36602526903152466,0.10327577590942383
cleveland,va_long_beach,v5_attention_equal_budget,v5,0,5065,45.0,0.3499946594238281,0.9207319468166469,0.3182125389575958,0.36223936080932617,0.09768711030483246
cleveland,va_long_beach,v5_attention_equal_budget,v5,0,5066,5.0,0.5660267472267151,0.6660333415930308,0.545969545841217,0.5498892068862915,0.180973619222641
cleveland,va_long_beach,v5_attention_equal_budget,v5,0,5066,10.0,0.45887333154678345,0.8138318439171792,0.44277700781822205,0.4464486241340637,0.14260520040988922
cleveland,va_long_beach,v5_attention_equal_budget,v5,0,5066,15.0,0.4328504204750061,0.7755346272970123,0.4155496656894684,0.42348775267601013,0.13331706821918488
cleveland,va_long_beach,v5_attention_equal_budget,v5,0,5066,20.0,0.4134427309036255,0.8260931936188727,0.39554542303085327,0.40619421005249023,0.125729039311409
cleveland,va_long_beach,v5_attention_equal_budget,v5,0,5066,25.0,0.4059601128101349,0.8899574769109477,0.38581472635269165,0.4015940725803375,0.12255695462226868
cleveland,va_long_beach,v5_attention_equal_budget,v5,0,5066,30.0,0.3727509379386902,0.8780066307211196,0.3515819013118744,0.3721695840358734,0.10875192284584045
cleveland,va_long_beach,v5_attention_equal_budget,v5,0,5066,35.0,0.36907055974006653,0.936844716796968,0.34758004546165466,0.3689427375793457,0.10809163004159927
cleveland,va_long_beach,v5_attention_equal_budget,v5,0,5066,40.0,0.33756646513938904,0.9667385528986462,0.3135690689086914,0.34256258606910706,0.09500648081302643
cleveland,va_long_beach,v5_attention_equal_budget,v5,0,5066,45.0,0.34001532196998596,0.9732827520986109,0.3163926303386688,0.34434443712234497,0.09646815806627274
cleveland,va_long_beach,v5_attention_equal_budget,v5,0,5067,5.0,0.5538475513458252,0.6887958930966245,0.5324047803878784,0.5399711728096008,0.17659564316272736
cleveland,va_long_beach,v5_attention_equal_budget,v5,0,5067,10.0,0.48474639654159546,0.8079531340614972,0.46574148535728455,0.473604291677475,0.15073521435260773
cleveland,va_long_beach,v5_attention_equal_budget,v5,0,5067,15.0,0.45071446895599365,0.7711540345153289,0.4332568049430847,0.44049549102783203,0.1383831799030304
cleveland,va_long_beach,v5_attention_equal_budget,v5,0,5067,20.0,0.43595051765441895,0.7979316277023907,0.4177710711956024,0.42730531096458435,0.13412316143512726
cleveland,va_long_beach,v5_attention_equal_budget,v5,0,5067,25.0,0.4135333299636841,0.8360906185084832,0.39622920751571655,0.40570497512817383,0.12566246092319489
cleveland,va_long_beach,v5_attention_equal_budget,v5,0,5067,30.0,0.40533220767974854,0.8284378318496015,0.3830972909927368,0.403426855802536,0.12070117890834808
cleveland,va_long_beach,v5_attention_equal_budget,v5,0,5067,35.0,0.38323986530303955,0.8448512249166389,0.36260858178138733,0.38145503401756287,0.11208057403564453
cleveland,va_long_beach,v5_attention_equal_budget,v5,0,5067,40.0,0.36103954911231995,0.8931480548372273,0.34259408712387085,0.3586007058620453,0.10442160815000534
cleveland,va_long_beach,v5_attention_equal_budget,v5,0,5067,45.0,0.3490735590457916,0.9006889054718046,0.3262965977191925,0.3519499897956848,0.09950243681669235
cleveland,va_long_beach,v5_attention_equal_budget,v5,0,5068,5.0,0.5265321731567383,0.7379086340204877,0.5054457783699036,0.5145007371902466,0.16558869183063507
cleveland,va_long_beach,v5_attention_equal_budget,v5,0,5068,10.0,0.48127609491348267,0.7759519619947113,0.46212419867515564,0.4705830514431,0.14922474324703217
cleveland,va_long_beach,v5_attention_equal_budget,v5,0,5068,15.0,0.46037960052490234,0.7648663631536523,0.4412759244441986,0.45125341415405273,0.1411491483449936
cleveland,va_long_beach,v5_attention_equal_budget,v5,0,5068,20.0,0.41120511293411255,0.7968037484987351,0.39569249749183655,0.40185651183128357,0.12430596351623535
cleveland,va_long_beach,v5_attention_equal_budget,v5,0,5068,25.0,0.402786523103714,0.8064795423109636,0.38614797592163086,0.39541539549827576,0.12004819512367249
cleveland,va_long_beach,v5_attention_equal_budget,v5,0,5068,30.0,0.40948519110679626,0.8539994299902759,0.3805447816848755,0.41483965516090393,0.11792980134487152
cleveland,va_long_beach,v5_attention_equal_budget,v5,0,5068,35.0,0.3772068917751312,0.8519938886975319,0.35788780450820923,0.3743383586406708,0.110938161611557
cleveland,va_long_beach,v5_attention_equal_budget,v5,0,5068,40.0,0.3469102382659912,0.865285551138839,0.32717424631118774,0.34687548875808716,0.09885382652282715
cleveland,va_long_beach,v5_attention_equal_budget,v5,0,5068,45.0,0.3465643525123596,0.8926962368403328,0.32448306679725647,0.3488650321960449,0.09890327602624893
cleveland,va_long_beach,v5_attention_equal_budget,v5,0,5069,5.0,0.5351248383522034,0.7251832638832272,0.5158746838569641,0.52067631483078,0.16849319636821747
cleveland,va_long_beach,v5_attention_equal_budget,v5,0,5069,10.0,0.4794628322124481,0.8231772260548746,0.4619227647781372,0.4672579765319824,0.14872469007968903
cleveland,va_long_beach,v5_attention_equal_budget,v5,0,5069,15.0,0.4589679539203644,0.8205102449534378,0.4410303235054016,0.44863206148147583,0.14136762917041779
cleveland,va_long_beach,v5_attention_equal_budget,v5,0,5069,20.0,0.430115282535553,0.8427401590869947,0.41234269738197327,0.4216643273830414,0.1311177760362625
cleveland,va_long_beach,v5_attention_equal_budget,v5,0,5069,25.0,0.4437462091445923,0.808521672058448,0.4166569113731384,0.44413384795188904,0.1335083693265915
cleveland,va_long_beach,v5_attention_equal_budget,v5,0,5069,30.0,0.38105255365371704,0.8214390949235472,0.36210817098617554,0.377430260181427,0.11283329129219055
cleveland,va_long_beach,v5_attention_equal_budget,v5,0,5069,35.0,0.3707094192504883,0.8532889366622143,0.35037368535995483,0.36942949891090393,0.10807813704013824
cleveland,va_long_beach,v5_attention_equal_budget,v5,0,5069,40.0,0.35942763090133667,0.8812703335242109,0.3351402282714844,0.36298877000808716,0.10363136231899261
cleveland,va_long_beach,v5_attention_equal_budget,v5,0,5069,45.0,0.348412424325943,0.8522700377816244,0.32274702191352844,0.35438767075538635,0.09845063835382462
cleveland,va_long_beach,v5_attention_equal_budget,v5,0,5070,5.0,0.5662171244621277,0.6756765922241718,0.5442977547645569,0.5520682334899902,0.18034155666828156
cleveland,va_long_beach,v5_attention_equal_budget,v5,0,5070,10.0,0.4673653542995453,0.7601068172625711,0.4506758749485016,0.45521003007888794,0.14422374963760376
cleveland,va_long_beach,v5_attention_equal_budget,v5,0,5070,15.0,0.4448845386505127,0.7657169815401055,0.4285379648208618,0.4340004026889801,0.13615360856056213
cleveland,va_long_beach,v5_attention_equal_budget,v5,0,5070,20.0,0.4114384055137634,0.8028430802386122,0.395065039396286,0.4030425250530243,0.12384632974863052
cleveland,va_long_beach,v5_attention_equal_budget,v5,0,5070,25.0,0.4208122491836548,0.8555987910687335,0.40213942527770996,0.4137275815010071,0.12878747284412384
cleveland,va_long_beach,v5_attention_equal_budget,v5,0,5070,30.0,0.39054715633392334,0.8486710929954357,0.3740459084510803,0.3835603892803192,0.11744020134210587
cleveland,va_long_beach,v5_attention_equal_budget,v5,0,5070,35.0,0.37126973271369934,0.8827589416531698,0.35374122858047485,0.36689671874046326,0.10950767248868942
cleveland,va_long_beach,v5_attention_equal_budget,v5,0,5070,40.0,0.3627229630947113,0.9007774864884128,0.3416139781475067,0.3625653386116028,0.10633329302072525
cleveland,va_long_beach,v5_attention_equal_budget,v5,0,5070,45.0,0.35197895765304565,0.8826142208409846,0.33112025260925293,0.35250043869018555,0.101686030626297
cleveland,va_long_beach,v5_attention_equal_budget,v5,0,5071,5.0,0.5420919060707092,0.7231868690533836,0.5228817462921143,0.5269326567649841,0.17184653878211975
cleveland,va_long_beach,v5_attention_equal_budget,v5,0,5071,10.0,0.47509461641311646,0.7887829242373579,0.4580882489681244,0.46273642778396606,0.14682307839393616
cleveland,va_long_beach,v5_attention_equal_budget,v5,0,5071,15.0,0.4656728506088257,0.7659295821782719,0.44692888855934143,0.45586520433425903,0.1427578628063202
cleveland,va_long_beach,v5_attention_equal_budget,v5,0,5071,20.0,0.4564807415008545,0.8081019450993612,0.43635639548301697,0.44837483763694763,0.1411512941122055
cleveland,va_long_beach,v5_attention_equal_budget,v5,0,5071,25.0,0.4287198781967163,0.8402887216051454,0.40970927476882935,0.42171669006347656,0.13006898760795593
cleveland,va_long_beach,v5_attention_equal_budget,v5,0,5071,30.0,0.4431864023208618,0.8375536465234314,0.40768659114837646,0.45270177721977234,0.129922017455101
cleveland,va_long_beach,v5_attention_equal_budget,v5,0,5071,35.0,0.4104418158531189,0.9010555225474453,0.38196495175361633,0.41498252749443054,0.11968081444501877
cleveland,va_long_beach,v5_attention_equal_budget,v5,0,5071,40.0,0.3802035450935364,0.9435394346503325,0.35881534218788147,0.37940874695777893,0.11091509461402893
cleveland,va_long_beach,v5_attention_equal_budget,v5,0,5071,45.0,0.3437703251838684,0.9385561320441114,0.32537585496902466,0.34241411089897156,0.098753422498703
cleveland,hungary,v5_deepsets_equal_budget,v5,0,5062,5.0,0.6590734720230103,0.6043734760378479,0.6357117891311646,0.6380932927131653,0.22170880436897278
cleveland,hungary,v5_deepsets_equal_budget,v5,0,5062,10.0,0.6133496761322021,0.5463118856608091,0.5889248251914978,0.5976727604866028,0.20050881803035736
cleveland,hungary,v5_deepsets_equal_budget,v5,0,5062,15.0,0.5976603627204895,0.5203150800657103,0.568701982498169,0.5879578590393066,0.19330433011054993
cleveland,hungary,v5_deepsets_equal_budget,v5,0,5062,20.0,0.5753528475761414,0.5078359909163398,0.5475843548774719,0.5662233233451843,0.1844903528690338
cleveland,hungary,v5_deepsets_equal_budget,v5,0,5062,25.0,0.561920702457428,0.5152881178204507,0.5353664755821228,0.5524359941482544,0.18019476532936096
cleveland,hungary,v5_deepsets_equal_budget,v5,0,5062,30.0,0.5608182549476624,0.5172160326648962,0.5332003831863403,0.5526764988899231,0.17879809439182281
cleveland,hungary,v5_deepsets_equal_budget,v5,0,5062,35.0,0.5385287404060364,0.5015457430541791,0.5111919045448303,0.5318118333816528,0.1702686995267868
cleveland,hungary,v5_deepsets_equal_budget,v5,0,5062,40.0,0.5436592698097229,0.5041309038676351,0.5167714953422546,0.5359242558479309,0.17311398684978485
cleveland,hungary,v5_deepsets_equal_budget,v5,0,5062,45.0,0.5367733836174011,0.5128826475025132,0.5083630681037903,0.531286358833313,0.1694863885641098
cleveland,hungary,v5_deepsets_equal_budget,v5,0,5062,50.0,0.5336179733276367,0.5099370330108864,0.506199061870575,0.5272549986839294,0.16890940070152283
cleveland,hungary,v5_deepsets_equal_budget,v5,0,5062,55.0,0.5260942578315735,0.5096574626916262,0.49712929129600525,0.5220797657966614,0.1648973673582077
cleveland,hungary,v5_deepsets_equal_budget,v5,0,5062,60.0,0.5128002166748047,0.50938816577077,0.48332956433296204,0.5105289816856384,0.15870939195156097
cleveland,hungary,v5_deepsets_equal_budget,v5,0,5062,65.0,0.5042489767074585,0.5202463507983074,0.47775015234947205,0.4992457330226898,0.15751013159751892
cleveland,hungary,v5_deepsets_equal_budget,v5,0,5062,70.0,0.49873867630958557,0.5342585525024997,0.4705168306827545,0.4960966110229492,0.1543196588754654
cleveland,hungary,v5_deepsets_equal_budget,v5,0,5062,75.0,0.48251575231552124,0.5393263923967134,0.4534217119216919,0.48197317123413086,0.14818310737609863
cleveland,hungary,v5_deepsets_equal_budget,v5,0,5063,5.0,0.6693742871284485,0.6026852645097902,0.6460482478141785,0.6473532915115356,0.2267356961965561
cleveland,hungary,v5_deepsets_equal_budget,v5,0,5063,10.0,0.6211593151092529,0.5403495864824027,0.5981822609901428,0.6032891273498535,0.20423626899719238
cleveland,hungary,v5_deepsets_equal_budget,v5,0,5063,15.0,0.593420684337616,0.5032428206864057,0.5682868957519531,0.5800936818122864,0.19230405986309052
cleveland,hungary,v5_deepsets_equal_budget,v5,0,5063,20.0,0.579977810382843,0.4961365001878255,0.5528860688209534,0.5697787404060364,0.1864539533853531
cleveland,hungary,v5_deepsets_equal_budget,v5,0,5063,25.0,0.5689360499382019,0.4899483149303774,0.5424976944923401,0.5588685274124146,0.18252937495708466
cleveland,hungary,v5_deepsets_equal_budget,v5,0,5063,30.0,0.5533978939056396,0.4943475785559579,0.5278163552284241,0.5437358021736145,0.1762179583311081
cleveland,hungary,v5_deepsets_equal_budget,v5,0,5063,35.0,0.5567145347595215,0.4944780829215066,0.5270240306854248,0.5511252284049988,0.17639869451522827
cleveland,hungary,v5_deepsets_equal_budget,v5,0,5063,40.0,0.5408673286437988,0.4993073995802071,0.5152390599250793,0.5320723652839661,0.1721159666776657
cleveland,hungary,v5_deepsets_equal_budget,v5,0,5063,45.0,0.5325784683227539,0.5016172265636814,0.507702648639679,0.5235543251037598,0.16949981451034546
cleveland,hungary,v5_deepsets_equal_budget,v5,0,5063,50.0,0.5351664423942566,0.4987645325645821,0.5076709389686584,0.5287992358207703,0.16931378841400146
cleveland,hungary,v5_deepsets_equal_budget,v5,0,5063,55.0,0.5180321931838989,0.5138401869386058,0.49041351675987244,0.5132750868797302,0.16187922656536102
cleveland,hungary,v5_deepsets_equal_budget,v5,0,5063,60.0,0.5092728734016418,0.5334756225980326,0.4827684760093689,0.5038200616836548,0.15978612005710602
cleveland,hungary,v5_deepsets_equal_budget,v5,0,5063,65.0,0.500385046005249,0.5182465067099677,0.47244882583618164,0.4972962439060211,0.1551254540681839
cleveland,hungary,v5_deepsets_equal_budget,v5,0,5064,5.0,0.6933536529541016,0.6405944071658456,0.6694123148918152,0.6696486473083496,0.23823155462741852
cleveland,hungary,v5_deepsets_equal_budget,v5,0,5064,10.0,0.644313633441925,0.5737519275138252,0.621210515499115,0.6244711875915527,0.21472759544849396
cleveland,hungary,v5_deepsets_equal_budget,v5,0,5064,15.0,0.6032264232635498,0.5300615627985094,0.5797162055969238,0.5875101089477539,0.19613264501094818
cleveland,hungary,v5_deepsets_equal_budget,v5,0,5064,20.0,0.5812067985534668,0.4999232164321621,0.5542367696762085,0.5708736777305603,0.18651628494262695
cleveland,hungary,v5_deepsets_equal_budget,v5,0,5064,25.0,0.5723403096199036,0.49353288592883093,0.5426424145698547,0.5657106637954712,0.18163713812828064
cleveland,hungary,v5_deepsets_equal_budget,v5,0,5064,30.0,0.5573095083236694,0.5005168691695059,0.5293508172035217,0.5499537587165833,0.17657232284545898
cleveland,hungary,v5_deepsets_equal_budget,v5,0,5064,35.0,0.5461424589157104,0.4923362527083651,0.5164731740951538,0.5414280891418457,0.17191842198371887
cleveland,hungary,v5_deepsets_equal_budget,v5,0,5064,40.0,0.5612384676933289,0.49575562635920767,0.5345013737678528,0.5520651936531067,0.17955155670642853
cleveland,hungary,v5_deepsets_equal_budget,v5,0,5064,45.0,0.5581653714179993,0.5049036922437286,0.5315172672271729,0.5490781664848328,0.17867618799209595
cleveland,hungary,v5_deepsets_equal_budget,v5,0,5064,50.0,0.5451062321662903,0.5117777407981546,0.5166237950325012,0.5390162467956543,0.17286266386508942
cleveland,hungary,v5_deepsets_equal_budget,v5,0,5064,55.0,0.5175052881240845,0.5037401624524336,0.49123892188072205,0.5112155079841614,0.16278105974197388
cleveland,hungary,v5_deepsets_equal_budget,v5,0,5064,60.0,0.5161370635032654,0.5190687390251952,0.48889604210853577,0.5110313296318054,0.16173356771469116
cleveland,hungary,v5_deepsets_equal_budget,v5,0,5064,65.0,0.4976871907711029,0.5192701591393886,0.47033897042274475,0.49436065554618835,0.15337374806404114
cleveland,hungary,v5_deepsets_equal_budget,v5,0,5064,70.0,0.5060737133026123,0.5133485362475848,0.47682666778564453,0.5041839480400085,0.15568381547927856
cleveland,hungary,v5_deepsets_equal_budget,v5,0,5064,75.0,0.4876914620399475,0.5256701681591339,0.45887866616249084,0.4867416322231293,0.14881297945976257
cleveland,hungary,v5_deepsets_equal_budget,v5,0,5065,5.0,0.6774806976318359,0.6322424534742044,0.6540024876594543,0.6548453569412231,0.23056748509407043
cleveland,hungary,v5_deepsets_equal_budget,v5,0,5065,10.0,0.6222832202911377,0.559554494578266,0.5993325114250183,0.6042774319648743,0.20478267967700958
cleveland,hungary,v5_deepsets_equal_budget,v5,0,5065,15.0,0.5823329091072083,0.5226766328865928,0.5557782053947449,0.5715656280517578,0.18660974502563477
cleveland,hungary,v5_deepsets_equal_budget,v5,0,5065,20.0,0.5912209749221802,0.5107805386903729,0.560154914855957,0.5843601226806641,0.18963438272476196
cleveland,hungary,v5_deepsets_equal_budget,v5,0,5065,25.0,0.569322943687439,0.5076595831157851,0.540276825428009,0.5621598362922668,0.18104597926139832
cleveland,hungary,v5_deepsets_equal_budget,v5,0,5065,30.0,0.5554824471473694,0.5129048157488817,0.5290138125419617,0.5466687083244324,0.17641183733940125
cleveland,hungary,v5_deepsets_equal_budget,v5,0,5065,35.0,0.5503866076469421,0.503437778684737,0.5215858221054077,0.5443768501281738,0.17405249178409576
cleveland,hungary,v5_deepsets_equal_budget,v5,0,5065,40.0,0.5469074249267578,0.503945277012095,0.5168933272361755,0.5423840880393982,0.17268742620944977
cleveland,hungary,v5_deepsets_equal_budget,v5,0,5065,45.0,0.5348688960075378,0.5089748068198207,0.5058670043945312,0.5301423072814941,0.16864223778247833
cleveland,hungary,v5_deepsets_equal_budget,v5,0,5065,50.0,0.5213146805763245,0.50807413301387,0.49355465173721313,0.516307532787323,0.16383589804172516
cleveland,hungary,v5_deepsets_equal_budget,v5,0,5065,55.0,0.5156553387641907,0.5010741382740089,0.48765701055526733,0.5114234089851379,0.16115136444568634
cleveland,hungary,v5_deepsets_equal_budget,v5,0,5065,60.0,0.5221127271652222,0.5054562976103485,0.4911740720272064,0.5204446911811829,0.16303381323814392
cleveland,hungary,v5_deepsets_equal_budget,v5,0,5065,65.0,0.5074651837348938,0.5182615693349119,0.47906461358070374,0.5043321847915649,0.15766814351081848
cleveland,hungary,v5_deepsets_equal_budget,v5,0,5065,70.0,0.4978310763835907,0.5228598742292314,0.4677598774433136,0.4972153604030609,0.15343470871448517
cleveland,hungary,v5_deepsets_equal_budget,v5,0,5065,75.0,0.47648200392723083,0.5214009019726795,0.44968509674072266,0.47412654757499695,0.14576156437397003
cleveland,hungary,v5_deepsets_equal_budget,v5,0,5065,80.0,0.47441011667251587,0.5233712744172855,0.4481757581233978,0.47146445512771606,0.14590035378932953
cleveland,hungary,v5_deepsets_equal_budget,v5,0,5065,85.0,0.47873127460479736,0.5358367353123314,0.4518643617630005,0.4762534201145172,0.1467239260673523
cleveland,hungary,v5_deepsets_equal_budget,v5,0,5065,90.0,0.4565194547176361,0.5309520718424727,0.43046724796295166,0.45454034209251404,0.1401563286781311
cleveland,hungary,v5_deepsets_equal_budget,v5,0,5065,95.0,0.45928966999053955,0.5233022743041427,0.42797794938087463,0.4630948007106781,0.13753291964530945
cleveland,hungary,v5_deepsets_equal_budget,v5,0,5066,5.0,0.6713875532150269,0.6222958112473074,0.6482900977134705,0.648932158946991,0.22776423394680023
cleveland,hungary,v5_deepsets_equal_budget,v5,0,5066,10.0,0.6187976598739624,0.5509202463645175,0.5966190099716187,0.6002713441848755,0.20352455973625183
cleveland,hungary,v5_deepsets_equal_budget,v5,0,5066,15.0,0.597288966178894,0.5065153607160331,0.5732819437980652,0.5823996663093567,0.19448132812976837
cleveland,hungary,v5_deepsets_equal_budget,v5,0,5066,20.0,0.5881136059761047,0.49303764917647713,0.5598134398460388,0.5785124897956848,0.1895061433315277
cleveland,hungary,v5_deepsets_equal_budget,v5,0,5066,25.0,0.5674632787704468,0.4972388746315888,0.5395000576972961,0.5592965483665466,0.18064998090267181
cleveland,hungary,v5_deepsets_equal_budget,v5,0,5066,30.0,0.5589474439620972,0.5037837969068856,0.5321163535118103,0.5501919984817505,0.17793285846710205
cleveland,hungary,v5_deepsets_equal_budget,v5,0,5066,35.0,0.5526308417320251,0.5002197332435442,0.5249629616737366,0.5451823472976685,0.17558173835277557
cleveland,hungary,v5_deepsets_equal_budget,v5,0,5066,40.0,0.5400344729423523,0.5121131605108131,0.5115327835083008,0.5344010591506958,0.17067526280879974
cleveland,hungary,v5_deepsets_equal_budget,v5,0,5066,45.0,0.5330235958099365,0.5105740058961016,0.5053218007087708,0.5269973874092102,0.1686398983001709
cleveland,hungary,v5_deepsets_equal_budget,v5,0,5066,50.0,0.5354936122894287,0.5160841713181872,0.5083450078964233,0.5287089347839355,0.16966629028320312
cleveland,hungary,v5_deepsets_equal_budget,v5,0,5066,55.0,0.5264046788215637,0.5071202740782231,0.4961968660354614,0.5235900282859802,0.16511282324790955
cleveland,hungary,v5_deepsets_equal_budget,v5,0,5066,60.0,0.5192264318466187,0.5125042695030158,0.4909018576145172,0.5150939226150513,0.16228564083576202
cleveland,hungary,v5_deepsets_equal_budget,v5,0,5067,5.0,0.6600975394248962,0.5972736214412105,0.6367645859718323,0.6389975547790527,0.22216497361660004
cleveland,hungary,v5_deepsets_equal_budget,v5,0,5067,10.0,0.6115501523017883,0.5298357025225209,0.5868949890136719,0.596305787563324,0.1994970589876175
cleveland,hungary,v5_deepsets_equal_budget,v5,0,5067,15.0,0.5929726958274841,0.5046639255160748,0.5648754239082336,0.5828857421875,0.19092142581939697
cleveland,hungary,v5_deepsets_equal_budget,v5,0,5067,20.0,0.5797852277755737,0.4997978263210703,0.5514633655548096,0.5709969401359558,0.18555063009262085
cleveland,hungary,v5_deepsets_equal_budget,v5,0,5067,25.0,0.5689212083816528,0.5046523474375779,0.5428259968757629,0.5584595799446106,0.18278437852859497
cleveland,hungary,v5_deepsets_equal_budget,v5,0,5067,30.0,0.5560802817344666,0.4943185305272713,0.5282966494560242,0.5484633445739746,0.17700254917144775
cleveland,hungary,v5_deepsets_equal_budget,v5,0,5067,35.0,0.549359142780304,0.4863149802851544,0.5214173197746277,0.5423567891120911,0.17472106218338013
cleveland,hungary,v5_deepsets_equal_budget,v5,0,5067,40.0,0.5411980748176575,0.4956611105973551,0.5137569904327393,0.5343011021614075,0.17169073224067688
cleveland,hungary,v5_deepsets_equal_budget,v5,0,5067,45.0,0.5321574211120605,0.491881952224699,0.5056560635566711,0.5249695181846619,0.1684461236000061
cleveland,hungary,v5_deepsets_equal_budget,v5,0,5067,50.0,0.5287161469459534,0.4907374864944133,0.49890604615211487,0.5254302024841309,0.16548019647598267
cleveland,hungary,v5_deepsets_equal_budget,v5,0,5067,55.0,0.5181946158409119,0.4985869967181237,0.49022558331489563,0.5137376189231873,0.16212990880012512
cleveland,hungary,v5_deepsets_equal_budget,v5,0,5067,60.0,0.5054659247398376,0.5014412508860524,0.4790099561214447,0.5004660487174988,0.15727944672107697
cleveland,hungary,v5_deepsets_equal_budget,v5,0,5067,65.0,0.5002406239509583,0.5091078071055619,0.4734160602092743,0.4959876239299774,0.15538793802261353
cleveland,hungary,v5_deepsets_equal_budget,v5,0,5067,70.0,0.49137741327285767,0.5063499453729747,0.46262693405151367,0.4898568093776703,0.15135513246059418
cleveland,hungary,v5_deepsets_equal_budget,v5,0,5067,75.0,0.4865672290325165,0.5201191199251742,0.46010181307792664,0.48298606276512146,0.15023300051689148
cleveland,hungary,v5_deepsets_equal_budget,v5,0,5068,5.0,0.6816803216934204,0.6382797491881562,0.6579772233963013,0.6588789820671082,0.23252227902412415
cleveland,hungary,v5_deepsets_equal_budget,v5,0,5068,10.0,0.6251950263977051,0.5596094563727205,0.601373553276062,0.6078866124153137,0.20564937591552734
cleveland,hungary,v5_deepsets_equal_budget,v5,0,5068,15.0,0.5971192121505737,0.5149961452198866,0.5694001317024231,0.5863879323005676,0.19225198030471802
cleveland,hungary,v5_deepsets_equal_budget,v5,0,5068,20.0,0.5781221389770508,0.5109135914055261,0.5494778156280518,0.5697846412658691,0.18490903079509735
cleveland,hungary,v5_deepsets_equal_budget,v5,0,5068,25.0,0.5628900527954102,0.5121632722162484,0.5370739102363586,0.5526515245437622,0.18027278780937195
cleveland,hungary,v5_deepsets_equal_budget,v5,0,5068,30.0,0.5568657517433167,0.5066319363827938,0.5303431153297424,0.5478518605232239,0.1776825338602066
cleveland,hungary,v5_deepsets_equal_budget,v5,0,5068,35.0,0.5482361316680908,0.48985970434179893,0.5218093991279602,0.5398421287536621,0.17410387098789215
cleveland,hungary,v5_deepsets_equal_budget,v5,0,5068,40.0,0.5442496538162231,0.4951450607851374,0.5164754986763,0.5374693870544434,0.17277267575263977
cleveland,hungary,v5_deepsets_equal_budget,v5,0,5068,45.0,0.5443055629730225,0.5142411026121542,0.5132191777229309,0.5410750508308411,0.1715843230485916
cleveland,hungary,v5_deepsets_equal_budget,v5,0,5068,50.0,0.5369341969490051,0.5136305971969268,0.5103021264076233,0.5293986201286316,0.17083820700645447
cleveland,hungary,v5_deepsets_equal_budget,v5,0,5068,55.0,0.5080885887145996,0.5170424081021125,0.4799615144729614,0.5047013163566589,0.15757159888744354
cleveland,hungary,v5_deepsets_equal_budget,v5,0,5068,60.0,0.4998551309108734,0.5262221274163792,0.47202005982398987,0.496774286031723,0.15457971394062042
cleveland,hungary,v5_deepsets_equal_budget,v5,0,5068,65.0,0.5033180713653564,0.5451332288465967,0.4751121699810028,0.5001923441886902,0.1566585898399353
cleveland,hungary,v5_deepsets_equal_budget,v5,0,5068,70.0,0.48637866973876953,0.5376947055176725,0.4581366777420044,0.4850667119026184,0.1477697640657425
cleveland,hungary,v5_deepsets_equal_budget,v5,0,5068,75.0,0.4839940369129181,0.5420962268117415,0.4560519754886627,0.4820721745491028,0.14931948482990265
cleveland,hungary,v5_deepsets_equal_budget,v5,0,5069,5.0,0.673128604888916,0.6134101334949047,0.6496453881263733,0.6509217619895935,0.22845043241977692
cleveland,hungary,v5_deepsets_equal_budget,v5,0,5069,10.0,0.6162465214729309,0.5355676949903926,0.5926600694656372,0.5994393229484558,0.2019687443971634
cleveland,hungary,v5_deepsets_equal_budget,v5,0,5069,15.0,0.5864095091819763,0.4941862232973301,0.5611482262611389,0.5738002061843872,0.18935291469097137
cleveland,hungary,v5_deepsets_equal_budget,v5,0,5069,20.0,0.5756617784500122,0.49086912244447756,0.5444186925888062,0.5703086256980896,0.1829817146062851
cleveland,hungary,v5_deepsets_equal_budget,v5,0,5069,25.0,0.5778405666351318,0.4974950972075828,0.546535313129425,0.5722309350967407,0.1845739632844925
cleveland,hungary,v5_deepsets_equal_budget,v5,0,5069,30.0,0.5724843144416809,0.5022925178316978,0.544118344783783,0.5641635060310364,0.1834336668252945
cleveland,hungary,v5_deepsets_equal_budget,v5,0,5069,35.0,0.5628389716148376,0.5041474483163437,0.5368086695671082,0.5528458952903748,0.18011696636676788
cleveland,hungary,v5_deepsets_equal_budget,v5,0,5069,40.0,0.5483936667442322,0.5049085984947678,0.5210185647010803,0.5410027503967285,0.17383037507534027
cleveland,hungary,v5_deepsets_equal_budget,v5,0,5069,45.0,0.5480341911315918,0.5067887280153569,0.5218319296836853,0.5391703844070435,0.17533043026924133
cleveland,hungary,v5_deepsets_equal_budget,v5,0,5069,50.0,0.5425862073898315,0.5022269974304802,0.51417475938797,0.5366366505622864,0.17180486023426056
cleveland,hungary,v5_deepsets_equal_budget,v5,0,5069,55.0,0.5488921403884888,0.5017527487949183,0.5204439163208008,0.5423961877822876,0.1747211217880249
cleveland,hungary,v5_deepsets_equal_budget,v5,0,5069,60.0,0.526081383228302,0.5044262006539855,0.49983787536621094,0.5191140174865723,0.16605430841445923
cleveland,hungary,v5_deepsets_equal_budget,v5,0,5070,5.0,0.6813613176345825,0.6317042722182299,0.6578381657600403,0.6583941578865051,0.23245127499103546
cleveland,hungary,v5_deepsets_equal_budget,v5,0,5070,10.0,0.6302999258041382,0.5597123174993702,0.6073099374771118,0.6115847826004028,0.20852558314800262
cleveland,hungary,v5_deepsets_equal_budget,v5,0,5070,15.0,0.6039955615997314,0.5185987666098033,0.5796015858650208,0.5889092683792114,0.19740107655525208
cleveland,hungary,v5_deepsets_equal_budget,v5,0,5070,20.0,0.5917139053344727,0.5023783216453473,0.5654381513595581,0.5797160267829895,0.19136779010295868
cleveland,hungary,v5_deepsets_equal_budget,v5,0,5070,25.0,0.5804035067558289,0.49687619209801437,0.5542670488357544,0.5690276026725769,0.18756228685379028
cleveland,hungary,v5_deepsets_equal_budget,v5,0,5070,30.0,0.567703366279602,0.5027081696726718,0.5416918992996216,0.557244598865509,0.18235106766223907
cleveland,hungary,v5_deepsets_equal_budget,v5,0,5070,35.0,0.5559949278831482,0.5035145693792182,0.5300338268280029,0.5463752150535583,0.1779036521911621
cleveland,hungary,v5_deepsets_equal_budget,v5,0,5070,40.0,0.5374434590339661,0.5045055511902015,0.5104840397834778,0.5303893089294434,0.1700678914785385
cleveland,hungary,v5_deepsets_equal_budget,v5,0,5070,45.0,0.5408083200454712,0.5061162111230231,0.5123559236526489,0.5351530313491821,0.1705382615327835
cleveland,hungary,v5_deepsets_equal_budget,v5,0,5070,50.0,0.5491032600402832,0.5148729818193136,0.5205456614494324,0.5428580641746521,0.17401409149169922
cleveland,hungary,v5_deepsets_equal_budget,v5,0,5070,55.0,0.5189357995986938,0.5175936142277454,0.4911821186542511,0.514371395111084,0.16159038245677948
cleveland,hungary,v5_deepsets_equal_budget,v5,0,5070,60.0,0.5149651169776917,0.5201127732472328,0.48599836230278015,0.5118169188499451,0.160574808716774
cleveland,hungary,v5_deepsets_equal_budget,v5,0,5070,65.0,0.5057411193847656,0.5217567934659141,0.474694162607193,0.5057776570320129,0.15505197644233704
cleveland,hungary,v5_deepsets_equal_budget,v5,0,5071,5.0,0.6711673140525818,0.6147934902888239,0.6477658152580261,0.649068295955658,0.22750261425971985
cleveland,hungary,v5_deepsets_equal_budget,v5,0,5071,10.0,0.6199764013290405,0.549084462358665,0.5956591963768005,0.6036359071731567,0.20328877866268158
cleveland,hungary,v5_deepsets_equal_budget,v5,0,5071,15.0,0.5900715589523315,0.5088919455023064,0.5635473728179932,0.5785242319107056,0.1903577595949173
cleveland,hungary,v5_deepsets_equal_budget,v5,0,5071,20.0,0.5754937529563904,0.5068053939986201,0.5439180731773376,0.5705375075340271,0.18265976011753082
cleveland,hungary,v5_deepsets_equal_budget,v5,0,5071,25.0,0.5626422762870789,0.5170494128429235,0.5329067707061768,0.5565556883811951,0.17911019921302795
cleveland,hungary,v5_deepsets_equal_budget,v5,0,5071,30.0,0.5582084655761719,0.5211751431598627,0.5320910215377808,0.5487040877342224,0.17810915410518646
cleveland,hungary,v5_deepsets_equal_budget,v5,0,5071,35.0,0.552010715007782,0.5103124990620755,0.5254302620887756,0.5434520840644836,0.17569513618946075
cleveland,hungary,v5_deepsets_equal_budget,v5,0,5071,40.0,0.5321289896965027,0.5095684647620359,0.5040647983551025,0.5268046259880066,0.16694222390651703
cleveland,hungary,v5_deepsets_equal_budget,v5,0,5071,45.0,0.5470401644706726,0.5206247667440487,0.5211990475654602,0.5378802418708801,0.1750049889087677
cleveland,hungary,v5_deepsets_equal_budget,v5,0,5071,50.0,0.5240843892097473,0.5222468044766971,0.49789801239967346,0.517318844795227,0.16475985944271088
cleveland,hungary,v5_deepsets_equal_budget,v5,0,5071,55.0,0.5253071784973145,0.521479521741323,0.49825164675712585,0.5192591547966003,0.16551776230335236
cleveland,hungary,v5_deepsets_equal_budget,v5,0,5071,60.0,0.5309798717498779,0.5219789099751901,0.5011221170425415,0.5275376439094543,0.16649988293647766
cleveland,switzerland,v5_deepsets_equal_budget,v5,0,5062,5.0,0.6545888185501099,0.6468067790058231,0.6315671801567078,0.6336770057678223,0.2196667492389679
cleveland,switzerland,v5_deepsets_equal_budget,v5,0,5062,10.0,0.591463565826416,0.6203730346459477,0.5664646625518799,0.5783544778823853,0.1905396580696106
cleveland,switzerland,v5_deepsets_equal_budget,v5,0,5062,15.0,0.5625792741775513,0.6362571099858273,0.5345929265022278,0.5547991991043091,0.17883208394050598
cleveland,switzerland,v5_deepsets_equal_budget,v5,0,5062,20.0,0.5500581860542297,0.6725628660150971,0.5200918316841125,0.5453047156333923,0.17359918355941772
cleveland,switzerland,v5_deepsets_equal_budget,v5,0,5062,25.0,0.5404829382896423,0.6757151637578669,0.5130069851875305,0.5338002443313599,0.17079278826713562
cleveland,switzerland,v5_deepsets_equal_budget,v5,0,5062,30.0,0.5397236943244934,0.6635810019402856,0.5106632709503174,0.5347172617912292,0.1703338772058487
cleveland,switzerland,v5_deepsets_equal_budget,v5,0,5062,35.0,0.5236345529556274,0.6695024635022903,0.4964236319065094,0.5179513096809387,0.16447055339813232
cleveland,switzerland,v5_deepsets_equal_budget,v5,0,5062,40.0,0.522095263004303,0.6797362146296495,0.49616506695747375,0.5151757597923279,0.16424861550331116
cleveland,switzerland,v5_deepsets_equal_budget,v5,0,5062,45.0,0.5150686502456665,0.6909582145936826,0.488762766122818,0.5091977119445801,0.16088400781154633
cleveland,switzerland,v5_deepsets_equal_budget,v5,0,5062,50.0,0.5065802335739136,0.7016240156980688,0.4815188944339752,0.49995240569114685,0.15844561159610748
cleveland,switzerland,v5_deepsets_equal_budget,v5,0,5063,5.0,0.6582249402999878,0.6423727142858149,0.635344386100769,0.6368190050125122,0.22143268585205078
cleveland,switzerland,v5_deepsets_equal_budget,v5,0,5063,10.0,0.5902608036994934,0.6109569102034677,0.5667347311973572,0.5757088661193848,0.19038958847522736
cleveland,switzerland,v5_deepsets_equal_budget,v5,0,5063,15.0,0.5667049884796143,0.6154804785156555,0.5392270684242249,0.5581008791923523,0.1804104447364807
cleveland,switzerland,v5_deepsets_equal_budget,v5,0,5063,20.0,0.5527991056442261,0.6332891535336984,0.5221448540687561,0.5485445857048035,0.17454391717910767
cleveland,switzerland,v5_deepsets_equal_budget,v5,0,5063,25.0,0.5437526106834412,0.6490003355947784,0.5153084397315979,0.5378472208976746,0.17174787819385529
cleveland,switzerland,v5_deepsets_equal_budget,v5,0,5063,30.0,0.5333362221717834,0.6431760366800068,0.5071331262588501,0.5258857607841492,0.1682683676481247
cleveland,switzerland,v5_deepsets_equal_budget,v5,0,5063,35.0,0.5220845937728882,0.6466276426993983,0.4959477484226227,0.5153873562812805,0.16417022049427032
cleveland,switzerland,v5_deepsets_equal_budget,v5,0,5063,40.0,0.5139136910438538,0.6498336512981717,0.4884718358516693,0.5071485638618469,0.16103529930114746
cleveland,switzerland,v5_deepsets_equal_budget,v5,0,5063,45.0,0.517676830291748,0.6525749524949811,0.4920331537723541,0.5108753442764282,0.16222618520259857
cleveland,switzerland,v5_deepsets_equal_budget,v5,0,5063,50.0,0.5071724653244019,0.6541758933058045,0.4831186532974243,0.49941110610961914,0.1590760052204132
cleveland,switzerland,v5_deepsets_equal_budget,v5,0,5064,5.0,0.6521698236465454,0.6386744319185751,0.6292422413825989,0.6313859224319458,0.21855688095092773
cleveland,switzerland,v5_deepsets_equal_budget,v5,0,5064,10.0,0.5890597701072693,0.5987080895394343,0.564465343952179,0.5756770372390747,0.18988561630249023
cleveland,switzerland,v5_deepsets_equal_budget,v5,0,5064,15.0,0.5643893480300903,0.6120246305265646,0.5345156788825989,0.5585258603096008,0.17868582904338837
cleveland,switzerland,v5_deepsets_equal_budget,v5,0,5064,20.0,0.549748957157135,0.6450163620235521,0.5202444791793823,0.5446099638938904,0.1732175201177597
cleveland,switzerland,v5_deepsets_equal_budget,v5,0,5064,25.0,0.5396267175674438,0.652466350765929,0.5114886164665222,0.5337659120559692,0.16999460756778717
cleveland,switzerland,v5_deepsets_equal_budget,v5,0,5064,30.0,0.5411000847816467,0.6353743185058949,0.5128286480903625,0.5350780487060547,0.17146791517734528
cleveland,switzerland,v5_deepsets_equal_budget,v5,0,5064,35.0,0.5328869819641113,0.6305277709229763,0.5052136182785034,0.5270819664001465,0.1673918217420578
cleveland,switzerland,v5_deepsets_equal_budget,v5,0,5064,40.0,0.5242092609405518,0.6418565131235554,0.49712806940078735,0.518399178981781,0.1644560992717743
cleveland,switzerland,v5_deepsets_equal_budget,v5,0,5064,45.0,0.5140748023986816,0.6440841718096966,0.488810658454895,0.5071016550064087,0.16118627786636353
cleveland,switzerland,v5_deepsets_equal_budget,v5,0,5064,50.0,0.5144578218460083,0.6370537405212371,0.48864588141441345,0.5080006718635559,0.16134577989578247
cleveland,switzerland,v5_deepsets_equal_budget,v5,0,5065,5.0,0.6501092910766602,0.6394188913150707,0.6269353032112122,0.6298021674156189,0.2174057960510254
cleveland,switzerland,v5_deepsets_equal_budget,v5,0,5065,10.0,0.5897930860519409,0.6184115244845452,0.5650817155838013,0.5765248537063599,0.18989793956279755
cleveland,switzerland,v5_deepsets_equal_budget,v5,0,5065,15.0,0.5682150721549988,0.6435162442681068,0.5394852757453918,0.5608868598937988,0.1802906095981598
cleveland,switzerland,v5_deepsets_equal_budget,v5,0,5065,20.0,0.5522200465202332,0.6973148401851954,0.5236707329750061,0.5458458065986633,0.17461754381656647
cleveland,switzerland,v5_deepsets_equal_budget,v5,0,5065,25.0,0.547364354133606,0.727185367865592,0.5211167931556702,0.5389103889465332,0.17350822687149048
cleveland,switzerland,v5_deepsets_equal_budget,v5,0,5065,30.0,0.5462003946304321,0.7112155139415306,0.5199585556983948,0.5377626419067383,0.17339837551116943
cleveland,switzerland,v5_deepsets_equal_budget,v5,0,5065,35.0,0.5382314920425415,0.6840277650130492,0.5100864768028259,0.5324200987815857,0.1697818785905838
cleveland,switzerland,v5_deepsets_equal_budget,v5,0,5065,40.0,0.535666286945343,0.6816748623735865,0.5085270404815674,0.5289395451545715,0.16933046281337738
cleveland,switzerland,v5_deepsets_equal_budget,v5,0,5065,45.0,0.5223567485809326,0.6844792769441082,0.4977620542049408,0.5139617323875427,0.16494856774806976
cleveland,switzerland,v5_deepsets_equal_budget,v5,0,5065,50.0,0.512448251247406,0.680584798331471,0.4881480038166046,0.5045086741447449,0.16119901835918427
cleveland,switzerland,v5_deepsets_equal_budget,v5,0,5066,5.0,0.6619374752044678,0.6279999750419053,0.638788640499115,0.6404690742492676,0.2230857014656067
cleveland,switzerland,v5_deepsets_equal_budget,v5,0,5066,10.0,0.5921186804771423,0.5854845318733356,0.5687738656997681,0.5772876143455505,0.19087986648082733
cleveland,switzerland,v5_deepsets_equal_budget,v5,0,5066,15.0,0.5653188824653625,0.5921044480211834,0.53681880235672,0.5579310655593872,0.17943909764289856
cleveland,switzerland,v5_deepsets_equal_budget,v5,0,5066,20.0,0.555413544178009,0.6295952141049463,0.524612545967102,0.5512139201164246,0.17500334978103638
cleveland,switzerland,v5_deepsets_equal_budget,v5,0,5066,25.0,0.5524063110351562,0.6579281448165895,0.5220491886138916,0.5479394197463989,0.17412027716636658
cleveland,switzerland,v5_deepsets_equal_budget,v5,0,5066,30.0,0.5337846279144287,0.641252024487454,0.5059341788291931,0.5279543995857239,0.16840338706970215
cleveland,switzerland,v5_deepsets_equal_budget,v5,0,5066,35.0,0.5338554978370667,0.6366991501217385,0.5049304366111755,0.5292216539382935,0.16779454052448273
cleveland,switzerland,v5_deepsets_equal_budget,v5,0,5066,40.0,0.5261638164520264,0.6433746605760954,0.49876880645751953,0.5204636454582214,0.16547545790672302
cleveland,switzerland,v5_deepsets_equal_budget,v5,0,5066,45.0,0.5153812170028687,0.6418317572452898,0.49030888080596924,0.5081753730773926,0.16139081120491028
cleveland,switzerland,v5_deepsets_equal_budget,v5,0,5066,50.0,0.514358401298523,0.6415825532917718,0.48799842596054077,0.5085541605949402,0.16082103550434113
cleveland,switzerland,v5_deepsets_equal_budget,v5,0,5067,5.0,0.6365212202072144,0.6073292574333475,0.6134546399116516,0.6173819899559021,0.2110292613506317
cleveland,switzerland,v5_deepsets_equal_budget,v5,0,5067,10.0,0.5816147923469543,0.578427879836354,0.5563079118728638,0.5695481300354004,0.18686746060848236
cleveland,switzerland,v5_deepsets_equal_budget,v5,0,5067,15.0,0.5702188611030579,0.5867883098318737,0.5407716631889343,0.5632525682449341,0.18206752836704254
cleveland,switzerland,v5_deepsets_equal_budget,v5,0,5067,20.0,0.554805338382721,0.6348063347843836,0.5279377102851868,0.5463053584098816,0.17683787643909454
cleveland,switzerland,v5_deepsets_equal_budget,v5,0,5067,25.0,0.5444670915603638,0.6611368358951396,0.516474187374115,0.5380032658576965,0.1722833663225174
cleveland,switzerland,v5_deepsets_equal_budget,v5,0,5067,30.0,0.5350430011749268,0.6701789590734009,0.5085102915763855,0.5277560353279114,0.16909867525100708
cleveland,switzerland,v5_deepsets_equal_budget,v5,0,5067,35.0,0.5227968096733093,0.6797158972797324,0.496984601020813,0.5156655311584473,0.1647176444530487
cleveland,switzerland,v5_deepsets_equal_budget,v5,0,5067,40.0,0.5163636207580566,0.7011391487703937,0.49162960052490234,0.5086102485656738,0.16243667900562286
cleveland,switzerland,v5_deepsets_equal_budget,v5,0,5067,45.0,0.5132733583450317,0.7054202863334003,0.4888143539428711,0.5055856108665466,0.16073401272296906
cleveland,switzerland,v5_deepsets_equal_budget,v5,0,5067,50.0,0.5093304514884949,0.7040136066964201,0.4840526580810547,0.5028313994407654,0.15888407826423645
cleveland,switzerland,v5_deepsets_equal_budget,v5,0,5068,5.0,0.6465175151824951,0.6525522028466071,0.6235941648483276,0.6262826323509216,0.21579121053218842
cleveland,switzerland,v5_deepsets_equal_budget,v5,0,5068,10.0,0.5813707709312439,0.6231410378288882,0.5564705729484558,0.5689582228660583,0.18656356632709503
cleveland,switzerland,v5_deepsets_equal_budget,v5,0,5068,15.0,0.5587709546089172,0.633675313440381,0.5312240719795227,0.5506753325462341,0.17821262776851654
cleveland,switzerland,v5_deepsets_equal_budget,v5,0,5068,20.0,0.5469571352005005,0.6689272170772974,0.518494725227356,0.5407139658927917,0.17352838814258575
cleveland,switzerland,v5_deepsets_equal_budget,v5,0,5068,25.0,0.5468258261680603,0.6895633835942043,0.5198076367378235,0.5390721559524536,0.17385892570018768
cleveland,switzerland,v5_deepsets_equal_budget,v5,0,5068,30.0,0.5335491299629211,0.6918742851538802,0.5076586604118347,0.5255348086357117,0.16952408850193024
cleveland,switzerland,v5_deepsets_equal_budget,v5,0,5068,35.0,0.5301880240440369,0.6927663184783455,0.502829909324646,0.5242388844490051,0.16653601825237274
cleveland,switzerland,v5_deepsets_equal_budget,v5,0,5068,40.0,0.5209647417068481,0.7038375432963611,0.49654659628868103,0.5125733613967896,0.16404761373996735
cleveland,switzerland,v5_deepsets_equal_budget,v5,0,5068,45.0,0.5242685079574585,0.7115533188531913,0.4976049065589905,0.5180752873420715,0.16428418457508087
cleveland,switzerland,v5_deepsets_equal_budget,v5,0,5068,50.0,0.5160115361213684,0.7167916418198789,0.490887314081192,0.5087714195251465,0.16182193160057068
cleveland,switzerland,v5_deepsets_equal_budget,v5,0,5069,5.0,0.6552363634109497,0.6247544366187323,0.6319420337677002,0.6345705986022949,0.21980023384094238
cleveland,switzerland,v5_deepsets_equal_budget,v5,0,5069,10.0,0.5859636664390564,0.5832011938219634,0.5609648823738098,0.5733172297477722,0.18822620809078217
cleveland,switzerland,v5_deepsets_equal_budget,v5,0,5069,15.0,0.5647057294845581,0.598303145760549,0.5343329906463623,0.5593666434288025,0.17855903506278992
cleveland,switzerland,v5_deepsets_equal_budget,v5,0,5069,20.0,0.5559284090995789,0.6288557895493883,0.5244930386543274,0.5523781776428223,0.17492832243442535
cleveland,switzerland,v5_deepsets_equal_budget,v5,0,5069,25.0,0.5403327345848083,0.6575914071651616,0.5121628642082214,0.5344767570495605,0.1701286882162094
cleveland,switzerland,v5_deepsets_equal_budget,v5,0,5069,30.0,0.5300770401954651,0.6504153389415531,0.5041818618774414,0.522645115852356,0.16663534939289093
cleveland,switzerland,v5_deepsets_equal_budget,v5,0,5069,35.0,0.5261539220809937,0.6248510067756019,0.49995243549346924,0.5192392468452454,0.1655803620815277
cleveland,switzerland,v5_deepsets_equal_budget,v5,0,5069,40.0,0.525442898273468,0.6244880468843397,0.49776893854141235,0.5201098322868347,0.16503514349460602
cleveland,switzerland,v5_deepsets_equal_budget,v5,0,5069,45.0,0.5110517144203186,0.6303168635443483,0.48650428652763367,0.5035274624824524,0.16035868227481842
cleveland,switzerland,v5_deepsets_equal_budget,v5,0,5069,50.0,0.5121034383773804,0.6304933275767494,0.4879619777202606,0.5040446519851685,0.16100120544433594
cleveland,switzerland,v5_deepsets_equal_budget,v5,0,5070,5.0,0.6880857944488525,0.6677146121131843,0.6641200184822083,0.6649206280708313,0.23565469682216644
cleveland,switzerland,v5_deepsets_equal_budget,v5,0,5070,10.0,0.6255078911781311,0.6271258043980166,0.6030966639518738,0.6066595911979675,0.20629774034023285
cleveland,switzerland,v5_deepsets_equal_budget,v5,0,5070,15.0,0.5741885900497437,0.5982140485383938,0.5497624278068542,0.5619149208068848,0.18349884450435638
cleveland,switzerland,v5_deepsets_equal_budget,v5,0,5070,20.0,0.5485214591026306,0.5987761504693054,0.5222159624099731,0.540065586566925,0.17380675673484802
cleveland,switzerland,v5_deepsets_equal_budget,v5,0,5070,25.0,0.5536672472953796,0.6198946368979675,0.5232822299003601,0.5492157340049744,0.17418277263641357
cleveland,switzerland,v5_deepsets_equal_budget,v5,0,5070,30.0,0.539270281791687,0.6376493212258589,0.5128169655799866,0.531557023525238,0.17083290219306946
cleveland,switzerland,v5_deepsets_equal_budget,v5,0,5070,35.0,0.5303859114646912,0.6206994633315565,0.5040179491043091,0.5233414769172668,0.16706140339374542
cleveland,switzerland,v5_deepsets_equal_budget,v5,0,5070,40.0,0.531408429145813,0.6198475507977437,0.5039176344871521,0.5254611372947693,0.16719038784503937
cleveland,switzerland,v5_deepsets_equal_budget,v5,0,5070,45.0,0.513706386089325,0.6237579424177288,0.48915067315101624,0.5060877799987793,0.1608717441558838
cleveland,switzerland,v5_deepsets_equal_budget,v5,0,5070,50.0,0.5135311484336853,0.6346777093642075,0.4875194728374481,0.5075188875198364,0.16011956334114075
cleveland,switzerland,v5_deepsets_equal_budget,v5,0,5070,55.0,0.5050820708274841,0.6464631263207734,0.4784139096736908,0.5002898573875427,0.15730206668376923
cleveland,switzerland,v5_deepsets_equal_budget,v5,0,5071,5.0,0.650530993938446,0.6526466000812037,0.6274468898773193,0.6300749778747559,0.21770071983337402
cleveland,switzerland,v5_deepsets_equal_budget,v5,0,5071,10.0,0.5873669385910034,0.619363271918508,0.562659502029419,0.5743118524551392,0.18881244957447052
cleveland,switzerland,v5_deepsets_equal_budget,v5,0,5071,15.0,0.5636053681373596,0.6287559685793442,0.53490149974823,0.5564917922019958,0.17908741533756256
cleveland,switzerland,v5_deepsets_equal_budget,v5,0,5071,20.0,0.5585742592811584,0.6479657804824223,0.5273232460021973,0.5546273589134216,0.17598941922187805
cleveland,switzerland,v5_deepsets_equal_budget,v5,0,5071,25.0,0.5461719632148743,0.6567383571250929,0.5182402729988098,0.539426326751709,0.17338673770427704
cleveland,switzerland,v5_deepsets_equal_budget,v5,0,5071,30.0,0.5418165922164917,0.6608065424682874,0.5136768221855164,0.5356287956237793,0.17163726687431335
cleveland,switzerland,v5_deepsets_equal_budget,v5,0,5071,35.0,0.5332373380661011,0.666148155527875,0.5058586001396179,0.5269403457641602,0.16837848722934723
cleveland,switzerland,v5_deepsets_equal_budget,v5,0,5071,40.0,0.5354463458061218,0.6845653123667603,0.508417010307312,0.5285441279411316,0.16965818405151367
cleveland,switzerland,v5_deepsets_equal_budget,v5,0,5071,45.0,0.5353806614875793,0.7059754125158791,0.5080814957618713,0.5289250612258911,0.16877375543117523
cleveland,switzerland,v5_deepsets_equal_budget,v5,0,5071,50.0,0.5228815078735352,0.7202572860513928,0.4972509741783142,0.5155470967292786,0.16482502222061157
cleveland,va_long_beach,v5_deepsets_equal_budget,v5,0,5062,5.0,0.6517980694770813,0.6599817687819858,0.6294701099395752,0.63043212890625,0.21846958994865417
cleveland,va_long_beach,v5_deepsets_equal_budget,v5,0,5062,10.0,0.5576547980308533,0.6492702660414369,0.5379462838172913,0.5421338081359863,0.17614807188510895
cleveland,va_long_beach,v5_deepsets_equal_budget,v5,0,5062,15.0,0.4915950894355774,0.6877337699850645,0.47367802262306213,0.479112446308136,0.15199828147888184
cleveland,va_long_beach,v5_deepsets_equal_budget,v5,0,5062,20.0,0.44828373193740845,0.7535840681475465,0.4309433400630951,0.43800249695777893,0.1381082534790039
cleveland,va_long_beach,v5_deepsets_equal_budget,v5,0,5062,25.0,0.44640570878982544,0.8046833056222108,0.42696264386177063,0.4383173882961273,0.13765700161457062
cleveland,va_long_beach,v5_deepsets_equal_budget,v5,0,5062,30.0,0.447605699300766,0.8145236883789163,0.42355382442474365,0.44453126192092896,0.13563157618045807
cleveland,va_long_beach,v5_deepsets_equal_budget,v5,0,5062,35.0,0.42181700468063354,0.8122305631721429,0.4054262042045593,0.4123806953430176,0.12913548946380615
cleveland,va_long_beach,v5_deepsets_equal_budget,v5,0,5062,40.0,0.41659724712371826,0.8223199670284834,0.4000171720981598,0.40753889083862305,0.12819235026836395
cleveland,va_long_beach,v5_deepsets_equal_budget,v5,0,5062,45.0,0.3973515033721924,0.8299103443323446,0.381777286529541,0.3887837529182434,0.12070989608764648
cleveland,va_long_beach,v5_deepsets_equal_budget,v5,0,5062,50.0,0.39839237928390503,0.8230241244518823,0.3812512457370758,0.3914754092693329,0.12029058486223221
cleveland,va_long_beach,v5_deepsets_equal_budget,v5,0,5063,5.0,0.6229972839355469,0.6635305319294331,0.6019724011421204,0.6030043959617615,0.20508867502212524
cleveland,va_long_beach,v5_deepsets_equal_budget,v5,0,5063,10.0,0.5273444056510925,0.6715927328995455,0.5088192820549011,0.5130878686904907,0.16390831768512726
cleveland,va_long_beach,v5_deepsets_equal_budget,v5,0,5063,15.0,0.46899569034576416,0.724742308354942,0.4522874653339386,0.456763356924057,0.14470267295837402
cleveland,va_long_beach,v5_deepsets_equal_budget,v5,0,5063,20.0,0.4519246220588684,0.7882370640437768,0.4344629943370819,0.44145557284355164,0.13965336978435516
cleveland,va_long_beach,v5_deepsets_equal_budget,v5,0,5063,25.0,0.4313850700855255,0.8170888586854301,0.41415780782699585,0.42225828766822815,0.13177020847797394
cleveland,va_long_beach,v5_deepsets_equal_budget,v5,0,5063,30.0,0.42715561389923096,0.8363528733424421,0.40945279598236084,0.41880664229393005,0.13025878369808197
cleveland,va_long_beach,v5_deepsets_equal_budget,v5,0,5063,35.0,0.41888582706451416,0.8410722917940412,0.4014631509780884,0.41081133484840393,0.1274859607219696
cleveland,va_long_beach,v5_deepsets_equal_budget,v5,0,5063,40.0,0.41162747144699097,0.8515234563488357,0.3958572745323181,0.402097225189209,0.1265021413564682
cleveland,va_long_beach,v5_deepsets_equal_budget,v5,0,5063,45.0,0.3921297788619995,0.8655850571296018,0.37662431597709656,0.38396939635276794,0.11832908540964127
cleveland,va_long_beach,v5_deepsets_equal_budget,v5,0,5064,5.0,0.6262627840042114,0.6584216091821626,0.6049362421035767,0.6062688827514648,0.2066020518541336
cleveland,va_long_beach,v5_deepsets_equal_budget,v5,0,5064,10.0,0.5278462767601013,0.6686415436764053,0.5096142888069153,0.5132407546043396,0.1641876995563507
cleveland,va_long_beach,v5_deepsets_equal_budget,v5,0,5064,15.0,0.484125554561615,0.7155911486431685,0.4665898382663727,0.4716532826423645,0.15003986656665802
cleveland,va_long_beach,v5_deepsets_equal_budget,v5,0,5064,20.0,0.46270519495010376,0.7771608727153343,0.44439661502838135,0.4523829519748688,0.1431543380022049
cleveland,va_long_beach,v5_deepsets_equal_budget,v5,0,5064,25.0,0.45054009556770325,0.8049697001659282,0.42894402146339417,0.44443997740745544,0.13848085701465607
cleveland,va_long_beach,v5_deepsets_equal_budget,v5,0,5064,30.0,0.4318926930427551,0.8108264047665072,0.4125826060771942,0.4247296452522278,0.13236580789089203
cleveland,va_long_beach,v5_deepsets_equal_budget,v5,0,5064,35.0,0.42099934816360474,0.8122901810406651,0.4031510055065155,0.41323500871658325,0.12806342542171478
cleveland,va_long_beach,v5_deepsets_equal_budget,v5,0,5064,40.0,0.4227820038795471,0.8430092969693714,0.40527889132499695,0.4141843020915985,0.13050396740436554
cleveland,va_long_beach,v5_deepsets_equal_budget,v5,0,5064,45.0,0.41874727606773376,0.8793647111653404,0.39928117394447327,0.4126771092414856,0.1276812106370926
cleveland,va_long_beach,v5_deepsets_equal_budget,v5,0,5065,5.0,0.6538978219032288,0.6730511700107001,0.6318163275718689,0.6320639848709106,0.21957679092884064
cleveland,va_long_beach,v5_deepsets_equal_budget,v5,0,5065,10.0,0.5655974745750427,0.678539578675479,0.5465432405471802,0.5486984252929688,0.17976659536361694
cleveland,va_long_beach,v5_deepsets_equal_budget,v5,0,5065,15.0,0.4948548376560211,0.7317829530567157,0.4771225154399872,0.4820983111858368,0.15244434773921967
cleveland,va_long_beach,v5_deepsets_equal_budget,v5,0,5065,20.0,0.45641380548477173,0.8062897442769861,0.44023075699806213,0.44450312852859497,0.14046835899353027
cleveland,va_long_beach,v5_deepsets_equal_budget,v5,0,5065,25.0,0.43152758479118347,0.8762618833126068,0.4155888557434082,0.420907586812973,0.1327933520078659
cleveland,va_long_beach,v5_deepsets_equal_budget,v5,0,5065,30.0,0.43179330229759216,0.8850028617033582,0.4109172821044922,0.42650318145751953,0.1308305710554123
cleveland,va_long_beach,v5_deepsets_equal_budget,v5,0,5065,35.0,0.4203958809375763,0.8724047417874075,0.4032581150531769,0.4119051992893219,0.12814219295978546
cleveland,va_long_beach,v5_deepsets_equal_budget,v5,0,5065,40.0,0.418000191450119,0.8829542387310363,0.4018329679965973,0.40849849581718445,0.12834450602531433
cleveland,va_long_beach,v5_deepsets_equal_budget,v5,0,5065,45.0,0.41759923100471497,0.8717109521017985,0.39653676748275757,0.41344109177589417,0.1261029988527298
cleveland,va_long_beach,v5_deepsets_equal_budget,v5,0,5066,5.0,0.6531921625137329,0.669657483414096,0.6311468482017517,0.631384015083313,0.21926769614219666
cleveland,va_long_beach,v5_deepsets_equal_budget,v5,0,5066,10.0,0.5648213624954224,0.6655082348063146,0.545800507068634,0.5479084253311157,0.1796683818101883
cleveland,va_long_beach,v5_deepsets_equal_budget,v5,0,5066,15.0,0.4931783974170685,0.7090004956551956,0.4767170548439026,0.4791724383831024,0.15233655273914337
cleveland,va_long_beach,v5_deepsets_equal_budget,v5,0,5066,20.0,0.472642719745636,0.7877343994411106,0.45357853174209595,0.4628630578517914,0.14421924948692322
cleveland,va_long_beach,v5_deepsets_equal_budget,v5,0,5066,25.0,0.45512980222702026,0.8454283249216987,0.4316242039203644,0.4508533477783203,0.13891036808490753
cleveland,va_long_beach,v5_deepsets_equal_budget,v5,0,5066,30.0,0.41082924604415894,0.8574486548203217,0.3957892656326294,0.4007449150085449,0.12562155723571777
cleveland,va_long_beach,v5_deepsets_equal_budget,v5,0,5066,35.0,0.41318339109420776,0.8757261975493255,0.39635297656059265,0.4048100411891937,0.12601888179779053
cleveland,va_long_beach,v5_deepsets_equal_budget,v5,0,5066,40.0,0.41014429926872253,0.8778640853377752,0.39444127678871155,0.40096503496170044,0.12441139668226242
cleveland,va_long_beach,v5_deepsets_equal_budget,v5,0,5066,45.0,0.39522379636764526,0.8989055060205688,0.3797840178012848,0.3868653476238251,0.11899127066135406
cleveland,va_long_beach,v5_deepsets_equal_budget,v5,0,5066,50.0,0.3927510678768158,0.8923528939671502,0.3775484561920166,0.3842700123786926,0.11841825395822525
cleveland,va_long_beach,v5_deepsets_equal_budget,v5,0,5067,5.0,0.6155197620391846,0.669595677242654,0.5950777530670166,0.5955752730369568,0.20193219184875488
cleveland,va_long_beach,v5_deepsets_equal_budget,v5,0,5067,10.0,0.5181323289871216,0.6928978729676509,0.5003111958503723,0.5037495493888855,0.1610194891691208
cleveland,va_long_beach,v5_deepsets_equal_budget,v5,0,5067,15.0,0.46612727642059326,0.7685395821523122,0.44713205099105835,0.45660755038261414,0.1425749957561493
cleveland,va_long_beach,v5_deepsets_equal_budget,v5,0,5067,20.0,0.455274760723114,0.8386437017269937,0.4380660057067871,0.44417792558670044,0.14152808487415314
cleveland,va_long_beach,v5_deepsets_equal_budget,v5,0,5067,25.0,0.4312061667442322,0.8603870594663292,0.4145703911781311,0.4212460517883301,0.13297945261001587
cleveland,va_long_beach,v5_deepsets_equal_budget,v5,0,5067,30.0,0.4356580078601837,0.8515386456455586,0.4167095720767975,0.4278329014778137,0.13386742770671844
cleveland,va_long_beach,v5_deepsets_equal_budget,v5,0,5067,35.0,0.41855570673942566,0.8752220961651516,0.4009036421775818,0.410663902759552,0.12771929800510406
cleveland,va_long_beach,v5_deepsets_equal_budget,v5,0,5067,40.0,0.41370025277137756,0.8976563759268914,0.396992951631546,0.40514612197875977,0.12630735337734222
cleveland,va_long_beach,v5_deepsets_equal_budget,v5,0,5067,45.0,0.3952369689941406,0.8899676013442857,0.37917205691337585,0.3875660002231598,0.11867950856685638
cleveland,va_long_beach,v5_deepsets_equal_budget,v5,0,5068,5.0,0.6460838913917542,0.6623695379442955,0.62406986951828,0.6249371767044067,0.21580395102500916
cleveland,va_long_beach,v5_deepsets_equal_budget,v5,0,5068,10.0,0.5525903701782227,0.6522591488398854,0.5336195826530457,0.5367403030395508,0.17410416901111603
cleveland,va_long_beach,v5_deepsets_equal_budget,v5,0,5068,15.0,0.49767953157424927,0.6818262571150888,0.4787232577800751,0.48583459854125977,0.15400590002536774
cleveland,va_long_beach,v5_deepsets_equal_budget,v5,0,5068,20.0,0.4637768566608429,0.7413982663813646,0.44582223892211914,0.45314884185791016,0.14291317760944366
cleveland,va_long_beach,v5_deepsets_equal_budget,v5,0,5068,25.0,0.43874627351760864,0.8014442736389158,0.4225950837135315,0.4277726113796234,0.13562437891960144
cleveland,va_long_beach,v5_deepsets_equal_budget,v5,0,5068,30.0,0.43928930163383484,0.817175663864057,0.41834232211112976,0.43344488739967346,0.13395704329013824
cleveland,va_long_beach,v5_deepsets_equal_budget,v5,0,5068,35.0,0.417593777179718,0.8190015789645415,0.40179911255836487,0.40777596831321716,0.128062441945076
cleveland,va_long_beach,v5_deepsets_equal_budget,v5,0,5068,40.0,0.405132532119751,0.8374393740098085,0.390129953622818,0.39556190371513367,0.12286613136529922
cleveland,va_long_beach,v5_deepsets_equal_budget,v5,0,5068,45.0,0.412896066904068,0.8480695678239967,0.3946489691734314,0.406086266040802,0.1252845972776413
cleveland,va_long_beach,v5_deepsets_equal_budget,v5,0,5068,50.0,0.40250247716903687,0.8559155896651098,0.3860607147216797,0.3944816589355469,0.12231291830539703
cleveland,va_long_beach,v5_deepsets_equal_budget,v5,0,5069,5.0,0.6282816529273987,0.6641355836649059,0.607025146484375,0.6080111861228943,0.2076348215341568
cleveland,va_long_beach,v5_deepsets_equal_budget,v5,0,5069,10.0,0.5246033072471619,0.6784675501335589,0.5067441463470459,0.5098192095756531,0.16321595013141632
cleveland,va_long_beach,v5_deepsets_equal_budget,v5,0,5069,15.0,0.47958996891975403,0.7423516227614225,0.46099111437797546,0.4686267077922821,0.1478106677532196
cleveland,va_long_beach,v5_deepsets_equal_budget,v5,0,5069,20.0,0.44866427779197693,0.8179628419615916,0.4314430058002472,0.43819934129714966,0.13843078911304474
cleveland,va_long_beach,v5_deepsets_equal_budget,v5,0,5069,25.0,0.45052945613861084,0.861365996746667,0.4285857379436493,0.4446955621242523,0.13888810575008392
cleveland,va_long_beach,v5_deepsets_equal_budget,v5,0,5069,30.0,0.42500075697898865,0.8772279782310828,0.4082876443862915,0.4156573414802551,0.13028272986412048
cleveland,va_long_beach,v5_deepsets_equal_budget,v5,0,5069,35.0,0.40296441316604614,0.8856727143661637,0.38804805278778076,0.39359942078590393,0.12140682339668274
cleveland,va_long_beach,v5_deepsets_equal_budget,v5,0,5069,40.0,0.412372887134552,0.8926840560905157,0.39603686332702637,0.40350112318992615,0.1260387897491455
cleveland,va_long_beach,v5_deepsets_equal_budget,v5,0,5069,45.0,0.41319984197616577,0.894769064581765,0.3926263451576233,0.40866777300834656,0.12552805244922638
cleveland,va_long_beach,v5_deepsets_equal_budget,v5,0,5070,5.0,0.6483215093612671,0.6605942542861735,0.626308023929596,0.6269528269767761,0.21691110730171204
cleveland,va_long_beach,v5_deepsets_equal_budget,v5,0,5070,10.0,0.5476868152618408,0.6634198025373192,0.5294358134269714,0.53150475025177,0.1721658706665039
cleveland,va_long_beach,v5_deepsets_equal_budget,v5,0,5070,15.0,0.4810285270214081,0.7076122812851,0.46504107117652893,0.4673853814601898,0.1481529027223587
cleveland,va_long_beach,v5_deepsets_equal_budget,v5,0,5070,20.0,0.43906569480895996,0.7951346972362849,0.4232518970966339,0.4280856251716614,0.1339692324399948
cleveland,va_long_beach,v5_deepsets_equal_budget,v5,0,5070,25.0,0.4538075029850006,0.8726210743377802,0.4338934123516083,0.4460388123989105,0.13841380178928375
cleveland,va_long_beach,v5_deepsets_equal_budget,v5,0,5070,30.0,0.4191496968269348,0.8770847160966928,0.40347400307655334,0.40937739610671997,0.1272399127483368
cleveland,va_long_beach,v5_deepsets_equal_budget,v5,0,5070,35.0,0.4114420413970947,0.8615620891903832,0.395268976688385,0.4025391638278961,0.12537969648838043
cleveland,va_long_beach,v5_deepsets_equal_budget,v5,0,5070,40.0,0.41282323002815247,0.8466304272440124,0.395688533782959,0.40484628081321716,0.12555821239948273
cleveland,va_long_beach,v5_deepsets_equal_budget,v5,0,5070,45.0,0.39786118268966675,0.8426396617045588,0.3831905424594879,0.3884129524230957,0.12059460580348969
cleveland,va_long_beach,v5_deepsets_equal_budget,v5,0,5071,5.0,0.6423282027244568,0.6642931245414637,0.6205941438674927,0.6212353706359863,0.2141343504190445
cleveland,va_long_beach,v5_deepsets_equal_budget,v5,0,5071,10.0,0.5391982793807983,0.6658182446916385,0.5214088559150696,0.523195207118988,0.16896264255046844
cleveland,va_long_beach,v5_deepsets_equal_budget,v5,0,5071,15.0,0.4750179648399353,0.7208453997741177,0.4577412009239197,0.4631061553955078,0.14594289660453796
cleveland,va_long_beach,v5_deepsets_equal_budget,v5,0,5071,20.0,0.45222362875938416,0.8049453800688813,0.4357803165912628,0.44067201018333435,0.13997472822666168
cleveland,va_long_beach,v5_deepsets_equal_budget,v5,0,5071,25.0,0.43685847520828247,0.8493255624731946,0.4183255434036255,0.4286379814147949,0.1337672472000122
cleveland,va_long_beach,v5_deepsets_equal_budget,v5,0,5071,30.0,0.44474905729293823,0.8406764732919473,0.4239981472492218,0.43798255920410156,0.1375870704650879
cleveland,va_long_beach,v5_deepsets_equal_budget,v5,0,5071,35.0,0.4187721908092499,0.8561571440316975,0.4012182652950287,0.4107394218444824,0.12793318927288055
cleveland,va_long_beach,v5_deepsets_equal_budget,v5,0,5071,40.0,0.4256650507450104,0.8814689172072245,0.4022991359233856,0.4234073758125305,0.12811820209026337
cleveland,va_long_beach,v5_deepsets_equal_budget,v5,0,5071,45.0,0.39264804124832153,0.8878430157926371,0.37692877650260925,0.3847104012966156,0.1182846650481224
hungary,cleveland,v2_attention_equal_budget,v2,0,5062,5.0,0.5771431922912598,0.6046723894532914,0.5771431922912598,0.64786696434021,0.19469042122364044
hungary,cleveland,v2_attention_equal_budget,v2,0,5062,10.0,0.5081344246864319,0.6237887858818794,0.5081344246864319,0.6229276657104492,0.16583682596683502
hungary,cleveland,v2_attention_equal_budget,v2,0,5062,15.0,0.5324239730834961,0.6684592455858126,0.5324239730834961,0.6268417835235596,0.18123924732208252
hungary,cleveland,v2_attention_equal_budget,v2,0,5062,20.0,0.44562026858329773,0.6929634442358162,0.44562026858329773,0.5958768725395203,0.14281663298606873
hungary,cleveland,v2_attention_equal_budget,v2,0,5062,25.0,0.47399792075157166,0.739944361992011,0.47399792075157166,0.5630272626876831,0.15649855136871338
hungary,cleveland,v2_attention_equal_budget,v2,0,5062,30.0,0.4032331109046936,0.7668047459892001,0.4032331109046936,0.5727159976959229,0.12755551934242249
hungary,cleveland,v2_attention_equal_budget,v2,0,5062,35.0,0.38392436504364014,0.8029622831620262,0.38392436504364014,0.5429031252861023,0.11998461186885834
hungary,cleveland,v2_attention_equal_budget,v2,0,5062,40.0,0.3484664857387543,0.8620405027372214,0.3484664857387543,0.48157936334609985,0.11018802225589752
hungary,cleveland,v2_attention_equal_budget,v2,0,5062,45.0,0.3121282160282135,0.9011480293726437,0.3121282160282135,0.48364752531051636,0.0952831506729126
hungary,cleveland,v2_attention_equal_budget,v2,0,5063,5.0,0.5816962718963623,0.5930132017123235,0.5816962718963623,0.609346866607666,0.1967172920703888
hungary,cleveland,v2_attention_equal_budget,v2,0,5063,10.0,0.5117834806442261,0.581002392851391,0.5117834806442261,0.5951644778251648,0.16785487532615662
hungary,cleveland,v2_attention_equal_budget,v2,0,5063,15.0,0.5039787888526917,0.6289190275022556,0.5039787888526917,0.6462371945381165,0.16603803634643555
hungary,cleveland,v2_attention_equal_budget,v2,0,5063,20.0,0.47609999775886536,0.6110819573414319,0.47609999775886536,0.6143151521682739,0.15561537444591522
hungary,cleveland,v2_attention_equal_budget,v2,0,5063,25.0,0.42236703634262085,0.6457195320759568,0.42236703634262085,0.5666577816009521,0.1320623755455017
hungary,cleveland,v2_attention_equal_budget,v2,0,5063,30.0,0.39524024724960327,0.6988230680028213,0.39524024724960327,0.5653985738754272,0.12190061807632446
hungary,cleveland,v2_attention_equal_budget,v2,0,5063,35.0,0.3714916706085205,0.7531124145160861,0.3714916706085205,0.5667368173599243,0.11709113419055939
hungary,cleveland,v2_attention_equal_budget,v2,0,5063,40.0,0.32451722025871277,0.7726069383754834,0.32451722025871277,0.5125988721847534,0.0971851572394371
hungary,cleveland,v2_attention_equal_budget,v2,0,5063,45.0,0.33925798535346985,0.7940547916400175,0.33925798535346985,0.5198095440864563,0.10262998938560486
hungary,cleveland,v2_attention_equal_budget,v2,0,5063,50.0,0.32364141941070557,0.8433929881305382,0.32364141941070557,0.508902907371521,0.09667224436998367
hungary,cleveland,v2_attention_equal_budget,v2,0,5064,5.0,0.624414324760437,0.6243057082408655,0.624414324760437,0.6398178339004517,0.21724435687065125
hungary,cleveland,v2_attention_equal_budget,v2,0,5064,10.0,0.5505431294441223,0.619098599511656,0.5505431294441223,0.596064567565918,0.1856057494878769
hungary,cleveland,v2_attention_equal_budget,v2,0,5064,15.0,0.5064277648925781,0.6359746159777877,0.5064277648925781,0.6408166885375977,0.16743716597557068
hungary,cleveland,v2_attention_equal_budget,v2,0,5064,20.0,0.4619918167591095,0.6565551368180744,0.4619918167591095,0.6134859323501587,0.14945809543132782
hungary,cleveland,v2_attention_equal_budget,v2,0,5064,25.0,0.4219750463962555,0.6605870123613772,0.4219750463962555,0.5701209306716919,0.13277184963226318
hungary,cleveland,v2_attention_equal_budget,v2,0,5064,30.0,0.39226749539375305,0.6805590984795322,0.39226749539375305,0.5350610017776489,0.12234470248222351
hungary,cleveland,v2_attention_equal_budget,v2,0,5064,35.0,0.3881537914276123,0.7238675147766094,0.3881537914276123,0.5389255285263062,0.12316177785396576
hungary,cleveland,v2_attention_equal_budget,v2,0,5064,40.0,0.36265838146209717,0.7728766926361917,0.36265838146209717,0.5401748418807983,0.11142502725124359
hungary,cleveland,v2_attention_equal_budget,v2,0,5064,45.0,0.3269270658493042,0.8556771824299474,0.3269270658493042,0.46477651596069336,0.09919404983520508
hungary,cleveland,v2_attention_equal_budget,v2,0,5064,50.0,0.2926931381225586,0.9042120554980047,0.2926931381225586,0.4738578796386719,0.09129229187965393
hungary,cleveland,v2_attention_equal_budget,v2,0,5065,5.0,0.5780777931213379,0.613991803700944,0.5780777931213379,0.6201562285423279,0.19569511711597443
hungary,cleveland,v2_attention_equal_budget,v2,0,5065,10.0,0.5305374264717102,0.6620383175951119,0.5305374264717102,0.620663046836853,0.17840002477169037
hungary,cleveland,v2_attention_equal_budget,v2,0,5065,15.0,0.5110636949539185,0.7075902986893967,0.5110636949539185,0.6187222003936768,0.16918163001537323
hungary,cleveland,v2_attention_equal_budget,v2,0,5065,20.0,0.4775988757610321,0.7521362631355608,0.4775988757610321,0.6352461576461792,0.15576942265033722
hungary,cleveland,v2_attention_equal_budget,v2,0,5065,25.0,0.4503399431705475,0.7742753822278883,0.4503399431705475,0.6303063631057739,0.14546608924865723
hungary,cleveland,v2_attention_equal_budget,v2,0,5065,30.0,0.3926223814487457,0.816316894911097,0.3926223814487457,0.5729062557220459,0.12254854291677475
hungary,cleveland,v2_attention_equal_budget,v2,0,5065,35.0,0.3665669560432434,0.865728814861395,0.3665669560432434,0.5319321155548096,0.11217647045850754
hungary,cleveland,v2_attention_equal_budget,v2,0,5065,40.0,0.3652147054672241,0.8902210908282683,0.3652147054672241,0.5351548194885254,0.11176376044750214
hungary,cleveland,v2_attention_equal_budget,v2,0,5065,45.0,0.3154260218143463,0.9396160110967787,0.3154260218143463,0.4938209056854248,0.09655348211526871
hungary,cleveland,v2_attention_equal_budget,v2,0,5066,5.0,0.5744339823722839,0.5572781853789092,0.5744339823722839,0.6278587579727173,0.1945086568593979
hungary,cleveland,v2_attention_equal_budget,v2,0,5066,10.0,0.5469247102737427,0.5755491017600859,0.5469247102737427,0.649337112903595,0.1837918758392334
hungary,cleveland,v2_attention_equal_budget,v2,0,5066,15.0,0.5125600099563599,0.5956685725588229,0.5125600099563599,0.6433367729187012,0.17047537863254547
hungary,cleveland,v2_attention_equal_budget,v2,0,5066,20.0,0.4615035653114319,0.5846608258589585,0.4615035653114319,0.6030476093292236,0.15049678087234497
hungary,cleveland,v2_attention_equal_budget,v2,0,5066,25.0,0.4199244976043701,0.5914017157986903,0.4199244976043701,0.5669941306114197,0.13203942775726318
hungary,cleveland,v2_attention_equal_budget,v2,0,5066,30.0,0.3693377673625946,0.6324342912863876,0.3693377673625946,0.5048943758010864,0.11423740535974503
hungary,cleveland,v2_attention_equal_budget,v2,0,5066,35.0,0.3776625692844391,0.6811414544497267,0.3776625692844391,0.5552411079406738,0.11961716413497925
hungary,cleveland,v2_attention_equal_budget,v2,0,5066,40.0,0.33549803495407104,0.715675761469684,0.33549803495407104,0.46399644017219543,0.10394901037216187
hungary,cleveland,v2_attention_equal_budget,v2,0,5066,45.0,0.2896392047405243,0.7273664894415599,0.2896392047405243,0.45498937368392944,0.08674324303865433
hungary,cleveland,v2_attention_equal_budget,v2,0,5067,5.0,0.5641870498657227,0.6805416078737221,0.5641870498657227,0.6201760768890381,0.1897134631872177
hungary,cleveland,v2_attention_equal_budget,v2,0,5067,10.0,0.5319465398788452,0.7463909968186799,0.5319465398788452,0.6180442571640015,0.17862270772457123
hungary,cleveland,v2_attention_equal_budget,v2,0,5067,15.0,0.4693152904510498,0.7824221209684267,0.4693152904510498,0.6203432083129883,0.1522400975227356
hungary,cleveland,v2_attention_equal_budget,v2,0,5067,20.0,0.44334593415260315,0.8111062749332572,0.44334593415260315,0.5805410146713257,0.14324171841144562
hungary,cleveland,v2_attention_equal_budget,v2,0,5067,25.0,0.4420458972454071,0.9056645752599622,0.4420458972454071,0.5634406805038452,0.14278964698314667
hungary,cleveland,v2_attention_equal_budget,v2,0,5067,30.0,0.40403181314468384,1.0040273252286611,0.40403181314468384,0.5670531988143921,0.12808933854103088
hungary,cleveland,v2_attention_equal_budget,v2,0,5067,35.0,0.34097743034362793,1.1260558934583984,0.34097743034362793,0.523717999458313,0.10455138236284256
hungary,cleveland,v2_attention_equal_budget,v2,0,5067,40.0,0.3338586390018463,1.1911075206479005,0.3338586390018463,0.495955228805542,0.10427482426166534
hungary,cleveland,v2_attention_equal_budget,v2,0,5067,45.0,0.29163622856140137,1.247765228375866,0.29163622856140137,0.4559330344200134,0.086306631565094
hungary,cleveland,v2_attention_equal_budget,v2,0,5068,5.0,0.6057784557342529,0.5789090237552625,0.6057784557342529,0.6485357284545898,0.20815584063529968
hungary,cleveland,v2_attention_equal_budget,v2,0,5068,10.0,0.5128097534179688,0.6264317701157343,0.5128097534179688,0.6150318384170532,0.16775023937225342
hungary,cleveland,v2_attention_equal_budget,v2,0,5068,15.0,0.515593945980072,0.6671740002022879,0.515593945980072,0.6037418246269226,0.16930773854255676
hungary,cleveland,v2_attention_equal_budget,v2,0,5068,20.0,0.5011369585990906,0.6449445060127106,0.5011369585990906,0.5909526348114014,0.16749253869056702
hungary,cleveland,v2_attention_equal_budget,v2,0,5068,25.0,0.4442663788795471,0.6853859559508511,0.4442663788795471,0.5651170015335083,0.14150573313236237
hungary,cleveland,v2_attention_equal_budget,v2,0,5068,30.0,0.41747379302978516,0.7398996416739938,0.41747379302978516,0.5638278126716614,0.1305389255285263
hungary,cleveland,v2_attention_equal_budget,v2,0,5068,35.0,0.36506861448287964,0.7618187590077841,0.36506861448287964,0.5265819430351257,0.11220046877861023
hungary,cleveland,v2_attention_equal_budget,v2,0,5068,40.0,0.3485773801803589,0.7985992026641864,0.3485773801803589,0.4918426275253296,0.10775740444660187
hungary,cleveland,v2_attention_equal_budget,v2,0,5068,45.0,0.3192790448665619,0.8700930663042942,0.3192790448665619,0.5017178654670715,0.09454363584518433
hungary,cleveland,v2_attention_equal_budget,v2,0,5069,5.0,0.5930656790733337,0.6184061994021189,0.5930656790733337,0.6372012495994568,0.20223799347877502
hungary,cleveland,v2_attention_equal_budget,v2,0,5069,10.0,0.5288602113723755,0.6155744996663706,0.5288602113723755,0.6234695911407471,0.17629967629909515
hungary,cleveland,v2_attention_equal_budget,v2,0,5069,15.0,0.5093641877174377,0.6827538933977355,0.5093641877174377,0.6145564913749695,0.16931593418121338
hungary,cleveland,v2_attention_equal_budget,v2,0,5069,20.0,0.4515666663646698,0.718162042210676,0.4515666663646698,0.5593109130859375,0.14544276893138885
hungary,cleveland,v2_attention_equal_budget,v2,0,5069,25.0,0.43201786279678345,0.7407751647900755,0.43201786279678345,0.5637049674987793,0.13859717547893524
hungary,cleveland,v2_attention_equal_budget,v2,0,5069,30.0,0.40665146708488464,0.7023912619575617,0.40665146708488464,0.5426183342933655,0.1270207166671753
hungary,cleveland,v2_attention_equal_budget,v2,0,5069,35.0,0.3526390492916107,0.7136572328759154,0.3526390492916107,0.5025460720062256,0.10954681038856506
hungary,cleveland,v2_attention_equal_budget,v2,0,5069,40.0,0.34578606486320496,0.7749542110886065,0.34578606486320496,0.5129129886627197,0.10573453456163406
hungary,cleveland,v2_attention_equal_budget,v2,0,5069,45.0,0.2929711937904358,0.7971121221755286,0.2929711937904358,0.4293438494205475,0.08833085745573044
hungary,cleveland,v2_attention_equal_budget,v2,0,5069,50.0,0.2723182439804077,0.873950188178862,0.2723182439804077,0.4115937352180481,0.07895255088806152
hungary,cleveland,v2_attention_equal_budget,v2,0,5070,5.0,0.5864343643188477,0.5611649355199249,0.5864343643188477,0.6303586959838867,0.19935771822929382
hungary,cleveland,v2_attention_equal_budget,v2,0,5070,10.0,0.5448414087295532,0.5806633291724204,0.5448414087295532,0.617123007774353,0.18261922895908356
hungary,cleveland,v2_attention_equal_budget,v2,0,5070,15.0,0.49406635761260986,0.6455754643018063,0.49406635761260986,0.617691159248352,0.1618388295173645
hungary,cleveland,v2_attention_equal_budget,v2,0,5070,20.0,0.4589213728904724,0.6666431820958008,0.4589213728904724,0.5933130383491516,0.14598387479782104
hungary,cleveland,v2_attention_equal_budget,v2,0,5070,25.0,0.4029931426048279,0.6639200200606833,0.4029931426048279,0.5251408815383911,0.12487447261810303
hungary,cleveland,v2_attention_equal_budget,v2,0,5070,30.0,0.3926660120487213,0.7036500287406201,0.3926660120487213,0.5502092242240906,0.12308195233345032
hungary,cleveland,v2_attention_equal_budget,v2,0,5070,35.0,0.35962605476379395,0.7206452696042933,0.35962605476379395,0.5291708111763,0.10927972942590714
hungary,cleveland,v2_attention_equal_budget,v2,0,5070,40.0,0.3491072356700897,0.7758867688268685,0.3491072356700897,0.46881231665611267,0.10530494898557663
hungary,cleveland,v2_attention_equal_budget,v2,0,5070,45.0,0.3145732283592224,0.7702737035860424,0.3145732283592224,0.4828663766384125,0.09453161060810089
hungary,cleveland,v2_attention_equal_budget,v2,0,5071,5.0,0.6165025234222412,0.5922877365544803,0.6165025234222412,0.6369168758392334,0.21409976482391357
hungary,cleveland,v2_attention_equal_budget,v2,0,5071,10.0,0.57757169008255,0.6133484718473853,0.57757169008255,0.6433092355728149,0.19649836421012878
hungary,cleveland,v2_attention_equal_budget,v2,0,5071,15.0,0.5062103867530823,0.6243410499856143,0.5062103867530823,0.5952544212341309,0.1679149866104126
hungary,cleveland,v2_attention_equal_budget,v2,0,5071,20.0,0.48092347383499146,0.6245146803427465,0.48092347383499146,0.58027583360672,0.15605810284614563
hungary,cleveland,v2_attention_equal_budget,v2,0,5071,25.0,0.4330996870994568,0.6578301149638043,0.4330996870994568,0.5503462553024292,0.1394956409931183
hungary,cleveland,v2_attention_equal_budget,v2,0,5071,30.0,0.40692049264907837,0.6617867275672284,0.40692049264907837,0.5477211475372314,0.1300678849220276
hungary,cleveland,v2_attention_equal_budget,v2,0,5071,35.0,0.41589605808258057,0.7307327151018305,0.41589605808258057,0.5186612010002136,0.13404683768749237
hungary,cleveland,v2_attention_equal_budget,v2,0,5071,40.0,0.3494446277618408,0.7165467474419389,0.3494446277618408,0.5200366377830505,0.10660550743341446
hungary,cleveland,v2_attention_equal_budget,v2,0,5071,45.0,0.3392656743526459,0.7426417036907704,0.3392656743526459,0.5178912878036499,0.10527990013360977
hungary,switzerland,v2_attention_equal_budget,v2,0,5062,5.0,0.5762712955474854,0.7200984738335352,0.5762712955474854,0.6564615964889526,0.1944364607334137
hungary,switzerland,v2_attention_equal_budget,v2,0,5062,10.0,0.5011880397796631,0.7930162570683904,0.5011880397796631,0.5976908802986145,0.1638292819261551
hungary,switzerland,v2_attention_equal_budget,v2,0,5062,15.0,0.47388577461242676,0.823791562544421,0.47388577461242676,0.5626535415649414,0.15508107841014862
hungary,switzerland,v2_attention_equal_budget,v2,0,5062,20.0,0.44744372367858887,0.8556725759209425,0.44744372367858887,0.5347005128860474,0.1444830596446991
hungary,switzerland,v2_attention_equal_budget,v2,0,5062,25.0,0.42538195848464966,0.904171532075885,0.42538195848464966,0.5059208273887634,0.13662782311439514
hungary,switzerland,v2_attention_equal_budget,v2,0,5062,30.0,0.40144097805023193,0.9555578497440873,0.40144097805023193,0.4754321575164795,0.12889288365840912
hungary,switzerland,v2_attention_equal_budget,v2,0,5062,35.0,0.3818160891532898,0.9845399615638841,0.3818160891532898,0.45605337619781494,0.1212841272354126
hungary,switzerland,v2_attention_equal_budget,v2,0,5062,40.0,0.35342079401016235,1.0344476752081628,0.35342079401016235,0.4187650680541992,0.10939423739910126
hungary,switzerland,v2_attention_equal_budget,v2,0,5062,45.0,0.33445054292678833,1.096196733400747,0.33445054292678833,0.38274717330932617,0.10379631817340851
hungary,switzerland,v2_attention_equal_budget,v2,0,5063,5.0,0.5764803886413574,0.6996726409024814,0.5764803886413574,0.6207585334777832,0.19473716616630554
hungary,switzerland,v2_attention_equal_budget,v2,0,5063,10.0,0.5101737976074219,0.8107009528341285,0.5101737976074219,0.599021315574646,0.16667675971984863
hungary,switzerland,v2_attention_equal_budget,v2,0,5063,15.0,0.47321265935897827,0.7621111736274253,0.47321265935897827,0.5614842176437378,0.15313184261322021
hungary,switzerland,v2_attention_equal_budget,v2,0,5063,20.0,0.4665653109550476,0.7554535057702615,0.4665653109550476,0.5457553863525391,0.1504288911819458
hungary,switzerland,v2_attention_equal_budget,v2,0,5063,25.0,0.43811601400375366,0.8182822932505635,0.43811601400375366,0.5156315565109253,0.14057129621505737
hungary,switzerland,v2_attention_equal_budget,v2,0,5063,30.0,0.4191942811012268,0.8087897148771919,0.4191942811012268,0.488211452960968,0.13523221015930176
hungary,switzerland,v2_attention_equal_budget,v2,0,5063,35.0,0.4074828624725342,0.7894373914500983,0.4074828624725342,0.47973936796188354,0.12915128469467163
hungary,switzerland,v2_attention_equal_budget,v2,0,5063,40.0,0.3681446611881256,0.8442997794820263,0.3681446611881256,0.41843152046203613,0.11330254375934601
hungary,switzerland,v2_attention_equal_budget,v2,0,5063,45.0,0.35763537883758545,0.8180357650420644,0.35763537883758545,0.41095688939094543,0.11204120516777039
hungary,switzerland,v2_attention_equal_budget,v2,0,5064,5.0,0.5622918009757996,0.6595468053594725,0.5622918009757996,0.6515620946884155,0.18879464268684387
hungary,switzerland,v2_attention_equal_budget,v2,0,5064,10.0,0.4850078523159027,0.7199668481145785,0.4850078523159027,0.5935242176055908,0.15841761231422424
hungary,switzerland,v2_attention_equal_budget,v2,0,5064,15.0,0.4868229329586029,0.7565081065729935,0.4868229329586029,0.5835464000701904,0.15993177890777588
hungary,switzerland,v2_attention_equal_budget,v2,0,5064,20.0,0.45655199885368347,0.7768128724567038,0.45655199885368347,0.5390119552612305,0.14820408821105957
hungary,switzerland,v2_attention_equal_budget,v2,0,5064,25.0,0.44029781222343445,0.7945734284593218,0.44029781222343445,0.5321751832962036,0.1412997841835022
hungary,switzerland,v2_attention_equal_budget,v2,0,5064,30.0,0.419827938079834,0.841272853406727,0.419827938079834,0.49914127588272095,0.1344713717699051
hungary,switzerland,v2_attention_equal_budget,v2,0,5064,35.0,0.39154285192489624,0.8447581325996364,0.39154285192489624,0.46080541610717773,0.12277472019195557
hungary,switzerland,v2_attention_equal_budget,v2,0,5064,40.0,0.3847211003303528,0.857608389482301,0.3847211003303528,0.4449828565120697,0.11931917071342468
hungary,switzerland,v2_attention_equal_budget,v2,0,5064,45.0,0.3589324951171875,0.918846848568002,0.3589324951171875,0.404618501663208,0.11059946566820145
hungary,switzerland,v2_attention_equal_budget,v2,0,5065,5.0,0.5563628673553467,0.6470755948396325,0.5563628673553467,0.6287813186645508,0.18652239441871643
hungary,switzerland,v2_attention_equal_budget,v2,0,5065,10.0,0.49534469842910767,0.7217783081187921,0.49534469842910767,0.6141947507858276,0.16177135705947876
hungary,switzerland,v2_attention_equal_budget,v2,0,5065,15.0,0.4804859161376953,0.7257459759180491,0.4804859161376953,0.6047883033752441,0.15734177827835083
hungary,switzerland,v2_attention_equal_budget,v2,0,5065,20.0,0.4687526822090149,0.7206311738219078,0.4687526822090149,0.5773224234580994,0.1530602127313614
hungary,switzerland,v2_attention_equal_budget,v2,0,5065,25.0,0.4367029666900635,0.7511089868569992,0.4367029666900635,0.5295699834823608,0.14037436246871948
hungary,switzerland,v2_attention_equal_budget,v2,0,5065,30.0,0.40619754791259766,0.7563026866414556,0.40619754791259766,0.49406737089157104,0.12904536724090576
hungary,switzerland,v2_attention_equal_budget,v2,0,5065,35.0,0.3961872160434723,0.7402991276136335,0.3961872160434723,0.4836389422416687,0.12577970325946808
hungary,switzerland,v2_attention_equal_budget,v2,0,5065,40.0,0.37868422269821167,0.7742235045444448,0.37868422269821167,0.4626619517803192,0.11853565275669098
hungary,switzerland,v2_attention_equal_budget,v2,0,5065,45.0,0.3437684178352356,0.8210168234927392,0.3437684178352356,0.4171154499053955,0.10648837685585022
hungary,switzerland,v2_attention_equal_budget,v2,0,5066,5.0,0.5280193090438843,0.6806397355331324,0.5280193090438843,0.6119413375854492,0.17699256539344788
hungary,switzerland,v2_attention_equal_budget,v2,0,5066,10.0,0.4810551702976227,0.6965303608224683,0.4810551702976227,0.5669977068901062,0.15787751972675323
hungary,switzerland,v2_attention_equal_budget,v2,0,5066,15.0,0.4667258560657501,0.6549696528772324,0.4667258560657501,0.5716285705566406,0.15161776542663574
hungary,switzerland,v2_attention_equal_budget,v2,0,5066,20.0,0.44380220770835876,0.6473668590109858,0.44380220770835876,0.5378867387771606,0.14348649978637695
hungary,switzerland,v2_attention_equal_budget,v2,0,5066,25.0,0.4303562641143799,0.6643573722123353,0.4303562641143799,0.5149574279785156,0.1377706527709961
hungary,switzerland,v2_attention_equal_budget,v2,0,5066,30.0,0.41575294733047485,0.6843952840954536,0.41575294733047485,0.5068017840385437,0.13548775017261505
hungary,switzerland,v2_attention_equal_budget,v2,0,5066,35.0,0.38802570104599,0.713693032408368,0.38802570104599,0.4435077905654907,0.12302690744400024
hungary,switzerland,v2_attention_equal_budget,v2,0,5066,40.0,0.34566664695739746,0.7216272577587374,0.34566664695739746,0.39572271704673767,0.10871443152427673
hungary,switzerland,v2_attention_equal_budget,v2,0,5066,45.0,0.33441388607025146,0.767573476909751,0.33441388607025146,0.3725082278251648,0.10494453459978104
hungary,switzerland,v2_attention_equal_budget,v2,0,5066,50.0,0.32701200246810913,0.8009414667465118,0.32701200246810913,0.35742995142936707,0.10130253434181213
hungary,switzerland,v2_attention_equal_budget,v2,0,5066,55.0,0.2996489405632019,0.8459801233485664,0.2996489405632019,0.33315426111221313,0.09126177430152893
hungary,switzerland,v2_attention_equal_budget,v2,0,5066,60.0,0.2588825523853302,0.8818044749243796,0.2588825523853302,0.279284805059433,0.07856960594654083
hungary,switzerland,v2_attention_equal_budget,v2,0,5067,5.0,0.5568491220474243,0.7362619814332393,0.5568491220474243,0.6168351173400879,0.18694761395454407
hungary,switzerland,v2_attention_equal_budget,v2,0,5067,10.0,0.4801201820373535,0.8113580508522054,0.4801201820373535,0.5556479692459106,0.1571875363588333
hungary,switzerland,v2_attention_equal_budget,v2,0,5067,15.0,0.47008150815963745,0.7398598269797615,0.47008150815963745,0.5675256252288818,0.1537163257598877
hungary,switzerland,v2_attention_equal_budget,v2,0,5067,20.0,0.44291505217552185,0.698721843540017,0.44291505217552185,0.5155079364776611,0.14183905720710754
hungary,switzerland,v2_attention_equal_budget,v2,0,5067,25.0,0.41961216926574707,0.7292512400091516,0.41961216926574707,0.49693238735198975,0.13494543731212616
hungary,switzerland,v2_attention_equal_budget,v2,0,5067,30.0,0.3904547691345215,0.751464364105902,0.3904547691345215,0.4498376250267029,0.12443418800830841
hungary,switzerland,v2_attention_equal_budget,v2,0,5067,35.0,0.365778386592865,0.7798253097385393,0.365778386592865,0.4247305691242218,0.11498314887285233
hungary,switzerland,v2_attention_equal_budget,v2,0,5067,40.0,0.3437073230743408,0.7893117448830208,0.3437073230743408,0.3910173773765564,0.10714777559041977
hungary,switzerland,v2_attention_equal_budget,v2,0,5067,45.0,0.31854116916656494,0.8000014687083479,0.31854116916656494,0.3491421937942505,0.09618940949440002
hungary,switzerland,v2_attention_equal_budget,v2,0,5067,50.0,0.3250335156917572,0.8592811798222495,0.3250335156917572,0.3397548794746399,0.09792841970920563
hungary,switzerland,v2_attention_equal_budget,v2,0,5067,55.0,0.2907238304615021,0.8604716755656603,0.2907238304615021,0.30955493450164795,0.08803234994411469
hungary,switzerland,v2_attention_equal_budget,v2,0,5067,60.0,0.2676618695259094,0.8982876940554552,0.2676618695259094,0.2811044156551361,0.08078145235776901
hungary,switzerland,v2_attention_equal_budget,v2,0,5068,5.0,0.5777454376220703,0.6528952312069811,0.5777454376220703,0.6293028593063354,0.19533944129943848
hungary,switzerland,v2_attention_equal_budget,v2,0,5068,10.0,0.50874263048172,0.7749510469534444,0.50874263048172,0.6133118271827698,0.16637542843818665
hungary,switzerland,v2_attention_equal_budget,v2,0,5068,15.0,0.47615525126457214,0.8113499156921362,0.47615525126457214,0.5698373317718506,0.15465369820594788
hungary,switzerland,v2_attention_equal_budget,v2,0,5068,20.0,0.4560844898223877,0.8205114487193759,0.4560844898223877,0.556281328201294,0.14797483384609222
hungary,switzerland,v2_attention_equal_budget,v2,0,5068,25.0,0.43706297874450684,0.8498728943100338,0.43706297874450684,0.5272496342658997,0.14078153669834137
hungary,switzerland,v2_attention_equal_budget,v2,0,5068,30.0,0.42872321605682373,0.8635322640370106,0.42872321605682373,0.5202125310897827,0.1376374065876007
hungary,switzerland,v2_attention_equal_budget,v2,0,5068,35.0,0.4039042592048645,0.8718817002287065,0.4039042592048645,0.47701942920684814,0.1299506425857544
hungary,switzerland,v2_attention_equal_budget,v2,0,5068,40.0,0.39357995986938477,0.8990659911030354,0.39357995986938477,0.4747261703014374,0.12611523270606995
hungary,switzerland,v2_attention_equal_budget,v2,0,5068,45.0,0.34220483899116516,0.9483793908982139,0.34220483899116516,0.3986530900001526,0.10563069581985474
hungary,switzerland,v2_attention_equal_budget,v2,0,5069,5.0,0.5867323875427246,0.6646104612610271,0.5867323875427246,0.6441488862037659,0.19947272539138794
hungary,switzerland,v2_attention_equal_budget,v2,0,5069,10.0,0.518109917640686,0.7544141438648955,0.518109917640686,0.6141712665557861,0.170835942029953
hungary,switzerland,v2_attention_equal_budget,v2,0,5069,15.0,0.4805953800678253,0.7848888244803325,0.4805953800678253,0.590099573135376,0.15608957409858704
hungary,switzerland,v2_attention_equal_budget,v2,0,5069,20.0,0.4644888937473297,0.7808369967278498,0.4644888937473297,0.5721783638000488,0.14998629689216614
hungary,switzerland,v2_attention_equal_budget,v2,0,5069,25.0,0.4490200877189636,0.8134335254893925,0.4490200877189636,0.5498507022857666,0.14360396564006805
hungary,switzerland,v2_attention_equal_budget,v2,0,5069,30.0,0.4397411346435547,0.8337684240895618,0.4397411346435547,0.528874933719635,0.14217807352542877
hungary,switzerland,v2_attention_equal_budget,v2,0,5069,35.0,0.4242020845413208,0.8197524121113958,0.4242020845413208,0.5137750506401062,0.13665235042572021
hungary,switzerland,v2_attention_equal_budget,v2,0,5069,40.0,0.4076457619667053,0.8716877025834441,0.4076457619667053,0.49323078989982605,0.1306743323802948
hungary,switzerland,v2_attention_equal_budget,v2,0,5069,45.0,0.3603837490081787,0.9528139473221833,0.3603837490081787,0.3933561146259308,0.11143811047077179
hungary,switzerland,v2_attention_equal_budget,v2,0,5070,5.0,0.5293486714363098,0.6996253238883343,0.5293486714363098,0.5982478857040405,0.17526328563690186
hungary,switzerland,v2_attention_equal_budget,v2,0,5070,10.0,0.5080280303955078,0.7665282941737397,0.5080280303955078,0.6275950074195862,0.168268084526062
hungary,switzerland,v2_attention_equal_budget,v2,0,5070,15.0,0.4686306118965149,0.7634398869393068,0.4686306118965149,0.5559990406036377,0.15133467316627502
hungary,switzerland,v2_attention_equal_budget,v2,0,5070,20.0,0.4625209867954254,0.7940460567371931,0.4625209867954254,0.5440782308578491,0.1516134887933731
hungary,switzerland,v2_attention_equal_budget,v2,0,5070,25.0,0.4265930950641632,0.8246502783023887,0.4265930950641632,0.5043705105781555,0.13635793328285217
hungary,switzerland,v2_attention_equal_budget,v2,0,5070,30.0,0.42752566933631897,0.8840577785654844,0.42752566933631897,0.5212922096252441,0.13832637667655945
hungary,switzerland,v2_attention_equal_budget,v2,0,5070,35.0,0.3987692594528198,0.9475625794481204,0.3987692594528198,0.46505922079086304,0.12729507684707642
hungary,switzerland,v2_attention_equal_budget,v2,0,5070,40.0,0.3645933270454407,0.931774750231326,0.3645933270454407,0.43047788739204407,0.11554236710071564
hungary,switzerland,v2_attention_equal_budget,v2,0,5070,45.0,0.3423050343990326,0.9394679083408257,0.3423050343990326,0.38105475902557373,0.10615751147270203
hungary,switzerland,v2_attention_equal_budget,v2,0,5071,5.0,0.5681142210960388,0.6621166489565855,0.5681142210960388,0.6386465430259705,0.19182352721691132
hungary,switzerland,v2_attention_equal_budget,v2,0,5071,10.0,0.5125194191932678,0.6918518375907532,0.5125194191932678,0.5822737812995911,0.16801029443740845
hungary,switzerland,v2_attention_equal_budget,v2,0,5071,15.0,0.48108330368995667,0.6738298955350452,0.48108330368995667,0.5677915811538696,0.15692539513111115
hungary,switzerland,v2_attention_equal_budget,v2,0,5071,20.0,0.4603811502456665,0.7152276779127112,0.4603811502456665,0.5261008143424988,0.1487734168767929
hungary,switzerland,v2_attention_equal_budget,v2,0,5071,25.0,0.4401760399341583,0.729478311747447,0.4401760399341583,0.5279086232185364,0.14196082949638367
hungary,switzerland,v2_attention_equal_budget,v2,0,5071,30.0,0.40676218271255493,0.7456772253487802,0.40676218271255493,0.4699554443359375,0.12998506426811218
hungary,switzerland,v2_attention_equal_budget,v2,0,5071,35.0,0.3978278338909149,0.793435204970901,0.3978278338909149,0.4761162996292114,0.12716880440711975
hungary,switzerland,v2_attention_equal_budget,v2,0,5071,40.0,0.3925323784351349,0.823620984900598,0.3925323784351349,0.4647256135940552,0.12354090809822083
hungary,switzerland,v2_attention_equal_budget,v2,0,5071,45.0,0.360311359167099,0.8321751187283912,0.360311359167099,0.4201292395591736,0.11322994530200958
hungary,va_long_beach,v2_attention_equal_budget,v2,0,5062,5.0,0.5012751221656799,0.6700201476793859,0.5012751221656799,0.5225253105163574,0.161702960729599
hungary,va_long_beach,v2_attention_equal_budget,v2,0,5062,10.0,0.4390265941619873,0.8387913314448161,0.4390265941619873,0.46884679794311523,0.14220282435417175
hungary,va_long_beach,v2_attention_equal_budget,v2,0,5062,15.0,0.3823118805885315,0.94233852574018,0.3823118805885315,0.4303545355796814,0.12128469347953796
hungary,va_long_beach,v2_attention_equal_budget,v2,0,5062,20.0,0.3319889008998871,0.9998486626808768,0.3319889008998871,0.3942309021949768,0.1034192442893982
hungary,va_long_beach,v2_attention_equal_budget,v2,0,5062,25.0,0.30595043301582336,1.1484160416882547,0.30595043301582336,0.35534149408340454,0.09236439317464828
hungary,va_long_beach,v2_attention_equal_budget,v2,0,5062,30.0,0.2960065007209778,1.1837184878334162,0.2960065007209778,0.33996832370758057,0.0900229662656784
hungary,va_long_beach,v2_attention_equal_budget,v2,0,5062,35.0,0.2807750403881073,1.3033137890468143,0.2807750403881073,0.36331772804260254,0.08368688821792603
hungary,va_long_beach,v2_attention_equal_budget,v2,0,5062,40.0,0.25333476066589355,1.3090249757804058,0.25333476066589355,0.3342192769050598,0.07513163238763809
hungary,va_long_beach,v2_attention_equal_budget,v2,0,5062,45.0,0.2812817394733429,1.312932794208019,0.2812817394733429,0.3149031698703766,0.08779637515544891
hungary,va_long_beach,v2_attention_equal_budget,v2,0,5063,5.0,0.5136034488677979,0.6993046174419322,0.5136034488677979,0.5388199090957642,0.16855953633785248
hungary,va_long_beach,v2_attention_equal_budget,v2,0,5063,10.0,0.4141269326210022,0.9011983468285757,0.4141269326210022,0.41445982456207275,0.13127124309539795
hungary,va_long_beach,v2_attention_equal_budget,v2,0,5063,15.0,0.35929325222969055,1.0142516731511158,0.35929325222969055,0.38847434520721436,0.11350876092910767
hungary,va_long_beach,v2_attention_equal_budget,v2,0,5063,20.0,0.33561432361602783,1.217872065509181,0.33561432361602783,0.36050575971603394,0.10305540263652802
hungary,va_long_beach,v2_attention_equal_budget,v2,0,5063,25.0,0.30215755105018616,1.2994356420861153,0.30215755105018616,0.3513653576374054,0.09061826765537262
hungary,va_long_beach,v2_attention_equal_budget,v2,0,5063,30.0,0.34599557518959045,1.4568151408712844,0.34599557518959045,0.3973377048969269,0.1078464537858963
hungary,va_long_beach,v2_attention_equal_budget,v2,0,5063,35.0,0.27992045879364014,1.3926069949269966,0.27992045879364014,0.368591845035553,0.08290927857160568
hungary,va_long_beach,v2_attention_equal_budget,v2,0,5063,40.0,0.2831827998161316,1.5293303253280979,0.2831827998161316,0.3357807397842407,0.08714501559734344
hungary,va_long_beach,v2_attention_equal_budget,v2,0,5063,45.0,0.27451246976852417,1.5014698477049069,0.27451246976852417,0.3305431008338928,0.08396324515342712
hungary,va_long_beach,v2_attention_equal_budget,v2,0,5064,5.0,0.49690359830856323,0.72237626111064,0.49690359830856323,0.5056742429733276,0.1617223471403122
hungary,va_long_beach,v2_attention_equal_budget,v2,0,5064,10.0,0.429438054561615,0.8633884323562528,0.429438054561615,0.4297246038913727,0.13792304694652557
hungary,va_long_beach,v2_attention_equal_budget,v2,0,5064,15.0,0.36177176237106323,0.9933903227141341,0.36177176237106323,0.4407402276992798,0.11341848969459534
hungary,va_long_beach,v2_attention_equal_budget,v2,0,5064,20.0,0.34869256615638733,1.0762389141704714,0.34869256615638733,0.39885079860687256,0.10928776860237122
hungary,va_long_beach,v2_attention_equal_budget,v2,0,5064,25.0,0.2927197217941284,1.0850087887506987,0.2927197217941284,0.35460513830184937,0.08650387823581696
hungary,va_long_beach,v2_attention_equal_budget,v2,0,5064,30.0,0.2743358612060547,1.1711402395378845,0.2743358612060547,0.33732494711875916,0.08040229976177216
hungary,va_long_beach,v2_attention_equal_budget,v2,0,5064,35.0,0.25901275873184204,1.2616493689676525,0.25901275873184204,0.34522151947021484,0.07654798775911331
hungary,va_long_beach,v2_attention_equal_budget,v2,0,5064,40.0,0.24173150956630707,1.2817234751129236,0.24173150956630707,0.31987160444259644,0.07178691774606705
hungary,va_long_beach,v2_attention_equal_budget,v2,0,5064,45.0,0.2249937355518341,1.3175790970213868,0.2249937355518341,0.29233938455581665,0.06663832068443298
hungary,va_long_beach,v2_attention_equal_budget,v2,0,5065,5.0,0.5526725649833679,0.6768453332415055,0.5526725649833679,0.5551425218582153,0.18344710767269135
hungary,va_long_beach,v2_attention_equal_budget,v2,0,5065,10.0,0.4452402889728546,0.752107718906178,0.4452402889728546,0.4693729877471924,0.14166104793548584
hungary,va_long_beach,v2_attention_equal_budget,v2,0,5065,15.0,0.4059142470359802,0.8503355118431138,0.4059142470359802,0.4183380901813507,0.12932159006595612
hungary,va_long_beach,v2_attention_equal_budget,v2,0,5065,20.0,0.3334152102470398,0.952961944554368,0.3334152102470398,0.3918324112892151,0.1016659066081047
hungary,va_long_beach,v2_attention_equal_budget,v2,0,5065,25.0,0.3296278715133667,1.0464303601573928,0.3296278715133667,0.38864779472351074,0.09836778044700623
hungary,va_long_beach,v2_attention_equal_budget,v2,0,5065,30.0,0.28255632519721985,1.0526892671694266,0.28255632519721985,0.3594478666782379,0.08328387886285782
hungary,va_long_beach,v2_attention_equal_budget,v2,0,5065,35.0,0.28554975986480713,1.107614189412324,0.28554975986480713,0.3580250144004822,0.08015768975019455
hungary,va_long_beach,v2_attention_equal_budget,v2,0,5065,40.0,0.26811733841896057,1.1118415269583681,0.26811733841896057,0.345639705657959,0.07591690868139267
hungary,va_long_beach,v2_attention_equal_budget,v2,0,5065,45.0,0.3127623200416565,1.1713517783934564,0.3127623200416565,0.35563287138938904,0.09511256963014603
hungary,va_long_beach,v2_attention_equal_budget,v2,0,5066,5.0,0.5296016335487366,0.720775308686699,0.5296016335487366,0.5378521680831909,0.17409469187259674
hungary,va_long_beach,v2_attention_equal_budget,v2,0,5066,10.0,0.4537944793701172,0.8522418556775764,0.4537944793701172,0.4912133812904358,0.14572593569755554
hungary,va_long_beach,v2_attention_equal_budget,v2,0,5066,15.0,0.386726438999176,0.9234775160955071,0.386726438999176,0.41443589329719543,0.12293314188718796
hungary,va_long_beach,v2_attention_equal_budget,v2,0,5066,20.0,0.3490253686904907,0.9694490003652092,0.3490253686904907,0.37475740909576416,0.10676682740449905
hungary,va_long_beach,v2_attention_equal_budget,v2,0,5066,25.0,0.3357677459716797,1.0149632371449182,0.3357677459716797,0.35662004351615906,0.10518701374530792
hungary,va_long_beach,v2_attention_equal_budget,v2,0,5066,30.0,0.29311928153038025,1.0816084803219022,0.29311928153038025,0.3649481534957886,0.08701265603303909
hungary,va_long_beach,v2_attention_equal_budget,v2,0,5066,35.0,0.25221309065818787,1.2121689171220953,0.25221309065818787,0.32983285188674927,0.07222648710012436
hungary,va_long_beach,v2_attention_equal_budget,v2,0,5066,40.0,0.23148232698440552,1.387322906444018,0.23148232698440552,0.3127773404121399,0.06707987934350967
hungary,va_long_beach,v2_attention_equal_budget,v2,0,5066,45.0,0.2161695510149002,1.3640013133056272,0.2161695510149002,0.2951647639274597,0.060543548315763474
hungary,va_long_beach,v2_attention_equal_budget,v2,0,5067,5.0,0.5662493705749512,0.6745238867590894,0.5662493705749512,0.5938001871109009,0.18982167541980743
hungary,va_long_beach,v2_attention_equal_budget,v2,0,5067,10.0,0.4544679820537567,0.7123264794160169,0.4544679820537567,0.45743972063064575,0.14414188265800476
hungary,va_long_beach,v2_attention_equal_budget,v2,0,5067,15.0,0.3767174482345581,0.8796851297951951,0.3767174482345581,0.3842582106590271,0.11629258096218109
hungary,va_long_beach,v2_attention_equal_budget,v2,0,5067,20.0,0.36088061332702637,0.9746658223527369,0.36088061332702637,0.38435178995132446,0.11140724271535873
hungary,va_long_beach,v2_attention_equal_budget,v2,0,5067,25.0,0.32331305742263794,0.9940552024236935,0.32331305742263794,0.36769136786460876,0.09627498686313629
hungary,va_long_beach,v2_attention_equal_budget,v2,0,5067,30.0,0.2910569906234741,1.0680036388380096,0.2910569906234741,0.3459157347679138,0.08573295176029205
hungary,va_long_beach,v2_attention_equal_budget,v2,0,5067,35.0,0.24782811105251312,1.1792571002942847,0.24782811105251312,0.32017308473587036,0.06861388683319092
hungary,va_long_beach,v2_attention_equal_budget,v2,0,5067,40.0,0.23732061684131622,1.1867690048476764,0.23732061684131622,0.32432061433792114,0.06686286628246307
hungary,va_long_beach,v2_attention_equal_budget,v2,0,5067,45.0,0.23579031229019165,1.245793741303968,0.23579031229019165,0.318381667137146,0.06543218344449997
hungary,va_long_beach,v2_attention_equal_budget,v2,0,5068,5.0,0.5678600072860718,0.7229006223066048,0.5678600072860718,0.6181082129478455,0.19094215333461761
hungary,va_long_beach,v2_attention_equal_budget,v2,0,5068,10.0,0.516284704208374,0.7432167213945196,0.516284704208374,0.5756238102912903,0.17201489210128784
hungary,va_long_beach,v2_attention_equal_budget,v2,0,5068,15.0,0.4029095768928528,0.8632491468004979,0.4029095768928528,0.4166828989982605,0.12785351276397705
hungary,va_long_beach,v2_attention_equal_budget,v2,0,5068,20.0,0.38001298904418945,1.0088015930305707,0.38001298904418945,0.3974549174308777,0.11941874772310257
hungary,va_long_beach,v2_attention_equal_budget,v2,0,5068,25.0,0.29722487926483154,1.1220290627911034,0.29722487926483154,0.3628183603286743,0.0866767019033432
hungary,va_long_beach,v2_attention_equal_budget,v2,0,5068,30.0,0.3054516911506653,1.216819182021861,0.3054516911506653,0.36566925048828125,0.09185075014829636
hungary,va_long_beach,v2_attention_equal_budget,v2,0,5068,35.0,0.27096885442733765,1.2347743212693572,0.27096885442733765,0.35031604766845703,0.07949833571910858
hungary,va_long_beach,v2_attention_equal_budget,v2,0,5068,40.0,0.25389552116394043,1.2968324128423492,0.25389552116394043,0.32575395703315735,0.07287481427192688
hungary,va_long_beach,v2_attention_equal_budget,v2,0,5068,45.0,0.2266017496585846,1.3235868565489834,0.2266017496585846,0.32598209381103516,0.0647924616932869
hungary,va_long_beach,v2_attention_equal_budget,v2,0,5069,5.0,0.5091761350631714,0.7421836753369024,0.5091761350631714,0.5174593925476074,0.16662701964378357
hungary,va_long_beach,v2_attention_equal_budget,v2,0,5069,10.0,0.45073580741882324,0.8697914173120647,0.45073580741882324,0.46678444743156433,0.1466446965932846
hungary,va_long_beach,v2_attention_equal_budget,v2,0,5069,15.0,0.3741925358772278,0.9482997490677008,0.3741925358772278,0.44050297141075134,0.11596745252609253
hungary,va_long_beach,v2_attention_equal_budget,v2,0,5069,20.0,0.32808494567871094,0.9485383391177262,0.32808494567871094,0.4019661545753479,0.09931355714797974
hungary,va_long_beach,v2_attention_equal_budget,v2,0,5069,25.0,0.3080021142959595,1.019300759779901,0.3080021142959595,0.3750101625919342,0.09228289127349854
hungary,va_long_beach,v2_attention_equal_budget,v2,0,5069,30.0,0.30963459610939026,1.0907314514146345,0.30963459610939026,0.35674965381622314,0.09212540090084076
hungary,va_long_beach,v2_attention_equal_budget,v2,0,5069,35.0,0.2745785713195801,1.159082801354097,0.2745785713195801,0.37690314650535583,0.07820045948028564
hungary,va_long_beach,v2_attention_equal_budget,v2,0,5069,40.0,0.26622962951660156,1.1985555770367688,0.26622962951660156,0.3620578348636627,0.07898297905921936
hungary,va_long_beach,v2_attention_equal_budget,v2,0,5069,45.0,0.24703547358512878,1.2231446429992952,0.24703547358512878,0.33866336941719055,0.06976218521595001
hungary,va_long_beach,v2_attention_equal_budget,v2,0,5070,5.0,0.5157332420349121,0.7212009686436243,0.5157332420349121,0.5550613403320312,0.16966021060943604
hungary,va_long_beach,v2_attention_equal_budget,v2,0,5070,10.0,0.45386892557144165,0.8579903408661853,0.45386892557144165,0.5093584656715393,0.1486855149269104
hungary,va_long_beach,v2_attention_equal_budget,v2,0,5070,15.0,0.3877891004085541,0.892896293025752,0.3877891004085541,0.3989306688308716,0.12139631807804108
hungary,va_long_beach,v2_attention_equal_budget,v2,0,5070,20.0,0.3637693524360657,0.9488199243703066,0.3637693524360657,0.36610692739486694,0.1144278347492218
hungary,va_long_beach,v2_attention_equal_budget,v2,0,5070,25.0,0.33099740743637085,1.0124256905750313,0.33099740743637085,0.3530306816101074,0.10323390364646912
hungary,va_long_beach,v2_attention_equal_budget,v2,0,5070,30.0,0.2865545153617859,1.0734980698491932,0.2865545153617859,0.35261839628219604,0.08468419313430786
hungary,va_long_beach,v2_attention_equal_budget,v2,0,5070,35.0,0.27779290080070496,1.0891059636219391,0.27779290080070496,0.3646154999732971,0.08274509012699127
hungary,va_long_beach,v2_attention_equal_budget,v2,0,5070,40.0,0.2579326927661896,1.1319766072182782,0.2579326927661896,0.32455945014953613,0.07654538750648499
hungary,va_long_beach,v2_attention_equal_budget,v2,0,5070,45.0,0.22765347361564636,1.2136596171992178,0.22765347361564636,0.32440608739852905,0.06463145464658737
hungary,va_long_beach,v2_attention_equal_budget,v2,0,5071,5.0,0.46745026111602783,0.7667246735312293,0.46745026111602783,0.48878976702690125,0.15069212019443512
hungary,va_long_beach,v2_attention_equal_budget,v2,0,5071,10.0,0.41053062677383423,0.9794313546412544,0.41053062677383423,0.41553640365600586,0.13214699923992157
hungary,va_long_beach,v2_attention_equal_budget,v2,0,5071,15.0,0.37775033712387085,1.0244098766543148,0.37775033712387085,0.4022199511528015,0.11840912699699402
hungary,va_long_beach,v2_attention_equal_budget,v2,0,5071,20.0,0.35322320461273193,1.066688542945168,0.35322320461273193,0.3847891092300415,0.11185282468795776
hungary,va_long_beach,v2_attention_equal_budget,v2,0,5071,25.0,0.3048907518386841,1.0589217048301665,0.3048907518386841,0.3806089460849762,0.09033216536045074
hungary,va_long_beach,v2_attention_equal_budget,v2,0,5071,30.0,0.26794180274009705,1.0456751545516998,0.26794180274009705,0.35435646772384644,0.07672159373760223
hungary,va_long_beach,v2_attention_equal_budget,v2,0,5071,35.0,0.24694372713565826,1.149080068135182,0.24694372713565826,0.35135120153427124,0.0720197781920433
hungary,va_long_beach,v2_attention_equal_budget,v2,0,5071,40.0,0.24355030059814453,1.1873194476994022,0.24355030059814453,0.3304752707481384,0.0696549341082573
hungary,va_long_beach,v2_attention_equal_budget,v2,0,5071,45.0,0.20098812878131866,1.2674519005352602,0.20098812878131866,0.3065027594566345,0.05692408233880997
hungary,cleveland,v2_deepsets_equal_budget,v2,0,5062,5.0,0.6324068903923035,0.6399843779183174,0.6324068903923035,0.6643239259719849,0.219989612698555
hungary,cleveland,v2_deepsets_equal_budget,v2,0,5062,10.0,0.5857012271881104,0.6060242378998151,0.5857012271881104,0.635842502117157,0.19867773354053497
hungary,cleveland,v2_deepsets_equal_budget,v2,0,5062,15.0,0.5580247640609741,0.5969162906877614,0.5580247640609741,0.6272030472755432,0.18844926357269287
hungary,cleveland,v2_deepsets_equal_budget,v2,0,5062,20.0,0.5216587781906128,0.6080821914140495,0.5216587781906128,0.6307454705238342,0.17404945194721222
hungary,cleveland,v2_deepsets_equal_budget,v2,0,5062,25.0,0.5180706977844238,0.6315701700548774,0.5180706977844238,0.6383829712867737,0.1734936237335205
hungary,cleveland,v2_deepsets_equal_budget,v2,0,5062,30.0,0.515470027923584,0.6503857088291405,0.515470027923584,0.6287227869033813,0.17328296601772308
hungary,cleveland,v2_deepsets_equal_budget,v2,0,5062,35.0,0.479788213968277,0.6672753486024336,0.479788213968277,0.6087580919265747,0.15816688537597656
hungary,cleveland,v2_deepsets_equal_budget,v2,0,5062,40.0,0.4760321378707886,0.6771585232991774,0.4760321378707886,0.5932124257087708,0.15608936548233032
hungary,cleveland,v2_deepsets_equal_budget,v2,0,5062,45.0,0.48891037702560425,0.6901716283864175,0.48891037702560425,0.6078982949256897,0.1626177579164505
hungary,cleveland,v2_deepsets_equal_budget,v2,0,5062,50.0,0.4610820412635803,0.7058680819873565,0.4610820412635803,0.6003546118736267,0.15026888251304626
hungary,cleveland,v2_deepsets_equal_budget,v2,0,5062,55.0,0.45862576365470886,0.7111412728169946,0.45862576365470886,0.5665006041526794,0.14965759217739105
hungary,cleveland,v2_deepsets_equal_budget,v2,0,5063,5.0,0.6341519951820374,0.6419985198558349,0.6341519951820374,0.6514091491699219,0.22085528075695038
hungary,cleveland,v2_deepsets_equal_budget,v2,0,5063,10.0,0.5782833099365234,0.6145506571948836,0.5782833099365234,0.6360788345336914,0.19497177004814148
hungary,cleveland,v2_deepsets_equal_budget,v2,0,5063,15.0,0.5419585704803467,0.6276253040290042,0.5419585704803467,0.617444634437561,0.18103748559951782
hungary,cleveland,v2_deepsets_equal_budget,v2,0,5063,20.0,0.512611985206604,0.6678521179935394,0.512611985206604,0.6265822649002075,0.17021982371807098
hungary,cleveland,v2_deepsets_equal_budget,v2,0,5063,25.0,0.514268159866333,0.6920140790129885,0.514268159866333,0.6149265766143799,0.17259076237678528
hungary,cleveland,v2_deepsets_equal_budget,v2,0,5063,30.0,0.5077946186065674,0.7071176670288899,0.5077946186065674,0.6298428773880005,0.1698635220527649
hungary,cleveland,v2_deepsets_equal_budget,v2,0,5063,35.0,0.49995437264442444,0.7089090642904821,0.49995437264442444,0.6289672255516052,0.16702914237976074
hungary,cleveland,v2_deepsets_equal_budget,v2,0,5063,40.0,0.4784763753414154,0.7003196565468246,0.4784763753414154,0.6054360866546631,0.15794767439365387
hungary,cleveland,v2_deepsets_equal_budget,v2,0,5063,45.0,0.4683402180671692,0.6915741328134655,0.4683402180671692,0.6034213304519653,0.1540999859571457
hungary,cleveland,v2_deepsets_equal_budget,v2,0,5063,50.0,0.46491315960884094,0.6952550885814379,0.46491315960884094,0.583647608757019,0.15349914133548737
hungary,cleveland,v2_deepsets_equal_budget,v2,0,5064,5.0,0.6621569395065308,0.649053349034035,0.6621569395065308,0.6753325462341309,0.2345859855413437
hungary,cleveland,v2_deepsets_equal_budget,v2,0,5064,10.0,0.5988641977310181,0.6099636183751196,0.5988641977310181,0.6510855555534363,0.20467257499694824
hungary,cleveland,v2_deepsets_equal_budget,v2,0,5064,15.0,0.5542383193969727,0.6011535804178649,0.5542383193969727,0.6311322450637817,0.18527936935424805
hungary,cleveland,v2_deepsets_equal_budget,v2,0,5064,20.0,0.5409832000732422,0.6193105909581342,0.5409832000732422,0.6328166127204895,0.18172931671142578
hungary,cleveland,v2_deepsets_equal_budget,v2,0,5064,25.0,0.513628363609314,0.6642396600177787,0.513628363609314,0.6243158578872681,0.1713750958442688
hungary,cleveland,v2_deepsets_equal_budget,v2,0,5064,30.0,0.5128966569900513,0.6925961396911062,0.5128966569900513,0.6242693662643433,0.17114494740962982
hungary,cleveland,v2_deepsets_equal_budget,v2,0,5064,35.0,0.4876614511013031,0.7187768538013874,0.4876614511013031,0.5998509526252747,0.16150152683258057
hungary,cleveland,v2_deepsets_equal_budget,v2,0,5064,40.0,0.48867571353912354,0.7388169590034294,0.48867571353912354,0.615496039390564,0.16268512606620789
hungary,cleveland,v2_deepsets_equal_budget,v2,0,5064,45.0,0.4686249792575836,0.7657991761545928,0.4686249792575836,0.5886561870574951,0.15571007132530212
hungary,cleveland,v2_deepsets_equal_budget,v2,0,5064,50.0,0.4829143285751343,0.76047846959336,0.4829143285751343,0.602568507194519,0.15964776277542114
hungary,cleveland,v2_deepsets_equal_budget,v2,0,5064,55.0,0.4643738865852356,0.7537933213628397,0.4643738865852356,0.6018973588943481,0.1527293175458908
hungary,cleveland,v2_deepsets_equal_budget,v2,0,5065,5.0,0.6456493139266968,0.6482392291890411,0.6456493139266968,0.6710003614425659,0.22644338011741638
hungary,cleveland,v2_deepsets_equal_budget,v2,0,5065,10.0,0.5946929454803467,0.6109214920284848,0.5946929454803467,0.6443251371383667,0.2023400366306305
hungary,cleveland,v2_deepsets_equal_budget,v2,0,5065,15.0,0.5501420497894287,0.6020547141678032,0.5501420497894287,0.6362923383712769,0.1844332367181778
hungary,cleveland,v2_deepsets_equal_budget,v2,0,5065,20.0,0.5348783135414124,0.6218541799132284,0.5348783135414124,0.6477763652801514,0.1794770061969757
hungary,cleveland,v2_deepsets_equal_budget,v2,0,5065,25.0,0.5090983510017395,0.6523265029404258,0.5090983510017395,0.6410233378410339,0.16826261579990387
hungary,cleveland,v2_deepsets_equal_budget,v2,0,5065,30.0,0.49946141242980957,0.6819414100543562,0.49946141242980957,0.6271975040435791,0.1670384556055069
hungary,cleveland,v2_deepsets_equal_budget,v2,0,5065,35.0,0.48398229479789734,0.7143674829020294,0.48398229479789734,0.6053351163864136,0.15978364646434784
hungary,cleveland,v2_deepsets_equal_budget,v2,0,5065,40.0,0.4809812307357788,0.7355916638299183,0.4809812307357788,0.5988538861274719,0.15942487120628357
hungary,cleveland,v2_deepsets_equal_budget,v2,0,5065,45.0,0.4862251877784729,0.7481917580750825,0.4862251877784729,0.6001877784729004,0.16121140122413635
hungary,cleveland,v2_deepsets_equal_budget,v2,0,5065,50.0,0.47087085247039795,0.7606486100048169,0.47087085247039795,0.5936121344566345,0.1561189442873001
hungary,cleveland,v2_deepsets_equal_budget,v2,0,5065,55.0,0.45459139347076416,0.7622816752201838,0.45459139347076416,0.5646258592605591,0.14839893579483032
hungary,cleveland,v2_deepsets_equal_budget,v2,0,5066,5.0,0.6463868618011475,0.6352915351382635,0.6463868618011475,0.667704701423645,0.22687634825706482
hungary,cleveland,v2_deepsets_equal_budget,v2,0,5066,10.0,0.5823721885681152,0.5921045400749615,0.5823721885681152,0.6260873675346375,0.19678080081939697
hungary,cleveland,v2_deepsets_equal_budget,v2,0,5066,15.0,0.5714130997657776,0.5735568143697468,0.5714130997657776,0.6102685928344727,0.19227811694145203
hungary,cleveland,v2_deepsets_equal_budget,v2,0,5066,20.0,0.5514813661575317,0.5832006019687547,0.5514813661575317,0.6266560554504395,0.18597081303596497
hungary,cleveland,v2_deepsets_equal_budget,v2,0,5066,25.0,0.5170618295669556,0.6019936588940178,0.5170618295669556,0.6145508289337158,0.17297574877738953
hungary,cleveland,v2_deepsets_equal_budget,v2,0,5066,30.0,0.5045931339263916,0.6292366884736744,0.5045931339263916,0.6121474504470825,0.1685638129711151
hungary,cleveland,v2_deepsets_equal_budget,v2,0,5066,35.0,0.5016581416130066,0.6574888463398085,0.5016581416130066,0.6028047800064087,0.1672036051750183
hungary,cleveland,v2_deepsets_equal_budget,v2,0,5066,40.0,0.4778923988342285,0.6847571058335105,0.4778923988342285,0.6137784719467163,0.15729588270187378
hungary,cleveland,v2_deepsets_equal_budget,v2,0,5066,45.0,0.4756724536418915,0.7108771403280797,0.4756724536418915,0.595634400844574,0.15781109035015106
hungary,cleveland,v2_deepsets_equal_budget,v2,0,5066,50.0,0.4678589701652527,0.7240303374775166,0.4678589701652527,0.5900160074234009,0.1544489860534668
hungary,cleveland,v2_deepsets_equal_budget,v2,0,5066,55.0,0.46404609084129333,0.7245615290410299,0.46404609084129333,0.5911999940872192,0.15469688177108765
hungary,cleveland,v2_deepsets_equal_budget,v2,0,5067,5.0,0.6492337584495544,0.6355852799842636,0.6492337584495544,0.6643402576446533,0.2282213270664215
hungary,cleveland,v2_deepsets_equal_budget,v2,0,5067,10.0,0.5869369506835938,0.6059968388701364,0.5869369506835938,0.6291035413742065,0.19864054024219513
hungary,cleveland,v2_deepsets_equal_budget,v2,0,5067,15.0,0.5538591146469116,0.6117786672741681,0.5538591146469116,0.6334671974182129,0.18535690009593964
hungary,cleveland,v2_deepsets_equal_budget,v2,0,5067,20.0,0.535793125629425,0.643994436878988,0.535793125629425,0.6474272012710571,0.17924167215824127
hungary,cleveland,v2_deepsets_equal_budget,v2,0,5067,25.0,0.5273844003677368,0.6777158948082052,0.5273844003677368,0.6457698345184326,0.17543557286262512
hungary,cleveland,v2_deepsets_equal_budget,v2,0,5067,30.0,0.5240172743797302,0.7006051541361833,0.5240172743797302,0.6480424404144287,0.17438869178295135
hungary,cleveland,v2_deepsets_equal_budget,v2,0,5067,35.0,0.5143436789512634,0.7186727888689896,0.5143436789512634,0.6366260647773743,0.17262637615203857
hungary,cleveland,v2_deepsets_equal_budget,v2,0,5067,40.0,0.49483221769332886,0.7325873451510891,0.49483221769332886,0.6275944709777832,0.16368161141872406
hungary,cleveland,v2_deepsets_equal_budget,v2,0,5067,45.0,0.46454092860221863,0.7351245790640306,0.46454092860221863,0.5915036201477051,0.15207068622112274
hungary,cleveland,v2_deepsets_equal_budget,v2,0,5067,50.0,0.46425628662109375,0.7324669323145336,0.46425628662109375,0.6104059815406799,0.15223939716815948
hungary,cleveland,v2_deepsets_equal_budget,v2,0,5068,5.0,0.6532747745513916,0.6380804535935506,0.6532747745513916,0.666478157043457,0.23023034632205963
hungary,cleveland,v2_deepsets_equal_budget,v2,0,5068,10.0,0.5881384611129761,0.5944494056887,0.5881384611129761,0.6185315251350403,0.19939452409744263
hungary,cleveland,v2_deepsets_equal_budget,v2,0,5068,15.0,0.5516237616539001,0.5752965473582675,0.5516237616539001,0.6121909618377686,0.1848832666873932
hungary,cleveland,v2_deepsets_equal_budget,v2,0,5068,20.0,0.536931037902832,0.5833767379828836,0.536931037902832,0.6170010566711426,0.1797453761100769
hungary,cleveland,v2_deepsets_equal_budget,v2,0,5068,25.0,0.5253887176513672,0.6117439634939013,0.5253887176513672,0.61094731092453,0.17645080387592316
hungary,cleveland,v2_deepsets_equal_budget,v2,0,5068,30.0,0.5019403696060181,0.6394753147980683,0.5019403696060181,0.6096247434616089,0.1663476526737213
hungary,cleveland,v2_deepsets_equal_budget,v2,0,5068,35.0,0.49957436323165894,0.6669358972882328,0.49957436323165894,0.6199538707733154,0.16612718999385834
hungary,cleveland,v2_deepsets_equal_budget,v2,0,5068,40.0,0.4955611228942871,0.6954489838455781,0.4955611228942871,0.6113708019256592,0.1633576601743698
hungary,cleveland,v2_deepsets_equal_budget,v2,0,5068,45.0,0.48768842220306396,0.7122808566256604,0.48768842220306396,0.5976762771606445,0.16209203004837036
hungary,cleveland,v2_deepsets_equal_budget,v2,0,5068,50.0,0.4798402190208435,0.7117800637213046,0.4798402190208435,0.5891304612159729,0.16102898120880127
hungary,cleveland,v2_deepsets_equal_budget,v2,0,5068,55.0,0.4680325388908386,0.6998350357611336,0.4680325388908386,0.5714919567108154,0.1549273431301117
hungary,cleveland,v2_deepsets_equal_budget,v2,0,5069,5.0,0.6585692167282104,0.6660321331507093,0.6585692167282104,0.6748417019844055,0.2327963411808014
hungary,cleveland,v2_deepsets_equal_budget,v2,0,5069,10.0,0.6078205108642578,0.631987373992086,0.6078205108642578,0.6437911987304688,0.20846819877624512
hungary,cleveland,v2_deepsets_equal_budget,v2,0,5069,15.0,0.5490369200706482,0.6134048024810204,0.5490369200706482,0.6156929731369019,0.18306967616081238
hungary,cleveland,v2_deepsets_equal_budget,v2,0,5069,20.0,0.5245057344436646,0.6282986318255821,0.5245057344436646,0.6279482841491699,0.17540590465068817
hungary,cleveland,v2_deepsets_equal_budget,v2,0,5069,25.0,0.4926278591156006,0.666287124842992,0.4926278591156006,0.6292487382888794,0.1628296971321106
hungary,cleveland,v2_deepsets_equal_budget,v2,0,5069,30.0,0.49985960125923157,0.7025042831029231,0.49985960125923157,0.6325365304946899,0.16641047596931458
hungary,cleveland,v2_deepsets_equal_budget,v2,0,5069,35.0,0.48593848943710327,0.7254514390750477,0.48593848943710327,0.6270688772201538,0.16301384568214417
hungary,cleveland,v2_deepsets_equal_budget,v2,0,5069,40.0,0.4650411009788513,0.7366161300489222,0.4650411009788513,0.61429363489151,0.1531619131565094
hungary,cleveland,v2_deepsets_equal_budget,v2,0,5069,45.0,0.47752809524536133,0.7323252210382929,0.47752809524536133,0.6123365163803101,0.15890467166900635
hungary,cleveland,v2_deepsets_equal_budget,v2,0,5069,50.0,0.46473124623298645,0.7251439991537587,0.46473124623298645,0.6110807657241821,0.15252326428890228
hungary,cleveland,v2_deepsets_equal_budget,v2,0,5069,55.0,0.4433808922767639,0.7198174627673659,0.4433808922767639,0.5871648788452148,0.14612829685211182
hungary,cleveland,v2_deepsets_equal_budget,v2,0,5070,5.0,0.6606529951095581,0.6649391959669606,0.6606529951095581,0.6756576895713806,0.23399192094802856
hungary,cleveland,v2_deepsets_equal_budget,v2,0,5070,10.0,0.5981603860855103,0.6219802900575766,0.5981603860855103,0.6533727645874023,0.2037501037120819
hungary,cleveland,v2_deepsets_equal_budget,v2,0,5070,15.0,0.561048686504364,0.6104587423974681,0.561048686504364,0.6242371797561646,0.18821857869625092
hungary,cleveland,v2_deepsets_equal_budget,v2,0,5070,20.0,0.5310330390930176,0.6215854326427974,0.5310330390930176,0.620830774307251,0.17713283002376556
hungary,cleveland,v2_deepsets_equal_budget,v2,0,5070,25.0,0.5069552659988403,0.6499652573591903,0.5069552659988403,0.6284008622169495,0.16937856376171112
hungary,cleveland,v2_deepsets_equal_budget,v2,0,5070,30.0,0.48469576239585876,0.6780618239392032,0.48469576239585876,0.5963006615638733,0.15805822610855103
hungary,cleveland,v2_deepsets_equal_budget,v2,0,5070,35.0,0.4917900562286377,0.6818928206527144,0.4917900562286377,0.620903491973877,0.1613415777683258
hungary,cleveland,v2_deepsets_equal_budget,v2,0,5070,40.0,0.4875044822692871,0.6913071246466032,0.4875044822692871,0.6220190525054932,0.16058838367462158
hungary,cleveland,v2_deepsets_equal_budget,v2,0,5070,45.0,0.476837158203125,0.6925951065443765,0.476837158203125,0.6064562797546387,0.15728703141212463
hungary,cleveland,v2_deepsets_equal_budget,v2,0,5070,50.0,0.47129756212234497,0.6996135454983751,0.47129756212234497,0.6015501022338867,0.15437465906143188
hungary,cleveland,v2_deepsets_equal_budget,v2,0,5070,55.0,0.4500159025192261,0.7094339874739339,0.4500159025192261,0.5863661766052246,0.14588786661624908
hungary,cleveland,v2_deepsets_equal_budget,v2,0,5071,5.0,0.6536921262741089,0.6485764041163732,0.6536921262741089,0.6608749628067017,0.2304161787033081
hungary,cleveland,v2_deepsets_equal_budget,v2,0,5071,10.0,0.5866878032684326,0.615623954685056,0.5866878032684326,0.6219384074211121,0.1989671140909195
hungary,cleveland,v2_deepsets_equal_budget,v2,0,5071,15.0,0.5744752883911133,0.6053838347792633,0.5744752883911133,0.6251446604728699,0.1942434310913086
hungary,cleveland,v2_deepsets_equal_budget,v2,0,5071,20.0,0.5417349338531494,0.6171123671141656,0.5417349338531494,0.6187138557434082,0.18266429007053375
hungary,cleveland,v2_deepsets_equal_budget,v2,0,5071,25.0,0.5168213844299316,0.6418130009473302,0.5168213844299316,0.6166445016860962,0.17280620336532593
hungary,cleveland,v2_deepsets_equal_budget,v2,0,5071,30.0,0.5325602293014526,0.6661168160902826,0.5325602293014526,0.6392155289649963,0.1798388659954071
hungary,cleveland,v2_deepsets_equal_budget,v2,0,5071,35.0,0.4985359311103821,0.6861594368269814,0.4985359311103821,0.6069912910461426,0.16483081877231598
hungary,cleveland,v2_deepsets_equal_budget,v2,0,5071,40.0,0.5032791495323181,0.7135272832487791,0.5032791495323181,0.6118694543838501,0.16682320833206177
hungary,cleveland,v2_deepsets_equal_budget,v2,0,5071,45.0,0.4989011287689209,0.737800208730398,0.4989011287689209,0.5945854187011719,0.1668800711631775
hungary,cleveland,v2_deepsets_equal_budget,v2,0,5071,50.0,0.47646909952163696,0.7519259267957494,0.47646909952163696,0.5921176671981812,0.15661174058914185
hungary,cleveland,v2_deepsets_equal_budget,v2,0,5071,55.0,0.467921644449234,0.7729726141123141,0.467921644449234,0.5750701427459717,0.15347333252429962
hungary,switzerland,v2_deepsets_equal_budget,v2,0,5062,5.0,0.6563544273376465,0.6763767171066708,0.6563544273376465,0.6750601530075073,0.23173931241035461
hungary,switzerland,v2_deepsets_equal_budget,v2,0,5062,10.0,0.6028738021850586,0.6586810454691899,0.6028738021850586,0.6507502794265747,0.2059442400932312
hungary,switzerland,v2_deepsets_equal_budget,v2,0,5062,15.0,0.5465593338012695,0.6520943794408018,0.5465593338012695,0.6138126850128174,0.18117594718933105
hungary,switzerland,v2_deepsets_equal_budget,v2,0,5062,20.0,0.5113801956176758,0.6701780401395028,0.5113801956176758,0.5928318500518799,0.1676783710718155
hungary,switzerland,v2_deepsets_equal_budget,v2,0,5062,25.0,0.4893571138381958,0.7042750573639136,0.4893571138381958,0.5769789814949036,0.15975943207740784
hungary,switzerland,v2_deepsets_equal_budget,v2,0,5062,30.0,0.48417675495147705,0.7402736918737245,0.48417675495147705,0.5932638049125671,0.15710663795471191
hungary,switzerland,v2_deepsets_equal_budget,v2,0,5062,35.0,0.4783911108970642,0.7730056332409319,0.4783911108970642,0.5869429111480713,0.15576159954071045
hungary,switzerland,v2_deepsets_equal_budget,v2,0,5062,40.0,0.4719562530517578,0.7836750818700067,0.4719562530517578,0.5812569856643677,0.15378092229366302
hungary,switzerland,v2_deepsets_equal_budget,v2,0,5062,45.0,0.46588078141212463,0.7834514170010138,0.46588078141212463,0.5751022100448608,0.15218853950500488
hungary,switzerland,v2_deepsets_equal_budget,v2,0,5062,50.0,0.4633568227291107,0.7857293580630265,0.4633568227291107,0.5706934928894043,0.1504368633031845
hungary,switzerland,v2_deepsets_equal_budget,v2,0,5062,55.0,0.4428054094314575,0.7941058052223344,0.4428054094314575,0.5445188283920288,0.14250561594963074
hungary,switzerland,v2_deepsets_equal_budget,v2,0,5063,5.0,0.6446554660797119,0.6656814235543556,0.6446554660797119,0.6618706583976746,0.2259361743927002
hungary,switzerland,v2_deepsets_equal_budget,v2,0,5063,10.0,0.5783998966217041,0.6458473825475934,0.5783998966217041,0.6303955316543579,0.19498951733112335
hungary,switzerland,v2_deepsets_equal_budget,v2,0,5063,15.0,0.5285600423812866,0.6576845711290861,0.5285600423812866,0.6019957065582275,0.17460741102695465
hungary,switzerland,v2_deepsets_equal_budget,v2,0,5063,20.0,0.5085774660110474,0.6933519860133628,0.5085774660110474,0.6091216802597046,0.16732101142406464
hungary,switzerland,v2_deepsets_equal_budget,v2,0,5063,25.0,0.4847436249256134,0.7233359159167987,0.4847436249256134,0.5790421962738037,0.15949496626853943
hungary,switzerland,v2_deepsets_equal_budget,v2,0,5063,30.0,0.4814203381538391,0.7292281512663241,0.4814203381538391,0.5828144550323486,0.15693020820617676
hungary,switzerland,v2_deepsets_equal_budget,v2,0,5063,35.0,0.4769808053970337,0.7191919041731167,0.4769808053970337,0.5813345909118652,0.15532724559307098
hungary,switzerland,v2_deepsets_equal_budget,v2,0,5063,40.0,0.4655103385448456,0.7322444073572867,0.4655103385448456,0.5683621764183044,0.15036822855472565
hungary,switzerland,v2_deepsets_equal_budget,v2,0,5063,45.0,0.46296387910842896,0.7412281122740181,0.46296387910842896,0.5679701566696167,0.15036527812480927
hungary,switzerland,v2_deepsets_equal_budget,v2,0,5063,50.0,0.445664644241333,0.7489650041324953,0.445664644241333,0.5466711521148682,0.14382031559944153
hungary,switzerland,v2_deepsets_equal_budget,v2,0,5064,5.0,0.6477959156036377,0.6536617275566885,0.6477959156036377,0.6710547804832458,0.22754371166229248
hungary,switzerland,v2_deepsets_equal_budget,v2,0,5064,10.0,0.5823678970336914,0.6260109169428908,0.5823678970336914,0.6315239667892456,0.1966082751750946
hungary,switzerland,v2_deepsets_equal_budget,v2,0,5064,15.0,0.5321205258369446,0.6292788305742323,0.5321205258369446,0.61468505859375,0.17657972872257233
hungary,switzerland,v2_deepsets_equal_budget,v2,0,5064,20.0,0.49954986572265625,0.6787238369773361,0.49954986572265625,0.587802529335022,0.16355107724666595
hungary,switzerland,v2_deepsets_equal_budget,v2,0,5064,25.0,0.4879481792449951,0.7302998920262023,0.4879481792449951,0.5860602259635925,0.15974926948547363
hungary,switzerland,v2_deepsets_equal_budget,v2,0,5064,30.0,0.4846827983856201,0.7636210912034,0.4846827983856201,0.5759347677230835,0.1575126200914383
hungary,switzerland,v2_deepsets_equal_budget,v2,0,5064,35.0,0.46262887120246887,0.7735586556128731,0.46262887120246887,0.5492708683013916,0.15065187215805054
hungary,switzerland,v2_deepsets_equal_budget,v2,0,5064,40.0,0.46592429280281067,0.7765703296962022,0.46592429280281067,0.5541778206825256,0.15222513675689697
hungary,switzerland,v2_deepsets_equal_budget,v2,0,5064,45.0,0.4669380486011505,0.7860825932148466,0.4669380486011505,0.5702091455459595,0.1525823175907135
hungary,switzerland,v2_deepsets_equal_budget,v2,0,5064,50.0,0.4465990364551544,0.8066257040316678,0.4465990364551544,0.533470630645752,0.14387060701847076
hungary,switzerland,v2_deepsets_equal_budget,v2,0,5065,5.0,0.6371411681175232,0.6549791598564896,0.6371411681175232,0.6572245359420776,0.22227680683135986
hungary,switzerland,v2_deepsets_equal_budget,v2,0,5065,10.0,0.5651501417160034,0.6317487106835002,0.5651501417160034,0.6080586314201355,0.18888774514198303
hungary,switzerland,v2_deepsets_equal_budget,v2,0,5065,15.0,0.5231425762176514,0.6515398076711796,0.5231425762176514,0.5949422121047974,0.17229577898979187
hungary,switzerland,v2_deepsets_equal_budget,v2,0,5065,20.0,0.5094149112701416,0.6819153553991397,0.5094149112701416,0.5987719297409058,0.16812455654144287
hungary,switzerland,v2_deepsets_equal_budget,v2,0,5065,25.0,0.4937376379966736,0.7039671283877798,0.4937376379966736,0.5948443412780762,0.16159801185131073
hungary,switzerland,v2_deepsets_equal_budget,v2,0,5065,30.0,0.4846127927303314,0.7231226180665389,0.4846127927303314,0.5854893922805786,0.15766683220863342
hungary,switzerland,v2_deepsets_equal_budget,v2,0,5065,35.0,0.47304636240005493,0.7337999787592788,0.47304636240005493,0.5706327557563782,0.15308216214179993
hungary,switzerland,v2_deepsets_equal_budget,v2,0,5065,40.0,0.4603882431983948,0.7331328197983069,0.4603882431983948,0.555222749710083,0.14926904439926147
hungary,switzerland,v2_deepsets_equal_budget,v2,0,5065,45.0,0.4565889239311218,0.7497907072244261,0.4565889239311218,0.5473712682723999,0.1481272578239441
hungary,switzerland,v2_deepsets_equal_budget,v2,0,5065,50.0,0.42408573627471924,0.7811387862686889,0.42408573627471924,0.5070792436599731,0.13676097989082336
hungary,switzerland,v2_deepsets_equal_budget,v2,0,5066,5.0,0.655687689781189,0.6613861184557326,0.655687689781189,0.671839714050293,0.23137402534484863
hungary,switzerland,v2_deepsets_equal_budget,v2,0,5066,10.0,0.5994669198989868,0.630145837369628,0.5994669198989868,0.6453323364257812,0.2044675648212433
hungary,switzerland,v2_deepsets_equal_budget,v2,0,5066,15.0,0.5324548482894897,0.6143677955417352,0.5324548482894897,0.5989266037940979,0.1753695160150528
hungary,switzerland,v2_deepsets_equal_budget,v2,0,5066,20.0,0.5061015486717224,0.6328875298752599,0.5061015486717224,0.5944876074790955,0.16502712666988373
hungary,switzerland,v2_deepsets_equal_budget,v2,0,5066,25.0,0.4876925051212311,0.6602219352386021,0.4876925051212311,0.5842004418373108,0.1603369265794754
hungary,switzerland,v2_deepsets_equal_budget,v2,0,5066,30.0,0.4779635965824127,0.6816197072137065,0.4779635965824127,0.588012158870697,0.155992329120636
hungary,switzerland,v2_deepsets_equal_budget,v2,0,5066,35.0,0.4677817225456238,0.6926613113467379,0.4677817225456238,0.564205527305603,0.15233589708805084
hungary,switzerland,v2_deepsets_equal_budget,v2,0,5066,40.0,0.46356001496315,0.698023423062406,0.46356001496315,0.5544508099555969,0.15064266324043274
hungary,switzerland,v2_deepsets_equal_budget,v2,0,5066,45.0,0.45288029313087463,0.7035053692959219,0.45288029313087463,0.5478903651237488,0.1470048427581787
hungary,switzerland,v2_deepsets_equal_budget,v2,0,5066,50.0,0.4500988721847534,0.7171862232921717,0.4500988721847534,0.5483332872390747,0.14329767227172852
hungary,switzerland,v2_deepsets_equal_budget,v2,0,5066,55.0,0.42854225635528564,0.7332940455850312,0.42854225635528564,0.5201424360275269,0.13661091029644012
hungary,switzerland,v2_deepsets_equal_budget,v2,0,5067,5.0,0.6468099355697632,0.6481002744377973,0.6468099355697632,0.6684569716453552,0.22702400386333466
hungary,switzerland,v2_deepsets_equal_budget,v2,0,5067,10.0,0.5854636430740356,0.6025043653293503,0.5854636430740356,0.6434208154678345,0.19811682403087616
hungary,switzerland,v2_deepsets_equal_budget,v2,0,5067,15.0,0.5385857224464417,0.5901886026065246,0.5385857224464417,0.6252261996269226,0.179160475730896
hungary,switzerland,v2_deepsets_equal_budget,v2,0,5067,20.0,0.5110670924186707,0.6079357652250391,0.5110670924186707,0.6159828901290894,0.16888631880283356
hungary,switzerland,v2_deepsets_equal_budget,v2,0,5067,25.0,0.5017313957214355,0.6421670463375289,0.5017313957214355,0.6192423105239868,0.16476039588451385
hungary,switzerland,v2_deepsets_equal_budget,v2,0,5067,30.0,0.48209822177886963,0.6607292599297285,0.48209822177886963,0.5826445817947388,0.15766951441764832
hungary,switzerland,v2_deepsets_equal_budget,v2,0,5067,35.0,0.4727667570114136,0.6691390570016525,0.4727667570114136,0.5761615633964539,0.15326380729675293
hungary,switzerland,v2_deepsets_equal_budget,v2,0,5067,40.0,0.47380781173706055,0.6815642694866038,0.47380781173706055,0.583034873008728,0.15375129878520966
hungary,switzerland,v2_deepsets_equal_budget,v2,0,5067,45.0,0.4556266665458679,0.6945525821676108,0.4556266665458679,0.5605624318122864,0.14695137739181519
hungary,switzerland,v2_deepsets_equal_budget,v2,0,5067,50.0,0.45025745034217834,0.7150022834991547,0.45025745034217834,0.5512422323226929,0.14527229964733124
hungary,switzerland,v2_deepsets_equal_budget,v2,0,5067,55.0,0.44578319787979126,0.7495533776474124,0.44578319787979126,0.5398342609405518,0.1431327760219574
hungary,switzerland,v2_deepsets_equal_budget,v2,0,5068,5.0,0.649735152721405,0.6533741884740867,0.649735152721405,0.675358772277832,0.22848984599113464
hungary,switzerland,v2_deepsets_equal_budget,v2,0,5068,10.0,0.5762209892272949,0.6252998084240895,0.5762209892272949,0.6339683532714844,0.19401313364505768
hungary,switzerland,v2_deepsets_equal_budget,v2,0,5068,15.0,0.5261576175689697,0.6417730206764898,0.5261576175689697,0.6025611162185669,0.1733051836490631
hungary,switzerland,v2_deepsets_equal_budget,v2,0,5068,20.0,0.5092138051986694,0.6821875588178692,0.5092138051986694,0.6094489097595215,0.16694438457489014
hungary,switzerland,v2_deepsets_equal_budget,v2,0,5068,25.0,0.49203088879585266,0.7193088912972494,0.49203088879585266,0.5938444137573242,0.1618444323539734
hungary,switzerland,v2_deepsets_equal_budget,v2,0,5068,30.0,0.4806300401687622,0.7492734709613796,0.4806300401687622,0.5892597436904907,0.15658316016197205
hungary,switzerland,v2_deepsets_equal_budget,v2,0,5068,35.0,0.4641689956188202,0.7647081835559162,0.4641689956188202,0.5637567639350891,0.15083739161491394
hungary,switzerland,v2_deepsets_equal_budget,v2,0,5068,40.0,0.46948328614234924,0.7759206950619779,0.46948328614234924,0.578900933265686,0.15297138690948486
hungary,switzerland,v2_deepsets_equal_budget,v2,0,5068,45.0,0.4541487991809845,0.7916669834466363,0.4541487991809845,0.5408336520195007,0.1470716893672943
hungary,switzerland,v2_deepsets_equal_budget,v2,0,5068,50.0,0.4518584907054901,0.8033409959988964,0.4518584907054901,0.5558581352233887,0.14766180515289307
hungary,switzerland,v2_deepsets_equal_budget,v2,0,5069,5.0,0.6546379327774048,0.6707205007156238,0.6546379327774048,0.6719120740890503,0.23089274764060974
hungary,switzerland,v2_deepsets_equal_budget,v2,0,5069,10.0,0.5883468389511108,0.6365104643305546,0.5883468389511108,0.6313033103942871,0.1993357092142105
hungary,switzerland,v2_deepsets_equal_budget,v2,0,5069,15.0,0.5376039743423462,0.6295480173279707,0.5376039743423462,0.6118634343147278,0.17821405827999115
hungary,switzerland,v2_deepsets_equal_budget,v2,0,5069,20.0,0.5163746476173401,0.6506381012574403,0.5163746476173401,0.6172711253166199,0.1704477220773697
hungary,switzerland,v2_deepsets_equal_budget,v2,0,5069,25.0,0.5057341456413269,0.6882460681568914,0.5057341456413269,0.6217585802078247,0.16597992181777954
hungary,switzerland,v2_deepsets_equal_budget,v2,0,5069,30.0,0.47655415534973145,0.7243352950149512,0.47655415534973145,0.581658661365509,0.15657472610473633
hungary,switzerland,v2_deepsets_equal_budget,v2,0,5069,35.0,0.47254684567451477,0.7357513786065866,0.47254684567451477,0.5732969045639038,0.15418976545333862
hungary,switzerland,v2_deepsets_equal_budget,v2,0,5069,40.0,0.46371033787727356,0.7426493805239165,0.46371033787727356,0.5552166700363159,0.15063388645648956
hungary,switzerland,v2_deepsets_equal_budget,v2,0,5069,45.0,0.4545826315879822,0.7628205248664169,0.4545826315879822,0.5457749962806702,0.14783507585525513
hungary,switzerland,v2_deepsets_equal_budget,v2,0,5069,50.0,0.4458378553390503,0.785496292680302,0.4458378553390503,0.551017165184021,0.14328806102275848
hungary,switzerland,v2_deepsets_equal_budget,v2,0,5069,55.0,0.436882883310318,0.7890817032025804,0.436882883310318,0.5248605608940125,0.1407599002122879
hungary,switzerland,v2_deepsets_equal_budget,v2,0,5070,5.0,0.6639565229415894,0.6700917220568994,0.6639565229415894,0.681200385093689,0.23556944727897644
hungary,switzerland,v2_deepsets_equal_budget,v2,0,5070,10.0,0.6114263534545898,0.6355234063807682,0.6114263534545898,0.6458123326301575,0.210127592086792
hungary,switzerland,v2_deepsets_equal_budget,v2,0,5070,15.0,0.554892897605896,0.6072981803355992,0.554892897605896,0.6229957342147827,0.1848810613155365
hungary,switzerland,v2_deepsets_equal_budget,v2,0,5070,20.0,0.5214194655418396,0.6116997313117576,0.5214194655418396,0.6031666994094849,0.17151492834091187
hungary,switzerland,v2_deepsets_equal_budget,v2,0,5070,25.0,0.5065928101539612,0.6409099409323757,0.5065928101539612,0.6112001538276672,0.16761353611946106
hungary,switzerland,v2_deepsets_equal_budget,v2,0,5070,30.0,0.4950754940509796,0.6786563419567075,0.4950754940509796,0.6041437387466431,0.163209468126297
hungary,switzerland,v2_deepsets_equal_budget,v2,0,5070,35.0,0.4815078377723694,0.6950695293695475,0.4815078377723694,0.5827396512031555,0.15644897520542145
hungary,switzerland,v2_deepsets_equal_budget,v2,0,5070,40.0,0.4831486940383911,0.6976130047295603,0.4831486940383911,0.5979388356208801,0.1577756106853485
hungary,switzerland,v2_deepsets_equal_budget,v2,0,5070,45.0,0.46977102756500244,0.7005461568173837,0.46977102756500244,0.5693913698196411,0.15235179662704468
hungary,switzerland,v2_deepsets_equal_budget,v2,0,5070,50.0,0.4605526328086853,0.7138210847774135,0.4605526328086853,0.5610240697860718,0.1485539972782135
hungary,switzerland,v2_deepsets_equal_budget,v2,0,5070,55.0,0.4517005980014801,0.7404103799371978,0.4517005980014801,0.5491411089897156,0.14614999294281006
hungary,switzerland,v2_deepsets_equal_budget,v2,0,5071,5.0,0.6511092185974121,0.6742609069812394,0.6511092185974121,0.6654536724090576,0.22911855578422546
hungary,switzerland,v2_deepsets_equal_budget,v2,0,5071,10.0,0.5862545967102051,0.6443646313653106,0.5862545967102051,0.6214144229888916,0.19844667613506317
hungary,switzerland,v2_deepsets_equal_budget,v2,0,5071,15.0,0.5466622114181519,0.6392461333511715,0.5466622114181519,0.6139543056488037,0.1824771761894226
hungary,switzerland,v2_deepsets_equal_budget,v2,0,5071,20.0,0.5151716470718384,0.6504644641429698,0.5151716470718384,0.6055166125297546,0.1699281483888626
hungary,switzerland,v2_deepsets_equal_budget,v2,0,5071,25.0,0.49939724802970886,0.6731814451346332,0.49939724802970886,0.592731237411499,0.1644062101840973
hungary,switzerland,v2_deepsets_equal_budget,v2,0,5071,30.0,0.4918939769268036,0.686545893454936,0.4918939769268036,0.5804324150085449,0.16071368753910065
hungary,switzerland,v2_deepsets_equal_budget,v2,0,5071,35.0,0.4721236526966095,0.6913515367984737,0.4721236526966095,0.5587090253829956,0.153018519282341
hungary,switzerland,v2_deepsets_equal_budget,v2,0,5071,40.0,0.47154879570007324,0.6978015233086257,0.47154879570007324,0.568778395652771,0.1531102955341339
hungary,switzerland,v2_deepsets_equal_budget,v2,0,5071,45.0,0.45053958892822266,0.7200101155078968,0.45053958892822266,0.5461867451667786,0.14609935879707336
hungary,switzerland,v2_deepsets_equal_budget,v2,0,5071,50.0,0.4541359543800354,0.7421254655465028,0.4541359543800354,0.5617228150367737,0.14745000004768372
hungary,switzerland,v2_deepsets_equal_budget,v2,0,5071,55.0,0.43861016631126404,0.7639815512403341,0.43861016631126404,0.5262120366096497,0.1431930959224701
hungary,va_long_beach,v2_deepsets_equal_budget,v2,0,5062,5.0,0.6189332008361816,0.6597706124863502,0.6189332008361816,0.6206398010253906,0.2133142054080963
hungary,va_long_beach,v2_deepsets_equal_budget,v2,0,5062,10.0,0.5236298441886902,0.6627925886735301,0.5236298441886902,0.5314959287643433,0.16979429125785828
hungary,va_long_beach,v2_deepsets_equal_budget,v2,0,5062,15.0,0.4733675718307495,0.6991578788900417,0.4733675718307495,0.47730547189712524,0.15190929174423218
hungary,va_long_beach,v2_deepsets_equal_budget,v2,0,5062,20.0,0.4358319044113159,0.756484724742436,0.4358319044113159,0.43717360496520996,0.13971319794654846
hungary,va_long_beach,v2_deepsets_equal_budget,v2,0,5062,25.0,0.3991647958755493,0.8127724868896333,0.3991647958755493,0.4131385087966919,0.12695810198783875
hungary,va_long_beach,v2_deepsets_equal_budget,v2,0,5062,30.0,0.38200101256370544,0.8618396926456466,0.38200101256370544,0.39793533086776733,0.12028588354587555
hungary,va_long_beach,v2_deepsets_equal_budget,v2,0,5062,35.0,0.36831218004226685,0.917077378456353,0.36831218004226685,0.40086689591407776,0.11431369185447693
hungary,va_long_beach,v2_deepsets_equal_budget,v2,0,5062,40.0,0.3682093024253845,0.9983085171338939,0.3682093024253845,0.3996709883213043,0.11734499037265778
hungary,va_long_beach,v2_deepsets_equal_budget,v2,0,5062,45.0,0.3642975687980652,1.0682593223062598,0.3642975687980652,0.3805953562259674,0.11698176711797714
hungary,va_long_beach,v2_deepsets_equal_budget,v2,0,5063,5.0,0.6052259802818298,0.6998465237910603,0.6052259802818298,0.6057765483856201,0.20695948600769043
hungary,va_long_beach,v2_deepsets_equal_budget,v2,0,5063,10.0,0.5207301378250122,0.7422617604557938,0.5207301378250122,0.5207697153091431,0.16956302523612976
hungary,va_long_beach,v2_deepsets_equal_budget,v2,0,5063,15.0,0.4587646424770355,0.830976863748192,0.4587646424770355,0.4599893093109131,0.14606603980064392
hungary,va_long_beach,v2_deepsets_equal_budget,v2,0,5063,20.0,0.4127243161201477,0.9421499589251032,0.4127243161201477,0.4148968756198883,0.1301286816596985
hungary,va_long_beach,v2_deepsets_equal_budget,v2,0,5063,25.0,0.3814961910247803,1.0530923827591454,0.3814961910247803,0.40680259466171265,0.1208895593881607
hungary,va_long_beach,v2_deepsets_equal_budget,v2,0,5063,30.0,0.3576233386993408,1.1976792405817935,0.3576233386993408,0.3774610161781311,0.11018894612789154
hungary,va_long_beach,v2_deepsets_equal_budget,v2,0,5063,35.0,0.34601229429244995,1.3622557953970515,0.34601229429244995,0.3792579770088196,0.1063905656337738
hungary,va_long_beach,v2_deepsets_equal_budget,v2,0,5063,40.0,0.3354404866695404,1.4597788306667496,0.3354404866695404,0.3817915916442871,0.10217615962028503
hungary,va_long_beach,v2_deepsets_equal_budget,v2,0,5063,45.0,0.3508831858634949,1.4834173337813388,0.3508831858634949,0.3815275728702545,0.10833452641963959
hungary,va_long_beach,v2_deepsets_equal_budget,v2,0,5064,5.0,0.6354186534881592,0.6771691196101604,0.6354186534881592,0.6446737051010132,0.22138264775276184
hungary,va_long_beach,v2_deepsets_equal_budget,v2,0,5064,10.0,0.5434125661849976,0.6720828007541496,0.5434125661849976,0.5520691871643066,0.17817145586013794
hungary,va_long_beach,v2_deepsets_equal_budget,v2,0,5064,15.0,0.4732683300971985,0.7083708099145317,0.4732683300971985,0.49183523654937744,0.15030309557914734
hungary,va_long_beach,v2_deepsets_equal_budget,v2,0,5064,20.0,0.4268452525138855,0.7911628088463127,0.4268452525138855,0.4410693347454071,0.13608258962631226
hungary,va_long_beach,v2_deepsets_equal_budget,v2,0,5064,25.0,0.37016886472702026,0.9041301405375985,0.37016886472702026,0.3830212354660034,0.11434825509786606
hungary,va_long_beach,v2_deepsets_equal_budget,v2,0,5064,30.0,0.3660139739513397,0.9938334178681985,0.3660139739513397,0.3893830180168152,0.11514101922512054
hungary,va_long_beach,v2_deepsets_equal_budget,v2,0,5064,35.0,0.36187678575515747,1.1061243692862364,0.36187678575515747,0.3840080201625824,0.11451615393161774
hungary,va_long_beach,v2_deepsets_equal_budget,v2,0,5064,40.0,0.34952399134635925,1.1980402308546967,0.34952399134635925,0.3839993476867676,0.10854999721050262
hungary,va_long_beach,v2_deepsets_equal_budget,v2,0,5064,45.0,0.3304259181022644,1.2572250867986756,0.3304259181022644,0.37094035744667053,0.0996408686041832
hungary,va_long_beach,v2_deepsets_equal_budget,v2,0,5064,50.0,0.3404122292995453,1.2663915066730191,0.3404122292995453,0.36657029390335083,0.10909861326217651
hungary,va_long_beach,v2_deepsets_equal_budget,v2,0,5065,5.0,0.6443840265274048,0.6797083816620862,0.6443840265274048,0.6467617750167847,0.22595983743667603
hungary,va_long_beach,v2_deepsets_equal_budget,v2,0,5065,10.0,0.5594226717948914,0.6770642795851154,0.5594226717948914,0.5681899785995483,0.18569505214691162
hungary,va_long_beach,v2_deepsets_equal_budget,v2,0,5065,15.0,0.5006176233291626,0.692721935373657,0.5006176233291626,0.5274192094802856,0.16185632348060608
hungary,va_long_beach,v2_deepsets_equal_budget,v2,0,5065,20.0,0.431064635515213,0.7511427693660025,0.431064635515213,0.4421237111091614,0.1372358500957489
hungary,va_long_beach,v2_deepsets_equal_budget,v2,0,5065,25.0,0.39985397458076477,0.821429696607505,0.39985397458076477,0.4000827968120575,0.1263991892337799
hungary,va_long_beach,v2_deepsets_equal_budget,v2,0,5065,30.0,0.3801784813404083,0.9072044784007867,0.3801784813404083,0.3880035877227783,0.12156680226325989
hungary,va_long_beach,v2_deepsets_equal_budget,v2,0,5065,35.0,0.35985323786735535,0.9754499343852641,0.35985323786735535,0.3755800127983093,0.11250423640012741
hungary,va_long_beach,v2_deepsets_equal_budget,v2,0,5065,40.0,0.34975406527519226,1.0700855338874908,0.34975406527519226,0.3773115277290344,0.10922838002443314
hungary,va_long_beach,v2_deepsets_equal_budget,v2,0,5065,45.0,0.35974884033203125,1.1359133353411286,0.35974884033203125,0.385500431060791,0.11226977407932281
hungary,va_long_beach,v2_deepsets_equal_budget,v2,0,5065,50.0,0.33427128195762634,1.1910312260961833,0.33427128195762634,0.3792829215526581,0.10335434228181839
hungary,va_long_beach,v2_deepsets_equal_budget,v2,0,5066,5.0,0.6452608108520508,0.6948746278930598,0.6452608108520508,0.6534188985824585,0.22657904028892517
hungary,va_long_beach,v2_deepsets_equal_budget,v2,0,5066,10.0,0.5787437558174133,0.6771546011806178,0.5787437558174133,0.5916365385055542,0.19428285956382751
hungary,va_long_beach,v2_deepsets_equal_budget,v2,0,5066,15.0,0.5016902685165405,0.7208532087314731,0.5016902685165405,0.5172687768936157,0.1602679342031479
hungary,va_long_beach,v2_deepsets_equal_budget,v2,0,5066,20.0,0.4567166566848755,0.7566874508725465,0.4567166566848755,0.4727702736854553,0.14467167854309082
hungary,va_long_beach,v2_deepsets_equal_budget,v2,0,5066,25.0,0.4229798913002014,0.852908756170405,0.4229798913002014,0.438637912273407,0.13437214493751526
hungary,va_long_beach,v2_deepsets_equal_budget,v2,0,5066,30.0,0.39629825949668884,0.9330787153817253,0.39629825949668884,0.398343950510025,0.12637203931808472
hungary,va_long_beach,v2_deepsets_equal_budget,v2,0,5066,35.0,0.37447094917297363,1.0349120371609832,0.37447094917297363,0.3858034014701843,0.11752830445766449
hungary,va_long_beach,v2_deepsets_equal_budget,v2,0,5066,40.0,0.3558599352836609,1.1227001765102904,0.3558599352836609,0.3754209280014038,0.1124945729970932
hungary,va_long_beach,v2_deepsets_equal_budget,v2,0,5066,45.0,0.3421095609664917,1.2109414397803433,0.3421095609664917,0.37635987997055054,0.1056341826915741
hungary,va_long_beach,v2_deepsets_equal_budget,v2,0,5066,50.0,0.33055174350738525,1.2882855483911733,0.33055174350738525,0.3728967308998108,0.10281558334827423
hungary,va_long_beach,v2_deepsets_equal_budget,v2,0,5067,5.0,0.6405600309371948,0.6793308831226048,0.6405600309371948,0.6434122323989868,0.22388872504234314
hungary,va_long_beach,v2_deepsets_equal_budget,v2,0,5067,10.0,0.5498748421669006,0.6697800065379964,0.5498748421669006,0.5590994358062744,0.18112064898014069
hungary,va_long_beach,v2_deepsets_equal_budget,v2,0,5067,15.0,0.46668970584869385,0.7003973378734996,0.46668970584869385,0.473376601934433,0.14746204018592834
hungary,va_long_beach,v2_deepsets_equal_budget,v2,0,5067,20.0,0.43443799018859863,0.7638335423710381,0.43443799018859863,0.4447369873523712,0.13933134078979492
hungary,va_long_beach,v2_deepsets_equal_budget,v2,0,5067,25.0,0.4082380533218384,0.8323678143401765,0.4082380533218384,0.4169713854789734,0.13030225038528442
hungary,va_long_beach,v2_deepsets_equal_budget,v2,0,5067,30.0,0.39042481780052185,0.8837658427466593,0.39042481780052185,0.3923811912536621,0.12318941950798035
hungary,va_long_beach,v2_deepsets_equal_budget,v2,0,5067,35.0,0.3685988783836365,0.9284917484717946,0.3685988783836365,0.3813472390174866,0.11513471603393555
hungary,va_long_beach,v2_deepsets_equal_budget,v2,0,5067,40.0,0.36737459897994995,1.0038324055580288,0.36737459897994995,0.381965309381485,0.11506401002407074
hungary,va_long_beach,v2_deepsets_equal_budget,v2,0,5067,45.0,0.33830854296684265,1.0801871990157133,0.33830854296684265,0.3829345107078552,0.10230747610330582
hungary,va_long_beach,v2_deepsets_equal_budget,v2,0,5067,50.0,0.3452320992946625,1.100804095129075,0.3452320992946625,0.382919043302536,0.1061694473028183
hungary,va_long_beach,v2_deepsets_equal_budget,v2,0,5068,5.0,0.6207127571105957,0.686712925978816,0.6207127571105957,0.6361781358718872,0.21420514583587646
hungary,va_long_beach,v2_deepsets_equal_budget,v2,0,5068,10.0,0.5347588658332825,0.7192246252046071,0.5347588658332825,0.5641179084777832,0.17508013546466827
hungary,va_long_beach,v2_deepsets_equal_budget,v2,0,5068,15.0,0.47987276315689087,0.8267581026055828,0.47987276315689087,0.5088739395141602,0.15451779961585999
hungary,va_long_beach,v2_deepsets_equal_budget,v2,0,5068,20.0,0.4293268918991089,0.8919378326078553,0.4293268918991089,0.43411698937416077,0.1363048404455185
hungary,va_long_beach,v2_deepsets_equal_budget,v2,0,5068,25.0,0.41042613983154297,0.9824538047365572,0.41042613983154297,0.4142799377441406,0.13264626264572144
hungary,va_long_beach,v2_deepsets_equal_budget,v2,0,5068,30.0,0.37737002968788147,1.0732360060267756,0.37737002968788147,0.39955323934555054,0.11882320046424866
hungary,va_long_beach,v2_deepsets_equal_budget,v2,0,5068,35.0,0.3584592938423157,1.2135339149844677,0.3584592938423157,0.3923338055610657,0.11185124516487122
hungary,va_long_beach,v2_deepsets_equal_budget,v2,0,5068,40.0,0.3594176471233368,1.3611214281095232,0.3594176471233368,0.3931054472923279,0.11353740096092224
hungary,va_long_beach,v2_deepsets_equal_budget,v2,0,5068,45.0,0.358196884393692,1.445634014214166,0.358196884393692,0.3832606077194214,0.1140562891960144
hungary,va_long_beach,v2_deepsets_equal_budget,v2,0,5069,5.0,0.6064079999923706,0.6706145430693939,0.6064079999923706,0.6124027967453003,0.2072892189025879
hungary,va_long_beach,v2_deepsets_equal_budget,v2,0,5069,10.0,0.5172304511070251,0.6764554440365219,0.5172304511070251,0.5334283113479614,0.16774000227451324
hungary,va_long_beach,v2_deepsets_equal_budget,v2,0,5069,15.0,0.4531129002571106,0.7152916716582844,0.4531129002571106,0.46981745958328247,0.1451396942138672
hungary,va_long_beach,v2_deepsets_equal_budget,v2,0,5069,20.0,0.402278333902359,0.8014285384244253,0.402278333902359,0.4105615019798279,0.12685805559158325
hungary,va_long_beach,v2_deepsets_equal_budget,v2,0,5069,25.0,0.3980553150177002,0.8649664709423205,0.3980553150177002,0.4091224670410156,0.12709541618824005
hungary,va_long_beach,v2_deepsets_equal_budget,v2,0,5069,30.0,0.3627835512161255,0.9081960940187909,0.3627835512161255,0.3880044221878052,0.1138506829738617
hungary,va_long_beach,v2_deepsets_equal_budget,v2,0,5069,35.0,0.3595367968082428,0.9567461673191687,0.3595367968082428,0.37836021184921265,0.11378483474254608
hungary,va_long_beach,v2_deepsets_equal_budget,v2,0,5069,40.0,0.3421163558959961,1.0194281242257024,0.3421163558959961,0.3798592686653137,0.1040666475892067
hungary,va_long_beach,v2_deepsets_equal_budget,v2,0,5069,45.0,0.34282296895980835,1.0825591337078118,0.34282296895980835,0.37350398302078247,0.10495514422655106
hungary,va_long_beach,v2_deepsets_equal_budget,v2,0,5070,5.0,0.6204063296318054,0.6681420223635577,0.6204063296318054,0.6291906833648682,0.21412687003612518
hungary,va_long_beach,v2_deepsets_equal_budget,v2,0,5070,10.0,0.5279504060745239,0.6634286507079332,0.5279504060745239,0.5327049493789673,0.17129811644554138
hungary,va_long_beach,v2_deepsets_equal_budget,v2,0,5070,15.0,0.4650009274482727,0.6961622257617653,0.4650009274482727,0.484097957611084,0.1481224000453949
hungary,va_long_beach,v2_deepsets_equal_budget,v2,0,5070,20.0,0.4441373944282532,0.7312573573594359,0.4441373944282532,0.4765777587890625,0.14197266101837158
hungary,va_long_beach,v2_deepsets_equal_budget,v2,0,5070,25.0,0.39256349205970764,0.7829841985295081,0.39256349205970764,0.39833778142929077,0.1240244135260582
hungary,va_long_beach,v2_deepsets_equal_budget,v2,0,5070,30.0,0.3922538161277771,0.8320527921052442,0.3922538161277771,0.4023023843765259,0.12636828422546387
hungary,va_long_beach,v2_deepsets_equal_budget,v2,0,5070,35.0,0.3695395290851593,0.8701109175697397,0.3695395290851593,0.3913683295249939,0.11636105179786682
hungary,va_long_beach,v2_deepsets_equal_budget,v2,0,5070,40.0,0.3486430048942566,0.9331066359224729,0.3486430048942566,0.3829423785209656,0.10739189386367798
hungary,va_long_beach,v2_deepsets_equal_budget,v2,0,5070,45.0,0.3313261866569519,0.9897206549259605,0.3313261866569519,0.37036892771720886,0.099897101521492
hungary,va_long_beach,v2_deepsets_equal_budget,v2,0,5070,50.0,0.32597875595092773,1.038996500159698,0.32597875595092773,0.3778969347476959,0.09999100118875504
hungary,va_long_beach,v2_deepsets_equal_budget,v2,0,5071,5.0,0.6363400220870972,0.6789948029572858,0.6363400220870972,0.6382449269294739,0.22177958488464355
hungary,va_long_beach,v2_deepsets_equal_budget,v2,0,5071,10.0,0.5624373555183411,0.6769995690512038,0.5624373555183411,0.5756205320358276,0.18708139657974243
hungary,va_long_beach,v2_deepsets_equal_budget,v2,0,5071,15.0,0.4841867685317993,0.6978844752671172,0.4841867685317993,0.5021143555641174,0.15417861938476562
hungary,va_long_beach,v2_deepsets_equal_budget,v2,0,5071,20.0,0.444405734539032,0.7532103398188676,0.444405734539032,0.47334349155426025,0.14152748882770538
hungary,va_long_beach,v2_deepsets_equal_budget,v2,0,5071,25.0,0.42168933153152466,0.8128964086439221,0.42168933153152466,0.44905179738998413,0.13649943470954895
hungary,va_long_beach,v2_deepsets_equal_budget,v2,0,5071,30.0,0.3967621922492981,0.883021598015092,0.3967621922492981,0.3980780243873596,0.1270141750574112
hungary,va_long_beach,v2_deepsets_equal_budget,v2,0,5071,35.0,0.3675277531147003,0.978325408611473,0.3675277531147003,0.39932018518447876,0.11490458250045776
hungary,va_long_beach,v2_deepsets_equal_budget,v2,0,5071,40.0,0.3502456545829773,1.062829846715589,0.3502456545829773,0.395052433013916,0.10897881537675858
hungary,va_long_beach,v2_deepsets_equal_budget,v2,0,5071,45.0,0.3407268524169922,1.1155730899290996,0.3407268524169922,0.381320059299469,0.10396821796894073
hungary,va_long_beach,v2_deepsets_equal_budget,v2,0,5071,50.0,0.3306485414505005,1.1894284771227954,0.3306485414505005,0.36870861053466797,0.10188814997673035
hungary,cleveland,v5_attention_equal_budget,v5,0,5062,5.0,0.6249956488609314,0.5801965506087322,0.6016085147857666,0.6070631146430969,0.20659878849983215
hungary,cleveland,v5_attention_equal_budget,v5,0,5062,10.0,0.5863835215568542,0.5876960687607935,0.5593229532241821,0.5755106806755066,0.1896674931049347
hungary,cleveland,v5_attention_equal_budget,v5,0,5062,15.0,0.574093759059906,0.6143507618684674,0.5455682277679443,0.5658833384513855,0.18367928266525269
hungary,cleveland,v5_attention_equal_budget,v5,0,5062,20.0,0.5444695353507996,0.6557898718113475,0.5185282826423645,0.5359525084495544,0.17229168117046356
hungary,cleveland,v5_attention_equal_budget,v5,0,5062,25.0,0.5282527804374695,0.6671157968683736,0.4982006251811981,0.525357723236084,0.16473613679409027
hungary,cleveland,v5_attention_equal_budget,v5,0,5062,30.0,0.5019412636756897,0.6991520867728012,0.47421392798423767,0.4985367953777313,0.1556592434644699
hungary,cleveland,v5_attention_equal_budget,v5,0,5062,35.0,0.48079392313957214,0.7535747733909782,0.45145383477211,0.4809591472148895,0.14587445557117462
hungary,cleveland,v5_attention_equal_budget,v5,0,5062,40.0,0.4617936909198761,0.7743781172661063,0.42813459038734436,0.46815767884254456,0.13647568225860596
hungary,cleveland,v5_attention_equal_budget,v5,0,5062,45.0,0.452645868062973,0.7507362067981866,0.41900503635406494,0.4593024253845215,0.13492147624492645
hungary,cleveland,v5_attention_equal_budget,v5,0,5063,5.0,0.6347030401229858,0.5645137453014416,0.612320065498352,0.614764392375946,0.21160869300365448
hungary,cleveland,v5_attention_equal_budget,v5,0,5063,10.0,0.5896046757698059,0.5683438516710408,0.5614914298057556,0.5795920491218567,0.19062954187393188
hungary,cleveland,v5_attention_equal_budget,v5,0,5063,15.0,0.5623997449874878,0.5682708277615945,0.5336377620697021,0.5554022789001465,0.17879752814769745
hungary,cleveland,v5_attention_equal_budget,v5,0,5063,20.0,0.5342955589294434,0.5683980814621072,0.5056425929069519,0.5295497179031372,0.16699406504631042
hungary,cleveland,v5_attention_equal_budget,v5,0,5063,25.0,0.5134459733963013,0.5881214860205723,0.4845121204853058,0.5105925798416138,0.15893657505512238
hungary,cleveland,v5_attention_equal_budget,v5,0,5063,30.0,0.4936881363391876,0.6108085201820503,0.4633447825908661,0.49383744597435,0.1509702503681183
hungary,cleveland,v5_attention_equal_budget,v5,0,5063,35.0,0.4831567406654358,0.6326945297640574,0.454299658536911,0.4826125204563141,0.1470065712928772
hungary,cleveland,v5_attention_equal_budget,v5,0,5063,40.0,0.476049542427063,0.6514141054399877,0.440004825592041,0.4836134910583496,0.1424037665128708
hungary,cleveland,v5_attention_equal_budget,v5,0,5063,45.0,0.4496234357357025,0.6896504952603175,0.41249823570251465,0.46053001284599304,0.13109293580055237
hungary,cleveland,v5_attention_equal_budget,v5,0,5064,5.0,0.6520666480064392,0.5960741948052294,0.6293106079101562,0.6309429407119751,0.21939852833747864
hungary,cleveland,v5_attention_equal_budget,v5,0,5064,10.0,0.6010300517082214,0.5954952241578969,0.5757827162742615,0.5870682597160339,0.196045383810997
hungary,cleveland,v5_attention_equal_budget,v5,0,5064,15.0,0.5670840740203857,0.6098932440821241,0.5377609729766846,0.560282826423645,0.18062159419059753
hungary,cleveland,v5_attention_equal_budget,v5,0,5064,20.0,0.5534950494766235,0.6209917323205927,0.5262253284454346,0.5456981062889099,0.17533329129219055
hungary,cleveland,v5_attention_equal_budget,v5,0,5064,25.0,0.525874137878418,0.6489039469934889,0.4962468147277832,0.5227552652359009,0.16373072564601898
hungary,cleveland,v5_attention_equal_budget,v5,0,5064,30.0,0.488699346780777,0.6931462094542469,0.45795977115631104,0.48969146609306335,0.14873702824115753
hungary,cleveland,v5_attention_equal_budget,v5,0,5064,35.0,0.48481622338294983,0.7489746477891986,0.4518829882144928,0.48844224214553833,0.14653587341308594
hungary,cleveland,v5_attention_equal_budget,v5,0,5064,40.0,0.45718127489089966,0.8007399266820708,0.4268258512020111,0.46039554476737976,0.1357058733701706
hungary,cleveland,v5_attention_equal_budget,v5,0,5064,45.0,0.4424506425857544,0.8316577825854863,0.40604034066200256,0.45298853516578674,0.12936212122440338
hungary,cleveland,v5_attention_equal_budget,v5,0,5064,50.0,0.43882012367248535,0.843798227092771,0.40345197916030884,0.4485226571559906,0.1283283531665802
hungary,cleveland,v5_attention_equal_budget,v5,0,5065,5.0,0.6332235932350159,0.6058198892994932,0.6098959445953369,0.6144196391105652,0.2106577455997467
hungary,cleveland,v5_attention_equal_budget,v5,0,5065,10.0,0.5742501616477966,0.6207726122170215,0.5447995066642761,0.5671219825744629,0.18289415538311005
hungary,cleveland,v5_attention_equal_budget,v5,0,5065,15.0,0.5569648146629333,0.6252371071254517,0.5309134721755981,0.5476394891738892,0.17688344419002533
hungary,cleveland,v5_attention_equal_budget,v5,0,5065,20.0,0.5575471520423889,0.6514861520237898,0.5271031260490417,0.5528939366340637,0.17548592388629913
hungary,cleveland,v5_attention_equal_budget,v5,0,5065,25.0,0.5394452810287476,0.6614170858330575,0.5082603693008423,0.5368818640708923,0.16874219477176666
hungary,cleveland,v5_attention_equal_budget,v5,0,5065,30.0,0.5058470368385315,0.6611606342148042,0.4757586717605591,0.5048641562461853,0.15535631775856018
hungary,cleveland,v5_attention_equal_budget,v5,0,5065,35.0,0.4697116017341614,0.6866525803963046,0.4387376308441162,0.47287169098854065,0.1390695869922638
hungary,cleveland,v5_attention_equal_budget,v5,0,5065,40.0,0.4728841781616211,0.7245109053301724,0.43995964527130127,0.4774211049079895,0.14193813502788544
hungary,cleveland,v5_attention_equal_budget,v5,0,5065,45.0,0.4340401291847229,0.743442152030706,0.40253835916519165,0.44004374742507935,0.12749074399471283
hungary,cleveland,v5_attention_equal_budget,v5,0,5066,5.0,0.6236194372177124,0.5587132694412347,0.6005364656448364,0.6053285002708435,0.20686955749988556
hungary,cleveland,v5_attention_equal_budget,v5,0,5066,10.0,0.5917750000953674,0.5510423130823234,0.565594494342804,0.5794827342033386,0.19236400723457336
hungary,cleveland,v5_attention_equal_budget,v5,0,5066,15.0,0.5500079989433289,0.5392271641949169,0.5237261056900024,0.5416260957717896,0.17331896722316742
hungary,cleveland,v5_attention_equal_budget,v5,0,5066,20.0,0.5406538248062134,0.5414935613824238,0.5134523510932922,0.5337247848510742,0.17065279185771942
hungary,cleveland,v5_attention_equal_budget,v5,0,5066,25.0,0.5127854347229004,0.5673209102212595,0.4879536032676697,0.5055767893791199,0.16020213067531586
hungary,cleveland,v5_attention_equal_budget,v5,0,5066,30.0,0.5005738139152527,0.5717474915124613,0.4696517586708069,0.5008069276809692,0.1534445583820343
hungary,cleveland,v5_attention_equal_budget,v5,0,5066,35.0,0.46721863746643066,0.5894772236955328,0.4311692416667938,0.4754563271999359,0.13905854523181915
hungary,cleveland,v5_attention_equal_budget,v5,0,5066,40.0,0.4581751227378845,0.6375498358897602,0.42391544580459595,0.465242475271225,0.1359618455171585
hungary,cleveland,v5_attention_equal_budget,v5,0,5066,45.0,0.43056029081344604,0.6715362999591379,0.400552898645401,0.43527862429618835,0.12644526362419128
hungary,cleveland,v5_attention_equal_budget,v5,0,5066,50.0,0.40242472290992737,0.6977686856680918,0.3669694662094116,0.4149665832519531,0.11456684023141861
hungary,cleveland,v5_attention_equal_budget,v5,0,5066,55.0,0.38860854506492615,0.7467510329248843,0.3490571677684784,0.406443327665329,0.10858290642499924
hungary,cleveland,v5_attention_equal_budget,v5,0,5067,5.0,0.6093422174453735,0.6588733543655385,0.584087610244751,0.5947150588035583,0.19940833747386932
hungary,cleveland,v5_attention_equal_budget,v5,0,5067,10.0,0.5711353421211243,0.6975864911123704,0.5453514456748962,0.5603693127632141,0.18274974822998047
hungary,cleveland,v5_attention_equal_budget,v5,0,5067,15.0,0.5490384697914124,0.7113905331068546,0.5210338830947876,0.5422650575637817,0.1738899052143097
hungary,cleveland,v5_attention_equal_budget,v5,0,5067,20.0,0.5305917859077454,0.7571083941610234,0.5041295289993286,0.5236550569534302,0.16699518263339996
hungary,cleveland,v5_attention_equal_budget,v5,0,5067,25.0,0.5092003345489502,0.8126944769453501,0.4775070548057556,0.5096775889396667,0.15608040988445282
hungary,cleveland,v5_attention_equal_budget,v5,0,5067,30.0,0.4972285330295563,0.8657154839214012,0.4646362364292145,0.49963703751564026,0.15091897547245026
hungary,cleveland,v5_attention_equal_budget,v5,0,5067,35.0,0.45695388317108154,0.9106424242477822,0.4231201112270355,0.4636452794075012,0.13571204245090485
hungary,cleveland,v5_attention_equal_budget,v5,0,5067,40.0,0.4635500907897949,0.9403363765529156,0.42570963501930237,0.4739413261413574,0.137246236205101
hungary,cleveland,v5_attention_equal_budget,v5,0,5067,45.0,0.42914053797721863,0.9317446202570763,0.39536798000335693,0.4377421438694,0.125854954123497
hungary,cleveland,v5_attention_equal_budget,v5,0,5068,5.0,0.6402523517608643,0.5795358716042962,0.6173599362373352,0.6204474568367004,0.21348661184310913
hungary,cleveland,v5_attention_equal_budget,v5,0,5068,10.0,0.6015923023223877,0.5676315466936948,0.5725010633468628,0.5918898582458496,0.1939685344696045
hungary,cleveland,v5_attention_equal_budget,v5,0,5068,15.0,0.5735776424407959,0.5651083321024868,0.5484930872917175,0.5619328618049622,0.18364639580249786
hungary,cleveland,v5_attention_equal_budget,v5,0,5068,20.0,0.5519750714302063,0.5844942832811858,0.5238049626350403,0.5454298853874207,0.17357666790485382
hungary,cleveland,v5_attention_equal_budget,v5,0,5068,25.0,0.5186310410499573,0.6145653842536569,0.4909323751926422,0.5141764879226685,0.16076605021953583
hungary,cleveland,v5_attention_equal_budget,v5,0,5068,30.0,0.5021864175796509,0.6464739856630777,0.4678642451763153,0.506256103515625,0.15126220881938934
hungary,cleveland,v5_attention_equal_budget,v5,0,5068,35.0,0.45872899889945984,0.6893222354052169,0.42652463912963867,0.463956743478775,0.13488329946994781
hungary,cleveland,v5_attention_equal_budget,v5,0,5068,40.0,0.464985191822052,0.7181762420685565,0.4302119016647339,0.4721906781196594,0.1378389298915863
hungary,cleveland,v5_attention_equal_budget,v5,0,5068,45.0,0.43587708473205566,0.7255615808121672,0.4032774567604065,0.44280824065208435,0.12834259867668152
hungary,cleveland,v5_attention_equal_budget,v5,0,5068,50.0,0.40017420053482056,0.7524504350530021,0.36866122484207153,0.40891867876052856,0.11384240537881851
hungary,cleveland,v5_attention_equal_budget,v5,0,5068,55.0,0.4045999348163605,0.7863043952133609,0.37451881170272827,0.41129428148269653,0.11693397909402847
hungary,cleveland,v5_attention_equal_budget,v5,0,5069,5.0,0.6162581443786621,0.6047071113453032,0.5915780663490295,0.600433349609375,0.20252487063407898
hungary,cleveland,v5_attention_equal_budget,v5,0,5069,10.0,0.5855397582054138,0.5952650019188541,0.5597190856933594,0.5734917521476746,0.1893431693315506
hungary,cleveland,v5_attention_equal_budget,v5,0,5069,15.0,0.5778527855873108,0.5998595488360018,0.5513615608215332,0.5670120120048523,0.18665997684001923
hungary,cleveland,v5_attention_equal_budget,v5,0,5069,20.0,0.5439335107803345,0.5938865404697599,0.517858624458313,0.5355061888694763,0.17251116037368774
hungary,cleveland,v5_attention_equal_budget,v5,0,5069,25.0,0.5231156945228577,0.5987643598764936,0.4970880150794983,0.5162360072135925,0.16453678905963898
hungary,cleveland,v5_attention_equal_budget,v5,0,5069,30.0,0.5224202275276184,0.6193031075223145,0.4932641088962555,0.5191045999526978,0.162358820438385
hungary,cleveland,v5_attention_equal_budget,v5,0,5069,35.0,0.47892484068870544,0.6377249425425893,0.4516083896160126,0.476992130279541,0.1462457776069641
hungary,cleveland,v5_attention_equal_budget,v5,0,5069,40.0,0.456272155046463,0.6732204231871983,0.4225025177001953,0.4631475508213043,0.13447138667106628
hungary,cleveland,v5_attention_equal_budget,v5,0,5069,45.0,0.45830827951431274,0.7113476110785995,0.4227583110332489,0.466562956571579,0.13647650182247162
hungary,cleveland,v5_attention_equal_budget,v5,0,5069,50.0,0.4362645447254181,0.7382344337304447,0.3996349573135376,0.44768133759498596,0.1260642260313034
hungary,cleveland,v5_attention_equal_budget,v5,0,5069,55.0,0.40092602372169495,0.7237090746235315,0.36917176842689514,0.4096360206604004,0.1152215376496315
hungary,cleveland,v5_attention_equal_budget,v5,0,5069,60.0,0.3782113492488861,0.7387164162270048,0.3446527123451233,0.3905884921550751,0.10590767860412598
hungary,cleveland,v5_attention_equal_budget,v5,0,5070,5.0,0.6190158724784851,0.5555273228334159,0.5942991375923157,0.6030139923095703,0.20359326899051666
hungary,cleveland,v5_attention_equal_budget,v5,0,5070,10.0,0.5809041857719421,0.5847820822178733,0.555623471736908,0.5687128305435181,0.18736089766025543
hungary,cleveland,v5_attention_equal_budget,v5,0,5070,15.0,0.5540629625320435,0.6037940056373284,0.5262414813041687,0.5467700362205505,0.1755719929933548
hungary,cleveland,v5_attention_equal_budget,v5,0,5070,20.0,0.5298656225204468,0.5959172198655649,0.49955981969833374,0.5271665453910828,0.1650245040655136
hungary,cleveland,v5_attention_equal_budget,v5,0,5070,25.0,0.5165234804153442,0.6066091369598654,0.48148345947265625,0.5200154185295105,0.15774008631706238
hungary,cleveland,v5_attention_equal_budget,v5,0,5070,30.0,0.5032641887664795,0.6332194433738063,0.4724106192588806,0.5032503008842468,0.15433751046657562
hungary,cleveland,v5_attention_equal_budget,v5,0,5070,35.0,0.48325058817863464,0.6538707487723548,0.449954092502594,0.4872453808784485,0.14650841057300568
hungary,cleveland,v5_attention_equal_budget,v5,0,5070,40.0,0.444180965423584,0.6776665532360047,0.4121549427509308,0.45013102889060974,0.1303797960281372
hungary,cleveland,v5_attention_equal_budget,v5,0,5070,45.0,0.43775475025177,0.6944675496051675,0.4048832952976227,0.44488954544067383,0.1286834180355072
hungary,cleveland,v5_attention_equal_budget,v5,0,5071,5.0,0.6365551352500916,0.5790675550295792,0.612777054309845,0.6179394125938416,0.21196909248828888
hungary,cleveland,v5_attention_equal_budget,v5,0,5071,10.0,0.6042327880859375,0.574974649199226,0.5778833031654358,0.5912167429924011,0.19682788848876953
hungary,cleveland,v5_attention_equal_budget,v5,0,5071,15.0,0.5729830265045166,0.5749184522295583,0.5485404133796692,0.5604248046875,0.18500468134880066
hungary,cleveland,v5_attention_equal_budget,v5,0,5071,20.0,0.5626386404037476,0.5851911058492809,0.5374922156333923,0.5515252351760864,0.18129928410053253
hungary,cleveland,v5_attention_equal_budget,v5,0,5071,25.0,0.5443129539489746,0.6213633906513646,0.5163048505783081,0.5379323363304138,0.17194396257400513
hungary,cleveland,v5_attention_equal_budget,v5,0,5071,30.0,0.5099523663520813,0.6132230730518614,0.4829752743244171,0.5052453279495239,0.15842075645923615
hungary,cleveland,v5_attention_equal_budget,v5,0,5071,35.0,0.49431055784225464,0.6417968058606072,0.4624566435813904,0.49626705050468445,0.14948731660842896
hungary,cleveland,v5_attention_equal_budget,v5,0,5071,40.0,0.47249680757522583,0.6805317538331326,0.4344705641269684,0.4827778935432434,0.13872557878494263
hungary,cleveland,v5_attention_equal_budget,v5,0,5071,45.0,0.43148189783096313,0.7117913422544149,0.3976048231124878,0.44024306535720825,0.1255796253681183
hungary,cleveland,v5_attention_equal_budget,v5,0,5071,50.0,0.4398898482322693,0.7562314469229674,0.40351253747940063,0.450655072927475,0.12806060910224915
hungary,cleveland,v5_attention_equal_budget,v5,0,5071,55.0,0.40012025833129883,0.7515810794237929,0.36816614866256714,0.40889865159988403,0.11587844789028168
hungary,switzerland,v5_attention_equal_budget,v5,0,5062,5.0,0.6114251613616943,0.6988257718048447,0.5865896344184875,0.5962878465652466,0.19986362755298615
hungary,switzerland,v5_attention_equal_budget,v5,0,5062,10.0,0.5626707077026367,0.7693611675545482,0.5366178154945374,0.5529698729515076,0.1787688285112381
hungary,switzerland,v5_attention_equal_budget,v5,0,5062,15.0,0.5313371419906616,0.7692781024250531,0.5074273943901062,0.5217037200927734,0.16771583259105682
hungary,switzerland,v5_attention_equal_budget,v5,0,5062,20.0,0.5161037445068359,0.7785429541488413,0.4925902783870697,0.507182776927948,0.16217215359210968
hungary,switzerland,v5_attention_equal_budget,v5,0,5062,25.0,0.5075164437294006,0.8073466285721963,0.48320403695106506,0.4999690055847168,0.15929929912090302
hungary,switzerland,v5_attention_equal_budget,v5,0,5062,30.0,0.49727118015289307,0.811242778469627,0.47382959723472595,0.48967599868774414,0.15518371760845184
hungary,switzerland,v5_attention_equal_budget,v5,0,5062,35.0,0.4868572950363159,0.8065946688139618,0.464971661567688,0.4783293902873993,0.15206745266914368
hungary,switzerland,v5_attention_equal_budget,v5,0,5062,40.0,0.47079533338546753,0.8242443531801207,0.45011261105537415,0.462252140045166,0.14612984657287598
hungary,switzerland,v5_attention_equal_budget,v5,0,5062,45.0,0.46443116664886475,0.8293395364980056,0.4416894316673279,0.4584794044494629,0.14346735179424286
hungary,switzerland,v5_attention_equal_budget,v5,0,5063,5.0,0.6296941041946411,0.6828797195479723,0.6063024997711182,0.611359715461731,0.20862968266010284
hungary,switzerland,v5_attention_equal_budget,v5,0,5063,10.0,0.5648742318153381,0.7459112904886203,0.5399135947227478,0.5538077354431152,0.18013522028923035
hungary,switzerland,v5_attention_equal_budget,v5,0,5063,15.0,0.5514106750488281,0.7078245739008003,0.5254982113838196,0.5423485636711121,0.17487287521362305
hungary,switzerland,v5_attention_equal_budget,v5,0,5063,20.0,0.5292404294013977,0.7069749054749193,0.5056118965148926,0.5195218324661255,0.16673560440540314
hungary,switzerland,v5_attention_equal_budget,v5,0,5063,25.0,0.5193074345588684,0.7489767070159423,0.49427106976509094,0.5117136836051941,0.16315054893493652
hungary,switzerland,v5_attention_equal_budget,v5,0,5063,30.0,0.5032816529273987,0.7405001094720272,0.4802836775779724,0.49482640624046326,0.1572660356760025
hungary,switzerland,v5_attention_equal_budget,v5,0,5063,35.0,0.48587533831596375,0.7249661510345952,0.46562665700912476,0.475840300321579,0.15141864120960236
hungary,switzerland,v5_attention_equal_budget,v5,0,5063,40.0,0.4754827916622162,0.7459736133481047,0.4540601372718811,0.46748781204223633,0.14708822965621948
hungary,switzerland,v5_attention_equal_budget,v5,0,5063,45.0,0.468230664730072,0.7177635583594397,0.4468608498573303,0.4605598449707031,0.14520308375358582
hungary,switzerland,v5_attention_equal_budget,v5,0,5064,5.0,0.6017705202102661,0.6299256627008334,0.5769923329353333,0.5874720811843872,0.19538259506225586
hungary,switzerland,v5_attention_equal_budget,v5,0,5064,10.0,0.5565124154090881,0.683444330756962,0.5310834646224976,0.5465493202209473,0.17696015536785126
hungary,switzerland,v5_attention_equal_budget,v5,0,5064,15.0,0.5430869460105896,0.7029616679849942,0.5189074873924255,0.5328724980354309,0.1719694584608078
hungary,switzerland,v5_attention_equal_budget,v5,0,5064,20.0,0.5262449383735657,0.7270667909650008,0.5035847425460815,0.5156823992729187,0.16611388325691223
hungary,switzerland,v5_attention_equal_budget,v5,0,5064,25.0,0.5091205835342407,0.7519990685402629,0.48553043603897095,0.5008339285850525,0.15938390791416168
hungary,switzerland,v5_attention_equal_budget,v5,0,5064,30.0,0.5004176497459412,0.7530507237308157,0.4762192368507385,0.4935063421726227,0.1555483639240265
hungary,switzerland,v5_attention_equal_budget,v5,0,5064,35.0,0.49721503257751465,0.7454204734201102,0.47422292828559875,0.48904475569725037,0.15581199526786804
hungary,switzerland,v5_attention_equal_budget,v5,0,5064,40.0,0.4733969271183014,0.7425239533133673,0.45134761929512024,0.4660674035549164,0.14689403772354126
hungary,switzerland,v5_attention_equal_budget,v5,0,5064,45.0,0.4659128487110138,0.7353461231967657,0.4447914659976959,0.4581938683986664,0.14420171082019806
hungary,switzerland,v5_attention_equal_budget,v5,0,5065,5.0,0.5980716347694397,0.6443012996178866,0.5735200643539429,0.58381187915802,0.19405676424503326
hungary,switzerland,v5_attention_equal_budget,v5,0,5065,10.0,0.5566091537475586,0.7148080680337479,0.5261196494102478,0.552028477191925,0.1753508299589157
hungary,switzerland,v5_attention_equal_budget,v5,0,5065,15.0,0.5338104963302612,0.7069620479906105,0.5073925256729126,0.5265629887580872,0.16832691431045532
hungary,switzerland,v5_attention_equal_budget,v5,0,5065,20.0,0.5161784887313843,0.712072637106616,0.4912022650241852,0.508851945400238,0.16151389479637146
hungary,switzerland,v5_attention_equal_budget,v5,0,5065,25.0,0.5063202381134033,0.7427868121834209,0.4795389771461487,0.501513659954071,0.15793895721435547
hungary,switzerland,v5_attention_equal_budget,v5,0,5065,30.0,0.4881490468978882,0.7495165725746185,0.4645724892616272,0.4812319874763489,0.1524679958820343
hungary,switzerland,v5_attention_equal_budget,v5,0,5065,35.0,0.46932417154312134,0.7529260631886028,0.44889768958091736,0.46048328280448914,0.1463368982076645
hungary,switzerland,v5_attention_equal_budget,v5,0,5065,40.0,0.4570819139480591,0.784712212259767,0.4364953935146332,0.4493851661682129,0.14141631126403809
hungary,switzerland,v5_attention_equal_budget,v5,0,5065,45.0,0.43984562158584595,0.8077149502295957,0.41850146651268005,0.43420925736427307,0.134902685880661
hungary,switzerland,v5_attention_equal_budget,v5,0,5066,5.0,0.5711103677749634,0.6322190256049408,0.5447718501091003,0.5608588457107544,0.1829504519701004
hungary,switzerland,v5_attention_equal_budget,v5,0,5066,10.0,0.533714234828949,0.6330918495662852,0.508012056350708,0.5258210301399231,0.1679769605398178
hungary,switzerland,v5_attention_equal_budget,v5,0,5066,15.0,0.5271070003509521,0.6365353852121306,0.5022934079170227,0.5186259150505066,0.16647328436374664
hungary,switzerland,v5_attention_equal_budget,v5,0,5066,20.0,0.5102846622467041,0.6396064704365825,0.4862249791622162,0.5022734999656677,0.16035445034503937
hungary,switzerland,v5_attention_equal_budget,v5,0,5066,25.0,0.5004265308380127,0.6349077074066731,0.47702619433403015,0.49234411120414734,0.15741367638111115
hungary,switzerland,v5_attention_equal_budget,v5,0,5066,30.0,0.4773368239402771,0.650141103521445,0.4552893042564392,0.4696880280971527,0.14848177134990692
hungary,switzerland,v5_attention_equal_budget,v5,0,5066,35.0,0.4587128162384033,0.6869313699445081,0.4370664060115814,0.4520377218723297,0.14160746335983276
hungary,switzerland,v5_attention_equal_budget,v5,0,5066,40.0,0.44703173637390137,0.6941202101396158,0.42578569054603577,0.44079333543777466,0.13742221891880035
hungary,switzerland,v5_attention_equal_budget,v5,0,5066,45.0,0.4347447454929352,0.7243011744849324,0.41399624943733215,0.4287327826023102,0.13380233943462372
hungary,switzerland,v5_attention_equal_budget,v5,0,5067,5.0,0.6185282468795776,0.700707843040681,0.5942255258560181,0.6020970344543457,0.20366966724395752
hungary,switzerland,v5_attention_equal_budget,v5,0,5067,10.0,0.5460862517356873,0.7217937258722524,0.5213020443916321,0.5362637639045715,0.17303360998630524
hungary,switzerland,v5_attention_equal_budget,v5,0,5067,15.0,0.5294272899627686,0.7050676510152342,0.5032832026481628,0.5223196148872375,0.16625863313674927
hungary,switzerland,v5_attention_equal_budget,v5,0,5067,20.0,0.5147169232368469,0.692816521148367,0.4916187524795532,0.5055351257324219,0.16139966249465942
hungary,switzerland,v5_attention_equal_budget,v5,0,5067,25.0,0.4968218207359314,0.7282015418239971,0.47265201807022095,0.4900796115398407,0.15456007421016693
hungary,switzerland,v5_attention_equal_budget,v5,0,5067,30.0,0.4885501265525818,0.7251114654310064,0.465350478887558,0.48132333159446716,0.1521322876214981
hungary,switzerland,v5_attention_equal_budget,v5,0,5067,35.0,0.47640207409858704,0.7141371879438834,0.45567846298217773,0.4674994647502899,0.14813083410263062
hungary,switzerland,v5_attention_equal_budget,v5,0,5067,40.0,0.4618975520133972,0.7176422777478585,0.4417535960674286,0.45332080125808716,0.1436038315296173
hungary,switzerland,v5_attention_equal_budget,v5,0,5067,45.0,0.4390636086463928,0.7470694485774567,0.41931936144828796,0.43171796202659607,0.13544951379299164
hungary,switzerland,v5_attention_equal_budget,v5,0,5067,50.0,0.4441034197807312,0.7241200880349083,0.42297661304473877,0.437826544046402,0.13701863586902618
hungary,switzerland,v5_attention_equal_budget,v5,0,5067,55.0,0.43097302317619324,0.7805783345629205,0.41097575426101685,0.4245729446411133,0.13198663294315338
hungary,switzerland,v5_attention_equal_budget,v5,0,5067,60.0,0.4135151505470276,0.7797605793881045,0.3945559859275818,0.40723276138305664,0.12620790302753448
hungary,switzerland,v5_attention_equal_budget,v5,0,5068,5.0,0.6162741780281067,0.6540426563270898,0.5929552912712097,0.5991188287734985,0.20237131416797638
hungary,switzerland,v5_attention_equal_budget,v5,0,5068,10.0,0.5610522031784058,0.7667182618728204,0.533187210559845,0.5533763766288757,0.17770396173000336
hungary,switzerland,v5_attention_equal_budget,v5,0,5068,15.0,0.5413169860839844,0.7644541999328514,0.5151939392089844,0.5332447290420532,0.1709766685962677
hungary,switzerland,v5_attention_equal_budget,v5,0,5068,20.0,0.5269710421562195,0.7461654908858,0.5019104480743408,0.5188692212104797,0.16581253707408905
hungary,switzerland,v5_attention_equal_budget,v5,0,5068,25.0,0.513748824596405,0.748830406966161,0.48808300495147705,0.5072764754295349,0.16069062054157257
hungary,switzerland,v5_attention_equal_budget,v5,0,5068,30.0,0.490526020526886,0.761925308934893,0.4670927822589874,0.48354196548461914,0.15208666026592255
hungary,switzerland,v5_attention_equal_budget,v5,0,5068,35.0,0.48706725239753723,0.7577237666578929,0.46311506628990173,0.4807344377040863,0.1514250487089157
hungary,switzerland,v5_attention_equal_budget,v5,0,5068,40.0,0.4736484885215759,0.7703749880128736,0.4517502188682556,0.4661756455898285,0.14685578644275665
hungary,switzerland,v5_attention_equal_budget,v5,0,5068,45.0,0.4510064721107483,0.803573679185412,0.42852047085762024,0.44579774141311646,0.13847340643405914
hungary,switzerland,v5_attention_equal_budget,v5,0,5069,5.0,0.623387336730957,0.6458951115643027,0.6001575589179993,0.6054720878601074,0.20572514832019806
hungary,switzerland,v5_attention_equal_budget,v5,0,5069,10.0,0.5619217157363892,0.6998031878942611,0.5363103747367859,0.5516257286071777,0.17953604459762573
hungary,switzerland,v5_attention_equal_budget,v5,0,5069,15.0,0.5423396229743958,0.7294355949870412,0.5178632736206055,0.532520592212677,0.17147713899612427
hungary,switzerland,v5_attention_equal_budget,v5,0,5069,20.0,0.5353154540061951,0.7185928982730967,0.509963870048523,0.5268926620483398,0.16887174546718597
hungary,switzerland,v5_attention_equal_budget,v5,0,5069,25.0,0.5124713778495789,0.7257132274482754,0.48965734243392944,0.5031327605247498,0.1607632339000702
hungary,switzerland,v5_attention_equal_budget,v5,0,5069,30.0,0.5034019351005554,0.7283524375324595,0.4800196886062622,0.49525022506713867,0.15766988694667816
hungary,switzerland,v5_attention_equal_budget,v5,0,5069,35.0,0.49023571610450745,0.7091819707609455,0.4682380259037018,0.4816449284553528,0.15294213593006134
hungary,switzerland,v5_attention_equal_budget,v5,0,5069,40.0,0.4766708016395569,0.740815461162118,0.4545757472515106,0.4692164361476898,0.14774708449840546
hungary,switzerland,v5_attention_equal_budget,v5,0,5069,45.0,0.45580360293388367,0.7998973550179591,0.4352397620677948,0.4482356011867523,0.14065909385681152
hungary,switzerland,v5_attention_equal_budget,v5,0,5070,5.0,0.5928532481193542,0.6858347953107314,0.5662368535995483,0.5810753703117371,0.19197168946266174
hungary,switzerland,v5_attention_equal_budget,v5,0,5070,10.0,0.5524873733520508,0.7632365910264377,0.5266974568367004,0.5432141423225403,0.17531554400920868
hungary,switzerland,v5_attention_equal_budget,v5,0,5070,15.0,0.5331651568412781,0.7437141654972553,0.5096569061279297,0.5229359865188599,0.1686871349811554
hungary,switzerland,v5_attention_equal_budget,v5,0,5070,20.0,0.5297881364822388,0.7204249933025413,0.5047428607940674,0.5213218927383423,0.1675577610731125
hungary,switzerland,v5_attention_equal_budget,v5,0,5070,25.0,0.5027168989181519,0.7172290521948077,0.48045894503593445,0.49338865280151367,0.15793102979660034
hungary,switzerland,v5_attention_equal_budget,v5,0,5070,30.0,0.4835537374019623,0.7410907300640279,0.46321243047714233,0.47370195388793945,0.15096542239189148
hungary,switzerland,v5_attention_equal_budget,v5,0,5070,35.0,0.46604347229003906,0.7323705884942001,0.4448167085647583,0.4583706855773926,0.1444976031780243
hungary,switzerland,v5_attention_equal_budget,v5,0,5070,40.0,0.45188337564468384,0.7677030315780035,0.4295605719089508,0.4464138150215149,0.1389615535736084
hungary,switzerland,v5_attention_equal_budget,v5,0,5070,45.0,0.44019997119903564,0.7738670072774259,0.4185486137866974,0.4347851872444153,0.1353306621313095
hungary,switzerland,v5_attention_equal_budget,v5,0,5071,5.0,0.6063169240951538,0.649649665566387,0.58244389295578,0.590577244758606,0.1980636715888977
hungary,switzerland,v5_attention_equal_budget,v5,0,5071,10.0,0.5651284456253052,0.6545607443761906,0.5401080846786499,0.5541383624076843,0.18005259335041046
hungary,switzerland,v5_attention_equal_budget,v5,0,5071,15.0,0.5401136875152588,0.6459870107670704,0.5143656134605408,0.5318421721458435,0.17009788751602173
hungary,switzerland,v5_attention_equal_budget,v5,0,5071,20.0,0.5238062143325806,0.6724507873914158,0.4992995262145996,0.5155026316642761,0.16405127942562103
hungary,switzerland,v5_attention_equal_budget,v5,0,5071,25.0,0.5054813623428345,0.6971177891514617,0.47952815890312195,0.49999818205833435,0.15718181431293488
hungary,switzerland,v5_attention_equal_budget,v5,0,5071,30.0,0.49892473220825195,0.7003120394826094,0.47558435797691345,0.4911680221557617,0.1554853469133377
hungary,switzerland,v5_attention_equal_budget,v5,0,5071,35.0,0.483092337846756,0.714283974957078,0.46118271350860596,0.4749697744846344,0.1501609981060028
hungary,switzerland,v5_attention_equal_budget,v5,0,5071,40.0,0.46458491683006287,0.7470049990012432,0.44373995065689087,0.45667240023612976,0.1437876671552658
hungary,switzerland,v5_attention_equal_budget,v5,0,5071,45.0,0.4557126462459564,0.7593728169103806,0.43455082178115845,0.4487164616584778,0.14079006016254425
hungary,switzerland,v5_attention_equal_budget,v5,0,5071,50.0,0.44453537464141846,0.7900352425765271,0.42098918557167053,0.4408995807170868,0.1359100639820099
hungary,switzerland,v5_attention_equal_budget,v5,0,5071,55.0,0.42514896392822266,0.7932633234350555,0.4045448899269104,0.41975662112236023,0.1299823373556137
hungary,va_long_beach,v5_attention_equal_budget,v5,0,5062,5.0,0.5592889189720154,0.6791561386447971,0.5390887260437012,0.5435186624526978,0.17985251545906067
hungary,va_long_beach,v5_attention_equal_budget,v5,0,5062,10.0,0.4863787293434143,0.8519537826732964,0.468623548746109,0.4734461009502411,0.1534389704465866
hungary,va_long_beach,v5_attention_equal_budget,v5,0,5062,15.0,0.4510621428489685,0.8473431612151616,0.43069347739219666,0.4438665509223938,0.13782134652137756
hungary,va_long_beach,v5_attention_equal_budget,v5,0,5062,20.0,0.42491137981414795,0.8458469899338623,0.4057900607585907,0.41826048493385315,0.12886105477809906
hungary,va_long_beach,v5_attention_equal_budget,v5,0,5062,25.0,0.40402013063430786,0.9581456362839557,0.3831675350666046,0.40080365538597107,0.12034530192613602
hungary,va_long_beach,v5_attention_equal_budget,v5,0,5062,30.0,0.38815248012542725,0.9696543667909037,0.36809301376342773,0.3849045932292938,0.11653647571802139
hungary,va_long_beach,v5_attention_equal_budget,v5,0,5062,35.0,0.36360621452331543,0.9800505322121063,0.3422779440879822,0.36357584595680237,0.10679297894239426
hungary,va_long_beach,v5_attention_equal_budget,v5,0,5062,40.0,0.3660154640674591,1.0274265808989271,0.34523922204971313,0.3651449382305145,0.1082339659333229
hungary,va_long_beach,v5_attention_equal_budget,v5,0,5062,45.0,0.33507978916168213,1.0743099600149761,0.31289732456207275,0.3379914462566376,0.09635397791862488
hungary,va_long_beach,v5_attention_equal_budget,v5,0,5063,5.0,0.5519927740097046,0.7183504515148995,0.5324738025665283,0.5362244844436646,0.1764364242553711
hungary,va_long_beach,v5_attention_equal_budget,v5,0,5063,10.0,0.48631954193115234,0.9057408184810538,0.4658670425415039,0.4764572083950043,0.15157394111156464
hungary,va_long_beach,v5_attention_equal_budget,v5,0,5063,15.0,0.46089088916778564,0.8708892226458083,0.44032207131385803,0.4530409872531891,0.14209356904029846
hungary,va_long_beach,v5_attention_equal_budget,v5,0,5063,20.0,0.43971750140190125,0.9171027359434069,0.415679007768631,0.43747615814208984,0.1313992142677307
hungary,va_long_beach,v5_attention_equal_budget,v5,0,5063,25.0,0.39779597520828247,0.952343753279965,0.3761421740055084,0.3958262503147125,0.11811765283346176
hungary,va_long_beach,v5_attention_equal_budget,v5,0,5063,30.0,0.3878839910030365,0.9532261564228445,0.36774271726608276,0.3851000964641571,0.11462610214948654
hungary,va_long_beach,v5_attention_equal_budget,v5,0,5063,35.0,0.3606203496456146,0.9687775009297425,0.33847522735595703,0.3621884286403656,0.10288508981466293
hungary,va_long_beach,v5_attention_equal_budget,v5,0,5063,40.0,0.34847527742385864,0.9790540582379537,0.32620641589164734,0.350867360830307,0.09938377141952515
hungary,va_long_beach,v5_attention_equal_budget,v5,0,5063,45.0,0.34479886293411255,1.0107153075843534,0.32202211022377014,0.347732275724411,0.09921669960021973
hungary,va_long_beach,v5_attention_equal_budget,v5,0,5064,5.0,0.534451425075531,0.7424269947953936,0.5149644017219543,0.5201405882835388,0.16898931562900543
hungary,va_long_beach,v5_attention_equal_budget,v5,0,5064,10.0,0.468548446893692,0.8753993728318696,0.4517214000225067,0.45607683062553406,0.14649322628974915
hungary,va_long_beach,v5_attention_equal_budget,v5,0,5064,15.0,0.45187705755233765,0.914300696382087,0.43172529339790344,0.4440949559211731,0.13966907560825348
hungary,va_long_beach,v5_attention_equal_budget,v5,0,5064,20.0,0.4180300533771515,0.890186550493971,0.4015338122844696,0.4089178144931793,0.1280423253774643
hungary,va_long_beach,v5_attention_equal_budget,v5,0,5064,25.0,0.3951469659805298,0.9123142992075557,0.3786001205444336,0.387806236743927,0.11943785101175308
hungary,va_long_beach,v5_attention_equal_budget,v5,0,5064,30.0,0.3708180785179138,0.9375371080897912,0.3544992208480835,0.36492928862571716,0.1110382080078125
hungary,va_long_beach,v5_attention_equal_budget,v5,0,5064,35.0,0.3735641837120056,0.9931990992820299,0.3527926504611969,0.3722808063030243,0.11027459055185318
hungary,va_long_beach,v5_attention_equal_budget,v5,0,5064,40.0,0.3285423219203949,1.0087397959651887,0.3088167607784271,0.3297974765300751,0.09235194325447083
hungary,va_long_beach,v5_attention_equal_budget,v5,0,5064,45.0,0.34284141659736633,1.02961529453801,0.31963708996772766,0.3464273512363434,0.09809201210737228
hungary,va_long_beach,v5_attention_equal_budget,v5,0,5065,5.0,0.5996225476264954,0.6805196311468739,0.5779855847358704,0.5820136070251465,0.19622963666915894
hungary,va_long_beach,v5_attention_equal_budget,v5,0,5065,10.0,0.5052474737167358,0.7569795294395227,0.4870949983596802,0.491409033536911,0.1599545031785965
hungary,va_long_beach,v5_attention_equal_budget,v5,0,5065,15.0,0.4841366708278656,0.8279570880257199,0.4653239846229553,0.47266730666160583,0.15141049027442932
hungary,va_long_beach,v5_attention_equal_budget,v5,0,5065,20.0,0.4287540912628174,0.866463655780173,0.4111039340496063,0.42030078172683716,0.1305176168680191
hungary,va_long_beach,v5_attention_equal_budget,v5,0,5065,25.0,0.413677453994751,0.8748550538310241,0.3950596749782562,0.407400518655777,0.12447351962327957
hungary,va_long_beach,v5_attention_equal_budget,v5,0,5065,30.0,0.40681809186935425,0.9124749510657063,0.3800985515117645,0.40985995531082153,0.11838861554861069
hungary,va_long_beach,v5_attention_equal_budget,v5,0,5065,35.0,0.382483571767807,0.905971463952715,0.3597259521484375,0.3827682435512543,0.11236468702554703
hungary,va_long_beach,v5_attention_equal_budget,v5,0,5065,40.0,0.3484288156032562,0.9609087263786241,0.3300447463989258,0.34665918350219727,0.10076840966939926
hungary,va_long_beach,v5_attention_equal_budget,v5,0,5065,45.0,0.3738829791545868,1.011069253773203,0.34441614151000977,0.38200291991233826,0.1067342758178711
hungary,va_long_beach,v5_attention_equal_budget,v5,0,5066,5.0,0.5779100656509399,0.700469604553217,0.5575551986694336,0.5610162615776062,0.18624284863471985
hungary,va_long_beach,v5_attention_equal_budget,v5,0,5066,10.0,0.4918527901172638,0.8177560389163401,0.4745010435581207,0.4784524142742157,0.15376067161560059
hungary,va_long_beach,v5_attention_equal_budget,v5,0,5066,15.0,0.46035319566726685,0.8108575620720064,0.4435604214668274,0.44850969314575195,0.14318127930164337
hungary,va_long_beach,v5_attention_equal_budget,v5,0,5066,20.0,0.43376943469047546,0.8177363998801752,0.4150111973285675,0.4261239171028137,0.13201875984668732
hungary,va_long_beach,v5_attention_equal_budget,v5,0,5066,25.0,0.4147662818431854,0.8990882623948504,0.3967987596988678,0.4074898660182953,0.12621961534023285
hungary,va_long_beach,v5_attention_equal_budget,v5,0,5066,30.0,0.3916017711162567,0.9539659245751068,0.3718677759170532,0.3878077566623688,0.11764020472764969
hungary,va_long_beach,v5_attention_equal_budget,v5,0,5066,35.0,0.36195430159568787,1.0258774319259878,0.34403422474861145,0.3587248921394348,0.105747289955616
hungary,va_long_beach,v5_attention_equal_budget,v5,0,5066,40.0,0.35278141498565674,1.1012365289517991,0.3341893255710602,0.3506983816623688,0.10337549448013306
hungary,va_long_beach,v5_attention_equal_budget,v5,0,5066,45.0,0.3509218692779541,1.1182725578275146,0.32636457681655884,0.35532599687576294,0.10076586902141571
hungary,va_long_beach,v5_attention_equal_budget,v5,0,5067,5.0,0.5985391139984131,0.6616012445072499,0.5773857235908508,0.5806102156639099,0.1954115778207779
hungary,va_long_beach,v5_attention_equal_budget,v5,0,5067,10.0,0.4868342876434326,0.776373280497396,0.4692743718624115,0.4740065634250641,0.15193822979927063
hungary,va_long_beach,v5_attention_equal_budget,v5,0,5067,15.0,0.4259559214115143,0.9133320272539047,0.4099310636520386,0.41602134704589844,0.1297970414161682
hungary,va_long_beach,v5_attention_equal_budget,v5,0,5067,20.0,0.4011327624320984,0.9309392748782965,0.3810785114765167,0.3974463641643524,0.11870315670967102
hungary,va_long_beach,v5_attention_equal_budget,v5,0,5067,25.0,0.4093879461288452,0.9260368846900744,0.38518038392066956,0.4092726707458496,0.12161429971456528
hungary,va_long_beach,v5_attention_equal_budget,v5,0,5067,30.0,0.3770620822906494,0.9696576001483129,0.3577306270599365,0.3743148744106293,0.11039305478334427
hungary,va_long_beach,v5_attention_equal_budget,v5,0,5067,35.0,0.357155978679657,1.0239126892011001,0.3380676805973053,0.355540007352829,0.10352126508951187
hungary,va_long_beach,v5_attention_equal_budget,v5,0,5067,40.0,0.3355264961719513,1.0618542743699968,0.3182792663574219,0.3336176872253418,0.09578012675046921
hungary,va_long_beach,v5_attention_equal_budget,v5,0,5067,45.0,0.34524238109588623,1.0643727630508955,0.318115234375,0.3528580665588379,0.09755728393793106
hungary,va_long_beach,v5_attention_equal_budget,v5,0,5068,5.0,0.6166985034942627,0.7121906563070608,0.5922569632530212,0.6006890535354614,0.2022550404071808
hungary,va_long_beach,v5_attention_equal_budget,v5,0,5068,10.0,0.49896240234375,0.7783317446414048,0.4819563925266266,0.48467132449150085,0.1564853936433792
hungary,va_long_beach,v5_attention_equal_budget,v5,0,5068,15.0,0.47579142451286316,0.887896301522503,0.45555952191352844,0.46654748916625977,0.1473792940378189
hungary,va_long_beach,v5_attention_equal_budget,v5,0,5068,20.0,0.4365954101085663,0.9040173442105257,0.41884496808052063,0.4275527000427246,0.13396604359149933
hungary,va_long_beach,v5_attention_equal_budget,v5,0,5068,25.0,0.40726420283317566,0.9137540246449757,0.3900475800037384,0.3997285068035126,0.1237616017460823
hungary,va_long_beach,v5_attention_equal_budget,v5,0,5068,30.0,0.39167070388793945,0.9924832887739679,0.3717341125011444,0.38810738921165466,0.1174994483590126
hungary,va_long_beach,v5_attention_equal_budget,v5,0,5068,35.0,0.3526216149330139,1.074582186310641,0.3347901701927185,0.34995537996292114,0.10248851776123047
hungary,va_long_beach,v5_attention_equal_budget,v5,0,5068,40.0,0.35997405648231506,1.1034978441258825,0.33812278509140015,0.3611474931240082,0.10338924825191498
hungary,va_long_beach,v5_attention_equal_budget,v5,0,5068,45.0,0.3347397446632385,1.1357157817666845,0.3134136199951172,0.3369854986667633,0.09540208429098129
hungary,va_long_beach,v5_attention_equal_budget,v5,0,5069,5.0,0.5556302666664124,0.7161789502418223,0.5361486077308655,0.5394989848136902,0.17806486785411835
hungary,va_long_beach,v5_attention_equal_budget,v5,0,5069,10.0,0.5002068281173706,0.8333612759278528,0.4751509726047516,0.4941876530647278,0.15537495911121368
hungary,va_long_beach,v5_attention_equal_budget,v5,0,5069,15.0,0.44639718532562256,0.8217618237704944,0.4307156801223755,0.43444013595581055,0.13819272816181183
hungary,va_long_beach,v5_attention_equal_budget,v5,0,5069,20.0,0.4317946434020996,0.8322212375022032,0.4113733470439911,0.42616960406303406,0.1302317976951599
hungary,va_long_beach,v5_attention_equal_budget,v5,0,5069,25.0,0.4222583770751953,0.8599371190247205,0.39717087149620056,0.42226657271385193,0.1253964602947235
hungary,va_long_beach,v5_attention_equal_budget,v5,0,5069,30.0,0.3954039216041565,0.9085422469965119,0.37386277318000793,0.3936671316623688,0.11638978123664856
hungary,va_long_beach,v5_attention_equal_budget,v5,0,5069,35.0,0.3879094123840332,0.9505102948370046,0.3634920120239258,0.3896804749965668,0.11323150247335434
hungary,va_long_beach,v5_attention_equal_budget,v5,0,5069,40.0,0.3630097210407257,0.9797516708108684,0.3391936123371124,0.3659665286540985,0.10429646074771881
hungary,va_long_beach,v5_attention_equal_budget,v5,0,5069,45.0,0.36487454175949097,0.9875386207094518,0.33832788467407227,0.3704788386821747,0.10471174865961075
hungary,va_long_beach,v5_attention_equal_budget,v5,0,5070,5.0,0.5774836540222168,0.693533274532851,0.5556613206863403,0.5620291829109192,0.18638348579406738
hungary,va_long_beach,v5_attention_equal_budget,v5,0,5070,10.0,0.5136514902114868,0.7839699828375543,0.49116432666778564,0.5036713480949402,0.1623363047838211
hungary,va_long_beach,v5_attention_equal_budget,v5,0,5070,15.0,0.45267969369888306,0.8301148640378351,0.4352782070636749,0.4419938027858734,0.1404367834329605
hungary,va_long_beach,v5_attention_equal_budget,v5,0,5070,20.0,0.4285236597061157,0.8363761518872119,0.4092910587787628,0.4219561517238617,0.12900061905384064
hungary,va_long_beach,v5_attention_equal_budget,v5,0,5070,25.0,0.38708528876304626,0.8955594009248122,0.36840176582336426,0.3829224705696106,0.11423174291849136
hungary,va_long_beach,v5_attention_equal_budget,v5,0,5070,30.0,0.3942348062992096,0.9664047462041219,0.3716965615749359,0.39354297518730164,0.11615034192800522
hungary,va_long_beach,v5_attention_equal_budget,v5,0,5070,35.0,0.3716104030609131,0.9703227606161373,0.3517370820045471,0.36978769302368164,0.10848001390695572
hungary,va_long_beach,v5_attention_equal_budget,v5,0,5070,40.0,0.34317582845687866,1.0103657574218583,0.324063777923584,0.3426573872566223,0.09815250337123871
hungary,va_long_beach,v5_attention_equal_budget,v5,0,5070,45.0,0.35618728399276733,1.0100580204366039,0.3324190378189087,0.3596438467502594,0.10155858099460602
hungary,va_long_beach,v5_attention_equal_budget,v5,0,5071,5.0,0.5402234792709351,0.7597314554083537,0.5162981152534485,0.5300469398498535,0.17050988972187042
hungary,va_long_beach,v5_attention_equal_budget,v5,0,5071,10.0,0.4978356659412384,0.8684614729289584,0.46998903155326843,0.4948996603488922,0.15391331911087036
hungary,va_long_beach,v5_attention_equal_budget,v5,0,5071,15.0,0.44375038146972656,0.883435988213468,0.42354080080986023,0.436960905790329,0.13499514758586884
hungary,va_long_beach,v5_attention_equal_budget,v5,0,5071,20.0,0.4424746632575989,0.9334626242361558,0.4176549017429352,0.44064027070999146,0.1332705020904541
hungary,va_long_beach,v5_attention_equal_budget,v5,0,5071,25.0,0.40957680344581604,0.941053904671328,0.38862845301628113,0.40610989928245544,0.12207632511854172
hungary,va_long_beach,v5_attention_equal_budget,v5,0,5071,30.0,0.3747640550136566,0.9444856960245618,0.35042789578437805,0.3777898848056793,0.10655160248279572
hungary,va_long_beach,v5_attention_equal_budget,v5,0,5071,35.0,0.36858123540878296,1.0069489700938994,0.3424016535282135,0.37349405884742737,0.10633393377065659
hungary,va_long_beach,v5_attention_equal_budget,v5,0,5071,40.0,0.3825831413269043,1.0246713932794913,0.35255616903305054,0.39078330993652344,0.10913415998220444
hungary,va_long_beach,v5_attention_equal_budget,v5,0,5071,45.0,0.3179841935634613,1.08186503051801,0.2977640926837921,0.3201110064983368,0.0904664620757103
hungary,cleveland,v5_deepsets_equal_budget,v5,0,5062,5.0,0.6584385633468628,0.6273621068897599,0.6351672410964966,0.6374333500862122,0.22138217091560364
hungary,cleveland,v5_deepsets_equal_budget,v5,0,5062,10.0,0.6054102778434753,0.5945309690068076,0.5815289616584778,0.5898154377937317,0.19738079607486725
hungary,cleveland,v5_deepsets_equal_budget,v5,0,5062,15.0,0.59459388256073,0.5973365749743189,0.5669424533843994,0.5839056968688965,0.19169802963733673
hungary,cleveland,v5_deepsets_equal_budget,v5,0,5062,20.0,0.5795733332633972,0.6152859256794656,0.5511928200721741,0.5707911849021912,0.18581350147724152
hungary,cleveland,v5_deepsets_equal_budget,v5,0,5062,25.0,0.5744112730026245,0.6184354673681365,0.5470666289329529,0.5649579167366028,0.18398986756801605
hungary,cleveland,v5_deepsets_equal_budget,v5,0,5062,30.0,0.5598101615905762,0.6213263895308064,0.5327329635620117,0.5512570738792419,0.1781511753797531
hungary,cleveland,v5_deepsets_equal_budget,v5,0,5062,35.0,0.5497648119926453,0.6219791867875657,0.522493839263916,0.5421938300132751,0.1742095798254013
hungary,cleveland,v5_deepsets_equal_budget,v5,0,5062,40.0,0.5393025279045105,0.617902987101806,0.5129356980323792,0.5315086245536804,0.17080368101596832
hungary,cleveland,v5_deepsets_equal_budget,v5,0,5062,45.0,0.5381777882575989,0.6177010189235543,0.5127211809158325,0.5293478965759277,0.17143221199512482
hungary,cleveland,v5_deepsets_equal_budget,v5,0,5062,50.0,0.5270822644233704,0.626483467179351,0.5009395480155945,0.5199066996574402,0.16659125685691833
hungary,cleveland,v5_deepsets_equal_budget,v5,0,5063,5.0,0.6526165008544922,0.6381490172564406,0.629510223865509,0.6319794654846191,0.21871675550937653
hungary,cleveland,v5_deepsets_equal_budget,v5,0,5063,10.0,0.6080842018127441,0.6158454986429154,0.5836936831474304,0.5928006172180176,0.1983703225851059
hungary,cleveland,v5_deepsets_equal_budget,v5,0,5063,15.0,0.5881870985031128,0.6302036859173443,0.5602619051933289,0.5782052874565125,0.1895352452993393
hungary,cleveland,v5_deepsets_equal_budget,v5,0,5063,20.0,0.5737464427947998,0.6379917262551893,0.5427798628807068,0.5681743025779724,0.18269331753253937
hungary,cleveland,v5_deepsets_equal_budget,v5,0,5063,25.0,0.5535043478012085,0.6330013529934122,0.524670422077179,0.5474196672439575,0.17459245026111603
hungary,cleveland,v5_deepsets_equal_budget,v5,0,5063,30.0,0.5526126027107239,0.6218464706138556,0.524652361869812,0.5455215573310852,0.1752563863992691
hungary,cleveland,v5_deepsets_equal_budget,v5,0,5063,35.0,0.5452311038970947,0.6119278802874335,0.5185685157775879,0.5371074080467224,0.17393118143081665
hungary,cleveland,v5_deepsets_equal_budget,v5,0,5063,40.0,0.5410484671592712,0.6104144354697931,0.515046238899231,0.5325961112976074,0.17227311432361603
hungary,cleveland,v5_deepsets_equal_budget,v5,0,5063,45.0,0.5345466136932373,0.6160486830539293,0.5082462430000305,0.5268837213516235,0.16981574892997742
hungary,cleveland,v5_deepsets_equal_budget,v5,0,5063,50.0,0.5283165574073792,0.6158641236765384,0.5013813376426697,0.5217556953430176,0.16747993230819702
hungary,cleveland,v5_deepsets_equal_budget,v5,0,5063,55.0,0.5054524540901184,0.6159624556837083,0.4788150191307068,0.500540554523468,0.1577467918395996
hungary,cleveland,v5_deepsets_equal_budget,v5,0,5063,60.0,0.5169611573219299,0.6285550843290899,0.4885843098163605,0.5128728151321411,0.16232605278491974
hungary,cleveland,v5_deepsets_equal_budget,v5,0,5063,65.0,0.5148371458053589,0.6478661091284867,0.48556265234947205,0.5120372176170349,0.1603722721338272
hungary,cleveland,v5_deepsets_equal_budget,v5,0,5063,70.0,0.5032325983047485,0.6492204519200206,0.47572749853134155,0.49942827224731445,0.15654690563678741
hungary,cleveland,v5_deepsets_equal_budget,v5,0,5063,75.0,0.4871377944946289,0.6537915749599343,0.45764753222465515,0.48676595091819763,0.14931067824363708
hungary,cleveland,v5_deepsets_equal_budget,v5,0,5063,80.0,0.472480446100235,0.6643059321535622,0.44367384910583496,0.47259339690208435,0.14346806704998016
hungary,cleveland,v5_deepsets_equal_budget,v5,0,5064,5.0,0.6685680747032166,0.6335116289668732,0.6453202366828918,0.6465520262718201,0.22631968557834625
hungary,cleveland,v5_deepsets_equal_budget,v5,0,5064,10.0,0.6231720447540283,0.5971953586935373,0.5988785028457642,0.6064875721931458,0.20488981902599335
hungary,cleveland,v5_deepsets_equal_budget,v5,0,5064,15.0,0.5967040061950684,0.5957996589808991,0.5697544813156128,0.5850688815116882,0.1929233819246292
hungary,cleveland,v5_deepsets_equal_budget,v5,0,5064,20.0,0.5755566954612732,0.6198335427910173,0.5465356111526489,0.567798912525177,0.183894082903862
hungary,cleveland,v5_deepsets_equal_budget,v5,0,5064,25.0,0.5701030492782593,0.6390819152133549,0.5411121249198914,0.562719464302063,0.1818728744983673
hungary,cleveland,v5_deepsets_equal_budget,v5,0,5064,30.0,0.5588269233703613,0.6406542484568607,0.5282452702522278,0.5539813041687012,0.17713655531406403
hungary,cleveland,v5_deepsets_equal_budget,v5,0,5064,35.0,0.5562412738800049,0.6443759337937276,0.5275759100914001,0.5495911836624146,0.17657743394374847
hungary,cleveland,v5_deepsets_equal_budget,v5,0,5064,40.0,0.5424213409423828,0.6434211182908929,0.5154584050178528,0.535003662109375,0.17190343141555786
hungary,cleveland,v5_deepsets_equal_budget,v5,0,5064,45.0,0.5449985861778259,0.6422516464277516,0.5163304209709167,0.5389418601989746,0.17362387478351593
hungary,cleveland,v5_deepsets_equal_budget,v5,0,5064,50.0,0.5313855409622192,0.6465743517459402,0.5033748745918274,0.5258099436759949,0.16793107986450195
hungary,cleveland,v5_deepsets_equal_budget,v5,0,5064,55.0,0.5290698409080505,0.6487715765782778,0.49992090463638306,0.5249565243721008,0.16631098091602325
hungary,cleveland,v5_deepsets_equal_budget,v5,0,5065,5.0,0.6700376272201538,0.6409674329675747,0.646719753742218,0.6479586958885193,0.22698386013507843
hungary,cleveland,v5_deepsets_equal_budget,v5,0,5065,10.0,0.6118638515472412,0.6067339055457869,0.5878599286079407,0.5958887934684753,0.19989466667175293
hungary,cleveland,v5_deepsets_equal_budget,v5,0,5065,15.0,0.5816614627838135,0.6128003376678239,0.5537272691726685,0.5723409056663513,0.18627384305000305
hungary,cleveland,v5_deepsets_equal_budget,v5,0,5065,20.0,0.5886989235877991,0.6356773081900086,0.5575907230377197,0.5819764137268066,0.1891537606716156
hungary,cleveland,v5_deepsets_equal_budget,v5,0,5065,25.0,0.5708906054496765,0.6561030719140992,0.5430361032485962,0.5621423125267029,0.1830144226551056
hungary,cleveland,v5_deepsets_equal_budget,v5,0,5065,30.0,0.562943160533905,0.6659540642487107,0.5348450541496277,0.5551072955131531,0.17966972291469574
hungary,cleveland,v5_deepsets_equal_budget,v5,0,5065,35.0,0.5510509610176086,0.6657721063359068,0.5231234431266785,0.5439454913139343,0.17516517639160156
hungary,cleveland,v5_deepsets_equal_budget,v5,0,5065,40.0,0.5523595213890076,0.6541558903964233,0.5241432189941406,0.5454867482185364,0.17544563114643097
hungary,cleveland,v5_deepsets_equal_budget,v5,0,5065,45.0,0.5348308682441711,0.652451128155322,0.5085664987564087,0.5271893739700317,0.1695290505886078
hungary,cleveland,v5_deepsets_equal_budget,v5,0,5065,50.0,0.538598895072937,0.6566568103031815,0.5117149353027344,0.5312361121177673,0.17123350501060486
hungary,cleveland,v5_deepsets_equal_budget,v5,0,5066,5.0,0.6648123264312744,0.6278004035704812,0.6417829990386963,0.6429311037063599,0.22455263137817383
hungary,cleveland,v5_deepsets_equal_budget,v5,0,5066,10.0,0.6184347867965698,0.5828502922223019,0.5949341058731079,0.6012927293777466,0.2032134234905243
hungary,cleveland,v5_deepsets_equal_budget,v5,0,5066,15.0,0.5922465920448303,0.5653275471876541,0.5664688944816589,0.5797049403190613,0.19159670174121857
hungary,cleveland,v5_deepsets_equal_budget,v5,0,5066,20.0,0.5877727270126343,0.566148088443089,0.5600795745849609,0.5775151252746582,0.18975375592708588
hungary,cleveland,v5_deepsets_equal_budget,v5,0,5066,25.0,0.5686148405075073,0.5799727039685617,0.5434409379959106,0.557306706905365,0.1824103444814682
hungary,cleveland,v5_deepsets_equal_budget,v5,0,5066,30.0,0.5734513401985168,0.590236770193022,0.5483792424201965,0.56153404712677,0.18494674563407898
hungary,cleveland,v5_deepsets_equal_budget,v5,0,5066,35.0,0.5534790754318237,0.5945460832240808,0.524474561214447,0.5473881959915161,0.17547738552093506
hungary,cleveland,v5_deepsets_equal_budget,v5,0,5066,40.0,0.5594770908355713,0.6028070234421001,0.5311492085456848,0.5519755482673645,0.17914710938930511
hungary,cleveland,v5_deepsets_equal_budget,v5,0,5066,45.0,0.5455664396286011,0.6130892110034925,0.5182612538337708,0.5381671786308289,0.17352229356765747
hungary,cleveland,v5_deepsets_equal_budget,v5,0,5066,50.0,0.5409137010574341,0.6151241383732,0.5139049887657166,0.5334174036979675,0.17252498865127563
hungary,cleveland,v5_deepsets_equal_budget,v5,0,5066,55.0,0.5267225503921509,0.6204623007929996,0.49901095032691956,0.5211412310600281,0.16646452248096466
hungary,cleveland,v5_deepsets_equal_budget,v5,0,5067,5.0,0.6635544300079346,0.6314656424294147,0.6403596997261047,0.6419737935066223,0.22387664020061493
hungary,cleveland,v5_deepsets_equal_budget,v5,0,5067,10.0,0.6143360137939453,0.6044990909863756,0.5902898907661438,0.5981936454772949,0.20094288885593414
hungary,cleveland,v5_deepsets_equal_budget,v5,0,5067,15.0,0.5927421450614929,0.6208508951111043,0.5639625191688538,0.5834317207336426,0.19045038521289825
hungary,cleveland,v5_deepsets_equal_budget,v5,0,5067,20.0,0.5869782567024231,0.644979432687296,0.5603986382484436,0.5756236910820007,0.189671128988266
hungary,cleveland,v5_deepsets_equal_budget,v5,0,5067,25.0,0.5775134563446045,0.6651803975657089,0.5506795048713684,0.5673230290412903,0.18512195348739624
hungary,cleveland,v5_deepsets_equal_budget,v5,0,5067,30.0,0.573529064655304,0.6720243478062313,0.5434662699699402,0.5670041441917419,0.18293842673301697
hungary,cleveland,v5_deepsets_equal_budget,v5,0,5067,35.0,0.5438660383224487,0.6740301377302411,0.5144475102424622,0.5389949083328247,0.17144781351089478
hungary,cleveland,v5_deepsets_equal_budget,v5,0,5067,40.0,0.5487136244773865,0.667001144179134,0.5219225883483887,0.5405053496360779,0.1749962717294693
hungary,cleveland,v5_deepsets_equal_budget,v5,0,5067,45.0,0.5383886694908142,0.6579606944014746,0.5094897150993347,0.5331984758377075,0.1704457551240921
hungary,cleveland,v5_deepsets_equal_budget,v5,0,5067,50.0,0.5216516256332397,0.6565577563281249,0.49559345841407776,0.514930248260498,0.16389814019203186
hungary,cleveland,v5_deepsets_equal_budget,v5,0,5068,5.0,0.6652254462242126,0.6276840969459839,0.6422926783561707,0.643169105052948,0.22494564950466156
hungary,cleveland,v5_deepsets_equal_budget,v5,0,5068,10.0,0.6075419187545776,0.5871689267167579,0.5849878787994385,0.5903722047805786,0.198618546128273
hungary,cleveland,v5_deepsets_equal_budget,v5,0,5068,15.0,0.6008868217468262,0.5786852696211385,0.5760286450386047,0.5866522192955017,0.195463627576828
hungary,cleveland,v5_deepsets_equal_budget,v5,0,5068,20.0,0.5873775482177734,0.5946088124529576,0.5592442750930786,0.5777202844619751,0.18895255029201508
hungary,cleveland,v5_deepsets_equal_budget,v5,0,5068,25.0,0.5649979114532471,0.6138365210804728,0.5393288731575012,0.554526150226593,0.18070419132709503
hungary,cleveland,v5_deepsets_equal_budget,v5,0,5068,30.0,0.5646237134933472,0.6304391157210492,0.5368226766586304,0.5564802289009094,0.17972241342067719
hungary,cleveland,v5_deepsets_equal_budget,v5,0,5068,35.0,0.5529486536979675,0.6428784511381509,0.5251321196556091,0.5456364750862122,0.1756434142589569
hungary,cleveland,v5_deepsets_equal_budget,v5,0,5068,40.0,0.5463663935661316,0.6369364626086835,0.5185219645500183,0.5396162867546082,0.17297254502773285
hungary,cleveland,v5_deepsets_equal_budget,v5,0,5068,45.0,0.5479708313941956,0.6247558095960377,0.5207275748252869,0.540412425994873,0.174007847905159
hungary,cleveland,v5_deepsets_equal_budget,v5,0,5068,50.0,0.5302505493164062,0.6311564293676302,0.5036153197288513,0.5234314203262329,0.1672721803188324
hungary,cleveland,v5_deepsets_equal_budget,v5,0,5068,55.0,0.5297067761421204,0.6469756622977574,0.5038521885871887,0.5218186378479004,0.16871395707130432
hungary,cleveland,v5_deepsets_equal_budget,v5,0,5069,5.0,0.6777240633964539,0.6565528524713427,0.6541575789451599,0.6551616787910461,0.2306441217660904
hungary,cleveland,v5_deepsets_equal_budget,v5,0,5069,10.0,0.6221650242805481,0.6163111272250419,0.5984363555908203,0.6050136685371399,0.20440052449703217
hungary,cleveland,v5_deepsets_equal_budget,v5,0,5069,15.0,0.5917699337005615,0.6052180750774426,0.5642531514167786,0.5810155272483826,0.19135600328445435
hungary,cleveland,v5_deepsets_equal_budget,v5,0,5069,20.0,0.5758978128433228,0.6260251010960356,0.5451009273529053,0.569932758808136,0.1838100254535675
hungary,cleveland,v5_deepsets_equal_budget,v5,0,5069,25.0,0.5665662884712219,0.6460615142304243,0.5368160009384155,0.560330331325531,0.17993123829364777
hungary,cleveland,v5_deepsets_equal_budget,v5,0,5069,30.0,0.5632653832435608,0.645631058332828,0.5340703129768372,0.5566045045852661,0.1792793720960617
hungary,cleveland,v5_deepsets_equal_budget,v5,0,5069,35.0,0.5468364357948303,0.6323827791639176,0.5191001892089844,0.5398468375205994,0.17362895607948303
hungary,cleveland,v5_deepsets_equal_budget,v5,0,5069,40.0,0.5429769158363342,0.6270599033964201,0.5148302316665649,0.5366860628128052,0.17218753695487976
hungary,cleveland,v5_deepsets_equal_budget,v5,0,5069,45.0,0.5436944961547852,0.6301582692749492,0.5157970190048218,0.5370938181877136,0.17249096930027008
hungary,cleveland,v5_deepsets_equal_budget,v5,0,5069,50.0,0.5165622234344482,0.6352705164885306,0.4900602400302887,0.5107321739196777,0.16166038811206818
hungary,cleveland,v5_deepsets_equal_budget,v5,0,5069,55.0,0.5188463926315308,0.6441233736083404,0.4918895363807678,0.5131843686103821,0.1630944013595581
hungary,cleveland,v5_deepsets_equal_budget,v5,0,5070,5.0,0.6822161674499512,0.6575837013759374,0.6585391163825989,0.6593016982078552,0.23295752704143524
hungary,cleveland,v5_deepsets_equal_budget,v5,0,5070,10.0,0.6249997615814209,0.6151004064000989,0.6015551686286926,0.6073045134544373,0.20569899678230286
hungary,cleveland,v5_deepsets_equal_budget,v5,0,5070,15.0,0.5992396473884583,0.6062332006215145,0.573436439037323,0.5861714482307434,0.1943567842245102
hungary,cleveland,v5_deepsets_equal_budget,v5,0,5070,20.0,0.5856211185455322,0.6079207697157085,0.5569993257522583,0.5766249895095825,0.18808960914611816
hungary,cleveland,v5_deepsets_equal_budget,v5,0,5070,25.0,0.5756412744522095,0.6229821778360893,0.5477533340454102,0.5665639042854309,0.1848270446062088
hungary,cleveland,v5_deepsets_equal_budget,v5,0,5070,30.0,0.5623638033866882,0.6209705508552406,0.5339087247848511,0.5549996495246887,0.17909611761569977
hungary,cleveland,v5_deepsets_equal_budget,v5,0,5070,35.0,0.5599703192710876,0.6172553499912183,0.5294257998466492,0.5550541281700134,0.177303746342659
hungary,cleveland,v5_deepsets_equal_budget,v5,0,5070,40.0,0.5452055335044861,0.6139123803647175,0.5179964900016785,0.537935733795166,0.17239396274089813
hungary,cleveland,v5_deepsets_equal_budget,v5,0,5070,45.0,0.5526658892631531,0.6094562066955542,0.5242929458618164,0.5458102226257324,0.17614290118217468
hungary,cleveland,v5_deepsets_equal_budget,v5,0,5070,50.0,0.5389373898506165,0.6110477663532838,0.5091959834098816,0.5346692204475403,0.17004792392253876
hungary,cleveland,v5_deepsets_equal_budget,v5,0,5070,55.0,0.5285292863845825,0.6169703427073507,0.5007275342941284,0.52296382188797,0.16683605313301086
hungary,cleveland,v5_deepsets_equal_budget,v5,0,5071,5.0,0.6715109348297119,0.6415197098993608,0.6482755541801453,0.6491894721984863,0.22778365015983582
hungary,cleveland,v5_deepsets_equal_budget,v5,0,5071,10.0,0.6206281781196594,0.6060066285661105,0.5976542234420776,0.6027924418449402,0.20404879748821259
hungary,cleveland,v5_deepsets_equal_budget,v5,0,5071,15.0,0.5969408750534058,0.5914599637174409,0.5713019967079163,0.5839248895645142,0.1932741403579712
hungary,cleveland,v5_deepsets_equal_budget,v5,0,5071,20.0,0.593031644821167,0.6016676485725205,0.566487729549408,0.5813355445861816,0.19119977951049805
hungary,cleveland,v5_deepsets_equal_budget,v5,0,5071,25.0,0.5869957804679871,0.6126636162059111,0.5583670735359192,0.5778805017471313,0.1887195110321045
hungary,cleveland,v5_deepsets_equal_budget,v5,0,5071,30.0,0.5630965232849121,0.6269207750518765,0.5383946895599365,0.5517242550849915,0.18037055432796478
hungary,cleveland,v5_deepsets_equal_budget,v5,0,5071,35.0,0.5642197728157043,0.6351795382401861,0.5374206900596619,0.5549500584602356,0.18034376204013824
hungary,cleveland,v5_deepsets_equal_budget,v5,0,5071,40.0,0.5571638345718384,0.6364348432046217,0.5297175049781799,0.5490266680717468,0.17791748046875
hungary,cleveland,v5_deepsets_equal_budget,v5,0,5071,45.0,0.5491907596588135,0.6287131937025401,0.523257315158844,0.5399932265281677,0.17565472424030304
hungary,cleveland,v5_deepsets_equal_budget,v5,0,5071,50.0,0.5426547527313232,0.6275835699384671,0.5158530473709106,0.5349627733230591,0.17246824502944946
hungary,cleveland,v5_deepsets_equal_budget,v5,0,5071,55.0,0.5182130932807922,0.6309975226337541,0.4908038377761841,0.5132780075073242,0.16172154247760773
hungary,switzerland,v5_deepsets_equal_budget,v5,0,5062,5.0,0.6841686367988586,0.669336027312416,0.6604973673820496,0.6610856056213379,0.23377135396003723
hungary,switzerland,v5_deepsets_equal_budget,v5,0,5062,10.0,0.6333283185958862,0.6403369570148671,0.6102218627929688,0.6145229339599609,0.2095593512058258
hungary,switzerland,v5_deepsets_equal_budget,v5,0,5062,15.0,0.580926775932312,0.6363907465010159,0.557751476764679,0.5667608380317688,0.18670621514320374
hungary,switzerland,v5_deepsets_equal_budget,v5,0,5062,20.0,0.5570339560508728,0.6672849258190152,0.5310840010643005,0.5476735234260559,0.17655199766159058
hungary,switzerland,v5_deepsets_equal_budget,v5,0,5062,25.0,0.5523485541343689,0.710990466693274,0.5249189734458923,0.5448073744773865,0.1748538762331009
hungary,switzerland,v5_deepsets_equal_budget,v5,0,5062,30.0,0.5407738089561462,0.7295126874576943,0.51419597864151,0.533322811126709,0.1701442152261734
hungary,switzerland,v5_deepsets_equal_budget,v5,0,5062,35.0,0.5347913503646851,0.7160987922819375,0.5087624192237854,0.5271917581558228,0.1681421846151352
hungary,switzerland,v5_deepsets_equal_budget,v5,0,5062,40.0,0.5244572162628174,0.7360153106439441,0.5000577569007874,0.515923798084259,0.1646641045808792
hungary,switzerland,v5_deepsets_equal_budget,v5,0,5062,45.0,0.514259934425354,0.762873711300678,0.48911720514297485,0.5073723196983337,0.16015195846557617
hungary,switzerland,v5_deepsets_equal_budget,v5,0,5062,50.0,0.5022969841957092,0.78233934814305,0.4790712594985962,0.4941096305847168,0.15706542134284973
hungary,switzerland,v5_deepsets_equal_budget,v5,0,5062,55.0,0.5016934275627136,0.7942021916695989,0.4764529764652252,0.49563074111938477,0.15651556849479675
hungary,switzerland,v5_deepsets_equal_budget,v5,0,5063,5.0,0.6720730066299438,0.65643413011014,0.648771345615387,0.6497748494148254,0.22799928486347198
hungary,switzerland,v5_deepsets_equal_budget,v5,0,5063,10.0,0.6053157448768616,0.6385866674134235,0.5824199318885803,0.5887652635574341,0.19723139703273773
hungary,switzerland,v5_deepsets_equal_budget,v5,0,5063,15.0,0.5742426514625549,0.6613100472893498,0.5485650300979614,0.563155472278595,0.18382342159748077
hungary,switzerland,v5_deepsets_equal_budget,v5,0,5063,20.0,0.5563029646873474,0.6829162432406874,0.5292196869850159,0.5481365323066711,0.1762487143278122
hungary,switzerland,v5_deepsets_equal_budget,v5,0,5063,25.0,0.5546199083328247,0.6852250704156093,0.5262368321418762,0.547997772693634,0.1750258207321167
hungary,switzerland,v5_deepsets_equal_budget,v5,0,5063,30.0,0.5418386459350586,0.6782691037083719,0.514963686466217,0.5345644950866699,0.17074568569660187
hungary,switzerland,v5_deepsets_equal_budget,v5,0,5063,35.0,0.5274889469146729,0.6769937299511728,0.5021565556526184,0.5197370648384094,0.16542130708694458
hungary,switzerland,v5_deepsets_equal_budget,v5,0,5063,40.0,0.5275946259498596,0.6942528577462301,0.5007949471473694,0.5213747024536133,0.16509802639484406
hungary,switzerland,v5_deepsets_equal_budget,v5,0,5063,45.0,0.526135265827179,0.7093583259151548,0.498007208108902,0.5214821100234985,0.16390632092952728
hungary,switzerland,v5_deepsets_equal_budget,v5,0,5063,50.0,0.5029418468475342,0.716547571504198,0.47811657190322876,0.4965375065803528,0.15614831447601318
hungary,switzerland,v5_deepsets_equal_budget,v5,0,5064,5.0,0.6696627736091614,0.6472250863281271,0.6466048359870911,0.6473304033279419,0.22695143520832062
hungary,switzerland,v5_deepsets_equal_budget,v5,0,5064,10.0,0.6123626828193665,0.6177283350620112,0.5893456339836121,0.5953101515769958,0.20034779608249664
hungary,switzerland,v5_deepsets_equal_budget,v5,0,5064,15.0,0.5733969211578369,0.6298321758619172,0.5479543209075928,0.5621401071548462,0.1834968477487564
hungary,switzerland,v5_deepsets_equal_budget,v5,0,5064,20.0,0.5545375347137451,0.6901537384768587,0.5276381969451904,0.5461758971214294,0.1763044148683548
hungary,switzerland,v5_deepsets_equal_budget,v5,0,5064,25.0,0.5513476133346558,0.738227248811081,0.5243116617202759,0.5434349179267883,0.1747429221868515
hungary,switzerland,v5_deepsets_equal_budget,v5,0,5064,30.0,0.5400737524032593,0.7257150657381501,0.5140179991722107,0.5319738388061523,0.17077821493148804
hungary,switzerland,v5_deepsets_equal_budget,v5,0,5064,35.0,0.535301923751831,0.7069701593042346,0.5094191431999207,0.5274224281311035,0.16881130635738373
hungary,switzerland,v5_deepsets_equal_budget,v5,0,5064,40.0,0.5259658694267273,0.7176877678637152,0.5009762644767761,0.5179325938224792,0.16511420905590057
hungary,switzerland,v5_deepsets_equal_budget,v5,0,5064,45.0,0.5216169953346252,0.736177661625439,0.49590396881103516,0.5146433115005493,0.16343337297439575
hungary,switzerland,v5_deepsets_equal_budget,v5,0,5064,50.0,0.5129746794700623,0.7339952586616973,0.4879169464111328,0.5059757232666016,0.1602836400270462
hungary,switzerland,v5_deepsets_equal_budget,v5,0,5065,5.0,0.6659214496612549,0.6443368358095526,0.6427320241928101,0.6441003680229187,0.2250526249408722
hungary,switzerland,v5_deepsets_equal_budget,v5,0,5065,10.0,0.6043013334274292,0.6127617900590507,0.5809110999107361,0.5883955955505371,0.19647933542728424
hungary,switzerland,v5_deepsets_equal_budget,v5,0,5065,15.0,0.5781649351119995,0.6375508177453436,0.5511313676834106,0.5681554675102234,0.1852155178785324
hungary,switzerland,v5_deepsets_equal_budget,v5,0,5065,20.0,0.5640193819999695,0.6802837352578113,0.5341522693634033,0.5582634806632996,0.17811471223831177
hungary,switzerland,v5_deepsets_equal_budget,v5,0,5065,25.0,0.5443393588066101,0.6862967483060617,0.5170233845710754,0.537342369556427,0.17156453430652618
hungary,switzerland,v5_deepsets_equal_budget,v5,0,5065,30.0,0.5403581261634827,0.6731415616001786,0.5140847563743591,0.5325034260749817,0.17064028978347778
hungary,switzerland,v5_deepsets_equal_budget,v5,0,5065,35.0,0.5285657644271851,0.675392840427417,0.5026968717575073,0.5212348103523254,0.1659991294145584
hungary,switzerland,v5_deepsets_equal_budget,v5,0,5065,40.0,0.5180702209472656,0.6984568045328919,0.4922730028629303,0.5114135146141052,0.1622696816921234
hungary,switzerland,v5_deepsets_equal_budget,v5,0,5065,45.0,0.5074412822723389,0.7093213895134003,0.4833003580570221,0.49986934661865234,0.15856453776359558
hungary,switzerland,v5_deepsets_equal_budget,v5,0,5065,50.0,0.49625828862190247,0.7089956636260725,0.4714561104774475,0.4901476800441742,0.15456409752368927
hungary,switzerland,v5_deepsets_equal_budget,v5,0,5066,5.0,0.6813579201698303,0.656575354455908,0.657516360282898,0.6587384343147278,0.23230500519275665
hungary,switzerland,v5_deepsets_equal_budget,v5,0,5066,10.0,0.6256158947944641,0.6252585520632101,0.6023130416870117,0.6077395677566528,0.20589596033096313
hungary,switzerland,v5_deepsets_equal_budget,v5,0,5066,15.0,0.5802412033081055,0.614030184825084,0.5558792352676392,0.5674048662185669,0.1859917789697647
hungary,switzerland,v5_deepsets_equal_budget,v5,0,5066,20.0,0.5673470497131348,0.6190317340985642,0.5390511751174927,0.5596766471862793,0.17983156442642212
hungary,switzerland,v5_deepsets_equal_budget,v5,0,5066,25.0,0.5496018528938293,0.621295614447547,0.5225836038589478,0.5418046116828918,0.1740773767232895
hungary,switzerland,v5_deepsets_equal_budget,v5,0,5066,30.0,0.5445331335067749,0.6259304405775004,0.5167088508605957,0.5380725264549255,0.1714239865541458
hungary,switzerland,v5_deepsets_equal_budget,v5,0,5066,35.0,0.5338674187660217,0.6229454497502432,0.5079144239425659,0.5262576341629028,0.16781409084796906
hungary,switzerland,v5_deepsets_equal_budget,v5,0,5066,40.0,0.5220385193824768,0.628632946152157,0.49716800451278687,0.5143113136291504,0.16298802196979523
hungary,switzerland,v5_deepsets_equal_budget,v5,0,5066,45.0,0.5214512944221497,0.6492825049029642,0.49525558948516846,0.5150327086448669,0.16307170689105988
hungary,switzerland,v5_deepsets_equal_budget,v5,0,5066,50.0,0.5071794390678406,0.6737591316354457,0.4832927882671356,0.4994684159755707,0.1579885482788086
hungary,switzerland,v5_deepsets_equal_budget,v5,0,5066,55.0,0.5000620484352112,0.6832826168914832,0.4762788414955139,0.49273881316185,0.1555325984954834
hungary,switzerland,v5_deepsets_equal_budget,v5,0,5067,5.0,0.6759895086288452,0.643543773248197,0.6523132920265198,0.6537150740623474,0.22975322604179382
hungary,switzerland,v5_deepsets_equal_budget,v5,0,5067,10.0,0.6162301898002625,0.5949633901661029,0.5931479930877686,0.5989474654197693,0.2018241137266159
hungary,switzerland,v5_deepsets_equal_budget,v5,0,5067,15.0,0.5834830403327942,0.5924224794527682,0.5577878952026367,0.5716757774353027,0.18751221895217896
hungary,switzerland,v5_deepsets_equal_budget,v5,0,5067,20.0,0.5697286128997803,0.6259562842675295,0.5403524041175842,0.5629462599754333,0.1807929426431656
hungary,switzerland,v5_deepsets_equal_budget,v5,0,5067,25.0,0.5518558621406555,0.6716961586968222,0.5247761607170105,0.5440326929092407,0.1745145171880722
hungary,switzerland,v5_deepsets_equal_budget,v5,0,5067,30.0,0.542609453201294,0.6925511588840122,0.5155577063560486,0.5356427431106567,0.1700924038887024
hungary,switzerland,v5_deepsets_equal_budget,v5,0,5067,35.0,0.53611159324646,0.6794661967882731,0.5091736912727356,0.5293979048728943,0.1682581603527069
hungary,switzerland,v5_deepsets_equal_budget,v5,0,5067,40.0,0.5285316109657288,0.6965393510280089,0.5016869306564331,0.5223053097724915,0.16535444557666779
hungary,switzerland,v5_deepsets_equal_budget,v5,0,5067,45.0,0.5145578384399414,0.7312610495069445,0.4882146120071411,0.5088767409324646,0.16012176871299744
hungary,switzerland,v5_deepsets_equal_budget,v5,0,5067,50.0,0.520068347454071,0.7406998426691344,0.49385082721710205,0.5136746764183044,0.16305597126483917
hungary,switzerland,v5_deepsets_equal_budget,v5,0,5067,55.0,0.5044682025909424,0.731142595255218,0.4790308177471161,0.49851474165916443,0.15695440769195557
hungary,switzerland,v5_deepsets_equal_budget,v5,0,5068,5.0,0.6720923781394958,0.6512064606594894,0.6485198140144348,0.6500870585441589,0.22788932919502258
hungary,switzerland,v5_deepsets_equal_budget,v5,0,5068,10.0,0.6068999767303467,0.6282419550108091,0.5835608839988708,0.590684711933136,0.19777192175388336
hungary,switzerland,v5_deepsets_equal_budget,v5,0,5068,15.0,0.5657660365104675,0.6596430702075149,0.5408105850219727,0.5545778274536133,0.180718332529068
hungary,switzerland,v5_deepsets_equal_budget,v5,0,5068,20.0,0.5656402111053467,0.6992462024046404,0.5368032455444336,0.5585324168205261,0.17972370982170105
hungary,switzerland,v5_deepsets_equal_budget,v5,0,5068,25.0,0.5501188635826111,0.7197254756591974,0.5225450992584229,0.5429350137710571,0.17378835380077362
hungary,switzerland,v5_deepsets_equal_budget,v5,0,5068,30.0,0.5414146184921265,0.7083889294382728,0.5154118537902832,0.5332051515579224,0.17106124758720398
hungary,switzerland,v5_deepsets_equal_budget,v5,0,5068,35.0,0.5285872220993042,0.7089870506724234,0.5031676888465881,0.5207457542419434,0.1663053035736084
hungary,switzerland,v5_deepsets_equal_budget,v5,0,5068,40.0,0.5233505368232727,0.7220812574660855,0.4983011484146118,0.5155463218688965,0.16426825523376465
hungary,switzerland,v5_deepsets_equal_budget,v5,0,5068,45.0,0.5150518417358398,0.732051425403105,0.4881063997745514,0.5098440051078796,0.16076616942882538
hungary,switzerland,v5_deepsets_equal_budget,v5,0,5068,50.0,0.5045519471168518,0.7420857365735187,0.4805809557437897,0.49689769744873047,0.1581260710954666
hungary,switzerland,v5_deepsets_equal_budget,v5,0,5069,5.0,0.6792082786560059,0.6597001397267126,0.6555503010749817,0.6565930247306824,0.2313661128282547
hungary,switzerland,v5_deepsets_equal_budget,v5,0,5069,10.0,0.6240325570106506,0.6222893460030158,0.6003405451774597,0.606661319732666,0.20531578361988068
hungary,switzerland,v5_deepsets_equal_budget,v5,0,5069,15.0,0.5824110507965088,0.615569297010516,0.5571562647819519,0.5702394843101501,0.18713174760341644
hungary,switzerland,v5_deepsets_equal_budget,v5,0,5069,20.0,0.5659618973731995,0.6407610581686802,0.5382118225097656,0.5576810240745544,0.18015415966510773
hungary,switzerland,v5_deepsets_equal_budget,v5,0,5069,25.0,0.551118016242981,0.6626466695001885,0.5248963832855225,0.5423987507820129,0.17470481991767883
hungary,switzerland,v5_deepsets_equal_budget,v5,0,5069,30.0,0.5386995673179626,0.6745974610616616,0.5134139060974121,0.529953122138977,0.17016072571277618
hungary,switzerland,v5_deepsets_equal_budget,v5,0,5069,35.0,0.5271459817886353,0.7058513048740285,0.5030509233474731,0.5180277824401855,0.16606618463993073
hungary,switzerland,v5_deepsets_equal_budget,v5,0,5069,40.0,0.5212393999099731,0.7243256862411755,0.49620887637138367,0.5136499404907227,0.16309989988803864
hungary,switzerland,v5_deepsets_equal_budget,v5,0,5069,45.0,0.5140768885612488,0.7202936902418449,0.4878702759742737,0.508194625377655,0.1604442298412323
hungary,switzerland,v5_deepsets_equal_budget,v5,0,5069,50.0,0.5131415724754333,0.7196704922209891,0.4874768853187561,0.5067343711853027,0.1603594273328781
hungary,switzerland,v5_deepsets_equal_budget,v5,0,5069,55.0,0.5000241994857788,0.7254600892522931,0.4767206013202667,0.4922114312648773,0.1555820107460022
hungary,switzerland,v5_deepsets_equal_budget,v5,0,5070,5.0,0.6909616589546204,0.6700136321883141,0.6669524312019348,0.6675645112991333,0.23703177273273468
hungary,switzerland,v5_deepsets_equal_budget,v5,0,5070,10.0,0.6407607793807983,0.630388130171029,0.6182077527046204,0.6206149458885193,0.21349449455738068
hungary,switzerland,v5_deepsets_equal_budget,v5,0,5070,15.0,0.5941622853279114,0.601467769701757,0.5698843598365784,0.5800464749336243,0.19196870923042297
hungary,switzerland,v5_deepsets_equal_budget,v5,0,5070,20.0,0.5788443088531494,0.6172784454233606,0.5517387390136719,0.5688838958740234,0.18533021211624146
hungary,switzerland,v5_deepsets_equal_budget,v5,0,5070,25.0,0.5685579180717468,0.655402877468682,0.5397740006446838,0.5612597465515137,0.18041078746318817
hungary,switzerland,v5_deepsets_equal_budget,v5,0,5070,30.0,0.5519628524780273,0.6825636156408517,0.5259202122688293,0.5430941581726074,0.17455683648586273
hungary,switzerland,v5_deepsets_equal_budget,v5,0,5070,35.0,0.5454968214035034,0.6923977677530019,0.5186558961868286,0.5379067659378052,0.1721547245979309
hungary,switzerland,v5_deepsets_equal_budget,v5,0,5070,40.0,0.5348900556564331,0.703765847968125,0.5075541734695435,0.5286456346511841,0.16790157556533813
hungary,switzerland,v5_deepsets_equal_budget,v5,0,5070,45.0,0.5240227580070496,0.7153094894666616,0.49893930554389954,0.516265869140625,0.16420195996761322
hungary,switzerland,v5_deepsets_equal_budget,v5,0,5070,50.0,0.5245472192764282,0.7320426766421078,0.4987585246562958,0.5174821019172668,0.16426947712898254
hungary,switzerland,v5_deepsets_equal_budget,v5,0,5070,55.0,0.5204920172691345,0.7367217514586382,0.49385133385658264,0.5146035552024841,0.1626453399658203
hungary,switzerland,v5_deepsets_equal_budget,v5,0,5071,5.0,0.6783215403556824,0.6640610891446359,0.6549354195594788,0.6555026173591614,0.23102538287639618
hungary,switzerland,v5_deepsets_equal_budget,v5,0,5071,10.0,0.6193431615829468,0.6279715733289695,0.5967209339141846,0.6012455224990845,0.20359957218170166
hungary,switzerland,v5_deepsets_equal_budget,v5,0,5071,15.0,0.580062747001648,0.6253351371630942,0.555881142616272,0.566886842250824,0.186787948012352
hungary,switzerland,v5_deepsets_equal_budget,v5,0,5071,20.0,0.5650659799575806,0.6446871027780785,0.5377521514892578,0.5564892888069153,0.17945261299610138
hungary,switzerland,v5_deepsets_equal_budget,v5,0,5071,25.0,0.5553862452507019,0.6600365419601142,0.527552604675293,0.5481158494949341,0.1755199432373047
hungary,switzerland,v5_deepsets_equal_budget,v5,0,5071,30.0,0.548578143119812,0.6550661966647391,0.5226923823356628,0.5397160649299622,0.1737389862537384
hungary,switzerland,v5_deepsets_equal_budget,v5,0,5071,35.0,0.5373727679252625,0.6547937298376535,0.5115092396736145,0.5294302105903625,0.1690305471420288
hungary,switzerland,v5_deepsets_equal_budget,v5,0,5071,40.0,0.5230975151062012,0.6770728855789758,0.4984031319618225,0.5150168538093567,0.16387535631656647
hungary,switzerland,v5_deepsets_equal_budget,v5,0,5071,45.0,0.5263640284538269,0.6916940021937616,0.4981226325035095,0.521732747554779,0.16436317563056946
hungary,switzerland,v5_deepsets_equal_budget,v5,0,5071,50.0,0.5142871737480164,0.6926246933329776,0.4894910454750061,0.5069079399108887,0.16087664663791656
hungary,switzerland,v5_deepsets_equal_budget,v5,0,5071,55.0,0.511569082736969,0.6999785691524412,0.48609229922294617,0.5050843358039856,0.15980781614780426
hungary,va_long_beach,v5_deepsets_equal_budget,v5,0,5062,5.0,0.6346418261528015,0.658674051873718,0.6129582524299622,0.6142171025276184,0.21054168045520782
hungary,va_long_beach,v5_deepsets_equal_budget,v5,0,5062,10.0,0.5480738282203674,0.6729442083300174,0.5303110480308533,0.5311183333396912,0.17359139025211334
hungary,va_long_beach,v5_deepsets_equal_budget,v5,0,5062,15.0,0.507677435874939,0.7270910500302357,0.49028006196022034,0.4932301640510559,0.15922291576862335
hungary,va_long_beach,v5_deepsets_equal_budget,v5,0,5062,20.0,0.4709155857563019,0.7764428427499745,0.45413485169410706,0.4584031105041504,0.14646606147289276
hungary,va_long_beach,v5_deepsets_equal_budget,v5,0,5062,25.0,0.4569971561431885,0.8183883994447634,0.4389207661151886,0.4467443525791168,0.1416458785533905
hungary,va_long_beach,v5_deepsets_equal_budget,v5,0,5062,30.0,0.4545228183269501,0.8390196084890167,0.43556469678878784,0.4451954960823059,0.1414272040128708
hungary,va_long_beach,v5_deepsets_equal_budget,v5,0,5062,35.0,0.43255335092544556,0.8580279793778636,0.4162273406982422,0.4223530888557434,0.13263128697872162
hungary,va_long_beach,v5_deepsets_equal_budget,v5,0,5062,40.0,0.44271349906921387,0.8844907553991688,0.42399168014526367,0.4341154992580414,0.13659903407096863
hungary,va_long_beach,v5_deepsets_equal_budget,v5,0,5062,45.0,0.4304857850074768,0.8914115685005282,0.4126848578453064,0.4217527508735657,0.1326698511838913
hungary,va_long_beach,v5_deepsets_equal_budget,v5,0,5063,5.0,0.6265966296195984,0.6918039852089992,0.6055041551589966,0.606238842010498,0.20725102722644806
hungary,va_long_beach,v5_deepsets_equal_budget,v5,0,5063,10.0,0.5546354651451111,0.7274944399968735,0.5357163548469543,0.5381888747215271,0.1768285483121872
hungary,va_long_beach,v5_deepsets_equal_budget,v5,0,5063,15.0,0.49777519702911377,0.7980824347879638,0.4787769317626953,0.4859679341316223,0.1540277749300003
hungary,va_long_beach,v5_deepsets_equal_budget,v5,0,5063,20.0,0.4721437096595764,0.8627758530392176,0.4508530795574188,0.46419650316238403,0.14618945121765137
hungary,va_long_beach,v5_deepsets_equal_budget,v5,0,5063,25.0,0.4524388611316681,0.9441297180568463,0.4334035813808441,0.4433076083660126,0.1408325880765915
hungary,va_long_beach,v5_deepsets_equal_budget,v5,0,5063,30.0,0.4492298364639282,0.9558750137128441,0.42568933963775635,0.44558030366897583,0.1359502226114273
hungary,va_long_beach,v5_deepsets_equal_budget,v5,0,5063,35.0,0.4269649386405945,0.9518316782385242,0.4108685553073883,0.41690894961357117,0.13076183199882507
hungary,va_long_beach,v5_deepsets_equal_budget,v5,0,5063,40.0,0.42958149313926697,0.9339065380768345,0.4124281704425812,0.4203420579433441,0.1319638341665268
hungary,va_long_beach,v5_deepsets_equal_budget,v5,0,5063,45.0,0.4311200976371765,0.9170965450134811,0.41327229142189026,0.42242631316185,0.13270799815654755
hungary,va_long_beach,v5_deepsets_equal_budget,v5,0,5064,5.0,0.6565804481506348,0.6754413447036995,0.6342529654502869,0.6347425580024719,0.22082683444023132
hungary,va_long_beach,v5_deepsets_equal_budget,v5,0,5064,10.0,0.5632197856903076,0.6736906515062122,0.5448914170265198,0.5457345247268677,0.1790679693222046
hungary,va_long_beach,v5_deepsets_equal_budget,v5,0,5064,15.0,0.5060338973999023,0.7326445726081883,0.4880499839782715,0.492499440908432,0.15759144723415375
hungary,va_long_beach,v5_deepsets_equal_budget,v5,0,5064,20.0,0.4716949164867401,0.816073559543313,0.45347610116004944,0.4604668617248535,0.14723441004753113
hungary,va_long_beach,v5_deepsets_equal_budget,v5,0,5064,25.0,0.45775046944618225,0.896383404565442,0.43789196014404297,0.44912537932395935,0.14241792261600494
hungary,va_long_beach,v5_deepsets_equal_budget,v5,0,5064,30.0,0.4300360679626465,0.9451102555738683,0.41094762086868286,0.42282190918922424,0.13151291012763977
hungary,va_long_beach,v5_deepsets_equal_budget,v5,0,5064,35.0,0.43712031841278076,0.954905126232684,0.416720986366272,0.4306962192058563,0.13411715626716614
hungary,va_long_beach,v5_deepsets_equal_budget,v5,0,5064,40.0,0.41414499282836914,0.9413698794729418,0.3975290358066559,0.4055344760417938,0.12613244354724884
hungary,va_long_beach,v5_deepsets_equal_budget,v5,0,5064,45.0,0.4249676764011383,0.8993127050844867,0.40529292821884155,0.4189138412475586,0.1286429911851883
hungary,va_long_beach,v5_deepsets_equal_budget,v5,0,5064,50.0,0.42830100655555725,0.8853357914438531,0.40323323011398315,0.4279099404811859,0.12729443609714508
hungary,va_long_beach,v5_deepsets_equal_budget,v5,0,5065,5.0,0.6709836721420288,0.6772808312460107,0.6480234861373901,0.648395836353302,0.22773976624011993
hungary,va_long_beach,v5_deepsets_equal_budget,v5,0,5065,10.0,0.592504620552063,0.6760003361924228,0.5730072855949402,0.573598325252533,0.19201798737049103
hungary,va_long_beach,v5_deepsets_equal_budget,v5,0,5065,15.0,0.5222976207733154,0.7051684179503332,0.5049503445625305,0.5068346858024597,0.16405101120471954
hungary,va_long_beach,v5_deepsets_equal_budget,v5,0,5065,20.0,0.48049411177635193,0.7796834033437503,0.46361392736434937,0.4673076570034027,0.15033330023288727
hungary,va_long_beach,v5_deepsets_equal_budget,v5,0,5065,25.0,0.4528794288635254,0.8555613105970623,0.43549320101737976,0.44210711121559143,0.14079266786575317
hungary,va_long_beach,v5_deepsets_equal_budget,v5,0,5065,30.0,0.45688000321388245,0.9056646509966921,0.43671274185180664,0.4486597180366516,0.14193759858608246
hungary,va_long_beach,v5_deepsets_equal_budget,v5,0,5065,35.0,0.4294476807117462,0.9252740686428079,0.41091787815093994,0.42171794176101685,0.1312977820634842
hungary,va_long_beach,v5_deepsets_equal_budget,v5,0,5065,40.0,0.41241466999053955,0.9238954686892,0.3954557776451111,0.4044869542121887,0.12443318963050842
hungary,va_long_beach,v5_deepsets_equal_budget,v5,0,5065,45.0,0.43902698159217834,0.901305213695732,0.4158499836921692,0.4355327785015106,0.1333560198545456
hungary,va_long_beach,v5_deepsets_equal_budget,v5,0,5065,50.0,0.4184390902519226,0.8837901004068884,0.39995667338371277,0.41148653626441956,0.1271749883890152
hungary,va_long_beach,v5_deepsets_equal_budget,v5,0,5066,5.0,0.6673483848571777,0.6894232566912104,0.6445427536964417,0.6449384093284607,0.2260778695344925
hungary,va_long_beach,v5_deepsets_equal_budget,v5,0,5066,10.0,0.5965275168418884,0.6777066436676347,0.5766994953155518,0.5775843858718872,0.19385574758052826
hungary,va_long_beach,v5_deepsets_equal_budget,v5,0,5066,15.0,0.5383557677268982,0.7122842789208128,0.5193013548851013,0.5236056447029114,0.16902251541614532
hungary,va_long_beach,v5_deepsets_equal_budget,v5,0,5066,20.0,0.4932815134525299,0.7416817499298329,0.47448840737342834,0.4814371168613434,0.15318754315376282
hungary,va_long_beach,v5_deepsets_equal_budget,v5,0,5066,25.0,0.45895132422447205,0.809729619091091,0.44185560941696167,0.4475371539592743,0.14254958927631378
hungary,va_long_beach,v5_deepsets_equal_budget,v5,0,5066,30.0,0.45955899357795715,0.8439640518563654,0.4416249096393585,0.4489254951477051,0.1428380310535431
hungary,va_long_beach,v5_deepsets_equal_budget,v5,0,5066,35.0,0.4412085711956024,0.849686110963845,0.4241211414337158,0.4309643805027008,0.13665814697742462
hungary,va_long_beach,v5_deepsets_equal_budget,v5,0,5066,40.0,0.43749356269836426,0.8718071971842093,0.4186594784259796,0.42935773730278015,0.13484950363636017
hungary,va_long_beach,v5_deepsets_equal_budget,v5,0,5066,45.0,0.4400271773338318,0.8841474985646016,0.4216758906841278,0.4311845004558563,0.13596995174884796
hungary,va_long_beach,v5_deepsets_equal_budget,v5,0,5066,50.0,0.4224920868873596,0.9146940840546027,0.4032188951969147,0.4162119925022125,0.12776640057563782
hungary,va_long_beach,v5_deepsets_equal_budget,v5,0,5067,5.0,0.6549646854400635,0.6700024994970223,0.6327593922615051,0.6331517100334167,0.22009113430976868
hungary,va_long_beach,v5_deepsets_equal_budget,v5,0,5067,10.0,0.5592625141143799,0.6742634514765444,0.5406891107559204,0.5423526167869568,0.17741659283638
hungary,va_long_beach,v5_deepsets_equal_budget,v5,0,5067,15.0,0.4938441514968872,0.7301445008343629,0.47609102725982666,0.48093900084495544,0.15329132974147797
hungary,va_long_beach,v5_deepsets_equal_budget,v5,0,5067,20.0,0.4865097105503082,0.8173209875247005,0.4671818017959595,0.4754687249660492,0.15184421837329865
hungary,va_long_beach,v5_deepsets_equal_budget,v5,0,5067,25.0,0.49809569120407104,0.8722757665628863,0.4592204689979553,0.5071013569831848,0.1493477076292038
hungary,va_long_beach,v5_deepsets_equal_budget,v5,0,5067,30.0,0.45058950781822205,0.8897139359175199,0.4310186505317688,0.4424965977668762,0.13831892609596252
hungary,va_long_beach,v5_deepsets_equal_budget,v5,0,5067,35.0,0.43019887804985046,0.8880077539571132,0.41318121552467346,0.4210766851902008,0.13069914281368256
hungary,va_long_beach,v5_deepsets_equal_budget,v5,0,5067,40.0,0.41926443576812744,0.8728509112113582,0.40382570028305054,0.40927401185035706,0.12714573740959167
hungary,va_long_beach,v5_deepsets_equal_budget,v5,0,5067,45.0,0.41893506050109863,0.8702765146577598,0.40167275071144104,0.41060858964920044,0.12794364988803864
hungary,va_long_beach,v5_deepsets_equal_budget,v5,0,5068,5.0,0.6278712749481201,0.6786887058120965,0.6068781614303589,0.6073470115661621,0.2075866013765335
hungary,va_long_beach,v5_deepsets_equal_budget,v5,0,5068,10.0,0.5561225414276123,0.7062573816718496,0.5367765426635742,0.5401625633239746,0.17652975022792816
hungary,va_long_beach,v5_deepsets_equal_budget,v5,0,5068,15.0,0.5086947083473206,0.7792343023075816,0.49033322930336,0.4953463673591614,0.15854887664318085
hungary,va_long_beach,v5_deepsets_equal_budget,v5,0,5068,20.0,0.4791119396686554,0.8059276455139979,0.4615921378135681,0.46661052107810974,0.15010622143745422
hungary,va_long_beach,v5_deepsets_equal_budget,v5,0,5068,25.0,0.4691038429737091,0.8477680593641179,0.450879842042923,0.45795202255249023,0.14687927067279816
hungary,va_long_beach,v5_deepsets_equal_budget,v5,0,5068,30.0,0.47317934036254883,0.913670115901287,0.44671693444252014,0.47048863768577576,0.14576560258865356
hungary,va_long_beach,v5_deepsets_equal_budget,v5,0,5068,35.0,0.4340636134147644,0.9475744725591677,0.41669216752052307,0.42495298385620117,0.1324104517698288
hungary,va_long_beach,v5_deepsets_equal_budget,v5,0,5068,40.0,0.44806358218193054,0.9227056995685642,0.42841795086860657,0.4400959014892578,0.13806679844856262
hungary,va_long_beach,v5_deepsets_equal_budget,v5,0,5068,45.0,0.42736726999282837,0.9136562787411509,0.4110080301761627,0.4177393913269043,0.12993580102920532
hungary,va_long_beach,v5_deepsets_equal_budget,v5,0,5069,5.0,0.6336081027984619,0.6689153793758865,0.6123483777046204,0.6128078699111938,0.21029935777187347
hungary,va_long_beach,v5_deepsets_equal_budget,v5,0,5069,10.0,0.548925518989563,0.684565339088533,0.53000408411026,0.533043384552002,0.17401811480522156
hungary,va_long_beach,v5_deepsets_equal_budget,v5,0,5069,15.0,0.48118072748184204,0.7540527528573787,0.4646051228046417,0.4678609073162079,0.14947710931301117
hungary,va_long_beach,v5_deepsets_equal_budget,v5,0,5069,20.0,0.4746171534061432,0.8230956258746102,0.45637497305870056,0.4631783664226532,0.14840497076511383
hungary,va_long_beach,v5_deepsets_equal_budget,v5,0,5069,25.0,0.46205633878707886,0.8510432406087094,0.4419935643672943,0.4533662796020508,0.14376407861709595
hungary,va_long_beach,v5_deepsets_equal_budget,v5,0,5069,30.0,0.43253397941589355,0.8543806506581662,0.41398635506629944,0.42484426498413086,0.1311868578195572
hungary,va_long_beach,v5_deepsets_equal_budget,v5,0,5069,35.0,0.43173345923423767,0.8883623874281599,0.4122891426086426,0.4249066412448883,0.1313558965921402
hungary,va_long_beach,v5_deepsets_equal_budget,v5,0,5069,40.0,0.4248715043067932,0.939311939726029,0.4071854054927826,0.41646280884742737,0.1304740607738495
hungary,va_long_beach,v5_deepsets_equal_budget,v5,0,5069,45.0,0.4181843400001526,0.9686143204600273,0.3994748294353485,0.4116050899028778,0.12644383311271667
hungary,va_long_beach,v5_deepsets_equal_budget,v5,0,5070,5.0,0.6374621987342834,0.664149036584099,0.6160346865653992,0.6164923906326294,0.21198664605617523
hungary,va_long_beach,v5_deepsets_equal_budget,v5,0,5070,10.0,0.549567699432373,0.6744529599633204,0.5307662487030029,0.5336210131645203,0.17374053597450256
hungary,va_long_beach,v5_deepsets_equal_budget,v5,0,5070,15.0,0.4902050793170929,0.7373756986317703,0.47364678978919983,0.47620803117752075,0.1527765393257141
hungary,va_long_beach,v5_deepsets_equal_budget,v5,0,5070,20.0,0.4661141633987427,0.7932315176464776,0.44718271493911743,0.45604658126831055,0.14499518275260925
hungary,va_long_beach,v5_deepsets_equal_budget,v5,0,5070,25.0,0.43746647238731384,0.8334802739965685,0.4203591048717499,0.4274515211582184,0.13561151921749115
hungary,va_long_beach,v5_deepsets_equal_budget,v5,0,5070,30.0,0.4498470425605774,0.8521351587587161,0.42905035614967346,0.4430789053440094,0.13782404363155365
hungary,va_long_beach,v5_deepsets_equal_budget,v5,0,5070,35.0,0.43499886989593506,0.8886399165424536,0.4150611162185669,0.42837268114089966,0.13281956315040588
hungary,va_long_beach,v5_deepsets_equal_budget,v5,0,5070,40.0,0.41848427057266235,0.9188011510186995,0.4021274149417877,0.40934649109840393,0.12747317552566528
hungary,va_long_beach,v5_deepsets_equal_budget,v5,0,5070,45.0,0.41446563601493835,0.9265761700337137,0.39620649814605713,0.40750226378440857,0.12611235678195953
hungary,va_long_beach,v5_deepsets_equal_budget,v5,0,5071,5.0,0.6536811590194702,0.6765158929238595,0.6315863728523254,0.6318759322166443,0.21949993073940277
hungary,va_long_beach,v5_deepsets_equal_budget,v5,0,5071,10.0,0.575801432132721,0.6823937630707362,0.5563721060752869,0.5582885146141052,0.1847110092639923
hungary,va_long_beach,v5_deepsets_equal_budget,v5,0,5071,15.0,0.5078345537185669,0.725564501260197,0.49060365557670593,0.4933550953865051,0.1585516482591629
hungary,va_long_beach,v5_deepsets_equal_budget,v5,0,5071,20.0,0.47826892137527466,0.804922853775222,0.459940105676651,0.46674948930740356,0.149241104722023
hungary,va_long_beach,v5_deepsets_equal_budget,v5,0,5071,25.0,0.4662545323371887,0.8722838538140467,0.4466366171836853,0.45693904161453247,0.1446671038866043
hungary,va_long_beach,v5_deepsets_equal_budget,v5,0,5071,30.0,0.4468609094619751,0.9043059677373972,0.4275451898574829,0.4385553300380707,0.13810640573501587
hungary,va_long_beach,v5_deepsets_equal_budget,v5,0,5071,35.0,0.44746851921081543,0.9171503747660632,0.4254816472530365,0.44203177094459534,0.13711823523044586
hungary,va_long_beach,v5_deepsets_equal_budget,v5,0,5071,40.0,0.4434851408004761,0.8979233411699207,0.42300406098365784,0.4366340637207031,0.13666097819805145
hungary,va_long_beach,v5_deepsets_equal_budget,v5,0,5071,45.0,0.41059908270835876,0.8888094270440209,0.3955206871032715,0.40040627121925354,0.1263561248779297
switzerland,cleveland,v2_attention_equal_budget,v2,0,5062,5.0,0.5951794385910034,0.5490069921322107,0.5951794385910034,0.6333240270614624,0.2031233310699463
switzerland,cleveland,v2_attention_equal_budget,v2,0,5062,10.0,0.5175489187240601,0.5309600150880591,0.5175489187240601,0.5950673818588257,0.17193816602230072
switzerland,cleveland,v2_attention_equal_budget,v2,0,5062,15.0,0.5003076791763306,0.5463119519185932,0.5003076791763306,0.5839158892631531,0.16363555192947388
switzerland,cleveland,v2_attention_equal_budget,v2,0,5062,20.0,0.4749976694583893,0.5658524689400635,0.4749976694583893,0.5686884522438049,0.15577438473701477
switzerland,cleveland,v2_attention_equal_budget,v2,0,5062,25.0,0.4499667286872864,0.578012599990942,0.4499667286872864,0.5397001504898071,0.14623376727104187
switzerland,cleveland,v2_attention_equal_budget,v2,0,5062,30.0,0.44466638565063477,0.6054609530457247,0.44466638565063477,0.5304962396621704,0.14371326565742493
switzerland,cleveland,v2_attention_equal_budget,v2,0,5062,35.0,0.4424043297767639,0.674536261196683,0.4424043297767639,0.5165685415267944,0.14280474185943604
switzerland,cleveland,v2_attention_equal_budget,v2,0,5062,40.0,0.3985974192619324,0.7887540994108679,0.3985974192619324,0.4601602554321289,0.12610366940498352
switzerland,cleveland,v2_attention_equal_budget,v2,0,5062,45.0,0.394578218460083,0.9368505401481639,0.394578218460083,0.44904303550720215,0.12487287819385529
switzerland,cleveland,v2_attention_equal_budget,v2,0,5062,50.0,0.3796471357345581,0.9395181060461938,0.3796471357345581,0.4182994067668915,0.12021633982658386
switzerland,cleveland,v2_attention_equal_budget,v2,0,5063,5.0,0.588180422782898,0.6448660057953095,0.588180422782898,0.6117544174194336,0.20003369450569153
switzerland,cleveland,v2_attention_equal_budget,v2,0,5063,10.0,0.5174683332443237,0.6224708919162614,0.5174683332443237,0.6048990488052368,0.17008070647716522
switzerland,cleveland,v2_attention_equal_budget,v2,0,5063,15.0,0.4959113597869873,0.6981264743982005,0.4959113597869873,0.5870563983917236,0.16461360454559326
switzerland,cleveland,v2_attention_equal_budget,v2,0,5063,20.0,0.4798464775085449,0.7282779955626347,0.4798464775085449,0.5860486030578613,0.15811623632907867
switzerland,cleveland,v2_attention_equal_budget,v2,0,5063,25.0,0.45082318782806396,0.764823501935298,0.45082318782806396,0.5233713388442993,0.1467549204826355
switzerland,cleveland,v2_attention_equal_budget,v2,0,5063,30.0,0.43027544021606445,0.8385587650369446,0.43027544021606445,0.5030416250228882,0.13890916109085083
switzerland,cleveland,v2_attention_equal_budget,v2,0,5063,35.0,0.40613606572151184,0.8852979520070995,0.40613606572151184,0.47540122270584106,0.13081631064414978
switzerland,cleveland,v2_attention_equal_budget,v2,0,5063,40.0,0.4007175862789154,0.923792582565137,0.4007175862789154,0.459497332572937,0.12757939100265503
switzerland,cleveland,v2_attention_equal_budget,v2,0,5063,45.0,0.37726685404777527,1.0510799254262306,0.37726685404777527,0.43889737129211426,0.12082011997699738
switzerland,cleveland,v2_attention_equal_budget,v2,0,5063,50.0,0.35064733028411865,1.1301431210653954,0.35064733028411865,0.38972628116607666,0.1100032702088356
switzerland,cleveland,v2_attention_equal_budget,v2,0,5064,5.0,0.553641676902771,0.5564404123338478,0.553641676902771,0.6107531785964966,0.18481659889221191
switzerland,cleveland,v2_attention_equal_budget,v2,0,5064,10.0,0.507552444934845,0.5763332268759642,0.507552444934845,0.5894912481307983,0.16849550604820251
switzerland,cleveland,v2_attention_equal_budget,v2,0,5064,15.0,0.4729534983634949,0.6328627610210039,0.4729534983634949,0.5457236766815186,0.15467658638954163
switzerland,cleveland,v2_attention_equal_budget,v2,0,5064,20.0,0.459079384803772,0.6681104060885603,0.459079384803772,0.537184476852417,0.14880108833312988
switzerland,cleveland,v2_attention_equal_budget,v2,0,5064,25.0,0.4525797367095947,0.6564149889462144,0.4525797367095947,0.5452166795730591,0.14707309007644653
switzerland,cleveland,v2_attention_equal_budget,v2,0,5064,30.0,0.4348040521144867,0.7014543828306734,0.4348040521144867,0.509713351726532,0.14013412594795227
switzerland,cleveland,v2_attention_equal_budget,v2,0,5064,35.0,0.4186178743839264,0.8008695771070884,0.4186178743839264,0.49967098236083984,0.13573428988456726
switzerland,cleveland,v2_attention_equal_budget,v2,0,5064,40.0,0.3969103693962097,0.8865111735798759,0.3969103693962097,0.47036004066467285,0.1251869946718216
switzerland,cleveland,v2_attention_equal_budget,v2,0,5064,45.0,0.3797242045402527,0.8795537158476224,0.3797242045402527,0.43528488278388977,0.12036589533090591
switzerland,cleveland,v2_attention_equal_budget,v2,0,5065,5.0,0.5541319847106934,0.5635214983702992,0.5541319847106934,0.6470962166786194,0.1856691837310791
switzerland,cleveland,v2_attention_equal_budget,v2,0,5065,10.0,0.5006704330444336,0.5569712813707293,0.5006704330444336,0.6037282943725586,0.16500495374202728
switzerland,cleveland,v2_attention_equal_budget,v2,0,5065,15.0,0.478746235370636,0.584320211419231,0.478746235370636,0.5764868259429932,0.15854942798614502
switzerland,cleveland,v2_attention_equal_budget,v2,0,5065,20.0,0.45953553915023804,0.607304255186745,0.45953553915023804,0.5472797155380249,0.1499764770269394
switzerland,cleveland,v2_attention_equal_budget,v2,0,5065,25.0,0.4551132917404175,0.6054067468348439,0.4551132917404175,0.5452986359596252,0.14821717143058777
switzerland,cleveland,v2_attention_equal_budget,v2,0,5065,30.0,0.4139752984046936,0.6684312170614382,0.4139752984046936,0.488252729177475,0.1327909380197525
switzerland,cleveland,v2_attention_equal_budget,v2,0,5065,35.0,0.41513925790786743,0.7220476188576693,0.41513925790786743,0.4833756685256958,0.13353830575942993
switzerland,cleveland,v2_attention_equal_budget,v2,0,5065,40.0,0.3968294858932495,0.7436614242948156,0.3968294858932495,0.46957507729530334,0.12625470757484436
switzerland,cleveland,v2_attention_equal_budget,v2,0,5065,45.0,0.3611980080604553,0.7648582838599561,0.3611980080604553,0.42065975069999695,0.11169343441724777
switzerland,cleveland,v2_attention_equal_budget,v2,0,5065,50.0,0.34556305408477783,0.8202168075001652,0.34556305408477783,0.38742595911026,0.10855849832296371
switzerland,cleveland,v2_attention_equal_budget,v2,0,5066,5.0,0.5305896997451782,0.536605485294072,0.5305896997451782,0.5981230735778809,0.17534683644771576
switzerland,cleveland,v2_attention_equal_budget,v2,0,5066,10.0,0.5047059059143066,0.546610962602535,0.5047059059143066,0.6112807393074036,0.16684003174304962
switzerland,cleveland,v2_attention_equal_budget,v2,0,5066,15.0,0.48389965295791626,0.5591110645047868,0.48389965295791626,0.5643134713172913,0.15943822264671326
switzerland,cleveland,v2_attention_equal_budget,v2,0,5066,20.0,0.46906089782714844,0.5709762980127523,0.46906089782714844,0.5452725291252136,0.1540430188179016
switzerland,cleveland,v2_attention_equal_budget,v2,0,5066,25.0,0.44606295228004456,0.6123885519457749,0.44606295228004456,0.5335170030593872,0.14528706669807434
switzerland,cleveland,v2_attention_equal_budget,v2,0,5066,30.0,0.4329772889614105,0.6047985578867864,0.4329772889614105,0.5133649110794067,0.13926123082637787
switzerland,cleveland,v2_attention_equal_budget,v2,0,5066,35.0,0.40008097887039185,0.6383024837215535,0.40008097887039185,0.47810500860214233,0.12764039635658264
switzerland,cleveland,v2_attention_equal_budget,v2,0,5066,40.0,0.4027618169784546,0.7046232954470015,0.4027618169784546,0.4682294726371765,0.12814398109912872
switzerland,cleveland,v2_attention_equal_budget,v2,0,5066,45.0,0.38699212670326233,0.757131376332354,0.38699212670326233,0.4645894169807434,0.12196303904056549
switzerland,cleveland,v2_attention_equal_budget,v2,0,5067,5.0,0.5125800371170044,0.5207799835701359,0.5125800371170044,0.6024718284606934,0.16889506578445435
switzerland,cleveland,v2_attention_equal_budget,v2,0,5067,10.0,0.4885118007659912,0.5140217601969853,0.4885118007659912,0.5872111320495605,0.15939874947071075
switzerland,cleveland,v2_attention_equal_budget,v2,0,5067,15.0,0.4635566473007202,0.5203222383617558,0.4635566473007202,0.5469428896903992,0.1492970883846283
switzerland,cleveland,v2_attention_equal_budget,v2,0,5067,20.0,0.43481963872909546,0.5714765509056994,0.43481963872909546,0.5245839357376099,0.1397438943386078
switzerland,cleveland,v2_attention_equal_budget,v2,0,5067,25.0,0.4346816837787628,0.643991952460802,0.4346816837787628,0.5269833207130432,0.14139658212661743
switzerland,cleveland,v2_attention_equal_budget,v2,0,5067,30.0,0.41175752878189087,0.6766004681942495,0.41175752878189087,0.4998319745063782,0.13079938292503357
switzerland,cleveland,v2_attention_equal_budget,v2,0,5067,35.0,0.40481337904930115,0.7449864512455558,0.40481337904930115,0.4680215120315552,0.12778432667255402
switzerland,cleveland,v2_attention_equal_budget,v2,0,5067,40.0,0.3697015345096588,0.7481381020224285,0.3697015345096588,0.43145376443862915,0.11469530314207077
switzerland,cleveland,v2_attention_equal_budget,v2,0,5067,45.0,0.37755656242370605,0.7405505251361264,0.37755656242370605,0.44975394010543823,0.11547000706195831
switzerland,cleveland,v2_attention_equal_budget,v2,0,5067,50.0,0.35446757078170776,0.8358271403598604,0.35446757078170776,0.4187997579574585,0.10991709679365158
switzerland,cleveland,v2_attention_equal_budget,v2,0,5068,5.0,0.535248875617981,0.5978376414845322,0.535248875617981,0.6100438237190247,0.17759419977664948
switzerland,cleveland,v2_attention_equal_budget,v2,0,5068,10.0,0.5132116079330444,0.5474554099727917,0.5132116079330444,0.624137818813324,0.17014433443546295
switzerland,cleveland,v2_attention_equal_budget,v2,0,5068,15.0,0.4768869876861572,0.5429460129730868,0.4768869876861572,0.5662476420402527,0.15625140070915222
switzerland,cleveland,v2_attention_equal_budget,v2,0,5068,20.0,0.45790234208106995,0.6026849923685704,0.45790234208106995,0.5526589155197144,0.15122061967849731
switzerland,cleveland,v2_attention_equal_budget,v2,0,5068,25.0,0.43990620970726013,0.6483939622625157,0.43990620970726013,0.5257313251495361,0.14361268281936646
switzerland,cleveland,v2_attention_equal_budget,v2,0,5068,30.0,0.431535929441452,0.7465903800820355,0.431535929441452,0.5294150710105896,0.14096206426620483
switzerland,cleveland,v2_attention_equal_budget,v2,0,5068,35.0,0.4221303462982178,0.7743225809562136,0.4221303462982178,0.5141384601593018,0.13724982738494873
switzerland,cleveland,v2_attention_equal_budget,v2,0,5068,40.0,0.4002043604850769,0.7938678582597871,0.4002043604850769,0.4762319326400757,0.12828615307807922
switzerland,cleveland,v2_attention_equal_budget,v2,0,5068,45.0,0.3739264905452728,0.8890159283572938,0.3739264905452728,0.46321308612823486,0.1184144988656044
switzerland,cleveland,v2_attention_equal_budget,v2,0,5068,50.0,0.35957813262939453,0.9603571912377237,0.35957813262939453,0.44432440400123596,0.11454959213733673
switzerland,cleveland,v2_attention_equal_budget,v2,0,5068,55.0,0.33835911750793457,1.0400604078991929,0.33835911750793457,0.38648489117622375,0.10697007179260254
switzerland,cleveland,v2_attention_equal_budget,v2,0,5069,5.0,0.5231431722640991,0.6694966646814009,0.5231431722640991,0.5909663438796997,0.17433986067771912
switzerland,cleveland,v2_attention_equal_budget,v2,0,5069,10.0,0.5023928880691528,0.6363519544753731,0.5023928880691528,0.5945859551429749,0.166852205991745
switzerland,cleveland,v2_attention_equal_budget,v2,0,5069,15.0,0.46640175580978394,0.6619817651404256,0.46640175580978394,0.5455796718597412,0.15297570824623108
switzerland,cleveland,v2_attention_equal_budget,v2,0,5069,20.0,0.45028823614120483,0.6968056983825708,0.45028823614120483,0.5438696146011353,0.14627966284751892
switzerland,cleveland,v2_attention_equal_budget,v2,0,5069,25.0,0.439449667930603,0.8266654302924159,0.439449667930603,0.5066501498222351,0.14300453662872314
switzerland,cleveland,v2_attention_equal_budget,v2,0,5069,30.0,0.41931071877479553,0.812412342127147,0.41931071877479553,0.48425066471099854,0.13406430184841156
switzerland,cleveland,v2_attention_equal_budget,v2,0,5069,35.0,0.39524364471435547,0.8060878836142571,0.39524364471435547,0.43831944465637207,0.12251512706279755
switzerland,cleveland,v2_attention_equal_budget,v2,0,5069,40.0,0.39389845728874207,0.8738612018806332,0.39389845728874207,0.4551941156387329,0.12470439076423645
switzerland,cleveland,v2_attention_equal_budget,v2,0,5069,45.0,0.37092429399490356,0.8732021103708858,0.37092429399490356,0.4277878701686859,0.11716502159833908
switzerland,cleveland,v2_attention_equal_budget,v2,0,5069,50.0,0.34317901730537415,0.8664648477356971,0.34317901730537415,0.3731760084629059,0.10622747242450714
switzerland,cleveland,v2_attention_equal_budget,v2,0,5070,5.0,0.5668039917945862,0.6162147365776749,0.5668039917945862,0.6223042607307434,0.19047380983829498
switzerland,cleveland,v2_attention_equal_budget,v2,0,5070,10.0,0.5080482959747314,0.5829263770529508,0.5080482959747314,0.5834583640098572,0.16692593693733215
switzerland,cleveland,v2_attention_equal_budget,v2,0,5070,15.0,0.4833605885505676,0.5812618742893684,0.4833605885505676,0.5546565055847168,0.1587880253791809
switzerland,cleveland,v2_attention_equal_budget,v2,0,5070,20.0,0.47063907980918884,0.5835219574841304,0.47063907980918884,0.5295643210411072,0.15439613163471222
switzerland,cleveland,v2_attention_equal_budget,v2,0,5070,25.0,0.44121989607810974,0.5887796286313607,0.44121989607810974,0.5098088979721069,0.1438051015138626
switzerland,cleveland,v2_attention_equal_budget,v2,0,5070,30.0,0.4233717620372772,0.6419297604453491,0.4233717620372772,0.4683001637458801,0.13608284294605255
switzerland,cleveland,v2_attention_equal_budget,v2,0,5070,35.0,0.4018104672431946,0.7028941694917087,0.4018104672431946,0.46579909324645996,0.128016859292984
switzerland,cleveland,v2_attention_equal_budget,v2,0,5070,40.0,0.401155948638916,0.7773712460933969,0.401155948638916,0.4464770555496216,0.12889067828655243
switzerland,cleveland,v2_attention_equal_budget,v2,0,5070,45.0,0.3730604648590088,0.8429021576834141,0.3730604648590088,0.41309642791748047,0.11637749522924423
switzerland,cleveland,v2_attention_equal_budget,v2,0,5070,50.0,0.3668692111968994,0.930136878791517,0.3668692111968994,0.40911394357681274,0.11519788950681686
switzerland,cleveland,v2_attention_equal_budget,v2,0,5070,55.0,0.32675501704216003,0.9326478463806349,0.32675501704216003,0.3305932283401489,0.09725497663021088
switzerland,cleveland,v2_attention_equal_budget,v2,0,5071,5.0,0.563258171081543,0.5476121974736721,0.563258171081543,0.6181390881538391,0.18920835852622986
switzerland,cleveland,v2_attention_equal_budget,v2,0,5071,10.0,0.5025588274002075,0.5315990630544984,0.5025588274002075,0.599533200263977,0.16533850133419037
switzerland,cleveland,v2_attention_equal_budget,v2,0,5071,15.0,0.48362016677856445,0.5477466223190706,0.48362016677856445,0.5789165496826172,0.15801341831684113
switzerland,cleveland,v2_attention_equal_budget,v2,0,5071,20.0,0.4631543457508087,0.58125249759497,0.4631543457508087,0.5513453483581543,0.15086686611175537
switzerland,cleveland,v2_attention_equal_budget,v2,0,5071,25.0,0.450082004070282,0.6062084788749925,0.450082004070282,0.544723391532898,0.14687295258045197
switzerland,cleveland,v2_attention_equal_budget,v2,0,5071,30.0,0.42627260088920593,0.6431093638880625,0.42627260088920593,0.4897284209728241,0.13611626625061035
switzerland,cleveland,v2_attention_equal_budget,v2,0,5071,35.0,0.4192219376564026,0.6657660284053291,0.4192219376564026,0.49824509024620056,0.1339377760887146
switzerland,cleveland,v2_attention_equal_budget,v2,0,5071,40.0,0.39497458934783936,0.6879469293258279,0.39497458934783936,0.4564089775085449,0.1259772777557373
switzerland,cleveland,v2_attention_equal_budget,v2,0,5071,45.0,0.38039490580558777,0.7415080857503338,0.38039490580558777,0.4708956182003021,0.12112591415643692
switzerland,cleveland,v2_attention_equal_budget,v2,0,5071,50.0,0.36049124598503113,0.8234040303692947,0.36049124598503113,0.4038201570510864,0.11166408658027649
switzerland,hungary,v2_attention_equal_budget,v2,0,5062,5.0,0.6096237897872925,0.6092747357630786,0.6096237897872925,0.6686607003211975,0.20994606614112854
switzerland,hungary,v2_attention_equal_budget,v2,0,5062,10.0,0.5238257646560669,0.5782760776961126,0.5238257646560669,0.6164663434028625,0.17419826984405518
switzerland,hungary,v2_attention_equal_budget,v2,0,5062,15.0,0.49157288670539856,0.6000371009001418,0.49157288670539856,0.5792883038520813,0.16147828102111816
switzerland,hungary,v2_attention_equal_budget,v2,0,5062,20.0,0.46234458684921265,0.6040651494090368,0.46234458684921265,0.5586607456207275,0.14970310032367706
switzerland,hungary,v2_attention_equal_budget,v2,0,5062,25.0,0.45489856600761414,0.5817489547507109,0.45489856600761414,0.5540652871131897,0.14839476346969604
switzerland,hungary,v2_attention_equal_budget,v2,0,5062,30.0,0.42744433879852295,0.5974535964360077,0.42744433879852295,0.5086818933486938,0.13849729299545288
switzerland,hungary,v2_attention_equal_budget,v2,0,5062,35.0,0.4088740646839142,0.6644877263436662,0.4088740646839142,0.4815729260444641,0.1290172040462494
switzerland,hungary,v2_attention_equal_budget,v2,0,5062,40.0,0.3916303515434265,0.6920769151614778,0.3916303515434265,0.4600374698638916,0.1224570944905281
switzerland,hungary,v2_attention_equal_budget,v2,0,5062,45.0,0.38370281457901,0.7052881341380053,0.38370281457901,0.4334754943847656,0.12104585021734238
switzerland,hungary,v2_attention_equal_budget,v2,0,5062,50.0,0.3468931317329407,0.7070344929144121,0.3468931317329407,0.3925018608570099,0.1064416915178299
switzerland,hungary,v2_attention_equal_budget,v2,0,5063,5.0,0.5903012752532959,0.5689101909949373,0.5903012752532959,0.6355265378952026,0.20106470584869385
switzerland,hungary,v2_attention_equal_budget,v2,0,5063,10.0,0.5233880281448364,0.5074973718966811,0.5233880281448364,0.6155990362167358,0.17466306686401367
switzerland,hungary,v2_attention_equal_budget,v2,0,5063,15.0,0.48275232315063477,0.5204710543120971,0.48275232315063477,0.5764768123626709,0.1576933115720749
switzerland,hungary,v2_attention_equal_budget,v2,0,5063,20.0,0.4616895318031311,0.5265395442874247,0.4616895318031311,0.5504039525985718,0.14977067708969116
switzerland,hungary,v2_attention_equal_budget,v2,0,5063,25.0,0.454563707113266,0.5377467940949726,0.454563707113266,0.5537278652191162,0.14633908867835999
switzerland,hungary,v2_attention_equal_budget,v2,0,5063,30.0,0.42462217807769775,0.544923414088659,0.42462217807769775,0.4980086088180542,0.13583692908287048
switzerland,hungary,v2_attention_equal_budget,v2,0,5063,35.0,0.3998425602912903,0.5516714074805299,0.3998425602912903,0.4702455997467041,0.12585210800170898
switzerland,hungary,v2_attention_equal_budget,v2,0,5063,40.0,0.3998302221298218,0.5877862211703695,0.3998302221298218,0.46316277980804443,0.1253795474767685
switzerland,hungary,v2_attention_equal_budget,v2,0,5063,45.0,0.35347887873649597,0.5780734464006345,0.35347887873649597,0.3996160328388214,0.10742148756980896
switzerland,hungary,v2_attention_equal_budget,v2,0,5063,50.0,0.34491726756095886,0.6090514785284249,0.34491726756095886,0.38862767815589905,0.10691352188587189
switzerland,hungary,v2_attention_equal_budget,v2,0,5064,5.0,0.5578688383102417,0.5514677056677311,0.5578688383102417,0.6485332250595093,0.1875039041042328
switzerland,hungary,v2_attention_equal_budget,v2,0,5064,10.0,0.4878937304019928,0.57423632719419,0.4878937304019928,0.6006934642791748,0.16014516353607178
switzerland,hungary,v2_attention_equal_budget,v2,0,5064,15.0,0.48166435956954956,0.5788243112193875,0.48166435956954956,0.578656017780304,0.15746501088142395
switzerland,hungary,v2_attention_equal_budget,v2,0,5064,20.0,0.45221012830734253,0.5676949741181145,0.45221012830734253,0.5487836599349976,0.14656105637550354
switzerland,hungary,v2_attention_equal_budget,v2,0,5064,25.0,0.4300950765609741,0.5989896953654896,0.4300950765609741,0.5264979600906372,0.1386006623506546
switzerland,hungary,v2_attention_equal_budget,v2,0,5064,30.0,0.4049835503101349,0.6417918206483626,0.4049835503101349,0.4951726794242859,0.12856052815914154
switzerland,hungary,v2_attention_equal_budget,v2,0,5064,35.0,0.3918216824531555,0.6644148248305848,0.3918216824531555,0.4844599962234497,0.1244882345199585
switzerland,hungary,v2_attention_equal_budget,v2,0,5064,40.0,0.36936134099960327,0.7326885837634978,0.36936134099960327,0.44009900093078613,0.11489786207675934
switzerland,hungary,v2_attention_equal_budget,v2,0,5064,45.0,0.32974720001220703,0.8626240454847449,0.32974720001220703,0.3890726566314697,0.10197289288043976
switzerland,hungary,v2_attention_equal_budget,v2,0,5065,5.0,0.5672376155853271,0.6426904445327808,0.5672376155853271,0.63893723487854,0.19115886092185974
switzerland,hungary,v2_attention_equal_budget,v2,0,5065,10.0,0.509671151638031,0.6898646848452713,0.509671151638031,0.6044877767562866,0.16544871032238007
switzerland,hungary,v2_attention_equal_budget,v2,0,5065,15.0,0.48667728900909424,0.5675395542742072,0.48667728900909424,0.5961267948150635,0.158072829246521
switzerland,hungary,v2_attention_equal_budget,v2,0,5065,20.0,0.47916215658187866,0.5619714630582702,0.47916215658187866,0.5958908796310425,0.15676726400852203
switzerland,hungary,v2_attention_equal_budget,v2,0,5065,25.0,0.43376976251602173,0.5815648145312281,0.43376976251602173,0.5341194272041321,0.1372644454240799
switzerland,hungary,v2_attention_equal_budget,v2,0,5065,30.0,0.4257199764251709,0.5959106014050581,0.4257199764251709,0.5314878225326538,0.13750062882900238
switzerland,hungary,v2_attention_equal_budget,v2,0,5065,35.0,0.4072265326976776,0.6259230003043813,0.4072265326976776,0.482164204120636,0.12951743602752686
switzerland,hungary,v2_attention_equal_budget,v2,0,5065,40.0,0.3929341435432434,0.7062273169959975,0.3929341435432434,0.46381714940071106,0.12515226006507874
switzerland,hungary,v2_attention_equal_budget,v2,0,5065,45.0,0.352570116519928,0.7816966595229705,0.352570116519928,0.41275933384895325,0.10976877808570862
switzerland,hungary,v2_attention_equal_budget,v2,0,5065,50.0,0.35877275466918945,0.8509030612694312,0.35877275466918945,0.41851484775543213,0.11438145488500595
switzerland,hungary,v2_attention_equal_budget,v2,0,5065,55.0,0.3138206899166107,0.9054257398683438,0.3138206899166107,0.35485947132110596,0.0953066349029541
switzerland,hungary,v2_attention_equal_budget,v2,0,5065,60.0,0.3041936457157135,0.8987370423134695,0.3041936457157135,0.34120863676071167,0.09336095303297043
switzerland,hungary,v2_attention_equal_budget,v2,0,5066,5.0,0.5441466569900513,0.49222310726015966,0.5441466569900513,0.5824418663978577,0.18099790811538696
switzerland,hungary,v2_attention_equal_budget,v2,0,5066,10.0,0.5016546845436096,0.5351401108526986,0.5016546845436096,0.5777990818023682,0.16469252109527588
switzerland,hungary,v2_attention_equal_budget,v2,0,5066,15.0,0.4749743342399597,0.5858060239332341,0.4749743342399597,0.56629478931427,0.1546705812215805
switzerland,hungary,v2_attention_equal_budget,v2,0,5066,20.0,0.4586051106452942,0.5653294499957764,0.4586051106452942,0.5562739372253418,0.15022270381450653
switzerland,hungary,v2_attention_equal_budget,v2,0,5066,25.0,0.4433024227619171,0.576870109560446,0.4433024227619171,0.5281601548194885,0.142622709274292
switzerland,hungary,v2_attention_equal_budget,v2,0,5066,30.0,0.4061465859413147,0.5978440142156376,0.4061465859413147,0.4870551824569702,0.12825965881347656
switzerland,hungary,v2_attention_equal_budget,v2,0,5066,35.0,0.39531993865966797,0.6555773632903754,0.39531993865966797,0.48529720306396484,0.12547293305397034
switzerland,hungary,v2_attention_equal_budget,v2,0,5066,40.0,0.3639325797557831,0.6400130684012951,0.3639325797557831,0.4125012755393982,0.11377304792404175
switzerland,hungary,v2_attention_equal_budget,v2,0,5066,45.0,0.357695072889328,0.6010908850132753,0.357695072889328,0.4268535375595093,0.11309390515089035
switzerland,hungary,v2_attention_equal_budget,v2,0,5067,5.0,0.5724579095840454,0.572322928207839,0.5724579095840454,0.648540735244751,0.1937687247991562
switzerland,hungary,v2_attention_equal_budget,v2,0,5067,10.0,0.5177303552627563,0.5398667657257701,0.5177303552627563,0.6183871626853943,0.1722203493118286
switzerland,hungary,v2_attention_equal_budget,v2,0,5067,15.0,0.49387332797050476,0.5111949087976894,0.49387332797050476,0.588111162185669,0.1624378263950348
switzerland,hungary,v2_attention_equal_budget,v2,0,5067,20.0,0.4543006122112274,0.5104016309963797,0.4543006122112274,0.537787914276123,0.1466561257839203
switzerland,hungary,v2_attention_equal_budget,v2,0,5067,25.0,0.4542287588119507,0.5186841406157346,0.4542287588119507,0.5570785403251648,0.14708679914474487
switzerland,hungary,v2_attention_equal_budget,v2,0,5067,30.0,0.43416693806648254,0.5305905169127118,0.43416693806648254,0.5287178158760071,0.13897982239723206
switzerland,hungary,v2_attention_equal_budget,v2,0,5067,35.0,0.39842745661735535,0.5362402691425683,0.39842745661735535,0.47761470079421997,0.1262294054031372
switzerland,hungary,v2_attention_equal_budget,v2,0,5067,40.0,0.4012555181980133,0.5559541335329009,0.4012555181980133,0.4680398106575012,0.1265547275543213
switzerland,hungary,v2_attention_equal_budget,v2,0,5067,45.0,0.38192129135131836,0.563001711288082,0.38192129135131836,0.45225387811660767,0.12073466181755066
switzerland,hungary,v2_attention_equal_budget,v2,0,5067,50.0,0.34754979610443115,0.574047222623973,0.34754979610443115,0.40069371461868286,0.10748495906591415
switzerland,hungary,v2_attention_equal_budget,v2,0,5067,55.0,0.3328469395637512,0.6192709587236715,0.3328469395637512,0.37141287326812744,0.10096383094787598
switzerland,hungary,v2_attention_equal_budget,v2,0,5067,60.0,0.29769882559776306,0.670007022615073,0.29769882559776306,0.3008500039577484,0.08981489390134811
switzerland,hungary,v2_attention_equal_budget,v2,0,5068,5.0,0.556614100933075,0.5440098203341706,0.556614100933075,0.6106406450271606,0.1868535876274109
switzerland,hungary,v2_attention_equal_budget,v2,0,5068,10.0,0.4899402856826782,0.5355294989181008,0.4899402856826782,0.5912944078445435,0.16030016541481018
switzerland,hungary,v2_attention_equal_budget,v2,0,5068,15.0,0.486127644777298,0.5542240667257032,0.486127644777298,0.5802263021469116,0.15881431102752686
switzerland,hungary,v2_attention_equal_budget,v2,0,5068,20.0,0.45943573117256165,0.5727002619551473,0.45943573117256165,0.5524674654006958,0.15054357051849365
switzerland,hungary,v2_attention_equal_budget,v2,0,5068,25.0,0.4226493835449219,0.6306525302065971,0.4226493835449219,0.5144876837730408,0.13463526964187622
switzerland,hungary,v2_attention_equal_budget,v2,0,5068,30.0,0.3944352865219116,0.6394349921034698,0.3944352865219116,0.48106488585472107,0.12387316673994064
switzerland,hungary,v2_attention_equal_budget,v2,0,5068,35.0,0.3911805748939514,0.6676078380520164,0.3911805748939514,0.47198256850242615,0.12418471276760101
switzerland,hungary,v2_attention_equal_budget,v2,0,5068,40.0,0.3494808077812195,0.7053547111407051,0.3494808077812195,0.41160768270492554,0.10894515365362167
switzerland,hungary,v2_attention_equal_budget,v2,0,5068,45.0,0.3527950048446655,0.7827546935117056,0.3527950048446655,0.4063999056816101,0.1115931048989296
switzerland,hungary,v2_attention_equal_budget,v2,0,5068,50.0,0.32696533203125,0.7437242784520068,0.32696533203125,0.3882405757904053,0.10108524560928345
switzerland,hungary,v2_attention_equal_budget,v2,0,5069,5.0,0.5697759389877319,0.5647797442044311,0.5697759389877319,0.6294376850128174,0.19201478362083435
switzerland,hungary,v2_attention_equal_budget,v2,0,5069,10.0,0.5226791501045227,0.5202555866255115,0.5226791501045227,0.6085616946220398,0.17386430501937866
switzerland,hungary,v2_attention_equal_budget,v2,0,5069,15.0,0.48781198263168335,0.5098929158917879,0.48781198263168335,0.5906823873519897,0.1600169539451599
switzerland,hungary,v2_attention_equal_budget,v2,0,5069,20.0,0.46613553166389465,0.5399077712702076,0.46613553166389465,0.5613047480583191,0.15167373418807983
switzerland,hungary,v2_attention_equal_budget,v2,0,5069,25.0,0.42723724246025085,0.5430706736612192,0.42723724246025085,0.5039668083190918,0.13723066449165344
switzerland,hungary,v2_attention_equal_budget,v2,0,5069,30.0,0.41195225715637207,0.5504081101730909,0.41195225715637207,0.48546314239501953,0.12951689958572388
switzerland,hungary,v2_attention_equal_budget,v2,0,5069,35.0,0.41497111320495605,0.5666528690815187,0.41497111320495605,0.4878482222557068,0.13315421342849731
switzerland,hungary,v2_attention_equal_budget,v2,0,5069,40.0,0.37619635462760925,0.6088127077370142,0.37619635462760925,0.4250636100769043,0.11699794232845306
switzerland,hungary,v2_attention_equal_budget,v2,0,5069,45.0,0.35210657119750977,0.6355896405420174,0.35210657119750977,0.39158231019973755,0.11028118431568146
switzerland,hungary,v2_attention_equal_budget,v2,0,5069,50.0,0.3428528904914856,0.667505834367528,0.3428528904914856,0.39408430457115173,0.10577426105737686
switzerland,hungary,v2_attention_equal_budget,v2,0,5069,55.0,0.3365198075771332,0.7204885548977089,0.3365198075771332,0.35380709171295166,0.10376716405153275
switzerland,hungary,v2_attention_equal_budget,v2,0,5070,5.0,0.5863684415817261,0.5694658707748645,0.5863684415817261,0.6469817757606506,0.19887380301952362
switzerland,hungary,v2_attention_equal_budget,v2,0,5070,10.0,0.525630533695221,0.5736654215110865,0.525630533695221,0.6068933010101318,0.1739748865365982
switzerland,hungary,v2_attention_equal_budget,v2,0,5070,15.0,0.4965823292732239,0.5341767669443677,0.4965823292732239,0.5930685997009277,0.1641232818365097
switzerland,hungary,v2_attention_equal_budget,v2,0,5070,20.0,0.4660513997077942,0.487540521356824,0.4660513997077942,0.5650717616081238,0.15184015035629272
switzerland,hungary,v2_attention_equal_budget,v2,0,5070,25.0,0.4468359351158142,0.4988830886397546,0.4468359351158142,0.5386607646942139,0.1446378529071808
switzerland,hungary,v2_attention_equal_budget,v2,0,5070,30.0,0.43724557757377625,0.5267036944081844,0.43724557757377625,0.528991162776947,0.1411987841129303
switzerland,hungary,v2_attention_equal_budget,v2,0,5070,35.0,0.4175787568092346,0.564593864498324,0.4175787568092346,0.4791874885559082,0.133143812417984
switzerland,hungary,v2_attention_equal_budget,v2,0,5070,40.0,0.39936646819114685,0.5474993982737159,0.39936646819114685,0.4575200378894806,0.1256788969039917
switzerland,hungary,v2_attention_equal_budget,v2,0,5070,45.0,0.3667449951171875,0.5766926774568489,0.3667449951171875,0.42639589309692383,0.11344350874423981
switzerland,hungary,v2_attention_equal_budget,v2,0,5070,50.0,0.35930389165878296,0.6539546677263326,0.35930389165878296,0.4148758053779602,0.11289476603269577
switzerland,hungary,v2_attention_equal_budget,v2,0,5070,55.0,0.3083748519420624,0.6669514099912771,0.3083748519420624,0.33514899015426636,0.09222622215747833
switzerland,hungary,v2_attention_equal_budget,v2,0,5070,60.0,0.2987156808376312,0.6772084283952737,0.2987156808376312,0.3140239417552948,0.08761024475097656
switzerland,hungary,v2_attention_equal_budget,v2,0,5071,5.0,0.535496175289154,0.5117549261156905,0.535496175289154,0.5971640348434448,0.17884472012519836
switzerland,hungary,v2_attention_equal_budget,v2,0,5071,10.0,0.5161902904510498,0.5340118854785748,0.5161902904510498,0.6217365264892578,0.17015370726585388
switzerland,hungary,v2_attention_equal_budget,v2,0,5071,15.0,0.4660627841949463,0.5620710606390162,0.4660627841949463,0.5678808093070984,0.15204927325248718
switzerland,hungary,v2_attention_equal_budget,v2,0,5071,20.0,0.46018439531326294,0.5300392181807358,0.46018439531326294,0.5629972219467163,0.14936456084251404
switzerland,hungary,v2_attention_equal_budget,v2,0,5071,25.0,0.44094035029411316,0.5555671259578521,0.44094035029411316,0.532407283782959,0.14268386363983154
switzerland,hungary,v2_attention_equal_budget,v2,0,5071,30.0,0.40408560633659363,0.6223485396802231,0.40408560633659363,0.48427748680114746,0.12802082300186157
switzerland,hungary,v2_attention_equal_budget,v2,0,5071,35.0,0.40317386388778687,0.6295624764301271,0.40317386388778687,0.48972493410110474,0.12956582009792328
switzerland,hungary,v2_attention_equal_budget,v2,0,5071,40.0,0.3681032657623291,0.6472832003339047,0.3681032657623291,0.423976868391037,0.1159004420042038
switzerland,hungary,v2_attention_equal_budget,v2,0,5071,45.0,0.36373189091682434,0.6260232628630913,0.36373189091682434,0.4266691207885742,0.11682435870170593
switzerland,va_long_beach,v2_attention_equal_budget,v2,0,5062,5.0,0.4807828962802887,0.7682893216554979,0.4807828962802887,0.5100902915000916,0.154869943857193
switzerland,va_long_beach,v2_attention_equal_budget,v2,0,5062,10.0,0.39909666776657104,0.7973770728167449,0.39909666776657104,0.40892931818962097,0.1245606541633606
switzerland,va_long_beach,v2_attention_equal_budget,v2,0,5062,15.0,0.3677448332309723,0.8116851678898818,0.3677448332309723,0.3744525909423828,0.1136237382888794
switzerland,va_long_beach,v2_attention_equal_budget,v2,0,5062,20.0,0.3506373465061188,0.8836817581046708,0.3506373465061188,0.3668070435523987,0.10874034464359283
switzerland,va_long_beach,v2_attention_equal_budget,v2,0,5062,25.0,0.35600632429122925,0.9470626851929318,0.35600632429122925,0.36422455310821533,0.11001701653003693
switzerland,va_long_beach,v2_attention_equal_budget,v2,0,5062,30.0,0.3438783586025238,0.9378858942116843,0.3438783586025238,0.3452838957309723,0.10848505795001984
switzerland,va_long_beach,v2_attention_equal_budget,v2,0,5062,35.0,0.32948529720306396,0.94145583364708,0.32948529720306396,0.3343563377857208,0.10226260125637054
switzerland,va_long_beach,v2_attention_equal_budget,v2,0,5062,40.0,0.31222856044769287,0.9767737817424443,0.31222856044769287,0.3128013610839844,0.09517264366149902
switzerland,va_long_beach,v2_attention_equal_budget,v2,0,5062,45.0,0.30003276467323303,1.0274842558180721,0.30003276467323303,0.30787378549575806,0.0915236547589302
switzerland,va_long_beach,v2_attention_equal_budget,v2,0,5063,5.0,0.5540426969528198,0.6836533941317946,0.5540426969528198,0.5685564279556274,0.18341472744941711
switzerland,va_long_beach,v2_attention_equal_budget,v2,0,5063,10.0,0.42222779989242554,0.7997343814173228,0.42222779989242554,0.4407684803009033,0.13241055607795715
switzerland,va_long_beach,v2_attention_equal_budget,v2,0,5063,15.0,0.38913750648498535,0.8421965454997897,0.38913750648498535,0.40155547857284546,0.12302616983652115
switzerland,va_long_beach,v2_attention_equal_budget,v2,0,5063,20.0,0.3822840750217438,0.8244558472639463,0.3822840750217438,0.3868338465690613,0.12027814984321594
switzerland,va_long_beach,v2_attention_equal_budget,v2,0,5063,25.0,0.3546299934387207,0.8983120042110535,0.3546299934387207,0.3637304902076721,0.1103450208902359
switzerland,va_long_beach,v2_attention_equal_budget,v2,0,5063,30.0,0.3468261957168579,0.9033371303213846,0.3468261957168579,0.3499780595302582,0.10832507908344269
switzerland,va_long_beach,v2_attention_equal_budget,v2,0,5063,35.0,0.31719478964805603,0.9097248235174309,0.31719478964805603,0.32386714220046997,0.09695853292942047
switzerland,va_long_beach,v2_attention_equal_budget,v2,0,5063,40.0,0.32585573196411133,0.92774727385473,0.32585573196411133,0.330109179019928,0.10059869289398193
switzerland,va_long_beach,v2_attention_equal_budget,v2,0,5063,45.0,0.30055081844329834,0.9716300733910169,0.30055081844329834,0.30159440636634827,0.0909653902053833
switzerland,va_long_beach,v2_attention_equal_budget,v2,0,5064,5.0,0.4530203342437744,0.7428174547640106,0.4530203342437744,0.46984797716140747,0.1451340913772583
switzerland,va_long_beach,v2_attention_equal_budget,v2,0,5064,10.0,0.3709586560726166,0.8681343422424009,0.3709586560726166,0.3820844888687134,0.11660842597484589
switzerland,va_long_beach,v2_attention_equal_budget,v2,0,5064,15.0,0.36533957719802856,0.8709289869549848,0.36533957719802856,0.3664553761482239,0.1139790415763855
switzerland,va_long_beach,v2_attention_equal_budget,v2,0,5064,20.0,0.339203417301178,0.872497709047408,0.339203417301178,0.3419129252433777,0.1046907901763916
switzerland,va_long_beach,v2_attention_equal_budget,v2,0,5064,25.0,0.33261817693710327,0.8547478920039746,0.33261817693710327,0.3355378806591034,0.10276126116514206
switzerland,va_long_beach,v2_attention_equal_budget,v2,0,5064,30.0,0.3180774748325348,0.8765393728907233,0.3180774748325348,0.3258911371231079,0.09839202463626862
switzerland,va_long_beach,v2_attention_equal_budget,v2,0,5064,35.0,0.3039986491203308,0.8905153637678234,0.3039986491203308,0.30530935525894165,0.09327048808336258
switzerland,va_long_beach,v2_attention_equal_budget,v2,0,5064,40.0,0.30046969652175903,0.8800392276234762,0.30046969652175903,0.30381715297698975,0.09144458174705505
switzerland,va_long_beach,v2_attention_equal_budget,v2,0,5064,45.0,0.2959585189819336,0.9397448625240121,0.2959585189819336,0.30231785774230957,0.08955076336860657
switzerland,va_long_beach,v2_attention_equal_budget,v2,0,5065,5.0,0.45769909024238586,0.8044937300839117,0.45769909024238586,0.4726719856262207,0.14512404799461365
switzerland,va_long_beach,v2_attention_equal_budget,v2,0,5065,10.0,0.40269798040390015,0.9638651335487189,0.40269798040390015,0.4099612236022949,0.12836973369121552
switzerland,va_long_beach,v2_attention_equal_budget,v2,0,5065,15.0,0.3745191991329193,1.0393121194444004,0.3745191991329193,0.3786296844482422,0.11745618283748627
switzerland,va_long_beach,v2_attention_equal_budget,v2,0,5065,20.0,0.34607669711112976,1.0879914057755171,0.34607669711112976,0.3497599959373474,0.10868225991725922
switzerland,va_long_beach,v2_attention_equal_budget,v2,0,5065,25.0,0.3437633514404297,1.0757647625877245,0.3437633514404297,0.34719598293304443,0.10892680287361145
switzerland,va_long_beach,v2_attention_equal_budget,v2,0,5065,30.0,0.322837233543396,1.1105579925707318,0.322837233543396,0.32449430227279663,0.09920419752597809
switzerland,va_long_beach,v2_attention_equal_budget,v2,0,5065,35.0,0.3215365409851074,1.2105569127242486,0.3215365409851074,0.3237597942352295,0.10009091347455978
switzerland,va_long_beach,v2_attention_equal_budget,v2,0,5065,40.0,0.3105977475643158,1.2386445163074211,0.3105977475643158,0.31871622800827026,0.09732130169868469
switzerland,va_long_beach,v2_attention_equal_budget,v2,0,5065,45.0,0.3012412190437317,1.2398791490052763,0.3012412190437317,0.31322020292282104,0.09302154183387756
switzerland,va_long_beach,v2_attention_equal_budget,v2,0,5066,5.0,0.4602966904640198,0.6945038995095696,0.4602966904640198,0.46662282943725586,0.14649754762649536
switzerland,va_long_beach,v2_attention_equal_budget,v2,0,5066,10.0,0.39178189635276794,0.8084945430607156,0.39178189635276794,0.39500802755355835,0.12359853088855743
switzerland,va_long_beach,v2_attention_equal_budget,v2,0,5066,15.0,0.3698985278606415,0.7954492301114424,0.3698985278606415,0.37143123149871826,0.11485439538955688
switzerland,va_long_beach,v2_attention_equal_budget,v2,0,5066,20.0,0.3517040014266968,0.8069921872717221,0.3517040014266968,0.35686928033828735,0.10920718312263489
switzerland,va_long_beach,v2_attention_equal_budget,v2,0,5066,25.0,0.3363489508628845,0.8341334440733812,0.3363489508628845,0.34757697582244873,0.10471369326114655
switzerland,va_long_beach,v2_attention_equal_budget,v2,0,5066,30.0,0.3241822421550751,0.8458043584237012,0.3241822421550751,0.3243666887283325,0.0991538017988205
switzerland,va_long_beach,v2_attention_equal_budget,v2,0,5066,35.0,0.3141559660434723,0.8595591310085111,0.3141559660434723,0.32304924726486206,0.0960831269621849
switzerland,va_long_beach,v2_attention_equal_budget,v2,0,5066,40.0,0.3042052090167999,0.9009775184132639,0.3042052090167999,0.31467652320861816,0.09361691772937775
switzerland,va_long_beach,v2_attention_equal_budget,v2,0,5066,45.0,0.3020673990249634,0.9229715419619748,0.3020673990249634,0.3084309697151184,0.09271271526813507
switzerland,va_long_beach,v2_attention_equal_budget,v2,0,5067,5.0,0.4401068091392517,0.7209185972469087,0.4401068091392517,0.4448027014732361,0.13856709003448486
switzerland,va_long_beach,v2_attention_equal_budget,v2,0,5067,10.0,0.37534356117248535,0.8360424107791349,0.37534356117248535,0.38912633061408997,0.11564937233924866
switzerland,va_long_beach,v2_attention_equal_budget,v2,0,5067,15.0,0.35533344745635986,0.8158871308764545,0.35533344745635986,0.3636782169342041,0.10937902331352234
switzerland,va_long_beach,v2_attention_equal_budget,v2,0,5067,20.0,0.3493860960006714,0.8062861652416149,0.3493860960006714,0.3558541536331177,0.10702976584434509
switzerland,va_long_beach,v2_attention_equal_budget,v2,0,5067,25.0,0.33276495337486267,0.8598992825394476,0.33276495337486267,0.35721343755722046,0.1021387130022049
switzerland,va_long_beach,v2_attention_equal_budget,v2,0,5067,30.0,0.32896655797958374,0.9171799053306493,0.32896655797958374,0.3291495144367218,0.1024685800075531
switzerland,va_long_beach,v2_attention_equal_budget,v2,0,5067,35.0,0.3077503740787506,0.9340460795725165,0.3077503740787506,0.31633689999580383,0.09477336704730988
switzerland,va_long_beach,v2_attention_equal_budget,v2,0,5067,40.0,0.30107802152633667,0.9444954659774554,0.30107802152633667,0.3176957964897156,0.09237632900476456
switzerland,va_long_beach,v2_attention_equal_budget,v2,0,5067,45.0,0.2980337142944336,0.9463820738531937,0.2980337142944336,0.301427960395813,0.09108245372772217
switzerland,va_long_beach,v2_attention_equal_budget,v2,0,5068,5.0,0.46631568670272827,0.6814031901508868,0.46631568670272827,0.4869709610939026,0.14682629704475403
switzerland,va_long_beach,v2_attention_equal_budget,v2,0,5068,10.0,0.37935346364974976,0.817774126650862,0.37935346364974976,0.38635504245758057,0.11784598231315613
switzerland,va_long_beach,v2_attention_equal_budget,v2,0,5068,15.0,0.352714866399765,0.904868268968305,0.352714866399765,0.356377512216568,0.10951203852891922
switzerland,va_long_beach,v2_attention_equal_budget,v2,0,5068,20.0,0.3629089891910553,0.9631471906559332,0.3629089891910553,0.3672916889190674,0.1133548766374588
switzerland,va_long_beach,v2_attention_equal_budget,v2,0,5068,25.0,0.34384214878082275,0.9646701450302593,0.34384214878082275,0.3447583317756653,0.10443821549415588
switzerland,va_long_beach,v2_attention_equal_budget,v2,0,5068,30.0,0.3379877209663391,0.9858775557536121,0.3379877209663391,0.33803483843803406,0.10550502687692642
switzerland,va_long_beach,v2_attention_equal_budget,v2,0,5068,35.0,0.31534820795059204,1.0013811275779239,0.31534820795059204,0.3206285834312439,0.09801354259252548
switzerland,va_long_beach,v2_attention_equal_budget,v2,0,5068,40.0,0.3037978410720825,0.9916118330526777,0.3037978410720825,0.3094409108161926,0.09364752471446991
switzerland,va_long_beach,v2_attention_equal_budget,v2,0,5068,45.0,0.2934989333152771,1.058849286280645,0.2934989333152771,0.3026584982872009,0.09139982610940933
switzerland,va_long_beach,v2_attention_equal_budget,v2,0,5069,5.0,0.4168141484260559,0.7732236000202257,0.4168141484260559,0.4276484251022339,0.1308399736881256
switzerland,va_long_beach,v2_attention_equal_budget,v2,0,5069,10.0,0.3809797167778015,0.9040818949384293,0.3809797167778015,0.407470703125,0.11819583177566528
switzerland,va_long_beach,v2_attention_equal_budget,v2,0,5069,15.0,0.34592947363853455,0.9469331613205522,0.34592947363853455,0.3709772825241089,0.10544633865356445
switzerland,va_long_beach,v2_attention_equal_budget,v2,0,5069,20.0,0.332503080368042,1.0565612525505674,0.332503080368042,0.3460410237312317,0.10287687927484512
switzerland,va_long_beach,v2_attention_equal_budget,v2,0,5069,25.0,0.3223695158958435,1.0697229529152705,0.3223695158958435,0.32588183879852295,0.09848897904157639
switzerland,va_long_beach,v2_attention_equal_budget,v2,0,5069,30.0,0.30499398708343506,1.0921419710978422,0.30499398708343506,0.30899477005004883,0.09240391105413437
switzerland,va_long_beach,v2_attention_equal_budget,v2,0,5069,35.0,0.29970842599868774,1.1350886380524399,0.29970842599868774,0.3094289004802704,0.09219691902399063
switzerland,va_long_beach,v2_attention_equal_budget,v2,0,5069,40.0,0.290557861328125,1.188695842220353,0.290557861328125,0.3018631637096405,0.08930393308401108
switzerland,va_long_beach,v2_attention_equal_budget,v2,0,5069,45.0,0.2886940836906433,1.260544227122122,0.2886940836906433,0.29794394969940186,0.08711131662130356
switzerland,va_long_beach,v2_attention_equal_budget,v2,0,5070,5.0,0.4095747768878937,0.8420255288191039,0.4095747768878937,0.4185163378715515,0.12895777821540833
switzerland,va_long_beach,v2_attention_equal_budget,v2,0,5070,10.0,0.38476890325546265,0.8569231476630239,0.38476890325546265,0.3952178955078125,0.12153293192386627
switzerland,va_long_beach,v2_attention_equal_budget,v2,0,5070,15.0,0.3497229814529419,0.8351128340569804,0.3497229814529419,0.35026073455810547,0.10846896469593048
switzerland,va_long_beach,v2_attention_equal_budget,v2,0,5070,20.0,0.3365681767463684,0.8810148353761285,0.3365681767463684,0.33910733461380005,0.10554635524749756
switzerland,va_long_beach,v2_attention_equal_budget,v2,0,5070,25.0,0.3361457586288452,0.9326158459591498,0.3361457586288452,0.345436692237854,0.10454040765762329
switzerland,va_long_beach,v2_attention_equal_budget,v2,0,5070,30.0,0.3178766667842865,0.918779577432712,0.3178766667842865,0.32044854760169983,0.09978309273719788
switzerland,va_long_beach,v2_attention_equal_budget,v2,0,5070,35.0,0.30045709013938904,0.9237983978305123,0.30045709013938904,0.30397069454193115,0.09260112792253494
switzerland,va_long_beach,v2_attention_equal_budget,v2,0,5070,40.0,0.2935887575149536,0.9800355311312077,0.2935887575149536,0.30066990852355957,0.08891505002975464
switzerland,va_long_beach,v2_attention_equal_budget,v2,0,5070,45.0,0.28432145714759827,0.9721923756152666,0.28432145714759827,0.2874336540699005,0.08727556467056274
switzerland,va_long_beach,v2_attention_equal_budget,v2,0,5070,50.0,0.25123143196105957,0.9678517374723046,0.25123143196105957,0.2553914487361908,0.0756603255867958
switzerland,va_long_beach,v2_attention_equal_budget,v2,0,5070,55.0,0.25256139039993286,1.022413840874047,0.25256139039993286,0.265384316444397,0.07611578702926636
switzerland,va_long_beach,v2_attention_equal_budget,v2,0,5071,5.0,0.4461733102798462,0.7233958866563879,0.4461733102798462,0.4482654631137848,0.14111343026161194
switzerland,va_long_beach,v2_attention_equal_budget,v2,0,5071,10.0,0.4032762944698334,0.8184363825146627,0.4032762944698334,0.40610015392303467,0.12670277059078217
switzerland,va_long_beach,v2_attention_equal_budget,v2,0,5071,15.0,0.3647850453853607,0.8166083101848174,0.3647850453853607,0.37944361567497253,0.11292415112257004
switzerland,va_long_beach,v2_attention_equal_budget,v2,0,5071,20.0,0.3566305935382843,0.8641199604626741,0.3566305935382843,0.3654897212982178,0.11311587691307068
switzerland,va_long_beach,v2_attention_equal_budget,v2,0,5071,25.0,0.33620551228523254,0.8818613061730922,0.33620551228523254,0.33899009227752686,0.10447274148464203
switzerland,va_long_beach,v2_attention_equal_budget,v2,0,5071,30.0,0.31598955392837524,0.8772202603905259,0.31598955392837524,0.3311309814453125,0.09748049825429916
switzerland,va_long_beach,v2_attention_equal_budget,v2,0,5071,35.0,0.30734825134277344,0.876468290857386,0.30734825134277344,0.3190668225288391,0.09456838667392731
switzerland,va_long_beach,v2_attention_equal_budget,v2,0,5071,40.0,0.3002839684486389,0.9344908455843236,0.3002839684486389,0.3059908151626587,0.09279832243919373
switzerland,va_long_beach,v2_attention_equal_budget,v2,0,5071,45.0,0.2837733030319214,1.0008493172278476,0.2837733030319214,0.2921355366706848,0.0866117775440216
switzerland,cleveland,v2_deepsets_equal_budget,v2,0,5062,5.0,0.6369880437850952,0.6436316854599107,0.6369880437850952,0.6570785641670227,0.22219648957252502
switzerland,cleveland,v2_deepsets_equal_budget,v2,0,5062,10.0,0.5678350925445557,0.5943595649107514,0.5678350925445557,0.6274421811103821,0.19018417596817017
switzerland,cleveland,v2_deepsets_equal_budget,v2,0,5062,15.0,0.5225287675857544,0.5878786911929924,0.5225287675857544,0.6103036403656006,0.17338600754737854
switzerland,cleveland,v2_deepsets_equal_budget,v2,0,5062,20.0,0.5037803649902344,0.6041234491690559,0.5037803649902344,0.6007118821144104,0.16676712036132812
switzerland,cleveland,v2_deepsets_equal_budget,v2,0,5062,25.0,0.4933520555496216,0.6276193764708782,0.4933520555496216,0.5997143387794495,0.16351962089538574
switzerland,cleveland,v2_deepsets_equal_budget,v2,0,5062,30.0,0.4755140244960785,0.6543715424541214,0.4755140244960785,0.5799182057380676,0.155776709318161
switzerland,cleveland,v2_deepsets_equal_budget,v2,0,5062,35.0,0.45910710096359253,0.6746053396255982,0.45910710096359253,0.5674210786819458,0.15180011093616486
switzerland,cleveland,v2_deepsets_equal_budget,v2,0,5062,40.0,0.45485007762908936,0.7129946077137822,0.45485007762908936,0.566861629486084,0.1495552659034729
switzerland,cleveland,v2_deepsets_equal_budget,v2,0,5062,45.0,0.44576913118362427,0.7487064746737017,0.44576913118362427,0.5644761323928833,0.14682909846305847
switzerland,cleveland,v2_deepsets_equal_budget,v2,0,5062,50.0,0.4475250840187073,0.7671234568152373,0.4475250840187073,0.5472791194915771,0.14638732373714447
switzerland,cleveland,v2_deepsets_equal_budget,v2,0,5062,55.0,0.43779778480529785,0.767755031421167,0.43779778480529785,0.538084089756012,0.14288920164108276
switzerland,cleveland,v2_deepsets_equal_budget,v2,0,5063,5.0,0.6194193959236145,0.6140418594016664,0.6194193959236145,0.6529872417449951,0.21377289295196533
switzerland,cleveland,v2_deepsets_equal_budget,v2,0,5063,10.0,0.5443553924560547,0.5706313753954004,0.5443553924560547,0.6151137948036194,0.18051362037658691
switzerland,cleveland,v2_deepsets_equal_budget,v2,0,5063,15.0,0.5085045099258423,0.5510907681411822,0.5085045099258423,0.6029813289642334,0.16866454482078552
switzerland,cleveland,v2_deepsets_equal_budget,v2,0,5063,20.0,0.48894453048706055,0.5589445301929399,0.48894453048706055,0.5935787558555603,0.16144472360610962
switzerland,cleveland,v2_deepsets_equal_budget,v2,0,5063,25.0,0.4901239275932312,0.5803480182123322,0.4901239275932312,0.5995205044746399,0.1616746485233307
switzerland,cleveland,v2_deepsets_equal_budget,v2,0,5063,30.0,0.4691527485847473,0.6445884161618355,0.4691527485847473,0.5689689517021179,0.1534499078989029
switzerland,cleveland,v2_deepsets_equal_budget,v2,0,5063,35.0,0.4647897481918335,0.6902270042520322,0.4647897481918335,0.5557243824005127,0.1533430963754654
switzerland,cleveland,v2_deepsets_equal_budget,v2,0,5063,40.0,0.45141810178756714,0.7402022222394227,0.45141810178756714,0.5473477840423584,0.14800208806991577
switzerland,cleveland,v2_deepsets_equal_budget,v2,0,5063,45.0,0.44646814465522766,0.7455221923969884,0.44646814465522766,0.5467559099197388,0.1449895203113556
switzerland,cleveland,v2_deepsets_equal_budget,v2,0,5063,50.0,0.4390445649623871,0.7304276811576733,0.4390445649623871,0.5343373417854309,0.14283296465873718
switzerland,cleveland,v2_deepsets_equal_budget,v2,0,5063,55.0,0.43779516220092773,0.7106780451645995,0.43779516220092773,0.5426144599914551,0.14143770933151245
switzerland,cleveland,v2_deepsets_equal_budget,v2,0,5064,5.0,0.6111714243888855,0.6307269868450203,0.6111714243888855,0.643342137336731,0.20973169803619385
switzerland,cleveland,v2_deepsets_equal_budget,v2,0,5064,10.0,0.5351686477661133,0.6094425768293636,0.5351686477661133,0.6033739447593689,0.17707888782024384
switzerland,cleveland,v2_deepsets_equal_budget,v2,0,5064,15.0,0.4968484044075012,0.6191844534090882,0.4968484044075012,0.5949643850326538,0.16433554887771606
switzerland,cleveland,v2_deepsets_equal_budget,v2,0,5064,20.0,0.4844924807548523,0.6530066090951451,0.4844924807548523,0.586668848991394,0.16077283024787903
switzerland,cleveland,v2_deepsets_equal_budget,v2,0,5064,25.0,0.47201424837112427,0.686818157421887,0.47201424837112427,0.571932315826416,0.15563684701919556
switzerland,cleveland,v2_deepsets_equal_budget,v2,0,5064,30.0,0.469542533159256,0.7001541266566289,0.469542533159256,0.5892297029495239,0.154587060213089
switzerland,cleveland,v2_deepsets_equal_budget,v2,0,5064,35.0,0.4491615891456604,0.7105542807142549,0.4491615891456604,0.5581943988800049,0.14665190875530243
switzerland,cleveland,v2_deepsets_equal_budget,v2,0,5064,40.0,0.449240505695343,0.7313995706082526,0.449240505695343,0.5570204257965088,0.1473338007926941
switzerland,cleveland,v2_deepsets_equal_budget,v2,0,5064,45.0,0.4479559659957886,0.7367279412001874,0.4479559659957886,0.5464215278625488,0.14738184213638306
switzerland,cleveland,v2_deepsets_equal_budget,v2,0,5064,50.0,0.4369310736656189,0.7331229946147564,0.4369310736656189,0.530048131942749,0.14264491200447083
switzerland,cleveland,v2_deepsets_equal_budget,v2,0,5065,5.0,0.64878249168396,0.6424839516811953,0.64878249168396,0.6677371263504028,0.22802187502384186
switzerland,cleveland,v2_deepsets_equal_budget,v2,0,5065,10.0,0.587969183921814,0.5946646199974671,0.587969183921814,0.6340572834014893,0.19908344745635986
switzerland,cleveland,v2_deepsets_equal_budget,v2,0,5065,15.0,0.536656379699707,0.5638162253895768,0.536656379699707,0.6067616939544678,0.1774730086326599
switzerland,cleveland,v2_deepsets_equal_budget,v2,0,5065,20.0,0.5070908665657043,0.5523700426864167,0.5070908665657043,0.6000667810440063,0.16731739044189453
switzerland,cleveland,v2_deepsets_equal_budget,v2,0,5065,25.0,0.49281778931617737,0.5850248728518627,0.49281778931617737,0.5954796671867371,0.16381743550300598
switzerland,cleveland,v2_deepsets_equal_budget,v2,0,5065,30.0,0.48342472314834595,0.6094757005524929,0.48342472314834595,0.5901409387588501,0.15966254472732544
switzerland,cleveland,v2_deepsets_equal_budget,v2,0,5065,35.0,0.4746556282043457,0.6352206702156034,0.4746556282043457,0.5775861740112305,0.15779602527618408
switzerland,cleveland,v2_deepsets_equal_budget,v2,0,5065,40.0,0.45834171772003174,0.6633081282039532,0.45834171772003174,0.5585600733757019,0.1505226194858551
switzerland,cleveland,v2_deepsets_equal_budget,v2,0,5065,45.0,0.45808714628219604,0.6830833236681524,0.45808714628219604,0.5640055537223816,0.14936913549900055
switzerland,cleveland,v2_deepsets_equal_budget,v2,0,5065,50.0,0.4475593566894531,0.7094092348165277,0.4475593566894531,0.5543944835662842,0.1469191461801529
switzerland,cleveland,v2_deepsets_equal_budget,v2,0,5065,55.0,0.43914279341697693,0.7110958460001426,0.43914279341697693,0.5463608503341675,0.14244893193244934
switzerland,cleveland,v2_deepsets_equal_budget,v2,0,5065,60.0,0.4389515519142151,0.7075880476572004,0.4389515519142151,0.5382706522941589,0.14240726828575134
switzerland,cleveland,v2_deepsets_equal_budget,v2,0,5066,5.0,0.6501205563545227,0.639642077349556,0.6501205563545227,0.6786243915557861,0.228878915309906
switzerland,cleveland,v2_deepsets_equal_budget,v2,0,5066,10.0,0.5805634260177612,0.5941734197757047,0.5805634260177612,0.6309714913368225,0.19571316242218018
switzerland,cleveland,v2_deepsets_equal_budget,v2,0,5066,15.0,0.526881754398346,0.5624282344392555,0.526881754398346,0.6130768060684204,0.17391815781593323
switzerland,cleveland,v2_deepsets_equal_budget,v2,0,5066,20.0,0.4994710385799408,0.5692893080371297,0.4994710385799408,0.5969456434249878,0.16522842645645142
switzerland,cleveland,v2_deepsets_equal_budget,v2,0,5066,25.0,0.49388206005096436,0.5768821303931713,0.49388206005096436,0.6073945164680481,0.16437751054763794
switzerland,cleveland,v2_deepsets_equal_budget,v2,0,5066,30.0,0.47219163179397583,0.6050542734439308,0.47219163179397583,0.5841097235679626,0.1552320271730423
switzerland,cleveland,v2_deepsets_equal_budget,v2,0,5066,35.0,0.46023640036582947,0.642763022335163,0.46023640036582947,0.564000129699707,0.15162983536720276
switzerland,cleveland,v2_deepsets_equal_budget,v2,0,5066,40.0,0.4586922228336334,0.6583181600332194,0.4586922228336334,0.5733245611190796,0.15013957023620605
switzerland,cleveland,v2_deepsets_equal_budget,v2,0,5066,45.0,0.45133382081985474,0.6749376393954643,0.45133382081985474,0.5624151825904846,0.14826686680316925
switzerland,cleveland,v2_deepsets_equal_budget,v2,0,5066,50.0,0.4469345808029175,0.6844128888587613,0.4469345808029175,0.5485226511955261,0.14568080008029938
switzerland,cleveland,v2_deepsets_equal_budget,v2,0,5066,55.0,0.43705543875694275,0.6974879643089116,0.43705543875694275,0.5373499393463135,0.14231978356838226
switzerland,cleveland,v2_deepsets_equal_budget,v2,0,5067,5.0,0.6321864128112793,0.6384290792610433,0.6321864128112793,0.6600384712219238,0.21980208158493042
switzerland,cleveland,v2_deepsets_equal_budget,v2,0,5067,10.0,0.5624772906303406,0.5928685208962702,0.5624772906303406,0.6165968179702759,0.18785518407821655
switzerland,cleveland,v2_deepsets_equal_budget,v2,0,5067,15.0,0.5123883485794067,0.5660290611937557,0.5123883485794067,0.5964351892471313,0.16913098096847534
switzerland,cleveland,v2_deepsets_equal_budget,v2,0,5067,20.0,0.495963454246521,0.5614557893428553,0.495963454246521,0.6038082242012024,0.16435039043426514
switzerland,cleveland,v2_deepsets_equal_budget,v2,0,5067,25.0,0.48412004113197327,0.5827528067352237,0.48412004113197327,0.5893163084983826,0.16061259806156158
switzerland,cleveland,v2_deepsets_equal_budget,v2,0,5067,30.0,0.47499382495880127,0.6017108775898768,0.47499382495880127,0.5829472541809082,0.1578894853591919
switzerland,cleveland,v2_deepsets_equal_budget,v2,0,5067,35.0,0.46311137080192566,0.6195055389034324,0.46311137080192566,0.5790132284164429,0.1526452600955963
switzerland,cleveland,v2_deepsets_equal_budget,v2,0,5067,40.0,0.4576226770877838,0.6403846527508894,0.4576226770877838,0.5651237964630127,0.1510050743818283
switzerland,cleveland,v2_deepsets_equal_budget,v2,0,5067,45.0,0.4492683708667755,0.6868987715265301,0.4492683708667755,0.5622162222862244,0.14756327867507935
switzerland,cleveland,v2_deepsets_equal_budget,v2,0,5067,50.0,0.42747554183006287,0.709112791359573,0.42747554183006287,0.5207005143165588,0.13777409493923187
switzerland,cleveland,v2_deepsets_equal_budget,v2,0,5067,55.0,0.43242397904396057,0.7052412630353573,0.43242397904396057,0.5264006853103638,0.13971106708049774
switzerland,cleveland,v2_deepsets_equal_budget,v2,0,5067,60.0,0.4302438199520111,0.6930053528878364,0.4302438199520111,0.5352556705474854,0.13960881531238556
switzerland,cleveland,v2_deepsets_equal_budget,v2,0,5068,5.0,0.6356902122497559,0.6245626946455964,0.6356902122497559,0.6566463708877563,0.22154253721237183
switzerland,cleveland,v2_deepsets_equal_budget,v2,0,5068,10.0,0.553473949432373,0.5668357925477996,0.553473949432373,0.6099593639373779,0.18359136581420898
switzerland,cleveland,v2_deepsets_equal_budget,v2,0,5068,15.0,0.5109754800796509,0.5572118766958208,0.5109754800796509,0.6107293367385864,0.16829124093055725
switzerland,cleveland,v2_deepsets_equal_budget,v2,0,5068,20.0,0.49273648858070374,0.5821289921863266,0.49273648858070374,0.6006886959075928,0.1623399406671524
switzerland,cleveland,v2_deepsets_equal_budget,v2,0,5068,25.0,0.4817836284637451,0.6030089694761684,0.4817836284637451,0.6074004173278809,0.1588803380727768
switzerland,cleveland,v2_deepsets_equal_budget,v2,0,5068,30.0,0.47382017970085144,0.6576559523961729,0.47382017970085144,0.5814276933670044,0.15542346239089966
switzerland,cleveland,v2_deepsets_equal_budget,v2,0,5068,35.0,0.46346670389175415,0.7132121049889371,0.46346670389175415,0.575576901435852,0.15254224836826324
switzerland,cleveland,v2_deepsets_equal_budget,v2,0,5068,40.0,0.443970650434494,0.7377721495261225,0.443970650434494,0.542259693145752,0.14399246871471405
switzerland,cleveland,v2_deepsets_equal_budget,v2,0,5068,45.0,0.4452246427536011,0.7396231550486849,0.4452246427536011,0.5440236330032349,0.1462567001581192
switzerland,cleveland,v2_deepsets_equal_budget,v2,0,5068,50.0,0.4319159984588623,0.7442114235300852,0.4319159984588623,0.532470703125,0.13879582285881042
switzerland,cleveland,v2_deepsets_equal_budget,v2,0,5068,55.0,0.4328688383102417,0.7329587470829022,0.4328688383102417,0.5388069748878479,0.1402726024389267
switzerland,cleveland,v2_deepsets_equal_budget,v2,0,5069,5.0,0.6441038846969604,0.6489121825475681,0.6441038846969604,0.6695109605789185,0.22566944360733032
switzerland,cleveland,v2_deepsets_equal_budget,v2,0,5069,10.0,0.5653820037841797,0.612982292832274,0.5653820037841797,0.6146713495254517,0.18888679146766663
switzerland,cleveland,v2_deepsets_equal_budget,v2,0,5069,15.0,0.5165804624557495,0.5954649854485358,0.5165804624557495,0.5963071584701538,0.17080478370189667
switzerland,cleveland,v2_deepsets_equal_budget,v2,0,5069,20.0,0.49350959062576294,0.6228285680337384,0.49350959062576294,0.5865181684494019,0.1639108508825302
switzerland,cleveland,v2_deepsets_equal_budget,v2,0,5069,25.0,0.48615843057632446,0.6530410256987749,0.48615843057632446,0.5870989561080933,0.1606779396533966
switzerland,cleveland,v2_deepsets_equal_budget,v2,0,5069,30.0,0.46973520517349243,0.6832848905569151,0.46973520517349243,0.5557907223701477,0.15422776341438293
switzerland,cleveland,v2_deepsets_equal_budget,v2,0,5069,35.0,0.4721590280532837,0.7156778105994972,0.4721590280532837,0.5632571578025818,0.15514317154884338
switzerland,cleveland,v2_deepsets_equal_budget,v2,0,5069,40.0,0.46610888838768005,0.7232208293250025,0.46610888838768005,0.5722793340682983,0.15284669399261475
switzerland,cleveland,v2_deepsets_equal_budget,v2,0,5069,45.0,0.445292592048645,0.7272274640466481,0.445292592048645,0.5421862602233887,0.144357368350029
switzerland,cleveland,v2_deepsets_equal_budget,v2,0,5069,50.0,0.4513905644416809,0.7324250368856048,0.4513905644416809,0.5547407269477844,0.14692792296409607
switzerland,cleveland,v2_deepsets_equal_budget,v2,0,5069,55.0,0.43618157505989075,0.7333629172381979,0.43618157505989075,0.5273079872131348,0.14200817048549652
switzerland,cleveland,v2_deepsets_equal_budget,v2,0,5070,5.0,0.6232608556747437,0.6242708619694552,0.6232608556747437,0.6542380452156067,0.21552366018295288
switzerland,cleveland,v2_deepsets_equal_budget,v2,0,5070,10.0,0.5584671497344971,0.5814868780407012,0.5584671497344971,0.6258766651153564,0.18626749515533447
switzerland,cleveland,v2_deepsets_equal_budget,v2,0,5070,15.0,0.5232937335968018,0.5630207616141698,0.5232937335968018,0.6181172132492065,0.1736299842596054
switzerland,cleveland,v2_deepsets_equal_budget,v2,0,5070,20.0,0.49652984738349915,0.5889196798287042,0.49652984738349915,0.5962161421775818,0.16397833824157715
switzerland,cleveland,v2_deepsets_equal_budget,v2,0,5070,25.0,0.49534276127815247,0.6067510693016762,0.49534276127815247,0.5997214317321777,0.16369761526584625
switzerland,cleveland,v2_deepsets_equal_budget,v2,0,5070,30.0,0.46772363781929016,0.6360986956490091,0.46772363781929016,0.5687407851219177,0.1539355367422104
switzerland,cleveland,v2_deepsets_equal_budget,v2,0,5070,35.0,0.4566100239753723,0.6830361693370044,0.4566100239753723,0.5491400361061096,0.1495129019021988
switzerland,cleveland,v2_deepsets_equal_budget,v2,0,5070,40.0,0.4557562470436096,0.7104053007752744,0.4557562470436096,0.548987090587616,0.14868015050888062
switzerland,cleveland,v2_deepsets_equal_budget,v2,0,5070,45.0,0.44570592045783997,0.727708474131508,0.44570592045783997,0.5389502048492432,0.14433220028877258
switzerland,cleveland,v2_deepsets_equal_budget,v2,0,5070,50.0,0.44688501954078674,0.7430671523709002,0.44688501954078674,0.5462390780448914,0.14552150666713715
switzerland,cleveland,v2_deepsets_equal_budget,v2,0,5070,55.0,0.4395935833454132,0.7437968766774811,0.4395935833454132,0.5330522060394287,0.14339682459831238
switzerland,cleveland,v2_deepsets_equal_budget,v2,0,5071,5.0,0.6229976415634155,0.6115431298213059,0.6229976415634155,0.6498507261276245,0.21538761258125305
switzerland,cleveland,v2_deepsets_equal_budget,v2,0,5071,10.0,0.5462875366210938,0.5619715835554363,0.5462875366210938,0.6138099431991577,0.18139861524105072
switzerland,cleveland,v2_deepsets_equal_budget,v2,0,5071,15.0,0.5038716793060303,0.5568212236716709,0.5038716793060303,0.5985588431358337,0.1658572554588318
switzerland,cleveland,v2_deepsets_equal_budget,v2,0,5071,20.0,0.49137961864471436,0.5978627657690407,0.49137961864471436,0.6020544767379761,0.16290023922920227
switzerland,cleveland,v2_deepsets_equal_budget,v2,0,5071,25.0,0.47964316606521606,0.6915224352304216,0.47964316606521606,0.6008918881416321,0.15718089044094086
switzerland,cleveland,v2_deepsets_equal_budget,v2,0,5071,30.0,0.4692037105560303,0.735993501613629,0.4692037105560303,0.5851028561592102,0.1541670262813568
switzerland,cleveland,v2_deepsets_equal_budget,v2,0,5071,35.0,0.45952069759368896,0.758777264760008,0.45952069759368896,0.5699164867401123,0.1507543921470642
switzerland,cleveland,v2_deepsets_equal_budget,v2,0,5071,40.0,0.45776793360710144,0.7702742727274177,0.45776793360710144,0.56840980052948,0.14852608740329742
switzerland,cleveland,v2_deepsets_equal_budget,v2,0,5071,45.0,0.4493108093738556,0.7635026167755259,0.4493108093738556,0.5584478378295898,0.14697770774364471
switzerland,cleveland,v2_deepsets_equal_budget,v2,0,5071,50.0,0.4483307898044586,0.7496808562162691,0.4483307898044586,0.5507434606552124,0.14671851694583893
switzerland,cleveland,v2_deepsets_equal_budget,v2,0,5071,55.0,0.4451434016227722,0.7338617014963935,0.4451434016227722,0.5425785779953003,0.14503927528858185
switzerland,hungary,v2_deepsets_equal_budget,v2,0,5062,5.0,0.6624115705490112,0.6316692939160045,0.6624115705490112,0.6795250177383423,0.23475174605846405
switzerland,hungary,v2_deepsets_equal_budget,v2,0,5062,10.0,0.6081556081771851,0.5728883983377596,0.6081556081771851,0.6396546363830566,0.20876072347164154
switzerland,hungary,v2_deepsets_equal_budget,v2,0,5062,15.0,0.5613358616828918,0.5183520964173395,0.5613358616828918,0.621516227722168,0.18810923397541046
switzerland,hungary,v2_deepsets_equal_budget,v2,0,5062,20.0,0.5237520933151245,0.49502203194243577,0.5237520933151245,0.599189043045044,0.17327359318733215
switzerland,hungary,v2_deepsets_equal_budget,v2,0,5062,25.0,0.5036945939064026,0.4879455680607502,0.5036945939064026,0.5950300693511963,0.1666645109653473
switzerland,hungary,v2_deepsets_equal_budget,v2,0,5062,30.0,0.5011069774627686,0.5028681048845292,0.5011069774627686,0.5935000777244568,0.16490791738033295
switzerland,hungary,v2_deepsets_equal_budget,v2,0,5062,35.0,0.47624894976615906,0.4885972511002543,0.47624894976615906,0.5677173733711243,0.15597981214523315
switzerland,hungary,v2_deepsets_equal_budget,v2,0,5062,40.0,0.48072314262390137,0.47479353844155836,0.48072314262390137,0.5687506198883057,0.15778759121894836
switzerland,hungary,v2_deepsets_equal_budget,v2,0,5062,45.0,0.47609108686447144,0.47829509205636367,0.47609108686447144,0.5740604400634766,0.1554539054632187
switzerland,hungary,v2_deepsets_equal_budget,v2,0,5062,50.0,0.45539963245391846,0.49532931965116084,0.45539963245391846,0.5465949773788452,0.14864206314086914
switzerland,hungary,v2_deepsets_equal_budget,v2,0,5062,55.0,0.4495052695274353,0.5067483340116161,0.4495052695274353,0.5426124930381775,0.14621295034885406
switzerland,hungary,v2_deepsets_equal_budget,v2,0,5062,60.0,0.44044026732444763,0.5254808043085399,0.44044026732444763,0.5202764272689819,0.14099091291427612
switzerland,hungary,v2_deepsets_equal_budget,v2,0,5062,65.0,0.4338231086730957,0.5327058168469363,0.4338231086730957,0.5226159691810608,0.14137887954711914
switzerland,hungary,v2_deepsets_equal_budget,v2,0,5062,70.0,0.41830217838287354,0.546650072665354,0.41830217838287354,0.5075750350952148,0.13561905920505524
switzerland,hungary,v2_deepsets_equal_budget,v2,0,5062,75.0,0.4240100085735321,0.5609725166385915,0.4240100085735321,0.5071303844451904,0.13815777003765106
switzerland,hungary,v2_deepsets_equal_budget,v2,0,5062,80.0,0.39777934551239014,0.5547662515489372,0.39777934551239014,0.4731742739677429,0.12787765264511108
switzerland,hungary,v2_deepsets_equal_budget,v2,0,5063,5.0,0.6536149978637695,0.6371322551286108,0.6536149978637695,0.6694226264953613,0.23035115003585815
switzerland,hungary,v2_deepsets_equal_budget,v2,0,5063,10.0,0.6035861968994141,0.5631939910157877,0.6035861968994141,0.6481963396072388,0.20644374191761017
switzerland,hungary,v2_deepsets_equal_budget,v2,0,5063,15.0,0.5477255582809448,0.5095586413949827,0.5477255582809448,0.6145192980766296,0.18216471374034882
switzerland,hungary,v2_deepsets_equal_budget,v2,0,5063,20.0,0.5095043778419495,0.502768065539707,0.5095043778419495,0.5930389165878296,0.16703596711158752
switzerland,hungary,v2_deepsets_equal_budget,v2,0,5063,25.0,0.488170325756073,0.5325050912504685,0.488170325756073,0.5818760395050049,0.1598106026649475
switzerland,hungary,v2_deepsets_equal_budget,v2,0,5063,30.0,0.47449392080307007,0.5458935491314696,0.47449392080307007,0.567034900188446,0.1550053507089615
switzerland,hungary,v2_deepsets_equal_budget,v2,0,5063,35.0,0.46647292375564575,0.5425540561572915,0.46647292375564575,0.5591983795166016,0.1513804793357849
switzerland,hungary,v2_deepsets_equal_budget,v2,0,5063,40.0,0.4605516195297241,0.5618171942861024,0.4605516195297241,0.565156102180481,0.1505385935306549
switzerland,hungary,v2_deepsets_equal_budget,v2,0,5063,45.0,0.44888490438461304,0.5873968036460077,0.44888490438461304,0.5518710613250732,0.14654099941253662
switzerland,hungary,v2_deepsets_equal_budget,v2,0,5063,50.0,0.4434872269630432,0.6127324716217701,0.4434872269630432,0.5359593033790588,0.14501532912254333
switzerland,hungary,v2_deepsets_equal_budget,v2,0,5063,55.0,0.4324806332588196,0.6260419569530555,0.4324806332588196,0.5230716466903687,0.1406722366809845
switzerland,hungary,v2_deepsets_equal_budget,v2,0,5063,60.0,0.4351387321949005,0.6174530876044487,0.4351387321949005,0.5208683609962463,0.14138241112232208
switzerland,hungary,v2_deepsets_equal_budget,v2,0,5064,5.0,0.6594938039779663,0.63567118350937,0.6594938039779663,0.6663376092910767,0.23330658674240112
switzerland,hungary,v2_deepsets_equal_budget,v2,0,5064,10.0,0.5998806953430176,0.569129570222215,0.5998806953430176,0.6321377158164978,0.20468425750732422
switzerland,hungary,v2_deepsets_equal_budget,v2,0,5064,15.0,0.5513675808906555,0.5474463888917458,0.5513675808906555,0.6063228249549866,0.18348857760429382
switzerland,hungary,v2_deepsets_equal_budget,v2,0,5064,20.0,0.5091124773025513,0.5112476731140817,0.5091124773025513,0.5858590602874756,0.16654524207115173
switzerland,hungary,v2_deepsets_equal_budget,v2,0,5064,25.0,0.5019789934158325,0.5389113898256306,0.5019789934158325,0.596921443939209,0.16451796889305115
switzerland,hungary,v2_deepsets_equal_budget,v2,0,5064,30.0,0.49256017804145813,0.5088235339760507,0.49256017804145813,0.5974522233009338,0.16147848963737488
switzerland,hungary,v2_deepsets_equal_budget,v2,0,5064,35.0,0.4706065356731415,0.5169348679194408,0.4706065356731415,0.5597440004348755,0.15299257636070251
switzerland,hungary,v2_deepsets_equal_budget,v2,0,5064,40.0,0.48018980026245117,0.5224909161216027,0.48018980026245117,0.5759067535400391,0.15633948147296906
switzerland,hungary,v2_deepsets_equal_budget,v2,0,5064,45.0,0.46620285511016846,0.5352314319879394,0.46620285511016846,0.565468966960907,0.15157559514045715
switzerland,hungary,v2_deepsets_equal_budget,v2,0,5064,50.0,0.4465498924255371,0.5524060373734194,0.4465498924255371,0.5380075573921204,0.14313369989395142
switzerland,hungary,v2_deepsets_equal_budget,v2,0,5064,55.0,0.46311765909194946,0.574995587766464,0.46311765909194946,0.5610215067863464,0.1513090431690216
switzerland,hungary,v2_deepsets_equal_budget,v2,0,5064,60.0,0.4480695128440857,0.5952948266906108,0.4480695128440857,0.5511418581008911,0.14599131047725677
switzerland,hungary,v2_deepsets_equal_budget,v2,0,5064,65.0,0.4443897604942322,0.6104942181706371,0.4443897604942322,0.5400789976119995,0.14481808245182037
switzerland,hungary,v2_deepsets_equal_budget,v2,0,5064,70.0,0.43840888142585754,0.6137123639287727,0.43840888142585754,0.5359902381896973,0.14344385266304016
switzerland,hungary,v2_deepsets_equal_budget,v2,0,5065,5.0,0.6346012353897095,0.6006469894724487,0.6346012353897095,0.6616967916488647,0.22110667824745178
switzerland,hungary,v2_deepsets_equal_budget,v2,0,5065,10.0,0.5720421075820923,0.5342621061156825,0.5720421075820923,0.6316840648651123,0.19231094419956207
switzerland,hungary,v2_deepsets_equal_budget,v2,0,5065,15.0,0.5304893255233765,0.4961051091570806,0.5304893255233765,0.6269011497497559,0.17619265615940094
switzerland,hungary,v2_deepsets_equal_budget,v2,0,5065,20.0,0.5048689842224121,0.5029629213888502,0.5048689842224121,0.6114647388458252,0.16543248295783997
switzerland,hungary,v2_deepsets_equal_budget,v2,0,5065,25.0,0.5007309913635254,0.5250697460414778,0.5007309913635254,0.6239069700241089,0.1641881763935089
switzerland,hungary,v2_deepsets_equal_budget,v2,0,5065,30.0,0.47702938318252563,0.5259222470226483,0.47702938318252563,0.5919644832611084,0.15514032542705536
switzerland,hungary,v2_deepsets_equal_budget,v2,0,5065,35.0,0.4681001901626587,0.5363294088077218,0.4681001901626587,0.5692958831787109,0.15264379978179932
switzerland,hungary,v2_deepsets_equal_budget,v2,0,5065,40.0,0.45823779702186584,0.545945277031821,0.45823779702186584,0.554344892501831,0.14827662706375122
switzerland,hungary,v2_deepsets_equal_budget,v2,0,5065,45.0,0.44745200872421265,0.5680642527585077,0.44745200872421265,0.5400428771972656,0.14487957954406738
switzerland,hungary,v2_deepsets_equal_budget,v2,0,5065,50.0,0.4427553117275238,0.5593150933619081,0.4427553117275238,0.5451169013977051,0.14244794845581055
switzerland,hungary,v2_deepsets_equal_budget,v2,0,5065,55.0,0.43443751335144043,0.5557380157989744,0.43443751335144043,0.5349244475364685,0.14026659727096558
switzerland,hungary,v2_deepsets_equal_budget,v2,0,5066,5.0,0.6549656391143799,0.6341853461075619,0.6549656391143799,0.6670936346054077,0.23102165758609772
switzerland,hungary,v2_deepsets_equal_budget,v2,0,5066,10.0,0.5884782075881958,0.5603531252439784,0.5884782075881958,0.6258330941200256,0.19932398200035095
switzerland,hungary,v2_deepsets_equal_budget,v2,0,5066,15.0,0.5383481979370117,0.5139679348029942,0.5383481979370117,0.6122386455535889,0.1786269098520279
switzerland,hungary,v2_deepsets_equal_budget,v2,0,5066,20.0,0.5105305910110474,0.524515748772877,0.5105305910110474,0.6075109243392944,0.16789230704307556
switzerland,hungary,v2_deepsets_equal_budget,v2,0,5066,25.0,0.5022881031036377,0.5435172024192567,0.5022881031036377,0.6189101934432983,0.16492214798927307
switzerland,hungary,v2_deepsets_equal_budget,v2,0,5066,30.0,0.4848586916923523,0.5541207267908815,0.4848586916923523,0.599655032157898,0.1573895663022995
switzerland,hungary,v2_deepsets_equal_budget,v2,0,5066,35.0,0.47932103276252747,0.5746136010490512,0.47932103276252747,0.5903159976005554,0.15692436695098877
switzerland,hungary,v2_deepsets_equal_budget,v2,0,5066,40.0,0.46844446659088135,0.5953937497990687,0.46844446659088135,0.5839765071868896,0.152457594871521
switzerland,hungary,v2_deepsets_equal_budget,v2,0,5066,45.0,0.45466357469558716,0.6097187679103676,0.45466357469558716,0.5534780025482178,0.1474744826555252
switzerland,hungary,v2_deepsets_equal_budget,v2,0,5066,50.0,0.4506462514400482,0.614499529274404,0.4506462514400482,0.5549642443656921,0.1466655433177948
switzerland,hungary,v2_deepsets_equal_budget,v2,0,5066,55.0,0.44132402539253235,0.6297026791012029,0.44132402539253235,0.5358875393867493,0.142694890499115
switzerland,hungary,v2_deepsets_equal_budget,v2,0,5067,5.0,0.6743777394294739,0.6570105612581452,0.6743777394294739,0.6778689622879028,0.24075636267662048
switzerland,hungary,v2_deepsets_equal_budget,v2,0,5067,10.0,0.6213604211807251,0.5876735873567571,0.6213604211807251,0.6495667695999146,0.21474874019622803
switzerland,hungary,v2_deepsets_equal_budget,v2,0,5067,15.0,0.5666658878326416,0.5438532793269768,0.5666658878326416,0.6212828159332275,0.1902799755334854
switzerland,hungary,v2_deepsets_equal_budget,v2,0,5067,20.0,0.5264718532562256,0.5071452754253306,0.5264718532562256,0.6054269075393677,0.17360997200012207
switzerland,hungary,v2_deepsets_equal_budget,v2,0,5067,25.0,0.5074472427368164,0.5035456728607628,0.5074472427368164,0.6074731945991516,0.16713955998420715
switzerland,hungary,v2_deepsets_equal_budget,v2,0,5067,30.0,0.4946667551994324,0.5065493708327274,0.4946667551994324,0.5947842597961426,0.1623670905828476
switzerland,hungary,v2_deepsets_equal_budget,v2,0,5067,35.0,0.4818885326385498,0.5398901835786887,0.4818885326385498,0.5769469141960144,0.15686005353927612
switzerland,hungary,v2_deepsets_equal_budget,v2,0,5067,40.0,0.47388309240341187,0.5100639983093439,0.47388309240341187,0.5720416903495789,0.15523473918437958
switzerland,hungary,v2_deepsets_equal_budget,v2,0,5067,45.0,0.46882933378219604,0.524303535324097,0.46882933378219604,0.567155122756958,0.15244367718696594
switzerland,hungary,v2_deepsets_equal_budget,v2,0,5067,50.0,0.4636751413345337,0.5469535538292487,0.4636751413345337,0.5684891939163208,0.15081311762332916
switzerland,hungary,v2_deepsets_equal_budget,v2,0,5067,55.0,0.446769654750824,0.5350285633078153,0.446769654750824,0.5455169081687927,0.1445586383342743
switzerland,hungary,v2_deepsets_equal_budget,v2,0,5067,60.0,0.4425079822540283,0.5452249472492731,0.4425079822540283,0.5374630689620972,0.14323121309280396
switzerland,hungary,v2_deepsets_equal_budget,v2,0,5067,65.0,0.42315471172332764,0.5639661051122276,0.42315471172332764,0.5002536773681641,0.13530349731445312
switzerland,hungary,v2_deepsets_equal_budget,v2,0,5068,5.0,0.6350991725921631,0.6032461565428956,0.6350991725921631,0.6629486083984375,0.2213183045387268
switzerland,hungary,v2_deepsets_equal_budget,v2,0,5068,10.0,0.5594981908798218,0.5146068340298829,0.5594981908798218,0.6208182573318481,0.18670451641082764
switzerland,hungary,v2_deepsets_equal_budget,v2,0,5068,15.0,0.5184207558631897,0.4732961178666466,0.5184207558631897,0.6149309277534485,0.17133621871471405
switzerland,hungary,v2_deepsets_equal_budget,v2,0,5068,20.0,0.5052524209022522,0.48199278053270744,0.5052524209022522,0.6216093301773071,0.16687077283859253
switzerland,hungary,v2_deepsets_equal_budget,v2,0,5068,25.0,0.48602718114852905,0.5322229720020436,0.48602718114852905,0.5908600091934204,0.15874241292476654
switzerland,hungary,v2_deepsets_equal_budget,v2,0,5068,30.0,0.48549118638038635,0.5902232090429855,0.48549118638038635,0.5874817371368408,0.15991564095020294
switzerland,hungary,v2_deepsets_equal_budget,v2,0,5068,35.0,0.4623846113681793,0.602083535506,0.4623846113681793,0.5628073215484619,0.15141412615776062
switzerland,hungary,v2_deepsets_equal_budget,v2,0,5068,40.0,0.463074266910553,0.5937836912500001,0.463074266910553,0.5704454183578491,0.15150263905525208
switzerland,hungary,v2_deepsets_equal_budget,v2,0,5068,45.0,0.4548107385635376,0.5965680990541011,0.4548107385635376,0.5521143078804016,0.1490134298801422
switzerland,hungary,v2_deepsets_equal_budget,v2,0,5068,50.0,0.44364994764328003,0.6092102448520318,0.44364994764328003,0.5368897914886475,0.14402927458286285
switzerland,hungary,v2_deepsets_equal_budget,v2,0,5068,55.0,0.4369584619998932,0.6231686653714648,0.4369584619998932,0.5272942185401917,0.14143520593643188
switzerland,hungary,v2_deepsets_equal_budget,v2,0,5069,5.0,0.6415799260139465,0.6175189525551508,0.6415799260139465,0.6623826026916504,0.22445067763328552
switzerland,hungary,v2_deepsets_equal_budget,v2,0,5069,10.0,0.5748332738876343,0.5341717686554643,0.5748332738876343,0.631999135017395,0.1932951807975769
switzerland,hungary,v2_deepsets_equal_budget,v2,0,5069,15.0,0.5266038179397583,0.4840985504815545,0.5266038179397583,0.6130913496017456,0.1739692986011505
switzerland,hungary,v2_deepsets_equal_budget,v2,0,5069,20.0,0.5030840039253235,0.47777397933840593,0.5030840039253235,0.600480318069458,0.1653067171573639
switzerland,hungary,v2_deepsets_equal_budget,v2,0,5069,25.0,0.4891817569732666,0.48931407291838713,0.4891817569732666,0.596387505531311,0.16017715632915497
switzerland,hungary,v2_deepsets_equal_budget,v2,0,5069,30.0,0.48343661427497864,0.49678226090932104,0.48343661427497864,0.5892440676689148,0.15708133578300476
switzerland,hungary,v2_deepsets_equal_budget,v2,0,5069,35.0,0.4642041027545929,0.5018734688550522,0.4642041027545929,0.5607891082763672,0.1496400088071823
switzerland,hungary,v2_deepsets_equal_budget,v2,0,5069,40.0,0.4555378258228302,0.5109481148565552,0.4555378258228302,0.554328441619873,0.1468697190284729
switzerland,hungary,v2_deepsets_equal_budget,v2,0,5069,45.0,0.4544961750507355,0.5345737189808405,0.4544961750507355,0.5512166619300842,0.14776156842708588
switzerland,hungary,v2_deepsets_equal_budget,v2,0,5069,50.0,0.4461774230003357,0.5611704441932874,0.4461774230003357,0.5396936535835266,0.1432667076587677
switzerland,hungary,v2_deepsets_equal_budget,v2,0,5069,55.0,0.43807047605514526,0.5786387457394466,0.43807047605514526,0.531377375125885,0.141156405210495
switzerland,hungary,v2_deepsets_equal_budget,v2,0,5069,60.0,0.4186059832572937,0.5879968129533654,0.4186059832572937,0.4958198666572571,0.13443562388420105
switzerland,hungary,v2_deepsets_equal_budget,v2,0,5070,5.0,0.6370457410812378,0.5998648009751664,0.6370457410812378,0.6615464687347412,0.22226202487945557
switzerland,hungary,v2_deepsets_equal_budget,v2,0,5070,10.0,0.5641597509384155,0.5350588811170557,0.5641597509384155,0.6237834692001343,0.18859870731830597
switzerland,hungary,v2_deepsets_equal_budget,v2,0,5070,15.0,0.5192176103591919,0.505249982873559,0.5192176103591919,0.6018434762954712,0.17081323266029358
switzerland,hungary,v2_deepsets_equal_budget,v2,0,5070,20.0,0.4977540969848633,0.5042398316572321,0.4977540969848633,0.6035146117210388,0.16269950568675995
switzerland,hungary,v2_deepsets_equal_budget,v2,0,5070,25.0,0.4910958409309387,0.5091596394513477,0.4910958409309387,0.6096937656402588,0.16112582385540009
switzerland,hungary,v2_deepsets_equal_budget,v2,0,5070,30.0,0.47430819272994995,0.513386834637222,0.47430819272994995,0.5837486386299133,0.15285663306713104
switzerland,hungary,v2_deepsets_equal_budget,v2,0,5070,35.0,0.4698375463485718,0.5111477425399362,0.4698375463485718,0.5710378885269165,0.15221767127513885
switzerland,hungary,v2_deepsets_equal_budget,v2,0,5070,40.0,0.4552766680717468,0.5106197777187264,0.4552766680717468,0.5618091225624084,0.14705467224121094
switzerland,hungary,v2_deepsets_equal_budget,v2,0,5070,45.0,0.4548889994621277,0.5199135061104891,0.4548889994621277,0.5656285285949707,0.146177738904953
switzerland,hungary,v2_deepsets_equal_budget,v2,0,5070,50.0,0.4271099865436554,0.5368995379984717,0.4271099865436554,0.5190297365188599,0.13670973479747772
switzerland,hungary,v2_deepsets_equal_budget,v2,0,5070,55.0,0.43054741621017456,0.5403838623192385,0.43054741621017456,0.5183883905410767,0.13894213736057281
switzerland,hungary,v2_deepsets_equal_budget,v2,0,5070,60.0,0.4201854169368744,0.5454430990792344,0.4201854169368744,0.5141879916191101,0.1354762762784958
switzerland,hungary,v2_deepsets_equal_budget,v2,0,5071,5.0,0.644810676574707,0.6017539590711376,0.644810676574707,0.6703453063964844,0.22606995701789856
switzerland,hungary,v2_deepsets_equal_budget,v2,0,5071,10.0,0.5796854496002197,0.5259215694795704,0.5796854496002197,0.6319061517715454,0.19577062129974365
switzerland,hungary,v2_deepsets_equal_budget,v2,0,5071,15.0,0.5404783487319946,0.4895549813077066,0.5404783487319946,0.6241039633750916,0.18012703955173492
switzerland,hungary,v2_deepsets_equal_budget,v2,0,5071,20.0,0.5133044719696045,0.4700749809374034,0.5133044719696045,0.617777943611145,0.16970793902873993
switzerland,hungary,v2_deepsets_equal_budget,v2,0,5071,25.0,0.5109050869941711,0.4789163540014741,0.5109050869941711,0.6195920705795288,0.16767650842666626
switzerland,hungary,v2_deepsets_equal_budget,v2,0,5071,30.0,0.47746825218200684,0.5100288261322112,0.47746825218200684,0.584133505821228,0.15719915926456451
switzerland,hungary,v2_deepsets_equal_budget,v2,0,5071,35.0,0.46530967950820923,0.5209640770871828,0.46530967950820923,0.5651370882987976,0.1523444652557373
switzerland,hungary,v2_deepsets_equal_budget,v2,0,5071,40.0,0.47012192010879517,0.5261204105987789,0.47012192010879517,0.5806559324264526,0.15359632670879364
switzerland,hungary,v2_deepsets_equal_budget,v2,0,5071,45.0,0.4691340923309326,0.5419690067139515,0.4691340923309326,0.5746030807495117,0.15352347493171692
switzerland,hungary,v2_deepsets_equal_budget,v2,0,5071,50.0,0.43984177708625793,0.5601360582560232,0.43984177708625793,0.5357943773269653,0.14166387915611267
switzerland,hungary,v2_deepsets_equal_budget,v2,0,5071,55.0,0.43048083782196045,0.5610941994702517,0.43048083782196045,0.5122373104095459,0.13806909322738647
switzerland,hungary,v2_deepsets_equal_budget,v2,0,5071,60.0,0.43542587757110596,0.5944455700366647,0.43542587757110596,0.5233805179595947,0.14124944806098938
switzerland,va_long_beach,v2_deepsets_equal_budget,v2,0,5062,5.0,0.6198996305465698,0.6692114726034716,0.6198996305465698,0.6260327100753784,0.21374523639678955
switzerland,va_long_beach,v2_deepsets_equal_budget,v2,0,5062,10.0,0.5141974687576294,0.6697193913283721,0.5141974687576294,0.5306588411331177,0.16490893065929413
switzerland,va_long_beach,v2_deepsets_equal_budget,v2,0,5062,15.0,0.4408614933490753,0.7229199025882596,0.4408614933490753,0.46116185188293457,0.1372927725315094
switzerland,va_long_beach,v2_deepsets_equal_budget,v2,0,5062,20.0,0.39333200454711914,0.7831268525454931,0.39333200454711914,0.4097592830657959,0.12219265103340149
switzerland,va_long_beach,v2_deepsets_equal_budget,v2,0,5062,25.0,0.3732483983039856,0.8496219010971773,0.3732483983039856,0.3908095955848694,0.11635243147611618
switzerland,va_long_beach,v2_deepsets_equal_budget,v2,0,5062,30.0,0.35762572288513184,0.8969572593876081,0.35762572288513184,0.3754509687423706,0.11270672082901001
switzerland,va_long_beach,v2_deepsets_equal_budget,v2,0,5062,35.0,0.34174442291259766,0.9033514593100913,0.34174442291259766,0.35992661118507385,0.1074286624789238
switzerland,va_long_beach,v2_deepsets_equal_budget,v2,0,5062,40.0,0.3398565948009491,0.9082173284551539,0.3398565948009491,0.3527778387069702,0.10532496869564056
switzerland,va_long_beach,v2_deepsets_equal_budget,v2,0,5062,45.0,0.3290614187717438,0.903067903319204,0.3290614187717438,0.3415135145187378,0.10288804769515991
switzerland,va_long_beach,v2_deepsets_equal_budget,v2,0,5063,5.0,0.583000898361206,0.6638730321316215,0.583000898361206,0.5918354988098145,0.19593392312526703
switzerland,va_long_beach,v2_deepsets_equal_budget,v2,0,5063,10.0,0.47618746757507324,0.6751713611410493,0.47618746757507324,0.4969952702522278,0.1497383713722229
switzerland,va_long_beach,v2_deepsets_equal_budget,v2,0,5063,15.0,0.4081413149833679,0.7249870191357832,0.4081413149833679,0.42553436756134033,0.12579941749572754
switzerland,va_long_beach,v2_deepsets_equal_budget,v2,0,5063,20.0,0.38144099712371826,0.8168467409850404,0.38144099712371826,0.40045472979545593,0.11890404671430588
switzerland,va_long_beach,v2_deepsets_equal_budget,v2,0,5063,25.0,0.36425337195396423,0.8855984740594183,0.36425337195396423,0.3721887469291687,0.11327142268419266
switzerland,va_long_beach,v2_deepsets_equal_budget,v2,0,5063,30.0,0.34848442673683167,0.911862287259508,0.34848442673683167,0.3671916127204895,0.10896040499210358
switzerland,va_long_beach,v2_deepsets_equal_budget,v2,0,5063,35.0,0.342804491519928,0.9130127390936614,0.342804491519928,0.35893499851226807,0.10774745792150497
switzerland,va_long_beach,v2_deepsets_equal_budget,v2,0,5063,40.0,0.33876481652259827,0.875386570961624,0.33876481652259827,0.35612431168556213,0.10552768409252167
switzerland,va_long_beach,v2_deepsets_equal_budget,v2,0,5063,45.0,0.33612412214279175,0.8505805350241344,0.33612412214279175,0.3443973660469055,0.10577955842018127
switzerland,va_long_beach,v2_deepsets_equal_budget,v2,0,5064,5.0,0.6344943046569824,0.6718812300448345,0.6344943046569824,0.6351488828659058,0.22092804312705994
switzerland,va_long_beach,v2_deepsets_equal_budget,v2,0,5064,10.0,0.5394747257232666,0.6477911100571285,0.5394747257232666,0.5488431453704834,0.1763671636581421
switzerland,va_long_beach,v2_deepsets_equal_budget,v2,0,5064,15.0,0.46620190143585205,0.6848973380893346,0.46620190143585205,0.47565963864326477,0.14652937650680542
switzerland,va_long_beach,v2_deepsets_equal_budget,v2,0,5064,20.0,0.41419199109077454,0.7224640165273177,0.41419199109077454,0.42473775148391724,0.12929880619049072
switzerland,va_long_beach,v2_deepsets_equal_budget,v2,0,5064,25.0,0.37581998109817505,0.7655020459383126,0.37581998109817505,0.3927035331726074,0.11756870150566101
switzerland,va_long_beach,v2_deepsets_equal_budget,v2,0,5064,30.0,0.3632011413574219,0.793024132639587,0.3632011413574219,0.3823826014995575,0.113025963306427
switzerland,va_long_beach,v2_deepsets_equal_budget,v2,0,5064,35.0,0.3467135429382324,0.8080298926881566,0.3467135429382324,0.3662784993648529,0.10812870413064957
switzerland,va_long_beach,v2_deepsets_equal_budget,v2,0,5064,40.0,0.3402785658836365,0.804843944674462,0.3402785658836365,0.3587934970855713,0.10449382662773132
switzerland,va_long_beach,v2_deepsets_equal_budget,v2,0,5064,45.0,0.3366694450378418,0.8248739122253481,0.3366694450378418,0.3536989986896515,0.10408532619476318
switzerland,va_long_beach,v2_deepsets_equal_budget,v2,0,5064,50.0,0.3310285210609436,0.8276781797936117,0.3310285210609436,0.3424150347709656,0.10109563171863556
switzerland,va_long_beach,v2_deepsets_equal_budget,v2,0,5065,5.0,0.6077905297279358,0.6657598123632185,0.6077905297279358,0.6112709045410156,0.20775413513183594
switzerland,va_long_beach,v2_deepsets_equal_budget,v2,0,5065,10.0,0.4945506453514099,0.6528723737322343,0.4945506453514099,0.5070061087608337,0.15625347197055817
switzerland,va_long_beach,v2_deepsets_equal_budget,v2,0,5065,15.0,0.4225132167339325,0.6773290469250466,0.4225132167339325,0.43079742789268494,0.13053904473781586
switzerland,va_long_beach,v2_deepsets_equal_budget,v2,0,5065,20.0,0.3735254108905792,0.729207276136572,0.3735254108905792,0.3831942081451416,0.11564905941486359
switzerland,va_long_beach,v2_deepsets_equal_budget,v2,0,5065,25.0,0.36051762104034424,0.7830739516145859,0.36051762104034424,0.3707353472709656,0.11214284598827362
switzerland,va_long_beach,v2_deepsets_equal_budget,v2,0,5065,30.0,0.3580007553100586,0.7835866811223835,0.3580007553100586,0.36452972888946533,0.11161066591739655
switzerland,va_long_beach,v2_deepsets_equal_budget,v2,0,5065,35.0,0.3493229150772095,0.7810320515392166,0.3493229150772095,0.36365386843681335,0.1097225695848465
switzerland,va_long_beach,v2_deepsets_equal_budget,v2,0,5065,40.0,0.34489351511001587,0.7870344892052707,0.34489351511001587,0.3600618839263916,0.10631906241178513
switzerland,va_long_beach,v2_deepsets_equal_budget,v2,0,5065,45.0,0.33360373973846436,0.7945474493541914,0.33360373973846436,0.34068819880485535,0.10322625190019608
switzerland,va_long_beach,v2_deepsets_equal_budget,v2,0,5065,50.0,0.3239487409591675,0.8094166936917107,0.3239487409591675,0.3334369957447052,0.0996093899011612
switzerland,va_long_beach,v2_deepsets_equal_budget,v2,0,5066,5.0,0.6268812417984009,0.6690164992187917,0.6268812417984009,0.6287358403205872,0.21726419031620026
switzerland,va_long_beach,v2_deepsets_equal_budget,v2,0,5066,10.0,0.5209907293319702,0.6583513926691972,0.5209907293319702,0.5235919952392578,0.16771507263183594
switzerland,va_long_beach,v2_deepsets_equal_budget,v2,0,5066,15.0,0.4410382807254791,0.6894065819650379,0.4410382807254791,0.442444384098053,0.13646167516708374
switzerland,va_long_beach,v2_deepsets_equal_budget,v2,0,5066,20.0,0.39605167508125305,0.7280197962789037,0.39605167508125305,0.39991146326065063,0.1228143647313118
switzerland,va_long_beach,v2_deepsets_equal_budget,v2,0,5066,25.0,0.3718080222606659,0.7876728271031657,0.3718080222606659,0.3816754221916199,0.11593984067440033
switzerland,va_long_beach,v2_deepsets_equal_budget,v2,0,5066,30.0,0.35875388979911804,0.8139202584518987,0.35875388979911804,0.36298274993896484,0.1127319186925888
switzerland,va_long_beach,v2_deepsets_equal_budget,v2,0,5066,35.0,0.3489375114440918,0.8182391594839549,0.3489375114440918,0.3562624156475067,0.10896598547697067
switzerland,va_long_beach,v2_deepsets_equal_budget,v2,0,5066,40.0,0.3465883731842041,0.8495478751113067,0.3465883731842041,0.36064770817756653,0.1073385700583458
switzerland,va_long_beach,v2_deepsets_equal_budget,v2,0,5066,45.0,0.34364748001098633,0.8607297135424081,0.34364748001098633,0.35552120208740234,0.10698190331459045
switzerland,va_long_beach,v2_deepsets_equal_budget,v2,0,5066,50.0,0.32948753237724304,0.851691407004819,0.32948753237724304,0.3436359763145447,0.10293865948915482
switzerland,va_long_beach,v2_deepsets_equal_budget,v2,0,5067,5.0,0.5963618159294128,0.6569819797967371,0.5963618159294128,0.6003594398498535,0.20238181948661804
switzerland,va_long_beach,v2_deepsets_equal_budget,v2,0,5067,10.0,0.48356175422668457,0.6496115751124862,0.48356175422668457,0.4926682114601135,0.152412548661232
switzerland,va_long_beach,v2_deepsets_equal_budget,v2,0,5067,15.0,0.41383904218673706,0.6914236010940928,0.41383904218673706,0.43027645349502563,0.12884511053562164
switzerland,va_long_beach,v2_deepsets_equal_budget,v2,0,5067,20.0,0.37713462114334106,0.7615891398180281,0.37713462114334106,0.3893853425979614,0.11842992901802063
switzerland,va_long_beach,v2_deepsets_equal_budget,v2,0,5067,25.0,0.36616289615631104,0.8264101600780649,0.36616289615631104,0.3823508620262146,0.11492730677127838
switzerland,va_long_beach,v2_deepsets_equal_budget,v2,0,5067,30.0,0.3509976863861084,0.8424765287709861,0.3509976863861084,0.3694755434989929,0.10849850624799728
switzerland,va_long_beach,v2_deepsets_equal_budget,v2,0,5067,35.0,0.34462419152259827,0.8457187820119083,0.34462419152259827,0.36815547943115234,0.10743258893489838
switzerland,va_long_beach,v2_deepsets_equal_budget,v2,0,5067,40.0,0.33775949478149414,0.8554279689933706,0.33775949478149414,0.3552376627922058,0.10529841482639313
switzerland,va_long_beach,v2_deepsets_equal_budget,v2,0,5067,45.0,0.33560192584991455,0.8661269361536874,0.33560192584991455,0.35498589277267456,0.10502541065216064
switzerland,va_long_beach,v2_deepsets_equal_budget,v2,0,5067,50.0,0.3207462430000305,0.8677293139504219,0.3207462430000305,0.3378103971481323,0.09850330650806427
switzerland,va_long_beach,v2_deepsets_equal_budget,v2,0,5068,5.0,0.6114194393157959,0.6701834954563703,0.6114194393157959,0.6215726733207703,0.20962566137313843
switzerland,va_long_beach,v2_deepsets_equal_budget,v2,0,5068,10.0,0.5011048316955566,0.6727906147794955,0.5011048316955566,0.5090495347976685,0.1593453586101532
switzerland,va_long_beach,v2_deepsets_equal_budget,v2,0,5068,15.0,0.4283024072647095,0.7025484699808,0.4283024072647095,0.4445520043373108,0.13289451599121094
switzerland,va_long_beach,v2_deepsets_equal_budget,v2,0,5068,20.0,0.3911288380622864,0.771036165910455,0.3911288380622864,0.3967769742012024,0.12132668495178223
switzerland,va_long_beach,v2_deepsets_equal_budget,v2,0,5068,25.0,0.3700214922428131,0.8096131254794794,0.3700214922428131,0.3830549716949463,0.11471427977085114
switzerland,va_long_beach,v2_deepsets_equal_budget,v2,0,5068,30.0,0.3617587089538574,0.8333726205415571,0.3617587089538574,0.36727282404899597,0.11210985481739044
switzerland,va_long_beach,v2_deepsets_equal_budget,v2,0,5068,35.0,0.35207754373550415,0.8294959356971996,0.35207754373550415,0.3571382164955139,0.10864575952291489
switzerland,va_long_beach,v2_deepsets_equal_budget,v2,0,5068,40.0,0.342953085899353,0.8389088783196186,0.342953085899353,0.3507373631000519,0.10530072450637817
switzerland,va_long_beach,v2_deepsets_equal_budget,v2,0,5068,45.0,0.3344036340713501,0.8551462085836115,0.3344036340713501,0.3411112427711487,0.1018102765083313
switzerland,va_long_beach,v2_deepsets_equal_budget,v2,0,5069,5.0,0.6143491864204407,0.6665296426001321,0.6143491864204407,0.6266583204269409,0.211065411567688
switzerland,va_long_beach,v2_deepsets_equal_budget,v2,0,5069,10.0,0.5037031173706055,0.651613704708621,0.5037031173706055,0.5206921100616455,0.16062873601913452
switzerland,va_long_beach,v2_deepsets_equal_budget,v2,0,5069,15.0,0.42786699533462524,0.6908837891335302,0.42786699533462524,0.4450291097164154,0.13307027518749237
switzerland,va_long_beach,v2_deepsets_equal_budget,v2,0,5069,20.0,0.39277777075767517,0.7430014326372061,0.39277777075767517,0.40562379360198975,0.12319649755954742
switzerland,va_long_beach,v2_deepsets_equal_budget,v2,0,5069,25.0,0.37522029876708984,0.8019791796466333,0.37522029876708984,0.38918256759643555,0.11793659627437592
switzerland,va_long_beach,v2_deepsets_equal_budget,v2,0,5069,30.0,0.3674073815345764,0.8389426934005169,0.3674073815345764,0.36849546432495117,0.11452542245388031
switzerland,va_long_beach,v2_deepsets_equal_budget,v2,0,5069,35.0,0.3504579961299896,0.8471069154822919,0.3504579961299896,0.36369216442108154,0.10852519422769547
switzerland,va_long_beach,v2_deepsets_equal_budget,v2,0,5069,40.0,0.34511345624923706,0.8316597009201152,0.34511345624923706,0.36392220854759216,0.1065482571721077
switzerland,va_long_beach,v2_deepsets_equal_budget,v2,0,5069,45.0,0.34497278928756714,0.8422570718608181,0.34497278928756714,0.3593226671218872,0.10740490257740021
switzerland,va_long_beach,v2_deepsets_equal_budget,v2,0,5069,50.0,0.3329223096370697,0.8522693821546636,0.3329223096370697,0.34114792943000793,0.10287678241729736
switzerland,va_long_beach,v2_deepsets_equal_budget,v2,0,5070,5.0,0.5936099290847778,0.6602307798272955,0.5936099290847778,0.6092486381530762,0.20095351338386536
switzerland,va_long_beach,v2_deepsets_equal_budget,v2,0,5070,10.0,0.48660099506378174,0.6974862372423903,0.48660099506378174,0.49929726123809814,0.15327952802181244
switzerland,va_long_beach,v2_deepsets_equal_budget,v2,0,5070,15.0,0.40834349393844604,0.7802734725062408,0.40834349393844604,0.42474251985549927,0.125117227435112
switzerland,va_long_beach,v2_deepsets_equal_budget,v2,0,5070,20.0,0.38008561730384827,0.8856786100585845,0.38008561730384827,0.3920084238052368,0.11811159551143646
switzerland,va_long_beach,v2_deepsets_equal_budget,v2,0,5070,25.0,0.3621651828289032,0.9305250533356353,0.3621651828289032,0.3705925941467285,0.11320005357265472
switzerland,va_long_beach,v2_deepsets_equal_budget,v2,0,5070,30.0,0.35930192470550537,0.9435735228465192,0.35930192470550537,0.3749634027481079,0.11270324885845184
switzerland,va_long_beach,v2_deepsets_equal_budget,v2,0,5070,35.0,0.34283286333084106,0.9206270977144221,0.34283286333084106,0.36318767070770264,0.10674238204956055
switzerland,va_long_beach,v2_deepsets_equal_budget,v2,0,5070,40.0,0.3340306282043457,0.887997197790766,0.3340306282043457,0.3502969741821289,0.1040269210934639
switzerland,va_long_beach,v2_deepsets_equal_budget,v2,0,5070,45.0,0.33363988995552063,0.8645735473901128,0.33363988995552063,0.3453841209411621,0.10437995940446854
switzerland,va_long_beach,v2_deepsets_equal_budget,v2,0,5071,5.0,0.5795882940292358,0.6540847245173969,0.5795882940292358,0.5805466175079346,0.19443568587303162
switzerland,va_long_beach,v2_deepsets_equal_budget,v2,0,5071,10.0,0.46867045760154724,0.6590348514817295,0.46867045760154724,0.4783201515674591,0.14679275453090668
switzerland,va_long_beach,v2_deepsets_equal_budget,v2,0,5071,15.0,0.40545982122421265,0.6983132597087096,0.40545982122421265,0.411897748708725,0.12608490884304047
switzerland,va_long_beach,v2_deepsets_equal_budget,v2,0,5071,20.0,0.3750383257865906,0.7651487322979533,0.3750383257865906,0.3848562240600586,0.11647501587867737
switzerland,va_long_beach,v2_deepsets_equal_budget,v2,0,5071,25.0,0.3741201162338257,0.8141009164725186,0.3741201162338257,0.38073647022247314,0.1177309900522232
switzerland,va_long_beach,v2_deepsets_equal_budget,v2,0,5071,30.0,0.3631741404533386,0.8349645698405572,0.3631741404533386,0.366133451461792,0.11319635808467865
switzerland,va_long_beach,v2_deepsets_equal_budget,v2,0,5071,35.0,0.3498643934726715,0.8209304636123667,0.3498643934726715,0.35595667362213135,0.10868903249502182
switzerland,va_long_beach,v2_deepsets_equal_budget,v2,0,5071,40.0,0.3419848084449768,0.8187841255773628,0.3419848084449768,0.35505586862564087,0.105474092066288
switzerland,va_long_beach,v2_deepsets_equal_budget,v2,0,5071,45.0,0.33318859338760376,0.830655528123003,0.33318859338760376,0.34141552448272705,0.10333921015262604
switzerland,cleveland,v5_attention_equal_budget,v5,0,5062,5.0,0.6303296685218811,0.540624723550555,0.6063891053199768,0.612490177154541,0.20890085399150848
switzerland,cleveland,v5_attention_equal_budget,v5,0,5062,10.0,0.5659323930740356,0.5174743244716481,0.5398421287536621,0.5558766722679138,0.18072934448719025
switzerland,cleveland,v5_attention_equal_budget,v5,0,5062,15.0,0.5398769974708557,0.5219413794207599,0.514687716960907,0.5309109091758728,0.17077668011188507
switzerland,cleveland,v5_attention_equal_budget,v5,0,5062,20.0,0.5363268256187439,0.5335548207089142,0.5120739936828613,0.5265280604362488,0.1702578365802765
switzerland,cleveland,v5_attention_equal_budget,v5,0,5062,25.0,0.5243251323699951,0.5554592316791311,0.49792131781578064,0.5177420973777771,0.16493435204029083
switzerland,cleveland,v5_attention_equal_budget,v5,0,5062,30.0,0.5120176672935486,0.6086731521334413,0.4875311851501465,0.5043742060661316,0.16064992547035217
switzerland,cleveland,v5_attention_equal_budget,v5,0,5062,35.0,0.4967002272605896,0.668892601707632,0.4726170599460602,0.4897909164428711,0.1549626588821411
switzerland,cleveland,v5_attention_equal_budget,v5,0,5062,40.0,0.48407161235809326,0.7348024939443092,0.4633098840713501,0.47454243898391724,0.15145441889762878
switzerland,cleveland,v5_attention_equal_budget,v5,0,5062,45.0,0.47594696283340454,0.7554695243162021,0.4537641704082489,0.4686545431613922,0.1473759561777115
switzerland,cleveland,v5_attention_equal_budget,v5,0,5062,50.0,0.46055060625076294,0.746864714350326,0.44076937437057495,0.45179224014282227,0.14269807934761047
switzerland,cleveland,v5_attention_equal_budget,v5,0,5063,5.0,0.6197414994239807,0.641192214735953,0.5973439812660217,0.6012677550315857,0.20435619354248047
switzerland,cleveland,v5_attention_equal_budget,v5,0,5063,10.0,0.5699015855789185,0.621823508129931,0.5439493656158447,0.5594261288642883,0.18213875591754913
switzerland,cleveland,v5_attention_equal_budget,v5,0,5063,15.0,0.5409323573112488,0.6511309411078001,0.5139235854148865,0.533758282661438,0.17091470956802368
switzerland,cleveland,v5_attention_equal_budget,v5,0,5063,20.0,0.5266226530075073,0.6880688036531225,0.5035915374755859,0.5163764953613281,0.16638608276844025
switzerland,cleveland,v5_attention_equal_budget,v5,0,5063,25.0,0.5165765285491943,0.736381552759749,0.4927540421485901,0.5078398585319519,0.16279573738574982
switzerland,cleveland,v5_attention_equal_budget,v5,0,5063,30.0,0.506389856338501,0.7500110373549256,0.48156654834747314,0.4994135797023773,0.15899761021137238
switzerland,cleveland,v5_attention_equal_budget,v5,0,5063,35.0,0.488240122795105,0.7730718291080447,0.46571022272109985,0.48025113344192505,0.15259456634521484
switzerland,cleveland,v5_attention_equal_budget,v5,0,5063,40.0,0.4825729429721832,0.763613541221226,0.46021923422813416,0.4747352600097656,0.15095694363117218
switzerland,cleveland,v5_attention_equal_budget,v5,0,5063,45.0,0.4748055338859558,0.7969538541153769,0.45203548669815063,0.4681321084499359,0.14721764624118805
switzerland,cleveland,v5_attention_equal_budget,v5,0,5063,50.0,0.4595394730567932,0.8497911521283086,0.4394046664237976,0.4511887729167938,0.14242783188819885
switzerland,cleveland,v5_attention_equal_budget,v5,0,5064,5.0,0.6100032925605774,0.5585467611252453,0.5855067372322083,0.5946869850158691,0.1990647315979004
switzerland,cleveland,v5_attention_equal_budget,v5,0,5064,10.0,0.5651080012321472,0.5612878613228991,0.5377256870269775,0.556442379951477,0.18023979663848877
switzerland,cleveland,v5_attention_equal_budget,v5,0,5064,15.0,0.5466110110282898,0.5772829777624012,0.5203365683555603,0.538292407989502,0.17296504974365234
switzerland,cleveland,v5_attention_equal_budget,v5,0,5064,20.0,0.5447678565979004,0.592309199379158,0.5173658728599548,0.5376527905464172,0.17258548736572266
switzerland,cleveland,v5_attention_equal_budget,v5,0,5064,25.0,0.5125378370285034,0.6092851177944897,0.4881632626056671,0.5045813918113708,0.16165491938591003
switzerland,cleveland,v5_attention_equal_budget,v5,0,5064,30.0,0.5089460611343384,0.6175971309589843,0.484881728887558,0.500978946685791,0.1601572334766388
switzerland,cleveland,v5_attention_equal_budget,v5,0,5064,35.0,0.4929727613925934,0.6650346359236565,0.4693591892719269,0.48586225509643555,0.1536206752061844
switzerland,cleveland,v5_attention_equal_budget,v5,0,5064,40.0,0.4807259738445282,0.7016401324413852,0.4576740264892578,0.4737824499607086,0.1499774008989334
switzerland,cleveland,v5_attention_equal_budget,v5,0,5064,45.0,0.4799214005470276,0.7297457807721176,0.4549940526485443,0.47513723373413086,0.1485573798418045
switzerland,cleveland,v5_attention_equal_budget,v5,0,5065,5.0,0.6107056736946106,0.558364794697539,0.5823267102241516,0.5994767546653748,0.19803912937641144
switzerland,cleveland,v5_attention_equal_budget,v5,0,5065,10.0,0.5644422769546509,0.5486301221575909,0.5361305475234985,0.5568425059318542,0.17955809831619263
switzerland,cleveland,v5_attention_equal_budget,v5,0,5065,15.0,0.5436229109764099,0.5714764678158979,0.5174819231033325,0.5353659987449646,0.17198970913887024
switzerland,cleveland,v5_attention_equal_budget,v5,0,5065,20.0,0.5159811973571777,0.5738369790605253,0.4931163787841797,0.5063809752464294,0.16232535243034363
switzerland,cleveland,v5_attention_equal_budget,v5,0,5065,25.0,0.5109743475914001,0.5885058086337729,0.4870062470436096,0.5030357241630554,0.15953390300273895
switzerland,cleveland,v5_attention_equal_budget,v5,0,5065,30.0,0.4894421100616455,0.6420616082363564,0.4675661623477936,0.48075637221336365,0.15280833840370178
switzerland,cleveland,v5_attention_equal_budget,v5,0,5065,35.0,0.4825836420059204,0.6360497003183503,0.4617740213871002,0.47325658798217773,0.15068359673023224
switzerland,cleveland,v5_attention_equal_budget,v5,0,5065,40.0,0.4772583246231079,0.6329498731556045,0.45502153038978577,0.46990177035331726,0.14796675741672516
switzerland,cleveland,v5_attention_equal_budget,v5,0,5065,45.0,0.463233083486557,0.6382141971833635,0.44166019558906555,0.4562497138977051,0.14278145134449005
switzerland,cleveland,v5_attention_equal_budget,v5,0,5065,50.0,0.45278942584991455,0.6308336180668352,0.4323366582393646,0.44531747698783875,0.1396235078573227
switzerland,cleveland,v5_attention_equal_budget,v5,0,5066,5.0,0.5721546411514282,0.5348520533968826,0.5495179295539856,0.5579590201377869,0.18416179716587067
switzerland,cleveland,v5_attention_equal_budget,v5,0,5066,10.0,0.5467634797096252,0.545903022548525,0.5206544399261475,0.5381419062614441,0.17365281283855438
switzerland,cleveland,v5_attention_equal_budget,v5,0,5066,15.0,0.5271703004837036,0.5627715860135771,0.5032967329025269,0.5177292823791504,0.16657264530658722
switzerland,cleveland,v5_attention_equal_budget,v5,0,5066,20.0,0.5236637592315674,0.569094601859287,0.49880504608154297,0.5154860615730286,0.16518206894397736
switzerland,cleveland,v5_attention_equal_budget,v5,0,5066,25.0,0.5199316740036011,0.578621878892637,0.494427353143692,0.5127728581428528,0.16331583261489868
switzerland,cleveland,v5_attention_equal_budget,v5,0,5066,30.0,0.5093897581100464,0.5689772411290996,0.48519420623779297,0.5016354918479919,0.15974916517734528
switzerland,cleveland,v5_attention_equal_budget,v5,0,5066,35.0,0.49160072207450867,0.5737507025024462,0.46909719705581665,0.4833943545818329,0.15354949235916138
switzerland,cleveland,v5_attention_equal_budget,v5,0,5066,40.0,0.48648151755332947,0.586143783823645,0.46429839730262756,0.4782911241054535,0.15186744928359985
switzerland,cleveland,v5_attention_equal_budget,v5,0,5066,45.0,0.4737269878387451,0.5944556668976513,0.4512898027896881,0.46679678559303284,0.14683689177036285
switzerland,cleveland,v5_attention_equal_budget,v5,0,5067,5.0,0.5665860176086426,0.5066140558898458,0.5379536747932434,0.5593201518058777,0.17949077486991882
switzerland,cleveland,v5_attention_equal_budget,v5,0,5067,10.0,0.5458865761756897,0.4980595394247866,0.5182040333747864,0.5390996336936951,0.17234739661216736
switzerland,cleveland,v5_attention_equal_budget,v5,0,5067,15.0,0.5285926461219788,0.5083071090226832,0.5028071999549866,0.5210914015769958,0.1664332002401352
switzerland,cleveland,v5_attention_equal_budget,v5,0,5067,20.0,0.5128770470619202,0.5198079196639608,0.48781388998031616,0.5058591961860657,0.160404771566391
switzerland,cleveland,v5_attention_equal_budget,v5,0,5067,25.0,0.5051332116127014,0.5367219082188847,0.4813396632671356,0.49734076857566833,0.15792974829673767
switzerland,cleveland,v5_attention_equal_budget,v5,0,5067,30.0,0.4985097348690033,0.550952099803068,0.47477689385414124,0.4911450445652008,0.15548759698867798
switzerland,cleveland,v5_attention_equal_budget,v5,0,5067,35.0,0.48420944809913635,0.579019922206572,0.4616774916648865,0.4765028953552246,0.15119266510009766
switzerland,cleveland,v5_attention_equal_budget,v5,0,5067,40.0,0.4696533679962158,0.6077557632060192,0.4476431906223297,0.46262428164482117,0.14519639313220978
switzerland,cleveland,v5_attention_equal_budget,v5,0,5067,45.0,0.4572630822658539,0.6345887903924139,0.4362714886665344,0.4501407742500305,0.1405695080757141
switzerland,cleveland,v5_attention_equal_budget,v5,0,5067,50.0,0.4623437523841858,0.6753070618239061,0.4400083124637604,0.45634278655052185,0.14168210327625275
switzerland,cleveland,v5_attention_equal_budget,v5,0,5068,5.0,0.590919554233551,0.5851942899125204,0.5649436712265015,0.5788426399230957,0.19026409089565277
switzerland,cleveland,v5_attention_equal_budget,v5,0,5068,10.0,0.5594809055328369,0.5456499279497049,0.5291941165924072,0.5544249415397644,0.17671336233615875
switzerland,cleveland,v5_attention_equal_budget,v5,0,5068,15.0,0.5455645322799683,0.5496934892977183,0.5192359089851379,0.5372428297996521,0.17325162887573242
switzerland,cleveland,v5_attention_equal_budget,v5,0,5068,20.0,0.5264428853988647,0.5676666837049529,0.49969354271888733,0.5199292302131653,0.16631491482257843
switzerland,cleveland,v5_attention_equal_budget,v5,0,5068,25.0,0.5190128087997437,0.5831660136902681,0.49233633279800415,0.513042151927948,0.1632356345653534
switzerland,cleveland,v5_attention_equal_budget,v5,0,5068,30.0,0.5057169795036316,0.6117931956858593,0.47934457659721375,0.5003222823143005,0.1588357388973236
switzerland,cleveland,v5_attention_equal_budget,v5,0,5068,35.0,0.4919012486934662,0.6237679259926578,0.4671822786331177,0.48581552505493164,0.1540234386920929
switzerland,cleveland,v5_attention_equal_budget,v5,0,5068,40.0,0.48604410886764526,0.6445183893858448,0.4597151577472687,0.48221275210380554,0.15080158412456512
switzerland,cleveland,v5_attention_equal_budget,v5,0,5068,45.0,0.48170703649520874,0.6743416757339351,0.456426203250885,0.4770384728908539,0.14974723756313324
switzerland,cleveland,v5_attention_equal_budget,v5,0,5068,50.0,0.45791858434677124,0.6888178471240958,0.4343349039554596,0.4531472325325012,0.1417749971151352
switzerland,cleveland,v5_attention_equal_budget,v5,0,5069,5.0,0.5707325339317322,0.6541762592546874,0.5465246438980103,0.5581836104393005,0.18378430604934692
switzerland,cleveland,v5_attention_equal_budget,v5,0,5069,10.0,0.5360602140426636,0.6645986116256396,0.5115265250205994,0.526600182056427,0.16996850073337555
switzerland,cleveland,v5_attention_equal_budget,v5,0,5069,15.0,0.5335712432861328,0.6364502857169144,0.5083270072937012,0.5251235961914062,0.16845948994159698
switzerland,cleveland,v5_attention_equal_budget,v5,0,5069,20.0,0.5164669752120972,0.6314485309008049,0.49254539608955383,0.507906436920166,0.1624109297990799
switzerland,cleveland,v5_attention_equal_budget,v5,0,5069,25.0,0.5030803084373474,0.6619149817270351,0.47897830605506897,0.4956287443637848,0.15776772797107697
switzerland,cleveland,v5_attention_equal_budget,v5,0,5069,30.0,0.49234122037887573,0.6481799689535532,0.46876659989356995,0.48528623580932617,0.15314824879169464
switzerland,cleveland,v5_attention_equal_budget,v5,0,5069,35.0,0.484792023897171,0.6350792982381811,0.46218863129615784,0.47722360491752625,0.15085895359516144
switzerland,cleveland,v5_attention_equal_budget,v5,0,5069,40.0,0.47634536027908325,0.6425824668505294,0.45433542132377625,0.46887943148612976,0.14737936854362488
switzerland,cleveland,v5_attention_equal_budget,v5,0,5069,45.0,0.4617362320423126,0.6549642164192035,0.4405919015407562,0.45444804430007935,0.14216266572475433
switzerland,cleveland,v5_attention_equal_budget,v5,0,5069,50.0,0.47077637910842896,0.6416535171695423,0.4462352991104126,0.4662972390651703,0.14510080218315125
switzerland,cleveland,v5_attention_equal_budget,v5,0,5069,55.0,0.4394492506980896,0.6573857811603878,0.41971564292907715,0.4322918951511383,0.1344549059867859
switzerland,cleveland,v5_attention_equal_budget,v5,0,5069,60.0,0.43521130084991455,0.6754374365127482,0.4128616452217102,0.4310033917427063,0.1327878087759018
switzerland,cleveland,v5_attention_equal_budget,v5,0,5070,5.0,0.607128381729126,0.6021480492263647,0.5834190845489502,0.5911516547203064,0.19842970371246338
switzerland,cleveland,v5_attention_equal_budget,v5,0,5070,10.0,0.5604531168937683,0.5750619064849759,0.536059558391571,0.5490691065788269,0.1788879781961441
switzerland,cleveland,v5_attention_equal_budget,v5,0,5070,15.0,0.542060136795044,0.5765446793064273,0.5176520943641663,0.5320774912834167,0.17195327579975128
switzerland,cleveland,v5_attention_equal_budget,v5,0,5070,20.0,0.5269313454627991,0.5675328467097787,0.5037615895271301,0.5167416930198669,0.16679711639881134
switzerland,cleveland,v5_attention_equal_budget,v5,0,5070,25.0,0.5163837671279907,0.5671051468042599,0.49247869849205017,0.507840633392334,0.16224104166030884
switzerland,cleveland,v5_attention_equal_budget,v5,0,5070,30.0,0.5004858374595642,0.5777011832209391,0.47807440161705017,0.491579532623291,0.1565885841846466
switzerland,cleveland,v5_attention_equal_budget,v5,0,5070,35.0,0.4849410653114319,0.5764728353067285,0.46284762024879456,0.4768184721469879,0.15108034014701843
switzerland,cleveland,v5_attention_equal_budget,v5,0,5070,40.0,0.477544367313385,0.6070893355317104,0.4551680386066437,0.4703372120857239,0.14791740477085114
switzerland,cleveland,v5_attention_equal_budget,v5,0,5070,45.0,0.4694366455078125,0.6393399491065253,0.44642797112464905,0.4636552035808563,0.14395061135292053
switzerland,cleveland,v5_attention_equal_budget,v5,0,5070,50.0,0.4609847664833069,0.6410936639755678,0.43945324420928955,0.4539998173713684,0.14258234202861786
switzerland,cleveland,v5_attention_equal_budget,v5,0,5070,55.0,0.4453491270542145,0.6758898989929403,0.4226880371570587,0.4410063922405243,0.13501925766468048
switzerland,cleveland,v5_attention_equal_budget,v5,0,5070,60.0,0.4374069571495056,0.6739183974835798,0.41584742069244385,0.4323033392429352,0.13331599533557892
switzerland,cleveland,v5_attention_equal_budget,v5,0,5070,65.0,0.41668176651000977,0.7047230342436925,0.39440295100212097,0.41390591859817505,0.12527360022068024
switzerland,cleveland,v5_attention_equal_budget,v5,0,5071,5.0,0.5987435579299927,0.5472010212837647,0.5740253925323486,0.5845997929573059,0.19430974125862122
switzerland,cleveland,v5_attention_equal_budget,v5,0,5071,10.0,0.5598518252372742,0.5198825714994795,0.531120240688324,0.5530993342399597,0.17742036283016205
switzerland,cleveland,v5_attention_equal_budget,v5,0,5071,15.0,0.5364935994148254,0.5293238513323129,0.5116145610809326,0.5273868441581726,0.16992886364459991
switzerland,cleveland,v5_attention_equal_budget,v5,0,5071,20.0,0.5323114991188049,0.5521531009427174,0.5066172480583191,0.5244042277336121,0.16800732910633087
switzerland,cleveland,v5_attention_equal_budget,v5,0,5071,25.0,0.5175498723983765,0.5414337320905707,0.4920218884944916,0.5106719136238098,0.16202977299690247
switzerland,cleveland,v5_attention_equal_budget,v5,0,5071,30.0,0.5037210583686829,0.5395246062264447,0.4807799160480499,0.49500685930252075,0.15827636420726776
switzerland,cleveland,v5_attention_equal_budget,v5,0,5071,35.0,0.4975505769252777,0.5437690841155776,0.47413456439971924,0.4898318350315094,0.1556740403175354
switzerland,cleveland,v5_attention_equal_budget,v5,0,5071,40.0,0.48159903287887573,0.5386444174617684,0.4597387909889221,0.47357627749443054,0.1494152843952179
switzerland,cleveland,v5_attention_equal_budget,v5,0,5071,45.0,0.47274646162986755,0.5411439139119983,0.4500884413719177,0.46620893478393555,0.14597773551940918
switzerland,cleveland,v5_attention_equal_budget,v5,0,5071,50.0,0.4610709846019745,0.555192150787986,0.4412359595298767,0.45236921310424805,0.1426839381456375
switzerland,hungary,v5_attention_equal_budget,v5,0,5062,5.0,0.6391133069992065,0.5909412410994661,0.6148030757904053,0.6209403872489929,0.21241550147533417
switzerland,hungary,v5_attention_equal_budget,v5,0,5062,10.0,0.5789650678634644,0.5396257665889747,0.5526955127716064,0.5680468678474426,0.18593934178352356
switzerland,hungary,v5_attention_equal_budget,v5,0,5062,15.0,0.5474023818969727,0.535701023406876,0.5216109156608582,0.5385003089904785,0.17346730828285217
switzerland,hungary,v5_attention_equal_budget,v5,0,5062,20.0,0.529391884803772,0.5387180946783625,0.5049217343330383,0.5205146074295044,0.16673706471920013
switzerland,hungary,v5_attention_equal_budget,v5,0,5062,25.0,0.5084879994392395,0.5354382774136482,0.484923779964447,0.5002593398094177,0.15896442532539368
switzerland,hungary,v5_attention_equal_budget,v5,0,5062,30.0,0.5107117891311646,0.5210392426102606,0.4853936433792114,0.5041098594665527,0.15960057079792023
switzerland,hungary,v5_attention_equal_budget,v5,0,5062,35.0,0.486575186252594,0.5228783156604477,0.46336472034454346,0.47958096861839294,0.15102314949035645
switzerland,hungary,v5_attention_equal_budget,v5,0,5062,40.0,0.46363773941993713,0.536033040808757,0.4429539144039154,0.45563194155693054,0.1434481143951416
switzerland,hungary,v5_attention_equal_budget,v5,0,5062,45.0,0.44762948155403137,0.5350107540449937,0.4277562201023102,0.4400918185710907,0.1370546966791153
switzerland,hungary,v5_attention_equal_budget,v5,0,5062,50.0,0.44575434923171997,0.5819906958807584,0.42455825209617615,0.43960848450660706,0.13670970499515533
switzerland,hungary,v5_attention_equal_budget,v5,0,5062,55.0,0.42972230911254883,0.5800140416331843,0.4095698893070221,0.423760324716568,0.13057194650173187
switzerland,hungary,v5_attention_equal_budget,v5,0,5062,60.0,0.416942298412323,0.5960103979047078,0.3970913589000702,0.41137629747390747,0.12708500027656555
switzerland,hungary,v5_attention_equal_budget,v5,0,5062,65.0,0.41692689061164856,0.5892985649688909,0.3932172358036041,0.41559162735939026,0.12522448599338531
switzerland,hungary,v5_attention_equal_budget,v5,0,5062,70.0,0.4054466485977173,0.5930413682656478,0.3818823993206024,0.40462160110473633,0.12194646894931793
switzerland,hungary,v5_attention_equal_budget,v5,0,5063,5.0,0.6332719326019287,0.5629070756022501,0.6096929907798767,0.6148333549499512,0.2100873738527298
switzerland,hungary,v5_attention_equal_budget,v5,0,5063,10.0,0.5751256346702576,0.5020912035721679,0.5477669835090637,0.5656928420066833,0.18395721912384033
switzerland,hungary,v5_attention_equal_budget,v5,0,5063,15.0,0.5527161359786987,0.515272933916163,0.5276386737823486,0.5426056981086731,0.1759396344423294
switzerland,hungary,v5_attention_equal_budget,v5,0,5063,20.0,0.534747838973999,0.5158392327328158,0.5104992389678955,0.5252920985221863,0.16852156817913055
switzerland,hungary,v5_attention_equal_budget,v5,0,5063,25.0,0.519148051738739,0.502664428646622,0.49394696950912476,0.5119314193725586,0.1620885580778122
switzerland,hungary,v5_attention_equal_budget,v5,0,5063,30.0,0.5081669092178345,0.5057604146975269,0.4843117296695709,0.5002561807632446,0.15882982313632965
switzerland,hungary,v5_attention_equal_budget,v5,0,5063,35.0,0.4934844970703125,0.5183722428948417,0.4710251986980438,0.4852329194545746,0.15355424582958221
switzerland,hungary,v5_attention_equal_budget,v5,0,5063,40.0,0.48769640922546387,0.5180807688657582,0.4646551311016083,0.48040515184402466,0.1516629308462143
switzerland,hungary,v5_attention_equal_budget,v5,0,5063,45.0,0.46766841411590576,0.5189254110094441,0.446180135011673,0.4602542817592621,0.14451201260089874
switzerland,hungary,v5_attention_equal_budget,v5,0,5063,50.0,0.4543311893939972,0.5250835385489437,0.43342795968055725,0.4473145604133606,0.13959901034832
switzerland,hungary,v5_attention_equal_budget,v5,0,5064,5.0,0.6071266531944275,0.5343199110334997,0.5806862115859985,0.5941239595413208,0.19721552729606628
switzerland,hungary,v5_attention_equal_budget,v5,0,5064,10.0,0.5528506636619568,0.5172598406841901,0.5272526144981384,0.5433627367019653,0.1754300743341446
switzerland,hungary,v5_attention_equal_budget,v5,0,5064,15.0,0.544261634349823,0.5074303038815816,0.5193716883659363,0.5347023010253906,0.17224620282649994
switzerland,hungary,v5_attention_equal_budget,v5,0,5064,20.0,0.5269413590431213,0.5090445768318418,0.5011429786682129,0.5195462107658386,0.16596730053424835
switzerland,hungary,v5_attention_equal_budget,v5,0,5064,25.0,0.5134550929069519,0.5248663048863629,0.49007341265678406,0.504540741443634,0.16148044168949127
switzerland,hungary,v5_attention_equal_budget,v5,0,5064,30.0,0.4973701536655426,0.5435017746762816,0.4752621650695801,0.48829469084739685,0.1559171825647354
switzerland,hungary,v5_attention_equal_budget,v5,0,5064,35.0,0.4862355887889862,0.5410845222635616,0.46452799439430237,0.47756701707839966,0.15188078582286835
switzerland,hungary,v5_attention_equal_budget,v5,0,5064,40.0,0.47212889790534973,0.5775422605444642,0.4484967291355133,0.4665664732456207,0.14597302675247192
switzerland,hungary,v5_attention_equal_budget,v5,0,5064,45.0,0.4563412666320801,0.6200987032928867,0.43471696972846985,0.44969531893730164,0.141351118683815
switzerland,hungary,v5_attention_equal_budget,v5,0,5064,50.0,0.4352603852748871,0.6023365015748607,0.4148179590702057,0.42893916368484497,0.13381817936897278
switzerland,hungary,v5_attention_equal_budget,v5,0,5064,55.0,0.43808111548423767,0.6140417891467942,0.4170307517051697,0.4319949150085449,0.13568270206451416
switzerland,hungary,v5_attention_equal_budget,v5,0,5065,5.0,0.6204522252082825,0.6201972818662165,0.5964146256446838,0.6036005020141602,0.2044466882944107
switzerland,hungary,v5_attention_equal_budget,v5,0,5065,10.0,0.5685216188430786,0.5634926862544254,0.5400474667549133,0.5609585642814636,0.18018606305122375
switzerland,hungary,v5_attention_equal_budget,v5,0,5065,15.0,0.5491058826446533,0.5089810401343495,0.5221233367919922,0.5413371324539185,0.17375633120536804
switzerland,hungary,v5_attention_equal_budget,v5,0,5065,20.0,0.5320495367050171,0.5107925961121476,0.5051102638244629,0.5256960988044739,0.16646409034729004
switzerland,hungary,v5_attention_equal_budget,v5,0,5065,25.0,0.525633692741394,0.5374252987193328,0.5001893639564514,0.5178748369216919,0.16601549088954926
switzerland,hungary,v5_attention_equal_budget,v5,0,5065,30.0,0.5024264454841614,0.5112452818793795,0.47824880480766296,0.49509403109550476,0.15755003690719604
switzerland,hungary,v5_attention_equal_budget,v5,0,5065,35.0,0.49037685990333557,0.535768968794376,0.46763548254966736,0.482419490814209,0.1534934788942337
switzerland,hungary,v5_attention_equal_budget,v5,0,5065,40.0,0.47460493445396423,0.5487465503880588,0.4533821642398834,0.4661950170993805,0.14816348254680634
switzerland,hungary,v5_attention_equal_budget,v5,0,5065,45.0,0.4594907760620117,0.562722835730368,0.43797269463539124,0.45265865325927734,0.141751229763031
switzerland,hungary,v5_attention_equal_budget,v5,0,5065,50.0,0.43613603711128235,0.5824948163347557,0.41652384400367737,0.42899656295776367,0.13375847041606903
switzerland,hungary,v5_attention_equal_budget,v5,0,5065,55.0,0.43029528856277466,0.5733528020876419,0.4102451503276825,0.42400237917900085,0.13171511888504028
switzerland,hungary,v5_attention_equal_budget,v5,0,5066,5.0,0.5993918180465698,0.4886383320727738,0.5757306218147278,0.5840202569961548,0.19516336917877197
switzerland,hungary,v5_attention_equal_budget,v5,0,5066,10.0,0.558408260345459,0.49995627809057974,0.5333824753761292,0.5479155778884888,0.1775919795036316
switzerland,hungary,v5_attention_equal_budget,v5,0,5066,15.0,0.5420615673065186,0.529871066949859,0.5174727439880371,0.5321969389915466,0.1722671538591385
switzerland,hungary,v5_attention_equal_budget,v5,0,5066,20.0,0.518595278263092,0.5191495588627707,0.49263784289360046,0.5120992064476013,0.16226758062839508
switzerland,hungary,v5_attention_equal_budget,v5,0,5066,25.0,0.5044047832489014,0.5144311976680508,0.4805280864238739,0.4967658221721649,0.15757820010185242
switzerland,hungary,v5_attention_equal_budget,v5,0,5066,30.0,0.4940182566642761,0.5063315533468404,0.47223663330078125,0.4849172532558441,0.15441299974918365
switzerland,hungary,v5_attention_equal_budget,v5,0,5066,35.0,0.4778272807598114,0.5121197580303646,0.45611634850502014,0.4698185920715332,0.14859822392463684
switzerland,hungary,v5_attention_equal_budget,v5,0,5066,40.0,0.4632798731327057,0.5186460118348183,0.44186142086982727,0.45596447587013245,0.14366936683654785
switzerland,hungary,v5_attention_equal_budget,v5,0,5066,45.0,0.43882036209106445,0.5354709580911112,0.41935381293296814,0.4313412606716156,0.13472838699817657
switzerland,hungary,v5_attention_equal_budget,v5,0,5067,5.0,0.6179132461547852,0.5817615901292349,0.5928345322608948,0.6024857759475708,0.20253059267997742
switzerland,hungary,v5_attention_equal_budget,v5,0,5067,10.0,0.5697089433670044,0.5237679628281351,0.5408124923706055,0.5623562932014465,0.18124587833881378
switzerland,hungary,v5_attention_equal_budget,v5,0,5067,15.0,0.5425646901130676,0.4902437062607319,0.5153096914291382,0.5355221629142761,0.1714882105588913
switzerland,hungary,v5_attention_equal_budget,v5,0,5067,20.0,0.5307836532592773,0.4973067246683244,0.5068073868751526,0.5212363600730896,0.16761751472949982
switzerland,hungary,v5_attention_equal_budget,v5,0,5067,25.0,0.5116928815841675,0.5076925104534027,0.48847150802612305,0.5027448534965515,0.1608467847108841
switzerland,hungary,v5_attention_equal_budget,v5,0,5067,30.0,0.5038399696350098,0.49315992506764006,0.47969457507133484,0.4965154826641083,0.15734927356243134
switzerland,hungary,v5_attention_equal_budget,v5,0,5067,35.0,0.4892367720603943,0.5089299098742625,0.46647369861602783,0.48150235414505005,0.15248747169971466
switzerland,hungary,v5_attention_equal_budget,v5,0,5067,40.0,0.4786570072174072,0.5264127981230431,0.4574088156223297,0.4701239764690399,0.1489061862230301
switzerland,hungary,v5_attention_equal_budget,v5,0,5067,45.0,0.4695304036140442,0.5402756994134359,0.447917103767395,0.46207770705223083,0.14532995223999023
switzerland,hungary,v5_attention_equal_budget,v5,0,5067,50.0,0.44349154829978943,0.5566785098509662,0.42396512627601624,0.43577414751052856,0.13621895015239716
switzerland,hungary,v5_attention_equal_budget,v5,0,5067,55.0,0.43701171875,0.5671782887963741,0.4162198603153229,0.4311467111110687,0.13328418135643005
switzerland,hungary,v5_attention_equal_budget,v5,0,5068,5.0,0.6005150079727173,0.5341238682497669,0.5767661929130554,0.5850757956504822,0.19594022631645203
switzerland,hungary,v5_attention_equal_budget,v5,0,5068,10.0,0.560847818851471,0.5148147691906819,0.5347625017166138,0.55125492811203,0.17839105427265167
switzerland,hungary,v5_attention_equal_budget,v5,0,5068,15.0,0.5314779281616211,0.5146588127607286,0.5070789456367493,0.5223585963249207,0.16759128868579865
switzerland,hungary,v5_attention_equal_budget,v5,0,5068,20.0,0.5228315591812134,0.5082762552710568,0.4977627396583557,0.5151585936546326,0.16370905935764313
switzerland,hungary,v5_attention_equal_budget,v5,0,5068,25.0,0.5101892352104187,0.5064688883369405,0.48640578985214233,0.5020170211791992,0.15977831184864044
switzerland,hungary,v5_attention_equal_budget,v5,0,5068,30.0,0.4874666631221771,0.5155829055344079,0.465655118227005,0.4789040684700012,0.1518704742193222
switzerland,hungary,v5_attention_equal_budget,v5,0,5068,35.0,0.4747028946876526,0.5247488248737027,0.4535194933414459,0.4664734899997711,0.14706410467624664
switzerland,hungary,v5_attention_equal_budget,v5,0,5068,40.0,0.4550916254520416,0.5361960871274913,0.4351571202278137,0.447054386138916,0.13985882699489594
switzerland,hungary,v5_attention_equal_budget,v5,0,5068,45.0,0.4466983675956726,0.5493477195158176,0.42221322655677795,0.4439273774623871,0.13628077507019043
switzerland,hungary,v5_attention_equal_budget,v5,0,5068,50.0,0.4357132911682129,0.5568962358762376,0.41497012972831726,0.4298434257507324,0.13306501507759094
switzerland,hungary,v5_attention_equal_budget,v5,0,5068,55.0,0.4207926392555237,0.5813549755038423,0.39835837483406067,0.4178464114665985,0.1269025057554245
switzerland,hungary,v5_attention_equal_budget,v5,0,5068,60.0,0.40139463543891907,0.5873699465569995,0.38141489028930664,0.3972790837287903,0.12047646194696426
switzerland,hungary,v5_attention_equal_budget,v5,0,5068,65.0,0.3968096673488617,0.5956126694542951,0.37434718012809753,0.39554712176322937,0.11862526834011078
switzerland,hungary,v5_attention_equal_budget,v5,0,5069,5.0,0.6133189797401428,0.5375263736622706,0.5893617272377014,0.5970367789268494,0.2011970728635788
switzerland,hungary,v5_attention_equal_budget,v5,0,5069,10.0,0.5708135962486267,0.4979326033714432,0.5429103970527649,0.5623111128807068,0.18202851712703705
switzerland,hungary,v5_attention_equal_budget,v5,0,5069,15.0,0.5499235987663269,0.4999270385374753,0.5240458250045776,0.540855348110199,0.17473067343235016
switzerland,hungary,v5_attention_equal_budget,v5,0,5069,20.0,0.5264313817024231,0.5030823389734581,0.5023223757743835,0.5173429846763611,0.16598708927631378
switzerland,hungary,v5_attention_equal_budget,v5,0,5069,25.0,0.5120669603347778,0.5072147156005207,0.4879488945007324,0.5042313933372498,0.15976816415786743
switzerland,hungary,v5_attention_equal_budget,v5,0,5069,30.0,0.49328503012657166,0.5140329531534933,0.4703887403011322,0.485449880361557,0.15365707874298096
switzerland,hungary,v5_attention_equal_budget,v5,0,5069,35.0,0.47286754846572876,0.5234199033844722,0.4511343240737915,0.4654293954372406,0.14585688710212708
switzerland,hungary,v5_attention_equal_budget,v5,0,5069,40.0,0.4659852385520935,0.5434216271966106,0.44472312927246094,0.45845937728881836,0.14393970370292664
switzerland,hungary,v5_attention_equal_budget,v5,0,5069,45.0,0.4439616799354553,0.5592866530352179,0.42261046171188354,0.43811941146850586,0.13596732914447784
switzerland,hungary,v5_attention_equal_budget,v5,0,5069,50.0,0.4428974688053131,0.5614046606212665,0.4210226535797119,0.43764057755470276,0.13565877079963684
switzerland,hungary,v5_attention_equal_budget,v5,0,5070,5.0,0.6221844553947449,0.5472304535747238,0.5990910530090332,0.604263961315155,0.20506906509399414
switzerland,hungary,v5_attention_equal_budget,v5,0,5070,10.0,0.5634487867355347,0.48800456625551225,0.5397559404373169,0.5509573817253113,0.18092142045497894
switzerland,hungary,v5_attention_equal_budget,v5,0,5070,15.0,0.5472502708435059,0.47817035051442847,0.5220270156860352,0.5377400517463684,0.17366766929626465
switzerland,hungary,v5_attention_equal_budget,v5,0,5070,20.0,0.5225732922554016,0.4810139782392489,0.4984893202781677,0.5137873888015747,0.16434942185878754
switzerland,hungary,v5_attention_equal_budget,v5,0,5070,25.0,0.5119068026542664,0.4843736769408657,0.48844364285469055,0.5033223032951355,0.16023796796798706
switzerland,hungary,v5_attention_equal_budget,v5,0,5070,30.0,0.49688950181007385,0.5009395969597146,0.4722851812839508,0.49069157242774963,0.15401135385036469
switzerland,hungary,v5_attention_equal_budget,v5,0,5070,35.0,0.4864022135734558,0.4974220036372892,0.4657782018184662,0.4766707420349121,0.15177731215953827
switzerland,hungary,v5_attention_equal_budget,v5,0,5070,40.0,0.4782143831253052,0.5095564108620163,0.4577992260456085,0.4689362645149231,0.14846614003181458
switzerland,hungary,v5_attention_equal_budget,v5,0,5070,45.0,0.46682846546173096,0.5310831740613913,0.4464365243911743,0.45820626616477966,0.14507067203521729
switzerland,hungary,v5_attention_equal_budget,v5,0,5070,50.0,0.44353756308555603,0.5376821626648622,0.4248220920562744,0.43476876616477966,0.13742117583751678
switzerland,hungary,v5_attention_equal_budget,v5,0,5070,55.0,0.442617803812027,0.5424901681570145,0.423269659280777,0.4346500337123871,0.13657943904399872
switzerland,hungary,v5_attention_equal_budget,v5,0,5071,5.0,0.5956255793571472,0.5051779451709152,0.5714126229286194,0.5809796452522278,0.19429469108581543
switzerland,hungary,v5_attention_equal_budget,v5,0,5071,10.0,0.5671604871749878,0.48605492640535874,0.5422014594078064,0.5557563900947571,0.18181557953357697
switzerland,hungary,v5_attention_equal_budget,v5,0,5071,15.0,0.5452961921691895,0.49200882755308273,0.520142138004303,0.5358400344848633,0.17305155098438263
switzerland,hungary,v5_attention_equal_budget,v5,0,5071,20.0,0.5189744830131531,0.5004281824740926,0.4939400255680084,0.5113922953605652,0.16308334469795227
switzerland,hungary,v5_attention_equal_budget,v5,0,5071,25.0,0.5063138008117676,0.541078301997633,0.4816581904888153,0.49919748306274414,0.1588592827320099
switzerland,hungary,v5_attention_equal_budget,v5,0,5071,30.0,0.4791678488254547,0.5324451925953998,0.45646345615386963,0.47207459807395935,0.14898817241191864
switzerland,hungary,v5_attention_equal_budget,v5,0,5071,35.0,0.4632847309112549,0.5565189718109699,0.44192105531692505,0.4558269679546356,0.14410734176635742
switzerland,hungary,v5_attention_equal_budget,v5,0,5071,40.0,0.44703441858291626,0.5727352158603586,0.4255821406841278,0.44084271788597107,0.13822002708911896
switzerland,hungary,v5_attention_equal_budget,v5,0,5071,45.0,0.4457820653915405,0.5535503423170427,0.42374473810195923,0.44024917483329773,0.1378512978553772
switzerland,hungary,v5_attention_equal_budget,v5,0,5071,50.0,0.4315588176250458,0.5674955407754699,0.40958377718925476,0.4271368980407715,0.1319846659898758
switzerland,va_long_beach,v5_attention_equal_budget,v5,0,5062,5.0,0.5379647612571716,0.7369692638285552,0.5187615156173706,0.5230736136436462,0.17047245800495148
switzerland,va_long_beach,v5_attention_equal_budget,v5,0,5062,10.0,0.45141321420669556,0.7865930193923474,0.434689998626709,0.4405476748943329,0.13794371485710144
switzerland,va_long_beach,v5_attention_equal_budget,v5,0,5062,15.0,0.43010300397872925,0.7495443041433338,0.41505828499794006,0.4188528060913086,0.13147485256195068
switzerland,va_long_beach,v5_attention_equal_budget,v5,0,5062,20.0,0.41552525758743286,0.7571738226205205,0.4015808403491974,0.4041624963283539,0.12653586268424988
switzerland,va_long_beach,v5_attention_equal_budget,v5,0,5062,25.0,0.4066954255104065,0.7956113415846318,0.39183810353279114,0.39692994952201843,0.12311384826898575
switzerland,va_long_beach,v5_attention_equal_budget,v5,0,5062,30.0,0.400675892829895,0.7699689819289532,0.38622140884399414,0.39083948731422424,0.12145466357469559
switzerland,va_long_beach,v5_attention_equal_budget,v5,0,5062,35.0,0.39640262722969055,0.7735034082621517,0.3820473849773407,0.3866763114929199,0.12040763348340988
switzerland,va_long_beach,v5_attention_equal_budget,v5,0,5062,40.0,0.39308542013168335,0.7763128574715972,0.3784995675086975,0.3837354779243469,0.11967884004116058
switzerland,va_long_beach,v5_attention_equal_budget,v5,0,5062,45.0,0.3834662139415741,0.7689712096805479,0.3682601749897003,0.3755079209804535,0.11582165211439133
switzerland,va_long_beach,v5_attention_equal_budget,v5,0,5063,5.0,0.5889850854873657,0.6820868194774627,0.5685110688209534,0.5713801383972168,0.1903953105211258
switzerland,va_long_beach,v5_attention_equal_budget,v5,0,5063,10.0,0.48042723536491394,0.8059137560623021,0.4628644585609436,0.4681777060031891,0.14906133711338043
switzerland,va_long_beach,v5_attention_equal_budget,v5,0,5063,15.0,0.4504321217536926,0.8265784470601709,0.434524804353714,0.4386518597602844,0.13843774795532227
switzerland,va_long_beach,v5_attention_equal_budget,v5,0,5063,20.0,0.43814700841903687,0.7618647967252906,0.4214237630367279,0.42806577682495117,0.13402223587036133
switzerland,va_long_beach,v5_attention_equal_budget,v5,0,5063,25.0,0.4115857183933258,0.7937682100965353,0.3972146511077881,0.40102720260620117,0.1246478334069252
switzerland,va_long_beach,v5_attention_equal_budget,v5,0,5063,30.0,0.40045392513275146,0.8157336869957483,0.3856555223464966,0.3911835849285126,0.12034360319375992
switzerland,va_long_beach,v5_attention_equal_budget,v5,0,5063,35.0,0.3943674862384796,0.7988880756261076,0.3798384964466095,0.38525840640068054,0.1181904748082161
switzerland,va_long_beach,v5_attention_equal_budget,v5,0,5063,40.0,0.3977641761302948,0.8048903705114272,0.3817807137966156,0.38987094163894653,0.11938360333442688
switzerland,va_long_beach,v5_attention_equal_budget,v5,0,5063,45.0,0.3706361949443817,0.809815040001199,0.3576502799987793,0.36147814989089966,0.11071980744600296
switzerland,va_long_beach,v5_attention_equal_budget,v5,0,5064,5.0,0.4961836338043213,0.74032815534307,0.4789564311504364,0.4824189245700836,0.15495941042900085
switzerland,va_long_beach,v5_attention_equal_budget,v5,0,5064,10.0,0.43519848585128784,0.8129324516788379,0.4198594391345978,0.42378368973731995,0.13376933336257935
switzerland,va_long_beach,v5_attention_equal_budget,v5,0,5064,15.0,0.42878472805023193,0.7561505486244577,0.4124711751937866,0.4189213812351227,0.13088449835777283
switzerland,va_long_beach,v5_attention_equal_budget,v5,0,5064,20.0,0.4149000346660614,0.7678541878364594,0.3986959457397461,0.4058260917663574,0.12639018893241882
switzerland,va_long_beach,v5_attention_equal_budget,v5,0,5064,25.0,0.39349839091300964,0.7597400831239849,0.3794443905353546,0.3835398852825165,0.12006255239248276
switzerland,va_long_beach,v5_attention_equal_budget,v5,0,5064,30.0,0.38916417956352234,0.7658764380418492,0.37526729702949524,0.37944862246513367,0.11806222051382065
switzerland,va_long_beach,v5_attention_equal_budget,v5,0,5064,35.0,0.37740275263786316,0.7808802193111615,0.3640584945678711,0.3680272102355957,0.1135990098118782
switzerland,va_long_beach,v5_attention_equal_budget,v5,0,5064,40.0,0.37497350573539734,0.7597989359706381,0.3607676327228546,0.36657628417015076,0.11301548033952713
switzerland,va_long_beach,v5_attention_equal_budget,v5,0,5064,45.0,0.35814782977104187,0.7753054183544323,0.3445108234882355,0.3502236306667328,0.10780616849660873
switzerland,va_long_beach,v5_attention_equal_budget,v5,0,5065,5.0,0.5012413263320923,0.7816720432819573,0.48374515771865845,0.4873645007610321,0.15686488151550293
switzerland,va_long_beach,v5_attention_equal_budget,v5,0,5065,10.0,0.44935503602027893,0.8428229616017182,0.4338275194168091,0.43691739439964294,0.1398255079984665
switzerland,va_long_beach,v5_attention_equal_budget,v5,0,5065,15.0,0.42919281125068665,0.8268824172936453,0.41294288635253906,0.4190194308757782,0.13211648166179657
switzerland,va_long_beach,v5_attention_equal_budget,v5,0,5065,20.0,0.417244553565979,0.83591867931863,0.40298688411712646,0.40596649050712585,0.12767866253852844
switzerland,va_long_beach,v5_attention_equal_budget,v5,0,5065,25.0,0.410342276096344,0.8233771862165906,0.39553871750831604,0.3999844491481781,0.12580694258213043
switzerland,va_long_beach,v5_attention_equal_budget,v5,0,5065,30.0,0.39444199204444885,0.7999860841152142,0.3806922733783722,0.38431674242019653,0.11937461793422699
switzerland,va_long_beach,v5_attention_equal_budget,v5,0,5065,35.0,0.3936620354652405,0.8268138112080587,0.37902745604515076,0.384345144033432,0.11975737661123276
switzerland,va_long_beach,v5_attention_equal_budget,v5,0,5065,40.0,0.3842180371284485,0.8297042314180687,0.37039628624916077,0.37450170516967773,0.11769066751003265
switzerland,va_long_beach,v5_attention_equal_budget,v5,0,5065,45.0,0.37915781140327454,0.8180122494277793,0.36526980996131897,0.36992380023002625,0.11560998857021332
switzerland,va_long_beach,v5_attention_equal_budget,v5,0,5066,5.0,0.5020643472671509,0.6992062795990474,0.4844001233577728,0.48842963576316833,0.1564948558807373
switzerland,va_long_beach,v5_attention_equal_budget,v5,0,5066,10.0,0.4438469409942627,0.8218310155601942,0.428930401802063,0.4313768446445465,0.13693338632583618
switzerland,va_long_beach,v5_attention_equal_budget,v5,0,5066,15.0,0.42596396803855896,0.7490440465473835,0.4112909734249115,0.41454821825027466,0.1304437518119812
switzerland,va_long_beach,v5_attention_equal_budget,v5,0,5066,20.0,0.41220730543136597,0.7330898461760992,0.39796897768974304,0.4014260470867157,0.12509778141975403
switzerland,va_long_beach,v5_attention_equal_budget,v5,0,5066,25.0,0.40397149324417114,0.8033679677861087,0.3890184462070465,0.39443808794021606,0.1224321499466896
switzerland,va_long_beach,v5_attention_equal_budget,v5,0,5066,30.0,0.39363420009613037,0.8083478955359502,0.3792952597141266,0.384213924407959,0.11879634857177734
switzerland,va_long_beach,v5_attention_equal_budget,v5,0,5066,35.0,0.3870390057563782,0.7946026038181068,0.37309208512306213,0.3776377737522125,0.11674080789089203
switzerland,va_long_beach,v5_attention_equal_budget,v5,0,5066,40.0,0.3825373351573944,0.8024224119699268,0.36826208233833313,0.3736821115016937,0.1156524270772934
switzerland,va_long_beach,v5_attention_equal_budget,v5,0,5066,45.0,0.3741914629936218,0.7995039011916892,0.3598743975162506,0.365943044424057,0.11282745003700256
switzerland,va_long_beach,v5_attention_equal_budget,v5,0,5067,5.0,0.4932335913181305,0.735677633839446,0.4762677252292633,0.47968608140945435,0.15256661176681519
switzerland,va_long_beach,v5_attention_equal_budget,v5,0,5067,10.0,0.4388674795627594,0.8232730914690991,0.4231550693511963,0.42786988615989685,0.13354985415935516
switzerland,va_long_beach,v5_attention_equal_budget,v5,0,5067,15.0,0.4160361886024475,0.7650880144296095,0.40107595920562744,0.405794620513916,0.12600906193256378
switzerland,va_long_beach,v5_attention_equal_budget,v5,0,5067,20.0,0.41366294026374817,0.7613608585173057,0.3991844952106476,0.40300342440605164,0.12568968534469604
switzerland,va_long_beach,v5_attention_equal_budget,v5,0,5067,25.0,0.4135917127132416,0.7940055455032895,0.3974478542804718,0.40451154112815857,0.12612010538578033
switzerland,va_long_beach,v5_attention_equal_budget,v5,0,5067,30.0,0.3932240605354309,0.7790818483507019,0.37965017557144165,0.38294610381126404,0.11925926804542542
switzerland,va_long_beach,v5_attention_equal_budget,v5,0,5067,35.0,0.39232394099235535,0.7862763512250172,0.3781491219997406,0.38270407915115356,0.11897347122430801
switzerland,va_long_beach,v5_attention_equal_budget,v5,0,5067,40.0,0.3838868737220764,0.7829432231509021,0.3701690435409546,0.37437954545021057,0.11612609028816223
switzerland,va_long_beach,v5_attention_equal_budget,v5,0,5067,45.0,0.37631458044052124,0.7684420836424688,0.3619373142719269,0.36797934770584106,0.11356233060359955
switzerland,va_long_beach,v5_attention_equal_budget,v5,0,5068,5.0,0.5343165993690491,0.6794846020451182,0.5150042176246643,0.5199509859085083,0.16838963329792023
switzerland,va_long_beach,v5_attention_equal_budget,v5,0,5068,10.0,0.45608794689178467,0.8607163326118088,0.43958649039268494,0.4444802403450012,0.1405460089445114
switzerland,va_long_beach,v5_attention_equal_budget,v5,0,5068,15.0,0.4334021508693695,0.8108423242069331,0.41789141297340393,0.42239999771118164,0.1325647383928299
switzerland,va_long_beach,v5_attention_equal_budget,v5,0,5068,20.0,0.41316574811935425,0.7676365751507732,0.3987918496131897,0.4024382531642914,0.12550708651542664
switzerland,va_long_beach,v5_attention_equal_budget,v5,0,5068,25.0,0.40998783707618713,0.7684685245533751,0.39568886160850525,0.399184912443161,0.125509575009346
switzerland,va_long_beach,v5_attention_equal_budget,v5,0,5068,30.0,0.4066808521747589,0.7502411118724042,0.3913359045982361,0.39730405807495117,0.12360873818397522
switzerland,va_long_beach,v5_attention_equal_budget,v5,0,5068,35.0,0.39550039172172546,0.7580188397728419,0.38083043694496155,0.38629159331321716,0.11939366906881332
switzerland,va_long_beach,v5_attention_equal_budget,v5,0,5068,40.0,0.38267016410827637,0.7610586407972486,0.3688007891178131,0.3733242154121399,0.11607644706964493
switzerland,va_long_beach,v5_attention_equal_budget,v5,0,5068,45.0,0.37434878945350647,0.7660131398386294,0.3603515326976776,0.36581143736839294,0.11267304420471191
switzerland,va_long_beach,v5_attention_equal_budget,v5,0,5069,5.0,0.4820207357406616,0.7628882890584646,0.4648700952529907,0.46936511993408203,0.1490311622619629
switzerland,va_long_beach,v5_attention_equal_budget,v5,0,5069,10.0,0.44188979268074036,0.7989121932332098,0.4248969852924347,0.43181657791137695,0.13533027470111847
switzerland,va_long_beach,v5_attention_equal_budget,v5,0,5069,15.0,0.41749727725982666,0.740903799537231,0.402155339717865,0.4074442982673645,0.12697458267211914
switzerland,va_long_beach,v5_attention_equal_budget,v5,0,5069,20.0,0.41212135553359985,0.761465678228642,0.39709964394569397,0.40197116136550903,0.12585923075675964
switzerland,va_long_beach,v5_attention_equal_budget,v5,0,5069,25.0,0.3986211121082306,0.7569512635904427,0.3839879035949707,0.38901910185813904,0.12117600440979004
switzerland,va_long_beach,v5_attention_equal_budget,v5,0,5069,30.0,0.3893336057662964,0.7508476547512941,0.37539762258529663,0.3796176016330719,0.11825992166996002
switzerland,va_long_beach,v5_attention_equal_budget,v5,0,5069,35.0,0.38747090101242065,0.773014848524213,0.3723129630088806,0.379178524017334,0.1172514483332634
switzerland,va_long_beach,v5_attention_equal_budget,v5,0,5069,40.0,0.38251549005508423,0.7483919257469152,0.36644643545150757,0.3755236566066742,0.11530465632677078
switzerland,va_long_beach,v5_attention_equal_budget,v5,0,5069,45.0,0.36735212802886963,0.7477558633748318,0.35305431485176086,0.3595004975795746,0.11074713617563248
switzerland,va_long_beach,v5_attention_equal_budget,v5,0,5069,50.0,0.36079713702201843,0.7792876690191746,0.3455459773540497,0.35443708300590515,0.10805610567331314
switzerland,va_long_beach,v5_attention_equal_budget,v5,0,5069,55.0,0.3579687476158142,0.7972974851253654,0.34247076511383057,0.3521195352077484,0.1067357212305069
switzerland,va_long_beach,v5_attention_equal_budget,v5,0,5070,5.0,0.46246734261512756,0.8182421204975188,0.44691458344459534,0.4493980407714844,0.14311042428016663
switzerland,va_long_beach,v5_attention_equal_budget,v5,0,5070,10.0,0.4404236078262329,0.8202607348576368,0.4246014952659607,0.4291416108608246,0.13552068173885345
switzerland,va_long_beach,v5_attention_equal_budget,v5,0,5070,15.0,0.408538818359375,0.756302947070076,0.3949100077152252,0.3973657786846161,0.12400928884744644
switzerland,va_long_beach,v5_attention_equal_budget,v5,0,5070,20.0,0.40653717517852783,0.7867323741114022,0.3916150629520416,0.3967297673225403,0.12364755570888519
switzerland,va_long_beach,v5_attention_equal_budget,v5,0,5070,25.0,0.40127646923065186,0.8011673763681183,0.38721194863319397,0.390936940908432,0.12202025949954987
switzerland,va_long_beach,v5_attention_equal_budget,v5,0,5070,30.0,0.4001803696155548,0.788987503556773,0.38456887006759644,0.3914022445678711,0.12194803357124329
switzerland,va_long_beach,v5_attention_equal_budget,v5,0,5070,35.0,0.38929933309555054,0.7997672750122191,0.3757810592651367,0.3791181743144989,0.11849705129861832
switzerland,va_long_beach,v5_attention_equal_budget,v5,0,5070,40.0,0.3826390504837036,0.8144042597658386,0.36874544620513916,0.3732376992702484,0.11647454649209976
switzerland,va_long_beach,v5_attention_equal_budget,v5,0,5070,45.0,0.37812381982803345,0.8145994935217902,0.3629046082496643,0.37043580412864685,0.11453641951084137
switzerland,va_long_beach,v5_attention_equal_budget,v5,0,5070,50.0,0.36617642641067505,0.8401979132156716,0.3525529205799103,0.3577015995979309,0.1104915514588356
switzerland,va_long_beach,v5_attention_equal_budget,v5,0,5070,55.0,0.3598233163356781,0.8380059378285534,0.3455008268356323,0.35242167115211487,0.1086207777261734
switzerland,va_long_beach,v5_attention_equal_budget,v5,0,5071,5.0,0.4984324276447296,0.7299989145836446,0.4817256033420563,0.4839301109313965,0.15604598820209503
switzerland,va_long_beach,v5_attention_equal_budget,v5,0,5071,10.0,0.4455951452255249,0.8009439926770409,0.42996230721473694,0.43377944827079773,0.13724267482757568
switzerland,va_long_beach,v5_attention_equal_budget,v5,0,5071,15.0,0.42303138971328735,0.766980313253307,0.40815868973731995,0.41208192706108093,0.12911094725131989
switzerland,va_long_beach,v5_attention_equal_budget,v5,0,5071,20.0,0.4184337556362152,0.7310609230406511,0.4024844169616699,0.40885764360427856,0.12762713432312012
switzerland,va_long_beach,v5_attention_equal_budget,v5,0,5071,25.0,0.3937995135784149,0.7379666930727824,0.37936869263648987,0.38436442613601685,0.11932937055826187
switzerland,va_long_beach,v5_attention_equal_budget,v5,0,5071,30.0,0.39463576674461365,0.738158761946368,0.3797599673271179,0.3855823576450348,0.11964588612318039
switzerland,va_long_beach,v5_attention_equal_budget,v5,0,5071,35.0,0.38643163442611694,0.7613078823624515,0.37121784687042236,0.3781178593635559,0.11763768643140793
switzerland,va_long_beach,v5_attention_equal_budget,v5,0,5071,40.0,0.3733018934726715,0.7652288547386128,0.3587069511413574,0.3652507960796356,0.11323007196187973
switzerland,va_long_beach,v5_attention_equal_budget,v5,0,5071,45.0,0.3650558590888977,0.7563642996269953,0.35075774788856506,0.3572860658168793,0.11033955961465836
switzerland,cleveland,v5_deepsets_equal_budget,v5,0,5062,5.0,0.664369523525238,0.6432417747465576,0.641211211681366,0.6426674723625183,0.22430171072483063
switzerland,cleveland,v5_deepsets_equal_budget,v5,0,5062,10.0,0.5950678586959839,0.5923694151117335,0.5717937350273132,0.5799002647399902,0.19220836460590363
switzerland,cleveland,v5_deepsets_equal_budget,v5,0,5062,15.0,0.5696232914924622,0.576297416031401,0.5424529314041138,0.5604734420776367,0.18160097301006317
switzerland,cleveland,v5_deepsets_equal_budget,v5,0,5062,20.0,0.5666177272796631,0.5890272527305085,0.536861002445221,0.5602906346321106,0.18041931092739105
switzerland,cleveland,v5_deepsets_equal_budget,v5,0,5062,25.0,0.5532435178756714,0.6003522119992201,0.5242931842803955,0.5471480488777161,0.17522914707660675
switzerland,cleveland,v5_deepsets_equal_budget,v5,0,5062,30.0,0.5397531390190125,0.5997389972890227,0.5124621987342834,0.5329391360282898,0.17052443325519562
switzerland,cleveland,v5_deepsets_equal_budget,v5,0,5062,35.0,0.5320882797241211,0.5911983867795321,0.5031731128692627,0.5276757478713989,0.1666382998228073
switzerland,cleveland,v5_deepsets_equal_budget,v5,0,5062,40.0,0.5186927914619446,0.5898789554820707,0.49385330080986023,0.5110196471214294,0.16256359219551086
switzerland,cleveland,v5_deepsets_equal_budget,v5,0,5062,45.0,0.5202204585075378,0.5792059701078602,0.4927552044391632,0.5151497721672058,0.1626794934272766
switzerland,cleveland,v5_deepsets_equal_budget,v5,0,5062,50.0,0.5114324688911438,0.5709155035607768,0.48542681336402893,0.505495011806488,0.15971536934375763
switzerland,cleveland,v5_deepsets_equal_budget,v5,0,5062,55.0,0.5119927525520325,0.5609386265201219,0.48673731088638306,0.5052574276924133,0.15995368361473083
switzerland,cleveland,v5_deepsets_equal_budget,v5,0,5062,60.0,0.5027481317520142,0.5658358297468462,0.47723087668418884,0.49695253372192383,0.1565641164779663
switzerland,cleveland,v5_deepsets_equal_budget,v5,0,5062,65.0,0.4970143437385559,0.5771663115304564,0.4714513421058655,0.4917941093444824,0.15391629934310913
switzerland,cleveland,v5_deepsets_equal_budget,v5,0,5062,70.0,0.49719518423080444,0.5879262807473646,0.4719715118408203,0.49145767092704773,0.15480588376522064
switzerland,cleveland,v5_deepsets_equal_budget,v5,0,5062,75.0,0.5050308108329773,0.5783741364212083,0.4788461923599243,0.49980002641677856,0.15707726776599884
switzerland,cleveland,v5_deepsets_equal_budget,v5,0,5062,80.0,0.4874427616596222,0.562561728708404,0.464362770318985,0.48027047514915466,0.15126141905784607
switzerland,cleveland,v5_deepsets_equal_budget,v5,0,5062,85.0,0.48635369539260864,0.5626828654419471,0.4625856578350067,0.47993144392967224,0.15095147490501404
switzerland,cleveland,v5_deepsets_equal_budget,v5,0,5062,90.0,0.4830239415168762,0.5592344808916829,0.4607481062412262,0.47523584961891174,0.1503196656703949
switzerland,cleveland,v5_deepsets_equal_budget,v5,0,5062,95.0,0.4760943055152893,0.5650153384409153,0.45274946093559265,0.47006216645240784,0.14688487350940704
switzerland,cleveland,v5_deepsets_equal_budget,v5,0,5062,100.0,0.4710938632488251,0.5727721579202203,0.44913822412490845,0.4639342427253723,0.1455763727426529
switzerland,cleveland,v5_deepsets_equal_budget,v5,0,5062,105.0,0.47385579347610474,0.5630683617042462,0.4525670111179352,0.46586522459983826,0.1463966965675354
switzerland,cleveland,v5_deepsets_equal_budget,v5,0,5062,110.0,0.47847265005111694,0.5594870093177635,0.45408642292022705,0.4732029139995575,0.1482798010110855
switzerland,cleveland,v5_deepsets_equal_budget,v5,0,5062,115.0,0.46352052688598633,0.5525964121505966,0.4426139295101166,0.45589151978492737,0.1426781713962555
switzerland,cleveland,v5_deepsets_equal_budget,v5,0,5062,120.0,0.46406078338623047,0.5699994097212395,0.4410283863544464,0.4585455060005188,0.14273832738399506
switzerland,cleveland,v5_deepsets_equal_budget,v5,0,5063,5.0,0.648546040058136,0.6124097314682372,0.6252897381782532,0.6284704208374023,0.2166597843170166
switzerland,cleveland,v5_deepsets_equal_budget,v5,0,5063,10.0,0.5929494500160217,0.5694436141455453,0.5679483413696289,0.5797402262687683,0.19105158746242523
switzerland,cleveland,v5_deepsets_equal_budget,v5,0,5063,15.0,0.5623628497123718,0.5476442249335088,0.5340679883956909,0.5550259947776794,0.1781589835882187
switzerland,cleveland,v5_deepsets_equal_budget,v5,0,5063,20.0,0.5529568195343018,0.5550836149128815,0.5237946510314941,0.5471341013908386,0.17492404580116272
switzerland,cleveland,v5_deepsets_equal_budget,v5,0,5063,25.0,0.5469992160797119,0.5738134357937201,0.5186470150947571,0.5407083630561829,0.17321498692035675
switzerland,cleveland,v5_deepsets_equal_budget,v5,0,5063,30.0,0.5351064205169678,0.603230724638937,0.5073755979537964,0.529093861579895,0.16871711611747742
switzerland,cleveland,v5_deepsets_equal_budget,v5,0,5063,35.0,0.5256231427192688,0.6273672532528956,0.4991234838962555,0.5190216898918152,0.16550540924072266
switzerland,cleveland,v5_deepsets_equal_budget,v5,0,5063,40.0,0.5231489539146423,0.6122717634932066,0.49668174982070923,0.5167344212532043,0.1644088178873062
switzerland,cleveland,v5_deepsets_equal_budget,v5,0,5063,45.0,0.5208707451820374,0.5914875322773483,0.49437564611434937,0.5146805644035339,0.16342636942863464
switzerland,cleveland,v5_deepsets_equal_budget,v5,0,5063,50.0,0.5205483436584473,0.586854467706092,0.4958034157752991,0.5125666856765747,0.16363273561000824
switzerland,cleveland,v5_deepsets_equal_budget,v5,0,5063,55.0,0.5031892657279968,0.5887430832937508,0.47889313101768494,0.49607497453689575,0.157052144408226
switzerland,cleveland,v5_deepsets_equal_budget,v5,0,5064,5.0,0.6433824300765991,0.6262088319193205,0.6202337741851807,0.6236826181411743,0.2142421454191208
switzerland,cleveland,v5_deepsets_equal_budget,v5,0,5064,10.0,0.5788752436637878,0.5981583507057304,0.5539277195930481,0.5666923522949219,0.1856522560119629
switzerland,cleveland,v5_deepsets_equal_budget,v5,0,5064,15.0,0.5636961460113525,0.5978664749367681,0.5348395109176636,0.5566890835762024,0.17931845784187317
switzerland,cleveland,v5_deepsets_equal_budget,v5,0,5064,20.0,0.5509783625602722,0.6103177419974013,0.5215089917182922,0.5455544590950012,0.17446619272232056
switzerland,cleveland,v5_deepsets_equal_budget,v5,0,5064,25.0,0.5377582907676697,0.615969169712347,0.5099413394927979,0.531629204750061,0.16973038017749786
switzerland,cleveland,v5_deepsets_equal_budget,v5,0,5064,30.0,0.5319322347640991,0.6051422076450458,0.5036990642547607,0.5266990065574646,0.16733188927173615
switzerland,cleveland,v5_deepsets_equal_budget,v5,0,5064,35.0,0.530494749546051,0.5924907881659058,0.502354085445404,0.525371253490448,0.1663210093975067
switzerland,cleveland,v5_deepsets_equal_budget,v5,0,5064,40.0,0.5179189443588257,0.5806741462066753,0.49234384298324585,0.5109403729438782,0.16276855766773224
switzerland,cleveland,v5_deepsets_equal_budget,v5,0,5064,45.0,0.5162031054496765,0.5583136217819522,0.49057304859161377,0.50953608751297,0.16148528456687927
switzerland,cleveland,v5_deepsets_equal_budget,v5,0,5064,50.0,0.5191380381584167,0.5418350185825717,0.49080637097358704,0.5152145624160767,0.16127584874629974
switzerland,cleveland,v5_deepsets_equal_budget,v5,0,5064,55.0,0.507086992263794,0.5395257475746922,0.48198074102401733,0.5005777478218079,0.15807770192623138
switzerland,cleveland,v5_deepsets_equal_budget,v5,0,5064,60.0,0.5034316182136536,0.5523232177103503,0.47795984148979187,0.4975440204143524,0.15679709613323212
switzerland,cleveland,v5_deepsets_equal_budget,v5,0,5064,65.0,0.5104154348373413,0.5497295638412825,0.48244476318359375,0.5066319704055786,0.1587706208229065
switzerland,cleveland,v5_deepsets_equal_budget,v5,0,5064,70.0,0.4991036057472229,0.5401145114406933,0.47517913579940796,0.49189120531082153,0.1556844860315323
switzerland,cleveland,v5_deepsets_equal_budget,v5,0,5064,75.0,0.4958263039588928,0.545602990959505,0.47163572907447815,0.48908233642578125,0.15467281639575958
switzerland,cleveland,v5_deepsets_equal_budget,v5,0,5064,80.0,0.4922159016132355,0.5389422829242047,0.46916961669921875,0.48453694581985474,0.15362612903118134
switzerland,cleveland,v5_deepsets_equal_budget,v5,0,5064,85.0,0.48925989866256714,0.5360046136679661,0.46660906076431274,0.48157015442848206,0.15170270204544067
switzerland,cleveland,v5_deepsets_equal_budget,v5,0,5064,90.0,0.48646804690361023,0.5230862350658808,0.4628196358680725,0.4799743592739105,0.15071073174476624
switzerland,cleveland,v5_deepsets_equal_budget,v5,0,5064,95.0,0.47502586245536804,0.5284263241378657,0.4531988501548767,0.46745768189430237,0.14697571098804474
switzerland,cleveland,v5_deepsets_equal_budget,v5,0,5064,100.0,0.476479172706604,0.5340052643726572,0.453188419342041,0.47028884291648865,0.14740535616874695
switzerland,cleveland,v5_deepsets_equal_budget,v5,0,5064,105.0,0.4740125834941864,0.5429096867444074,0.4511722922325134,0.4676814079284668,0.1458573043346405
switzerland,cleveland,v5_deepsets_equal_budget,v5,0,5064,110.0,0.4585237503051758,0.5445240720893854,0.43785229325294495,0.45088815689086914,0.14153538644313812
switzerland,cleveland,v5_deepsets_equal_budget,v5,0,5064,115.0,0.45588645339012146,0.5479471325056158,0.4368387460708618,0.44686785340309143,0.14033156633377075
switzerland,cleveland,v5_deepsets_equal_budget,v5,0,5064,120.0,0.4460757076740265,0.5528546107320206,0.4268261194229126,0.4379280209541321,0.1369863897562027
switzerland,cleveland,v5_deepsets_equal_budget,v5,0,5065,5.0,0.6758998036384583,0.6390581893907146,0.65245121717453,0.6533845067024231,0.2298196703195572
switzerland,cleveland,v5_deepsets_equal_budget,v5,0,5065,10.0,0.6220417022705078,0.5895023781372538,0.5987580418586731,0.6044668555259705,0.2042924463748932
switzerland,cleveland,v5_deepsets_equal_budget,v5,0,5065,15.0,0.5782703757286072,0.5511747991513485,0.5530661344528198,0.5664858818054199,0.18494351208209991
switzerland,cleveland,v5_deepsets_equal_budget,v5,0,5065,20.0,0.552931547164917,0.5426364128402447,0.5271515250205994,0.5436581969261169,0.17526684701442719
switzerland,cleveland,v5_deepsets_equal_budget,v5,0,5065,25.0,0.5491934418678284,0.554542803536805,0.5209389925003052,0.5427981615066528,0.1732484996318817
switzerland,cleveland,v5_deepsets_equal_budget,v5,0,5065,30.0,0.5401353240013123,0.5781592944368952,0.5122412443161011,0.5339568257331848,0.17036253213882446
switzerland,cleveland,v5_deepsets_equal_budget,v5,0,5065,35.0,0.5255971550941467,0.5847610291502282,0.5004856586456299,0.5175678133964539,0.16570399701595306
switzerland,cleveland,v5_deepsets_equal_budget,v5,0,5065,40.0,0.522235631942749,0.5934448879039795,0.49544134736061096,0.5163138508796692,0.16357997059822083
switzerland,cleveland,v5_deepsets_equal_budget,v5,0,5065,45.0,0.5176795721054077,0.5951371756669612,0.4911651015281677,0.5118504762649536,0.16171792149543762
switzerland,cleveland,v5_deepsets_equal_budget,v5,0,5065,50.0,0.5145122408866882,0.5805008097602846,0.4886416494846344,0.5082452893257141,0.1606873720884323
switzerland,cleveland,v5_deepsets_equal_budget,v5,0,5065,55.0,0.509948194026947,0.5732121621387527,0.48361143469810486,0.5045127272605896,0.15886102616786957
switzerland,cleveland,v5_deepsets_equal_budget,v5,0,5065,60.0,0.5102360248565674,0.5723831070817315,0.4846126139163971,0.5039471983909607,0.15956078469753265
switzerland,cleveland,v5_deepsets_equal_budget,v5,0,5066,5.0,0.6761891841888428,0.6340650377953632,0.6523541212081909,0.6540371775627136,0.2299359142780304
switzerland,cleveland,v5_deepsets_equal_budget,v5,0,5066,10.0,0.6148296594619751,0.593866981744879,0.5913929343223572,0.5980521440505981,0.20107123255729675
switzerland,cleveland,v5_deepsets_equal_budget,v5,0,5066,15.0,0.5761986374855042,0.5639845072964667,0.5482972264289856,0.567452073097229,0.18323929607868195
switzerland,cleveland,v5_deepsets_equal_budget,v5,0,5066,20.0,0.5628209114074707,0.5720293094163345,0.534099817276001,0.5557589530944824,0.17891506850719452
switzerland,cleveland,v5_deepsets_equal_budget,v5,0,5066,25.0,0.5533357858657837,0.5837963894002416,0.5229342579841614,0.5488869547843933,0.17425185441970825
switzerland,cleveland,v5_deepsets_equal_budget,v5,0,5066,30.0,0.5473071932792664,0.5969428945965121,0.5188368558883667,0.5411880612373352,0.1729470044374466
switzerland,cleveland,v5_deepsets_equal_budget,v5,0,5066,35.0,0.5327581763267517,0.6173315286146622,0.5067627429962158,0.5251495242118835,0.16802017390727997
switzerland,cleveland,v5_deepsets_equal_budget,v5,0,5066,40.0,0.5273679494857788,0.6047266658926909,0.500188410282135,0.5213356018066406,0.1660599261522293
switzerland,cleveland,v5_deepsets_equal_budget,v5,0,5066,45.0,0.5240510702133179,0.574226154813025,0.4963339865207672,0.5189313292503357,0.16418401896953583
switzerland,cleveland,v5_deepsets_equal_budget,v5,0,5066,50.0,0.51373291015625,0.5732964159105496,0.48959726095199585,0.5055717825889587,0.16148392856121063
switzerland,cleveland,v5_deepsets_equal_budget,v5,0,5066,55.0,0.5139178037643433,0.5803853218933601,0.4878559112548828,0.5079121589660645,0.1603374034166336
switzerland,cleveland,v5_deepsets_equal_budget,v5,0,5067,5.0,0.6571049094200134,0.6342479648561329,0.6341233849525452,0.6359130144119263,0.22086691856384277
switzerland,cleveland,v5_deepsets_equal_budget,v5,0,5067,10.0,0.5994743704795837,0.5864966797656017,0.5750473141670227,0.5850972533226013,0.1940205842256546
switzerland,cleveland,v5_deepsets_equal_budget,v5,0,5067,15.0,0.5668487548828125,0.5590104189497047,0.5396350026130676,0.5579630732536316,0.1804969608783722
switzerland,cleveland,v5_deepsets_equal_budget,v5,0,5067,20.0,0.5509262084960938,0.5537189225777985,0.5211641788482666,0.5459465980529785,0.17370793223381042
switzerland,cleveland,v5_deepsets_equal_budget,v5,0,5067,25.0,0.544736921787262,0.5620932749440408,0.5167864561080933,0.5382132530212402,0.1723705381155014
switzerland,cleveland,v5_deepsets_equal_budget,v5,0,5067,30.0,0.5346813797950745,0.581420251132375,0.5071995854377747,0.5284332633018494,0.16864967346191406
switzerland,cleveland,v5_deepsets_equal_budget,v5,0,5067,35.0,0.5270361304283142,0.6041266359406552,0.5000041723251343,0.5208172798156738,0.16625383496284485
switzerland,cleveland,v5_deepsets_equal_budget,v5,0,5067,40.0,0.517989993095398,0.6033103923263675,0.49124252796173096,0.5122403502464294,0.16248604655265808
switzerland,cleveland,v5_deepsets_equal_budget,v5,0,5067,45.0,0.5165109038352966,0.5754042378650731,0.4916028380393982,0.5088861584663391,0.1626642942428589
switzerland,cleveland,v5_deepsets_equal_budget,v5,0,5067,50.0,0.5096064805984497,0.5715285882893971,0.48441368341445923,0.5029892325401306,0.15904992818832397
switzerland,cleveland,v5_deepsets_equal_budget,v5,0,5067,55.0,0.506793737411499,0.5718452946955148,0.48198074102401733,0.499856561422348,0.15875089168548584
switzerland,cleveland,v5_deepsets_equal_budget,v5,0,5067,60.0,0.5049165487289429,0.5742372568202827,0.47972044348716736,0.4985731244087219,0.15769807994365692
switzerland,cleveland,v5_deepsets_equal_budget,v5,0,5068,5.0,0.6643866896629333,0.6227344253908035,0.6411534547805786,0.6427675485610962,0.22426176071166992
switzerland,cleveland,v5_deepsets_equal_budget,v5,0,5068,10.0,0.598276674747467,0.5661376870165074,0.5736904144287109,0.5842394232749939,0.19311723113059998
switzerland,cleveland,v5_deepsets_equal_budget,v5,0,5068,15.0,0.571347177028656,0.5641716086640874,0.541448175907135,0.5650166869163513,0.1811474710702896
switzerland,cleveland,v5_deepsets_equal_budget,v5,0,5068,20.0,0.55068439245224,0.5761977521945406,0.5198243260383606,0.5469247102737427,0.17309868335723877
switzerland,cleveland,v5_deepsets_equal_budget,v5,0,5068,25.0,0.5468732118606567,0.5877107993277634,0.5178970098495483,0.5413739085197449,0.17237789928913116
switzerland,cleveland,v5_deepsets_equal_budget,v5,0,5068,30.0,0.5348793864250183,0.6250408900734722,0.5072907209396362,0.5287944078445435,0.16836848855018616
switzerland,cleveland,v5_deepsets_equal_budget,v5,0,5068,35.0,0.5245577096939087,0.6468138011058495,0.49797338247299194,0.518088161945343,0.16526930034160614
switzerland,cleveland,v5_deepsets_equal_budget,v5,0,5068,40.0,0.528526246547699,0.630047903439716,0.4994654655456543,0.5244113206863403,0.16587844491004944
switzerland,cleveland,v5_deepsets_equal_budget,v5,0,5068,45.0,0.5222600698471069,0.6090311816895051,0.49548378586769104,0.5162143111228943,0.16411025822162628
switzerland,cleveland,v5_deepsets_equal_budget,v5,0,5068,50.0,0.5109560489654541,0.5890281970408009,0.4852966368198395,0.504736602306366,0.15939387679100037
switzerland,cleveland,v5_deepsets_equal_budget,v5,0,5068,55.0,0.5092207193374634,0.5864747468697027,0.48323196172714233,0.5033900141716003,0.15909706056118011
switzerland,cleveland,v5_deepsets_equal_budget,v5,0,5069,5.0,0.6705247759819031,0.6384024840771043,0.6470824480056763,0.6485347151756287,0.2271619588136673
switzerland,cleveland,v5_deepsets_equal_budget,v5,0,5069,10.0,0.5950137376785278,0.594499823236628,0.5721123814582825,0.5794667601585388,0.19224143028259277
switzerland,cleveland,v5_deepsets_equal_budget,v5,0,5069,15.0,0.5605758428573608,0.5793187814008829,0.5347039103507996,0.5508001446723938,0.17823804914951324
switzerland,cleveland,v5_deepsets_equal_budget,v5,0,5069,20.0,0.5470056533813477,0.5878356139971027,0.51955246925354,0.5398074984550476,0.17325615882873535
switzerland,cleveland,v5_deepsets_equal_budget,v5,0,5069,25.0,0.5409014225006104,0.6328956341747116,0.5148290395736694,0.5327006578445435,0.17136546969413757
switzerland,cleveland,v5_deepsets_equal_budget,v5,0,5069,30.0,0.5314891934394836,0.6473689600669106,0.5057258605957031,0.5237082839012146,0.16772064566612244
switzerland,cleveland,v5_deepsets_equal_budget,v5,0,5069,35.0,0.528416097164154,0.6486427519055429,0.5022851228713989,0.5212773680686951,0.1663486510515213
switzerland,cleveland,v5_deepsets_equal_budget,v5,0,5069,40.0,0.5298052430152893,0.6399926714535134,0.5039624571800232,0.5221788287162781,0.16734600067138672
switzerland,cleveland,v5_deepsets_equal_budget,v5,0,5069,45.0,0.5157144665718079,0.6202329228365449,0.4904073178768158,0.5086624026298523,0.16179633140563965
switzerland,cleveland,v5_deepsets_equal_budget,v5,0,5069,50.0,0.5218926072120667,0.5947164194500725,0.49574893712997437,0.5152056813240051,0.16415320336818695
switzerland,cleveland,v5_deepsets_equal_budget,v5,0,5069,55.0,0.5043842792510986,0.5949004793621437,0.47938844561576843,0.4978843629360199,0.15747888386249542
switzerland,cleveland,v5_deepsets_equal_budget,v5,0,5070,5.0,0.6531622409820557,0.6194222886634365,0.6299440860748291,0.6326138377189636,0.21883222460746765
switzerland,cleveland,v5_deepsets_equal_budget,v5,0,5070,10.0,0.5969558954238892,0.5799865570771991,0.5725754499435425,0.5827579498291016,0.1928919404745102
switzerland,cleveland,v5_deepsets_equal_budget,v5,0,5070,15.0,0.5636754035949707,0.5661834545778404,0.53631991147995,0.5552489161491394,0.17890994250774384
switzerland,cleveland,v5_deepsets_equal_budget,v5,0,5070,20.0,0.5598361492156982,0.5752496519054029,0.5309954881668091,0.5532349944114685,0.17720936238765717
switzerland,cleveland,v5_deepsets_equal_budget,v5,0,5070,25.0,0.5456680059432983,0.5930118731841059,0.5175513029098511,0.5393050312995911,0.17239822447299957
switzerland,cleveland,v5_deepsets_equal_budget,v5,0,5070,30.0,0.5294229388237,0.5951199953876858,0.5031030774116516,0.5224151015281677,0.16663824021816254
switzerland,cleveland,v5_deepsets_equal_budget,v5,0,5070,35.0,0.5311132669448853,0.580843681169144,0.5033827424049377,0.5253459215164185,0.16748879849910736
switzerland,cleveland,v5_deepsets_equal_budget,v5,0,5070,40.0,0.5189224481582642,0.5742820136428809,0.49409782886505127,0.5111292004585266,0.16308900713920593
switzerland,cleveland,v5_deepsets_equal_budget,v5,0,5070,45.0,0.5162340402603149,0.5643951404656099,0.4911990165710449,0.508868396282196,0.16200333833694458
switzerland,cleveland,v5_deepsets_equal_budget,v5,0,5070,50.0,0.5212348699569702,0.5637649421104101,0.4937540292739868,0.5161033868789673,0.16306176781654358
switzerland,cleveland,v5_deepsets_equal_budget,v5,0,5070,55.0,0.5142423510551453,0.5847075656933645,0.4880451560020447,0.5082435011863708,0.1609799563884735
switzerland,cleveland,v5_deepsets_equal_budget,v5,0,5070,60.0,0.5069669485092163,0.5998256854425359,0.4821009039878845,0.5000469088554382,0.15893049538135529
switzerland,cleveland,v5_deepsets_equal_budget,v5,0,5070,65.0,0.49929770827293396,0.598266849896236,0.47513845562934875,0.4923108220100403,0.15573059022426605
switzerland,cleveland,v5_deepsets_equal_budget,v5,0,5070,70.0,0.4920720160007477,0.5863883763516956,0.468731552362442,0.48480769991874695,0.153023824095726
switzerland,cleveland,v5_deepsets_equal_budget,v5,0,5070,75.0,0.4914383888244629,0.5874089637418649,0.46673569083213806,0.485643595457077,0.1524873822927475
switzerland,cleveland,v5_deepsets_equal_budget,v5,0,5070,80.0,0.49459728598594666,0.5884025023743525,0.46945858001708984,0.48914510011672974,0.15295453369617462
switzerland,cleveland,v5_deepsets_equal_budget,v5,0,5070,85.0,0.4808635711669922,0.5955152403016769,0.4572991728782654,0.47466689348220825,0.14880535006523132
switzerland,cleveland,v5_deepsets_equal_budget,v5,0,5070,90.0,0.479240745306015,0.5575029849166513,0.45690664649009705,0.4718129336833954,0.14880946278572083
switzerland,cleveland,v5_deepsets_equal_budget,v5,0,5070,95.0,0.4775641858577728,0.5593704872770349,0.4549446702003479,0.47066983580589294,0.1475694179534912
switzerland,cleveland,v5_deepsets_equal_budget,v5,0,5070,100.0,0.47556450963020325,0.5653978330611038,0.4528215229511261,0.46893951296806335,0.1468399614095688
switzerland,cleveland,v5_deepsets_equal_budget,v5,0,5070,105.0,0.46746063232421875,0.5416272405901006,0.4463071823120117,0.45977240800857544,0.14420826733112335
switzerland,cleveland,v5_deepsets_equal_budget,v5,0,5070,110.0,0.4679202139377594,0.5327447061621902,0.44644656777381897,0.4604742228984833,0.1445980817079544
switzerland,cleveland,v5_deepsets_equal_budget,v5,0,5070,115.0,0.4552096128463745,0.5372660388100254,0.4354991316795349,0.4468953311443329,0.14012391865253448
switzerland,cleveland,v5_deepsets_equal_budget,v5,0,5070,120.0,0.44515562057495117,0.5451118729990418,0.42560523748397827,0.4374034106731415,0.13651299476623535
switzerland,cleveland,v5_deepsets_equal_budget,v5,0,5071,5.0,0.6480765342712402,0.6089814568073726,0.6250342130661011,0.6278249025344849,0.21646982431411743
switzerland,cleveland,v5_deepsets_equal_budget,v5,0,5071,10.0,0.5885252952575684,0.5590790961592462,0.5636329650878906,0.5755355954170227,0.18941065669059753
switzerland,cleveland,v5_deepsets_equal_budget,v5,0,5071,15.0,0.5564331412315369,0.5586806284516379,0.5299254655838013,0.5475453734397888,0.17697761952877045
switzerland,cleveland,v5_deepsets_equal_budget,v5,0,5071,20.0,0.5508946180343628,0.5972027989884807,0.5215578079223633,0.5454816818237305,0.17374856770038605
switzerland,cleveland,v5_deepsets_equal_budget,v5,0,5071,25.0,0.5417434573173523,0.6312524195120846,0.5141615271568298,0.5350446105003357,0.17140372097492218
switzerland,cleveland,v5_deepsets_equal_budget,v5,0,5071,30.0,0.5365582704544067,0.6299999241093475,0.5093221664428711,0.5298698544502258,0.16962261497974396
switzerland,cleveland,v5_deepsets_equal_budget,v5,0,5071,35.0,0.5352151393890381,0.6130506150458008,0.5072404146194458,0.5294520258903503,0.16868920624256134
switzerland,cleveland,v5_deepsets_equal_budget,v5,0,5071,40.0,0.5144419074058533,0.5808910986911382,0.4896742105484009,0.5069155693054199,0.16147027909755707
switzerland,cleveland,v5_deepsets_equal_budget,v5,0,5071,45.0,0.5160136222839355,0.5804108573049263,0.49115243554115295,0.5084991455078125,0.16187824308872223
switzerland,cleveland,v5_deepsets_equal_budget,v5,0,5071,50.0,0.5084918141365051,0.5832919190402963,0.4849972128868103,0.5000745058059692,0.1595597118139267
switzerland,cleveland,v5_deepsets_equal_budget,v5,0,5071,55.0,0.5105082392692566,0.582366628953445,0.48397690057754517,0.5052529573440552,0.1589331328868866
switzerland,hungary,v5_deepsets_equal_budget,v5,0,5062,5.0,0.6880024671554565,0.6242774098718473,0.6640446186065674,0.664848268032074,0.23556014895439148
switzerland,hungary,v5_deepsets_equal_budget,v5,0,5062,10.0,0.6389235258102417,0.5594396911968234,0.6162667274475098,0.6190348863601685,0.21272704005241394
switzerland,hungary,v5_deepsets_equal_budget,v5,0,5062,15.0,0.596581220626831,0.50404344464241,0.572795033454895,0.5816628336906433,0.19352330267429352
switzerland,hungary,v5_deepsets_equal_budget,v5,0,5062,20.0,0.5741095542907715,0.48265117162524585,0.5484760403633118,0.5628942847251892,0.1842438131570816
switzerland,hungary,v5_deepsets_equal_budget,v5,0,5062,25.0,0.5558084845542908,0.4731908660040204,0.5290566682815552,0.5472857356071472,0.17637284100055695
switzerland,hungary,v5_deepsets_equal_budget,v5,0,5062,30.0,0.5574088096618652,0.47651905598373484,0.5303382873535156,0.5489802360534668,0.17749561369419098
switzerland,hungary,v5_deepsets_equal_budget,v5,0,5062,35.0,0.5446646809577942,0.47001290485090175,0.5178607106208801,0.5370732545852661,0.1719769537448883
switzerland,hungary,v5_deepsets_equal_budget,v5,0,5062,40.0,0.528249979019165,0.4659322556279215,0.502493679523468,0.5207574963569641,0.16624392569065094
switzerland,hungary,v5_deepsets_equal_budget,v5,0,5062,45.0,0.516093373298645,0.47516044690268866,0.49143293499946594,0.5083991289138794,0.1617734581232071
switzerland,hungary,v5_deepsets_equal_budget,v5,0,5062,50.0,0.5141218900680542,0.49555251934857214,0.49018049240112305,0.5059661269187927,0.16048605740070343
switzerland,hungary,v5_deepsets_equal_budget,v5,0,5062,55.0,0.5096221566200256,0.4939792361042086,0.4848371148109436,0.5024834871292114,0.15961836278438568
switzerland,hungary,v5_deepsets_equal_budget,v5,0,5062,60.0,0.5071866512298584,0.4904985055149702,0.4830624759197235,0.49954652786254883,0.15882106125354767
switzerland,hungary,v5_deepsets_equal_budget,v5,0,5062,65.0,0.4980071783065796,0.49769482050629504,0.4745972454547882,0.49027177691459656,0.15572674572467804
switzerland,hungary,v5_deepsets_equal_budget,v5,0,5062,70.0,0.4977308511734009,0.513289239692605,0.4726625680923462,0.4916594624519348,0.15569835901260376
switzerland,hungary,v5_deepsets_equal_budget,v5,0,5062,75.0,0.4867451786994934,0.5253836546382333,0.4631650745868683,0.47992926836013794,0.15197989344596863
switzerland,hungary,v5_deepsets_equal_budget,v5,0,5062,80.0,0.4790467917919159,0.509909887447918,0.4573545455932617,0.47070035338401794,0.15019330382347107
switzerland,hungary,v5_deepsets_equal_budget,v5,0,5063,5.0,0.6815443634986877,0.6268350323514051,0.6579990983009338,0.6585831642150879,0.23253250122070312
switzerland,hungary,v5_deepsets_equal_budget,v5,0,5063,10.0,0.6243321895599365,0.5482876597081783,0.6018667221069336,0.6056559681892395,0.2057086080312729
switzerland,hungary,v5_deepsets_equal_budget,v5,0,5063,15.0,0.5862569808959961,0.4952839214795882,0.5618129372596741,0.5729354023933411,0.18882805109024048
switzerland,hungary,v5_deepsets_equal_budget,v5,0,5063,20.0,0.5645192265510559,0.48501974343858456,0.5379161834716797,0.5552676320075989,0.17927372455596924
switzerland,hungary,v5_deepsets_equal_budget,v5,0,5063,25.0,0.5475382804870605,0.4839513566970235,0.5212046504020691,0.5393147468566895,0.172785222530365
switzerland,hungary,v5_deepsets_equal_budget,v5,0,5063,30.0,0.5390769243240356,0.48711074833003276,0.5129839777946472,0.5312029719352722,0.169834703207016
switzerland,hungary,v5_deepsets_equal_budget,v5,0,5063,35.0,0.5290859937667847,0.49978756763369925,0.5034870505332947,0.5214003920555115,0.16642281413078308
switzerland,hungary,v5_deepsets_equal_budget,v5,0,5063,40.0,0.5189144611358643,0.5006553978953484,0.4943019151687622,0.5109060406684875,0.16310428082942963
switzerland,hungary,v5_deepsets_equal_budget,v5,0,5063,45.0,0.5099418759346008,0.5065724222883972,0.48535674810409546,0.5025671124458313,0.15979936718940735
switzerland,hungary,v5_deepsets_equal_budget,v5,0,5063,50.0,0.5103040933609009,0.504757564312476,0.4837234914302826,0.5048463940620422,0.1601913869380951
switzerland,hungary,v5_deepsets_equal_budget,v5,0,5063,55.0,0.4973202645778656,0.49684747995507395,0.4738844931125641,0.4895722568035126,0.15591880679130554
switzerland,hungary,v5_deepsets_equal_budget,v5,0,5063,60.0,0.4964124262332916,0.5113277093335526,0.47207367420196533,0.48974665999412537,0.15502244234085083
switzerland,hungary,v5_deepsets_equal_budget,v5,0,5063,65.0,0.4960189461708069,0.5247307315788245,0.4714197516441345,0.48963841795921326,0.15489864349365234
switzerland,hungary,v5_deepsets_equal_budget,v5,0,5064,5.0,0.6864716410636902,0.6270814510220828,0.6627516150474548,0.6632033586502075,0.23494167625904083
switzerland,hungary,v5_deepsets_equal_budget,v5,0,5064,10.0,0.6359409093856812,0.5534740421153757,0.6131718754768372,0.6164973378181458,0.21106326580047607
switzerland,hungary,v5_deepsets_equal_budget,v5,0,5064,15.0,0.5893647074699402,0.5085333119249321,0.5662885308265686,0.5743754506111145,0.19032703340053558
switzerland,hungary,v5_deepsets_equal_budget,v5,0,5064,20.0,0.5681476593017578,0.4772475166022112,0.5407612919807434,0.5593907237052917,0.18071624636650085
switzerland,hungary,v5_deepsets_equal_budget,v5,0,5064,25.0,0.5640785694122314,0.4812115963135478,0.5363454818725586,0.5560514330863953,0.17880092561244965
switzerland,hungary,v5_deepsets_equal_budget,v5,0,5064,30.0,0.5462068915367126,0.48531770821295794,0.5206156969070435,0.5372509360313416,0.1727360337972641
switzerland,hungary,v5_deepsets_equal_budget,v5,0,5064,35.0,0.5399817824363708,0.47833576463648386,0.5162316560745239,0.5296595692634583,0.17036165297031403
switzerland,hungary,v5_deepsets_equal_budget,v5,0,5064,40.0,0.5320667624473572,0.484515391845899,0.5071098208427429,0.5236257910728455,0.16698935627937317
switzerland,hungary,v5_deepsets_equal_budget,v5,0,5064,45.0,0.5269668102264404,0.49436735147240307,0.5005702376365662,0.5203547477722168,0.1650427132844925
switzerland,hungary,v5_deepsets_equal_budget,v5,0,5064,50.0,0.5159370303153992,0.4984734877819391,0.48957523703575134,0.5102002024650574,0.16049344837665558
switzerland,hungary,v5_deepsets_equal_budget,v5,0,5064,55.0,0.5166208148002625,0.49336102544725413,0.49090448021888733,0.5100957751274109,0.16120655834674835
switzerland,hungary,v5_deepsets_equal_budget,v5,0,5064,60.0,0.505163311958313,0.4982788136142364,0.48192161321640015,0.49686288833618164,0.15771058201789856
switzerland,hungary,v5_deepsets_equal_budget,v5,0,5065,5.0,0.6603083610534668,0.5918349925041305,0.6371811032295227,0.6389592289924622,0.22238166630268097
switzerland,hungary,v5_deepsets_equal_budget,v5,0,5065,10.0,0.6032189130783081,0.5197823779405851,0.5792799592018127,0.5879557728767395,0.1960107386112213
switzerland,hungary,v5_deepsets_equal_budget,v5,0,5065,15.0,0.5805287957191467,0.48479369928564126,0.5533219575881958,0.5705111622810364,0.18612223863601685
switzerland,hungary,v5_deepsets_equal_budget,v5,0,5065,20.0,0.5620046854019165,0.4873073899256538,0.5318313837051392,0.5566684603691101,0.17754803597927094
switzerland,hungary,v5_deepsets_equal_budget,v5,0,5065,25.0,0.5546113848686218,0.4956354062073608,0.5268670320510864,0.5472346544265747,0.17560556530952454
switzerland,hungary,v5_deepsets_equal_budget,v5,0,5065,30.0,0.5418968200683594,0.4788901543085776,0.514808177947998,0.5348387956619263,0.17073318362236023
switzerland,hungary,v5_deepsets_equal_budget,v5,0,5065,35.0,0.5315947532653809,0.4691264776368972,0.5049920678138733,0.5248595476150513,0.16668911278247833
switzerland,hungary,v5_deepsets_equal_budget,v5,0,5065,40.0,0.5266817212104797,0.4823834162718082,0.5006005167961121,0.5197924971580505,0.1648520976305008
switzerland,hungary,v5_deepsets_equal_budget,v5,0,5065,45.0,0.5139307379722595,0.4824432684650176,0.48887401819229126,0.5068711638450623,0.16058172285556793
switzerland,hungary,v5_deepsets_equal_budget,v5,0,5065,50.0,0.5038096904754639,0.4841794630791263,0.47987276315689087,0.4963441789150238,0.15701228380203247
switzerland,hungary,v5_deepsets_equal_budget,v5,0,5065,55.0,0.5052298307418823,0.4925117823724889,0.48052650690078735,0.4983160197734833,0.1580856591463089
switzerland,hungary,v5_deepsets_equal_budget,v5,0,5065,60.0,0.5002800226211548,0.49550766879541824,0.47613245248794556,0.4931231439113617,0.15652252733707428
switzerland,hungary,v5_deepsets_equal_budget,v5,0,5065,65.0,0.4829109311103821,0.5128923917526216,0.45947784185409546,0.4762524664402008,0.1504577398300171
switzerland,hungary,v5_deepsets_equal_budget,v5,0,5065,70.0,0.48241710662841797,0.5019972664312812,0.4584299325942993,0.4762957692146301,0.15054269134998322
switzerland,hungary,v5_deepsets_equal_budget,v5,0,5065,75.0,0.4727618396282196,0.5174857187088521,0.4502190053462982,0.4659113883972168,0.1469661444425583
switzerland,hungary,v5_deepsets_equal_budget,v5,0,5066,5.0,0.6759521961212158,0.608676631531442,0.6525539755821228,0.6533814668655396,0.2298448085784912
switzerland,hungary,v5_deepsets_equal_budget,v5,0,5066,10.0,0.6100324988365173,0.5314536390677629,0.5875866413116455,0.5926024317741394,0.19937951862812042
switzerland,hungary,v5_deepsets_equal_budget,v5,0,5066,15.0,0.5781939625740051,0.49629490326750364,0.5516625642776489,0.5676833391189575,0.18521027266979218
switzerland,hungary,v5_deepsets_equal_budget,v5,0,5066,20.0,0.567559003829956,0.4914440788672859,0.5372484922409058,0.5619301795959473,0.1796969473361969
switzerland,hungary,v5_deepsets_equal_budget,v5,0,5066,25.0,0.5480771064758301,0.48668369436241143,0.5199391841888428,0.5418189167976379,0.17198073863983154
switzerland,hungary,v5_deepsets_equal_budget,v5,0,5066,30.0,0.5420308113098145,0.48330688566952196,0.5164813995361328,0.5334205031394958,0.17079809308052063
switzerland,hungary,v5_deepsets_equal_budget,v5,0,5066,35.0,0.5335292816162109,0.48484456239199963,0.5075216293334961,0.5260788202285767,0.1672908365726471
switzerland,hungary,v5_deepsets_equal_budget,v5,0,5066,40.0,0.5250864624977112,0.4929243927386825,0.4999914765357971,0.5172648429870605,0.16458357870578766
switzerland,hungary,v5_deepsets_equal_budget,v5,0,5066,45.0,0.5161632895469666,0.4989433658021045,0.491796612739563,0.5082507133483887,0.16139602661132812
switzerland,hungary,v5_deepsets_equal_budget,v5,0,5066,50.0,0.5150821208953857,0.48062546371509385,0.48892319202423096,0.5090808272361755,0.1608010232448578
switzerland,hungary,v5_deepsets_equal_budget,v5,0,5066,55.0,0.4948229491710663,0.49973556938840547,0.47076618671417236,0.4882645606994629,0.15307572484016418
switzerland,hungary,v5_deepsets_equal_budget,v5,0,5066,60.0,0.49325069785118103,0.5148414681023804,0.46969741582870483,0.48615333437919617,0.1532532423734665
switzerland,hungary,v5_deepsets_equal_budget,v5,0,5066,65.0,0.4941157102584839,0.5059778225594121,0.47097069025039673,0.48651257157325745,0.15374061465263367
switzerland,hungary,v5_deepsets_equal_budget,v5,0,5066,70.0,0.48466789722442627,0.5043159367621298,0.46103087067604065,0.4781588613986969,0.15073034167289734
switzerland,hungary,v5_deepsets_equal_budget,v5,0,5066,75.0,0.4768564999103546,0.5199021580651677,0.4543886184692383,0.4697657525539398,0.14779306948184967
switzerland,hungary,v5_deepsets_equal_budget,v5,0,5066,80.0,0.4805932641029358,0.5383244635188427,0.4546695351600647,0.4768032133579254,0.14856882393360138
switzerland,hungary,v5_deepsets_equal_budget,v5,0,5066,85.0,0.47124427556991577,0.5181538358796829,0.449401319026947,0.46375665068626404,0.14665304124355316
switzerland,hungary,v5_deepsets_equal_budget,v5,0,5066,90.0,0.46050024032592773,0.5353632935945446,0.438230037689209,0.4541085362434387,0.14330966770648956
switzerland,hungary,v5_deepsets_equal_budget,v5,0,5067,5.0,0.6988219618797302,0.6504987547775534,0.6746827363967896,0.6747784614562988,0.24091365933418274
switzerland,hungary,v5_deepsets_equal_budget,v5,0,5067,10.0,0.6473876237869263,0.5786485836661361,0.6244938969612122,0.6270220875740051,0.21629612147808075
switzerland,hungary,v5_deepsets_equal_budget,v5,0,5067,15.0,0.5981736183166504,0.5282004895929878,0.5754440426826477,0.5820445418357849,0.19429323077201843
switzerland,hungary,v5_deepsets_equal_budget,v5,0,5067,20.0,0.5690028071403503,0.4859519678992028,0.5439612865447998,0.5576921701431274,0.1817607432603836
switzerland,hungary,v5_deepsets_equal_budget,v5,0,5067,25.0,0.5588228702545166,0.48753118618018465,0.5324234962463379,0.5496640205383301,0.17779096961021423
switzerland,hungary,v5_deepsets_equal_budget,v5,0,5067,30.0,0.5549057722091675,0.48742269761261314,0.5272836685180664,0.5474774241447449,0.17525175213813782
switzerland,hungary,v5_deepsets_equal_budget,v5,0,5067,35.0,0.544526219367981,0.4716924300119488,0.5181601643562317,0.536505401134491,0.1719340980052948
switzerland,hungary,v5_deepsets_equal_budget,v5,0,5067,40.0,0.5446124076843262,0.47104415614768014,0.5181488394737244,0.5366918444633484,0.1719205677509308
switzerland,hungary,v5_deepsets_equal_budget,v5,0,5067,45.0,0.5290005207061768,0.48232124131399456,0.5033945441246033,0.5213896632194519,0.1660843938589096
switzerland,hungary,v5_deepsets_equal_budget,v5,0,5067,50.0,0.5151264667510986,0.4984645934921492,0.4895605444908142,0.5085506439208984,0.1607085019350052
switzerland,hungary,v5_deepsets_equal_budget,v5,0,5067,55.0,0.513606071472168,0.5111833130626406,0.48681920766830444,0.5084881782531738,0.15952365100383759
switzerland,hungary,v5_deepsets_equal_budget,v5,0,5067,60.0,0.5025088787078857,0.508872420141862,0.478007435798645,0.4958357810974121,0.15587295591831207
switzerland,hungary,v5_deepsets_equal_budget,v5,0,5067,65.0,0.49913984537124634,0.508891029845545,0.47427183389663696,0.49308595061302185,0.15460966527462006
switzerland,hungary,v5_deepsets_equal_budget,v5,0,5067,70.0,0.4945501685142517,0.5096463131391389,0.47142770886421204,0.48691892623901367,0.15376873314380646
switzerland,hungary,v5_deepsets_equal_budget,v5,0,5067,75.0,0.4764573574066162,0.5102796922413337,0.45540156960487366,0.46797600388526917,0.14768560230731964
switzerland,hungary,v5_deepsets_equal_budget,v5,0,5067,80.0,0.4873063862323761,0.5207442870232464,0.46266403794288635,0.4817465841770172,0.15101070702075958
switzerland,hungary,v5_deepsets_equal_budget,v5,0,5068,5.0,0.658692479133606,0.5870365792311845,0.6355720162391663,0.6374923586845398,0.2216026782989502
switzerland,hungary,v5_deepsets_equal_budget,v5,0,5068,10.0,0.5976401567459106,0.49814921727846273,0.5730680823326111,0.583507239818573,0.19352518022060394
switzerland,hungary,v5_deepsets_equal_budget,v5,0,5068,15.0,0.56583172082901,0.4729459915442995,0.5380428433418274,0.5576651692390442,0.1797771006822586
switzerland,hungary,v5_deepsets_equal_budget,v5,0,5068,20.0,0.5542891025543213,0.4877109730540016,0.5264400243759155,0.5471312403678894,0.1750349998474121
switzerland,hungary,v5_deepsets_equal_budget,v5,0,5068,25.0,0.5446575284004211,0.4981074971046461,0.5190335512161255,0.5358888506889343,0.1719636619091034
switzerland,hungary,v5_deepsets_equal_budget,v5,0,5068,30.0,0.5286676287651062,0.4844697339878263,0.5038348436355591,0.5202881693840027,0.1660616099834442
switzerland,hungary,v5_deepsets_equal_budget,v5,0,5068,35.0,0.5237717032432556,0.5047736078047503,0.49816185235977173,0.5166379809379578,0.16371813416481018
switzerland,hungary,v5_deepsets_equal_budget,v5,0,5068,40.0,0.5149447917938232,0.5044532648623079,0.49019601941108704,0.5074991583824158,0.16097189486026764
switzerland,hungary,v5_deepsets_equal_budget,v5,0,5068,45.0,0.5135059952735901,0.4990338045677142,0.4877433776855469,0.5071005821228027,0.16083990037441254
switzerland,hungary,v5_deepsets_equal_budget,v5,0,5068,50.0,0.5110583305358887,0.49897141969722303,0.48579850792884827,0.5043167471885681,0.16000676155090332
switzerland,hungary,v5_deepsets_equal_budget,v5,0,5068,55.0,0.4890342950820923,0.5073780643374481,0.4653207063674927,0.4824890196323395,0.1512945294380188
switzerland,hungary,v5_deepsets_equal_budget,v5,0,5069,5.0,0.6683224439620972,0.6031603200171777,0.6451273560523987,0.646263599395752,0.22627006471157074
switzerland,hungary,v5_deepsets_equal_budget,v5,0,5069,10.0,0.6064520478248596,0.5132517167809388,0.583036482334137,0.590366542339325,0.19750560820102692
switzerland,hungary,v5_deepsets_equal_budget,v5,0,5069,15.0,0.5755658745765686,0.46391837544242237,0.5485219955444336,0.5658164024353027,0.18396693468093872
switzerland,hungary,v5_deepsets_equal_budget,v5,0,5069,20.0,0.5624566674232483,0.45942932599244146,0.5334908366203308,0.5558627247810364,0.1777987778186798
switzerland,hungary,v5_deepsets_equal_budget,v5,0,5069,25.0,0.5450289249420166,0.4621435220221808,0.5180067420005798,0.5376067161560059,0.17222152650356293
switzerland,hungary,v5_deepsets_equal_budget,v5,0,5069,30.0,0.5339990854263306,0.46693872161314576,0.5078147053718567,0.5266854166984558,0.16749054193496704
switzerland,hungary,v5_deepsets_equal_budget,v5,0,5069,35.0,0.5225173234939575,0.4728823386010328,0.4968518316745758,0.5154927372932434,0.1634502410888672
switzerland,hungary,v5_deepsets_equal_budget,v5,0,5069,40.0,0.5175250768661499,0.48294099297582604,0.49128273129463196,0.5114800333976746,0.16143698990345
switzerland,hungary,v5_deepsets_equal_budget,v5,0,5069,45.0,0.5169749855995178,0.4765858914687428,0.49050936102867126,0.5111644864082336,0.161380797624588
switzerland,hungary,v5_deepsets_equal_budget,v5,0,5069,50.0,0.509229838848114,0.48114047514803626,0.4840167462825775,0.5026546716690063,0.1589411050081253
switzerland,hungary,v5_deepsets_equal_budget,v5,0,5069,55.0,0.5024497509002686,0.4939717553995755,0.47819796204566956,0.49543124437332153,0.15635138750076294
switzerland,hungary,v5_deepsets_equal_budget,v5,0,5069,60.0,0.4953373670578003,0.4942144864761413,0.4708014726638794,0.48905038833618164,0.1541142761707306
switzerland,hungary,v5_deepsets_equal_budget,v5,0,5070,5.0,0.6613782048225403,0.5867268841207172,0.6381903290748596,0.6399937868118286,0.2228609174489975
switzerland,hungary,v5_deepsets_equal_budget,v5,0,5070,10.0,0.5983299612998962,0.5081852806786078,0.5752646327018738,0.5826014876365662,0.19396883249282837
switzerland,hungary,v5_deepsets_equal_budget,v5,0,5070,15.0,0.5729292631149292,0.48080109441899566,0.546302318572998,0.5629581809043884,0.18298979103565216
switzerland,hungary,v5_deepsets_equal_budget,v5,0,5070,20.0,0.559592604637146,0.4832804996796083,0.5307472348213196,0.5530951619148254,0.176714226603508
switzerland,hungary,v5_deepsets_equal_budget,v5,0,5070,25.0,0.5381712913513184,0.48753508356081754,0.5117380619049072,0.5308499336242676,0.1687730997800827
switzerland,hungary,v5_deepsets_equal_budget,v5,0,5070,30.0,0.5374640226364136,0.48507229965833853,0.5089598894119263,0.5323748588562012,0.16796644032001495
switzerland,hungary,v5_deepsets_equal_budget,v5,0,5070,35.0,0.5271495580673218,0.4799758872299772,0.5009878277778625,0.5203059315681458,0.1650264859199524
switzerland,hungary,v5_deepsets_equal_budget,v5,0,5070,40.0,0.5178979635238647,0.49317743520843826,0.49143722653388977,0.5119937062263489,0.16182492673397064
switzerland,hungary,v5_deepsets_equal_budget,v5,0,5070,45.0,0.507686972618103,0.4929969600883822,0.48323461413383484,0.5004698634147644,0.1583472043275833
switzerland,hungary,v5_deepsets_equal_budget,v5,0,5070,50.0,0.494122177362442,0.4965898572923455,0.4711090624332428,0.486260324716568,0.15437497198581696
switzerland,hungary,v5_deepsets_equal_budget,v5,0,5070,55.0,0.4985736310482025,0.49522802024300383,0.47398799657821655,0.4920230805873871,0.1556810438632965
switzerland,hungary,v5_deepsets_equal_budget,v5,0,5070,60.0,0.4911750555038452,0.4958751058620303,0.46664565801620483,0.4850172996520996,0.1534356325864792
switzerland,hungary,v5_deepsets_equal_budget,v5,0,5070,65.0,0.4860953092575073,0.4935135576997559,0.46292993426322937,0.4789104461669922,0.15175114572048187
switzerland,hungary,v5_deepsets_equal_budget,v5,0,5070,70.0,0.4855813682079315,0.49954388921040355,0.4622567594051361,0.47852715849876404,0.151894211769104
switzerland,hungary,v5_deepsets_equal_budget,v5,0,5070,75.0,0.4759073853492737,0.5002844819143097,0.45336785912513733,0.46880730986595154,0.14819814264774323
switzerland,hungary,v5_deepsets_equal_budget,v5,0,5071,5.0,0.6696937680244446,0.589915150551142,0.6461504101753235,0.6478860974311829,0.22675517201423645
switzerland,hungary,v5_deepsets_equal_budget,v5,0,5071,10.0,0.6121283769607544,0.5121934429528783,0.5885744094848633,0.5956098437309265,0.20036213099956512
switzerland,hungary,v5_deepsets_equal_budget,v5,0,5071,15.0,0.5792994499206543,0.47818176751427643,0.5544453859329224,0.56684809923172,0.18652667105197906
switzerland,hungary,v5_deepsets_equal_budget,v5,0,5071,20.0,0.564068615436554,0.4680469926644606,0.5368503928184509,0.5553433299064636,0.1797172576189041
switzerland,hungary,v5_deepsets_equal_budget,v5,0,5071,25.0,0.5480456948280334,0.4871092020369181,0.5214606523513794,0.5399807095527649,0.17324982583522797
switzerland,hungary,v5_deepsets_equal_budget,v5,0,5071,30.0,0.53534334897995,0.4746002024067777,0.5087397694587708,0.5282694697380066,0.16838747262954712
switzerland,hungary,v5_deepsets_equal_budget,v5,0,5071,35.0,0.5261204242706299,0.48310224148310066,0.4991614520549774,0.5201104283332825,0.16484470665454865
switzerland,hungary,v5_deepsets_equal_budget,v5,0,5071,40.0,0.5188870429992676,0.4719955450135488,0.4935569763183594,0.5116391181945801,0.16289009153842926
switzerland,hungary,v5_deepsets_equal_budget,v5,0,5071,45.0,0.5129920840263367,0.48673388094208037,0.4874442517757416,0.5063573718070984,0.16091302037239075
switzerland,hungary,v5_deepsets_equal_budget,v5,0,5071,50.0,0.5099118947982788,0.48200097203832737,0.483990341424942,0.5038811564445496,0.15976111590862274
switzerland,hungary,v5_deepsets_equal_budget,v5,0,5071,55.0,0.49997586011886597,0.4942931582697855,0.47580963373184204,0.49283820390701294,0.15651948750019073
switzerland,hungary,v5_deepsets_equal_budget,v5,0,5071,60.0,0.4943368136882782,0.5040739183555619,0.46975257992744446,0.4880198538303375,0.15450596809387207
switzerland,va_long_beach,v5_deepsets_equal_budget,v5,0,5062,5.0,0.6482308506965637,0.6688992305519514,0.6262805461883545,0.6267930865287781,0.2169400304555893
switzerland,va_long_beach,v5_deepsets_equal_budget,v5,0,5062,10.0,0.5555673837661743,0.6726627779454448,0.5370039343833923,0.5390318036079407,0.17549537122249603
switzerland,va_long_beach,v5_deepsets_equal_budget,v5,0,5062,15.0,0.47811123728752136,0.7320445726025548,0.4622361958026886,0.4647185504436493,0.14633876085281372
switzerland,va_long_beach,v5_deepsets_equal_budget,v5,0,5062,20.0,0.4372967779636383,0.7967608788408989,0.42278996109962463,0.4250374734401703,0.13383051753044128
switzerland,va_long_beach,v5_deepsets_equal_budget,v5,0,5062,25.0,0.43060052394866943,0.8565310773294548,0.4147723615169525,0.42018699645996094,0.1312081515789032
switzerland,va_long_beach,v5_deepsets_equal_budget,v5,0,5062,30.0,0.4239078462123871,0.8592553748179281,0.40766820311546326,0.414339542388916,0.1290394514799118
switzerland,va_long_beach,v5_deepsets_equal_budget,v5,0,5062,35.0,0.41107863187789917,0.8336296173367156,0.39573314785957336,0.401528924703598,0.1244758740067482
switzerland,va_long_beach,v5_deepsets_equal_budget,v5,0,5062,40.0,0.4038776457309723,0.8285984004729022,0.38953739404678345,0.3936999440193176,0.12258967012166977
switzerland,va_long_beach,v5_deepsets_equal_budget,v5,0,5062,45.0,0.3990403711795807,0.8156517492615221,0.3848215341567993,0.38903018832206726,0.12114506214857101
switzerland,va_long_beach,v5_deepsets_equal_budget,v5,0,5063,5.0,0.6128370761871338,0.6642645057443308,0.592259407043457,0.5933104753494263,0.2005213052034378
switzerland,va_long_beach,v5_deepsets_equal_budget,v5,0,5063,10.0,0.5089236497879028,0.6869942133151966,0.4920412302017212,0.4944300651550293,0.15688025951385498
switzerland,va_long_beach,v5_deepsets_equal_budget,v5,0,5063,15.0,0.45275580883026123,0.7593651385094424,0.4371444582939148,0.44067317247390747,0.13846980035305023
switzerland,va_long_beach,v5_deepsets_equal_budget,v5,0,5063,20.0,0.43557828664779663,0.845603108018659,0.41919389367103577,0.42529401183128357,0.1333434283733368
switzerland,va_long_beach,v5_deepsets_equal_budget,v5,0,5063,25.0,0.423305481672287,0.8853733508275721,0.40771716833114624,0.413240909576416,0.12826448678970337
switzerland,va_long_beach,v5_deepsets_equal_budget,v5,0,5063,30.0,0.4128679633140564,0.8684671514450415,0.39734315872192383,0.4034609794616699,0.12465885281562805
switzerland,va_long_beach,v5_deepsets_equal_budget,v5,0,5063,35.0,0.40553349256515503,0.8319508303486156,0.3906312882900238,0.39593058824539185,0.12252562493085861
switzerland,va_long_beach,v5_deepsets_equal_budget,v5,0,5063,40.0,0.4089847803115845,0.7945628228275683,0.3931737542152405,0.4000793397426605,0.12358243018388748
switzerland,va_long_beach,v5_deepsets_equal_budget,v5,0,5063,45.0,0.39306873083114624,0.8017290772063195,0.3792824149131775,0.3831266462802887,0.11864183098077774
switzerland,va_long_beach,v5_deepsets_equal_budget,v5,0,5064,5.0,0.6593282222747803,0.6702751052469389,0.6370633840560913,0.63715660572052,0.22218215465545654
switzerland,va_long_beach,v5_deepsets_equal_budget,v5,0,5064,10.0,0.5687321424484253,0.6462437906630658,0.5501574277877808,0.55101078748703,0.18148040771484375
switzerland,va_long_beach,v5_deepsets_equal_budget,v5,0,5064,15.0,0.49603524804115295,0.6888581541580008,0.4797203838825226,0.4818670451641083,0.15241526067256927
switzerland,va_long_beach,v5_deepsets_equal_budget,v5,0,5064,20.0,0.44894668459892273,0.7194989691118289,0.43401792645454407,0.43646422028541565,0.13705608248710632
switzerland,va_long_beach,v5_deepsets_equal_budget,v5,0,5064,25.0,0.4309615194797516,0.7853139813463835,0.4152725636959076,0.4203498065471649,0.13150347769260406
switzerland,va_long_beach,v5_deepsets_equal_budget,v5,0,5064,30.0,0.41727757453918457,0.8032280688803474,0.40257132053375244,0.4066147804260254,0.1268450915813446
switzerland,va_long_beach,v5_deepsets_equal_budget,v5,0,5064,35.0,0.4045346677303314,0.8060176184804487,0.3905826210975647,0.3939649760723114,0.12260884791612625
switzerland,va_long_beach,v5_deepsets_equal_budget,v5,0,5064,40.0,0.4056852161884308,0.7965116383773274,0.3909747302532196,0.3957200050354004,0.12337830662727356
switzerland,va_long_beach,v5_deepsets_equal_budget,v5,0,5064,45.0,0.3948272466659546,0.7755443232897274,0.38100093603134155,0.3847670555114746,0.11943262070417404
switzerland,va_long_beach,v5_deepsets_equal_budget,v5,0,5064,50.0,0.40130549669265747,0.7633161301229373,0.3861238658428192,0.39208880066871643,0.1219916120171547
switzerland,va_long_beach,v5_deepsets_equal_budget,v5,0,5065,5.0,0.6315183639526367,0.6676220854715725,0.6104019284248352,0.6108052134513855,0.209147647023201
switzerland,va_long_beach,v5_deepsets_equal_budget,v5,0,5065,10.0,0.5295329689979553,0.6619195623041524,0.5121710300445557,0.513974130153656,0.16460350155830383
switzerland,va_long_beach,v5_deepsets_equal_budget,v5,0,5065,15.0,0.4651450514793396,0.7055078333466018,0.44910871982574463,0.4527323842048645,0.1422450840473175
switzerland,va_long_beach,v5_deepsets_equal_budget,v5,0,5065,20.0,0.4304613173007965,0.7750882643239316,0.415774405002594,0.41876840591430664,0.13189922273159027
switzerland,va_long_beach,v5_deepsets_equal_budget,v5,0,5065,25.0,0.42751991748809814,0.8189877758357158,0.41165104508399963,0.41739359498023987,0.129975825548172
switzerland,va_long_beach,v5_deepsets_equal_budget,v5,0,5065,30.0,0.40961766242980957,0.8140713099401471,0.3945538103580475,0.399932861328125,0.12374334782361984
switzerland,va_long_beach,v5_deepsets_equal_budget,v5,0,5065,35.0,0.40824368596076965,0.791392588981559,0.3928584158420563,0.39908942580223083,0.12269772589206696
switzerland,va_long_beach,v5_deepsets_equal_budget,v5,0,5065,40.0,0.3979423940181732,0.7804654001812802,0.38399186730384827,0.38770970702171326,0.12091610580682755
switzerland,va_long_beach,v5_deepsets_equal_budget,v5,0,5065,45.0,0.39353424310684204,0.7821508390174514,0.37977585196495056,0.3834799826145172,0.1190631166100502
switzerland,va_long_beach,v5_deepsets_equal_budget,v5,0,5065,50.0,0.39479660987854004,0.7922412229091289,0.38095083832740784,0.3846893310546875,0.11976553499698639
switzerland,va_long_beach,v5_deepsets_equal_budget,v5,0,5066,5.0,0.6529516577720642,0.6694593468567733,0.6309365034103394,0.6311120390892029,0.21927399933338165
switzerland,va_long_beach,v5_deepsets_equal_budget,v5,0,5066,10.0,0.5550970435142517,0.6609850254358496,0.5370361804962158,0.5380526781082153,0.17552585899829865
switzerland,va_long_beach,v5_deepsets_equal_budget,v5,0,5066,15.0,0.47916916012763977,0.7007305510479773,0.4638800024986267,0.46513786911964417,0.14660222828388214
switzerland,va_long_beach,v5_deepsets_equal_budget,v5,0,5066,20.0,0.44390687346458435,0.7564715002077504,0.42852288484573364,0.4321400821208954,0.1357540786266327
switzerland,va_long_beach,v5_deepsets_equal_budget,v5,0,5066,25.0,0.4305800497531891,0.8207315170069385,0.41545549035072327,0.4193604588508606,0.13172046840190887
switzerland,va_long_beach,v5_deepsets_equal_budget,v5,0,5066,30.0,0.4209478795528412,0.8363079367243498,0.4058620035648346,0.41041022539138794,0.12811753153800964
switzerland,va_long_beach,v5_deepsets_equal_budget,v5,0,5066,35.0,0.41677597165107727,0.7901352196631002,0.4017726480960846,0.4064664840698242,0.12656433880329132
switzerland,va_long_beach,v5_deepsets_equal_budget,v5,0,5066,40.0,0.40685853362083435,0.7839030424691764,0.39241525530815125,0.39655551314353943,0.12373147904872894
switzerland,va_long_beach,v5_deepsets_equal_budget,v5,0,5066,45.0,0.3999645709991455,0.8029256187733929,0.38598310947418213,0.38972386717796326,0.12111065536737442
switzerland,va_long_beach,v5_deepsets_equal_budget,v5,0,5066,50.0,0.4039638042449951,0.8142892644719375,0.38956519961357117,0.3939168155193329,0.12222795933485031
switzerland,va_long_beach,v5_deepsets_equal_budget,v5,0,5067,5.0,0.624564528465271,0.6559703698545635,0.6036249995231628,0.604315459728241,0.205942764878273
switzerland,va_long_beach,v5_deepsets_equal_budget,v5,0,5067,10.0,0.5201103091239929,0.6569065544100812,0.5028609037399292,0.5051228404045105,0.16118484735488892
switzerland,va_long_beach,v5_deepsets_equal_budget,v5,0,5067,15.0,0.4523763954639435,0.7240869787952813,0.4368991255760193,0.4402925670146942,0.1378057599067688
switzerland,va_long_beach,v5_deepsets_equal_budget,v5,0,5067,20.0,0.4290740191936493,0.7938312051805891,0.41418975591659546,0.41766270995140076,0.13147799670696259
switzerland,va_long_beach,v5_deepsets_equal_budget,v5,0,5067,25.0,0.4288085103034973,0.8558043080816289,0.41157767176628113,0.4199577271938324,0.1304081231355667
switzerland,va_long_beach,v5_deepsets_equal_budget,v5,0,5067,30.0,0.4121849238872528,0.8546459067103551,0.3976359963417053,0.40173768997192383,0.12498068809509277
switzerland,va_long_beach,v5_deepsets_equal_budget,v5,0,5067,35.0,0.41281643509864807,0.8197778541361285,0.3974228501319885,0.4032195210456848,0.12495255470275879
switzerland,va_long_beach,v5_deepsets_equal_budget,v5,0,5067,40.0,0.4023455083370209,0.7940852374432863,0.388010174036026,0.392366886138916,0.12156990170478821
switzerland,va_long_beach,v5_deepsets_equal_budget,v5,0,5067,45.0,0.3986033499240875,0.7991204697382932,0.38389959931373596,0.3891633152961731,0.12071874737739563
switzerland,va_long_beach,v5_deepsets_equal_budget,v5,0,5068,5.0,0.6404038667678833,0.6670342452839666,0.6187024712562561,0.6194607615470886,0.21322272717952728
switzerland,va_long_beach,v5_deepsets_equal_budget,v5,0,5068,10.0,0.5430169701576233,0.6733701076510439,0.5248414278030396,0.5271078944206238,0.17042319476604462
switzerland,va_long_beach,v5_deepsets_equal_budget,v5,0,5068,15.0,0.47744718194007874,0.7117900231553123,0.46095022559165955,0.4646897315979004,0.14627189934253693
switzerland,va_long_beach,v5_deepsets_equal_budget,v5,0,5068,20.0,0.43952614068984985,0.7893544086209384,0.424807071685791,0.427291601896286,0.13476787507534027
switzerland,va_long_beach,v5_deepsets_equal_budget,v5,0,5068,25.0,0.4319908916950226,0.8453304274411073,0.41642698645591736,0.4211323857307434,0.13211223483085632
switzerland,va_long_beach,v5_deepsets_equal_budget,v5,0,5068,30.0,0.42571255564689636,0.8418652598533704,0.41020873188972473,0.41537314653396606,0.12921591103076935
switzerland,va_long_beach,v5_deepsets_equal_budget,v5,0,5068,35.0,0.4192456603050232,0.7884256446215876,0.4034985601902008,0.40967893600463867,0.12656942009925842
switzerland,va_long_beach,v5_deepsets_equal_budget,v5,0,5068,40.0,0.4085206091403961,0.7721628774373256,0.3941088318824768,0.3982681334018707,0.12332110852003098
switzerland,va_long_beach,v5_deepsets_equal_budget,v5,0,5068,45.0,0.40050074458122253,0.7829275624719434,0.386336088180542,0.3905916213989258,0.12036893516778946
switzerland,va_long_beach,v5_deepsets_equal_budget,v5,0,5069,5.0,0.6454380750656128,0.6677872026784328,0.6235591769218445,0.6242022514343262,0.21557344496250153
switzerland,va_long_beach,v5_deepsets_equal_budget,v5,0,5069,10.0,0.5414499044418335,0.6555981321648536,0.5230854153633118,0.5258744359016418,0.1696995347738266
switzerland,va_long_beach,v5_deepsets_equal_budget,v5,0,5069,15.0,0.46856674551963806,0.7105512286333573,0.4527193307876587,0.4557293951511383,0.1434241086244583
switzerland,va_long_beach,v5_deepsets_equal_budget,v5,0,5069,20.0,0.4400530457496643,0.7795310725581233,0.4246094822883606,0.42853203415870667,0.1348228007555008
switzerland,va_long_beach,v5_deepsets_equal_budget,v5,0,5069,25.0,0.4275536835193634,0.8315467387095193,0.41259631514549255,0.41622963547706604,0.13140712678432465
switzerland,va_long_beach,v5_deepsets_equal_budget,v5,0,5069,30.0,0.41753432154655457,0.8459203145767571,0.40314117074012756,0.4064631462097168,0.12732182443141937
switzerland,va_long_beach,v5_deepsets_equal_budget,v5,0,5069,35.0,0.41805148124694824,0.8343828739155039,0.40237870812416077,0.40825891494750977,0.12732678651809692
switzerland,va_long_beach,v5_deepsets_equal_budget,v5,0,5069,40.0,0.41379067301750183,0.8011032880297114,0.3981741964817047,0.4042317569255829,0.12587709724903107
switzerland,va_long_beach,v5_deepsets_equal_budget,v5,0,5069,45.0,0.4022022485733032,0.7795652163236179,0.38808897137641907,0.3918168246746063,0.12249353528022766
switzerland,va_long_beach,v5_deepsets_equal_budget,v5,0,5069,50.0,0.39985769987106323,0.7855934079271465,0.3852759301662445,0.39024972915649414,0.1209486871957779
switzerland,va_long_beach,v5_deepsets_equal_budget,v5,0,5070,5.0,0.6178328990936279,0.660564408452508,0.5971749424934387,0.5979348421096802,0.2027795910835266
switzerland,va_long_beach,v5_deepsets_equal_budget,v5,0,5070,10.0,0.516358494758606,0.6973194514547512,0.4994334280490875,0.5013527870178223,0.15965421497821808
switzerland,va_long_beach,v5_deepsets_equal_budget,v5,0,5070,15.0,0.44954803586006165,0.7822342611635422,0.4348706901073456,0.4369128346443176,0.1365629881620407
switzerland,va_long_beach,v5_deepsets_equal_budget,v5,0,5070,20.0,0.4275757968425751,0.8653019277964498,0.41265982389450073,0.4164494574069977,0.13021127879619598
switzerland,va_long_beach,v5_deepsets_equal_budget,v5,0,5070,25.0,0.4215584397315979,0.9022334709717286,0.4066372215747833,0.41087445616722107,0.12802590429782867
switzerland,va_long_beach,v5_deepsets_equal_budget,v5,0,5070,30.0,0.42133063077926636,0.8770451314500711,0.40547701716423035,0.41150417923927307,0.12840035557746887
switzerland,va_long_beach,v5_deepsets_equal_budget,v5,0,5070,35.0,0.40651050209999084,0.831880288717181,0.39236852526664734,0.39587146043777466,0.12390518188476562
switzerland,va_long_beach,v5_deepsets_equal_budget,v5,0,5070,40.0,0.40214958786964417,0.7868118136357748,0.38835713267326355,0.3916151225566864,0.1216345876455307
switzerland,va_long_beach,v5_deepsets_equal_budget,v5,0,5070,45.0,0.40381842851638794,0.7878117168106245,0.38884878158569336,0.3942446708679199,0.12271714210510254
switzerland,va_long_beach,v5_deepsets_equal_budget,v5,0,5071,5.0,0.6132951378822327,0.6551115523023098,0.5929730534553528,0.5934390425682068,0.20089097321033478
switzerland,va_long_beach,v5_deepsets_equal_budget,v5,0,5071,10.0,0.5087016224861145,0.6685629390986836,0.4920633137226105,0.4938691258430481,0.15735360980033875
switzerland,va_long_beach,v5_deepsets_equal_budget,v5,0,5071,15.0,0.4505302906036377,0.7210259415157052,0.4353333115577698,0.43813619017601013,0.13795539736747742
switzerland,va_long_beach,v5_deepsets_equal_budget,v5,0,5071,20.0,0.44183114171028137,0.7930371642176602,0.4258209466934204,0.4306706488132477,0.1358535885810852
switzerland,va_long_beach,v5_deepsets_equal_budget,v5,0,5071,25.0,0.42403802275657654,0.8262668323019561,0.4089580774307251,0.41326284408569336,0.12927553057670593
switzerland,va_long_beach,v5_deepsets_equal_budget,v5,0,5071,30.0,0.416787713766098,0.8009986858645257,0.4018055200576782,0.40639057755470276,0.1268966794013977
switzerland,va_long_beach,v5_deepsets_equal_budget,v5,0,5071,35.0,0.41612836718559265,0.7908423993023042,0.40052923560142517,0.40635615587234497,0.12685690820217133
switzerland,va_long_beach,v5_deepsets_equal_budget,v5,0,5071,40.0,0.40533876419067383,0.7812982686794808,0.39079245924949646,0.3951990306377411,0.12343022972345352
switzerland,va_long_beach,v5_deepsets_equal_budget,v5,0,5071,45.0,0.398909330368042,0.7901183345714358,0.38451844453811646,0.3891652226448059,0.12067484855651855
va_long_beach,cleveland,v2_attention_equal_budget,v2,0,5062,5.0,0.4558345079421997,0.552247568511767,0.4558345079421997,0.4789939820766449,0.14471767842769623
va_long_beach,cleveland,v2_attention_equal_budget,v2,0,5062,10.0,0.3856789767742157,0.5963458138756916,0.3856789767742157,0.3884332776069641,0.11995531618595123
va_long_beach,cleveland,v2_attention_equal_budget,v2,0,5062,15.0,0.36391666531562805,0.6661838692872772,0.36391666531562805,0.4085674285888672,0.10975617915391922
va_long_beach,cleveland,v2_attention_equal_budget,v2,0,5062,20.0,0.3275189697742462,0.6938037166456514,0.3275189697742462,0.37005457282066345,0.09881328046321869
va_long_beach,cleveland,v2_attention_equal_budget,v2,0,5062,25.0,0.29692542552948,0.7927570221429925,0.29692542552948,0.3862916827201843,0.08540355414152145
va_long_beach,cleveland,v2_attention_equal_budget,v2,0,5062,30.0,0.2732924818992615,0.8525453547183226,0.2732924818992615,0.3649357259273529,0.07968853414058685
va_long_beach,cleveland,v2_attention_equal_budget,v2,0,5062,35.0,0.25742223858833313,0.9185200103040578,0.25742223858833313,0.3573194444179535,0.07279469072818756
va_long_beach,cleveland,v2_attention_equal_budget,v2,0,5062,40.0,0.23085840046405792,0.9349207623338598,0.23085840046405792,0.3234905004501343,0.06490121781826019
va_long_beach,cleveland,v2_attention_equal_budget,v2,0,5062,45.0,0.22336506843566895,0.9169268149319914,0.22336506843566895,0.3406027555465698,0.0611007884144783
va_long_beach,cleveland,v2_attention_equal_budget,v2,0,5063,5.0,0.44226452708244324,0.5979027379553701,0.44226452708244324,0.4582812786102295,0.14055770635604858
va_long_beach,cleveland,v2_attention_equal_budget,v2,0,5063,10.0,0.39238041639328003,0.6686190620220271,0.39238041639328003,0.44022923707962036,0.12238400429487228
va_long_beach,cleveland,v2_attention_equal_budget,v2,0,5063,15.0,0.3471675515174866,0.6826877509058162,0.3471675515174866,0.419852077960968,0.10359856486320496
va_long_beach,cleveland,v2_attention_equal_budget,v2,0,5063,20.0,0.3134676218032837,0.7437296228815407,0.3134676218032837,0.3883017897605896,0.09469377994537354
va_long_beach,cleveland,v2_attention_equal_budget,v2,0,5063,25.0,0.2900821566581726,0.761056908400654,0.2900821566581726,0.38683584332466125,0.08688747882843018
va_long_beach,cleveland,v2_attention_equal_budget,v2,0,5063,30.0,0.2690753638744354,0.7700500685058097,0.2690753638744354,0.3705199360847473,0.07983938604593277
va_long_beach,cleveland,v2_attention_equal_budget,v2,0,5063,35.0,0.26771682500839233,0.7809821885191619,0.26771682500839233,0.36014050245285034,0.0781259536743164
va_long_beach,cleveland,v2_attention_equal_budget,v2,0,5063,40.0,0.2543347477912903,0.8052534542763914,0.2543347477912903,0.3289322853088379,0.07815971970558167
va_long_beach,cleveland,v2_attention_equal_budget,v2,0,5063,45.0,0.20405644178390503,0.8221714079499524,0.20405644178390503,0.33504873514175415,0.060004863888025284
va_long_beach,cleveland,v2_attention_equal_budget,v2,0,5064,5.0,0.5058009028434753,0.5684807977933994,0.5058009028434753,0.5220004320144653,0.16499683260917664
va_long_beach,cleveland,v2_attention_equal_budget,v2,0,5064,10.0,0.4270990490913391,0.6549509290187949,0.4270990490913391,0.44137561321258545,0.13743709027767181
va_long_beach,cleveland,v2_attention_equal_budget,v2,0,5064,15.0,0.4026051163673401,0.6497727075693158,0.4026051163673401,0.402906596660614,0.13000306487083435
va_long_beach,cleveland,v2_attention_equal_budget,v2,0,5064,20.0,0.34214162826538086,0.6473022097825498,0.34214162826538086,0.3788788914680481,0.10340195894241333
va_long_beach,cleveland,v2_attention_equal_budget,v2,0,5064,25.0,0.3186696767807007,0.6631148331472773,0.3186696767807007,0.3877217173576355,0.0959300696849823
va_long_beach,cleveland,v2_attention_equal_budget,v2,0,5064,30.0,0.2993749678134918,0.7001871646606743,0.2993749678134918,0.3838488459587097,0.08866859972476959
va_long_beach,cleveland,v2_attention_equal_budget,v2,0,5064,35.0,0.2591905891895294,0.7348203450835153,0.2591905891895294,0.34801703691482544,0.07363907247781754
va_long_beach,cleveland,v2_attention_equal_budget,v2,0,5064,40.0,0.2526242136955261,0.768384071000294,0.2526242136955261,0.33794260025024414,0.07408791780471802
va_long_beach,cleveland,v2_attention_equal_budget,v2,0,5064,45.0,0.2256907969713211,0.7848308266310039,0.2256907969713211,0.33691108226776123,0.06821586936712265
va_long_beach,cleveland,v2_attention_equal_budget,v2,0,5065,5.0,0.4910760521888733,0.5534012038845046,0.4910760521888733,0.5083582401275635,0.15850144624710083
va_long_beach,cleveland,v2_attention_equal_budget,v2,0,5065,10.0,0.41727256774902344,0.5819592560803855,0.41727256774902344,0.41794201731681824,0.134524405002594
va_long_beach,cleveland,v2_attention_equal_budget,v2,0,5065,15.0,0.367734432220459,0.6217764697007038,0.367734432220459,0.4184612035751343,0.11367549747228622
va_long_beach,cleveland,v2_attention_equal_budget,v2,0,5065,20.0,0.352714866399765,0.6376215674643163,0.352714866399765,0.4154507517814636,0.10954015702009201
va_long_beach,cleveland,v2_attention_equal_budget,v2,0,5065,25.0,0.3473082482814789,0.6582355662590251,0.3473082482814789,0.4034695327281952,0.10910754650831223
va_long_beach,cleveland,v2_attention_equal_budget,v2,0,5065,30.0,0.31463244557380676,0.687603277109097,0.31463244557380676,0.40620583295822144,0.09393174946308136
va_long_beach,cleveland,v2_attention_equal_budget,v2,0,5065,35.0,0.2803494930267334,0.73920390709397,0.2803494930267334,0.38578420877456665,0.08295749127864838
va_long_beach,cleveland,v2_attention_equal_budget,v2,0,5065,40.0,0.2536256015300751,0.7469463578993075,0.2536256015300751,0.35345420241355896,0.07544122636318207
va_long_beach,cleveland,v2_attention_equal_budget,v2,0,5065,45.0,0.2446933388710022,0.7751169339388675,0.2446933388710022,0.3566904664039612,0.06939937174320221
va_long_beach,cleveland,v2_attention_equal_budget,v2,0,5066,5.0,0.5536274909973145,0.5882309854082051,0.5536274909973145,0.5930116176605225,0.18518245220184326
va_long_beach,cleveland,v2_attention_equal_budget,v2,0,5066,10.0,0.4469931125640869,0.5548644369128277,0.4469931125640869,0.45534253120422363,0.14280730485916138
va_long_beach,cleveland,v2_attention_equal_budget,v2,0,5066,15.0,0.3819698095321655,0.6020613646818946,0.3819698095321655,0.4027966260910034,0.11727987229824066
va_long_beach,cleveland,v2_attention_equal_budget,v2,0,5066,20.0,0.35780206322669983,0.6313788301472453,0.35780206322669983,0.41397029161453247,0.11183149367570877
va_long_beach,cleveland,v2_attention_equal_budget,v2,0,5066,25.0,0.30883556604385376,0.646400363959726,0.30883556604385376,0.3629283905029297,0.09193459898233414
va_long_beach,cleveland,v2_attention_equal_budget,v2,0,5066,30.0,0.28130847215652466,0.7143675982729556,0.28130847215652466,0.3590209484100342,0.08122600615024567
va_long_beach,cleveland,v2_attention_equal_budget,v2,0,5066,35.0,0.24405814707279205,0.7551019591202593,0.24405814707279205,0.3458324074745178,0.07083740830421448
va_long_beach,cleveland,v2_attention_equal_budget,v2,0,5066,40.0,0.21574649214744568,0.7777507095525737,0.21574649214744568,0.3457030951976776,0.06041776016354561
va_long_beach,cleveland,v2_attention_equal_budget,v2,0,5066,45.0,0.2520933151245117,0.802131754164855,0.2520933151245117,0.33921384811401367,0.07640620321035385
va_long_beach,cleveland,v2_attention_equal_budget,v2,0,5066,50.0,0.20890726149082184,0.8140081404869285,0.20890726149082184,0.32943806052207947,0.05831121653318405
va_long_beach,cleveland,v2_attention_equal_budget,v2,0,5067,5.0,0.4975535273551941,0.5585891643273666,0.4975535273551941,0.5335797667503357,0.16135670244693756
va_long_beach,cleveland,v2_attention_equal_budget,v2,0,5067,10.0,0.36944282054901123,0.6136736886124692,0.36944282054901123,0.4460794925689697,0.11315751075744629
va_long_beach,cleveland,v2_attention_equal_budget,v2,0,5067,15.0,0.3726569712162018,0.6407864166593864,0.3726569712162018,0.41055119037628174,0.117679163813591
va_long_beach,cleveland,v2_attention_equal_budget,v2,0,5067,20.0,0.32002535462379456,0.6744964432256416,0.32002535462379456,0.3966255784034729,0.09689559042453766
va_long_beach,cleveland,v2_attention_equal_budget,v2,0,5067,25.0,0.3010879158973694,0.734187050198928,0.3010879158973694,0.3796411156654358,0.09058312326669693
va_long_beach,cleveland,v2_attention_equal_budget,v2,0,5067,30.0,0.2884845733642578,0.7979174974120596,0.2884845733642578,0.3787113428115845,0.08701260387897491
va_long_beach,cleveland,v2_attention_equal_budget,v2,0,5067,35.0,0.29525965452194214,0.8194384675841304,0.29525965452194214,0.3760533332824707,0.09028594195842743
va_long_beach,cleveland,v2_attention_equal_budget,v2,0,5067,40.0,0.24367326498031616,0.8118985257444156,0.24367326498031616,0.35302889347076416,0.07050661742687225
va_long_beach,cleveland,v2_attention_equal_budget,v2,0,5067,45.0,0.24350517988204956,0.8233088222932677,0.24350517988204956,0.35257673263549805,0.07195191830396652
va_long_beach,cleveland,v2_attention_equal_budget,v2,0,5068,5.0,0.4769306778907776,0.5509832379654616,0.4769306778907776,0.48041167855262756,0.15170124173164368
va_long_beach,cleveland,v2_attention_equal_budget,v2,0,5068,10.0,0.40515977144241333,0.5785522589426535,0.40515977144241333,0.44268667697906494,0.12805679440498352
va_long_beach,cleveland,v2_attention_equal_budget,v2,0,5068,15.0,0.38575467467308044,0.5893452317335051,0.38575467467308044,0.447018563747406,0.1198260709643364
va_long_beach,cleveland,v2_attention_equal_budget,v2,0,5068,20.0,0.3777131736278534,0.590451413647618,0.3777131736278534,0.409062922000885,0.12011668086051941
va_long_beach,cleveland,v2_attention_equal_budget,v2,0,5068,25.0,0.3133607804775238,0.6220012455372415,0.3133607804775238,0.39279335737228394,0.0930640697479248
va_long_beach,cleveland,v2_attention_equal_budget,v2,0,5068,30.0,0.2984059154987335,0.6606321969324318,0.2984059154987335,0.3688018321990967,0.08897829055786133
va_long_beach,cleveland,v2_attention_equal_budget,v2,0,5068,35.0,0.2721485495567322,0.6903859170418383,0.2721485495567322,0.3737829327583313,0.08056199550628662
va_long_beach,cleveland,v2_attention_equal_budget,v2,0,5068,40.0,0.24436791241168976,0.6956088874021669,0.24436791241168976,0.3506930470466614,0.07118025422096252
va_long_beach,cleveland,v2_attention_equal_budget,v2,0,5068,45.0,0.25227460265159607,0.7446102320414069,0.25227460265159607,0.35429835319519043,0.07472869753837585
va_long_beach,cleveland,v2_attention_equal_budget,v2,0,5069,5.0,0.5048232078552246,0.6740579553163338,0.5048232078552246,0.5361371040344238,0.1648804247379303
va_long_beach,cleveland,v2_attention_equal_budget,v2,0,5069,10.0,0.44663581252098083,0.7135651100227353,0.44663581252098083,0.4771326184272766,0.14641821384429932
va_long_beach,cleveland,v2_attention_equal_budget,v2,0,5069,15.0,0.36675119400024414,0.7770061849859018,0.36675119400024414,0.4082712233066559,0.11175473034381866
va_long_beach,cleveland,v2_attention_equal_budget,v2,0,5069,20.0,0.3545607328414917,0.7517496087807565,0.3545607328414917,0.41454923152923584,0.10831203311681747
va_long_beach,cleveland,v2_attention_equal_budget,v2,0,5069,25.0,0.3541530966758728,0.8019272031395105,0.3541530966758728,0.4016607999801636,0.11070287227630615
va_long_beach,cleveland,v2_attention_equal_budget,v2,0,5069,30.0,0.30382269620895386,0.8533780943941249,0.30382269620895386,0.3871349096298218,0.09087618440389633
va_long_beach,cleveland,v2_attention_equal_budget,v2,0,5069,35.0,0.29517248272895813,0.8604206596085138,0.29517248272895813,0.3949960470199585,0.08874930441379547
va_long_beach,cleveland,v2_attention_equal_budget,v2,0,5069,40.0,0.2632819414138794,0.8079225109810231,0.2632819414138794,0.3661707043647766,0.07643215358257294
va_long_beach,cleveland,v2_attention_equal_budget,v2,0,5069,45.0,0.2354663759469986,0.8240445429678298,0.2354663759469986,0.36168527603149414,0.06815288215875626
va_long_beach,cleveland,v2_attention_equal_budget,v2,0,5070,5.0,0.4795556664466858,0.5733383342029426,0.4795556664466858,0.5100514888763428,0.1553054302930832
va_long_beach,cleveland,v2_attention_equal_budget,v2,0,5070,10.0,0.3977116048336029,0.6052461441292553,0.3977116048336029,0.4231582283973694,0.1273415982723236
va_long_beach,cleveland,v2_attention_equal_budget,v2,0,5070,15.0,0.36204034090042114,0.6260159397168905,0.36204034090042114,0.39846110343933105,0.11473545432090759
va_long_beach,cleveland,v2_attention_equal_budget,v2,0,5070,20.0,0.33374154567718506,0.6631543324229443,0.33374154567718506,0.40836477279663086,0.10054875910282135
va_long_beach,cleveland,v2_attention_equal_budget,v2,0,5070,25.0,0.3005901575088501,0.7593557506054287,0.3005901575088501,0.37898263335227966,0.0903344675898552
va_long_beach,cleveland,v2_attention_equal_budget,v2,0,5070,30.0,0.2896055579185486,0.8044783616842318,0.2896055579185486,0.37150850892066956,0.08756380528211594
va_long_beach,cleveland,v2_attention_equal_budget,v2,0,5070,35.0,0.27154430747032166,0.8629716698832967,0.27154430747032166,0.36355894804000854,0.07922379672527313
va_long_beach,cleveland,v2_attention_equal_budget,v2,0,5070,40.0,0.2598359286785126,0.8154058709514207,0.2598359286785126,0.3494863510131836,0.07809220254421234
va_long_beach,cleveland,v2_attention_equal_budget,v2,0,5070,45.0,0.24564512073993683,0.8839826876002688,0.24564512073993683,0.3426879048347473,0.07356508076190948
va_long_beach,cleveland,v2_attention_equal_budget,v2,0,5071,5.0,0.5052434206008911,0.5851957671935275,0.5052434206008911,0.5299675464630127,0.16394655406475067
va_long_beach,cleveland,v2_attention_equal_budget,v2,0,5071,10.0,0.43599650263786316,0.6177586463204577,0.43599650263786316,0.4441128969192505,0.14045700430870056
va_long_beach,cleveland,v2_attention_equal_budget,v2,0,5071,15.0,0.37867915630340576,0.6601190643021007,0.37867915630340576,0.4315670132637024,0.11713609099388123
va_long_beach,cleveland,v2_attention_equal_budget,v2,0,5071,20.0,0.38245004415512085,0.7198130237869351,0.38245004415512085,0.4623897671699524,0.11883507668972015
va_long_beach,cleveland,v2_attention_equal_budget,v2,0,5071,25.0,0.30068439245224,0.7093272538590296,0.30068439245224,0.3909631371498108,0.08886794000864029
va_long_beach,cleveland,v2_attention_equal_budget,v2,0,5071,30.0,0.27567753195762634,0.7574874968318119,0.27567753195762634,0.4021700620651245,0.07630661129951477
va_long_beach,cleveland,v2_attention_equal_budget,v2,0,5071,35.0,0.23912319540977478,0.7191691370290842,0.23912319540977478,0.36020219326019287,0.06879845261573792
va_long_beach,cleveland,v2_attention_equal_budget,v2,0,5071,40.0,0.22037631273269653,0.6884593591224875,0.22037631273269653,0.3493155837059021,0.06247147172689438
va_long_beach,cleveland,v2_attention_equal_budget,v2,0,5071,45.0,0.20465031266212463,0.6841547906897816,0.20465031266212463,0.35039961338043213,0.059408340603113174
va_long_beach,hungary,v2_attention_equal_budget,v2,0,5062,5.0,0.5182363986968994,0.5483525318209886,0.5182363986968994,0.5585346817970276,0.1697125881910324
va_long_beach,hungary,v2_attention_equal_budget,v2,0,5062,10.0,0.4671669602394104,0.5517196919956519,0.4671669602394104,0.5104092955589294,0.15464848279953003
va_long_beach,hungary,v2_attention_equal_budget,v2,0,5062,15.0,0.40659013390541077,0.680961822504486,0.40659013390541077,0.4201033115386963,0.12827183306217194
va_long_beach,hungary,v2_attention_equal_budget,v2,0,5062,20.0,0.36908605694770813,0.669545702039981,0.36908605694770813,0.37546175718307495,0.11199264973402023
va_long_beach,hungary,v2_attention_equal_budget,v2,0,5062,25.0,0.30566197633743286,0.6938694737934904,0.30566197633743286,0.3544059991836548,0.09041835367679596
va_long_beach,hungary,v2_attention_equal_budget,v2,0,5062,30.0,0.2708507180213928,0.7538549010317595,0.2708507180213928,0.3449243903160095,0.07741466164588928
va_long_beach,hungary,v2_attention_equal_budget,v2,0,5062,35.0,0.24291682243347168,0.8020149178210552,0.24291682243347168,0.3134744465351105,0.06748104840517044
va_long_beach,hungary,v2_attention_equal_budget,v2,0,5062,40.0,0.22616222500801086,0.9079980328048562,0.22616222500801086,0.31192222237586975,0.06251143664121628
va_long_beach,hungary,v2_attention_equal_budget,v2,0,5062,45.0,0.23525477945804596,0.9242589521625586,0.23525477945804596,0.3120374083518982,0.06703271716833115
va_long_beach,hungary,v2_attention_equal_budget,v2,0,5063,5.0,0.5257623195648193,0.5440373271429417,0.5257623195648193,0.5266156792640686,0.1716548204421997
va_long_beach,hungary,v2_attention_equal_budget,v2,0,5063,10.0,0.4562581479549408,0.5279344632834468,0.4562581479549408,0.4691976308822632,0.14720585942268372
va_long_beach,hungary,v2_attention_equal_budget,v2,0,5063,15.0,0.3855505883693695,0.5581377491210003,0.3855505883693695,0.4077796936035156,0.11961323767900467
va_long_beach,hungary,v2_attention_equal_budget,v2,0,5063,20.0,0.3314547538757324,0.5915387759327928,0.3314547538757324,0.3773108720779419,0.09889709204435349
va_long_beach,hungary,v2_attention_equal_budget,v2,0,5063,25.0,0.29080289602279663,0.6377152634231484,0.29080289602279663,0.35056811571121216,0.08484120666980743
va_long_beach,hungary,v2_attention_equal_budget,v2,0,5063,30.0,0.2914273142814636,0.7605972576184915,0.2914273142814636,0.33872151374816895,0.0867079645395279
va_long_beach,hungary,v2_attention_equal_budget,v2,0,5063,35.0,0.29072633385658264,0.694732908640949,0.29072633385658264,0.3448197841644287,0.08666117489337921
va_long_beach,hungary,v2_attention_equal_budget,v2,0,5063,40.0,0.28389111161231995,0.6751032731092786,0.28389111161231995,0.364842027425766,0.08783115446567535
va_long_beach,hungary,v2_attention_equal_budget,v2,0,5063,45.0,0.2348872721195221,0.6684176623329852,0.2348872721195221,0.3362674415111542,0.0661119893193245
va_long_beach,hungary,v2_attention_equal_budget,v2,0,5063,50.0,0.21369457244873047,0.7368818443279475,0.21369457244873047,0.31562063097953796,0.05802422761917114
va_long_beach,hungary,v2_attention_equal_budget,v2,0,5064,5.0,0.5804457068443298,0.6354166105100183,0.5804457068443298,0.5851501226425171,0.19580893218517303
va_long_beach,hungary,v2_attention_equal_budget,v2,0,5064,10.0,0.49555546045303345,0.552785729382744,0.49555546045303345,0.5090150833129883,0.16331683099269867
va_long_beach,hungary,v2_attention_equal_budget,v2,0,5064,15.0,0.45458999276161194,0.5257239381278171,0.45458999276161194,0.49503129720687866,0.1488540917634964
va_long_beach,hungary,v2_attention_equal_budget,v2,0,5064,20.0,0.36745527386665344,0.5259781610176588,0.36745527386665344,0.4057588279247284,0.1137470006942749
va_long_beach,hungary,v2_attention_equal_budget,v2,0,5064,25.0,0.3381696939468384,0.5555908434107881,0.3381696939468384,0.36528414487838745,0.10418064892292023
va_long_beach,hungary,v2_attention_equal_budget,v2,0,5064,30.0,0.2760648727416992,0.6116036336274677,0.2760648727416992,0.3531200885772705,0.07978201657533646
va_long_beach,hungary,v2_attention_equal_budget,v2,0,5064,35.0,0.2635895013809204,0.6515201692845884,0.2635895013809204,0.3638705015182495,0.075943224132061
va_long_beach,hungary,v2_attention_equal_budget,v2,0,5064,40.0,0.24732156097888947,0.653840247108489,0.24732156097888947,0.3616843819618225,0.07184241712093353
va_long_beach,hungary,v2_attention_equal_budget,v2,0,5064,45.0,0.2584443688392639,0.6603486047483955,0.2584443688392639,0.35525500774383545,0.07453341037034988
va_long_beach,hungary,v2_attention_equal_budget,v2,0,5064,50.0,0.21943654119968414,0.6951852505384502,0.21943654119968414,0.3327024579048157,0.06164859980344772
va_long_beach,hungary,v2_attention_equal_budget,v2,0,5064,55.0,0.18168845772743225,0.717060015029803,0.18168845772743225,0.28769463300704956,0.0492764487862587
va_long_beach,hungary,v2_attention_equal_budget,v2,0,5065,5.0,0.4999390244483948,0.5479304285442161,0.4999390244483948,0.5466536283493042,0.16438153386116028
va_long_beach,hungary,v2_attention_equal_budget,v2,0,5065,10.0,0.41685664653778076,0.6222842942134625,0.41685664653778076,0.4449918270111084,0.1347028911113739
va_long_beach,hungary,v2_attention_equal_budget,v2,0,5065,15.0,0.3904110789299011,0.7308763674705591,0.3904110789299011,0.40040045976638794,0.12385305762290955
va_long_beach,hungary,v2_attention_equal_budget,v2,0,5065,20.0,0.3382355570793152,0.7072609438952495,0.3382355570793152,0.3958304524421692,0.1016552746295929
va_long_beach,hungary,v2_attention_equal_budget,v2,0,5065,25.0,0.32344549894332886,0.9095725963773689,0.32344549894332886,0.3873738646507263,0.09978796541690826
va_long_beach,hungary,v2_attention_equal_budget,v2,0,5065,30.0,0.27231043577194214,0.9463491911477071,0.27231043577194214,0.3567398488521576,0.08063711225986481
va_long_beach,hungary,v2_attention_equal_budget,v2,0,5065,35.0,0.26475587487220764,0.9981815610852621,0.26475587487220764,0.3432949185371399,0.07801252603530884
va_long_beach,hungary,v2_attention_equal_budget,v2,0,5065,40.0,0.2890854477882385,1.0810376513338245,0.2890854477882385,0.3506397604942322,0.089994877576828
va_long_beach,hungary,v2_attention_equal_budget,v2,0,5065,45.0,0.23626244068145752,1.0118787896360573,0.23626244068145752,0.34336787462234497,0.06988131999969482
va_long_beach,hungary,v2_attention_equal_budget,v2,0,5066,5.0,0.5565865635871887,0.4921785289034809,0.5565865635871887,0.5900719165802002,0.1843467354774475
va_long_beach,hungary,v2_attention_equal_budget,v2,0,5066,10.0,0.4625919759273529,0.48721611341917775,0.4625919759273529,0.47721612453460693,0.15120527148246765
va_long_beach,hungary,v2_attention_equal_budget,v2,0,5066,15.0,0.400728702545166,0.5297718580128226,0.400728702545166,0.4341965317726135,0.12573568522930145
va_long_beach,hungary,v2_attention_equal_budget,v2,0,5066,20.0,0.3788329064846039,0.523071524444336,0.3788329064846039,0.4012758135795593,0.11642495542764664
va_long_beach,hungary,v2_attention_equal_budget,v2,0,5066,25.0,0.358429491519928,0.5895862202244218,0.358429491519928,0.38912346959114075,0.11162526905536652
va_long_beach,hungary,v2_attention_equal_budget,v2,0,5066,30.0,0.32648491859436035,0.6279666882835715,0.32648491859436035,0.3838983476161957,0.09813543409109116
va_long_beach,hungary,v2_attention_equal_budget,v2,0,5066,35.0,0.32488828897476196,0.5982639212646219,0.32488828897476196,0.38665539026260376,0.10133787244558334
va_long_beach,hungary,v2_attention_equal_budget,v2,0,5066,40.0,0.29740574955940247,0.6483489803109274,0.29740574955940247,0.37763071060180664,0.08828449249267578
va_long_beach,hungary,v2_attention_equal_budget,v2,0,5066,45.0,0.25647056102752686,0.5687408518713379,0.25647056102752686,0.34371912479400635,0.0718199834227562
va_long_beach,hungary,v2_attention_equal_budget,v2,0,5066,50.0,0.2645447254180908,0.5996712821813125,0.2645447254180908,0.34416693449020386,0.07953700423240662
va_long_beach,hungary,v2_attention_equal_budget,v2,0,5067,5.0,0.5170295834541321,0.5528368357244355,0.5170295834541321,0.5340992212295532,0.16950342059135437
va_long_beach,hungary,v2_attention_equal_budget,v2,0,5067,10.0,0.45734602212905884,0.49683086415775846,0.45734602212905884,0.4940760135650635,0.1510004997253418
va_long_beach,hungary,v2_attention_equal_budget,v2,0,5067,15.0,0.40456390380859375,0.5580811238426274,0.40456390380859375,0.41579997539520264,0.1330874115228653
va_long_beach,hungary,v2_attention_equal_budget,v2,0,5067,20.0,0.3591614067554474,0.622757921433973,0.3591614067554474,0.3968454599380493,0.10952010005712509
va_long_beach,hungary,v2_attention_equal_budget,v2,0,5067,25.0,0.3089595437049866,0.5925990558840342,0.3089595437049866,0.3776876926422119,0.09157919883728027
va_long_beach,hungary,v2_attention_equal_budget,v2,0,5067,30.0,0.29614514112472534,0.6156753166182516,0.29614514112472534,0.37169700860977173,0.08916477859020233
va_long_beach,hungary,v2_attention_equal_budget,v2,0,5067,35.0,0.2985003590583801,0.647532088883948,0.2985003590583801,0.35308706760406494,0.08882772922515869
va_long_beach,hungary,v2_attention_equal_budget,v2,0,5067,40.0,0.2549076974391937,0.6234803740729224,0.2549076974391937,0.3271213173866272,0.07313762605190277
va_long_beach,hungary,v2_attention_equal_budget,v2,0,5067,45.0,0.22824400663375854,0.6108409503158956,0.22824400663375854,0.2994205057621002,0.06428415328264236
va_long_beach,hungary,v2_attention_equal_budget,v2,0,5067,50.0,0.22704839706420898,0.6307960915189316,0.22704839706420898,0.35352063179016113,0.06606964766979218
va_long_beach,hungary,v2_attention_equal_budget,v2,0,5068,5.0,0.5297839641571045,0.5477947080231818,0.5297839641571045,0.5591067671775818,0.1749287247657776
va_long_beach,hungary,v2_attention_equal_budget,v2,0,5068,10.0,0.4386667013168335,0.5808152758563601,0.4386667013168335,0.45628708600997925,0.13975563645362854
va_long_beach,hungary,v2_attention_equal_budget,v2,0,5068,15.0,0.3586580455303192,0.7037050824160853,0.3586580455303192,0.407742977142334,0.11077667772769928
va_long_beach,hungary,v2_attention_equal_budget,v2,0,5068,20.0,0.3738335371017456,0.7630092108688218,0.3738335371017456,0.3889538645744324,0.11647018045186996
va_long_beach,hungary,v2_attention_equal_budget,v2,0,5068,25.0,0.3143243193626404,0.8007612931643786,0.3143243193626404,0.33975479006767273,0.0950695127248764
va_long_beach,hungary,v2_attention_equal_budget,v2,0,5068,30.0,0.28761082887649536,0.8791784257806501,0.28761082887649536,0.3404378294944763,0.08496765792369843
va_long_beach,hungary,v2_attention_equal_budget,v2,0,5068,35.0,0.2630887031555176,0.7988833412867782,0.2630887031555176,0.34453967213630676,0.07685919851064682
va_long_beach,hungary,v2_attention_equal_budget,v2,0,5068,40.0,0.22052264213562012,0.9179792020369177,0.22052264213562012,0.3211748003959656,0.06050495803356171
va_long_beach,hungary,v2_attention_equal_budget,v2,0,5068,45.0,0.21887721121311188,0.8925249437971314,0.21887721121311188,0.3128128945827484,0.06246422976255417
va_long_beach,hungary,v2_attention_equal_budget,v2,0,5069,5.0,0.5518205165863037,0.5234388104194632,0.5518205165863037,0.5626329779624939,0.1827145516872406
va_long_beach,hungary,v2_attention_equal_budget,v2,0,5069,10.0,0.43293148279190063,0.5246139736919382,0.43293148279190063,0.4441855251789093,0.13581931591033936
va_long_beach,hungary,v2_attention_equal_budget,v2,0,5069,15.0,0.41356712579727173,0.5514222062946709,0.41356712579727173,0.4351179003715515,0.13088728487491608
va_long_beach,hungary,v2_attention_equal_budget,v2,0,5069,20.0,0.3730745017528534,0.5822865910752899,0.3730745017528534,0.4125480055809021,0.11678384244441986
va_long_beach,hungary,v2_attention_equal_budget,v2,0,5069,25.0,0.3601916432380676,0.5935069054395525,0.3601916432380676,0.39011356234550476,0.11146483570337296
va_long_beach,hungary,v2_attention_equal_budget,v2,0,5069,30.0,0.310161828994751,0.6384410418971431,0.310161828994751,0.3711663484573364,0.0936744287610054
va_long_beach,hungary,v2_attention_equal_budget,v2,0,5069,35.0,0.2754232883453369,0.6741907115438744,0.2754232883453369,0.3602284789085388,0.08187708258628845
va_long_beach,hungary,v2_attention_equal_budget,v2,0,5069,40.0,0.252249151468277,0.7883265735376546,0.252249151468277,0.3477799892425537,0.07286469638347626
va_long_beach,hungary,v2_attention_equal_budget,v2,0,5069,45.0,0.23871158063411713,0.9162942520232202,0.23871158063411713,0.3477666974067688,0.07002464681863785
va_long_beach,hungary,v2_attention_equal_budget,v2,0,5070,5.0,0.5716421604156494,0.5429686280338379,0.5716421604156494,0.5758810639381409,0.19173114001750946
va_long_beach,hungary,v2_attention_equal_budget,v2,0,5070,10.0,0.43977031111717224,0.5169589865665519,0.43977031111717224,0.44551563262939453,0.1422281563282013
va_long_beach,hungary,v2_attention_equal_budget,v2,0,5070,15.0,0.4043741524219513,0.604243129566953,0.4043741524219513,0.451194703578949,0.12665188312530518
va_long_beach,hungary,v2_attention_equal_budget,v2,0,5070,20.0,0.35482674837112427,0.66924602139865,0.35482674837112427,0.42732828855514526,0.10800865292549133
va_long_beach,hungary,v2_attention_equal_budget,v2,0,5070,25.0,0.3467217981815338,0.7082467204619628,0.3467217981815338,0.37523984909057617,0.10630705952644348
va_long_beach,hungary,v2_attention_equal_budget,v2,0,5070,30.0,0.30885350704193115,0.7120575028803973,0.30885350704193115,0.3714476525783539,0.09137407690286636
va_long_beach,hungary,v2_attention_equal_budget,v2,0,5070,35.0,0.30661720037460327,0.737366168337928,0.30661720037460327,0.3667183518409729,0.09040405601263046
va_long_beach,hungary,v2_attention_equal_budget,v2,0,5070,40.0,0.28392109274864197,0.7576063585250681,0.28392109274864197,0.3649747371673584,0.0840679481625557
va_long_beach,hungary,v2_attention_equal_budget,v2,0,5070,45.0,0.27340030670166016,0.7826894736635104,0.27340030670166016,0.36073583364486694,0.07803834229707718
va_long_beach,hungary,v2_attention_equal_budget,v2,0,5070,50.0,0.23709876835346222,0.7879398673126273,0.23709876835346222,0.340899258852005,0.06651513278484344
va_long_beach,hungary,v2_attention_equal_budget,v2,0,5071,5.0,0.5752562284469604,0.5539831737398372,0.5752562284469604,0.5864901542663574,0.19532059133052826
va_long_beach,hungary,v2_attention_equal_budget,v2,0,5071,10.0,0.464491069316864,0.530441183031977,0.464491069316864,0.49052175879478455,0.14985531568527222
va_long_beach,hungary,v2_attention_equal_budget,v2,0,5071,15.0,0.4096512794494629,0.5842118668800869,0.4096512794494629,0.4716241955757141,0.12810112535953522
va_long_beach,hungary,v2_attention_equal_budget,v2,0,5071,20.0,0.39761626720428467,0.5813655628841572,0.39761626720428467,0.4336387515068054,0.12654149532318115
va_long_beach,hungary,v2_attention_equal_budget,v2,0,5071,25.0,0.3309539556503296,0.5866173086847137,0.3309539556503296,0.3840765357017517,0.10302282869815826
va_long_beach,hungary,v2_attention_equal_budget,v2,0,5071,30.0,0.29567399621009827,0.6000124076795488,0.29567399621009827,0.3734872043132782,0.08661998808383942
va_long_beach,hungary,v2_attention_equal_budget,v2,0,5071,35.0,0.2588728070259094,0.6525057042900122,0.2588728070259094,0.3466421961784363,0.07645685970783234
va_long_beach,hungary,v2_attention_equal_budget,v2,0,5071,40.0,0.2580797076225281,0.6923573939178326,0.2580797076225281,0.34486284852027893,0.07573305070400238
va_long_beach,hungary,v2_attention_equal_budget,v2,0,5071,45.0,0.227242112159729,0.7659298077099284,0.227242112159729,0.3520493507385254,0.06775017082691193
va_long_beach,hungary,v2_attention_equal_budget,v2,0,5071,50.0,0.23721849918365479,0.7969040428387082,0.23721849918365479,0.33194947242736816,0.0707908496260643
va_long_beach,switzerland,v2_attention_equal_budget,v2,0,5062,5.0,0.48559650778770447,0.7334099417478158,0.48559650778770447,0.5061342716217041,0.15543219447135925
va_long_beach,switzerland,v2_attention_equal_budget,v2,0,5062,10.0,0.4049393832683563,0.8098640402909256,0.4049393832683563,0.4141293168067932,0.12750358879566193
va_long_beach,switzerland,v2_attention_equal_budget,v2,0,5062,15.0,0.37448233366012573,0.871830450414881,0.37448233366012573,0.38534069061279297,0.11633381247520447
va_long_beach,switzerland,v2_attention_equal_budget,v2,0,5062,20.0,0.35080641508102417,0.8876047388423709,0.35080641508102417,0.36214518547058105,0.10857345163822174
va_long_beach,switzerland,v2_attention_equal_budget,v2,0,5062,25.0,0.33890533447265625,0.8741951344825334,0.33890533447265625,0.3420267403125763,0.10347935557365417
va_long_beach,switzerland,v2_attention_equal_budget,v2,0,5062,30.0,0.30649077892303467,0.9296090449130305,0.30649077892303467,0.31486862897872925,0.09297975152730942
va_long_beach,switzerland,v2_attention_equal_budget,v2,0,5062,35.0,0.3096894919872284,0.9494422377231695,0.3096894919872284,0.31406575441360474,0.09523764252662659
va_long_beach,switzerland,v2_attention_equal_budget,v2,0,5062,40.0,0.29045069217681885,0.9291883863131387,0.29045069217681885,0.29661503434181213,0.08744260668754578
va_long_beach,switzerland,v2_attention_equal_budget,v2,0,5062,45.0,0.27675533294677734,0.9546944732537486,0.27675533294677734,0.27957022190093994,0.08344519883394241
va_long_beach,switzerland,v2_attention_equal_budget,v2,0,5063,5.0,0.46441397070884705,0.7021056150829738,0.46441397070884705,0.48933517932891846,0.14843595027923584
va_long_beach,switzerland,v2_attention_equal_budget,v2,0,5063,10.0,0.3933835029602051,0.7307276487572854,0.3933835029602051,0.41059696674346924,0.12470941245555878
va_long_beach,switzerland,v2_attention_equal_budget,v2,0,5063,15.0,0.3579612374305725,0.8596261398874352,0.3579612374305725,0.36077117919921875,0.10997302830219269
va_long_beach,switzerland,v2_attention_equal_budget,v2,0,5063,20.0,0.3478195071220398,0.9448561333549998,0.3478195071220398,0.3546643853187561,0.10863608121871948
va_long_beach,switzerland,v2_attention_equal_budget,v2,0,5063,25.0,0.33448582887649536,0.9193206726954943,0.33448582887649536,0.3405250906944275,0.10291688144207001
va_long_beach,switzerland,v2_attention_equal_budget,v2,0,5063,30.0,0.3239423632621765,0.9457510028915261,0.3239423632621765,0.326366662979126,0.10012029111385345
va_long_beach,switzerland,v2_attention_equal_budget,v2,0,5063,35.0,0.3047618567943573,0.9712486804425224,0.3047618567943573,0.3130478262901306,0.093320831656456
va_long_beach,switzerland,v2_attention_equal_budget,v2,0,5063,40.0,0.2990124821662903,1.0068927006971808,0.2990124821662903,0.2990643084049225,0.09320001304149628
va_long_beach,switzerland,v2_attention_equal_budget,v2,0,5063,45.0,0.2865910828113556,1.0416353787487573,0.2865910828113556,0.2866411805152893,0.08898512274026871
va_long_beach,switzerland,v2_attention_equal_budget,v2,0,5064,5.0,0.48261332511901855,0.6331945343386982,0.48261332511901855,0.5016604065895081,0.15457181632518768
va_long_beach,switzerland,v2_attention_equal_budget,v2,0,5064,10.0,0.4102422595024109,0.7197707878463713,0.4102422595024109,0.4218744933605194,0.13088011741638184
va_long_beach,switzerland,v2_attention_equal_budget,v2,0,5064,15.0,0.3634815216064453,0.7356883301744404,0.3634815216064453,0.3685760498046875,0.1126427873969078
va_long_beach,switzerland,v2_attention_equal_budget,v2,0,5064,20.0,0.3483733832836151,0.8318376123120745,0.3483733832836151,0.34890246391296387,0.10800009965896606
va_long_beach,switzerland,v2_attention_equal_budget,v2,0,5064,25.0,0.3373528718948364,0.8240115068232653,0.3373528718948364,0.34691399335861206,0.10451263189315796
va_long_beach,switzerland,v2_attention_equal_budget,v2,0,5064,30.0,0.3262650966644287,0.8084016814985716,0.3262650966644287,0.3273268938064575,0.10236985981464386
va_long_beach,switzerland,v2_attention_equal_budget,v2,0,5064,35.0,0.3093242347240448,0.8784981033319403,0.3093242347240448,0.3109060525894165,0.09584464132785797
va_long_beach,switzerland,v2_attention_equal_budget,v2,0,5064,40.0,0.27666112780570984,0.9034181842838058,0.27666112780570984,0.2770615220069885,0.08359353244304657
va_long_beach,switzerland,v2_attention_equal_budget,v2,0,5064,45.0,0.28182995319366455,0.954143498795367,0.28182995319366455,0.3070056140422821,0.08451381325721741
va_long_beach,switzerland,v2_attention_equal_budget,v2,0,5065,5.0,0.45560601353645325,0.757632858858704,0.45560601353645325,0.460521936416626,0.143728107213974
va_long_beach,switzerland,v2_attention_equal_budget,v2,0,5065,10.0,0.408698171377182,0.8968764468864007,0.408698171377182,0.4155524671077728,0.12964549660682678
va_long_beach,switzerland,v2_attention_equal_budget,v2,0,5065,15.0,0.3761168420314789,1.0180080290448423,0.3761168420314789,0.37708523869514465,0.11753568053245544
va_long_beach,switzerland,v2_attention_equal_budget,v2,0,5065,20.0,0.3450625538825989,1.0674704877989947,0.3450625538825989,0.36232513189315796,0.10685596615076065
va_long_beach,switzerland,v2_attention_equal_budget,v2,0,5065,25.0,0.33221858739852905,0.9489504709300451,0.33221858739852905,0.3341810703277588,0.10254721343517303
va_long_beach,switzerland,v2_attention_equal_budget,v2,0,5065,30.0,0.3148099184036255,0.9142943763799971,0.3148099184036255,0.32135462760925293,0.0961078405380249
va_long_beach,switzerland,v2_attention_equal_budget,v2,0,5065,35.0,0.3101719617843628,0.9605109864046363,0.3101719617843628,0.322665274143219,0.09585398435592651
va_long_beach,switzerland,v2_attention_equal_budget,v2,0,5065,40.0,0.2963874638080597,0.9885080499856476,0.2963874638080597,0.30179595947265625,0.08985843509435654
va_long_beach,switzerland,v2_attention_equal_budget,v2,0,5065,45.0,0.27328377962112427,1.0533479804895842,0.27328377962112427,0.2759719491004944,0.08337222039699554
va_long_beach,switzerland,v2_attention_equal_budget,v2,0,5066,5.0,0.4503018260002136,0.9097166363261497,0.4503018260002136,0.45188963413238525,0.1406123787164688
va_long_beach,switzerland,v2_attention_equal_budget,v2,0,5066,10.0,0.39003682136535645,1.1106156567146372,0.39003682136535645,0.3976805508136749,0.12192483246326447
va_long_beach,switzerland,v2_attention_equal_budget,v2,0,5066,15.0,0.36741065979003906,0.9787737159132276,0.36741065979003906,0.3725598156452179,0.11447477340698242
va_long_beach,switzerland,v2_attention_equal_budget,v2,0,5066,20.0,0.3552823066711426,0.9030899740703503,0.3552823066711426,0.36214351654052734,0.1092376857995987
va_long_beach,switzerland,v2_attention_equal_budget,v2,0,5066,25.0,0.3460683226585388,0.9457130007683308,0.3460683226585388,0.3467528223991394,0.10803401470184326
va_long_beach,switzerland,v2_attention_equal_budget,v2,0,5066,30.0,0.3215354084968567,1.0122893474027714,0.3215354084968567,0.32453492283821106,0.09946165978908539
va_long_beach,switzerland,v2_attention_equal_budget,v2,0,5066,35.0,0.31321775913238525,0.9736359931081612,0.31321775913238525,0.31928226351737976,0.0970546305179596
va_long_beach,switzerland,v2_attention_equal_budget,v2,0,5066,40.0,0.30503907799720764,0.9647794534194172,0.30503907799720764,0.30810314416885376,0.0925566554069519
va_long_beach,switzerland,v2_attention_equal_budget,v2,0,5066,45.0,0.29467445611953735,1.017978783002941,0.29467445611953735,0.30568376183509827,0.09028816968202591
va_long_beach,switzerland,v2_attention_equal_budget,v2,0,5066,50.0,0.27184829115867615,1.028495064600929,0.27184829115867615,0.28014278411865234,0.08250491321086884
va_long_beach,switzerland,v2_attention_equal_budget,v2,0,5066,55.0,0.2748377323150635,1.0827294456658692,0.2748377323150635,0.2879525423049927,0.08390530198812485
va_long_beach,switzerland,v2_attention_equal_budget,v2,0,5066,60.0,0.24098065495491028,1.133480293816383,0.24098065495491028,0.24690167605876923,0.07083715498447418
va_long_beach,switzerland,v2_attention_equal_budget,v2,0,5067,5.0,0.47771039605140686,0.64765536404882,0.47771039605140686,0.48389071226119995,0.1528918743133545
va_long_beach,switzerland,v2_attention_equal_budget,v2,0,5067,10.0,0.40630918741226196,0.7145471686699353,0.40630918741226196,0.40697920322418213,0.12762898206710815
va_long_beach,switzerland,v2_attention_equal_budget,v2,0,5067,15.0,0.37606048583984375,0.8072257892095168,0.37606048583984375,0.3791646957397461,0.11660483479499817
va_long_beach,switzerland,v2_attention_equal_budget,v2,0,5067,20.0,0.35942813754081726,0.8037801470861673,0.35942813754081726,0.3602820634841919,0.11217495054006577
va_long_beach,switzerland,v2_attention_equal_budget,v2,0,5067,25.0,0.3457019627094269,0.7733407834361192,0.3457019627094269,0.3480645716190338,0.1071590855717659
va_long_beach,switzerland,v2_attention_equal_budget,v2,0,5067,30.0,0.3181712031364441,0.7766089966580813,0.3181712031364441,0.32296043634414673,0.09601957350969315
va_long_beach,switzerland,v2_attention_equal_budget,v2,0,5067,35.0,0.30828848481178284,0.8441326195854588,0.30828848481178284,0.3198179602622986,0.09518204629421234
va_long_beach,switzerland,v2_attention_equal_budget,v2,0,5067,40.0,0.2995922863483429,0.816317637857995,0.2995922863483429,0.3017580211162567,0.09122166782617569
va_long_beach,switzerland,v2_attention_equal_budget,v2,0,5067,45.0,0.28185442090034485,0.8673308794349732,0.28185442090034485,0.29968518018722534,0.08635933697223663
va_long_beach,switzerland,v2_attention_equal_budget,v2,0,5068,5.0,0.47761616110801697,0.642696736419635,0.47761616110801697,0.49360930919647217,0.1516127586364746
va_long_beach,switzerland,v2_attention_equal_budget,v2,0,5068,10.0,0.38292497396469116,0.7539130667294938,0.38292497396469116,0.38933616876602173,0.12093460559844971
va_long_beach,switzerland,v2_attention_equal_budget,v2,0,5068,15.0,0.3569216728210449,0.7630133909672394,0.3569216728210449,0.3692082166671753,0.1106242761015892
va_long_beach,switzerland,v2_attention_equal_budget,v2,0,5068,20.0,0.3401682376861572,0.8053136522865443,0.3401682376861572,0.34803956747055054,0.10528452694416046
va_long_beach,switzerland,v2_attention_equal_budget,v2,0,5068,25.0,0.32761961221694946,0.8555606940718318,0.32761961221694946,0.3392176926136017,0.10139680653810501
va_long_beach,switzerland,v2_attention_equal_budget,v2,0,5068,30.0,0.3108025789260864,0.8876704256836268,0.3108025789260864,0.317871630191803,0.09585487842559814
va_long_beach,switzerland,v2_attention_equal_budget,v2,0,5068,35.0,0.3082226514816284,0.88446973121512,0.3082226514816284,0.31732338666915894,0.09450917690992355
va_long_beach,switzerland,v2_attention_equal_budget,v2,0,5068,40.0,0.294203519821167,0.9298836032741709,0.294203519821167,0.2951961159706116,0.08909996598958969
va_long_beach,switzerland,v2_attention_equal_budget,v2,0,5068,45.0,0.2861937880516052,0.9389360853200117,0.2861937880516052,0.2931455671787262,0.08783706277608871
va_long_beach,switzerland,v2_attention_equal_budget,v2,0,5069,5.0,0.4436648488044739,0.7275207332188056,0.4436648488044739,0.457607626914978,0.13984355330467224
va_long_beach,switzerland,v2_attention_equal_budget,v2,0,5069,10.0,0.3665996789932251,0.857899113428394,0.3665996789932251,0.3674684762954712,0.11237228661775589
va_long_beach,switzerland,v2_attention_equal_budget,v2,0,5069,15.0,0.3582216501235962,0.9011445373141898,0.3582216501235962,0.3698844909667969,0.11212784051895142
va_long_beach,switzerland,v2_attention_equal_budget,v2,0,5069,20.0,0.3404999077320099,0.9006622651742772,0.3404999077320099,0.34828323125839233,0.10553213208913803
va_long_beach,switzerland,v2_attention_equal_budget,v2,0,5069,25.0,0.32785212993621826,0.9372826037652289,0.32785212993621826,0.3317265212535858,0.10017558932304382
va_long_beach,switzerland,v2_attention_equal_budget,v2,0,5069,30.0,0.30961984395980835,0.9465308289820131,0.30961984395980835,0.3098386228084564,0.09442252665758133
va_long_beach,switzerland,v2_attention_equal_budget,v2,0,5069,35.0,0.30859214067459106,0.9733459304173613,0.30859214067459106,0.31483137607574463,0.09352915734052658
va_long_beach,switzerland,v2_attention_equal_budget,v2,0,5069,40.0,0.28901708126068115,1.0310017277227725,0.28901708126068115,0.29559606313705444,0.08628127723932266
va_long_beach,switzerland,v2_attention_equal_budget,v2,0,5069,45.0,0.2811431288719177,1.0862343297565626,0.2811431288719177,0.287303626537323,0.08305974304676056
va_long_beach,switzerland,v2_attention_equal_budget,v2,0,5070,5.0,0.49710381031036377,0.6717207515962792,0.49710381031036377,0.5373117923736572,0.16037392616271973
va_long_beach,switzerland,v2_attention_equal_budget,v2,0,5070,10.0,0.392581969499588,0.7857850431583573,0.392581969499588,0.41428959369659424,0.12344761192798615
va_long_beach,switzerland,v2_attention_equal_budget,v2,0,5070,15.0,0.36973837018013,0.8562296558052687,0.36973837018013,0.3714245557785034,0.1146283894777298
va_long_beach,switzerland,v2_attention_equal_budget,v2,0,5070,20.0,0.35168105363845825,0.8687248871299342,0.35168105363845825,0.36186254024505615,0.10955095291137695
va_long_beach,switzerland,v2_attention_equal_budget,v2,0,5070,25.0,0.3232606053352356,0.8754180601472372,0.3232606053352356,0.33982282876968384,0.09904109686613083
va_long_beach,switzerland,v2_attention_equal_budget,v2,0,5070,30.0,0.3199429214000702,0.8771221073294797,0.3199429214000702,0.32646405696868896,0.09826669096946716
va_long_beach,switzerland,v2_attention_equal_budget,v2,0,5070,35.0,0.31125444173812866,0.8923235748317238,0.31125444173812866,0.3117847442626953,0.09600004553794861
va_long_beach,switzerland,v2_attention_equal_budget,v2,0,5070,40.0,0.3024020493030548,0.891135051041432,0.3024020493030548,0.31046223640441895,0.09243564307689667
va_long_beach,switzerland,v2_attention_equal_budget,v2,0,5070,45.0,0.28477269411087036,0.9035224172236707,0.28477269411087036,0.3064084053039551,0.08579589426517487
va_long_beach,switzerland,v2_attention_equal_budget,v2,0,5071,5.0,0.46976399421691895,0.6204549394789767,0.46976399421691895,0.47663217782974243,0.1485634744167328
va_long_beach,switzerland,v2_attention_equal_budget,v2,0,5071,10.0,0.3969031870365143,0.7478398047049633,0.3969031870365143,0.3990493416786194,0.12477335333824158
va_long_beach,switzerland,v2_attention_equal_budget,v2,0,5071,15.0,0.37119239568710327,0.7320462087208331,0.37119239568710327,0.3891175389289856,0.11538180708885193
va_long_beach,switzerland,v2_attention_equal_budget,v2,0,5071,20.0,0.3498011529445648,0.764035090908681,0.3498011529445648,0.3498864471912384,0.10808909684419632
va_long_beach,switzerland,v2_attention_equal_budget,v2,0,5071,25.0,0.35071301460266113,0.8339633389186007,0.35071301460266113,0.35234856605529785,0.10886816680431366
va_long_beach,switzerland,v2_attention_equal_budget,v2,0,5071,30.0,0.334146112203598,0.7929468076587484,0.334146112203598,0.33484387397766113,0.10256901383399963
va_long_beach,switzerland,v2_attention_equal_budget,v2,0,5071,35.0,0.31667834520339966,0.7702892335099054,0.31667834520339966,0.3207766115665436,0.09740644693374634
va_long_beach,switzerland,v2_attention_equal_budget,v2,0,5071,40.0,0.31375089287757874,0.8297206892182208,0.31375089287757874,0.3323109745979309,0.09696771949529648
va_long_beach,switzerland,v2_attention_equal_budget,v2,0,5071,45.0,0.30002856254577637,0.8654243166607806,0.30002856254577637,0.31457430124282837,0.0933929830789566
va_long_beach,cleveland,v2_deepsets_equal_budget,v2,0,5062,5.0,0.5903920531272888,0.6302772843074582,0.5903920531272888,0.6037410497665405,0.19954481720924377
va_long_beach,cleveland,v2_deepsets_equal_budget,v2,0,5062,10.0,0.48620977997779846,0.5992595465727488,0.48620977997779846,0.5114149451255798,0.1543843150138855
va_long_beach,cleveland,v2_deepsets_equal_budget,v2,0,5062,15.0,0.43350347876548767,0.6125592029631375,0.43350347876548767,0.4621931314468384,0.13655024766921997
va_long_beach,cleveland,v2_deepsets_equal_budget,v2,0,5062,20.0,0.3888496458530426,0.6523889794182945,0.3888496458530426,0.3940597176551819,0.12407857924699783
va_long_beach,cleveland,v2_deepsets_equal_budget,v2,0,5062,25.0,0.35430070757865906,0.6916253681145003,0.35430070757865906,0.37803566455841064,0.11061060428619385
va_long_beach,cleveland,v2_deepsets_equal_budget,v2,0,5062,30.0,0.35086849331855774,0.7108436647842888,0.35086849331855774,0.38549625873565674,0.10838279128074646
va_long_beach,cleveland,v2_deepsets_equal_budget,v2,0,5062,35.0,0.3403584957122803,0.7409977756285162,0.3403584957122803,0.37811142206192017,0.10543382167816162
va_long_beach,cleveland,v2_deepsets_equal_budget,v2,0,5062,40.0,0.3294627070426941,0.7346800988093671,0.3294627070426941,0.3572165369987488,0.10171361267566681
va_long_beach,cleveland,v2_deepsets_equal_budget,v2,0,5062,45.0,0.3111623227596283,0.7527032988987863,0.3111623227596283,0.35089021921157837,0.09335765242576599
va_long_beach,cleveland,v2_deepsets_equal_budget,v2,0,5062,50.0,0.33747079968452454,0.7239664483315486,0.33747079968452454,0.360873818397522,0.10440623760223389
va_long_beach,cleveland,v2_deepsets_equal_budget,v2,0,5063,5.0,0.6246820092201233,0.646802168140867,0.6246820092201233,0.6300795078277588,0.21605566143989563
va_long_beach,cleveland,v2_deepsets_equal_budget,v2,0,5063,10.0,0.5218732357025146,0.6150151508604015,0.5218732357025146,0.535036563873291,0.16867388784885406
va_long_beach,cleveland,v2_deepsets_equal_budget,v2,0,5063,15.0,0.4499377906322479,0.5996527127554911,0.4499377906322479,0.4725993275642395,0.1413934826850891
va_long_beach,cleveland,v2_deepsets_equal_budget,v2,0,5063,20.0,0.40292173624038696,0.6025471297362583,0.40292173624038696,0.4200822710990906,0.1267993152141571
va_long_beach,cleveland,v2_deepsets_equal_budget,v2,0,5063,25.0,0.3728512227535248,0.6148092656193034,0.3728512227535248,0.382082462310791,0.11825686693191528
va_long_beach,cleveland,v2_deepsets_equal_budget,v2,0,5063,30.0,0.3618985116481781,0.6366100967749153,0.3618985116481781,0.3843323588371277,0.1143610030412674
va_long_beach,cleveland,v2_deepsets_equal_budget,v2,0,5063,35.0,0.3493775725364685,0.6492892536245078,0.3493775725364685,0.36416101455688477,0.10988226532936096
va_long_beach,cleveland,v2_deepsets_equal_budget,v2,0,5063,40.0,0.3379955291748047,0.6604873839632801,0.3379955291748047,0.3737252354621887,0.10469646751880646
va_long_beach,cleveland,v2_deepsets_equal_budget,v2,0,5063,45.0,0.3391631841659546,0.6732100316886365,0.3391631841659546,0.3610200583934784,0.10540682077407837
va_long_beach,cleveland,v2_deepsets_equal_budget,v2,0,5063,50.0,0.31941187381744385,0.686897191000347,0.31941187381744385,0.36134013533592224,0.09861510246992111
va_long_beach,cleveland,v2_deepsets_equal_budget,v2,0,5063,55.0,0.3222962021827698,0.6875080932328286,0.3222962021827698,0.36353591084480286,0.09919971227645874
va_long_beach,cleveland,v2_deepsets_equal_budget,v2,0,5064,5.0,0.6148260831832886,0.6312902898499098,0.6148260831832886,0.633370578289032,0.21132725477218628
va_long_beach,cleveland,v2_deepsets_equal_budget,v2,0,5064,10.0,0.5067065954208374,0.5826140195966799,0.5067065954208374,0.5346845388412476,0.16239380836486816
va_long_beach,cleveland,v2_deepsets_equal_budget,v2,0,5064,15.0,0.42984169721603394,0.5792280980382221,0.42984169721603394,0.447193443775177,0.135160893201828
va_long_beach,cleveland,v2_deepsets_equal_budget,v2,0,5064,20.0,0.3819161355495453,0.6232965341770589,0.3819161355495453,0.3877972960472107,0.11957049369812012
va_long_beach,cleveland,v2_deepsets_equal_budget,v2,0,5064,25.0,0.37325555086135864,0.6823616324690012,0.37325555086135864,0.39290061593055725,0.11792314052581787
va_long_beach,cleveland,v2_deepsets_equal_budget,v2,0,5064,30.0,0.37264811992645264,0.7170276273608327,0.37264811992645264,0.3876781165599823,0.11728522926568985
va_long_beach,cleveland,v2_deepsets_equal_budget,v2,0,5064,35.0,0.34972986578941345,0.7200615771403327,0.34972986578941345,0.3801153898239136,0.10886041820049286
va_long_beach,cleveland,v2_deepsets_equal_budget,v2,0,5064,40.0,0.344094455242157,0.714173648913387,0.344094455242157,0.371975302696228,0.1083642840385437
va_long_beach,cleveland,v2_deepsets_equal_budget,v2,0,5064,45.0,0.33434975147247314,0.718335378225097,0.33434975147247314,0.3750976026058197,0.10209813714027405
va_long_beach,cleveland,v2_deepsets_equal_budget,v2,0,5064,50.0,0.33849579095840454,0.7170350690670303,0.33849579095840454,0.36432716250419617,0.105719193816185
va_long_beach,cleveland,v2_deepsets_equal_budget,v2,0,5064,55.0,0.3238433003425598,0.7209382602505499,0.3238433003425598,0.36890125274658203,0.0978662297129631
va_long_beach,cleveland,v2_deepsets_equal_budget,v2,0,5065,5.0,0.6288838386535645,0.6369845269224761,0.6288838386535645,0.6379633545875549,0.21844184398651123
va_long_beach,cleveland,v2_deepsets_equal_budget,v2,0,5065,10.0,0.5252858400344849,0.5761214158251828,0.5252858400344849,0.5518829822540283,0.1702517867088318
va_long_beach,cleveland,v2_deepsets_equal_budget,v2,0,5065,15.0,0.4684072732925415,0.5532792472639173,0.4684072732925415,0.5076438188552856,0.15020190179347992
va_long_beach,cleveland,v2_deepsets_equal_budget,v2,0,5065,20.0,0.4210889935493469,0.5685781080093046,0.4210889935493469,0.44428515434265137,0.1342020332813263
va_long_beach,cleveland,v2_deepsets_equal_budget,v2,0,5065,25.0,0.39247703552246094,0.6140326066110129,0.39247703552246094,0.39905932545661926,0.1250905990600586
va_long_beach,cleveland,v2_deepsets_equal_budget,v2,0,5065,30.0,0.36330267786979675,0.6739100504320066,0.36330267786979675,0.3750859200954437,0.11522932350635529
va_long_beach,cleveland,v2_deepsets_equal_budget,v2,0,5065,35.0,0.3498261272907257,0.7302142534086564,0.3498261272907257,0.39096498489379883,0.10824865102767944
va_long_beach,cleveland,v2_deepsets_equal_budget,v2,0,5065,40.0,0.34097787737846375,0.7385474173845892,0.34097787737846375,0.3802011013031006,0.10431599617004395
va_long_beach,cleveland,v2_deepsets_equal_budget,v2,0,5065,45.0,0.3501795828342438,0.7625301845912769,0.3501795828342438,0.38094455003738403,0.10948799550533295
va_long_beach,cleveland,v2_deepsets_equal_budget,v2,0,5065,50.0,0.33760952949523926,0.7718676494976418,0.33760952949523926,0.3778761327266693,0.10539433360099792
va_long_beach,cleveland,v2_deepsets_equal_budget,v2,0,5065,55.0,0.32950642704963684,0.7714751785993835,0.32950642704963684,0.376157283782959,0.1001695990562439
va_long_beach,cleveland,v2_deepsets_equal_budget,v2,0,5066,5.0,0.5921523571014404,0.6195820837913406,0.5921523571014404,0.60697340965271,0.20040641725063324
va_long_beach,cleveland,v2_deepsets_equal_budget,v2,0,5066,10.0,0.5009069442749023,0.5738891993900794,0.5009069442749023,0.5235395431518555,0.1597842276096344
va_long_beach,cleveland,v2_deepsets_equal_budget,v2,0,5066,15.0,0.436867892742157,0.5612230521668418,0.436867892742157,0.4616778492927551,0.13666827976703644
va_long_beach,cleveland,v2_deepsets_equal_budget,v2,0,5066,20.0,0.40410345792770386,0.5847775876347218,0.40410345792770386,0.4236426055431366,0.1280646175146103
va_long_beach,cleveland,v2_deepsets_equal_budget,v2,0,5066,25.0,0.3752240836620331,0.6191142490192124,0.3752240836620331,0.378817081451416,0.11902102082967758
va_long_beach,cleveland,v2_deepsets_equal_budget,v2,0,5066,30.0,0.35799235105514526,0.6613452102543884,0.35799235105514526,0.3794538378715515,0.11191945523023605
va_long_beach,cleveland,v2_deepsets_equal_budget,v2,0,5066,35.0,0.3409121334552765,0.6991031052166586,0.3409121334552765,0.3801245093345642,0.10608888417482376
va_long_beach,cleveland,v2_deepsets_equal_budget,v2,0,5066,40.0,0.32974761724472046,0.7211319878592268,0.32974761724472046,0.3762285113334656,0.09997457265853882
va_long_beach,cleveland,v2_deepsets_equal_budget,v2,0,5066,45.0,0.3304503262042999,0.7237361321766187,0.3304503262042999,0.3702293038368225,0.10183852910995483
va_long_beach,cleveland,v2_deepsets_equal_budget,v2,0,5066,50.0,0.32131609320640564,0.7102440327937839,0.32131609320640564,0.36598360538482666,0.09800763428211212
va_long_beach,cleveland,v2_deepsets_equal_budget,v2,0,5066,55.0,0.2965180277824402,0.696009840259165,0.2965180277824402,0.3652878999710083,0.08782632648944855
va_long_beach,cleveland,v2_deepsets_equal_budget,v2,0,5067,5.0,0.5891764163970947,0.6055073012100625,0.5891764163970947,0.6011008024215698,0.19891104102134705
va_long_beach,cleveland,v2_deepsets_equal_budget,v2,0,5067,10.0,0.4996907114982605,0.5529810439742181,0.4996907114982605,0.5343325138092041,0.160308375954628
va_long_beach,cleveland,v2_deepsets_equal_budget,v2,0,5067,15.0,0.4392162263393402,0.5454264741618551,0.4392162263393402,0.4735413193702698,0.14031758904457092
va_long_beach,cleveland,v2_deepsets_equal_budget,v2,0,5067,20.0,0.3923340439796448,0.5745257596828766,0.3923340439796448,0.4105900526046753,0.1255478709936142
va_long_beach,cleveland,v2_deepsets_equal_budget,v2,0,5067,25.0,0.3679794669151306,0.6111659424121123,0.3679794669151306,0.376814067363739,0.1157955676317215
va_long_beach,cleveland,v2_deepsets_equal_budget,v2,0,5067,30.0,0.3498545289039612,0.6555253499132394,0.3498545289039612,0.37825578451156616,0.10788235068321228
va_long_beach,cleveland,v2_deepsets_equal_budget,v2,0,5067,35.0,0.36347585916519165,0.6910101385806835,0.36347585916519165,0.38247689604759216,0.11464972794055939
va_long_beach,cleveland,v2_deepsets_equal_budget,v2,0,5067,40.0,0.319511741399765,0.7173286058082113,0.319511741399765,0.36801278591156006,0.09647558629512787
va_long_beach,cleveland,v2_deepsets_equal_budget,v2,0,5067,45.0,0.3208921253681183,0.7398230757068713,0.3208921253681183,0.35001954436302185,0.09910906106233597
va_long_beach,cleveland,v2_deepsets_equal_budget,v2,0,5067,50.0,0.3216349482536316,0.7398205063055967,0.3216349482536316,0.3609082102775574,0.09695953130722046
va_long_beach,cleveland,v2_deepsets_equal_budget,v2,0,5067,55.0,0.3063376843929291,0.7332359699944436,0.3063376843929291,0.35621607303619385,0.09179598093032837
va_long_beach,cleveland,v2_deepsets_equal_budget,v2,0,5068,5.0,0.6131492257118225,0.6344898845566722,0.6131492257118225,0.6196399927139282,0.21049454808235168
va_long_beach,cleveland,v2_deepsets_equal_budget,v2,0,5068,10.0,0.5232218503952026,0.5961225744466043,0.5232218503952026,0.5446822643280029,0.16923803091049194
va_long_beach,cleveland,v2_deepsets_equal_budget,v2,0,5068,15.0,0.45836201310157776,0.5729661363878255,0.45836201310157776,0.48031890392303467,0.1458018273115158
va_long_beach,cleveland,v2_deepsets_equal_budget,v2,0,5068,20.0,0.40689969062805176,0.5961865325404379,0.40689969062805176,0.4160521626472473,0.12776333093643188
va_long_beach,cleveland,v2_deepsets_equal_budget,v2,0,5068,25.0,0.38933348655700684,0.6321903392452526,0.38933348655700684,0.3993898630142212,0.12291499227285385
va_long_beach,cleveland,v2_deepsets_equal_budget,v2,0,5068,30.0,0.3814087510108948,0.6818018538232562,0.3814087510108948,0.3875267505645752,0.1203652173280716
va_long_beach,cleveland,v2_deepsets_equal_budget,v2,0,5068,35.0,0.3519992232322693,0.7290414388021448,0.3519992232322693,0.38532525300979614,0.10905081033706665
va_long_beach,cleveland,v2_deepsets_equal_budget,v2,0,5068,40.0,0.34102457761764526,0.7577623320943201,0.34102457761764526,0.37460005283355713,0.10502241551876068
va_long_beach,cleveland,v2_deepsets_equal_budget,v2,0,5068,45.0,0.3309937119483948,0.7820372575325689,0.3309937119483948,0.3678152561187744,0.10225332528352737
va_long_beach,cleveland,v2_deepsets_equal_budget,v2,0,5068,50.0,0.3382853865623474,0.7845870195668282,0.3382853865623474,0.3755302429199219,0.10534082353115082
va_long_beach,cleveland,v2_deepsets_equal_budget,v2,0,5068,55.0,0.3406146168708801,0.7916693716573528,0.3406146168708801,0.3699532747268677,0.10673192888498306
va_long_beach,cleveland,v2_deepsets_equal_budget,v2,0,5069,5.0,0.6120145320892334,0.6186706742230891,0.6120145320892334,0.6338005065917969,0.21003225445747375
va_long_beach,cleveland,v2_deepsets_equal_budget,v2,0,5069,10.0,0.5080777406692505,0.5718252519121321,0.5080777406692505,0.5401746034622192,0.16308650374412537
va_long_beach,cleveland,v2_deepsets_equal_budget,v2,0,5069,15.0,0.4489215016365051,0.5695489657644102,0.4489215016365051,0.47621816396713257,0.1418096423149109
va_long_beach,cleveland,v2_deepsets_equal_budget,v2,0,5069,20.0,0.42108386754989624,0.5949600193220956,0.42108386754989624,0.44636666774749756,0.13341450691223145
va_long_beach,cleveland,v2_deepsets_equal_budget,v2,0,5069,25.0,0.3829578757286072,0.6599645437482506,0.3829578757286072,0.3913806080818176,0.11985625326633453
va_long_beach,cleveland,v2_deepsets_equal_budget,v2,0,5069,30.0,0.3483699560165405,0.723855199088763,0.3483699560165405,0.383858323097229,0.10679516196250916
va_long_beach,cleveland,v2_deepsets_equal_budget,v2,0,5069,35.0,0.34864315390586853,0.7865084523158693,0.34864315390586853,0.3815016746520996,0.10686330497264862
va_long_beach,cleveland,v2_deepsets_equal_budget,v2,0,5069,40.0,0.3378507196903229,0.8026208827465042,0.3378507196903229,0.3740011751651764,0.10357405245304108
va_long_beach,cleveland,v2_deepsets_equal_budget,v2,0,5069,45.0,0.3285730481147766,0.8167279950301504,0.3285730481147766,0.3855295777320862,0.09975100308656693
va_long_beach,cleveland,v2_deepsets_equal_budget,v2,0,5069,50.0,0.3306209444999695,0.7841091492021879,0.3306209444999695,0.37552499771118164,0.1011715978384018
va_long_beach,cleveland,v2_deepsets_equal_budget,v2,0,5069,55.0,0.32045814394950867,0.8284677428936313,0.32045814394950867,0.3740256428718567,0.0963640958070755
va_long_beach,cleveland,v2_deepsets_equal_budget,v2,0,5070,5.0,0.6333223581314087,0.6475628285577273,0.6333223581314087,0.6483784914016724,0.22036710381507874
va_long_beach,cleveland,v2_deepsets_equal_budget,v2,0,5070,10.0,0.544992208480835,0.5947331123036517,0.544992208480835,0.5720235109329224,0.17921215295791626
va_long_beach,cleveland,v2_deepsets_equal_budget,v2,0,5070,15.0,0.47082656621932983,0.5586070084726216,0.47082656621932983,0.5007761120796204,0.150395005941391
va_long_beach,cleveland,v2_deepsets_equal_budget,v2,0,5070,20.0,0.42837458848953247,0.5513348607251061,0.42837458848953247,0.45777690410614014,0.1360682249069214
va_long_beach,cleveland,v2_deepsets_equal_budget,v2,0,5070,25.0,0.4136847257614136,0.559320310869571,0.4136847257614136,0.4439019560813904,0.1336870789527893
va_long_beach,cleveland,v2_deepsets_equal_budget,v2,0,5070,30.0,0.3834419250488281,0.5758237344182857,0.3834419250488281,0.38881587982177734,0.12413742393255234
va_long_beach,cleveland,v2_deepsets_equal_budget,v2,0,5070,35.0,0.36063265800476074,0.5937196212068416,0.36063265800476074,0.36971989274024963,0.11605323851108551
va_long_beach,cleveland,v2_deepsets_equal_budget,v2,0,5070,40.0,0.3366183936595917,0.6112716521618167,0.3366183936595917,0.3636367619037628,0.10434067994356155
va_long_beach,cleveland,v2_deepsets_equal_budget,v2,0,5070,45.0,0.32995909452438354,0.6306117039334328,0.32995909452438354,0.3576509654521942,0.10114413499832153
va_long_beach,cleveland,v2_deepsets_equal_budget,v2,0,5070,50.0,0.3183637857437134,0.652666072382197,0.3183637857437134,0.3508692681789398,0.09787250310182571
va_long_beach,cleveland,v2_deepsets_equal_budget,v2,0,5070,55.0,0.3134503960609436,0.6639769205722819,0.3134503960609436,0.34356972575187683,0.09553598612546921
va_long_beach,cleveland,v2_deepsets_equal_budget,v2,0,5070,60.0,0.32268619537353516,0.6787722599438397,0.32268619537353516,0.363808274269104,0.09976661950349808
va_long_beach,cleveland,v2_deepsets_equal_budget,v2,0,5071,5.0,0.617601215839386,0.6177162674605843,0.617601215839386,0.6230248212814331,0.21265862882137299
va_long_beach,cleveland,v2_deepsets_equal_budget,v2,0,5071,10.0,0.5158383846282959,0.5629380120210343,0.5158383846282959,0.5223056077957153,0.1662965714931488
va_long_beach,cleveland,v2_deepsets_equal_budget,v2,0,5071,15.0,0.449409157037735,0.5440120842552365,0.449409157037735,0.4752756953239441,0.1413753479719162
va_long_beach,cleveland,v2_deepsets_equal_budget,v2,0,5071,20.0,0.40185725688934326,0.567658727211328,0.40185725688934326,0.4114353656768799,0.12652084231376648
va_long_beach,cleveland,v2_deepsets_equal_budget,v2,0,5071,25.0,0.36570531129837036,0.6068962297802266,0.36570531129837036,0.3811461329460144,0.11263839900493622
va_long_beach,cleveland,v2_deepsets_equal_budget,v2,0,5071,30.0,0.35677313804626465,0.6657424424281195,0.35677313804626465,0.38202714920043945,0.1108042299747467
va_long_beach,cleveland,v2_deepsets_equal_budget,v2,0,5071,35.0,0.33590978384017944,0.6850024414362783,0.33590978384017944,0.37471622228622437,0.10104110091924667
va_long_beach,cleveland,v2_deepsets_equal_budget,v2,0,5071,40.0,0.35124829411506653,0.6970107357570834,0.35124829411506653,0.3820953369140625,0.10976381599903107
va_long_beach,cleveland,v2_deepsets_equal_budget,v2,0,5071,45.0,0.32869893312454224,0.6965808878943252,0.32869893312454224,0.3737375736236572,0.09865301102399826
va_long_beach,cleveland,v2_deepsets_equal_budget,v2,0,5071,50.0,0.3311552107334137,0.6857399753483976,0.3311552107334137,0.35995447635650635,0.10069847106933594
va_long_beach,cleveland,v2_deepsets_equal_budget,v2,0,5071,55.0,0.31749385595321655,0.6987260618293685,0.31749385595321655,0.3548579812049866,0.09563682228326797
va_long_beach,hungary,v2_deepsets_equal_budget,v2,0,5062,5.0,0.6431729793548584,0.6376958290149872,0.6431729793548584,0.6441106200218201,0.22544322907924652
va_long_beach,hungary,v2_deepsets_equal_budget,v2,0,5062,10.0,0.5723950862884521,0.5660707109314105,0.5723950862884521,0.5786678791046143,0.19152677059173584
va_long_beach,hungary,v2_deepsets_equal_budget,v2,0,5062,15.0,0.5037354826927185,0.5048903567846421,0.5037354826927185,0.5084322094917297,0.16243940591812134
va_long_beach,hungary,v2_deepsets_equal_budget,v2,0,5062,20.0,0.45611128211021423,0.48139213748984144,0.45611128211021423,0.45964300632476807,0.14584004878997803
va_long_beach,hungary,v2_deepsets_equal_budget,v2,0,5062,25.0,0.42607396841049194,0.4813135876257871,0.42607396841049194,0.4328608512878418,0.13520121574401855
va_long_beach,hungary,v2_deepsets_equal_budget,v2,0,5062,30.0,0.39927583932876587,0.48860578723378634,0.39927583932876587,0.4005409777164459,0.1270153671503067
va_long_beach,hungary,v2_deepsets_equal_budget,v2,0,5062,35.0,0.38317081332206726,0.5000946755629387,0.38317081332206726,0.38406121730804443,0.11999648809432983
va_long_beach,hungary,v2_deepsets_equal_budget,v2,0,5062,40.0,0.37295442819595337,0.5153024234802879,0.37295442819595337,0.38510560989379883,0.11776293814182281
va_long_beach,hungary,v2_deepsets_equal_budget,v2,0,5062,45.0,0.3776290714740753,0.5215937565842093,0.3776290714740753,0.39307886362075806,0.12040360271930695
va_long_beach,hungary,v2_deepsets_equal_budget,v2,0,5062,50.0,0.3466394543647766,0.5274982934961618,0.3466394543647766,0.3823932409286499,0.10688120126724243
va_long_beach,hungary,v2_deepsets_equal_budget,v2,0,5062,55.0,0.32558673620224,0.5305321160023602,0.32558673620224,0.377151757478714,0.10062272846698761
va_long_beach,hungary,v2_deepsets_equal_budget,v2,0,5062,60.0,0.3261617422103882,0.5536395891882802,0.3261617422103882,0.37073153257369995,0.0990053191781044
va_long_beach,hungary,v2_deepsets_equal_budget,v2,0,5062,65.0,0.3155263066291809,0.5867048350224756,0.3155263066291809,0.3710165023803711,0.09484058618545532
va_long_beach,hungary,v2_deepsets_equal_budget,v2,0,5063,5.0,0.6085468530654907,0.601577549771483,0.6085468530654907,0.6139614582061768,0.2083415687084198
va_long_beach,hungary,v2_deepsets_equal_budget,v2,0,5063,10.0,0.5168754458427429,0.5310826223838077,0.5168754458427429,0.5286791324615479,0.1677141636610031
va_long_beach,hungary,v2_deepsets_equal_budget,v2,0,5063,15.0,0.4536234736442566,0.4953172620279882,0.4536234736442566,0.4644472599029541,0.14494210481643677
va_long_beach,hungary,v2_deepsets_equal_budget,v2,0,5063,20.0,0.41181445121765137,0.48767912386877443,0.41181445121765137,0.4140818119049072,0.13076841831207275
va_long_beach,hungary,v2_deepsets_equal_budget,v2,0,5063,25.0,0.38163983821868896,0.49505015098693417,0.38163983821868896,0.3892839550971985,0.11864306032657623
va_long_beach,hungary,v2_deepsets_equal_budget,v2,0,5063,30.0,0.3797527551651001,0.5148748278380804,0.3797527551651001,0.38883668184280396,0.1215369924902916
va_long_beach,hungary,v2_deepsets_equal_budget,v2,0,5063,35.0,0.3690590262413025,0.5525242454387789,0.3690590262413025,0.3795030117034912,0.11694805324077606
va_long_beach,hungary,v2_deepsets_equal_budget,v2,0,5063,40.0,0.36149024963378906,0.5524416085527846,0.36149024963378906,0.3866825997829437,0.1121942549943924
va_long_beach,hungary,v2_deepsets_equal_budget,v2,0,5063,45.0,0.3326224386692047,0.5805398189409696,0.3326224386692047,0.38779279589653015,0.10199438035488129
va_long_beach,hungary,v2_deepsets_equal_budget,v2,0,5063,50.0,0.3346574306488037,0.6400508602096819,0.3346574306488037,0.3774086534976959,0.10379055142402649
va_long_beach,hungary,v2_deepsets_equal_budget,v2,0,5063,55.0,0.3473266363143921,0.5920028365015361,0.3473266363143921,0.37462154030799866,0.10964001715183258
va_long_beach,hungary,v2_deepsets_equal_budget,v2,0,5063,60.0,0.34209132194519043,0.6233395764128223,0.34209132194519043,0.38348060846328735,0.10694605857133865
va_long_beach,hungary,v2_deepsets_equal_budget,v2,0,5064,5.0,0.6353599429130554,0.6210911024606975,0.6353599429130554,0.6398015022277832,0.221420019865036
va_long_beach,hungary,v2_deepsets_equal_budget,v2,0,5064,10.0,0.5553776621818542,0.5444844747076127,0.5553776621818542,0.560566782951355,0.18387272953987122
va_long_beach,hungary,v2_deepsets_equal_budget,v2,0,5064,15.0,0.4768128991127014,0.5000161018257339,0.4768128991127014,0.4783092439174652,0.1518859565258026
va_long_beach,hungary,v2_deepsets_equal_budget,v2,0,5064,20.0,0.430691659450531,0.4920629160578476,0.430691659450531,0.43154245615005493,0.13675349950790405
va_long_beach,hungary,v2_deepsets_equal_budget,v2,0,5064,25.0,0.4014504551887512,0.5029563241914327,0.4014504551887512,0.4088525176048279,0.1275162249803543
va_long_beach,hungary,v2_deepsets_equal_budget,v2,0,5064,30.0,0.39836716651916504,0.5216050581202049,0.39836716651916504,0.40584278106689453,0.12813282012939453
va_long_beach,hungary,v2_deepsets_equal_budget,v2,0,5064,35.0,0.37823033332824707,0.5312540131731667,0.37823033332824707,0.38775211572647095,0.12045779824256897
va_long_beach,hungary,v2_deepsets_equal_budget,v2,0,5064,40.0,0.3437301516532898,0.5475268359613629,0.3437301516532898,0.37063920497894287,0.10496372729539871
va_long_beach,hungary,v2_deepsets_equal_budget,v2,0,5064,45.0,0.351387619972229,0.5566687140921663,0.351387619972229,0.3798786997795105,0.11044586449861526
va_long_beach,hungary,v2_deepsets_equal_budget,v2,0,5064,50.0,0.3477637767791748,0.5645592152301617,0.3477637767791748,0.3906397819519043,0.1089315116405487
va_long_beach,hungary,v2_deepsets_equal_budget,v2,0,5064,55.0,0.34872838854789734,0.5678632947700306,0.34872838854789734,0.3709350824356079,0.1102156937122345
va_long_beach,hungary,v2_deepsets_equal_budget,v2,0,5064,60.0,0.3131573796272278,0.5836262075559892,0.3131573796272278,0.36225879192352295,0.09646259248256683
va_long_beach,hungary,v2_deepsets_equal_budget,v2,0,5065,5.0,0.6277538537979126,0.6326265917527538,0.6277538537979126,0.629642128944397,0.21765410900115967
va_long_beach,hungary,v2_deepsets_equal_budget,v2,0,5065,10.0,0.5531285405158997,0.5619275996795196,0.5531285405158997,0.5705548524856567,0.183552086353302
va_long_beach,hungary,v2_deepsets_equal_budget,v2,0,5065,15.0,0.48088687658309937,0.5050755007166079,0.48088687658309937,0.5153205394744873,0.1548812985420227
va_long_beach,hungary,v2_deepsets_equal_budget,v2,0,5065,20.0,0.42824336886405945,0.49436398522476244,0.42824336886405945,0.4465661644935608,0.13716131448745728
va_long_beach,hungary,v2_deepsets_equal_budget,v2,0,5065,25.0,0.4080747663974762,0.5195382812151722,0.4080747663974762,0.42388075590133667,0.13096974790096283
va_long_beach,hungary,v2_deepsets_equal_budget,v2,0,5065,30.0,0.39154618978500366,0.5358286414457524,0.39154618978500366,0.39984166622161865,0.12468788772821426
va_long_beach,hungary,v2_deepsets_equal_budget,v2,0,5065,35.0,0.3736642003059387,0.5464733136032842,0.3736642003059387,0.3859736919403076,0.11771099269390106
va_long_beach,hungary,v2_deepsets_equal_budget,v2,0,5065,40.0,0.3479810357093811,0.5496020702241224,0.3479810357093811,0.37694692611694336,0.10723095387220383
va_long_beach,hungary,v2_deepsets_equal_budget,v2,0,5065,45.0,0.3454999625682831,0.5485568508741318,0.3454999625682831,0.37672358751296997,0.10695697367191315
va_long_beach,hungary,v2_deepsets_equal_budget,v2,0,5065,50.0,0.330039918422699,0.5497463530216768,0.330039918422699,0.37569910287857056,0.10013744980096817
va_long_beach,hungary,v2_deepsets_equal_budget,v2,0,5065,55.0,0.3108181357383728,0.5800926419009262,0.3108181357383728,0.36172324419021606,0.09258770942687988
va_long_beach,hungary,v2_deepsets_equal_budget,v2,0,5065,60.0,0.30679821968078613,0.5848432137667299,0.30679821968078613,0.358324259519577,0.09033683687448502
va_long_beach,hungary,v2_deepsets_equal_budget,v2,0,5066,5.0,0.6078009009361267,0.6062507248062996,0.6078009009361267,0.611697793006897,0.2079957276582718
va_long_beach,hungary,v2_deepsets_equal_budget,v2,0,5066,10.0,0.521308183670044,0.5268584703684481,0.521308183670044,0.5336004495620728,0.1693839132785797
va_long_beach,hungary,v2_deepsets_equal_budget,v2,0,5066,15.0,0.4439583420753479,0.48795270335417007,0.4439583420753479,0.4479370415210724,0.1410268396139145
va_long_beach,hungary,v2_deepsets_equal_budget,v2,0,5066,20.0,0.4097324311733246,0.4852227335652828,0.4097324311733246,0.418363094329834,0.1302575170993805
va_long_beach,hungary,v2_deepsets_equal_budget,v2,0,5066,25.0,0.3823561668395996,0.49889571945358047,0.3823561668395996,0.3846542537212372,0.12127631157636642
va_long_beach,hungary,v2_deepsets_equal_budget,v2,0,5066,30.0,0.38388654589653015,0.5328184844096249,0.38388654589653015,0.3893383741378784,0.12387646734714508
va_long_beach,hungary,v2_deepsets_equal_budget,v2,0,5066,35.0,0.36332738399505615,0.5805857692940277,0.36332738399505615,0.388397753238678,0.11468543857336044
va_long_beach,hungary,v2_deepsets_equal_budget,v2,0,5066,40.0,0.3503262996673584,0.5934274716973269,0.3503262996673584,0.3914143741130829,0.10872220993041992
va_long_beach,hungary,v2_deepsets_equal_budget,v2,0,5066,45.0,0.35349148511886597,0.6112947426165191,0.35349148511886597,0.3841371536254883,0.10876800864934921
va_long_beach,hungary,v2_deepsets_equal_budget,v2,0,5066,50.0,0.34480053186416626,0.628205145175147,0.34480053186416626,0.3707423806190491,0.10615327954292297
va_long_beach,hungary,v2_deepsets_equal_budget,v2,0,5066,55.0,0.33856186270713806,0.6395363185682262,0.33856186270713806,0.37276333570480347,0.10570475459098816
va_long_beach,hungary,v2_deepsets_equal_budget,v2,0,5066,60.0,0.31712859869003296,0.6556181457136736,0.31712859869003296,0.35215383768081665,0.09792039543390274
va_long_beach,hungary,v2_deepsets_equal_budget,v2,0,5067,5.0,0.6222251653671265,0.6124038638037193,0.6222251653671265,0.633855938911438,0.21499739587306976
va_long_beach,hungary,v2_deepsets_equal_budget,v2,0,5067,10.0,0.5319910049438477,0.5372041529172967,0.5319910049438477,0.5472882390022278,0.17393776774406433
va_long_beach,hungary,v2_deepsets_equal_budget,v2,0,5067,15.0,0.47270166873931885,0.4779473760456816,0.47270166873931885,0.5100585222244263,0.15200071036815643
va_long_beach,hungary,v2_deepsets_equal_budget,v2,0,5067,20.0,0.4246061146259308,0.46117347381191787,0.4246061146259308,0.45229625701904297,0.1346636414527893
va_long_beach,hungary,v2_deepsets_equal_budget,v2,0,5067,25.0,0.384550005197525,0.4726572501579844,0.384550005197525,0.38942670822143555,0.12171813100576401
va_long_beach,hungary,v2_deepsets_equal_budget,v2,0,5067,30.0,0.36802762746810913,0.498977569469367,0.36802762746810913,0.3824900686740875,0.11553718894720078
va_long_beach,hungary,v2_deepsets_equal_budget,v2,0,5067,35.0,0.35842108726501465,0.5235401172706196,0.35842108726501465,0.38290008902549744,0.11179950833320618
va_long_beach,hungary,v2_deepsets_equal_budget,v2,0,5067,40.0,0.3404620289802551,0.548683494561462,0.3404620289802551,0.3903212547302246,0.10385501384735107
va_long_beach,hungary,v2_deepsets_equal_budget,v2,0,5067,45.0,0.3399859070777893,0.5545242558620425,0.3399859070777893,0.37634217739105225,0.10362239927053452
va_long_beach,hungary,v2_deepsets_equal_budget,v2,0,5067,50.0,0.3434070348739624,0.5576636442423499,0.3434070348739624,0.3743455708026886,0.10864041745662689
va_long_beach,hungary,v2_deepsets_equal_budget,v2,0,5067,55.0,0.3085007667541504,0.5782558993519058,0.3085007667541504,0.36841410398483276,0.09057170152664185
va_long_beach,hungary,v2_deepsets_equal_budget,v2,0,5067,60.0,0.31765908002853394,0.5765613240051646,0.31765908002853394,0.37036556005477905,0.09515376389026642
va_long_beach,hungary,v2_deepsets_equal_budget,v2,0,5068,5.0,0.6350206136703491,0.6179907663110242,0.6350206136703491,0.6388517618179321,0.22125431895256042
va_long_beach,hungary,v2_deepsets_equal_budget,v2,0,5068,10.0,0.5590304136276245,0.5542677823649838,0.5590304136276245,0.5622024536132812,0.18534386157989502
va_long_beach,hungary,v2_deepsets_equal_budget,v2,0,5068,15.0,0.49960172176361084,0.5029890415544521,0.49960172176361084,0.5092424154281616,0.1608082503080368
va_long_beach,hungary,v2_deepsets_equal_budget,v2,0,5068,20.0,0.456066370010376,0.4887338549851361,0.456066370010376,0.4603506624698639,0.14618593454360962
va_long_beach,hungary,v2_deepsets_equal_budget,v2,0,5068,25.0,0.42242974042892456,0.4836505344145588,0.42242974042892456,0.4328348636627197,0.13351738452911377
va_long_beach,hungary,v2_deepsets_equal_budget,v2,0,5068,30.0,0.4142104685306549,0.4841931822806721,0.4142104685306549,0.4174377918243408,0.13130222260951996
va_long_beach,hungary,v2_deepsets_equal_budget,v2,0,5068,35.0,0.3901354670524597,0.49413272526251595,0.3901354670524597,0.406868577003479,0.12387783825397491
va_long_beach,hungary,v2_deepsets_equal_budget,v2,0,5068,40.0,0.3774398863315582,0.5191844187324439,0.3774398863315582,0.3888222873210907,0.12013734877109528
va_long_beach,hungary,v2_deepsets_equal_budget,v2,0,5068,45.0,0.36222633719444275,0.5847328258021903,0.36222633719444275,0.3945960998535156,0.11296389997005463
va_long_beach,hungary,v2_deepsets_equal_budget,v2,0,5068,50.0,0.347055047750473,0.61892155147847,0.347055047750473,0.379508912563324,0.10842627286911011
va_long_beach,hungary,v2_deepsets_equal_budget,v2,0,5068,55.0,0.3408491611480713,0.6040428127819144,0.3408491611480713,0.3720431625843048,0.10554894059896469
va_long_beach,hungary,v2_deepsets_equal_budget,v2,0,5068,60.0,0.3356056213378906,0.6194853177715784,0.3356056213378906,0.37772104144096375,0.10435374081134796
va_long_beach,hungary,v2_deepsets_equal_budget,v2,0,5068,65.0,0.32596272230148315,0.6607867623367043,0.32596272230148315,0.3644145727157593,0.09922167658805847
va_long_beach,hungary,v2_deepsets_equal_budget,v2,0,5069,5.0,0.6447076797485352,0.6386893500613124,0.6447076797485352,0.6525498032569885,0.22590850293636322
va_long_beach,hungary,v2_deepsets_equal_budget,v2,0,5069,10.0,0.5637717843055725,0.5736118976264002,0.5637717843055725,0.567111611366272,0.18731547892093658
va_long_beach,hungary,v2_deepsets_equal_budget,v2,0,5069,15.0,0.4906531572341919,0.5144160665129854,0.4906531572341919,0.5036746859550476,0.1564892828464508
va_long_beach,hungary,v2_deepsets_equal_budget,v2,0,5069,20.0,0.43513503670692444,0.4881227439863768,0.43513503670692444,0.44812214374542236,0.136973038315773
va_long_beach,hungary,v2_deepsets_equal_budget,v2,0,5069,25.0,0.40750962495803833,0.4896142624621952,0.40750962495803833,0.40886175632476807,0.13051007688045502
va_long_beach,hungary,v2_deepsets_equal_budget,v2,0,5069,30.0,0.39452052116394043,0.5076666146644098,0.39452052116394043,0.40638113021850586,0.12790507078170776
va_long_beach,hungary,v2_deepsets_equal_budget,v2,0,5069,35.0,0.3622215986251831,0.5434664230649822,0.3622215986251831,0.3794136643409729,0.11368812620639801
va_long_beach,hungary,v2_deepsets_equal_budget,v2,0,5069,40.0,0.35456037521362305,0.5857977692324234,0.35456037521362305,0.36911559104919434,0.10958178341388702
va_long_beach,hungary,v2_deepsets_equal_budget,v2,0,5069,45.0,0.33312591910362244,0.6578749286233586,0.33312591910362244,0.3596298098564148,0.10291728377342224
va_long_beach,hungary,v2_deepsets_equal_budget,v2,0,5069,50.0,0.3226696848869324,0.683316314522441,0.3226696848869324,0.3596727252006531,0.09837618470191956
va_long_beach,hungary,v2_deepsets_equal_budget,v2,0,5069,55.0,0.3167761564254761,0.6934620770614581,0.3167761564254761,0.3594732880592346,0.09563985466957092
va_long_beach,hungary,v2_deepsets_equal_budget,v2,0,5069,60.0,0.32112208008766174,0.7020646440992733,0.32112208008766174,0.3580894470214844,0.09774208813905716
va_long_beach,hungary,v2_deepsets_equal_budget,v2,0,5070,5.0,0.6370036602020264,0.6241140366077078,0.6370036602020264,0.6415756940841675,0.22209110856056213
va_long_beach,hungary,v2_deepsets_equal_budget,v2,0,5070,10.0,0.5541461110115051,0.561001410810323,0.5541461110115051,0.5685192346572876,0.18294766545295715
va_long_beach,hungary,v2_deepsets_equal_budget,v2,0,5070,15.0,0.4811859130859375,0.5252891613823016,0.4811859130859375,0.48648083209991455,0.15292106568813324
va_long_beach,hungary,v2_deepsets_equal_budget,v2,0,5070,20.0,0.45048367977142334,0.5308903958040129,0.45048367977142334,0.462405264377594,0.1452644318342209
va_long_beach,hungary,v2_deepsets_equal_budget,v2,0,5070,25.0,0.4392816424369812,0.5418454173989047,0.4392816424369812,0.45467373728752136,0.14438679814338684
va_long_beach,hungary,v2_deepsets_equal_budget,v2,0,5070,30.0,0.37562474608421326,0.5358749457979044,0.37562474608421326,0.399954229593277,0.1175408661365509
va_long_beach,hungary,v2_deepsets_equal_budget,v2,0,5070,35.0,0.3845416009426117,0.5353255673870978,0.3845416009426117,0.3920125961303711,0.12125524878501892
va_long_beach,hungary,v2_deepsets_equal_budget,v2,0,5070,40.0,0.3723898231983185,0.5328776645537684,0.3723898231983185,0.39280903339385986,0.11623640358448029
va_long_beach,hungary,v2_deepsets_equal_budget,v2,0,5070,45.0,0.34790468215942383,0.5343669680180285,0.34790468215942383,0.3824765980243683,0.10744023323059082
va_long_beach,hungary,v2_deepsets_equal_budget,v2,0,5070,50.0,0.35229554772377014,0.5513891268436708,0.35229554772377014,0.3763875365257263,0.10982244461774826
va_long_beach,hungary,v2_deepsets_equal_budget,v2,0,5070,55.0,0.3130267858505249,0.5874863120262321,0.3130267858505249,0.3591768145561218,0.0928325206041336
va_long_beach,hungary,v2_deepsets_equal_budget,v2,0,5071,5.0,0.6331350803375244,0.6220529209748428,0.6331350803375244,0.6376793384552002,0.22021840512752533
va_long_beach,hungary,v2_deepsets_equal_budget,v2,0,5071,10.0,0.5446893572807312,0.546821845094144,0.5446893572807312,0.5482372045516968,0.17860731482505798
va_long_beach,hungary,v2_deepsets_equal_budget,v2,0,5071,15.0,0.4768868684768677,0.5015577428445601,0.4768868684768677,0.48118454217910767,0.15227796137332916
va_long_beach,hungary,v2_deepsets_equal_budget,v2,0,5071,20.0,0.43910402059555054,0.48875019513213186,0.43910402059555054,0.44244199991226196,0.1405143439769745
va_long_beach,hungary,v2_deepsets_equal_budget,v2,0,5071,25.0,0.41828712821006775,0.4943664419617738,0.41828712821006775,0.42332977056503296,0.13444580137729645
va_long_beach,hungary,v2_deepsets_equal_budget,v2,0,5071,30.0,0.4012433886528015,0.5166685409704199,0.4012433886528015,0.4097628891468048,0.12923437356948853
va_long_beach,hungary,v2_deepsets_equal_budget,v2,0,5071,35.0,0.3833038806915283,0.5371329286171121,0.3833038806915283,0.39232638478279114,0.12109103798866272
va_long_beach,hungary,v2_deepsets_equal_budget,v2,0,5071,40.0,0.34615594148635864,0.564374822729855,0.34615594148635864,0.36899077892303467,0.10704515129327774
va_long_beach,hungary,v2_deepsets_equal_budget,v2,0,5071,45.0,0.34234488010406494,0.5916092299677753,0.34234488010406494,0.37452179193496704,0.10525186359882355
va_long_beach,hungary,v2_deepsets_equal_budget,v2,0,5071,50.0,0.3330495357513428,0.6240095228310176,0.3330495357513428,0.37831953167915344,0.10227468609809875
va_long_beach,hungary,v2_deepsets_equal_budget,v2,0,5071,55.0,0.33412960171699524,0.6361854201601914,0.33412960171699524,0.3590381145477295,0.10267708450555801
va_long_beach,hungary,v2_deepsets_equal_budget,v2,0,5071,60.0,0.3235709071159363,0.65353961111533,0.3235709071159363,0.36661210656166077,0.09754754602909088
va_long_beach,switzerland,v2_deepsets_equal_budget,v2,0,5062,5.0,0.6092822551727295,0.6583454858144968,0.6092822551727295,0.6226502656936646,0.20853307843208313
va_long_beach,switzerland,v2_deepsets_equal_budget,v2,0,5062,10.0,0.49203699827194214,0.6364896327755738,0.49203699827194214,0.5142925977706909,0.1555267870426178
va_long_beach,switzerland,v2_deepsets_equal_budget,v2,0,5062,15.0,0.41850703954696655,0.676952268353485,0.41850703954696655,0.44040894508361816,0.12987415492534637
va_long_beach,switzerland,v2_deepsets_equal_budget,v2,0,5062,20.0,0.37928855419158936,0.7518771666531306,0.37928855419158936,0.3905976712703705,0.11873149871826172
va_long_beach,switzerland,v2_deepsets_equal_budget,v2,0,5062,25.0,0.3637229800224304,0.8353687375822918,0.3637229800224304,0.3777172267436981,0.11374056339263916
va_long_beach,switzerland,v2_deepsets_equal_budget,v2,0,5062,30.0,0.35490596294403076,0.8999860928415968,0.35490596294403076,0.3609248101711273,0.11213153600692749
va_long_beach,switzerland,v2_deepsets_equal_budget,v2,0,5062,35.0,0.3415400981903076,0.9308917625110147,0.3415400981903076,0.35314643383026123,0.10634809732437134
va_long_beach,switzerland,v2_deepsets_equal_budget,v2,0,5062,40.0,0.3415287733078003,0.9434684726472435,0.3415287733078003,0.3589542508125305,0.10768856853246689
va_long_beach,switzerland,v2_deepsets_equal_budget,v2,0,5062,45.0,0.33233070373535156,0.9441908218872062,0.33233070373535156,0.3425154685974121,0.10235795378684998
va_long_beach,switzerland,v2_deepsets_equal_budget,v2,0,5062,50.0,0.32617315649986267,0.947132990818532,0.32617315649986267,0.3442652225494385,0.10109972953796387
va_long_beach,switzerland,v2_deepsets_equal_budget,v2,0,5063,5.0,0.619753897190094,0.6405386768913819,0.619753897190094,0.629494309425354,0.21361389756202698
va_long_beach,switzerland,v2_deepsets_equal_budget,v2,0,5063,10.0,0.5047380924224854,0.5964174585349209,0.5047380924224854,0.519080638885498,0.16034631431102753
va_long_beach,switzerland,v2_deepsets_equal_budget,v2,0,5063,15.0,0.4277716279029846,0.5930796213852771,0.4277716279029846,0.44438493251800537,0.1316700130701065
va_long_beach,switzerland,v2_deepsets_equal_budget,v2,0,5063,20.0,0.3829611837863922,0.6335926869886868,0.3829611837863922,0.39034563302993774,0.11860769242048264
va_long_beach,switzerland,v2_deepsets_equal_budget,v2,0,5063,25.0,0.3646424412727356,0.6833845327504029,0.3646424412727356,0.37030118703842163,0.11311689764261246
va_long_beach,switzerland,v2_deepsets_equal_budget,v2,0,5063,30.0,0.35266903042793274,0.7162831241959524,0.35266903042793274,0.3623189330101013,0.10860438644886017
va_long_beach,switzerland,v2_deepsets_equal_budget,v2,0,5063,35.0,0.3478613495826721,0.734202295861121,0.3478613495826721,0.36232349276542664,0.10756165534257889
va_long_beach,switzerland,v2_deepsets_equal_budget,v2,0,5063,40.0,0.3424767851829529,0.7452878030480927,0.3424767851829529,0.3503296375274658,0.10625089704990387
va_long_beach,switzerland,v2_deepsets_equal_budget,v2,0,5063,45.0,0.3327474594116211,0.7602894103867319,0.3327474594116211,0.3384416699409485,0.10175436735153198
va_long_beach,switzerland,v2_deepsets_equal_budget,v2,0,5063,50.0,0.32512688636779785,0.767665653910438,0.32512688636779785,0.3300102949142456,0.10034919530153275
va_long_beach,switzerland,v2_deepsets_equal_budget,v2,0,5063,55.0,0.3195888102054596,0.7704915916325723,0.3195888102054596,0.32689765095710754,0.09811282157897949
va_long_beach,switzerland,v2_deepsets_equal_budget,v2,0,5064,5.0,0.6205180287361145,0.6784184097987963,0.6205180287361145,0.6218938827514648,0.21405939757823944
va_long_beach,switzerland,v2_deepsets_equal_budget,v2,0,5064,10.0,0.5194141268730164,0.6910679368814938,0.5194141268730164,0.5242226123809814,0.16713103652000427
va_long_beach,switzerland,v2_deepsets_equal_budget,v2,0,5064,15.0,0.43366724252700806,0.7540345602984047,0.43366724252700806,0.44116050004959106,0.1338721513748169
va_long_beach,switzerland,v2_deepsets_equal_budget,v2,0,5064,20.0,0.38569408655166626,0.809205262908162,0.38569408655166626,0.39665794372558594,0.11890064179897308
va_long_beach,switzerland,v2_deepsets_equal_budget,v2,0,5064,25.0,0.36566662788391113,0.8287095594706022,0.36566662788391113,0.381876140832901,0.11381502449512482
va_long_beach,switzerland,v2_deepsets_equal_budget,v2,0,5064,30.0,0.35353028774261475,0.8088121491507112,0.35353028774261475,0.361167311668396,0.10861527174711227
va_long_beach,switzerland,v2_deepsets_equal_budget,v2,0,5064,35.0,0.3491370975971222,0.7878077480865753,0.3491370975971222,0.37191343307495117,0.10801687836647034
va_long_beach,switzerland,v2_deepsets_equal_budget,v2,0,5064,40.0,0.33631283044815063,0.7912775944026489,0.33631283044815063,0.35393014550209045,0.10323920845985413
va_long_beach,switzerland,v2_deepsets_equal_budget,v2,0,5064,45.0,0.3391766846179962,0.7925424550248092,0.3391766846179962,0.3474855422973633,0.10383746027946472
va_long_beach,switzerland,v2_deepsets_equal_budget,v2,0,5065,5.0,0.6218438148498535,0.6628288060485152,0.6218438148498535,0.6334646940231323,0.2147989273071289
va_long_beach,switzerland,v2_deepsets_equal_budget,v2,0,5065,10.0,0.518084704875946,0.6487272148182032,0.518084704875946,0.5305633544921875,0.1679934859275818
va_long_beach,switzerland,v2_deepsets_equal_budget,v2,0,5065,15.0,0.440796822309494,0.6315931427909475,0.440796822309494,0.4606252908706665,0.1392931342124939
va_long_beach,switzerland,v2_deepsets_equal_budget,v2,0,5065,20.0,0.3995515704154968,0.6538900912751282,0.3995515704154968,0.40842562913894653,0.1255171149969101
va_long_beach,switzerland,v2_deepsets_equal_budget,v2,0,5065,25.0,0.3762264847755432,0.6808616334324535,0.3762264847755432,0.3778403401374817,0.11768902838230133
va_long_beach,switzerland,v2_deepsets_equal_budget,v2,0,5065,30.0,0.36042219400405884,0.7109525496348031,0.36042219400405884,0.36550918221473694,0.11258504539728165
va_long_beach,switzerland,v2_deepsets_equal_budget,v2,0,5065,35.0,0.3523617386817932,0.7383478981589696,0.3523617386817932,0.3568708002567291,0.10787594318389893
va_long_beach,switzerland,v2_deepsets_equal_budget,v2,0,5065,40.0,0.3436196446418762,0.7503377610542001,0.3436196446418762,0.3491142690181732,0.1055850088596344
va_long_beach,switzerland,v2_deepsets_equal_budget,v2,0,5065,45.0,0.3317321836948395,0.7581177683200055,0.3317321836948395,0.34724104404449463,0.10195469856262207
va_long_beach,switzerland,v2_deepsets_equal_budget,v2,0,5065,50.0,0.3303423225879669,0.772762632969993,0.3303423225879669,0.3357940912246704,0.10245487093925476
va_long_beach,switzerland,v2_deepsets_equal_budget,v2,0,5065,55.0,0.32105204463005066,0.7805909336549843,0.32105204463005066,0.32945722341537476,0.09782852977514267
va_long_beach,switzerland,v2_deepsets_equal_budget,v2,0,5066,5.0,0.6175633668899536,0.6629725359588834,0.6175633668899536,0.6215169429779053,0.21257448196411133
va_long_beach,switzerland,v2_deepsets_equal_budget,v2,0,5066,10.0,0.5034200549125671,0.6477495598732228,0.5034200549125671,0.5200005769729614,0.16047434508800507
va_long_beach,switzerland,v2_deepsets_equal_budget,v2,0,5066,15.0,0.42236828804016113,0.6654744153420062,0.42236828804016113,0.43263405561447144,0.1310715675354004
va_long_beach,switzerland,v2_deepsets_equal_budget,v2,0,5066,20.0,0.3786822557449341,0.7175313848336713,0.3786822557449341,0.39075684547424316,0.11789071559906006
va_long_beach,switzerland,v2_deepsets_equal_budget,v2,0,5066,25.0,0.36230170726776123,0.7783051730810386,0.36230170726776123,0.37093785405158997,0.1125209629535675
va_long_beach,switzerland,v2_deepsets_equal_budget,v2,0,5066,30.0,0.3613319993019104,0.8230792439066463,0.3613319993019104,0.36978548765182495,0.1131199300289154
va_long_beach,switzerland,v2_deepsets_equal_budget,v2,0,5066,35.0,0.3493623733520508,0.8459376853741789,0.3493623733520508,0.3780375123023987,0.10879862308502197
va_long_beach,switzerland,v2_deepsets_equal_budget,v2,0,5066,40.0,0.33416566252708435,0.8464528708313616,0.33416566252708435,0.35506683588027954,0.10377871990203857
va_long_beach,switzerland,v2_deepsets_equal_budget,v2,0,5066,45.0,0.33579546213150024,0.8587992548579992,0.33579546213150024,0.3447455167770386,0.1037365049123764
va_long_beach,switzerland,v2_deepsets_equal_budget,v2,0,5066,50.0,0.32559773325920105,0.883576205297822,0.32559773325920105,0.34265750646591187,0.10033786296844482
va_long_beach,switzerland,v2_deepsets_equal_budget,v2,0,5067,5.0,0.6022920608520508,0.64108670549473,0.6022920608520508,0.6054054498672485,0.205177903175354
va_long_beach,switzerland,v2_deepsets_equal_budget,v2,0,5067,10.0,0.5017199516296387,0.6124241241744857,0.5017199516296387,0.5104454755783081,0.15998944640159607
va_long_beach,switzerland,v2_deepsets_equal_budget,v2,0,5067,15.0,0.42728525400161743,0.6267334874195829,0.42728525400161743,0.4317428469657898,0.13317778706550598
va_long_beach,switzerland,v2_deepsets_equal_budget,v2,0,5067,20.0,0.3915504813194275,0.6857940937340401,0.3915504813194275,0.3996836543083191,0.12264450639486313
va_long_beach,switzerland,v2_deepsets_equal_budget,v2,0,5067,25.0,0.367217481136322,0.7618539842393688,0.367217481136322,0.37751442193984985,0.11447793990373611
va_long_beach,switzerland,v2_deepsets_equal_budget,v2,0,5067,30.0,0.3561425507068634,0.831734100017371,0.3561425507068634,0.372866153717041,0.11163389682769775
va_long_beach,switzerland,v2_deepsets_equal_budget,v2,0,5067,35.0,0.35230135917663574,0.8777133012360887,0.35230135917663574,0.3794174790382385,0.10973058640956879
va_long_beach,switzerland,v2_deepsets_equal_budget,v2,0,5067,40.0,0.33225011825561523,0.9005836339268205,0.33225011825561523,0.347012460231781,0.1040111780166626
va_long_beach,switzerland,v2_deepsets_equal_budget,v2,0,5067,45.0,0.32989752292633057,0.9209111275982298,0.32989752292633057,0.3473394513130188,0.10132023692131042
va_long_beach,switzerland,v2_deepsets_equal_budget,v2,0,5067,50.0,0.33005252480506897,0.9491557425471908,0.33005252480506897,0.3409944772720337,0.10163858532905579
va_long_beach,switzerland,v2_deepsets_equal_budget,v2,0,5068,5.0,0.6167173385620117,0.6497310975827678,0.6167173385620117,0.6178185939788818,0.21236014366149902
va_long_beach,switzerland,v2_deepsets_equal_budget,v2,0,5068,10.0,0.5152039527893066,0.59887210267046,0.5152039527893066,0.5157704949378967,0.1656646430492401
va_long_beach,switzerland,v2_deepsets_equal_budget,v2,0,5068,15.0,0.43702030181884766,0.5952076811103354,0.43702030181884766,0.4443678855895996,0.13551031053066254
va_long_beach,switzerland,v2_deepsets_equal_budget,v2,0,5068,20.0,0.3973744511604309,0.6386688917615183,0.3973744511604309,0.41074255108833313,0.12331941723823547
va_long_beach,switzerland,v2_deepsets_equal_budget,v2,0,5068,25.0,0.3691634237766266,0.6870124491890629,0.3691634237766266,0.3798906207084656,0.11512956023216248
va_long_beach,switzerland,v2_deepsets_equal_budget,v2,0,5068,30.0,0.3607102632522583,0.7243565313196565,0.3607102632522583,0.3737230896949768,0.1117616817355156
va_long_beach,switzerland,v2_deepsets_equal_budget,v2,0,5068,35.0,0.3490697145462036,0.7904719935561124,0.3490697145462036,0.36574316024780273,0.10790146142244339
va_long_beach,switzerland,v2_deepsets_equal_budget,v2,0,5068,40.0,0.34741097688674927,0.8669370689777732,0.34741097688674927,0.36213481426239014,0.10802781581878662
va_long_beach,switzerland,v2_deepsets_equal_budget,v2,0,5068,45.0,0.3402884006500244,0.9222231644656653,0.3402884006500244,0.36235755681991577,0.10497485101222992
va_long_beach,switzerland,v2_deepsets_equal_budget,v2,0,5068,50.0,0.33670774102211,0.9546736677335852,0.33670774102211,0.3556671142578125,0.10414731502532959
va_long_beach,switzerland,v2_deepsets_equal_budget,v2,0,5068,55.0,0.3277539014816284,0.9764046038007272,0.3277539014816284,0.34409624338150024,0.10019998252391815
va_long_beach,switzerland,v2_deepsets_equal_budget,v2,0,5069,5.0,0.5927753448486328,0.660275174001657,0.5927753448486328,0.5962505340576172,0.20065221190452576
va_long_beach,switzerland,v2_deepsets_equal_budget,v2,0,5069,10.0,0.48728910088539124,0.6650074749242785,0.48728910088539124,0.5001423954963684,0.15386857092380524
va_long_beach,switzerland,v2_deepsets_equal_budget,v2,0,5069,15.0,0.4149414300918579,0.7112152964512521,0.4149414300918579,0.4255930185317993,0.12816843390464783
va_long_beach,switzerland,v2_deepsets_equal_budget,v2,0,5069,20.0,0.3770742416381836,0.7785992064616454,0.3770742416381836,0.3810468316078186,0.11636123061180115
va_long_beach,switzerland,v2_deepsets_equal_budget,v2,0,5069,25.0,0.36236608028411865,0.8515009229311503,0.36236608028411865,0.364580899477005,0.11234600841999054
va_long_beach,switzerland,v2_deepsets_equal_budget,v2,0,5069,30.0,0.3497825562953949,0.904818279567986,0.3497825562953949,0.3529359698295593,0.10903018712997437
va_long_beach,switzerland,v2_deepsets_equal_budget,v2,0,5069,35.0,0.3502036929130554,0.9261180030466122,0.3502036929130554,0.3556499779224396,0.10884426534175873
va_long_beach,switzerland,v2_deepsets_equal_budget,v2,0,5069,40.0,0.34066540002822876,0.9274494304738803,0.34066540002822876,0.3496357202529907,0.1052393987774849
va_long_beach,switzerland,v2_deepsets_equal_budget,v2,0,5069,45.0,0.3391733169555664,0.9336098530017092,0.3391733169555664,0.34709566831588745,0.10524734854698181
va_long_beach,switzerland,v2_deepsets_equal_budget,v2,0,5070,5.0,0.6181023120880127,0.652394399157793,0.6181023120880127,0.6222835183143616,0.21291422843933105
va_long_beach,switzerland,v2_deepsets_equal_budget,v2,0,5070,10.0,0.5022420883178711,0.6188875064236384,0.5022420883178711,0.509736955165863,0.1600933074951172
va_long_beach,switzerland,v2_deepsets_equal_budget,v2,0,5070,15.0,0.42758768796920776,0.6269164544482106,0.42758768796920776,0.44320499897003174,0.13368767499923706
va_long_beach,switzerland,v2_deepsets_equal_budget,v2,0,5070,20.0,0.4004136323928833,0.6671182164990042,0.4004136323928833,0.41991862654685974,0.12604013085365295
va_long_beach,switzerland,v2_deepsets_equal_budget,v2,0,5070,25.0,0.3727709650993347,0.732435010084165,0.3727709650993347,0.3766404986381531,0.11604692041873932
va_long_beach,switzerland,v2_deepsets_equal_budget,v2,0,5070,30.0,0.35609352588653564,0.7675317777690644,0.35609352588653564,0.35782521963119507,0.11015799641609192
va_long_beach,switzerland,v2_deepsets_equal_budget,v2,0,5070,35.0,0.350028932094574,0.7726832267384697,0.350028932094574,0.3510906398296356,0.10740059614181519
va_long_beach,switzerland,v2_deepsets_equal_budget,v2,0,5070,40.0,0.34198054671287537,0.7866902838043333,0.34198054671287537,0.3511778712272644,0.10622870922088623
va_long_beach,switzerland,v2_deepsets_equal_budget,v2,0,5070,45.0,0.3351958394050598,0.7995233356127809,0.3351958394050598,0.34208250045776367,0.1028633564710617
va_long_beach,switzerland,v2_deepsets_equal_budget,v2,0,5070,50.0,0.3308742046356201,0.8089671704201498,0.3308742046356201,0.33991682529449463,0.10203268378973007
va_long_beach,switzerland,v2_deepsets_equal_budget,v2,0,5071,5.0,0.6059811115264893,0.6505273651758541,0.6059811115264893,0.6140645146369934,0.2069326490163803
va_long_beach,switzerland,v2_deepsets_equal_budget,v2,0,5071,10.0,0.49402081966400146,0.6155479475553232,0.49402081966400146,0.5100694894790649,0.15639810264110565
va_long_beach,switzerland,v2_deepsets_equal_budget,v2,0,5071,15.0,0.4163361191749573,0.6423862272805352,0.4163361191749573,0.43291357159614563,0.1289604902267456
va_long_beach,switzerland,v2_deepsets_equal_budget,v2,0,5071,20.0,0.37669551372528076,0.708021582874927,0.37669551372528076,0.394795298576355,0.11780013144016266
va_long_beach,switzerland,v2_deepsets_equal_budget,v2,0,5071,25.0,0.3534053862094879,0.7747815891546148,0.3534053862094879,0.3622141480445862,0.10933524370193481
va_long_beach,switzerland,v2_deepsets_equal_budget,v2,0,5071,30.0,0.34848397970199585,0.8191692961964817,0.34848397970199585,0.3603758215904236,0.10729699581861496
va_long_beach,switzerland,v2_deepsets_equal_budget,v2,0,5071,35.0,0.3415468633174896,0.8236174860037512,0.3415468633174896,0.35899388790130615,0.1057284027338028
va_long_beach,switzerland,v2_deepsets_equal_budget,v2,0,5071,40.0,0.33313611149787903,0.8320201559233801,0.33313611149787903,0.3496931195259094,0.10362085700035095
va_long_beach,switzerland,v2_deepsets_equal_budget,v2,0,5071,45.0,0.33116084337234497,0.8460789768047817,0.33116084337234497,0.34097203612327576,0.10285025835037231
va_long_beach,switzerland,v2_deepsets_equal_budget,v2,0,5071,50.0,0.3294607400894165,0.8641168767716367,0.3294607400894165,0.33850884437561035,0.10051283985376358
va_long_beach,cleveland,v5_attention_equal_budget,v5,0,5062,5.0,0.5221447944641113,0.5478880561002117,0.5027915835380554,0.5085522532463074,0.16472898423671722
va_long_beach,cleveland,v5_attention_equal_budget,v5,0,5062,10.0,0.4473193883895874,0.6165924349108229,0.43078920245170593,0.43630725145339966,0.13771171867847443
va_long_beach,cleveland,v5_attention_equal_budget,v5,0,5062,15.0,0.42445605993270874,0.6473807182820879,0.40708160400390625,0.41614410281181335,0.12843206524848938
va_long_beach,cleveland,v5_attention_equal_budget,v5,0,5062,20.0,0.40102264285087585,0.6787260839235292,0.38433748483657837,0.3936338424682617,0.12036971002817154
va_long_beach,cleveland,v5_attention_equal_budget,v5,0,5062,25.0,0.39340120553970337,0.7127422613661468,0.3768596947193146,0.38641366362571716,0.117645263671875
va_long_beach,cleveland,v5_attention_equal_budget,v5,0,5062,30.0,0.38616347312927246,0.7404888960248996,0.36709579825401306,0.38240042328834534,0.1141536757349968
va_long_beach,cleveland,v5_attention_equal_budget,v5,0,5062,35.0,0.36119344830513,0.7634773645833839,0.33966392278671265,0.3618193566799164,0.10451821237802505
va_long_beach,cleveland,v5_attention_equal_budget,v5,0,5062,40.0,0.357145756483078,0.7413109798802668,0.33750084042549133,0.3560561239719391,0.1036728098988533
va_long_beach,cleveland,v5_attention_equal_budget,v5,0,5062,45.0,0.33601731061935425,0.7380113626703726,0.3168775141239166,0.335843950510025,0.09656582027673721
va_long_beach,cleveland,v5_attention_equal_budget,v5,0,5063,5.0,0.49157270789146423,0.5566493348914793,0.472536563873291,0.4800204336643219,0.15294231474399567
va_long_beach,cleveland,v5_attention_equal_budget,v5,0,5063,10.0,0.4534214437007904,0.6263940223379996,0.43369260430336,0.44543153047561646,0.13859349489212036
va_long_beach,cleveland,v5_attention_equal_budget,v5,0,5063,15.0,0.4265848398208618,0.6114440358469277,0.41106462478637695,0.4162110388278961,0.12947027385234833
va_long_beach,cleveland,v5_attention_equal_budget,v5,0,5063,20.0,0.400389164686203,0.6359077378543323,0.38306036591529846,0.39367255568504333,0.12022697925567627
va_long_beach,cleveland,v5_attention_equal_budget,v5,0,5063,25.0,0.37361404299736023,0.6664841271504196,0.35702383518218994,0.3680090010166168,0.11097633838653564
va_long_beach,cleveland,v5_attention_equal_budget,v5,0,5063,30.0,0.3616544008255005,0.6789634013509607,0.3431716859340668,0.3590158522129059,0.10560628771781921
va_long_beach,cleveland,v5_attention_equal_budget,v5,0,5063,35.0,0.3589152693748474,0.6929227914658374,0.34069913625717163,0.35613203048706055,0.1049967110157013
va_long_beach,cleveland,v5_attention_equal_budget,v5,0,5063,40.0,0.34969010949134827,0.7116991554709898,0.3286173641681671,0.35067567229270935,0.1004357859492302
va_long_beach,cleveland,v5_attention_equal_budget,v5,0,5063,45.0,0.3374854028224945,0.7451381533226639,0.31615978479385376,0.33940649032592773,0.09702274948358536
va_long_beach,cleveland,v5_attention_equal_budget,v5,0,5064,5.0,0.5260159969329834,0.5656310012136986,0.505255937576294,0.5139040946960449,0.16436007618904114
va_long_beach,cleveland,v5_attention_equal_budget,v5,0,5064,10.0,0.47967278957366943,0.5896098305443511,0.45831039547920227,0.4713715612888336,0.14831802248954773
va_long_beach,cleveland,v5_attention_equal_budget,v5,0,5064,15.0,0.4347497820854187,0.5943045722525508,0.4183661937713623,0.4247543513774872,0.13189491629600525
va_long_beach,cleveland,v5_attention_equal_budget,v5,0,5064,20.0,0.4130094349384308,0.6101902081889261,0.3961785137653351,0.40501508116722107,0.12412647157907486
va_long_beach,cleveland,v5_attention_equal_budget,v5,0,5064,25.0,0.38345566391944885,0.6799428581141903,0.3646225035190582,0.37940606474876404,0.11441389471292496
va_long_beach,cleveland,v5_attention_equal_budget,v5,0,5064,30.0,0.38645926117897034,0.7277110330746588,0.3691263198852539,0.38056841492652893,0.11611909419298172
va_long_beach,cleveland,v5_attention_equal_budget,v5,0,5064,35.0,0.35328611731529236,0.7206418407819897,0.3316167891025543,0.35470762848854065,0.1012391522526741
va_long_beach,cleveland,v5_attention_equal_budget,v5,0,5064,40.0,0.3596060872077942,0.7212939298425072,0.3387601673603058,0.3596161901950836,0.10417911410331726
va_long_beach,cleveland,v5_attention_equal_budget,v5,0,5064,45.0,0.3548907935619354,0.7193477471988128,0.332199364900589,0.35719653964042664,0.1019284576177597
va_long_beach,cleveland,v5_attention_equal_budget,v5,0,5065,5.0,0.506963312625885,0.5436582189259952,0.48878681659698486,0.49346858263015747,0.15835610032081604
va_long_beach,cleveland,v5_attention_equal_budget,v5,0,5065,10.0,0.4650455117225647,0.5754059860685057,0.44588613510131836,0.4553510844707489,0.14426885545253754
va_long_beach,cleveland,v5_attention_equal_budget,v5,0,5065,15.0,0.4260358214378357,0.5854898326374609,0.4084843099117279,0.4177655279636383,0.1291089951992035
va_long_beach,cleveland,v5_attention_equal_budget,v5,0,5065,20.0,0.412301242351532,0.6046482114160872,0.3946669399738312,0.4048939645290375,0.12520800530910492
va_long_beach,cleveland,v5_attention_equal_budget,v5,0,5065,25.0,0.39590200781822205,0.6411990961091429,0.3773174285888672,0.39084941148757935,0.11818591505289078
va_long_beach,cleveland,v5_attention_equal_budget,v5,0,5065,30.0,0.39162585139274597,0.6811172104089098,0.36900943517684937,0.3914535641670227,0.11394349485635757
va_long_beach,cleveland,v5_attention_equal_budget,v5,0,5065,35.0,0.37493497133255005,0.6985397928279997,0.3528549373149872,0.37523776292800903,0.10888639837503433
va_long_beach,cleveland,v5_attention_equal_budget,v5,0,5065,40.0,0.38031360507011414,0.6864562150229345,0.3543056845664978,0.38426828384399414,0.11026619374752045
va_long_beach,cleveland,v5_attention_equal_budget,v5,0,5065,45.0,0.3363192677497864,0.6694964548378063,0.3134118318557739,0.3404547870159149,0.09385943412780762
va_long_beach,cleveland,v5_attention_equal_budget,v5,0,5066,5.0,0.5915780663490295,0.5647859909476537,0.5704180598258972,0.5743646025657654,0.1918674260377884
va_long_beach,cleveland,v5_attention_equal_budget,v5,0,5066,10.0,0.49424099922180176,0.5646743299379517,0.4758523404598236,0.4818863868713379,0.1537163257598877
va_long_beach,cleveland,v5_attention_equal_budget,v5,0,5066,15.0,0.46230217814445496,0.5929892995938675,0.44443580508232117,0.4516173303127289,0.14275601506233215
va_long_beach,cleveland,v5_attention_equal_budget,v5,0,5066,20.0,0.43130266666412354,0.590365920062657,0.41442862153053284,0.42185965180397034,0.1315852254629135
va_long_beach,cleveland,v5_attention_equal_budget,v5,0,5066,25.0,0.41021835803985596,0.6152152344757175,0.3916197121143341,0.40414342284202576,0.12336781620979309
va_long_beach,cleveland,v5_attention_equal_budget,v5,0,5066,30.0,0.38985729217529297,0.632632429111071,0.3702622950077057,0.38636523485183716,0.11543501913547516
va_long_beach,cleveland,v5_attention_equal_budget,v5,0,5066,35.0,0.3679201900959015,0.6559877464145871,0.3499503433704376,0.36427041888237,0.10809803009033203
va_long_beach,cleveland,v5_attention_equal_budget,v5,0,5066,40.0,0.3545895516872406,0.6876061199137928,0.331332266330719,0.35768556594848633,0.1008063331246376
va_long_beach,cleveland,v5_attention_equal_budget,v5,0,5066,45.0,0.3363438546657562,0.6982890097997224,0.3166447877883911,0.336737722158432,0.09652587026357651
va_long_beach,cleveland,v5_attention_equal_budget,v5,0,5066,50.0,0.31480473279953003,0.7023536977523788,0.294077605009079,0.31802138686180115,0.08755246549844742
va_long_beach,cleveland,v5_attention_equal_budget,v5,0,5067,5.0,0.5206810235977173,0.561083217727383,0.5017850995063782,0.5068495869636536,0.16363663971424103
va_long_beach,cleveland,v5_attention_equal_budget,v5,0,5067,10.0,0.46342843770980835,0.6094365255905835,0.44385722279548645,0.45454666018486023,0.14226488769054413
va_long_beach,cleveland,v5_attention_equal_budget,v5,0,5067,15.0,0.49178341031074524,0.5938439588612245,0.45180273056030273,0.5026186108589172,0.14572741091251373
va_long_beach,cleveland,v5_attention_equal_budget,v5,0,5067,20.0,0.4202379882335663,0.5962912184623328,0.4040276110172272,0.41086551547050476,0.12791438400745392
va_long_beach,cleveland,v5_attention_equal_budget,v5,0,5067,25.0,0.43484652042388916,0.6330456312175627,0.4043412208557129,0.43966493010520935,0.12843415141105652
va_long_beach,cleveland,v5_attention_equal_budget,v5,0,5067,30.0,0.39029592275619507,0.6551022985804358,0.3717121481895447,0.3856024742126465,0.11638622730970383
va_long_beach,cleveland,v5_attention_equal_budget,v5,0,5067,35.0,0.3616308271884918,0.6744505323053782,0.34252792596817017,0.3596715033054352,0.10531102865934372
va_long_beach,cleveland,v5_attention_equal_budget,v5,0,5067,40.0,0.3569728136062622,0.6890770586012179,0.3352925181388855,0.35811835527420044,0.10267362743616104
va_long_beach,cleveland,v5_attention_equal_budget,v5,0,5067,45.0,0.34750667214393616,0.6958699645502069,0.326314777135849,0.34872350096702576,0.09987523406744003
va_long_beach,cleveland,v5_attention_equal_budget,v5,0,5068,5.0,0.5363967418670654,0.5420637135815263,0.5172699093818665,0.5215014815330505,0.1701103001832962
va_long_beach,cleveland,v5_attention_equal_budget,v5,0,5068,10.0,0.47985824942588806,0.5729814155119796,0.4603351950645447,0.4697336256504059,0.1482381820678711
va_long_beach,cleveland,v5_attention_equal_budget,v5,0,5068,15.0,0.44569671154022217,0.563136379975264,0.4279404878616333,0.4363451898097992,0.1355387270450592
va_long_beach,cleveland,v5_attention_equal_budget,v5,0,5068,20.0,0.41624850034713745,0.5717629026147628,0.3993135690689087,0.408096045255661,0.12543678283691406
va_long_beach,cleveland,v5_attention_equal_budget,v5,0,5068,25.0,0.3923070728778839,0.5950790767722418,0.3756054937839508,0.3856666684150696,0.11670981347560883
va_long_beach,cleveland,v5_attention_equal_budget,v5,0,5068,30.0,0.38148894906044006,0.6010101220268071,0.36348241567611694,0.37704354524612427,0.11225955933332443
va_long_beach,cleveland,v5_attention_equal_budget,v5,0,5068,35.0,0.3701398968696594,0.6207759775927948,0.34992727637290955,0.3686608374118805,0.10845842957496643
va_long_beach,cleveland,v5_attention_equal_budget,v5,0,5068,40.0,0.3492523729801178,0.6279263695410591,0.3281232416629791,0.35037872195243835,0.10001388937234879
va_long_beach,cleveland,v5_attention_equal_budget,v5,0,5068,45.0,0.34133994579315186,0.6443738836319131,0.31818464398384094,0.34528228640556335,0.09606476873159409
va_long_beach,cleveland,v5_attention_equal_budget,v5,0,5069,5.0,0.5499221086502075,0.6657061853785153,0.5297589898109436,0.5350713133811951,0.17506970465183258
va_long_beach,cleveland,v5_attention_equal_budget,v5,0,5069,10.0,0.4791054129600525,0.684279517859876,0.4614507257938385,0.46685925126075745,0.14950425922870636
va_long_beach,cleveland,v5_attention_equal_budget,v5,0,5069,15.0,0.44502225518226624,0.7278377211527232,0.42936474084854126,0.4333069920539856,0.13686397671699524
va_long_beach,cleveland,v5_attention_equal_budget,v5,0,5069,20.0,0.43765053153038025,0.7472305866563683,0.42044010758399963,0.4280474781990051,0.1340673416852951
va_long_beach,cleveland,v5_attention_equal_budget,v5,0,5069,25.0,0.42817386984825134,0.7826390738986734,0.40467679500579834,0.4261111319065094,0.12779934704303741
va_long_beach,cleveland,v5_attention_equal_budget,v5,0,5069,30.0,0.3814641833305359,0.7525095030724238,0.36524391174316406,0.3749919831752777,0.11346230655908585
va_long_beach,cleveland,v5_attention_equal_budget,v5,0,5069,35.0,0.38373079895973206,0.7147474840845571,0.3654266595840454,0.37918806076049805,0.11423434317111969
va_long_beach,cleveland,v5_attention_equal_budget,v5,0,5069,40.0,0.37784165143966675,0.7409798118324828,0.35791048407554626,0.37537726759910583,0.11197784543037415
va_long_beach,cleveland,v5_attention_equal_budget,v5,0,5069,45.0,0.3493230640888214,0.7445608008034049,0.32913628220558167,0.3495292663574219,0.0999029129743576
va_long_beach,cleveland,v5_attention_equal_budget,v5,0,5070,5.0,0.5236213803291321,0.567448758729533,0.5024572014808655,0.5118369460105896,0.16474299132823944
va_long_beach,cleveland,v5_attention_equal_budget,v5,0,5070,10.0,0.46062391996383667,0.5944524415171217,0.4422870874404907,0.4503459930419922,0.14307372272014618
va_long_beach,cleveland,v5_attention_equal_budget,v5,0,5070,15.0,0.42960017919540405,0.5937380101243008,0.411159485578537,0.4220963418483734,0.12972262501716614
va_long_beach,cleveland,v5_attention_equal_budget,v5,0,5070,20.0,0.4045393764972687,0.6221484937539972,0.38488665223121643,0.3998887240886688,0.12151695787906647
va_long_beach,cleveland,v5_attention_equal_budget,v5,0,5070,25.0,0.39339956641197205,0.6699559983260783,0.3738483488559723,0.3895520269870758,0.11699376255273819
va_long_beach,cleveland,v5_attention_equal_budget,v5,0,5070,30.0,0.3841444253921509,0.6767033616616717,0.36372026801109314,0.3818661868572235,0.11351198703050613
va_long_beach,cleveland,v5_attention_equal_budget,v5,0,5070,35.0,0.36437422037124634,0.6929978485740764,0.3442456126213074,0.3633015751838684,0.10600627213716507
va_long_beach,cleveland,v5_attention_equal_budget,v5,0,5070,40.0,0.3434528112411499,0.7260137734800749,0.32257983088493347,0.3447111248970032,0.09807350486516953
va_long_beach,cleveland,v5_attention_equal_budget,v5,0,5070,45.0,0.3415921926498413,0.7016909453770144,0.31608501076698303,0.34798774123191833,0.09555810689926147
va_long_beach,cleveland,v5_attention_equal_budget,v5,0,5071,5.0,0.5588333010673523,0.5567554802124524,0.5372053980827332,0.5448418855667114,0.17809683084487915
va_long_beach,cleveland,v5_attention_equal_budget,v5,0,5071,10.0,0.4714168906211853,0.5892148428091796,0.4490354359149933,0.4648749530315399,0.14461708068847656
va_long_beach,cleveland,v5_attention_equal_budget,v5,0,5071,15.0,0.4330228269100189,0.6516845466907073,0.41201072931289673,0.42804574966430664,0.12994594871997833
va_long_beach,cleveland,v5_attention_equal_budget,v5,0,5071,20.0,0.40233996510505676,0.6487792827592492,0.3841177821159363,0.3965896666049957,0.11986218392848969
va_long_beach,cleveland,v5_attention_equal_budget,v5,0,5071,25.0,0.3873988687992096,0.6443409921116465,0.36829477548599243,0.3836805522441864,0.1141122579574585
va_long_beach,cleveland,v5_attention_equal_budget,v5,0,5071,30.0,0.36992523074150085,0.6555747958111319,0.3470512926578522,0.3715207278728485,0.10639212280511856
va_long_beach,cleveland,v5_attention_equal_budget,v5,0,5071,35.0,0.35393592715263367,0.672196352621838,0.32870516180992126,0.3589964807033539,0.10085109621286392
va_long_beach,cleveland,v5_attention_equal_budget,v5,0,5071,40.0,0.3425666093826294,0.6496210657973307,0.3174744248390198,0.34847527742385864,0.09591761976480484
va_long_beach,cleveland,v5_attention_equal_budget,v5,0,5071,45.0,0.3309934437274933,0.6803745805559179,0.306447297334671,0.3370516896247864,0.09243926405906677
va_long_beach,hungary,v5_attention_equal_budget,v5,0,5062,5.0,0.5635352730751038,0.5274475938626728,0.5423310995101929,0.5486249923706055,0.18057206273078918
va_long_beach,hungary,v5_attention_equal_budget,v5,0,5062,10.0,0.5135186314582825,0.5204858526120669,0.49292558431625366,0.5017402768135071,0.16185691952705383
va_long_beach,hungary,v5_attention_equal_budget,v5,0,5062,15.0,0.47286006808280945,0.5149638731078165,0.45420143008232117,0.4619910418987274,0.14763827621936798
va_long_beach,hungary,v5_attention_equal_budget,v5,0,5062,20.0,0.42737114429473877,0.5058696360573052,0.41174235939979553,0.4167954623699188,0.13102228939533234
va_long_beach,hungary,v5_attention_equal_budget,v5,0,5062,25.0,0.4281548857688904,0.5164198481717533,0.4015771746635437,0.4291735589504242,0.12779544293880463
va_long_beach,hungary,v5_attention_equal_budget,v5,0,5062,30.0,0.3826603293418884,0.506409044208477,0.36312881112098694,0.37952280044555664,0.11334536224603653
va_long_beach,hungary,v5_attention_equal_budget,v5,0,5062,35.0,0.36186689138412476,0.5024621046676591,0.3428705334663391,0.359610378742218,0.10626436769962311
va_long_beach,hungary,v5_attention_equal_budget,v5,0,5062,40.0,0.35737767815589905,0.5171634993077655,0.3322693705558777,0.3621096611022949,0.10188165307044983
va_long_beach,hungary,v5_attention_equal_budget,v5,0,5062,45.0,0.34018638730049133,0.5185624825700651,0.31617164611816406,0.34493541717529297,0.09632866084575653
va_long_beach,hungary,v5_attention_equal_budget,v5,0,5062,50.0,0.3429810106754303,0.5118460885534746,0.31606560945510864,0.3504556715488434,0.09720358997583389
va_long_beach,hungary,v5_attention_equal_budget,v5,0,5062,55.0,0.3285169303417206,0.518875367164441,0.3083188235759735,0.3299902081489563,0.09362440556287766
va_long_beach,hungary,v5_attention_equal_budget,v5,0,5062,60.0,0.3081263303756714,0.5275186827644252,0.2828463912010193,0.31630927324295044,0.08548501878976822
va_long_beach,hungary,v5_attention_equal_budget,v5,0,5062,65.0,0.30283886194229126,0.5324306526257105,0.2773233652114868,0.3115997314453125,0.08377301692962646
va_long_beach,hungary,v5_attention_equal_budget,v5,0,5062,70.0,0.3079995810985565,0.5399701399714985,0.2798674404621124,0.3194027841091156,0.08364468812942505
va_long_beach,hungary,v5_attention_equal_budget,v5,0,5062,75.0,0.2878386676311493,0.5447094040823952,0.2619396150112152,0.2980385720729828,0.07849583774805069
va_long_beach,hungary,v5_attention_equal_budget,v5,0,5063,5.0,0.571465790271759,0.5370656559295394,0.5517995953559875,0.5544455647468567,0.18343186378479004
va_long_beach,hungary,v5_attention_equal_budget,v5,0,5063,10.0,0.5059121251106262,0.5337329375295673,0.4874143600463867,0.49235963821411133,0.16025137901306152
va_long_beach,hungary,v5_attention_equal_budget,v5,0,5063,15.0,0.4557097554206848,0.548749189478343,0.4381784498691559,0.4451712667942047,0.14034894108772278
va_long_beach,hungary,v5_attention_equal_budget,v5,0,5063,20.0,0.42892956733703613,0.5348024072448148,0.40887001156806946,0.4231594204902649,0.12914831936359406
va_long_beach,hungary,v5_attention_equal_budget,v5,0,5063,25.0,0.4063294231891632,0.5156012050698855,0.38932815194129944,0.39871054887771606,0.1231006532907486
va_long_beach,hungary,v5_attention_equal_budget,v5,0,5063,30.0,0.39280062913894653,0.5228486060449081,0.37100401520729065,0.39163944125175476,0.11478903889656067
va_long_beach,hungary,v5_attention_equal_budget,v5,0,5063,35.0,0.3720557391643524,0.5366796717407627,0.34806787967681885,0.3745633065700531,0.10740142315626144
va_long_beach,hungary,v5_attention_equal_budget,v5,0,5063,40.0,0.34745100140571594,0.5468985207929661,0.32573598623275757,0.3493649661540985,0.09900535643100739
va_long_beach,hungary,v5_attention_equal_budget,v5,0,5063,45.0,0.3454263508319855,0.5449819273258034,0.3244245946407318,0.34647494554519653,0.09976587444543839
va_long_beach,hungary,v5_attention_equal_budget,v5,0,5063,50.0,0.33669745922088623,0.5580311488817837,0.3113992214202881,0.3430815637111664,0.09457063674926758
va_long_beach,hungary,v5_attention_equal_budget,v5,0,5063,55.0,0.32685586810112,0.5566796924058109,0.30287766456604004,0.33242255449295044,0.09205759316682816
va_long_beach,hungary,v5_attention_equal_budget,v5,0,5063,60.0,0.3078707754611969,0.5850175816697027,0.2845090925693512,0.3141028583049774,0.08564791828393936
va_long_beach,hungary,v5_attention_equal_budget,v5,0,5063,65.0,0.30920225381851196,0.5841997299363779,0.2850101590156555,0.31606683135032654,0.08663775026798248
va_long_beach,hungary,v5_attention_equal_budget,v5,0,5064,5.0,0.627143144607544,0.6104913503848666,0.6053981781005859,0.6072568297386169,0.20815631747245789
va_long_beach,hungary,v5_attention_equal_budget,v5,0,5064,10.0,0.5303741097450256,0.5267496099395836,0.5095406770706177,0.5175990462303162,0.16804265975952148
va_long_beach,hungary,v5_attention_equal_budget,v5,0,5064,15.0,0.498162180185318,0.5052524129483652,0.47285714745521545,0.4923996925354004,0.1553378850221634
va_long_beach,hungary,v5_attention_equal_budget,v5,0,5064,20.0,0.4383487105369568,0.49767735664219664,0.42062464356422424,0.4295567572116852,0.1325802356004715
va_long_beach,hungary,v5_attention_equal_budget,v5,0,5064,25.0,0.41142743825912476,0.5144992720341319,0.39504915475845337,0.40305766463279724,0.1237402930855751
va_long_beach,hungary,v5_attention_equal_budget,v5,0,5064,30.0,0.38283854722976685,0.5364714303302254,0.3655833899974823,0.37749940156936646,0.11297164857387543
va_long_beach,hungary,v5_attention_equal_budget,v5,0,5064,35.0,0.3632705807685852,0.5330624084911465,0.34221428632736206,0.3635384738445282,0.10394208878278732
va_long_beach,hungary,v5_attention_equal_budget,v5,0,5064,40.0,0.35680335760116577,0.538724599607409,0.33441734313964844,0.35871076583862305,0.10239306092262268
va_long_beach,hungary,v5_attention_equal_budget,v5,0,5064,45.0,0.3612394332885742,0.5605934909444044,0.3294684588909149,0.3729564845561981,0.10026966035366058
va_long_beach,hungary,v5_attention_equal_budget,v5,0,5064,50.0,0.33015555143356323,0.5759964410527842,0.30598336458206177,0.33580276370048523,0.09262491762638092
va_long_beach,hungary,v5_attention_equal_budget,v5,0,5064,55.0,0.32093244791030884,0.5562954380276715,0.2981720566749573,0.3257179260253906,0.08987445384263992
va_long_beach,hungary,v5_attention_equal_budget,v5,0,5064,60.0,0.31287139654159546,0.5561289041057225,0.2913037836551666,0.3168106973171234,0.08814151585102081
va_long_beach,hungary,v5_attention_equal_budget,v5,0,5065,5.0,0.5350631475448608,0.5253836563108605,0.5158441662788391,0.5202860832214355,0.1699804663658142
va_long_beach,hungary,v5_attention_equal_budget,v5,0,5065,10.0,0.47731831669807434,0.5589805970267877,0.4606233835220337,0.46398964524269104,0.15011829137802124
va_long_beach,hungary,v5_attention_equal_budget,v5,0,5065,15.0,0.4459661841392517,0.560746158953976,0.4268139898777008,0.4379294514656067,0.13594456017017365
va_long_beach,hungary,v5_attention_equal_budget,v5,0,5065,20.0,0.4285881519317627,0.5499745794554067,0.41076985001564026,0.42048272490501404,0.12961870431900024
va_long_beach,hungary,v5_attention_equal_budget,v5,0,5065,25.0,0.40558919310569763,0.5365668237987,0.3860476315021515,0.4008668065071106,0.12131958454847336
va_long_beach,hungary,v5_attention_equal_budget,v5,0,5065,30.0,0.3799925744533539,0.5403458996041968,0.3613649606704712,0.37623223662376404,0.11193957924842834
va_long_beach,hungary,v5_attention_equal_budget,v5,0,5065,35.0,0.38065868616104126,0.5196116744735235,0.3605354130268097,0.3781619071960449,0.11310052871704102
va_long_beach,hungary,v5_attention_equal_budget,v5,0,5065,40.0,0.3593110740184784,0.5267590216848409,0.33229967951774597,0.36600780487060547,0.10157325863838196
va_long_beach,hungary,v5_attention_equal_budget,v5,0,5065,45.0,0.3500182330608368,0.5527263217158881,0.32593077421188354,0.3540862202644348,0.10009743273258209
va_long_beach,hungary,v5_attention_equal_budget,v5,0,5065,50.0,0.3375126123428345,0.5443045876858483,0.31301769614219666,0.3426959216594696,0.09655802696943283
va_long_beach,hungary,v5_attention_equal_budget,v5,0,5065,55.0,0.3245328366756439,0.5658881233583375,0.3001246750354767,0.3304976522922516,0.09221665561199188
va_long_beach,hungary,v5_attention_equal_budget,v5,0,5065,60.0,0.31182408332824707,0.5745583263037501,0.2875269651412964,0.31867286562919617,0.08724163472652435
va_long_beach,hungary,v5_attention_equal_budget,v5,0,5065,65.0,0.2950384020805359,0.5689306398454526,0.27216091752052307,0.30148935317993164,0.08213269710540771
va_long_beach,hungary,v5_attention_equal_budget,v5,0,5065,70.0,0.3244436979293823,0.587602451175888,0.28973594307899475,0.34135302901268005,0.08899199962615967
va_long_beach,hungary,v5_attention_equal_budget,v5,0,5065,75.0,0.29216334223747253,0.6023659147698832,0.2668277323246002,0.3012942373752594,0.0810234397649765
va_long_beach,hungary,v5_attention_equal_budget,v5,0,5066,5.0,0.5769451260566711,0.48930147011755154,0.5560904741287231,0.5606207847595215,0.1858949363231659
va_long_beach,hungary,v5_attention_equal_budget,v5,0,5066,10.0,0.49823665618896484,0.5074784224407225,0.481247216463089,0.4838399887084961,0.15693064033985138
va_long_beach,hungary,v5_attention_equal_budget,v5,0,5066,15.0,0.4954794943332672,0.481645289684681,0.4702436625957489,0.48997172713279724,0.15371792018413544
va_long_beach,hungary,v5_attention_equal_budget,v5,0,5066,20.0,0.44913437962532043,0.49929648598286935,0.4319911003112793,0.4386656880378723,0.13805995881557465
va_long_beach,hungary,v5_attention_equal_budget,v5,0,5066,25.0,0.42141199111938477,0.5093981839833199,0.40284618735313416,0.4141490161418915,0.1291438192129135
va_long_beach,hungary,v5_attention_equal_budget,v5,0,5066,30.0,0.41156429052352905,0.49230279383396064,0.38920584321022034,0.4092261493206024,0.12348286062479019
va_long_beach,hungary,v5_attention_equal_budget,v5,0,5066,35.0,0.40056562423706055,0.49284877122207327,0.37521353363990784,0.4023343026638031,0.11791709065437317
va_long_beach,hungary,v5_attention_equal_budget,v5,0,5066,40.0,0.3630216717720032,0.49556388685940767,0.34120792150497437,0.3637850880622864,0.10525161772966385
va_long_beach,hungary,v5_attention_equal_budget,v5,0,5066,45.0,0.35824865102767944,0.5054163429729657,0.334113746881485,0.36174583435058594,0.10318861901760101
va_long_beach,hungary,v5_attention_equal_budget,v5,0,5066,50.0,0.3439616560935974,0.5148237729125152,0.3227018415927887,0.3454201817512512,0.09900637716054916
va_long_beach,hungary,v5_attention_equal_budget,v5,0,5066,55.0,0.3310014009475708,0.5160467332685477,0.30719390511512756,0.33603212237358093,0.09388388693332672
va_long_beach,hungary,v5_attention_equal_budget,v5,0,5067,5.0,0.5682700276374817,0.5276008106575796,0.548516571521759,0.5513365864753723,0.18343476951122284
va_long_beach,hungary,v5_attention_equal_budget,v5,0,5067,10.0,0.49156737327575684,0.504625867219739,0.4719306230545044,0.48016998171806335,0.15517044067382812
va_long_beach,hungary,v5_attention_equal_budget,v5,0,5067,15.0,0.4482707679271698,0.5441992457063816,0.42606592178344727,0.44302770495414734,0.13723953068256378
va_long_beach,hungary,v5_attention_equal_budget,v5,0,5067,20.0,0.41186195611953735,0.5185153362766346,0.39505988359451294,0.40364962816238403,0.12507203221321106
va_long_beach,hungary,v5_attention_equal_budget,v5,0,5067,25.0,0.41861459612846375,0.504289727250673,0.39654821157455444,0.41564151644706726,0.12519744038581848
va_long_beach,hungary,v5_attention_equal_budget,v5,0,5067,30.0,0.3843849301338196,0.5301503196377226,0.3661949932575226,0.37970104813575745,0.114369235932827
va_long_beach,hungary,v5_attention_equal_budget,v5,0,5067,35.0,0.36582741141319275,0.5331925606925472,0.3441724479198456,0.36609259247779846,0.10694888234138489
va_long_beach,hungary,v5_attention_equal_budget,v5,0,5067,40.0,0.3500724136829376,0.5293006268716285,0.3269200921058655,0.35317620635032654,0.1002427190542221
va_long_beach,hungary,v5_attention_equal_budget,v5,0,5067,45.0,0.3328153192996979,0.5314354592592012,0.31405535340309143,0.3324681222438812,0.09553591161966324
va_long_beach,hungary,v5_attention_equal_budget,v5,0,5067,50.0,0.3329666256904602,0.5452961338782397,0.3092285096645355,0.33776694536209106,0.09468905627727509
va_long_beach,hungary,v5_attention_equal_budget,v5,0,5067,55.0,0.3021867573261261,0.5687770745912928,0.28283944725990295,0.30488404631614685,0.08325006812810898
va_long_beach,hungary,v5_attention_equal_budget,v5,0,5067,60.0,0.3069131672382355,0.5781576767788601,0.28473106026649475,0.3116401731967926,0.08727536350488663
va_long_beach,hungary,v5_attention_equal_budget,v5,0,5067,65.0,0.3022659718990326,0.5599459963670119,0.27860498428344727,0.30896034836769104,0.08483313024044037
va_long_beach,hungary,v5_attention_equal_budget,v5,0,5068,5.0,0.5804303884506226,0.5324957952181649,0.5585366487503052,0.5647625923156738,0.18780763447284698
va_long_beach,hungary,v5_attention_equal_budget,v5,0,5068,10.0,0.4870073199272156,0.49329943653562586,0.46994611620903015,0.47365179657936096,0.1520836055278778
va_long_beach,hungary,v5_attention_equal_budget,v5,0,5068,15.0,0.4613701105117798,0.4865098605342263,0.44339102506637573,0.4507964253425598,0.14276385307312012
va_long_beach,hungary,v5_attention_equal_budget,v5,0,5068,20.0,0.4366576373577118,0.4715422771140615,0.4180196523666382,0.4286465644836426,0.1332453340291977
va_long_beach,hungary,v5_attention_equal_budget,v5,0,5068,25.0,0.42860686779022217,0.46931062139822943,0.40217405557632446,0.42970210313796997,0.12668795883655548
va_long_beach,hungary,v5_attention_equal_budget,v5,0,5068,30.0,0.38959383964538574,0.4900363221792143,0.3709222078323364,0.38512372970581055,0.11570862680673599
va_long_beach,hungary,v5_attention_equal_budget,v5,0,5068,35.0,0.37935516238212585,0.5012635056036614,0.3545990288257599,0.38222265243530273,0.10944332182407379
va_long_beach,hungary,v5_attention_equal_budget,v5,0,5068,40.0,0.35331928730010986,0.532684862398457,0.3281038701534271,0.35855865478515625,0.09987998753786087
va_long_beach,hungary,v5_attention_equal_budget,v5,0,5068,45.0,0.3338451683521271,0.5296373880843869,0.3111312687397003,0.3374989628791809,0.09530024230480194
va_long_beach,hungary,v5_attention_equal_budget,v5,0,5068,50.0,0.3171107769012451,0.5417186678260022,0.2953556776046753,0.3211210370063782,0.08872417360544205
va_long_beach,hungary,v5_attention_equal_budget,v5,0,5068,55.0,0.3359758257865906,0.5280782633861582,0.30432209372520447,0.349057674407959,0.09285932779312134
va_long_beach,hungary,v5_attention_equal_budget,v5,0,5068,60.0,0.30517563223838806,0.5241449495647578,0.28084585070610046,0.31263095140457153,0.08437249809503555
va_long_beach,hungary,v5_attention_equal_budget,v5,0,5068,65.0,0.28749966621398926,0.5429935557760528,0.26145458221435547,0.2980611026287079,0.07741808891296387
va_long_beach,hungary,v5_attention_equal_budget,v5,0,5069,5.0,0.5784858465194702,0.5114767715433827,0.5578868389129639,0.5618279576301575,0.18628473579883575
va_long_beach,hungary,v5_attention_equal_budget,v5,0,5069,10.0,0.4891633093357086,0.47860251676785603,0.47141849994659424,0.47625523805618286,0.1532643586397171
va_long_beach,hungary,v5_attention_equal_budget,v5,0,5069,15.0,0.4684131145477295,0.48746992910335113,0.449938029050827,0.4576096534729004,0.14639252424240112
va_long_beach,hungary,v5_attention_equal_budget,v5,0,5069,20.0,0.4353932738304138,0.507675318604086,0.4163297712802887,0.4280329644680023,0.13211914896965027
va_long_beach,hungary,v5_attention_equal_budget,v5,0,5069,25.0,0.4041324555873871,0.5138565851984065,0.3873651921749115,0.3966388702392578,0.1213042214512825
va_long_beach,hungary,v5_attention_equal_budget,v5,0,5069,30.0,0.3834235668182373,0.5216466173110997,0.36676210165023804,0.3770754933357239,0.11504769325256348
va_long_beach,hungary,v5_attention_equal_budget,v5,0,5069,35.0,0.3670070767402649,0.5236336138377784,0.345635324716568,0.367032915353775,0.10672967880964279
va_long_beach,hungary,v5_attention_equal_budget,v5,0,5069,40.0,0.36238500475883484,0.5173433281976572,0.3378026783466339,0.3661370277404785,0.10415173321962357
va_long_beach,hungary,v5_attention_equal_budget,v5,0,5069,45.0,0.33544957637786865,0.5232625542439154,0.3154659867286682,0.33625689148902893,0.09588127583265305
va_long_beach,hungary,v5_attention_equal_budget,v5,0,5069,50.0,0.33968642354011536,0.5280866951209102,0.31312593817710876,0.34718772768974304,0.09529592096805573
va_long_beach,hungary,v5_attention_equal_budget,v5,0,5070,5.0,0.5955589413642883,0.5334479840111528,0.5752418637275696,0.577180027961731,0.19347994029521942
va_long_beach,hungary,v5_attention_equal_budget,v5,0,5070,10.0,0.49207648634910583,0.512408343421761,0.47191306948661804,0.48132163286209106,0.15459159016609192
va_long_beach,hungary,v5_attention_equal_budget,v5,0,5070,15.0,0.48400941491127014,0.5603334686959665,0.4634479880332947,0.4744415283203125,0.15064652264118195
va_long_beach,hungary,v5_attention_equal_budget,v5,0,5070,20.0,0.45160576701164246,0.5630379182655053,0.4311736226081848,0.44476327300071716,0.13637323677539825
va_long_beach,hungary,v5_attention_equal_budget,v5,0,5070,25.0,0.41531017422676086,0.5276911922295017,0.3987899422645569,0.40650758147239685,0.12661416828632355
va_long_beach,hungary,v5_attention_equal_budget,v5,0,5070,30.0,0.41949111223220825,0.5091120513521714,0.39934995770454407,0.4141162037849426,0.12758029997348785
va_long_beach,hungary,v5_attention_equal_budget,v5,0,5070,35.0,0.40831059217453003,0.5150740272417056,0.3861636221408844,0.4064071774482727,0.12025168538093567
va_long_beach,hungary,v5_attention_equal_budget,v5,0,5070,40.0,0.38298243284225464,0.5193442495951311,0.35402509570121765,0.3902586102485657,0.10840580612421036
va_long_beach,hungary,v5_attention_equal_budget,v5,0,5070,45.0,0.38003766536712646,0.5189347189357292,0.35454893112182617,0.38354864716529846,0.10988880693912506
va_long_beach,hungary,v5_attention_equal_budget,v5,0,5070,50.0,0.3532026410102844,0.5156358826465313,0.330549031496048,0.35545656085014343,0.10199837386608124
va_long_beach,hungary,v5_attention_equal_budget,v5,0,5070,55.0,0.3528916835784912,0.5308026343687977,0.3198755979537964,0.36637622117996216,0.09765761345624924
va_long_beach,hungary,v5_attention_equal_budget,v5,0,5070,60.0,0.3226570785045624,0.53643085047796,0.298716276884079,0.32849693298339844,0.09050464630126953
va_long_beach,hungary,v5_attention_equal_budget,v5,0,5070,65.0,0.3112129271030426,0.5404114054942779,0.28539249300956726,0.31963834166526794,0.08697506785392761
va_long_beach,hungary,v5_attention_equal_budget,v5,0,5070,70.0,0.3032241463661194,0.5383295537091348,0.2773424983024597,0.31247854232788086,0.08313633501529694
va_long_beach,hungary,v5_attention_equal_budget,v5,0,5071,5.0,0.6018949747085571,0.5339100011826509,0.5799965262413025,0.5843572020530701,0.19718118011951447
va_long_beach,hungary,v5_attention_equal_budget,v5,0,5071,10.0,0.5383942127227783,0.5533843565259917,0.5076367855072021,0.535493016242981,0.16829296946525574
va_long_beach,hungary,v5_attention_equal_budget,v5,0,5071,15.0,0.47881972789764404,0.5349058710185626,0.45892244577407837,0.4690917134284973,0.14812646806240082
va_long_beach,hungary,v5_attention_equal_budget,v5,0,5071,20.0,0.4524300694465637,0.503602640737455,0.43521007895469666,0.44170036911964417,0.13974854350090027
va_long_beach,hungary,v5_attention_equal_budget,v5,0,5071,25.0,0.4198233187198639,0.5192511026079204,0.40170586109161377,0.4122096002101898,0.12865562736988068
va_long_beach,hungary,v5_attention_equal_budget,v5,0,5071,30.0,0.3974095284938812,0.5423814824560445,0.3766806423664093,0.39438745379447937,0.11875484138727188
va_long_beach,hungary,v5_attention_equal_budget,v5,0,5071,35.0,0.38184529542922974,0.5684157166407501,0.35904139280319214,0.3821384608745575,0.11255375295877457
va_long_beach,hungary,v5_attention_equal_budget,v5,0,5071,40.0,0.3617822229862213,0.5587715459444311,0.33916011452674866,0.3632845878601074,0.10559890419244766
va_long_beach,hungary,v5_attention_equal_budget,v5,0,5071,45.0,0.34338825941085815,0.5900082492376958,0.321530818939209,0.3453378677368164,0.09953908622264862
va_long_beach,hungary,v5_attention_equal_budget,v5,0,5071,50.0,0.3426528573036194,0.5749733286739411,0.31565195322036743,0.35016128420829773,0.09746268391609192
va_long_beach,hungary,v5_attention_equal_budget,v5,0,5071,55.0,0.32722628116607666,0.6062121553756552,0.3018799424171448,0.33407220244407654,0.09250231832265854
va_long_beach,hungary,v5_attention_equal_budget,v5,0,5071,60.0,0.3301638662815094,0.5952482991140873,0.3039557635784149,0.3375588357448578,0.09406555444002151
va_long_beach,switzerland,v5_attention_equal_budget,v5,0,5062,5.0,0.5404038429260254,0.7160982063099219,0.5216753482818604,0.5249223709106445,0.1710500419139862
va_long_beach,switzerland,v5_attention_equal_budget,v5,0,5062,10.0,0.45885398983955383,0.8066067913522422,0.44197630882263184,0.4474874436855316,0.1412210315465927
va_long_beach,switzerland,v5_attention_equal_budget,v5,0,5062,15.0,0.42971062660217285,0.8221114544991646,0.41440415382385254,0.4187600314617157,0.13128511607646942
va_long_beach,switzerland,v5_attention_equal_budget,v5,0,5062,20.0,0.4164387285709381,0.8068927623423848,0.40095773339271545,0.4067257046699524,0.12596997618675232
va_long_beach,switzerland,v5_attention_equal_budget,v5,0,5062,25.0,0.4037095904350281,0.8043673642164008,0.38901498913764954,0.39381057024002075,0.12296795845031738
va_long_beach,switzerland,v5_attention_equal_budget,v5,0,5062,30.0,0.39758431911468506,0.8156840007364969,0.3825024664402008,0.3885912001132965,0.12037479877471924
va_long_beach,switzerland,v5_attention_equal_budget,v5,0,5062,35.0,0.38429704308509827,0.8122064194190703,0.3705402910709381,0.37488889694213867,0.11582456529140472
va_long_beach,switzerland,v5_attention_equal_budget,v5,0,5062,40.0,0.38215669989585876,0.8173909195923281,0.3671506941318512,0.3740679919719696,0.11547348648309708
va_long_beach,switzerland,v5_attention_equal_budget,v5,0,5062,45.0,0.3699039816856384,0.8476049521727922,0.35595113039016724,0.36149120330810547,0.11182817071676254
va_long_beach,switzerland,v5_attention_equal_budget,v5,0,5063,5.0,0.5061541199684143,0.6816088668908544,0.48732709884643555,0.49327096343040466,0.15855050086975098
va_long_beach,switzerland,v5_attention_equal_budget,v5,0,5063,10.0,0.4506469666957855,0.7160707288465348,0.43342044949531555,0.4400944709777832,0.13889522850513458
va_long_beach,switzerland,v5_attention_equal_budget,v5,0,5063,15.0,0.42877328395843506,0.7791887505793698,0.4133263826370239,0.4180159568786621,0.1310211569070816
va_long_beach,switzerland,v5_attention_equal_budget,v5,0,5063,20.0,0.41172394156455994,0.823270742868635,0.39653223752975464,0.40179529786109924,0.12560150027275085
va_long_beach,switzerland,v5_attention_equal_budget,v5,0,5063,25.0,0.4066919684410095,0.8208213295848037,0.3920952379703522,0.39641353487968445,0.12437587231397629
va_long_beach,switzerland,v5_attention_equal_budget,v5,0,5063,30.0,0.3947119414806366,0.8516695100743592,0.3807750344276428,0.3846215307712555,0.1201363131403923
va_long_beach,switzerland,v5_attention_equal_budget,v5,0,5063,35.0,0.3929812014102936,0.8607707945546904,0.3790062665939331,0.38297054171562195,0.119927778840065
va_long_beach,switzerland,v5_attention_equal_budget,v5,0,5063,40.0,0.3803824484348297,0.8841600525680102,0.36647382378578186,0.3711913228034973,0.1154986098408699
va_long_beach,switzerland,v5_attention_equal_budget,v5,0,5063,45.0,0.3744035065174103,0.9167218354020616,0.35949045419692993,0.3666672706604004,0.11324650794267654
va_long_beach,switzerland,v5_attention_equal_budget,v5,0,5064,5.0,0.532967746257782,0.6378239480203275,0.5143962502479553,0.5179165005683899,0.1681138128042221
va_long_beach,switzerland,v5_attention_equal_budget,v5,0,5064,10.0,0.4682806730270386,0.7436537630520763,0.4514296352863312,0.4559941291809082,0.14568817615509033
va_long_beach,switzerland,v5_attention_equal_budget,v5,0,5064,15.0,0.4250451326370239,0.7374815036705793,0.41030144691467285,0.41378211975097656,0.13003353774547577
va_long_beach,switzerland,v5_attention_equal_budget,v5,0,5064,20.0,0.4083807170391083,0.7897568610032808,0.39435863494873047,0.39749518036842346,0.12453822046518326
va_long_beach,switzerland,v5_attention_equal_budget,v5,0,5064,25.0,0.3996411859989166,0.7330025909999045,0.38584136962890625,0.3890536427497864,0.12193693220615387
va_long_beach,switzerland,v5_attention_equal_budget,v5,0,5064,30.0,0.3905487358570099,0.7023949204556665,0.3765336573123932,0.3808527886867523,0.1185552254319191
va_long_beach,switzerland,v5_attention_equal_budget,v5,0,5064,35.0,0.38091719150543213,0.754826088591095,0.3673135042190552,0.3715132772922516,0.11503802239894867
va_long_beach,switzerland,v5_attention_equal_budget,v5,0,5064,40.0,0.3806150555610657,0.7661118896811209,0.36570432782173157,0.3726947009563446,0.11415527015924454
va_long_beach,switzerland,v5_attention_equal_budget,v5,0,5064,45.0,0.37778040766716003,0.7784394597625166,0.362234503030777,0.37050849199295044,0.11408890783786774
va_long_beach,switzerland,v5_attention_equal_budget,v5,0,5065,5.0,0.5129528641700745,0.7046193534361044,0.4948195517063141,0.4990747570991516,0.16005690395832062
va_long_beach,switzerland,v5_attention_equal_budget,v5,0,5065,10.0,0.45394328236579895,0.806248785069661,0.4381166100502014,0.44181451201438904,0.13977724313735962
va_long_beach,switzerland,v5_attention_equal_budget,v5,0,5065,15.0,0.42968252301216125,0.8233990977587866,0.41375473141670227,0.419479101896286,0.13065601885318756
va_long_beach,switzerland,v5_attention_equal_budget,v5,0,5065,20.0,0.4186711609363556,0.7958056992171906,0.40273037552833557,0.40914031863212585,0.1273580640554428
va_long_beach,switzerland,v5_attention_equal_budget,v5,0,5065,25.0,0.3998976945877075,0.7722752866160197,0.38612744212150574,0.3893292546272278,0.12169357389211655
va_long_beach,switzerland,v5_attention_equal_budget,v5,0,5065,30.0,0.39261394739151,0.767380840762796,0.3787839710712433,0.3827153146266937,0.11864307522773743
va_long_beach,switzerland,v5_attention_equal_budget,v5,0,5065,35.0,0.3877476751804352,0.8112109459527985,0.37361347675323486,0.3783843219280243,0.11748749762773514
va_long_beach,switzerland,v5_attention_equal_budget,v5,0,5065,40.0,0.38229572772979736,0.8254570231069305,0.36828097701072693,0.37312841415405273,0.11591018736362457
va_long_beach,switzerland,v5_attention_equal_budget,v5,0,5065,45.0,0.3779083788394928,0.8366791312641398,0.3630814850330353,0.37001124024391174,0.11362017691135406
va_long_beach,switzerland,v5_attention_equal_budget,v5,0,5066,5.0,0.5169873237609863,0.8220846267658866,0.4989972710609436,0.5026774406433105,0.16149984300136566
va_long_beach,switzerland,v5_attention_equal_budget,v5,0,5066,10.0,0.4368668794631958,0.9315755778422241,0.4219553768634796,0.42514657974243164,0.13315923511981964
va_long_beach,switzerland,v5_attention_equal_budget,v5,0,5066,15.0,0.4293188154697418,0.8098723968605954,0.41400185227394104,0.4182867109775543,0.131745383143425
va_long_beach,switzerland,v5_attention_equal_budget,v5,0,5066,20.0,0.4173554480075836,0.7573431222172855,0.4023871123790741,0.4070195257663727,0.12652142345905304
va_long_beach,switzerland,v5_attention_equal_budget,v5,0,5066,25.0,0.4095819294452667,0.7899268468712473,0.39437228441238403,0.3998776376247406,0.12456993013620377
va_long_beach,switzerland,v5_attention_equal_budget,v5,0,5066,30.0,0.39414483308792114,0.7559703195402441,0.380066841840744,0.3843873143196106,0.11917760968208313
va_long_beach,switzerland,v5_attention_equal_budget,v5,0,5066,35.0,0.4029209315776825,0.7606674571419558,0.3872998356819153,0.3940393626689911,0.1225135326385498
va_long_beach,switzerland,v5_attention_equal_budget,v5,0,5066,40.0,0.3842620551586151,0.7943730225010381,0.3697202503681183,0.3755722939968109,0.11615787446498871
va_long_beach,switzerland,v5_attention_equal_budget,v5,0,5066,45.0,0.3771943151950836,0.7992803769778136,0.3631700873374939,0.368331640958786,0.11443456262350082
va_long_beach,switzerland,v5_attention_equal_budget,v5,0,5066,50.0,0.367129921913147,0.8319365026131396,0.3529469072818756,0.3592079281806946,0.1105249747633934
va_long_beach,switzerland,v5_attention_equal_budget,v5,0,5066,55.0,0.3571895956993103,0.8508066108997977,0.34347108006477356,0.34947100281715393,0.10718552023172379
va_long_beach,switzerland,v5_attention_equal_budget,v5,0,5066,60.0,0.3551882207393646,0.8610903366795575,0.3403646647930145,0.3486550450325012,0.1067836806178093
va_long_beach,switzerland,v5_attention_equal_budget,v5,0,5066,65.0,0.3434273898601532,0.8919882628646794,0.33032360672950745,0.33606863021850586,0.10231290012598038
va_long_beach,switzerland,v5_attention_equal_budget,v5,0,5066,70.0,0.34501802921295166,0.9113514258560562,0.3306160271167755,0.33887797594070435,0.10271011292934418
va_long_beach,switzerland,v5_attention_equal_budget,v5,0,5067,5.0,0.5285342931747437,0.6382883848357574,0.5095764994621277,0.5141059160232544,0.16693104803562164
va_long_beach,switzerland,v5_attention_equal_budget,v5,0,5067,10.0,0.46839362382888794,0.6947487514462949,0.4511527121067047,0.4564993977546692,0.14567558467388153
va_long_beach,switzerland,v5_attention_equal_budget,v5,0,5067,15.0,0.43902164697647095,0.7410161118474936,0.4232877492904663,0.42776021361351013,0.1349763572216034
va_long_beach,switzerland,v5_attention_equal_budget,v5,0,5067,20.0,0.42096978425979614,0.7785921488160337,0.40622657537460327,0.4098345935344696,0.1293920874595642
va_long_beach,switzerland,v5_attention_equal_budget,v5,0,5067,25.0,0.41740962862968445,0.7515183191243814,0.40186282992362976,0.40741434693336487,0.1277104914188385
va_long_beach,switzerland,v5_attention_equal_budget,v5,0,5067,30.0,0.40785959362983704,0.7724744564546447,0.39192572236061096,0.3989880681037903,0.12402687966823578
va_long_beach,switzerland,v5_attention_equal_budget,v5,0,5067,35.0,0.39478108286857605,0.8098334998481572,0.37919583916664124,0.38651353120803833,0.11926395446062088
va_long_beach,switzerland,v5_attention_equal_budget,v5,0,5067,40.0,0.3906867504119873,0.8046200542143349,0.37545347213745117,0.3823127746582031,0.11803637444972992
va_long_beach,switzerland,v5_attention_equal_budget,v5,0,5067,45.0,0.37679770588874817,0.8342900601531447,0.3626507520675659,0.3682126998901367,0.11365977674722672
va_long_beach,switzerland,v5_attention_equal_budget,v5,0,5068,5.0,0.5209305286407471,0.6194694426116889,0.5028136372566223,0.5065503120422363,0.16248594224452972
va_long_beach,switzerland,v5_attention_equal_budget,v5,0,5068,10.0,0.452141672372818,0.7308109898519743,0.4361211657524109,0.4403897225856781,0.13886237144470215
va_long_beach,switzerland,v5_attention_equal_budget,v5,0,5068,15.0,0.4265434145927429,0.7256575513917072,0.4114435017108917,0.4155619740486145,0.13040658831596375
va_long_beach,switzerland,v5_attention_equal_budget,v5,0,5068,20.0,0.4139373004436493,0.7621502698275224,0.39934343099594116,0.4034627079963684,0.12534229457378387
va_long_beach,switzerland,v5_attention_equal_budget,v5,0,5068,25.0,0.41026800870895386,0.8102505004148097,0.3932112753391266,0.4026070535182953,0.12358840554952621
va_long_beach,switzerland,v5_attention_equal_budget,v5,0,5068,30.0,0.38888972997665405,0.7976579235575261,0.37522390484809875,0.37900087237358093,0.11777341365814209
va_long_beach,switzerland,v5_attention_equal_budget,v5,0,5068,35.0,0.38987353444099426,0.8120111960784909,0.3750399053096771,0.3811832368373871,0.11761949211359024
va_long_beach,switzerland,v5_attention_equal_budget,v5,0,5068,40.0,0.3727029860019684,0.8289236042063256,0.35869908332824707,0.36428824067115784,0.1120934784412384
va_long_beach,switzerland,v5_attention_equal_budget,v5,0,5068,45.0,0.3686017394065857,0.8267364477193944,0.35393673181533813,0.3612828254699707,0.10991975665092468
va_long_beach,switzerland,v5_attention_equal_budget,v5,0,5069,5.0,0.4936372637748718,0.7322964083901788,0.4765150249004364,0.4801299273967743,0.15314793586730957
va_long_beach,switzerland,v5_attention_equal_budget,v5,0,5069,10.0,0.43967992067337036,0.8643460219540595,0.42252108454704285,0.4299643635749817,0.1343720555305481
va_long_beach,switzerland,v5_attention_equal_budget,v5,0,5069,15.0,0.42063894867897034,0.8265306073284022,0.40498754382133484,0.41067057847976685,0.12809903919696808
va_long_beach,switzerland,v5_attention_equal_budget,v5,0,5069,20.0,0.41047582030296326,0.8292125058569437,0.39502349495887756,0.40112945437431335,0.12399331480264664
va_long_beach,switzerland,v5_attention_equal_budget,v5,0,5069,25.0,0.40146300196647644,0.8286481837770845,0.387167364358902,0.39126309752464294,0.12247782200574875
va_long_beach,switzerland,v5_attention_equal_budget,v5,0,5069,30.0,0.39440277218818665,0.8019931971719901,0.37986767292022705,0.38500910997390747,0.1196439266204834
va_long_beach,switzerland,v5_attention_equal_budget,v5,0,5069,35.0,0.38905656337738037,0.8120946652240157,0.37503528594970703,0.37954312562942505,0.11767366528511047
va_long_beach,switzerland,v5_attention_equal_budget,v5,0,5069,40.0,0.37660062313079834,0.8128234128365688,0.36219340562820435,0.36836501955986023,0.11321433633565903
va_long_beach,switzerland,v5_attention_equal_budget,v5,0,5069,45.0,0.37003999948501587,0.8233147891312143,0.35484057664871216,0.36322394013404846,0.1100771427154541
va_long_beach,switzerland,v5_attention_equal_budget,v5,0,5070,5.0,0.5457165837287903,0.653414907814444,0.5262442827224731,0.5306359529495239,0.17276450991630554
va_long_beach,switzerland,v5_attention_equal_budget,v5,0,5070,10.0,0.44420841336250305,0.7965973767352981,0.428418904542923,0.43279582262039185,0.13601040840148926
va_long_beach,switzerland,v5_attention_equal_budget,v5,0,5070,15.0,0.42222461104393005,0.8335292825145002,0.4073399007320404,0.41127750277519226,0.129159078001976
va_long_beach,switzerland,v5_attention_equal_budget,v5,0,5070,20.0,0.4070872664451599,0.8044259191816143,0.39310041069984436,0.39636993408203125,0.12352122366428375
va_long_beach,switzerland,v5_attention_equal_budget,v5,0,5070,25.0,0.40064457058906555,0.8139915962473443,0.3850860595703125,0.39187726378440857,0.12162898480892181
va_long_beach,switzerland,v5_attention_equal_budget,v5,0,5070,30.0,0.3833127021789551,0.8069925044415698,0.3701747953891754,0.3732087314128876,0.11620929837226868
va_long_beach,switzerland,v5_attention_equal_budget,v5,0,5070,35.0,0.3769356906414032,0.8272230373825473,0.3629443347454071,0.36810502409935,0.1141100749373436
va_long_beach,switzerland,v5_attention_equal_budget,v5,0,5070,40.0,0.3767181932926178,0.8234465092001211,0.36312219500541687,0.3675296902656555,0.11392266303300858
va_long_beach,switzerland,v5_attention_equal_budget,v5,0,5070,45.0,0.37005364894866943,0.8202772924397839,0.3556431829929352,0.3621096611022949,0.11177247017621994
va_long_beach,switzerland,v5_attention_equal_budget,v5,0,5071,5.0,0.5108058452606201,0.6216609817434878,0.4937039911746979,0.4961666166782379,0.15870539844036102
va_long_beach,switzerland,v5_attention_equal_budget,v5,0,5071,10.0,0.4546867907047272,0.7738781938643142,0.4395045042037964,0.44191989302635193,0.13974563777446747
va_long_beach,switzerland,v5_attention_equal_budget,v5,0,5071,15.0,0.43025702238082886,0.725906856096153,0.41445451974868774,0.41982004046440125,0.13119764626026154
va_long_beach,switzerland,v5_attention_equal_budget,v5,0,5071,20.0,0.421460896730423,0.6956980534070689,0.4058074653148651,0.4116063117980957,0.1275399625301361
va_long_beach,switzerland,v5_attention_equal_budget,v5,0,5071,25.0,0.4055469036102295,0.7287333037425636,0.39124858379364014,0.3951944410800934,0.12325403839349747
va_long_beach,switzerland,v5_attention_equal_budget,v5,0,5071,30.0,0.4081670045852661,0.7329289251865533,0.3934416174888611,0.39796382188796997,0.12464295327663422
va_long_beach,switzerland,v5_attention_equal_budget,v5,0,5071,35.0,0.3952234983444214,0.7158961061124501,0.38100042939186096,0.385456383228302,0.11995077133178711
va_long_beach,switzerland,v5_attention_equal_budget,v5,0,5071,40.0,0.38539204001426697,0.7282776104299035,0.37082579731941223,0.376671701669693,0.11643276363611221
va_long_beach,switzerland,v5_attention_equal_budget,v5,0,5071,45.0,0.37502723932266235,0.7457371520706128,0.3617464601993561,0.36565160751342773,0.11328233778476715
va_long_beach,cleveland,v5_deepsets_equal_budget,v5,0,5062,5.0,0.6124419569969177,0.6269594842915729,0.5918813347816467,0.5929288268089294,0.2003684937953949
va_long_beach,cleveland,v5_deepsets_equal_budget,v5,0,5062,10.0,0.5063637495040894,0.6032603532477885,0.48980841040611267,0.49170562624931335,0.15606708824634552
va_long_beach,cleveland,v5_deepsets_equal_budget,v5,0,5062,15.0,0.45842182636260986,0.6251048339044706,0.44188061356544495,0.44685107469558716,0.1405595988035202
va_long_beach,cleveland,v5_deepsets_equal_budget,v5,0,5062,20.0,0.43507274985313416,0.6652963039950145,0.41953587532043457,0.423786461353302,0.1341157704591751
va_long_beach,cleveland,v5_deepsets_equal_budget,v5,0,5062,25.0,0.4356580972671509,0.6648186304972179,0.41640588641166687,0.42834988236427307,0.13280220329761505
va_long_beach,cleveland,v5_deepsets_equal_budget,v5,0,5062,30.0,0.43909332156181335,0.6548004237591912,0.4168369770050049,0.43472567200660706,0.1331201046705246
va_long_beach,cleveland,v5_deepsets_equal_budget,v5,0,5062,35.0,0.4136604964733124,0.6633561755258353,0.39606973528862,0.406134694814682,0.12558279931545258
va_long_beach,cleveland,v5_deepsets_equal_budget,v5,0,5062,40.0,0.4130183160305023,0.6641068411183294,0.3918537497520447,0.4094763696193695,0.12353268265724182
va_long_beach,cleveland,v5_deepsets_equal_budget,v5,0,5062,45.0,0.3940298855304718,0.6579557562825304,0.3789372444152832,0.38541385531425476,0.11854314804077148
va_long_beach,cleveland,v5_deepsets_equal_budget,v5,0,5062,50.0,0.39256903529167175,0.6763410581511611,0.37608566880226135,0.38536712527275085,0.11842630803585052
va_long_beach,cleveland,v5_deepsets_equal_budget,v5,0,5063,5.0,0.6527795791625977,0.6377885934002763,0.6305559873580933,0.6312001347541809,0.2190151810646057
va_long_beach,cleveland,v5_deepsets_equal_budget,v5,0,5063,10.0,0.5640357732772827,0.5964793667480615,0.5436933636665344,0.5485987067222595,0.1788976788520813
va_long_beach,cleveland,v5_deepsets_equal_budget,v5,0,5063,15.0,0.4870927035808563,0.5807435013312223,0.4696007966995239,0.47457990050315857,0.15002338588237762
va_long_beach,cleveland,v5_deepsets_equal_budget,v5,0,5063,20.0,0.43080711364746094,0.594796958623913,0.4161643087863922,0.41899386048316956,0.132280170917511
va_long_beach,cleveland,v5_deepsets_equal_budget,v5,0,5063,25.0,0.4195547103881836,0.625180716616638,0.40246716141700745,0.4108729362487793,0.12884671986103058
va_long_beach,cleveland,v5_deepsets_equal_budget,v5,0,5063,30.0,0.41185304522514343,0.6427228168914987,0.395902544260025,0.40260133147239685,0.1260109543800354
va_long_beach,cleveland,v5_deepsets_equal_budget,v5,0,5063,35.0,0.39874935150146484,0.6581073468873884,0.38298022747039795,0.390291690826416,0.12113388627767563
va_long_beach,cleveland,v5_deepsets_equal_budget,v5,0,5063,40.0,0.4065038561820984,0.6556213747202482,0.3902669847011566,0.39804983139038086,0.1234542652964592
va_long_beach,cleveland,v5_deepsets_equal_budget,v5,0,5063,45.0,0.4029514789581299,0.6398925006596423,0.38665860891342163,0.39471790194511414,0.12263253331184387
va_long_beach,cleveland,v5_deepsets_equal_budget,v5,0,5063,50.0,0.4055754542350769,0.6363043455736954,0.38953152298927307,0.39704999327659607,0.1228470578789711
va_long_beach,cleveland,v5_deepsets_equal_budget,v5,0,5063,55.0,0.3936791718006134,0.6260989331694626,0.3765466809272766,0.3870089650154114,0.11901349574327469
va_long_beach,cleveland,v5_deepsets_equal_budget,v5,0,5064,5.0,0.6259855031967163,0.6187925292618102,0.6046283841133118,0.6060477495193481,0.20647403597831726
va_long_beach,cleveland,v5_deepsets_equal_budget,v5,0,5064,10.0,0.5317275524139404,0.5703657489894652,0.5130282640457153,0.5172016024589539,0.16612675786018372
va_long_beach,cleveland,v5_deepsets_equal_budget,v5,0,5064,15.0,0.47518816590309143,0.5930102428283379,0.45851337909698486,0.46242162585258484,0.14720642566680908
va_long_beach,cleveland,v5_deepsets_equal_budget,v5,0,5064,20.0,0.45924022793769836,0.642481867959197,0.4419514834880829,0.44811755418777466,0.14205710589885712
va_long_beach,cleveland,v5_deepsets_equal_budget,v5,0,5064,25.0,0.42856284976005554,0.6599531002712271,0.412896066904068,0.4177975654602051,0.13216039538383484
va_long_beach,cleveland,v5_deepsets_equal_budget,v5,0,5064,30.0,0.4361199736595154,0.6599711063261738,0.4183502793312073,0.42704278230667114,0.13423432409763336
va_long_beach,cleveland,v5_deepsets_equal_budget,v5,0,5064,35.0,0.4160560667514801,0.6677152429675091,0.4000934660434723,0.4066580832004547,0.12680292129516602
va_long_beach,cleveland,v5_deepsets_equal_budget,v5,0,5064,40.0,0.40734830498695374,0.6909832047939228,0.39193716645240784,0.3977690637111664,0.12495190650224686
va_long_beach,cleveland,v5_deepsets_equal_budget,v5,0,5064,45.0,0.40319401025772095,0.6929299036147314,0.38642174005508423,0.3954310417175293,0.12267628312110901
va_long_beach,cleveland,v5_deepsets_equal_budget,v5,0,5064,50.0,0.40320658683776855,0.6791706128671267,0.38572826981544495,0.396351158618927,0.12166868150234222
va_long_beach,cleveland,v5_deepsets_equal_budget,v5,0,5065,5.0,0.6499619483947754,0.6260157149954422,0.627909779548645,0.6284027099609375,0.21805694699287415
va_long_beach,cleveland,v5_deepsets_equal_budget,v5,0,5065,10.0,0.5549233555793762,0.5755802981855767,0.5357344746589661,0.5390694737434387,0.17521370947360992
va_long_beach,cleveland,v5_deepsets_equal_budget,v5,0,5065,15.0,0.49430719017982483,0.5584829952135834,0.4765468239784241,0.48140403628349304,0.15331771969795227
va_long_beach,cleveland,v5_deepsets_equal_budget,v5,0,5065,20.0,0.47332558035850525,0.5966149466063437,0.4509305953979492,0.46666964888572693,0.14525443315505981
va_long_beach,cleveland,v5_deepsets_equal_budget,v5,0,5065,25.0,0.4485316574573517,0.6513050271944854,0.4321371614933014,0.43718060851097107,0.13872785866260529
va_long_beach,cleveland,v5_deepsets_equal_budget,v5,0,5065,30.0,0.4220341742038727,0.68678819057332,0.4056908190250397,0.41286879777908325,0.127543643116951
va_long_beach,cleveland,v5_deepsets_equal_budget,v5,0,5065,35.0,0.4263744056224823,0.6914996057009353,0.40912070870399475,0.41756486892700195,0.1303163468837738
va_long_beach,cleveland,v5_deepsets_equal_budget,v5,0,5065,40.0,0.41668662428855896,0.6945182572802991,0.39754244685173035,0.41063109040260315,0.12599845230579376
va_long_beach,cleveland,v5_deepsets_equal_budget,v5,0,5065,45.0,0.39973369240760803,0.6849172446872925,0.3837417662143707,0.3915345370769501,0.12095533311367035
va_long_beach,cleveland,v5_deepsets_equal_budget,v5,0,5065,50.0,0.4070861041545868,0.6784700420929061,0.3887884318828583,0.4007459580898285,0.12318918853998184
va_long_beach,cleveland,v5_deepsets_equal_budget,v5,0,5065,55.0,0.4078924059867859,0.6699675575223345,0.38994377851486206,0.4013008177280426,0.12270106375217438
va_long_beach,cleveland,v5_deepsets_equal_budget,v5,0,5066,5.0,0.6139488220214844,0.6137979608079396,0.5931825041770935,0.5945342183113098,0.20090433955192566
va_long_beach,cleveland,v5_deepsets_equal_budget,v5,0,5066,10.0,0.5259637832641602,0.5662443460562882,0.5083479285240173,0.5108742713928223,0.16352640092372894
va_long_beach,cleveland,v5_deepsets_equal_budget,v5,0,5066,15.0,0.48172229528427124,0.5573505003556409,0.46484681963920593,0.46888038516044617,0.14858701825141907
va_long_beach,cleveland,v5_deepsets_equal_budget,v5,0,5066,20.0,0.4396039843559265,0.5776147605694553,0.4241591691970825,0.4281083047389984,0.13470229506492615
va_long_beach,cleveland,v5_deepsets_equal_budget,v5,0,5066,25.0,0.43803146481513977,0.6032162871055795,0.42070436477661133,0.42827901244163513,0.13539762794971466
va_long_beach,cleveland,v5_deepsets_equal_budget,v5,0,5066,30.0,0.41396039724349976,0.626246594054047,0.3978668749332428,0.4047711491584778,0.12641364336013794
va_long_beach,cleveland,v5_deepsets_equal_budget,v5,0,5066,35.0,0.4051279127597809,0.639060371088096,0.39002713561058044,0.3955042064189911,0.12362239509820938
va_long_beach,cleveland,v5_deepsets_equal_budget,v5,0,5066,40.0,0.4072980284690857,0.641319645422827,0.38831695914268494,0.4017353951931,0.12271865457296371
va_long_beach,cleveland,v5_deepsets_equal_budget,v5,0,5066,45.0,0.40608280897140503,0.6484436217663959,0.3897313177585602,0.39747354388237,0.1248038187623024
va_long_beach,cleveland,v5_deepsets_equal_budget,v5,0,5066,50.0,0.3847704529762268,0.6475926397628786,0.37032434344291687,0.3760623037815094,0.11577142775058746
va_long_beach,cleveland,v5_deepsets_equal_budget,v5,0,5066,55.0,0.37997177243232727,0.6510224816278216,0.36376386880874634,0.37336453795433044,0.11407589912414551
va_long_beach,cleveland,v5_deepsets_equal_budget,v5,0,5067,5.0,0.6191617250442505,0.5967591794770561,0.5981284379959106,0.5995151400566101,0.20339958369731903
va_long_beach,cleveland,v5_deepsets_equal_budget,v5,0,5067,10.0,0.5254783630371094,0.541327985576168,0.5063974261283875,0.5118142366409302,0.1637258380651474
va_long_beach,cleveland,v5_deepsets_equal_budget,v5,0,5067,15.0,0.4797707796096802,0.5427831206639443,0.45923206210136414,0.47057563066482544,0.14866934716701508
va_long_beach,cleveland,v5_deepsets_equal_budget,v5,0,5067,20.0,0.45660391449928284,0.5748030566526336,0.4385298788547516,0.44633179903030396,0.14173062145709991
va_long_beach,cleveland,v5_deepsets_equal_budget,v5,0,5067,25.0,0.45501911640167236,0.6057575371915894,0.43147939443588257,0.4507349133491516,0.1391194760799408
va_long_beach,cleveland,v5_deepsets_equal_budget,v5,0,5067,30.0,0.4155176281929016,0.6238601604695259,0.3998218774795532,0.40582475066185,0.1269429475069046
va_long_beach,cleveland,v5_deepsets_equal_budget,v5,0,5067,35.0,0.394856721162796,0.6396585775248183,0.3800058960914612,0.3858000934123993,0.11953730136156082
va_long_beach,cleveland,v5_deepsets_equal_budget,v5,0,5067,40.0,0.40316250920295715,0.6498571298859186,0.3870130777359009,0.3950360417366028,0.1213795468211174
va_long_beach,cleveland,v5_deepsets_equal_budget,v5,0,5067,45.0,0.4016956686973572,0.6563333797506903,0.38663169741630554,0.39240559935569763,0.12177031487226486
va_long_beach,cleveland,v5_deepsets_equal_budget,v5,0,5067,50.0,0.40797528624534607,0.6534958754691587,0.39031416177749634,0.40080881118774414,0.12413811683654785
va_long_beach,cleveland,v5_deepsets_equal_budget,v5,0,5068,5.0,0.6413320899009705,0.6261480982633851,0.6196494698524475,0.6202722787857056,0.21371203660964966
va_long_beach,cleveland,v5_deepsets_equal_budget,v5,0,5068,10.0,0.549723207950592,0.5826839545724778,0.5312505960464478,0.5335150957107544,0.1734037697315216
va_long_beach,cleveland,v5_deepsets_equal_budget,v5,0,5068,15.0,0.4880189597606659,0.5845718716610444,0.4704705476760864,0.47554072737693787,0.1501331776380539
va_long_beach,cleveland,v5_deepsets_equal_budget,v5,0,5068,20.0,0.4580998122692108,0.6228952856479161,0.4421895444393158,0.445715993642807,0.14147056639194489
va_long_beach,cleveland,v5_deepsets_equal_budget,v5,0,5068,25.0,0.44368189573287964,0.6590065554433204,0.42676857113838196,0.43331605195999146,0.13639573752880096
va_long_beach,cleveland,v5_deepsets_equal_budget,v5,0,5068,30.0,0.4249943792819977,0.6682246866396271,0.40687504410743713,0.41732969880104065,0.12891994416713715
va_long_beach,cleveland,v5_deepsets_equal_budget,v5,0,5068,35.0,0.42306774854660034,0.6715263643953373,0.40624120831489563,0.4141619801521301,0.12866152822971344
va_long_beach,cleveland,v5_deepsets_equal_budget,v5,0,5068,40.0,0.4081796407699585,0.6815817545238829,0.39336130023002625,0.39812174439430237,0.1243811696767807
va_long_beach,cleveland,v5_deepsets_equal_budget,v5,0,5068,45.0,0.408419132232666,0.6956162772039137,0.3916670083999634,0.4003945291042328,0.12388353794813156
va_long_beach,cleveland,v5_deepsets_equal_budget,v5,0,5068,50.0,0.41437897086143494,0.6929561910912462,0.3974798321723938,0.4059005677700043,0.12688782811164856
va_long_beach,cleveland,v5_deepsets_equal_budget,v5,0,5069,5.0,0.623602032661438,0.6108899552423417,0.6025298237800598,0.6035794615745544,0.2054736465215683
va_long_beach,cleveland,v5_deepsets_equal_budget,v5,0,5069,10.0,0.5312826633453369,0.5678022014817464,0.5131794810295105,0.5162172317504883,0.16584306955337524
va_long_beach,cleveland,v5_deepsets_equal_budget,v5,0,5069,15.0,0.46499672532081604,0.5785656946951556,0.44973045587539673,0.4517892003059387,0.1423688530921936
va_long_beach,cleveland,v5_deepsets_equal_budget,v5,0,5069,20.0,0.46699148416519165,0.6233057230650281,0.44739830493927,0.45768260955810547,0.1445104032754898
va_long_beach,cleveland,v5_deepsets_equal_budget,v5,0,5069,25.0,0.4522285461425781,0.6870727384872155,0.43063822388648987,0.4462442398071289,0.13787344098091125
va_long_beach,cleveland,v5_deepsets_equal_budget,v5,0,5069,30.0,0.41652464866638184,0.6983961670316863,0.4008276164531708,0.4068759083747864,0.1267291009426117
va_long_beach,cleveland,v5_deepsets_equal_budget,v5,0,5069,35.0,0.4181569814682007,0.6685347139828766,0.4005016088485718,0.4105408787727356,0.12635742127895355
va_long_beach,cleveland,v5_deepsets_equal_budget,v5,0,5069,40.0,0.4112779498100281,0.655913600239892,0.3954735994338989,0.4019920527935028,0.1254509538412094
va_long_beach,cleveland,v5_deepsets_equal_budget,v5,0,5069,45.0,0.3978331685066223,0.6660243599325837,0.3830859959125519,0.38841506838798523,0.12082648277282715
va_long_beach,cleveland,v5_deepsets_equal_budget,v5,0,5069,50.0,0.40776437520980835,0.673284955931932,0.3874082565307617,0.4034247398376465,0.12347878515720367
va_long_beach,cleveland,v5_deepsets_equal_budget,v5,0,5070,5.0,0.6620400547981262,0.6371605004910821,0.6390677690505981,0.6403630375862122,0.22324639558792114
va_long_beach,cleveland,v5_deepsets_equal_budget,v5,0,5070,10.0,0.5711266398429871,0.5792731587332849,0.5512483716011047,0.5545167922973633,0.18244102597236633
va_long_beach,cleveland,v5_deepsets_equal_budget,v5,0,5070,15.0,0.5109978318214417,0.5524083917445133,0.4916933476924896,0.49846258759498596,0.1591988503932953
va_long_beach,cleveland,v5_deepsets_equal_budget,v5,0,5070,20.0,0.46638786792755127,0.5601958564965208,0.4447377026081085,0.4593142569065094,0.1436188519001007
va_long_beach,cleveland,v5_deepsets_equal_budget,v5,0,5070,25.0,0.45792102813720703,0.582837034544397,0.4385392963886261,0.44878074526786804,0.14261019229888916
va_long_beach,cleveland,v5_deepsets_equal_budget,v5,0,5070,30.0,0.41347676515579224,0.598065992349135,0.39848756790161133,0.4030441343784332,0.12710914015769958
va_long_beach,cleveland,v5_deepsets_equal_budget,v5,0,5070,35.0,0.4251554310321808,0.6012839710147861,0.40823811292648315,0.41577911376953125,0.1314680427312851
va_long_beach,cleveland,v5_deepsets_equal_budget,v5,0,5070,40.0,0.4140792191028595,0.6086900017185688,0.3969614505767822,0.40603113174438477,0.12582938373088837
va_long_beach,cleveland,v5_deepsets_equal_budget,v5,0,5070,45.0,0.4200081527233124,0.6210459291400512,0.40057435631752014,0.4138893187046051,0.12776309251785278
va_long_beach,cleveland,v5_deepsets_equal_budget,v5,0,5070,50.0,0.39391306042671204,0.6327759214265007,0.37736934423446655,0.386895090341568,0.11780818551778793
va_long_beach,cleveland,v5_deepsets_equal_budget,v5,0,5070,55.0,0.39594772458076477,0.6389553788693834,0.38013702630996704,0.38778772950172424,0.1198534145951271
va_long_beach,cleveland,v5_deepsets_equal_budget,v5,0,5071,5.0,0.6365604400634766,0.6137862266310276,0.6151925325393677,0.6156343817710876,0.2114703357219696
va_long_beach,cleveland,v5_deepsets_equal_budget,v5,0,5071,10.0,0.5374424457550049,0.559171993789284,0.5196459293365479,0.521583080291748,0.16827914118766785
va_long_beach,cleveland,v5_deepsets_equal_budget,v5,0,5071,15.0,0.4656141698360443,0.5505007084975514,0.4499734342098236,0.45264339447021484,0.14305734634399414
va_long_beach,cleveland,v5_deepsets_equal_budget,v5,0,5071,20.0,0.44379234313964844,0.5871771751305279,0.4275316894054413,0.43273916840553284,0.13656923174858093
va_long_beach,cleveland,v5_deepsets_equal_budget,v5,0,5071,25.0,0.43621450662612915,0.6333987548044471,0.4199528694152832,0.4254899024963379,0.13493120670318604
va_long_beach,cleveland,v5_deepsets_equal_budget,v5,0,5071,30.0,0.43121638894081116,0.6487858881562631,0.4112434387207031,0.4251328408718109,0.13028232753276825
va_long_beach,cleveland,v5_deepsets_equal_budget,v5,0,5071,35.0,0.4213884174823761,0.6358602567321341,0.40512168407440186,0.4117087423801422,0.1297321617603302
va_long_beach,cleveland,v5_deepsets_equal_budget,v5,0,5071,40.0,0.4108874499797821,0.6297857043754702,0.3952108919620514,0.40162381529808044,0.12470105290412903
va_long_beach,cleveland,v5_deepsets_equal_budget,v5,0,5071,45.0,0.41630104184150696,0.6302075807631022,0.3984435498714447,0.4088526666164398,0.1265292763710022
va_long_beach,cleveland,v5_deepsets_equal_budget,v5,0,5071,50.0,0.40957513451576233,0.6393340120420339,0.39240652322769165,0.4017782211303711,0.12482767552137375
va_long_beach,cleveland,v5_deepsets_equal_budget,v5,0,5071,55.0,0.39433497190475464,0.6394218648542205,0.3793523609638214,0.38540467619895935,0.11956461519002914
va_long_beach,hungary,v5_deepsets_equal_budget,v5,0,5062,5.0,0.6728678345680237,0.6296948487585687,0.6497246623039246,0.6502812504768372,0.22864887118339539
va_long_beach,hungary,v5_deepsets_equal_budget,v5,0,5062,10.0,0.598159909248352,0.5539572091673841,0.5780022144317627,0.5794740915298462,0.19421763718128204
va_long_beach,hungary,v5_deepsets_equal_budget,v5,0,5062,15.0,0.5337345004081726,0.49471083661059706,0.514873206615448,0.5190934538841248,0.16751155257225037
va_long_beach,hungary,v5_deepsets_equal_budget,v5,0,5062,20.0,0.4886574149131775,0.47912933554272585,0.47215333580970764,0.4747437536716461,0.15208859741687775
va_long_beach,hungary,v5_deepsets_equal_budget,v5,0,5062,25.0,0.47941088676452637,0.47623136908435476,0.45922306180000305,0.4696824252605438,0.14958156645298004
va_long_beach,hungary,v5_deepsets_equal_budget,v5,0,5062,30.0,0.4547578990459442,0.47934386720387157,0.43882837891578674,0.44231531023979187,0.14186044037342072
va_long_beach,hungary,v5_deepsets_equal_budget,v5,0,5062,35.0,0.4350182116031647,0.48209355194730474,0.4192616939544678,0.4239524006843567,0.13411173224449158
va_long_beach,hungary,v5_deepsets_equal_budget,v5,0,5062,40.0,0.4376278519630432,0.48527561871985003,0.4196108281612396,0.428756445646286,0.1344422549009323
va_long_beach,hungary,v5_deepsets_equal_budget,v5,0,5062,45.0,0.42972010374069214,0.49378304167776554,0.4113410413265228,0.4218965470790863,0.1310131996870041
va_long_beach,hungary,v5_deepsets_equal_budget,v5,0,5062,50.0,0.42828136682510376,0.4903967980601338,0.40896475315093994,0.4213425815105438,0.13127684593200684
va_long_beach,hungary,v5_deepsets_equal_budget,v5,0,5062,55.0,0.4035443663597107,0.4913808197304357,0.3878846764564514,0.3948586583137512,0.12172707170248032
va_long_beach,hungary,v5_deepsets_equal_budget,v5,0,5062,60.0,0.4157159626483917,0.5030625743812591,0.39669573307037354,0.409447580575943,0.12644322216510773
va_long_beach,hungary,v5_deepsets_equal_budget,v5,0,5062,65.0,0.39503243565559387,0.5104011767286245,0.37686729431152344,0.38942384719848633,0.11886868625879288
va_long_beach,hungary,v5_deepsets_equal_budget,v5,0,5063,5.0,0.6299281716346741,0.5903231615589976,0.608323335647583,0.6098637580871582,0.20834632217884064
va_long_beach,hungary,v5_deepsets_equal_budget,v5,0,5063,10.0,0.548187255859375,0.5157444383588092,0.5295823216438293,0.5320502519607544,0.1737092137336731
va_long_beach,hungary,v5_deepsets_equal_budget,v5,0,5063,15.0,0.4957885444164276,0.48548682513988206,0.47831690311431885,0.48212939500808716,0.15565401315689087
va_long_beach,hungary,v5_deepsets_equal_budget,v5,0,5063,20.0,0.4781929552555084,0.4840931325571011,0.45952096581459045,0.46691009402275085,0.14977425336837769
va_long_beach,hungary,v5_deepsets_equal_budget,v5,0,5063,25.0,0.4590788185596466,0.49162931747375727,0.4366303086280823,0.4533904194831848,0.1406845599412918
va_long_beach,hungary,v5_deepsets_equal_budget,v5,0,5063,30.0,0.4486490786075592,0.49947593446375366,0.4276864230632782,0.4421490728855133,0.13731332123279572
va_long_beach,hungary,v5_deepsets_equal_budget,v5,0,5063,35.0,0.4308626353740692,0.49760165933297273,0.4134851098060608,0.4217214584350586,0.13259357213974
va_long_beach,hungary,v5_deepsets_equal_budget,v5,0,5063,40.0,0.42623957991600037,0.49860772197631903,0.40886348485946655,0.41745805740356445,0.13078804314136505
va_long_beach,hungary,v5_deepsets_equal_budget,v5,0,5063,45.0,0.4326961934566498,0.4977719524465396,0.41434991359710693,0.42427197098731995,0.13385258615016937
va_long_beach,hungary,v5_deepsets_equal_budget,v5,0,5063,50.0,0.4264957010746002,0.4980044043162096,0.40482887625694275,0.4222918450832367,0.12935341894626617
va_long_beach,hungary,v5_deepsets_equal_budget,v5,0,5063,55.0,0.4137789309024811,0.49157773155086915,0.3957147002220154,0.40665578842163086,0.12593699991703033
va_long_beach,hungary,v5_deepsets_equal_budget,v5,0,5063,60.0,0.40228116512298584,0.489406409450143,0.384602427482605,0.39573413133621216,0.12112899869680405
va_long_beach,hungary,v5_deepsets_equal_budget,v5,0,5064,5.0,0.6558113694190979,0.6064962363465073,0.6336339116096497,0.6338714957237244,0.2205868810415268
va_long_beach,hungary,v5_deepsets_equal_budget,v5,0,5064,10.0,0.5729938745498657,0.5289952210456181,0.5535643696784973,0.5557446479797363,0.18339408934116364
va_long_beach,hungary,v5_deepsets_equal_budget,v5,0,5064,15.0,0.5112828016281128,0.48943397424008694,0.49359655380249023,0.4969976544380188,0.15985679626464844
va_long_beach,hungary,v5_deepsets_equal_budget,v5,0,5064,20.0,0.47847068309783936,0.4846532242138243,0.4615539014339447,0.46546944975852966,0.14958994090557098
va_long_beach,hungary,v5_deepsets_equal_budget,v5,0,5064,25.0,0.4587607681751251,0.4892009848619865,0.4422703981399536,0.4467652440071106,0.14242935180664062
va_long_beach,hungary,v5_deepsets_equal_budget,v5,0,5064,30.0,0.43406790494918823,0.5058254000872293,0.417540967464447,0.42383700609207153,0.13378916680812836
va_long_beach,hungary,v5_deepsets_equal_budget,v5,0,5064,35.0,0.4224863648414612,0.5344224543958294,0.4054064452648163,0.41385480761528015,0.12855730950832367
va_long_beach,hungary,v5_deepsets_equal_budget,v5,0,5064,40.0,0.44043466448783875,0.5392034045436372,0.4200129508972168,0.43382102251052856,0.13517668843269348
va_long_beach,hungary,v5_deepsets_equal_budget,v5,0,5064,45.0,0.4370347559452057,0.5208836839947761,0.41544291377067566,0.43198367953300476,0.13321469724178314
va_long_beach,hungary,v5_deepsets_equal_budget,v5,0,5064,50.0,0.40698403120040894,0.5079228755815011,0.39115193486213684,0.39796924591064453,0.12423451989889145
va_long_beach,hungary,v5_deepsets_equal_budget,v5,0,5064,55.0,0.4227224886417389,0.4999914665476768,0.4040469229221344,0.4155026376247406,0.12947702407836914
va_long_beach,hungary,v5_deepsets_equal_budget,v5,0,5064,60.0,0.41486772894859314,0.5062750957002535,0.3952285051345825,0.40941306948661804,0.1254691332578659
va_long_beach,hungary,v5_deepsets_equal_budget,v5,0,5065,5.0,0.6556734442710876,0.6168021461662967,0.633378803730011,0.6338706016540527,0.22048793733119965
va_long_beach,hungary,v5_deepsets_equal_budget,v5,0,5065,10.0,0.5625706911087036,0.5282300250594999,0.5441210865974426,0.5450817942619324,0.17969265580177307
va_long_beach,hungary,v5_deepsets_equal_budget,v5,0,5065,15.0,0.5153074860572815,0.47856755950564517,0.4958871304988861,0.5023900270462036,0.16168886423110962
va_long_beach,hungary,v5_deepsets_equal_budget,v5,0,5065,20.0,0.4741605818271637,0.48476749490980786,0.45828989148139954,0.46031102538108826,0.14860112965106964
va_long_beach,hungary,v5_deepsets_equal_budget,v5,0,5065,25.0,0.44355544447898865,0.49207128222295005,0.42844995856285095,0.4311780035495758,0.13741463422775269
va_long_beach,hungary,v5_deepsets_equal_budget,v5,0,5065,30.0,0.4560052752494812,0.493766033615923,0.4356992542743683,0.44835415482521057,0.13978560268878937
va_long_beach,hungary,v5_deepsets_equal_budget,v5,0,5065,35.0,0.43235623836517334,0.4781574260954029,0.416000634431839,0.42193880677223206,0.133865088224411
va_long_beach,hungary,v5_deepsets_equal_budget,v5,0,5065,40.0,0.43011176586151123,0.48208412418426794,0.41145917773246765,0.42233094573020935,0.13216707110404968
va_long_beach,hungary,v5_deepsets_equal_budget,v5,0,5065,45.0,0.4199489653110504,0.4936604880068113,0.4034469425678253,0.4105776846408844,0.12936659157276154
va_long_beach,hungary,v5_deepsets_equal_budget,v5,0,5065,50.0,0.4197313189506531,0.49854727546687816,0.40153971314430237,0.4123905301094055,0.12766173481941223
va_long_beach,hungary,v5_deepsets_equal_budget,v5,0,5065,55.0,0.4068002998828888,0.495200083318444,0.38870346546173096,0.40026482939720154,0.12316148728132248
va_long_beach,hungary,v5_deepsets_equal_budget,v5,0,5065,60.0,0.40121716260910034,0.4998030543883233,0.38369569182395935,0.3945786654949188,0.12079977989196777
va_long_beach,hungary,v5_deepsets_equal_budget,v5,0,5065,65.0,0.40092211961746216,0.5030375090151884,0.3827015161514282,0.39487868547439575,0.12132029980421066
va_long_beach,hungary,v5_deepsets_equal_budget,v5,0,5065,70.0,0.3998737633228302,0.5054183218723288,0.37839260697364807,0.39759865403175354,0.1187814325094223
va_long_beach,hungary,v5_deepsets_equal_budget,v5,0,5065,75.0,0.3819778561592102,0.5052495106656707,0.36399245262145996,0.3772211968898773,0.11371023207902908
va_long_beach,hungary,v5_deepsets_equal_budget,v5,0,5066,5.0,0.6170952320098877,0.5857437509592747,0.5964632630348206,0.597209095954895,0.20259052515029907
va_long_beach,hungary,v5_deepsets_equal_budget,v5,0,5066,10.0,0.5282799601554871,0.506374438338621,0.5106498003005981,0.5128235816955566,0.16543272137641907
va_long_beach,hungary,v5_deepsets_equal_budget,v5,0,5066,15.0,0.49115583300590515,0.48042841406130143,0.46897947788238525,0.4829455316066742,0.15193305909633636
va_long_beach,hungary,v5_deepsets_equal_budget,v5,0,5066,20.0,0.45223432779312134,0.4947749426618589,0.4342619478702545,0.44205543398857117,0.1407562643289566
va_long_beach,hungary,v5_deepsets_equal_budget,v5,0,5066,25.0,0.4703562259674072,0.501085477510772,0.44773435592651367,0.46406814455986023,0.14454971253871918
va_long_beach,hungary,v5_deepsets_equal_budget,v5,0,5066,30.0,0.45386171340942383,0.49953567033848245,0.4306744933128357,0.4492724537849426,0.1388823688030243
va_long_beach,hungary,v5_deepsets_equal_budget,v5,0,5066,35.0,0.4407157599925995,0.4871371347529882,0.42311352491378784,0.4310353398323059,0.13641317188739777
va_long_beach,hungary,v5_deepsets_equal_budget,v5,0,5066,40.0,0.42288053035736084,0.47514490305814505,0.4068710207939148,0.4129958152770996,0.12947098910808563
va_long_beach,hungary,v5_deepsets_equal_budget,v5,0,5066,45.0,0.42052289843559265,0.4697063341952452,0.4025912880897522,0.41284725069999695,0.12803630530834198
va_long_beach,hungary,v5_deepsets_equal_budget,v5,0,5066,50.0,0.4080960750579834,0.468206351369206,0.39099830389022827,0.4004124701023102,0.12390661239624023
va_long_beach,hungary,v5_deepsets_equal_budget,v5,0,5066,55.0,0.4167308509349823,0.4718416044966496,0.3956928551197052,0.4125981330871582,0.12585380673408508
va_long_beach,hungary,v5_deepsets_equal_budget,v5,0,5066,60.0,0.3963209092617035,0.4814239312195152,0.37835174798965454,0.3904336094856262,0.11928216367959976
va_long_beach,hungary,v5_deepsets_equal_budget,v5,0,5066,65.0,0.386304646730423,0.491748094676432,0.36811599135398865,0.3815158009529114,0.1148875281214714
va_long_beach,hungary,v5_deepsets_equal_budget,v5,0,5066,70.0,0.3955480754375458,0.47894261874206767,0.37482234835624695,0.3928442895412445,0.11714760214090347
va_long_beach,hungary,v5_deepsets_equal_budget,v5,0,5066,75.0,0.3743971288204193,0.48038625058112505,0.35728970170021057,0.36934444308280945,0.11080043762922287
va_long_beach,hungary,v5_deepsets_equal_budget,v5,0,5066,80.0,0.37121477723121643,0.49522805171186696,0.3524319529533386,0.36827173829078674,0.10862921178340912
va_long_beach,hungary,v5_deepsets_equal_budget,v5,0,5066,85.0,0.36159032583236694,0.5195945825293671,0.3429095447063446,0.35920172929763794,0.10534705966711044
va_long_beach,hungary,v5_deepsets_equal_budget,v5,0,5066,90.0,0.3602721095085144,0.5206741889681072,0.34113016724586487,0.35837697982788086,0.10518554598093033
va_long_beach,hungary,v5_deepsets_equal_budget,v5,0,5067,5.0,0.6399563550949097,0.5964153969813182,0.6183372139930725,0.6189435124397278,0.21316003799438477
va_long_beach,hungary,v5_deepsets_equal_budget,v5,0,5067,10.0,0.5582423210144043,0.5095621397164785,0.5393725037574768,0.541510283946991,0.17800916731357574
va_long_beach,hungary,v5_deepsets_equal_budget,v5,0,5067,15.0,0.49067020416259766,0.4667170707712991,0.47318214178085327,0.47752276062965393,0.15317726135253906
va_long_beach,hungary,v5_deepsets_equal_budget,v5,0,5067,20.0,0.44009929895401,0.4704146395023535,0.4251951277256012,0.42786532640457153,0.13569048047065735
va_long_beach,hungary,v5_deepsets_equal_budget,v5,0,5067,25.0,0.46052053570747375,0.4905580750531976,0.43891531229019165,0.4537787437438965,0.14173506200313568
va_long_beach,hungary,v5_deepsets_equal_budget,v5,0,5067,30.0,0.4426420032978058,0.49948089373553284,0.4244190752506256,0.43346738815307617,0.13698799908161163
va_long_beach,hungary,v5_deepsets_equal_budget,v5,0,5067,35.0,0.4364488422870636,0.4995488794200199,0.41507500410079956,0.43130236864089966,0.13260149955749512
va_long_beach,hungary,v5_deepsets_equal_budget,v5,0,5067,40.0,0.42286887764930725,0.5026901774554488,0.40212303400039673,0.41782617568969727,0.1289428472518921
va_long_beach,hungary,v5_deepsets_equal_budget,v5,0,5067,45.0,0.4322062134742737,0.4980816423306224,0.4125502109527588,0.42518720030784607,0.13337481021881104
va_long_beach,hungary,v5_deepsets_equal_budget,v5,0,5067,50.0,0.4284963011741638,0.4883018798557195,0.40704140067100525,0.4238682687282562,0.13041462004184723
va_long_beach,hungary,v5_deepsets_equal_budget,v5,0,5067,55.0,0.4065159261226654,0.4844829524312125,0.38861989974975586,0.3999255299568176,0.12243199348449707
va_long_beach,hungary,v5_deepsets_equal_budget,v5,0,5068,5.0,0.6550538539886475,0.6097401586790892,0.6328840851783752,0.633194625377655,0.22014504671096802
va_long_beach,hungary,v5_deepsets_equal_budget,v5,0,5068,10.0,0.5772188901901245,0.5355506427855161,0.55830979347229,0.5590718388557434,0.18528124690055847
va_long_beach,hungary,v5_deepsets_equal_budget,v5,0,5068,15.0,0.5219424962997437,0.4865048859604957,0.5044527649879456,0.5067748427391052,0.1632867157459259
va_long_beach,hungary,v5_deepsets_equal_budget,v5,0,5068,20.0,0.4876232147216797,0.4750484517821992,0.46974101662635803,0.4751599431037903,0.151727095246315
va_long_beach,hungary,v5_deepsets_equal_budget,v5,0,5068,25.0,0.48073673248291016,0.46457383891774784,0.4626035690307617,0.46873903274536133,0.15065427124500275
va_long_beach,hungary,v5_deepsets_equal_budget,v5,0,5068,30.0,0.4723372459411621,0.4708013992720117,0.45282021164894104,0.4624699652194977,0.1469215750694275
va_long_beach,hungary,v5_deepsets_equal_budget,v5,0,5068,35.0,0.4499741792678833,0.4811466956854835,0.43098169565200806,0.4413439929485321,0.1381135731935501
va_long_beach,hungary,v5_deepsets_equal_budget,v5,0,5068,40.0,0.44722867012023926,0.47470022023543124,0.42475447058677673,0.44233235716819763,0.13685253262519836
va_long_beach,hungary,v5_deepsets_equal_budget,v5,0,5068,45.0,0.43200594186782837,0.4665263617949388,0.4144512712955475,0.42290744185447693,0.13326594233512878
va_long_beach,hungary,v5_deepsets_equal_budget,v5,0,5068,50.0,0.43328890204429626,0.46216539959697717,0.413913756608963,0.4259154498577118,0.13374285399913788
va_long_beach,hungary,v5_deepsets_equal_budget,v5,0,5068,55.0,0.4251335859298706,0.4580027188212323,0.4078148305416107,0.4163050651550293,0.1307360827922821
va_long_beach,hungary,v5_deepsets_equal_budget,v5,0,5068,60.0,0.4081086814403534,0.46451763943202357,0.3913637697696686,0.40005189180374146,0.12400846928358078
va_long_beach,hungary,v5_deepsets_equal_budget,v5,0,5068,65.0,0.38892462849617004,0.4747023810883416,0.37201446294784546,0.38247594237327576,0.11679445207118988
va_long_beach,hungary,v5_deepsets_equal_budget,v5,0,5068,70.0,0.39439481496810913,0.49089337824949475,0.3741333484649658,0.3910618722438812,0.1179717555642128
va_long_beach,hungary,v5_deepsets_equal_budget,v5,0,5068,75.0,0.4062136113643646,0.5004408048552516,0.3833565413951874,0.40482521057128906,0.12122724950313568
va_long_beach,hungary,v5_deepsets_equal_budget,v5,0,5068,80.0,0.3681236505508423,0.5083183171800184,0.34821170568466187,0.36664706468582153,0.10694277286529541
va_long_beach,hungary,v5_deepsets_equal_budget,v5,0,5068,85.0,0.3687557578086853,0.5164306549016481,0.347501665353775,0.3684273660182953,0.10791231691837311
va_long_beach,hungary,v5_deepsets_equal_budget,v5,0,5068,90.0,0.36632487177848816,0.5098883318631149,0.3449034094810486,0.3663526475429535,0.106968455016613
va_long_beach,hungary,v5_deepsets_equal_budget,v5,0,5068,95.0,0.3384803235530853,0.508403562360545,0.3208349943161011,0.33689984679222107,0.09612900763750076
va_long_beach,hungary,v5_deepsets_equal_budget,v5,0,5069,5.0,0.6695551872253418,0.6274126614907747,0.6466233134269714,0.6471092104911804,0.22688940167427063
va_long_beach,hungary,v5_deepsets_equal_budget,v5,0,5069,10.0,0.5798896551132202,0.5539750233499781,0.5609115362167358,0.561649739742279,0.18609021604061127
va_long_beach,hungary,v5_deepsets_equal_budget,v5,0,5069,15.0,0.5079755187034607,0.5015752012195551,0.49118572473526,0.493192195892334,0.15786568820476532
va_long_beach,hungary,v5_deepsets_equal_budget,v5,0,5069,20.0,0.4783131182193756,0.48574896745230034,0.46089041233062744,0.4658242166042328,0.14955788850784302
va_long_beach,hungary,v5_deepsets_equal_budget,v5,0,5069,25.0,0.4519915282726288,0.4980032411167302,0.43560591340065,0.4402332305908203,0.14071977138519287
va_long_beach,hungary,v5_deepsets_equal_budget,v5,0,5069,30.0,0.43074125051498413,0.5080540039525459,0.41451147198677063,0.4204736649990082,0.13248680531978607
va_long_beach,hungary,v5_deepsets_equal_budget,v5,0,5069,35.0,0.42729318141937256,0.5033284162701975,0.4095503091812134,0.4189143180847168,0.1306086927652359
va_long_beach,hungary,v5_deepsets_equal_budget,v5,0,5069,40.0,0.43691185116767883,0.48429644685146744,0.4189811944961548,0.4279620349407196,0.13440223038196564
va_long_beach,hungary,v5_deepsets_equal_budget,v5,0,5069,45.0,0.40729567408561707,0.47863037908567374,0.39106300473213196,0.3990616798400879,0.12233344465494156
va_long_beach,hungary,v5_deepsets_equal_budget,v5,0,5069,50.0,0.4161019027233124,0.483483051862316,0.3980464041233063,0.4089530110359192,0.12602177262306213
va_long_beach,hungary,v5_deepsets_equal_budget,v5,0,5069,55.0,0.42170804738998413,0.5016107390737137,0.4026634395122528,0.4149338901042938,0.12909385561943054
va_long_beach,hungary,v5_deepsets_equal_budget,v5,0,5069,60.0,0.39716753363609314,0.5283691439422089,0.3797233998775482,0.3907080590724945,0.11951812356710434
va_long_beach,hungary,v5_deepsets_equal_budget,v5,0,5069,65.0,0.39702731370925903,0.5298360914698581,0.37964174151420593,0.3905465304851532,0.11933188885450363
va_long_beach,hungary,v5_deepsets_equal_budget,v5,0,5069,70.0,0.40038150548934937,0.5055804718493351,0.38437619805336,0.3921380043029785,0.1212441697716713
va_long_beach,hungary,v5_deepsets_equal_budget,v5,0,5069,75.0,0.3876035809516907,0.5041251414834059,0.3702305257320404,0.3816607594490051,0.11657948046922684
va_long_beach,hungary,v5_deepsets_equal_budget,v5,0,5069,80.0,0.3735278248786926,0.5205334824010901,0.355722576379776,0.3692351281642914,0.11048970371484756
va_long_beach,hungary,v5_deepsets_equal_budget,v5,0,5069,85.0,0.3681994080543518,0.5223382198491348,0.35115015506744385,0.36353132128715515,0.10858651995658875
va_long_beach,hungary,v5_deepsets_equal_budget,v5,0,5070,5.0,0.6593316197395325,0.6121022851710862,0.6370338201522827,0.6372008323669434,0.22214314341545105
va_long_beach,hungary,v5_deepsets_equal_budget,v5,0,5070,10.0,0.5711072683334351,0.5372436167172385,0.5519205331802368,0.5537980198860168,0.1824796497821808
va_long_beach,hungary,v5_deepsets_equal_budget,v5,0,5070,15.0,0.5221344232559204,0.5023758878995157,0.5018488168716431,0.5096983909606934,0.16360829770565033
va_long_beach,hungary,v5_deepsets_equal_budget,v5,0,5070,20.0,0.48583850264549255,0.5014333800948789,0.46715274453163147,0.4742705523967743,0.15126867592334747
va_long_beach,hungary,v5_deepsets_equal_budget,v5,0,5070,25.0,0.4626857340335846,0.4951684102383046,0.44692888855934143,0.44947919249534607,0.14481684565544128
va_long_beach,hungary,v5_deepsets_equal_budget,v5,0,5070,30.0,0.45795559883117676,0.49074512706450724,0.4390324056148529,0.44856080412864685,0.14158979058265686
va_long_beach,hungary,v5_deepsets_equal_budget,v5,0,5070,35.0,0.44097045063972473,0.499184709266881,0.42292508482933044,0.4321536123752594,0.13431094586849213
va_long_beach,hungary,v5_deepsets_equal_budget,v5,0,5070,40.0,0.4366546869277954,0.49860672201363615,0.4165862202644348,0.42992812395095825,0.13397517800331116
va_long_beach,hungary,v5_deepsets_equal_budget,v5,0,5070,45.0,0.4436958134174347,0.4943211565888105,0.420359343290329,0.44012632966041565,0.13452987372875214
va_long_beach,hungary,v5_deepsets_equal_budget,v5,0,5070,50.0,0.41475221514701843,0.4848099077014834,0.39624977111816406,0.40795621275901794,0.12649215757846832
va_long_beach,hungary,v5_deepsets_equal_budget,v5,0,5070,55.0,0.41322219371795654,0.4856582098562384,0.3907189965248108,0.4110773205757141,0.12324044853448868
va_long_beach,hungary,v5_deepsets_equal_budget,v5,0,5070,60.0,0.41494637727737427,0.4948137125847814,0.38798242807388306,0.4173751771450043,0.12267592549324036
va_long_beach,hungary,v5_deepsets_equal_budget,v5,0,5070,65.0,0.39768368005752563,0.494121363574097,0.37931525707244873,0.39225873351097107,0.11896683275699615
va_long_beach,hungary,v5_deepsets_equal_budget,v5,0,5070,70.0,0.3861542046070099,0.5081602141285917,0.3672195076942444,0.3822197914123535,0.11434568464756012
va_long_beach,hungary,v5_deepsets_equal_budget,v5,0,5070,75.0,0.37417685985565186,0.5209765195414018,0.35542577505111694,0.37115660309791565,0.10885661095380783
va_long_beach,hungary,v5_deepsets_equal_budget,v5,0,5070,80.0,0.3669118583202362,0.5298606643031604,0.3467046022415161,0.36587783694267273,0.10620623081922531
va_long_beach,hungary,v5_deepsets_equal_budget,v5,0,5070,85.0,0.3555029332637787,0.5351940513759396,0.33594343066215515,0.35460329055786133,0.10229571908712387
va_long_beach,hungary,v5_deepsets_equal_budget,v5,0,5070,90.0,0.34783101081848145,0.5425452756568262,0.33000364899635315,0.34547263383865356,0.10092858970165253
va_long_beach,hungary,v5_deepsets_equal_budget,v5,0,5071,5.0,0.6547896862030029,0.6111194028068176,0.632676899433136,0.6328980326652527,0.2200222611427307
va_long_beach,hungary,v5_deepsets_equal_budget,v5,0,5071,10.0,0.5755318403244019,0.5338357289309241,0.5551620125770569,0.559012234210968,0.18444736301898956
va_long_beach,hungary,v5_deepsets_equal_budget,v5,0,5071,15.0,0.5049158334732056,0.49208879225941926,0.4877980649471283,0.49037981033325195,0.1582685112953186
va_long_beach,hungary,v5_deepsets_equal_budget,v5,0,5071,20.0,0.4805986285209656,0.4835830769485391,0.4642755091190338,0.46661481261253357,0.1515348255634308
va_long_beach,hungary,v5_deepsets_equal_budget,v5,0,5071,25.0,0.4623066484928131,0.4946755152055901,0.44535955786705017,0.45038938522338867,0.14432157576084137
va_long_beach,hungary,v5_deepsets_equal_budget,v5,0,5071,30.0,0.44818633794784546,0.5056545031160962,0.43040725588798523,0.4382006824016571,0.13882367312908173
va_long_beach,hungary,v5_deepsets_equal_budget,v5,0,5071,35.0,0.44183066487312317,0.514362473884381,0.42156028747558594,0.4350944459438324,0.13503287732601166
va_long_beach,hungary,v5_deepsets_equal_budget,v5,0,5071,40.0,0.43783771991729736,0.501583797616617,0.41839540004730225,0.430375874042511,0.13452081382274628
va_long_beach,hungary,v5_deepsets_equal_budget,v5,0,5071,45.0,0.40799909830093384,0.5003647039801558,0.3924083709716797,0.3987792134284973,0.12405309826135635
va_long_beach,hungary,v5_deepsets_equal_budget,v5,0,5071,50.0,0.4225444793701172,0.4982442635393184,0.40537160634994507,0.4136366844177246,0.13040348887443542
va_long_beach,hungary,v5_deepsets_equal_budget,v5,0,5071,55.0,0.43016666173934937,0.5049018993183597,0.40723562240600586,0.42726564407348633,0.12916024029254913
va_long_beach,hungary,v5_deepsets_equal_budget,v5,0,5071,60.0,0.4175671935081482,0.49969807470061406,0.3991073668003082,0.41070395708084106,0.1266150176525116
va_long_beach,switzerland,v5_deepsets_equal_budget,v5,0,5062,5.0,0.6364337205886841,0.6591564740314682,0.614904522895813,0.6156930327415466,0.2113497257232666
va_long_beach,switzerland,v5_deepsets_equal_budget,v5,0,5062,10.0,0.528515100479126,0.6345899743552494,0.5107248425483704,0.5134379267692566,0.16433730721473694
va_long_beach,switzerland,v5_deepsets_equal_budget,v5,0,5062,15.0,0.4582115411758423,0.6823640584683053,0.44259873032569885,0.44581347703933716,0.14005430042743683
va_long_beach,switzerland,v5_deepsets_equal_budget,v5,0,5062,20.0,0.4400654733181,0.7700910849503281,0.42354580760002136,0.4296821653842926,0.13451486825942993
va_long_beach,switzerland,v5_deepsets_equal_budget,v5,0,5062,25.0,0.42032328248023987,0.8379028099875716,0.40481868386268616,0.41011857986450195,0.1285465508699417
va_long_beach,switzerland,v5_deepsets_equal_budget,v5,0,5062,30.0,0.4166712462902069,0.8472446614136793,0.40148109197616577,0.40658244490623474,0.12639491260051727
va_long_beach,switzerland,v5_deepsets_equal_budget,v5,0,5062,35.0,0.40982121229171753,0.8168151175761801,0.39527785778045654,0.3994990289211273,0.12432755529880524
va_long_beach,switzerland,v5_deepsets_equal_budget,v5,0,5062,40.0,0.41020458936691284,0.7961946486372835,0.39500895142555237,0.40042564272880554,0.12487290799617767
va_long_beach,switzerland,v5_deepsets_equal_budget,v5,0,5062,45.0,0.4005676805973053,0.7976682342624626,0.3869419991970062,0.38976535201072693,0.12214008718729019
va_long_beach,switzerland,v5_deepsets_equal_budget,v5,0,5062,50.0,0.3928356170654297,0.800592006633315,0.37904345989227295,0.38283416628837585,0.11896789073944092
va_long_beach,switzerland,v5_deepsets_equal_budget,v5,0,5063,5.0,0.6485755443572998,0.6391392936790692,0.6266475319862366,0.6270958781242371,0.21703866124153137
va_long_beach,switzerland,v5_deepsets_equal_budget,v5,0,5063,10.0,0.5448110699653625,0.5999768919407014,0.5268336534500122,0.5286076664924622,0.17090359330177307
va_long_beach,switzerland,v5_deepsets_equal_budget,v5,0,5063,15.0,0.46360310912132263,0.6022440697568316,0.44831186532974243,0.4507102072238922,0.1409205198287964
va_long_beach,switzerland,v5_deepsets_equal_budget,v5,0,5063,20.0,0.4299163222312927,0.6481910942210152,0.41488558053970337,0.41870632767677307,0.13120347261428833
va_long_beach,switzerland,v5_deepsets_equal_budget,v5,0,5063,25.0,0.4183600842952728,0.6940306447964997,0.403815358877182,0.4073368012905121,0.1278400868177414
va_long_beach,switzerland,v5_deepsets_equal_budget,v5,0,5063,30.0,0.4160355031490326,0.7198376507591369,0.40090858936309814,0.40601110458374023,0.12575659155845642
va_long_beach,switzerland,v5_deepsets_equal_budget,v5,0,5063,35.0,0.4115728437900543,0.7162238406922172,0.39621999859809875,0.40198832750320435,0.12468656152486801
va_long_beach,switzerland,v5_deepsets_equal_budget,v5,0,5063,40.0,0.4034861922264099,0.7089197790135251,0.38854363560676575,0.39410486817359924,0.12161951512098312
va_long_beach,switzerland,v5_deepsets_equal_budget,v5,0,5063,45.0,0.3967035412788391,0.7106858768302762,0.38201338052749634,0.38751527667045593,0.11939234286546707
va_long_beach,switzerland,v5_deepsets_equal_budget,v5,0,5063,50.0,0.39045077562332153,0.7178783084303005,0.37652841210365295,0.3808346688747406,0.11769226938486099
va_long_beach,switzerland,v5_deepsets_equal_budget,v5,0,5064,5.0,0.6480751037597656,0.6747836921500582,0.6262357831001282,0.6265317797660828,0.2169133424758911
va_long_beach,switzerland,v5_deepsets_equal_budget,v5,0,5064,10.0,0.5473468899726868,0.691079609146284,0.5294354557991028,0.5308040976524353,0.1722709834575653
va_long_beach,switzerland,v5_deepsets_equal_budget,v5,0,5064,15.0,0.47648775577545166,0.749641048508848,0.4600292444229126,0.46375343203544617,0.1459641307592392
va_long_beach,switzerland,v5_deepsets_equal_budget,v5,0,5064,20.0,0.4369469881057739,0.790285453210262,0.42200127243995667,0.4251750111579895,0.1335882693529129
va_long_beach,switzerland,v5_deepsets_equal_budget,v5,0,5064,25.0,0.422059029340744,0.7544825643499513,0.407499223947525,0.41080209612846375,0.12908360362052917
va_long_beach,switzerland,v5_deepsets_equal_budget,v5,0,5064,30.0,0.41684824228286743,0.7239984804276198,0.4018702805042267,0.4063270688056946,0.1274954229593277
va_long_beach,switzerland,v5_deepsets_equal_budget,v5,0,5064,35.0,0.41270720958709717,0.7350108211549814,0.3972446322441101,0.4030781686306,0.12545838952064514
va_long_beach,switzerland,v5_deepsets_equal_budget,v5,0,5064,40.0,0.4102996587753296,0.7424695291702839,0.39489588141441345,0.4009097218513489,0.12396873533725739
va_long_beach,switzerland,v5_deepsets_equal_budget,v5,0,5064,45.0,0.40645793080329895,0.7391250588423934,0.39071598649024963,0.39759835600852966,0.12300745397806168
va_long_beach,switzerland,v5_deepsets_equal_budget,v5,0,5065,5.0,0.6479748487472534,0.6598712818510062,0.6259269118309021,0.6266562342643738,0.21683260798454285
va_long_beach,switzerland,v5_deepsets_equal_budget,v5,0,5065,10.0,0.5507875084877014,0.6378444114245068,0.5323718190193176,0.5343264937400818,0.174383744597435
va_long_beach,switzerland,v5_deepsets_equal_budget,v5,0,5065,15.0,0.48014402389526367,0.6260189393752837,0.4638136923313141,0.46688196063041687,0.14796209335327148
va_long_beach,switzerland,v5_deepsets_equal_budget,v5,0,5065,20.0,0.4481281340122223,0.64813190702466,0.43170657753944397,0.4371196925640106,0.13714997470378876
va_long_beach,switzerland,v5_deepsets_equal_budget,v5,0,5065,25.0,0.4305534064769745,0.6700353201497163,0.4150468409061432,0.41970252990722656,0.1317872703075409
va_long_beach,switzerland,v5_deepsets_equal_budget,v5,0,5065,30.0,0.42092210054397583,0.6792064695806852,0.40560033917427063,0.4105222821235657,0.1286078840494156
va_long_beach,switzerland,v5_deepsets_equal_budget,v5,0,5065,35.0,0.40578925609588623,0.6952291410151075,0.39202219247817993,0.3949051797389984,0.12325583398342133
va_long_beach,switzerland,v5_deepsets_equal_budget,v5,0,5065,40.0,0.4030555784702301,0.7348766236772954,0.3893727958202362,0.3923344612121582,0.12201929092407227
va_long_beach,switzerland,v5_deepsets_equal_budget,v5,0,5065,45.0,0.4026246666908264,0.7520412065544755,0.38782256841659546,0.39300376176834106,0.12211489677429199
va_long_beach,switzerland,v5_deepsets_equal_budget,v5,0,5065,50.0,0.39429405331611633,0.7357040535161277,0.3807501196861267,0.3839554786682129,0.1194126233458519
va_long_beach,switzerland,v5_deepsets_equal_budget,v5,0,5065,55.0,0.3929949998855591,0.7212178011285002,0.3789629340171814,0.38334235548973083,0.1184237003326416
va_long_beach,switzerland,v5_deepsets_equal_budget,v5,0,5066,5.0,0.6399404406547546,0.6624667225454457,0.6184183955192566,0.6188487410545349,0.21306869387626648
va_long_beach,switzerland,v5_deepsets_equal_budget,v5,0,5066,10.0,0.5355120897293091,0.6527250870227269,0.5177422761917114,0.5197886824607849,0.16746629774570465
va_long_beach,switzerland,v5_deepsets_equal_budget,v5,0,5066,15.0,0.46164989471435547,0.6802591601075765,0.44622769951820374,0.44878846406936646,0.14141809940338135
va_long_beach,switzerland,v5_deepsets_equal_budget,v5,0,5066,20.0,0.44029831886291504,0.7260862763443352,0.4240497350692749,0.429584801197052,0.13481052219867706
va_long_beach,switzerland,v5_deepsets_equal_budget,v5,0,5066,25.0,0.42951369285583496,0.7592310627621898,0.41336193680763245,0.4195365011692047,0.13064487278461456
va_long_beach,switzerland,v5_deepsets_equal_budget,v5,0,5066,30.0,0.4138835072517395,0.7621790233196764,0.39887675642967224,0.40379324555397034,0.1254851073026657
va_long_beach,switzerland,v5_deepsets_equal_budget,v5,0,5066,35.0,0.41589561104774475,0.7425165753848896,0.4001724421977997,0.406351774930954,0.12633508443832397
va_long_beach,switzerland,v5_deepsets_equal_budget,v5,0,5066,40.0,0.4068800210952759,0.7506452105553358,0.39175453782081604,0.39736300706863403,0.1232123151421547
va_long_beach,switzerland,v5_deepsets_equal_budget,v5,0,5066,45.0,0.4027939736843109,0.7671695412592114,0.388027548789978,0.3931395709514618,0.12210406363010406
va_long_beach,switzerland,v5_deepsets_equal_budget,v5,0,5066,50.0,0.3976146876811981,0.7703277309987449,0.3830502927303314,0.38820773363113403,0.11985690146684647
va_long_beach,switzerland,v5_deepsets_equal_budget,v5,0,5067,5.0,0.6339191794395447,0.6366777869274641,0.6126285195350647,0.6131554841995239,0.21027164161205292
va_long_beach,switzerland,v5_deepsets_equal_budget,v5,0,5067,10.0,0.5350173115730286,0.6120142737667034,0.5173500776290894,0.5192098021507263,0.16737429797649384
va_long_beach,switzerland,v5_deepsets_equal_budget,v5,0,5067,15.0,0.474908709526062,0.6404775958818323,0.45806774497032166,0.46252623200416565,0.14611706137657166
va_long_beach,switzerland,v5_deepsets_equal_budget,v5,0,5067,20.0,0.4404344856739044,0.7162652653667925,0.42523622512817383,0.42857733368873596,0.13527719676494598
va_long_beach,switzerland,v5_deepsets_equal_budget,v5,0,5067,25.0,0.43171027302742004,0.8036328624536702,0.41566747426986694,0.421307772397995,0.13222666084766388
va_long_beach,switzerland,v5_deepsets_equal_budget,v5,0,5067,30.0,0.4285036027431488,0.8507054291123575,0.4108969271183014,0.4200381338596344,0.1303606480360031
va_long_beach,switzerland,v5_deepsets_equal_budget,v5,0,5067,35.0,0.40964654088020325,0.8407833621351153,0.39457887411117554,0.399869441986084,0.12422394752502441
va_long_beach,switzerland,v5_deepsets_equal_budget,v5,0,5067,40.0,0.40624576807022095,0.8122084659454569,0.39121127128601074,0.39656469225883484,0.12357769906520844
va_long_beach,switzerland,v5_deepsets_equal_budget,v5,0,5067,45.0,0.4000094532966614,0.8015494499256273,0.38591328263282776,0.3898947834968567,0.12105391174554825
va_long_beach,switzerland,v5_deepsets_equal_budget,v5,0,5067,50.0,0.3961276710033417,0.8124634298022726,0.3817952275276184,0.3864313066005707,0.12014404684305191
va_long_beach,switzerland,v5_deepsets_equal_budget,v5,0,5068,5.0,0.6453785300254822,0.6465164822500751,0.6235337853431702,0.6240879893302917,0.2156766802072525
va_long_beach,switzerland,v5_deepsets_equal_budget,v5,0,5068,10.0,0.5508827567100525,0.5961935216763681,0.5327879190444946,0.5342421531677246,0.17367708683013916
va_long_beach,switzerland,v5_deepsets_equal_budget,v5,0,5068,15.0,0.4809097349643707,0.588551120859634,0.4645947515964508,0.46775227785110474,0.14736205339431763
va_long_beach,switzerland,v5_deepsets_equal_budget,v5,0,5068,20.0,0.44267427921295166,0.6282719026286525,0.427206426858902,0.43107232451438904,0.13534899055957794
va_long_beach,switzerland,v5_deepsets_equal_budget,v5,0,5068,25.0,0.4354689419269562,0.6566251524482434,0.4192897379398346,0.42513322830200195,0.13257470726966858
va_long_beach,switzerland,v5_deepsets_equal_budget,v5,0,5068,30.0,0.41833359003067017,0.6899076619137833,0.4036846160888672,0.40752992033958435,0.1272629350423813
va_long_beach,switzerland,v5_deepsets_equal_budget,v5,0,5068,35.0,0.41736745834350586,0.7514666186570308,0.4021959900856018,0.4072650969028473,0.12636886537075043
va_long_beach,switzerland,v5_deepsets_equal_budget,v5,0,5068,40.0,0.4043657183647156,0.7882392468423809,0.38990500569343567,0.39442187547683716,0.12202273309230804
va_long_beach,switzerland,v5_deepsets_equal_budget,v5,0,5068,45.0,0.4014289379119873,0.7932822093163606,0.3866839110851288,0.3917977511882782,0.12188102304935455
va_long_beach,switzerland,v5_deepsets_equal_budget,v5,0,5068,50.0,0.4042913019657135,0.7888544644250057,0.38956400752067566,0.3945172429084778,0.12250680476427078
va_long_beach,switzerland,v5_deepsets_equal_budget,v5,0,5068,55.0,0.3966512382030487,0.7752013055856908,0.3819330632686615,0.3874909579753876,0.11939237266778946
va_long_beach,switzerland,v5_deepsets_equal_budget,v5,0,5069,5.0,0.624756395816803,0.6606863461160144,0.6037852168083191,0.6045136451721191,0.20606954395771027
va_long_beach,switzerland,v5_deepsets_equal_budget,v5,0,5069,10.0,0.5265817046165466,0.668622715260649,0.5091274380683899,0.5112457275390625,0.16395126283168793
va_long_beach,switzerland,v5_deepsets_equal_budget,v5,0,5069,15.0,0.46366631984710693,0.7209348179707578,0.4479900896549225,0.4510408341884613,0.14150865375995636
va_long_beach,switzerland,v5_deepsets_equal_budget,v5,0,5069,20.0,0.43632879853248596,0.7928890371787694,0.4204160273075104,0.4257037341594696,0.1326891928911209
va_long_beach,switzerland,v5_deepsets_equal_budget,v5,0,5069,25.0,0.426928848028183,0.8533532148943659,0.4113962948322296,0.4162343144416809,0.13113538920879364
va_long_beach,switzerland,v5_deepsets_equal_budget,v5,0,5069,30.0,0.41830116510391235,0.8806322291732789,0.40330761671066284,0.40780773758888245,0.12743474543094635
va_long_beach,switzerland,v5_deepsets_equal_budget,v5,0,5069,35.0,0.4143199920654297,0.8669243770886539,0.39907875657081604,0.40440207719802856,0.12579567730426788
va_long_beach,switzerland,v5_deepsets_equal_budget,v5,0,5069,40.0,0.40721943974494934,0.8550245132569219,0.3921642601490021,0.39761877059936523,0.12327933311462402
va_long_beach,switzerland,v5_deepsets_equal_budget,v5,0,5069,45.0,0.4058518707752228,0.8512235981464548,0.3896142542362213,0.3976496756076813,0.12219899147748947
va_long_beach,switzerland,v5_deepsets_equal_budget,v5,0,5070,5.0,0.643066942691803,0.6375800975756052,0.6213735938072205,0.6218471527099609,0.2145654410123825
va_long_beach,switzerland,v5_deepsets_equal_budget,v5,0,5070,10.0,0.5338627099990845,0.5799418200327455,0.5160883665084839,0.5182374119758606,0.16699783504009247
va_long_beach,switzerland,v5_deepsets_equal_budget,v5,0,5070,15.0,0.4700165092945099,0.5825057111669587,0.4539927542209625,0.4570620656013489,0.14489087462425232
va_long_beach,switzerland,v5_deepsets_equal_budget,v5,0,5070,20.0,0.44160112738609314,0.634958628030029,0.4264322519302368,0.42960187792778015,0.13584035634994507
va_long_beach,switzerland,v5_deepsets_equal_budget,v5,0,5070,25.0,0.42451316118240356,0.7002806765521545,0.40928077697753906,0.41379624605178833,0.12974657118320465
va_long_beach,switzerland,v5_deepsets_equal_budget,v5,0,5070,30.0,0.41631394624710083,0.7330473493957184,0.4015573561191559,0.4057234823703766,0.1267354041337967
va_long_beach,switzerland,v5_deepsets_equal_budget,v5,0,5070,35.0,0.4061586558818817,0.7371942003204779,0.39160001277923584,0.3960818350315094,0.12317755818367004
va_long_beach,switzerland,v5_deepsets_equal_budget,v5,0,5070,40.0,0.399120032787323,0.7360993303547947,0.385434091091156,0.3886658847332001,0.12070051580667496
va_long_beach,switzerland,v5_deepsets_equal_budget,v5,0,5070,45.0,0.3920144736766815,0.731095943899644,0.3784328103065491,0.3817752003669739,0.11910455673933029
va_long_beach,switzerland,v5_deepsets_equal_budget,v5,0,5070,50.0,0.38964927196502686,0.7344973452055501,0.37559303641319275,0.38010692596435547,0.11799274384975433
va_long_beach,switzerland,v5_deepsets_equal_budget,v5,0,5071,5.0,0.634216845035553,0.6456694463977373,0.6129140853881836,0.6134418845176697,0.21038849651813507
va_long_beach,switzerland,v5_deepsets_equal_budget,v5,0,5071,10.0,0.522736132144928,0.6137055829424267,0.5055675506591797,0.5074563026428223,0.16224199533462524
va_long_beach,switzerland,v5_deepsets_equal_budget,v5,0,5071,15.0,0.4512639045715332,0.6472041579228749,0.43586093187332153,0.43912363052368164,0.1377163529396057
va_long_beach,switzerland,v5_deepsets_equal_budget,v5,0,5071,20.0,0.4327462315559387,0.7191689804875396,0.4163905680179596,0.4226512014865875,0.1322534680366516
va_long_beach,switzerland,v5_deepsets_equal_budget,v5,0,5071,25.0,0.420096755027771,0.7638881290216886,0.4045807123184204,0.41006651520729065,0.12773165106773376
va_long_beach,switzerland,v5_deepsets_equal_budget,v5,0,5071,30.0,0.4184846580028534,0.7645414343117034,0.40325233340263367,0.40831348299980164,0.12701761722564697
va_long_beach,switzerland,v5_deepsets_equal_budget,v5,0,5071,35.0,0.40889889001846313,0.7496320176908564,0.39409807324409485,0.3988531231880188,0.12423282116651535
va_long_beach,switzerland,v5_deepsets_equal_budget,v5,0,5071,40.0,0.3974579870700836,0.7543580904611134,0.3825336992740631,0.3884076178073883,0.11987320333719254
va_long_beach,switzerland,v5_deepsets_equal_budget,v5,0,5071,45.0,0.39576956629753113,0.7671048005884622,0.3823528289794922,0.38514184951782227,0.12022235989570618
va_long_beach,switzerland,v5_deepsets_equal_budget,v5,0,5071,50.0,0.39129573106765747,0.7810354594193005,0.37736302614212036,0.38152629137039185,0.1185106709599495
