outer_target,model,weighting,calibration,policy,mask_replicate,n,prevalence,roc_auc,average_precision,log_loss,balanced_log_loss,brier,balanced_brier,accuracy,balanced_accuracy,f1,precision,recall,sensitivity_at_80_specificity,calibration_intercept,calibration_slope,aurc
cleveland,ebm,site_class_balanced,raw,drop_advanced,0,303.0,0.45874587458745875,0.8630461484470959,0.863913743254654,0.4781349917994623,0.48590526668242195,0.1528346297235632,0.15612417394356992,0.7854785478547854,0.7798955957185472,0.752851711026616,0.7983870967741935,0.7122302158273381,0.7410071942446043,0.22881645522259683,1.5515200706624315,0.11177851953019607
cleveland,ebm,site_class_balanced,raw,drop_exercise,0,303.0,0.45874587458745875,0.6599403404105983,0.6469792865484957,0.6530574986812514,0.6690530781511389,0.23051395380533973,0.23778401382003356,0.6105610561056105,0.5908931391472187,0.4537037037037037,0.6363636363636364,0.35251798561151076,0.37410071942446044,0.20627439532013628,0.891149953604514,0.3007447071499255
cleveland,ebm,site_class_balanced,raw,drop_routine,0,303.0,0.45874587458745875,0.8145727320582559,0.7959648833100268,0.7708947400629997,0.7261190228257772,0.27664316578071135,0.25871536454377814,0.5214521452145214,0.5562818038252325,0.6522781774580336,0.4892086330935252,0.9784172661870504,0.6762589928057554,-1.9388203895165783,1.2579954383383414,0.28630345260773016
cleveland,ebm,site_class_balanced,raw,empirical_source,0,303.0,0.45874587458745875,0.8269433233900684,0.8180566477995903,0.5182146590840359,0.5259404151528336,0.17075052793065404,0.17413888355327883,0.7557755775577558,0.748069836813476,0.7109375,0.7777777777777778,0.6546762589928058,0.7194244604316546,0.17030448611359994,1.3866374480624155,0.13631206285184921
cleveland,ebm,site_class_balanced,raw,empirical_source,1,303.0,0.45874587458745875,0.8330847517108264,0.8127387486771248,0.512791921251918,0.5203247120795456,0.1675172092488689,0.17080888048326184,0.7491749174917491,0.7447139849096334,0.7164179104477612,0.7441860465116279,0.6906474820143885,0.6762589928057554,0.17026754175041864,1.3797060086223027,0.1429950579755339
cleveland,ebm,site_class_balanced,raw,empirical_source,2,303.0,0.45874587458745875,0.8332163537462713,0.8149974699651975,0.5109129129612585,0.5165773019065492,0.16661412654783297,0.16907119453983735,0.7656765676567657,0.760506229163011,0.7320754716981132,0.7698412698412699,0.697841726618705,0.7194244604316546,0.07234713978988333,1.3743246842699641,0.14503142158443835
cleveland,ebm,site_class_balanced,raw,empirical_source,3,303.0,0.45874587458745875,0.811370415862432,0.7867534703739212,0.5322886579821925,0.5371366272958293,0.17688425413412615,0.1790744651699578,0.7326732673267327,0.7272767152131954,0.6943396226415094,0.7301587301587301,0.6618705035971223,0.6546762589928058,0.02386369395554059,1.2552740334909356,0.15523246393308382
cleveland,ebm,site_class_balanced,raw,empirical_source,4,303.0,0.45874587458745875,0.8221617827689068,0.8150179934689826,0.5216597010631097,0.5283658960515708,0.1722390727761713,0.1751644201122829,0.7425742574257426,0.7347780312335497,0.6953125,0.7606837606837606,0.6402877697841727,0.6690647482014388,0.11039858942455541,1.342407807039908,0.14202204871738808
cleveland,ebm,site_class_balanced,raw,empirical_source,5,303.0,0.45874587458745875,0.8015879978943674,0.7952312240090895,0.5394547067739909,0.547160835707514,0.17953537859439164,0.1828175784691084,0.735973597359736,0.7292288120722934,0.6923076923076923,0.743801652892562,0.6474820143884892,0.6474820143884892,0.10636257266389867,1.2212815837373359,0.16399351985999175
cleveland,ebm,site_class_balanced,raw,empirical_source,6,303.0,0.45874587458745875,0.8348833128619054,0.8088244956009235,0.5106254792181516,0.5164811157718189,0.16777940398234054,0.17030169365651676,0.735973597359736,0.7308738375153536,0.6992481203007519,0.7322834645669292,0.6690647482014388,0.6690647482014388,0.10082038715916018,1.3822604781571808,0.13019376831601492
cleveland,ebm,site_class_balanced,raw,empirical_source,7,303.0,0.45874587458745875,0.8259782417968065,0.8201396475403122,0.5197968952243194,0.5260987749971291,0.17120610341887713,0.1739093125462402,0.7392739273927392,0.7328259343744516,0.6973180076628352,0.7459016393442623,0.6546762589928058,0.6762589928057554,0.10353672805665323,1.418564535125519,0.13873341340584006
cleveland,ebm,site_class_balanced,raw,empirical_source,8,303.0,0.45874587458745875,0.8151868748903316,0.8072003212934721,0.5259366263955482,0.5309605351055615,0.17394161409703784,0.176089637649753,0.7392739273927392,0.7350193016318652,0.7063197026022305,0.7307692307692307,0.6834532374100719,0.6690647482014388,0.014966881186466665,1.2756299045771258,0.14916794516929008
cleveland,ebm,site_class_balanced,raw,empirical_source,9,303.0,0.45874587458745875,0.8268994560449201,0.8101344238755566,0.5158442731435211,0.5217862037707247,0.16957789730505332,0.1720952031311461,0.7524752475247525,0.7466660817687314,0.714828897338403,0.7580645161290323,0.6762589928057554,0.6834532374100719,0.08849281083175148,1.3485393760709028,0.135414028618357
cleveland,ebm,site_class_balanced,raw,mar_age_sex_30,0,303.0,0.45874587458745875,0.7686874890331638,0.7675918346059343,0.5766405709952989,0.5717435402487402,0.1985729222797046,0.19674475293897048,0.6633663366336634,0.66763905948412,0.6622516556291391,0.6134969325153374,0.7194244604316546,0.5827338129496403,-0.34807512707997906,0.9423634331594241,0.1844735022746273
cleveland,ebm,site_class_balanced,raw,mar_age_sex_30,1,303.0,0.45874587458745875,0.760835234251623,0.7597415075566005,0.5866559325762659,0.5823681735753946,0.20139656133180417,0.1997597150600384,0.6798679867986799,0.682334620108791,0.6711864406779661,0.6346153846153846,0.7122302158273381,0.6115107913669064,-0.3331860646605121,0.9278275818076119,0.2031712956561334
cleveland,ebm,site_class_balanced,raw,mar_age_sex_30,2,303.0,0.45874587458745875,0.7341638884014738,0.6752290523380757,0.6305316292790522,0.6210584742028862,0.21601427111150584,0.21244376389072478,0.6567656765676567,0.6620898403228637,0.6601307189542484,0.6047904191616766,0.7266187050359713,0.5035971223021583,-0.36497561199289535,0.7231767336995343,0.25708387850910397
cleveland,ebm,site_class_balanced,raw,mar_age_sex_30,3,303.0,0.45874587458745875,0.7352167046850324,0.6773269465479297,0.6247178428142907,0.6156623883253312,0.21464700180375526,0.21113136908835625,0.6666666666666666,0.6712361817862783,0.6666666666666666,0.6158536585365854,0.7266187050359713,0.4316546762589928,-0.3584300038971452,0.7806957675870718,0.2489862564627289
cleveland,ebm,site_class_balanced,raw,mar_age_sex_30,4,303.0,0.45874587458745875,0.7705299175293912,0.7270091954953528,0.5876342286685806,0.5801676238026523,0.19979796312851877,0.1969631648994049,0.6864686468646864,0.6928189155992279,0.6925566343042071,0.6294117647058823,0.7697841726618705,0.5323741007194245,-0.37162520148874073,0.9140642617921638,0.2066603101853287
cleveland,ebm,site_class_balanced,raw,mar_age_sex_30,5,303.0,0.45874587458745875,0.7738199684155115,0.7386142242251048,0.5892819516012249,0.582765126706098,0.19966966098218758,0.19700464733941464,0.6897689768976898,0.6942226706439727,0.6887417218543046,0.6380368098159509,0.7482014388489209,0.6115107913669064,-0.3736913152498916,0.9016011774839345,0.21759245750192494
cleveland,ebm,site_class_balanced,raw,mar_age_sex_30,6,303.0,0.45874587458745875,0.7089401649412177,0.6931458146222258,0.6431660942674381,0.6374877162333754,0.22491827818421553,0.22287500996041568,0.6237623762376238,0.6266669591156343,0.6174496644295302,0.5786163522012578,0.6618705035971223,0.5251798561151079,-0.29446744920088047,0.6444736412603304,0.24937398638132108
cleveland,ebm,site_class_balanced,raw,mar_age_sex_30,7,303.0,0.45874587458745875,0.7214862256536234,0.6597491189715039,0.6388720836737217,0.6309038810690445,0.21981982597850894,0.2168513668474687,0.6534653465346535,0.6579443762063519,0.6534653465346535,0.6036585365853658,0.7122302158273381,0.5035971223021583,-0.32676650466838025,0.7207994807905092,0.27040490872151923
cleveland,ebm,site_class_balanced,raw,mar_age_sex_30,8,303.0,0.45874587458745875,0.7583347955781715,0.6960135529342444,0.6073705875982423,0.5991686596700632,0.20478310224029952,0.20178394509496705,0.7194719471947195,0.7227583786629234,0.7138047138047138,0.6708860759493671,0.762589928057554,0.5611510791366906,-0.36973882789617146,0.8336009617476338,0.2454426208826555
cleveland,ebm,site_class_balanced,raw,mar_age_sex_30,9,303.0,0.45874587458745875,0.7636866116862607,0.727632459277763,0.5979325325832958,0.5895900634480888,0.20377701344469845,0.20054889948559035,0.6897689768976898,0.694771012458326,0.6907894736842105,0.6363636363636364,0.7553956834532374,0.5899280575539568,-0.406455008565733,0.8826344241635349,0.2204305946995807
cleveland,ebm,site_class_balanced,raw,mcar_10,0,303.0,0.45874587458745875,0.770836988945429,0.7507723421760353,0.5829474710600396,0.5776409201733219,0.19855921466939114,0.19644226199445847,0.7062706270627063,0.7089182312686436,0.6983050847457627,0.6602564102564102,0.7410071942446043,0.5899280575539568,-0.3497790071191652,0.9892858271051137,0.2041953344108171
cleveland,ebm,site_class_balanced,raw,mcar_10,1,303.0,0.45874587458745875,0.7690384277943498,0.7306424609315256,0.5852753763275815,0.5792036288077033,0.19883005726465014,0.19656787965220784,0.6798679867986799,0.6834313037374978,0.6755852842809364,0.63125,0.7266187050359713,0.6187050359712231,-0.35463249927513996,0.9792834914989136,0.20906595125142882
cleveland,ebm,site_class_balanced,raw,mcar_10,2,303.0,0.45874587458745875,0.755658887524127,0.746918784480151,0.6044296565123961,0.5989910345492233,0.20633938990019593,0.2041881057971277,0.6666666666666666,0.6728812072293384,0.6731391585760518,0.611764705882353,0.7482014388489209,0.6474820143884892,-0.35571094980927315,0.8810893696957723,0.22605930507764158
cleveland,ebm,site_class_balanced,raw,mcar_10,3,303.0,0.45874587458745875,0.7554834181435339,0.7309168531196398,0.6016325945148997,0.596154243256905,0.20553983526502492,0.20332790797470968,0.6765676567656765,0.680382523249693,0.6733333333333333,0.6273291925465838,0.7266187050359713,0.6402877697841727,-0.3458227758654088,0.8963972771949944,0.22679958817725576
cleveland,ebm,site_class_balanced,raw,mcar_10,4,303.0,0.45874587458745875,0.7753114581505528,0.7365016550045562,0.5774712888552825,0.5718858351911885,0.19552057172651155,0.19344319421367145,0.6963696369636964,0.6992235479908756,0.6891891891891891,0.6496815286624203,0.7338129496402878,0.6330935251798561,-0.33907687210380744,0.9784251373194308,0.20232189562633202
cleveland,ebm,site_class_balanced,raw,mcar_10,5,303.0,0.45874587458745875,0.7665379891208984,0.7366205746965471,0.5879863282294241,0.5827976265076442,0.19958239005458145,0.19758380728490282,0.6864686468646864,0.690077206527461,0.6822742474916388,0.6375,0.7338129496402878,0.6402877697841727,-0.3371399785906459,0.9471149536687603,0.2155666100300186
cleveland,ebm,site_class_balanced,raw,mcar_10,6,303.0,0.45874587458745875,0.7560536936304614,0.7294582658921906,0.592181033238185,0.5872184569444622,0.20339955243982547,0.2013912768532454,0.66996699669967,0.6737366204597297,0.6666666666666666,0.6211180124223602,0.7194244604316546,0.6330935251798561,-0.3191579132428688,0.9211696879500655,0.21282752966407953
cleveland,ebm,site_class_balanced,raw,mcar_10,7,303.0,0.45874587458745875,0.78197929461309,0.7629423538771543,0.5735903586340778,0.5665479491779501,0.1955160188881852,0.19258353627528174,0.6963696369636964,0.7014169152482892,0.6973684210526315,0.6424242424242425,0.762589928057554,0.6187050359712231,-0.4189049218817638,1.0741585635922168,0.19131994495010296
cleveland,ebm,site_class_balanced,raw,mcar_10,8,303.0,0.45874587458745875,0.726443235655378,0.6969591964422002,0.6256619638636796,0.6200123436169233,0.21586598117647368,0.21384009645280397,0.6600660066006601,0.662945253553255,0.6531986531986532,0.6139240506329114,0.697841726618705,0.5755395683453237,-0.3085849788757839,0.7502592543141823,0.25023805630428797
cleveland,ebm,site_class_balanced,raw,mcar_10,9,303.0,0.45874587458745875,0.780224600807159,0.7432170901623301,0.5746213818840822,0.5711448695347997,0.19333196890217103,0.19222912589798194,0.7029702970297029,0.7042244253377785,0.6896551724137931,0.6622516556291391,0.7194244604316546,0.60431654676259,-0.2773282595372961,0.956763984441594,0.1980952016551515
cleveland,ebm,site_class_balanced,raw,mcar_30,0,303.0,0.45874587458745875,0.735655378136515,0.7294661090183984,0.6256319907079034,0.6163682120305654,0.217762514301609,0.21393005162055964,0.6600660066006601,0.6667836462537287,0.6688102893890675,0.6046511627906976,0.7482014388489209,0.5827338129496403,-0.4324313713903222,0.8164761660169247,0.24437824882328407
cleveland,ebm,site_class_balanced,raw,mcar_30,1,303.0,0.45874587458745875,0.714642919810493,0.6917851681935019,0.6560473136418261,0.6443469636490339,0.22908004925621692,0.22445932065368812,0.6402640264026402,0.6501359887699596,0.6625386996904025,0.5815217391304348,0.7697841726618705,0.4892086330935252,-0.4189167222790085,0.6717520658486991,0.26654256390892417
cleveland,ebm,site_class_balanced,raw,mcar_30,2,303.0,0.45874587458745875,0.6895507983856817,0.6496454547911776,0.6936329440419847,0.6743966693750225,0.24382274657822345,0.23600023524752237,0.594059405940594,0.6101947710124583,0.6455331412103746,0.5384615384615384,0.8057553956834532,0.4172661870503597,-0.5120412333171762,0.6417891946835477,0.3090323824622905
cleveland,ebm,site_class_balanced,raw,mcar_30,3,303.0,0.45874587458745875,0.6882347780312336,0.6413453184331801,0.6860483175434289,0.6727323532215789,0.23928100361609744,0.23395267132132924,0.6105610561056105,0.6216002807510089,0.6402439024390244,0.5555555555555556,0.7553956834532374,0.4676258992805755,-0.39746982023879873,0.5999563509265009,0.31355615388937685
cleveland,ebm,site_class_balanced,raw,mcar_30,4,303.0,0.45874587458745875,0.7450868573433935,0.7205359745574877,0.6338088403017833,0.6195231412786765,0.21973542775665134,0.2139559530277273,0.6600660066006601,0.6711703807685558,0.6850152905198776,0.5957446808510638,0.8057553956834532,0.5611510791366906,-0.5428857108884366,0.8356201172936351,0.25043882752052654
cleveland,ebm,site_class_balanced,raw,mcar_30,5,303.0,0.45874587458745875,0.6984558694507809,0.7099470312956653,0.6521619299671901,0.6409759695467316,0.23207245630244658,0.22737241089275317,0.6204620462046204,0.631294964028777,0.6483180428134556,0.5638297872340425,0.762589928057554,0.4892086330935252,-0.443272078946929,0.7339821718231108,0.26510423195782995
cleveland,ebm,site_class_balanced,raw,mcar_30,6,303.0,0.45874587458745875,0.6825320231619583,0.6540195888565703,0.7018462620085729,0.6865776813594202,0.24726738678771143,0.24125732903920305,0.6039603960396039,0.613857694332339,0.6296296296296297,0.5513513513513514,0.7338129496402878,0.4244604316546763,-0.425231061086525,0.555859014729176,0.3115307175872175
cleveland,ebm,site_class_balanced,raw,mcar_30,7,303.0,0.45874587458745875,0.7222319705211442,0.6759956985465729,0.6611469703725068,0.6446782017378094,0.22894606863163505,0.22241378306583792,0.6402640264026402,0.6523293560273733,0.6706948640483383,0.578125,0.7985611510791367,0.4748201438848921,-0.5135517219308866,0.7168315151553329,0.27855736081152294
cleveland,ebm,site_class_balanced,raw,mcar_30,8,303.0,0.45874587458745875,0.721091419547289,0.6919334495891715,0.6586784576273685,0.6442059606125692,0.2296738193446012,0.22381925677048653,0.636963696369637,0.6470872082821548,0.6604938271604939,0.5783783783783784,0.7697841726618705,0.4892086330935252,-0.49230466107783516,0.7266719467269107,0.27528282258270553
cleveland,ebm,site_class_balanced,raw,mcar_30,9,303.0,0.45874587458745875,0.7124495525530795,0.7038015587537139,0.6655955777469367,0.6511595751556915,0.23477503645644682,0.22898761387231065,0.6072607260726073,0.6174548166344973,0.6338461538461538,0.553763440860215,0.7410071942446043,0.5467625899280576,-0.4940819391226717,0.7001713730859237,0.2717991182233666
cleveland,ebm,site_class_balanced,raw,mcar_50,0,303.0,0.45874587458745875,0.6416915248289172,0.6105136452813797,0.7486689880199466,0.7250900569329892,0.26680933750344754,0.2572185345626502,0.5874587458745875,0.6057422354799087,0.647887323943662,0.5324074074074074,0.8273381294964028,0.34532374100719426,-0.49088022644428664,0.5053169692250522,0.36514703929862785
cleveland,ebm,site_class_balanced,raw,mcar_50,1,303.0,0.45874587458745875,0.6598526057203018,0.6198823823694368,0.7311840963535947,0.7093578174477261,0.25938444478149725,0.2504270765994893,0.6006600660066007,0.6157439901737147,0.6472303206997084,0.5441176470588235,0.7985611510791367,0.3597122302158273,-0.48868287929386506,0.539203495290336,0.34275300122678676
cleveland,ebm,site_class_balanced,raw,mcar_50,2,303.0,0.45874587458745875,0.6926215125460606,0.6301177272066925,0.6967064492496181,0.6781114278439598,0.2430336548462106,0.23534150194096287,0.6237623762376238,0.6376337954027023,0.6627218934911243,0.5628140703517588,0.8057553956834532,0.4460431654676259,-0.5094658009391732,0.6659904434427215,0.3365346968644034
cleveland,ebm,site_class_balanced,raw,mcar_50,3,303.0,0.45874587458745875,0.6617827689068257,0.6696424425676799,0.7462979459370259,0.7207903843136751,0.2703510345676871,0.2597356204634649,0.5313531353135313,0.5495262326723986,0.601123595505618,0.4930875576036866,0.7697841726618705,0.45323741007194246,-0.6027135478656123,0.5914618306821053,0.33757802316262575
cleveland,ebm,site_class_balanced,raw,mcar_50,4,303.0,0.45874587458745875,0.6707317073170732,0.6491658478057607,0.7374407822653568,0.7127978441587959,0.2626697149233115,0.25271151272663767,0.5544554455445545,0.569771012458326,0.6086956521739131,0.5097087378640777,0.7553956834532374,0.4316546762589928,-0.5872408207155565,0.5930765639210035,0.3445135137084734
cleveland,ebm,site_class_balanced,raw,mcar_50,5,303.0,0.45874587458745875,0.6648973504123531,0.6121132327247916,0.722199695423168,0.7018772765171342,0.2545638506617476,0.24635641432465227,0.5907590759075908,0.6055009650815932,0.6374269005847953,0.5369458128078818,0.7841726618705036,0.3669064748201439,-0.4741593842282119,0.5538293833160143,0.3492138139657297
cleveland,ebm,site_class_balanced,raw,mcar_50,6,303.0,0.45874587458745875,0.6606202842603964,0.6312771736333235,0.7353974369181415,0.7118265080994441,0.262285805319522,0.25253095811689286,0.5742574257425742,0.591902088085629,0.6345609065155807,0.5233644859813084,0.8057553956834532,0.4028776978417266,-0.5362726784786368,0.567255943007001,0.34386026145825166
cleveland,ebm,site_class_balanced,raw,mcar_50,7,303.0,0.45874587458745875,0.6126074749956132,0.5912699735502229,0.7635106135224073,0.7411289597826267,0.2757983261134859,0.2664684055885411,0.5478547854785478,0.5653184769257764,0.6118980169971672,0.5046728971962616,0.7769784172661871,0.38848920863309355,-0.42901787501951444,0.43173373612869664,0.39075717329408927
cleveland,ebm,site_class_balanced,raw,mcar_50,8,303.0,0.45874587458745875,0.6123881382698719,0.5660889952539672,0.7954976179501276,0.7671899248197436,0.28385359390586123,0.2723670472173506,0.5511551155115512,0.5705606246709949,0.6222222222222222,0.5067873303167421,0.8057553956834532,0.30935251798561153,-0.4619312192519272,0.3980725705139744,0.41642901884096956
cleveland,ebm,site_class_balanced,raw,mcar_50,9,303.0,0.45874587458745875,0.6916125636076504,0.6574325465989225,0.7052497582535747,0.6833303570613329,0.24930870831541907,0.24025312742153432,0.6105610561056105,0.6281803825232497,0.6647727272727273,0.5492957746478874,0.841726618705036,0.4172661870503597,-0.5948653842951925,0.6806969873002566,0.32308758180203434
cleveland,ebm,site_class_balanced,raw,natural,0,303.0,0.45874587458745875,0.8105369363046148,0.8003261711225268,0.5380048889034847,0.5364201312879944,0.1791222077415315,0.17860733021169384,0.7161716171617162,0.7175162309177048,0.7034482758620689,0.6754966887417219,0.7338129496402878,0.7050359712230215,-0.2592602452987941,1.2404923070258271,0.1585682438082561
cleveland,ebm,site_class_balanced,source_oof_platt,drop_advanced,0,303.0,0.45874587458745875,0.8629145464116512,0.8642967910267922,0.5013926674646688,0.5129620073726989,0.1615753320993953,0.16661650312207682,0.7788778877887789,0.7694113002281102,0.7309236947791165,0.8272727272727273,0.6546762589928058,0.7410071942446043,0.5468662834454661,1.9043309830642365,0.12499490517792339
cleveland,ebm,site_class_balanced,source_oof_platt,drop_exercise,0,303.0,0.45874587458745875,0.6604667485523776,0.6472760214938535,0.658700630795505,0.6781279662629219,0.23305078087512576,0.2420319673523132,0.6171617161716172,0.5931523074223548,0.42,0.6885245901639344,0.302158273381295,0.37410071942446044,0.38866911768998463,1.0980687249053085,0.316367590672789
cleveland,ebm,site_class_balanced,source_oof_platt,drop_routine,0,303.0,0.45874587458745875,0.8147043340937007,0.7964739839511178,0.6792589219906431,0.6470834990625427,0.24343483318967465,0.22974632023504046,0.594059405940594,0.6228066327425864,0.6870229007633588,0.531496062992126,0.9712230215827338,0.6762589928057554,-1.6794534765099935,1.541789111956514,0.27261940953461683
cleveland,ebm,site_class_balanced,source_oof_platt,empirical_source,0,303.0,0.45874587458745875,0.8268994560449202,0.8182634759088739,0.5356122740574403,0.5473529444819626,0.17737923485238796,0.18261538056503349,0.7392739273927392,0.7273425162309177,0.6721991701244814,0.7941176470588235,0.5827338129496403,0.7338129496402878,0.4543276190319147,1.7021522933282085,0.14854875225616718
cleveland,ebm,site_class_balanced,source_oof_platt,empirical_source,1,303.0,0.45874587458745875,0.8327338129496403,0.8123614166584889,0.5305762610322955,0.5421327882736302,0.17466836282333753,0.17979774997229048,0.735973597359736,0.7237453939287595,0.6666666666666666,0.7920792079207921,0.5755395683453237,0.6762589928057554,0.4525370886645436,1.693594141369265,0.15225766405775693
cleveland,ebm,site_class_balanced,source_oof_platt,empirical_source,2,303.0,0.45874587458745875,0.8332163537462713,0.8150250532640754,0.5273807990674562,0.5373128279442555,0.17293150773068733,0.1773125557034662,0.7425742574257426,0.7336813476048429,0.6904761904761905,0.7699115044247787,0.6258992805755396,0.7050359712230215,0.35387445167159265,1.6871711029014502,0.1512960028589307
cleveland,ebm,site_class_balanced,source_oof_platt,empirical_source,3,303.0,0.45874587458745875,0.811370415862432,0.786737688269141,0.5446207402051716,0.5540068877072313,0.18144647879839218,0.1856542450234759,0.7293729372937293,0.7203895420249167,0.6746031746031746,0.7522123893805309,0.6115107913669064,0.6546762589928058,0.2812434974688295,1.542367718366043,0.16231530795495513
cleveland,ebm,site_class_balanced,source_oof_platt,empirical_source,4,303.0,0.45874587458745875,0.8219424460431654,0.814619454370569,0.5375610342937038,0.5484566871301872,0.17813907274157326,0.18298082159120627,0.7260726072607261,0.7156957360940516,0.6639676113360324,0.7592592592592593,0.5899280575539568,0.6618705035971223,0.3861628345645107,1.6487916384573074,0.15323852705345234
cleveland,ebm,site_class_balanced,source_oof_platt,empirical_source,5,303.0,0.45874587458745875,0.8015879978943674,0.7952090889540637,0.5524700744623618,0.564254536341469,0.18447474897466903,0.18966003396291817,0.7260726072607261,0.7145990524653447,0.6584362139917695,0.7692307692307693,0.5755395683453237,0.6474820143884892,0.3565713776297805,1.5003575172946388,0.1780282983533347
cleveland,ebm,site_class_balanced,source_oof_platt,empirical_source,6,303.0,0.45874587458745875,0.8349710475522022,0.8088716221688196,0.527940108029289,0.5381697980625999,0.17417633661167603,0.17868316897721484,0.7524752475247525,0.7428276890682576,0.6987951807228916,0.7909090909090909,0.6258992805755396,0.6690647482014388,0.38403740364337363,1.6978813805504094,0.13587327575627844
cleveland,ebm,site_class_balanced,source_oof_platt,empirical_source,7,303.0,0.45874587458745875,0.8258905071065099,0.8201468052129839,0.5367871430045942,0.5474027828525261,0.1776092237766367,0.18231198158352957,0.735973597359736,0.7248420775574662,0.6721311475409836,0.780952380952381,0.5899280575539568,0.6762589928057554,0.394691566759581,1.742149577465706,0.1488082504592889
cleveland,ebm,site_class_balanced,source_oof_platt,empirical_source,8,303.0,0.45874587458745875,0.815406211616073,0.8074186959584515,0.5389355612162221,0.5483860023910407,0.17853923034051833,0.1826954482214137,0.7392739273927392,0.7311809089313914,0.6901960784313725,0.7586206896551724,0.6330935251798561,0.6690647482014388,0.2766418729282594,1.5671739597139276,0.1559715939198074
cleveland,ebm,site_class_balanced,source_oof_platt,empirical_source,9,303.0,0.45874587458745875,0.826723986664327,0.8100194741411284,0.532226354248637,0.5425428270049484,0.17575774565332203,0.18027361258325103,0.7491749174917491,0.7392305667660993,0.6935483870967742,0.7889908256880734,0.6187050359712231,0.6834532374100719,0.36519355256408165,1.6560103698477389,0.14602161035910932
cleveland,ebm,site_class_balanced,source_oof_platt,mar_age_sex_30,0,303.0,0.45874587458745875,0.7691261624846464,0.768613509066449,0.5682265414384692,0.5692534664285496,0.1936594680845951,0.19425257659970893,0.6963696369636964,0.6931917880329883,0.6642335766423357,0.674074074074074,0.6546762589928058,0.5827338129496403,-0.15532596257455386,1.158353846802395,0.17632654064783126
cleveland,ebm,site_class_balanced,source_oof_platt,mar_age_sex_30,1,303.0,0.45874587458745875,0.7610984383225126,0.7603684416361423,0.577969222782664,0.5795922746006852,0.19685883816854297,0.19767002689211643,0.7062706270627063,0.7034348131251096,0.6763636363636364,0.6838235294117647,0.6690647482014388,0.6115107913669064,-0.14275719942619164,1.1412176902617075,0.1945233582034417
cleveland,ebm,site_class_balanced,source_oof_platt,mar_age_sex_30,2,303.0,0.45874587458745875,0.7345148271626601,0.6768743820550974,0.6087264275817126,0.6064185454610461,0.20951299276202506,0.2086803852675911,0.66996699669967,0.6715432532023162,0.6575342465753424,0.6274509803921569,0.6906474820143885,0.5035971223021583,-0.21703542105993034,0.8883020853099335,0.2413934584073348
cleveland,ebm,site_class_balanced,source_oof_platt,mar_age_sex_30,3,303.0,0.45874587458745875,0.7354799087559221,0.6773562806857141,0.6070888058995042,0.6052823295058969,0.20924461828307098,0.20861553185145817,0.6600660066006601,0.6607518862958414,0.643598615916955,0.62,0.6690647482014388,0.4316546762589928,-0.19863713321682513,0.9604848499150888,0.2332060298581407
cleveland,ebm,site_class_balanced,source_oof_platt,mar_age_sex_30,4,303.0,0.45874587458745875,0.7704421828390946,0.7271405907769866,0.576726710721406,0.5758806305692148,0.19595162912749708,0.19574896265484582,0.6963696369636964,0.6975785225478155,0.6827586206896552,0.6556291390728477,0.7122302158273381,0.5323741007194245,-0.1844526762907542,1.1229172094039974,0.19927378142861443
cleveland,ebm,site_class_balanced,source_oof_platt,mar_age_sex_30,5,303.0,0.45874587458745875,0.7737322337252149,0.7387786205264362,0.5775409202987227,0.5773709149209406,0.19516557635720103,0.19508726734845974,0.6996699669966997,0.7000789612212668,0.6829268292682927,0.6621621621621622,0.7050359712230215,0.6115107913669064,-0.18890621547440656,1.1080324801323052,0.20828482976924811
cleveland,ebm,site_class_balanced,source_oof_platt,mar_age_sex_30,6,303.0,0.45874587458745875,0.7088962975960695,0.6928550083639453,0.6209587535357736,0.6217742395053807,0.2168099929826794,0.21734372866058776,0.6336633663366337,0.6308782242498684,0.5992779783393501,0.6014492753623188,0.5971223021582733,0.5323741007194245,-0.16228231356822861,0.7914121827731097,0.23902039308900813
cleveland,ebm,site_class_balanced,source_oof_platt,mar_age_sex_30,7,303.0,0.45874587458745875,0.7213984909633269,0.6590522172729703,0.6201571789576368,0.619282555665714,0.2141369380140138,0.21396452759569917,0.6633663366336634,0.6632523249692929,0.6433566433566433,0.6258503401360545,0.6618705035971223,0.5035971223021583,-0.17902931137442463,0.8842385522307835,0.2584776054508828
cleveland,ebm,site_class_balanced,source_oof_platt,mar_age_sex_30,8,303.0,0.45874587458745875,0.7585541323039129,0.6966175873595418,0.5923539239915426,0.5909549036392966,0.20083538849677543,0.20043424306938212,0.7128712871287128,0.7122740831724863,0.6925795053003534,0.6805555555555556,0.7050359712230215,0.5611510791366906,-0.19899016635601768,1.024100151987298,0.23352062899463566
cleveland,ebm,site_class_balanced,source_oof_platt,mar_age_sex_30,9,303.0,0.45874587458745875,0.76421301982804,0.7283402753132018,0.5835151755321383,0.5818731978359285,0.19846029653840788,0.1978737014917062,0.6996699669966997,0.7006273030356203,0.6851211072664359,0.66,0.7122302158273381,0.5899280575539568,-0.22557250873812917,1.084743459594592,0.20997048064865229
cleveland,ebm,site_class_balanced,source_oof_platt,mcar_10,0,303.0,0.45874587458745875,0.7707931216002807,0.7506564967737189,0.5760576570849948,0.5769418830620064,0.19551697755158393,0.19597853022024952,0.7095709570957096,0.7081286190559748,0.6857142857142857,0.6808510638297872,0.6906474820143885,0.5899280575539568,-0.1479424043572131,1.2156048447424226,0.19350053604643805
cleveland,ebm,site_class_balanced,source_oof_platt,mcar_10,1,303.0,0.45874587458745875,0.7692138971749429,0.730866651737484,0.5777778239647429,0.5780676963917213,0.19594525493376058,0.1962584644963737,0.7161716171617162,0.7136778382172311,0.6884057971014492,0.6934306569343066,0.6834532374100719,0.6258992805755396,-0.15461808894880597,1.2043503857551576,0.2003270930758444
cleveland,ebm,site_class_balanced,source_oof_platt,mcar_10,2,303.0,0.45874587458745875,0.7559220915950167,0.7470540357044948,0.5925840678544085,0.5932901882871753,0.20151409693778638,0.20193074729306656,0.7029702970297029,0.702031058080365,0.6808510638297872,0.6713286713286714,0.6906474820143885,0.6474820143884892,-0.17589592607546486,1.0823532600974985,0.21942330693043366
cleveland,ebm,site_class_balanced,source_oof_platt,mcar_10,3,303.0,0.45874587458745875,0.7553518161080891,0.7306934707815487,0.5909333932794658,0.5917131586315845,0.20130734796469485,0.2017077610352498,0.6996699669966997,0.6984339357782067,0.6761565836298933,0.6690140845070423,0.6834532374100719,0.6402877697841727,-0.16306438240982832,1.1006479336061663,0.22016858735264894
cleveland,ebm,site_class_balanced,source_oof_platt,mcar_10,4,303.0,0.45874587458745875,0.7756623969117388,0.7366264106700214,0.5708437579757629,0.571476317025992,0.19305891797266042,0.1934848037535182,0.7260726072607261,0.7250175469380593,0.7046263345195729,0.6971830985915493,0.7122302158273381,0.6330935251798561,-0.13966521058385953,1.2035219828422548,0.19309568574317526
cleveland,ebm,site_class_balanced,source_oof_platt,mcar_10,5,303.0,0.45874587458745875,0.7668889278820845,0.7369320295248603,0.579925605010317,0.5809200957749884,0.19647179546189167,0.1969956162574772,0.7161716171617162,0.7136778382172311,0.6884057971014492,0.6934306569343066,0.6834532374100719,0.6402877697841727,-0.14379002451102563,1.1645739502758041,0.20738231365700846
cleveland,ebm,site_class_balanced,source_oof_platt,mcar_10,6,303.0,0.45874587458745875,0.7562730303562027,0.7297232559043684,0.5837537700412951,0.5850403431250143,0.19970628888646622,0.20032275546111383,0.693069306930693,0.6928847166169503,0.6736842105263158,0.6575342465753424,0.6906474820143885,0.6330935251798561,-0.13129473094186644,1.1325480745122505,0.20016778572819388
cleveland,ebm,site_class_balanced,source_oof_platt,mcar_10,7,303.0,0.45874587458745875,0.7822424986839795,0.7628910286467573,0.5670794468294121,0.5664951889170756,0.19198828932354176,0.1917562676185929,0.7260726072607261,0.7266625723811195,0.710801393728223,0.6891891891891891,0.7338129496402878,0.6187050359712231,-0.19988295402711104,1.3208215307866658,0.17777708944375264
cleveland,ebm,site_class_balanced,source_oof_platt,mcar_10,8,303.0,0.45874587458745875,0.727232847868047,0.6970428775597877,0.6095107930042376,0.610301486891571,0.2103920912085612,0.21092619886103864,0.693069306930693,0.6890463239164766,0.6568265682656826,0.6742424242424242,0.6402877697841727,0.5755395683453237,-0.15549972227530276,0.923155764228832,0.24040982178527573
cleveland,ebm,site_class_balanced,source_oof_platt,mcar_10,9,303.0,0.45874587458745875,0.7803562028426039,0.743265600009481,0.5698915598538217,0.5722319594745078,0.19206044220838236,0.19330034163508028,0.7227722772277227,0.7192270573784875,0.6911764705882353,0.706766917293233,0.6762589928057554,0.60431654676259,-0.08166244223415434,1.1757635844838932,0.1933011681051244
cleveland,ebm,site_class_balanced,source_oof_platt,mcar_30,0,303.0,0.45874587458745875,0.7360501842428496,0.7301232410760132,0.6056158782359936,0.6032885624717891,0.20923000331921449,0.20823381222904913,0.6765676567656765,0.6798341814353395,0.6711409395973155,0.6289308176100629,0.7194244604316546,0.5827338129496403,-0.2654046149704094,1.0043423854608626,0.23096071775819743
cleveland,ebm,site_class_balanced,source_oof_platt,mcar_30,1,303.0,0.45874587458745875,0.7148622565362345,0.6920505143970199,0.6265164954396443,0.6223241213919887,0.21841475793878046,0.21669220417042467,0.6501650165016502,0.6532505702754869,0.6442953020134228,0.6037735849056604,0.6906474820143885,0.4892086330935252,-0.2816922348339878,0.8260890195187257,0.2525086805911628
cleveland,ebm,site_class_balanced,source_oof_platt,mcar_30,2,303.0,0.45874587458745875,0.6894630636953851,0.6493549508252765,0.6538207418589513,0.6438432156138654,0.23054551635671724,0.22627570241192876,0.6270627062706271,0.6373925250043868,0.6523076923076923,0.5698924731182796,0.762589928057554,0.4172661870503597,-0.3804947166894834,0.7891530652036376,0.2894941649433899
cleveland,ebm,site_class_balanced,source_oof_platt,mcar_30,3,303.0,0.45874587458745875,0.688629584137568,0.6405671197103253,0.6535094245327586,0.6483572459918937,0.22861731605363206,0.22647254954190973,0.6237623762376238,0.6288603263730479,0.6274509803921569,0.5748502994011976,0.6906474820143885,0.4676258992805755,-0.27465067884092476,0.7370550773921792,0.30061847217161397
cleveland,ebm,site_class_balanced,source_oof_platt,mcar_30,4,303.0,0.45874587458745875,0.7457887348657659,0.7211641332372131,0.6076835226721812,0.60124416457197,0.20980847704392624,0.2070759469969582,0.6831683168316832,0.6886734514827162,0.6862745098039216,0.6287425149700598,0.7553956834532374,0.5539568345323741,-0.37174817856041775,1.0277310440725183,0.2331190014069846
cleveland,ebm,site_class_balanced,source_oof_platt,mcar_30,5,303.0,0.45874587458745875,0.6984558694507808,0.7099915161455577,0.6263112246307029,0.622597357702295,0.22057175451611644,0.2189855825613556,0.6138613861386139,0.618068959466573,0.6138613861386139,0.5670731707317073,0.6690647482014388,0.4892086330935252,-0.2929579298880594,0.9025833576261763,0.24854647911561417
cleveland,ebm,site_class_balanced,source_oof_platt,mcar_30,6,303.0,0.45874587458745875,0.6831022986488858,0.6546862945618221,0.6612966359348984,0.6543991853914235,0.23312822738795003,0.23028661806836281,0.6039603960396039,0.6105676434462186,0.6153846153846154,0.5549132947976878,0.6906474820143885,0.4244604316546763,-0.3116023596578831,0.6841703145953725,0.29601317111906417
cleveland,ebm,site_class_balanced,source_oof_platt,mcar_30,7,303.0,0.45874587458745875,0.7227145113177751,0.6768473991775307,0.6280727101161239,0.6200404059618931,0.21815005356833245,0.21481150180999065,0.6435643564356436,0.6493463765572907,0.6493506493506493,0.591715976331361,0.7194244604316546,0.4748201438848921,-0.3674326380392767,0.8823021403272004,0.2605013456010311
cleveland,ebm,site_class_balanced,source_oof_platt,mcar_30,8,303.0,0.45874587458745875,0.7210475522021408,0.6922766605452371,0.6280371589345153,0.6216106835959241,0.21859412707991016,0.21586113068873383,0.6567656765676567,0.6620898403228637,0.6601307189542484,0.6047904191616766,0.7266187050359713,0.4748201438848921,-0.3434486588192835,0.8932471639905765,0.26043007039032146
cleveland,ebm,site_class_balanced,source_oof_platt,mcar_30,9,303.0,0.45874587458745875,0.7127566239691174,0.7043306889869824,0.63247578430761,0.6259939651517314,0.221613755288623,0.21889224163120655,0.6072607260726073,0.6125197403053168,0.6123778501628665,0.5595238095238095,0.6762589928057554,0.5467625899280576,-0.3509973917673728,0.8613202197379258,0.2553274151125301
cleveland,ebm,site_class_balanced,source_oof_platt,mcar_50,0,303.0,0.45874587458745875,0.641954728899807,0.6116441614246495,0.6950158082473911,0.6817553415364463,0.2488632231303198,0.24314290972235791,0.5874587458745875,0.6013555009650816,0.6312684365781711,0.535,0.7697841726618705,0.34532374100719426,-0.38764423265436915,0.6221507521140274,0.3439495697896442
cleveland,ebm,site_class_balanced,source_oof_platt,mcar_50,1,303.0,0.45874587458745875,0.6602474118266363,0.6209525870070827,0.680732962845507,0.6688117126198418,0.24242735228213905,0.23718470527831229,0.594059405940594,0.6058080364976312,0.6283987915407855,0.5416666666666666,0.7482014388489209,0.3597122302158273,-0.3782128259033664,0.6628665126939366,0.32088630679758756
cleveland,ebm,site_class_balanced,source_oof_platt,mcar_50,2,303.0,0.45874587458745875,0.6926215125460607,0.6301614339579594,0.6594793112420615,0.6501181387473762,0.23055284597242914,0.22649267191322842,0.6435643564356436,0.6515397438147044,0.6582278481012658,0.5875706214689266,0.7482014388489209,0.4460431654676259,-0.3725680352991516,0.8187959708645386,0.31422946271771696
cleveland,ebm,site_class_balanced,source_oof_platt,mcar_50,3,303.0,0.45874587458745875,0.6620898403228637,0.6704942536312011,0.6892305561344814,0.674153915761177,0.24848104709281463,0.2418366393851298,0.5412541254125413,0.555382523249693,0.592375366568915,0.5,0.7266187050359713,0.45323741007194246,-0.48190200005241174,0.7277952501061425,0.3170504614734638
cleveland,ebm,site_class_balanced,source_oof_platt,mcar_50,4,303.0,0.45874587458745875,0.6708194420073698,0.6481748138489016,0.6835019511612787,0.6690587718530311,0.24373732171780096,0.237552825803785,0.5676567656765676,0.5792244253377785,0.6042296072507553,0.5208333333333334,0.7194244604316546,0.4316546762589928,-0.46606603577039046,0.7293182108803449,0.3254618736277669
cleveland,ebm,site_class_balanced,source_oof_platt,mcar_50,5,303.0,0.45874587458745875,0.6650728197929461,0.6121241106161637,0.6764739599058264,0.6657853545546288,0.23957771200682923,0.2349914141023473,0.6039603960396039,0.613857694332339,0.6296296296296297,0.5513513513513514,0.7338129496402878,0.3669064748201439,-0.36072609955416407,0.6819295939734237,0.33022363875972605
cleveland,ebm,site_class_balanced,source_oof_platt,mcar_50,6,303.0,0.45874587458745875,0.6609273556764345,0.6322996458800638,0.6832320805408374,0.6698630840423488,0.24404167530691595,0.2381508402224543,0.5874587458745875,0.6002588173363748,0.6268656716417911,0.5357142857142857,0.7553956834532374,0.4028776978417266,-0.4201389173581331,0.6971645547409541,0.3233517811986991
cleveland,ebm,site_class_balanced,source_oof_platt,mcar_50,7,303.0,0.45874587458745875,0.6129584137567995,0.5913386550292252,0.7095900581846167,0.6974794769397936,0.2562495735660267,0.25091975992882837,0.5478547854785478,0.5609317424109492,0.5934718100890207,0.5050505050505051,0.7194244604316546,0.38848920863309355,-0.3408906211179785,0.5319571726152774,0.3744780330132456
cleveland,ebm,site_class_balanced,source_oof_platt,mcar_50,8,303.0,0.45874587458745875,0.6126074749956132,0.566534497747797,0.7290505761604135,0.712160530838658,0.2624487042656331,0.25512191554032615,0.5511551155115512,0.5661738901561677,0.6046511627906976,0.5073170731707317,0.7482014388489209,0.30935251798561153,-0.38088135127518197,0.49080715312677015,0.3984365939634582
cleveland,ebm,site_class_balanced,source_oof_platt,mcar_50,9,303.0,0.45874587458745875,0.6916125636076504,0.6565444165303218,0.6606761542111521,0.6484023762433133,0.23328649588794034,0.22793137943261704,0.6270627062706271,0.6401342340761538,0.6626865671641791,0.5663265306122449,0.7985611510791367,0.4172661870503597,-0.4552731313670889,0.8362114655557192,0.3030624859686705
cleveland,ebm,site_class_balanced,source_oof_platt,natural,0,303.0,0.45874587458745875,0.8107562730303561,0.800359421311401,0.5429716268159087,0.5466883790344934,0.1802424765679212,0.1819842348549999,0.759075907590759,0.7549570100017546,0.7286245353159851,0.7538461538461538,0.7050359712230215,0.7050359712230215,-0.0067257214425235174,1.5248395600273343,0.1563210362789348
cleveland,tabpfn,pooled,raw,drop_advanced,0,303.0,0.45874587458745875,0.8757238111949465,0.8701747582948669,0.4672120486331471,0.45845075659479617,0.15297235102340703,0.14939548902093452,0.7788778877887789,0.7853132128443586,0.7817589576547231,0.7142857142857143,0.8633093525179856,0.7697841726618705,-0.6341914994982157,1.2076552002330916,0.10249728069307099
cleveland,tabpfn,pooled,raw,drop_exercise,0,303.0,0.45874587458745875,0.832689945604492,0.8030042633801246,0.5256510702013697,0.5287340084186043,0.17372341988786894,0.17479277051861192,0.7227722772277227,0.7219687664502544,0.7021276595744681,0.6923076923076923,0.7122302158273381,0.6546762589928058,-0.03390851741060471,1.6907155167758932,0.13149196997606588
cleveland,tabpfn,pooled,raw,drop_routine,0,303.0,0.45874587458745875,0.8587910159677137,0.8101894459371316,0.9664341993170724,0.8994789380275299,0.34208350752181904,0.316909446947615,0.47854785478547857,0.5182926829268293,0.6376146788990825,0.468013468013468,1.0,0.7482014388489209,-3.866143535896134,1.7539224252618124,0.286499838267655
cleveland,tabpfn,pooled,raw,empirical_source,0,303.0,0.45874587458745875,0.8232584663976137,0.7889309211310326,0.5427108147479641,0.5305514181993504,0.18215746957604007,0.1774247439069767,0.7161716171617162,0.7235479908755922,0.7243589743589743,0.653179190751445,0.8129496402877698,0.6834532374100719,-0.5656543286983198,0.9425721316638063,0.15715492489264274
cleveland,tabpfn,pooled,raw,empirical_source,1,303.0,0.45874587458745875,0.8244867520617652,0.7958393311625569,0.5495739503086509,0.5390400363403869,0.18278485315525686,0.17845192519666297,0.7227722772277227,0.7318389191086155,0.7358490566037735,0.6536312849162011,0.841726618705036,0.7122302158273381,-0.5329593585973533,0.8776283061566086,0.16275654153183167
cleveland,tabpfn,pooled,raw,empirical_source,2,303.0,0.45874587458745875,0.8428233023337427,0.8253844045898504,0.5268117381985599,0.5130397148443785,0.17634879361196718,0.1709098770604323,0.7326732673267327,0.7409852605720302,0.7428571428571429,0.6647727272727273,0.841726618705036,0.7266187050359713,-0.6904325356582957,1.0073330360926378,0.1412455621668533
cleveland,tabpfn,pooled,raw,empirical_source,3,303.0,0.45874587458745875,0.8271187927706616,0.7898201124139925,0.553306361509158,0.5399420336832643,0.18375217512912762,0.17842403724711367,0.735973597359736,0.7451307246885419,0.7484276729559748,0.664804469273743,0.8561151079136691,0.6906474820143885,-0.6227746286885553,0.914615688142142,0.17049730372045785
cleveland,tabpfn,pooled,raw,empirical_source,4,303.0,0.45874587458745875,0.8441831900333391,0.839077325207485,0.5166292580661764,0.5054360918323177,0.17381956148042194,0.1691893223016549,0.7260726072607261,0.734339357782067,0.7365079365079366,0.6590909090909091,0.8345323741007195,0.7338129496402878,-0.6411946786397943,1.040111510164821,0.13534289398881255
cleveland,tabpfn,pooled,raw,empirical_source,5,303.0,0.45874587458745875,0.8078610282505703,0.7784468599840829,0.5672683319970483,0.5549094006014695,0.19109679141290137,0.18621071761552532,0.7128712871287128,0.7221442358308475,0.7272727272727273,0.6444444444444445,0.8345323741007195,0.6618705035971223,-0.5345597122130308,0.8393028270418003,0.1731448173673692
cleveland,tabpfn,pooled,raw,empirical_source,6,303.0,0.45874587458745875,0.8457185471135287,0.8266695894795673,0.5120012305409593,0.5005680093645513,0.17097096410184223,0.166355944000817,0.7524752475247525,0.7592779434988595,0.7572815533980582,0.6882352941176471,0.841726618705036,0.7266187050359713,-0.6177199675013395,1.0637216252852817,0.13198863092799587
cleveland,tabpfn,pooled,raw,empirical_source,7,303.0,0.45874587458745875,0.8179066502895245,0.8040856335008011,0.570534086853879,0.5541855109697238,0.19337234831060138,0.18693008963965924,0.7260726072607261,0.7365327250394806,0.7430340557275542,0.6521739130434783,0.8633093525179856,0.7050359712230215,-0.7042108531855076,0.8960116386002618,0.16968360384110226
cleveland,tabpfn,pooled,raw,empirical_source,8,303.0,0.45874587458745875,0.8158010177224074,0.8017728370585362,0.5697938824000879,0.55531437147757,0.19264618007798476,0.18678192684434702,0.7095709570957096,0.7201921389717494,0.7283950617283951,0.6378378378378379,0.8489208633093526,0.6474820143884892,-0.6318055667478732,0.8602155124092051,0.1706346448254643
cleveland,tabpfn,pooled,raw,empirical_source,9,303.0,0.45874587458745875,0.8359799964906123,0.8132305551171765,0.5339236667481432,0.5213965549567369,0.1777130802107437,0.17262180134861108,0.735973597359736,0.7462274083172487,0.7515527950310559,0.6612021857923497,0.8705035971223022,0.7050359712230215,-0.6284173582249046,0.9802416567453792,0.15023614738272106
cleveland,tabpfn,pooled,raw,mar_age_sex_30,0,303.0,0.45874587458745875,0.8440077206527461,0.8162034660452139,0.5713957730276813,0.5489259661048822,0.1952286122781426,0.1860955358985847,0.6864686468646864,0.702689068257589,0.7246376811594203,0.6067961165048543,0.8992805755395683,0.7122302158273381,-1.1839690674139969,1.294778986542495,0.17869098106604178
cleveland,tabpfn,pooled,raw,mar_age_sex_30,1,303.0,0.45874587458745875,0.8380856290577294,0.8021315395411558,0.5834042930109471,0.5603433827386235,0.19823476097231216,0.18892986261148415,0.6765676567656765,0.6940910686085278,0.72,0.5971563981042654,0.9064748201438849,0.7122302158273381,-1.1301853322569235,1.2101193513251274,0.19093945675563265
cleveland,tabpfn,pooled,raw,mar_age_sex_30,2,303.0,0.45874587458745875,0.8155378136515177,0.7691821542600651,0.6130103744516262,0.5871159550712738,0.20834344406804678,0.19820822023004853,0.6732673267326733,0.6926873135637831,0.7226890756302521,0.591743119266055,0.9280575539568345,0.6906474820143885,-1.0507468796766073,1.0352067164377552,0.2108088233761129
cleveland,tabpfn,pooled,raw,mar_age_sex_30,3,303.0,0.45874587458745875,0.8518599754342868,0.8206982249262083,0.5720494508731613,0.5485881311316079,0.19431034506106784,0.1847015230386349,0.6963696369636964,0.7162221442358309,0.7430167597765364,0.6073059360730594,0.9568345323741008,0.7697841726618705,-1.2730298434220872,1.3439077009875031,0.1798808576750751
cleveland,tabpfn,pooled,raw,mar_age_sex_30,4,303.0,0.45874587458745875,0.859975434286717,0.7829983534936596,0.5717980372542566,0.5463588671891648,0.1913328541233121,0.18123555121860377,0.7128712871287128,0.7320143884892086,0.7549295774647887,0.6203703703703703,0.9640287769784173,0.7553956834532374,-1.3562702555953328,1.3459422260486318,0.197962663874997
cleveland,tabpfn,pooled,raw,mar_age_sex_30,5,303.0,0.45874587458745875,0.8241358133005791,0.8137191201226401,0.6073201832044133,0.5832816989640776,0.20915357448928726,0.1992779682228379,0.6831683168316832,0.7023819968415511,0.7303370786516854,0.5990783410138248,0.935251798561151,0.6690647482014388,-1.0960750882730954,1.087752444576023,0.19728188363003116
cleveland,tabpfn,pooled,raw,mar_age_sex_30,6,303.0,0.45874587458745875,0.8077294262151254,0.7580233993544613,0.621278613293041,0.5961443636751871,0.21395290370390083,0.20380244471433773,0.6534653465346535,0.6722012633795402,0.704225352112676,0.5787037037037037,0.8992805755395683,0.7050359712230215,-1.0427501755521293,1.0624739817089728,0.2198175889225572
cleveland,tabpfn,pooled,raw,mar_age_sex_30,7,303.0,0.45874587458745875,0.8349710475522021,0.7683057284464678,0.5967452552758895,0.5721840960864913,0.2010686330158214,0.19142555240582146,0.6864686468646864,0.7048824355150026,0.7308781869688386,0.602803738317757,0.9280575539568345,0.7482014388489209,-1.1178361849021727,1.1503705359291092,0.21374074742172544
cleveland,tabpfn,pooled,raw,mar_age_sex_30,8,303.0,0.45874587458745875,0.8160642217932971,0.7706285402909681,0.6052832793807357,0.5817061673667814,0.20600334460819697,0.19669572214818165,0.6732673267326733,0.6899456044920161,0.7146974063400576,0.5961538461538461,0.8920863309352518,0.7050359712230215,-0.9782294860012942,1.0252149651490698,0.20851964525499528
cleveland,tabpfn,pooled,raw,mar_age_sex_30,9,303.0,0.45874587458745875,0.8442709247236356,0.8147967716325921,0.5892965564306007,0.5638634275773022,0.2016444738661226,0.1914049613314615,0.693069306930693,0.7120766801193192,0.7380281690140845,0.6064814814814815,0.9424460431654677,0.7410071942446043,-1.2787246586277612,1.2511275178074732,0.1898176483330475
cleveland,tabpfn,pooled,raw,mcar_10,0,303.0,0.45874587458745875,0.8565099140200034,0.8283387408305318,0.573634966212801,0.550038577346666,0.19641576310091252,0.18673075392893307,0.6798679867986799,0.6982365327250395,0.7252124645892352,0.5981308411214953,0.920863309352518,0.7697841726618705,-1.3303174729615985,1.396227667134215,0.18102100313780445
cleveland,tabpfn,pooled,raw,mcar_10,1,303.0,0.45874587458745875,0.8449289349008599,0.7935684122210706,0.5888725957952172,0.5643354945512236,0.20060485620114138,0.19062877491810679,0.6732673267326733,0.6926873135637831,0.7226890756302521,0.591743119266055,0.9280575539568345,0.8129496402877698,-1.2798870499886856,1.319023153327672,0.20469782833620345
cleveland,tabpfn,pooled,raw,mcar_10,2,303.0,0.45874587458745875,0.8395332514476225,0.80643981696649,0.5925309083234372,0.567951142002379,0.20327177974398164,0.1932843594821056,0.6864686468646864,0.7037857518862958,0.7277936962750716,0.6047619047619047,0.9136690647482014,0.7482014388489209,-1.2491768827301075,1.2713060312713,0.19817152875541064
cleveland,tabpfn,pooled,raw,mcar_10,3,303.0,0.45874587458745875,0.8542726794174417,0.8397648581111783,0.5669859691180652,0.5439638492037362,0.19342571598808153,0.18413227586658545,0.7095709570957096,0.7262238989296368,0.7456647398843931,0.6231884057971014,0.9280575539568345,0.7482014388489209,-1.2585549066065116,1.3206066342577332,0.17178761934506986
cleveland,tabpfn,pooled,raw,mcar_10,4,303.0,0.45874587458745875,0.8602386383576065,0.8165271507977063,0.5551954622953984,0.5327591137072147,0.18762913114606153,0.1784858206470075,0.7062706270627063,0.7231751184418319,0.7435158501440923,0.6201923076923077,0.9280575539568345,0.7769784172661871,-1.2764275178838145,1.3896262595358728,0.17374629555755258
cleveland,tabpfn,pooled,raw,mcar_10,5,303.0,0.45874587458745875,0.8518599754342866,0.7983205558260219,0.5741071128582305,0.5507526813987069,0.19501712083109177,0.18560616923931034,0.7029702970297029,0.720126337954027,0.7413793103448276,0.6172248803827751,0.9280575539568345,0.7697841726618705,-1.2283985512876467,1.2862271395964524,0.1912753945234294
cleveland,tabpfn,pooled,raw,mcar_10,6,303.0,0.45874587458745875,0.844797332865415,0.7935643919069363,0.5789368761187277,0.5562869605622808,0.19675548092886672,0.18760012909155072,0.693069306930693,0.710431654676259,0.7335243553008596,0.6095238095238096,0.920863309352518,0.7697841726618705,-1.1620902387798786,1.2673321041663805,0.19465377905521347
cleveland,tabpfn,pooled,raw,mcar_10,7,303.0,0.45874587458745875,0.8613791893314616,0.8519313290416648,0.562753932378807,0.5394109606219005,0.19269211642109338,0.18303981328519642,0.7161716171617162,0.7334181435339533,0.7528735632183908,0.6267942583732058,0.9424460431654677,0.7553956834532374,-1.3757779506299859,1.4417068318421047,0.16335210643483727
cleveland,tabpfn,pooled,raw,mcar_10,8,303.0,0.45874587458745875,0.8312861905597472,0.7793672700125568,0.6022701685268721,0.5779577055980414,0.20685727411115545,0.1970551041873119,0.6633663366336634,0.6807992630286015,0.7085714285714285,0.5876777251184834,0.8920863309352518,0.762589928057554,-1.1663542381341088,1.203194006772683,0.21222233351808095
cleveland,tabpfn,pooled,raw,mcar_10,9,303.0,0.45874587458745875,0.8455869450780839,0.7884619665576156,0.570664605172249,0.548092244087657,0.19171970212788944,0.18272462592381566,0.7227722772277227,0.7378706790665029,0.7529411764705882,0.6368159203980099,0.920863309352518,0.762589928057554,-1.1463727588611023,1.2595145821187184,0.19425320117827982
cleveland,tabpfn,pooled,raw,mcar_30,0,303.0,0.45874587458745875,0.8136076504649938,0.7791815055210483,0.6790532415228023,0.6472593435863467,0.23929392595036264,0.22624687577156843,0.6171617161716172,0.6408580452711001,0.6898395721925134,0.548936170212766,0.9280575539568345,0.7194244604316546,-1.3290196704683745,1.1022960764304195,0.24742787926236798
cleveland,tabpfn,pooled,raw,mcar_30,1,303.0,0.45874587458745875,0.8111949464818389,0.7936195657375978,0.6732869616991309,0.6403559900112321,0.2369716665108105,0.2235824382033503,0.6336633663366337,0.6571986313388314,0.7024128686327078,0.5598290598290598,0.9424460431654677,0.6474820143884892,-1.4175837093263484,1.1531039147918702,0.23406179197213822
cleveland,tabpfn,pooled,raw,mcar_30,2,303.0,0.45874587458745875,0.7955343042639059,0.7205541224268538,0.7178943482210439,0.6787674267192951,0.24873355276792547,0.2332133728526966,0.6270627062706271,0.6538427794349886,0.7064935064935065,0.5528455284552846,0.9784172661870504,0.5683453237410072,-1.5434605349598762,1.136408843597427,0.2847867370054191
cleveland,tabpfn,pooled,raw,mcar_30,3,303.0,0.45874587458745875,0.8121600280751009,0.7995519710072784,0.686001568930965,0.652218389914236,0.24453446203246784,0.2306461139756977,0.5907590759075908,0.6164678013686612,0.675392670157068,0.5308641975308642,0.9280575539568345,0.6690647482014388,-1.5183114656779224,1.2258650956228794,0.2444705554744816
cleveland,tabpfn,pooled,raw,mcar_30,4,303.0,0.45874587458745875,0.794744692051237,0.7554510318990514,0.6983030505470617,0.6631920936061899,0.2458694086866912,0.23167117114148822,0.6039603960396039,0.6292112651342341,0.6842105263157895,0.5394190871369294,0.935251798561151,0.6618705035971223,-1.4097763315475182,1.127555965229477,0.26838301239837625
cleveland,tabpfn,pooled,raw,mcar_30,5,303.0,0.45874587458745875,0.7835146516932795,0.7418084544215566,0.7068374992443902,0.6719354108262381,0.24717855198157312,0.23317396539400592,0.6171617161716172,0.6408580452711001,0.6898395721925134,0.548936170212766,0.9280575539568345,0.6330935251798561,-1.2906567077322175,1.0348423589554216,0.27688477904135783
cleveland,tabpfn,pooled,raw,mcar_30,6,303.0,0.45874587458745875,0.800886120371995,0.7737390361825776,0.7158554772493736,0.6789274608945242,0.2537739777334924,0.2388239932565071,0.6006600660066007,0.627259168275136,0.6857142857142857,0.5365853658536586,0.9496402877697842,0.6618705035971223,-1.4776325498389216,1.1059180590128197,0.25759045945421677
cleveland,tabpfn,pooled,raw,mcar_30,7,303.0,0.45874587458745875,0.8230391296718722,0.7908037341794077,0.6820720835610741,0.6465902424735437,0.239928826406732,0.2254913463564325,0.6105610561056105,0.6375021933672574,0.694300518134715,0.5425101214574899,0.9640287769784173,0.6330935251798561,-1.6751424706241551,1.3011850432171468,0.2417508943630135
cleveland,tabpfn,pooled,raw,mcar_30,8,303.0,0.45874587458745875,0.7817599578873486,0.7544033230699222,0.7117008627022473,0.6773515289706934,0.2515267642762579,0.23765637828251795,0.5907590759075908,0.6164678013686612,0.675392670157068,0.5308641975308642,0.9280575539568345,0.6402877697841727,-1.2465943736949057,0.9969720302567795,0.2727908138695521
cleveland,tabpfn,pooled,raw,mcar_30,9,303.0,0.45874587458745875,0.7741709071766977,0.7424264030209765,0.741746517718887,0.7041380257669477,0.26212188461656166,0.24704175715900423,0.5775577557755776,0.604821021231795,0.6701030927835051,0.5220883534136547,0.935251798561151,0.5755395683453237,-1.283112272430719,0.9551629253611916,0.283153663941736
cleveland,tabpfn,pooled,raw,mcar_50,0,303.0,0.45874587458745875,0.7385944902614494,0.6810921451808944,0.8430676162974732,0.7944500612480531,0.29904698593776474,0.27981399446024835,0.5313531353135313,0.5632347780312336,0.6502463054187192,0.4943820224719101,0.9496402877697842,0.5539568345323741,-1.4762786817479376,0.9316901597391302,0.34559304054277656
cleveland,tabpfn,pooled,raw,mcar_50,1,303.0,0.45874587458745875,0.7141165116687138,0.6747172411930044,0.8566282772832904,0.8071075559056411,0.30037304020424194,0.2811124008491406,0.5610561056105611,0.5917704860501842,0.6683291770573566,0.5114503816793893,0.9640287769784173,0.460431654676259,-1.2877137888879824,0.7971128517837219,0.3409277776343989
cleveland,tabpfn,pooled,raw,mcar_50,2,303.0,0.45874587458745875,0.7098175118441832,0.6408683138243109,0.8387250227036854,0.792110837218554,0.2934808874447715,0.2751977308033704,0.5742574257425742,0.6039656080014038,0.6750629722921915,0.5193798449612403,0.9640287769784173,0.4892086330935252,-1.1822946430590944,0.7746688617303878,0.37212085803358896
cleveland,tabpfn,pooled,raw,mcar_50,3,303.0,0.45874587458745875,0.7682488155816809,0.7454709008869065,0.8257541098448871,0.7765367044101603,0.29281041345635334,0.2733479483833973,0.5676567656765676,0.5995130724688542,0.6765432098765433,0.5150375939849624,0.9856115107913669,0.5683453237410072,-1.7930081814730026,1.1060540453005503,0.30839405265561604
cleveland,tabpfn,pooled,raw,mcar_50,4,303.0,0.45874587458745875,0.7484207755746624,0.7192724523093202,0.8494022819401881,0.7984104646100567,0.30023839969540633,0.28017968161761425,0.5511551155115512,0.5842691700298298,0.6682926829268293,0.5055350553505535,0.9856115107913669,0.5179856115107914,-1.7081790607916658,1.035619855642622,0.32761459990075115
cleveland,tabpfn,pooled,raw,mcar_50,5,303.0,0.45874587458745875,0.7261361642393402,0.6560586168492704,0.8376249498872618,0.7892491478703128,0.2954981246734108,0.276260068555362,0.5676567656765676,0.5989647306545008,0.674937965260546,0.5151515151515151,0.9784172661870504,0.5107913669064749,-1.4657953067099079,0.9496918701300635,0.35766720247083983
cleveland,tabpfn,pooled,raw,mcar_50,6,303.0,0.45874587458745875,0.7258071591507282,0.6969133648724652,0.8623933944259179,0.8124146772289252,0.30429241317340044,0.28487782765605285,0.5445544554455446,0.5759782417968065,0.6584158415841584,0.5018867924528302,0.9568345323741008,0.4748201438848921,-1.3447346537872429,0.8124460528774317,0.337032290899205
cleveland,tabpfn,pooled,raw,mcar_50,7,303.0,0.45874587458745875,0.7060010528162834,0.6786486718897453,0.8808005350605168,0.8320501630668062,0.3133093872115517,0.2942661436737718,0.5181518151815182,0.5493946306369538,0.6386138613861386,0.4867924528301887,0.9280575539568345,0.49640287769784175,-1.1263752130684173,0.6864474259624487,0.35542956474617377
cleveland,tabpfn,pooled,raw,mcar_50,8,303.0,0.45874587458745875,0.7288120722933847,0.6831140061815566,0.873676471411012,0.8213870323984803,0.30954365588219895,0.2889729253124157,0.528052805280528,0.5618310229864888,0.6537530266343826,0.4927007299270073,0.9712230215827338,0.4676258992805755,-1.564294018078729,0.9358743925827269,0.3443207664126683
cleveland,tabpfn,pooled,raw,mcar_50,9,303.0,0.45874587458745875,0.7319705211440604,0.6814615054416373,0.8325750677730358,0.7849094160921682,0.2924144488144836,0.27367916267188164,0.5643564356435643,0.5953676083523425,0.6716417910447762,0.5133079847908745,0.9712230215827338,0.460431654676259,-1.3973152006617724,0.8981818164484638,0.34537208240029227
cleveland,tabpfn,pooled,raw,natural,0,303.0,0.45874587458745875,0.8823039129671874,0.8671517372001384,0.5091343195695751,0.4918018638666327,0.1697998847034207,0.16265348614815514,0.7491749174917491,0.7633576065976486,0.7738095238095238,0.6598984771573604,0.935251798561151,0.8129496402877698,-1.2028260289149202,1.553715760392827,0.13064422707457388
cleveland,tabpfn,pooled,source_oof_platt,drop_advanced,0,303.0,0.45874587458745875,0.8757238111949465,0.8701179770049119,0.4625161722388922,0.4678748997950951,0.1472258106301783,0.149283391230358,0.7854785478547854,0.7820889629759606,0.7601476014760148,0.7803030303030303,0.7410071942446043,0.7697841726618705,0.09663446524809922,1.5813691921052302,0.09883904756544053
cleveland,tabpfn,pooled,source_oof_platt,drop_exercise,0,303.0,0.45874587458745875,0.8328654149850852,0.8027845083753027,0.5652360599664569,0.5835599380284436,0.19223845514257326,0.2004111857019248,0.7227722772277227,0.7038734865765924,0.6111111111111112,0.8571428571428571,0.4748201438848921,0.6546762589928058,0.9870282657923917,2.2107556355805555,0.1737551451604621
cleveland,tabpfn,pooled,source_oof_platt,drop_routine,0,303.0,0.45874587458745875,0.8586155465871205,0.8110022431231618,0.6989053733137375,0.6617478846622151,0.2524815349244258,0.2364849022967806,0.5577557755775577,0.5903667310054396,0.6715686274509803,0.5092936802973977,0.9856115107913669,0.7482014388489209,-2.802285852934832,2.2880957795763344,0.2728821065081829
cleveland,tabpfn,pooled,source_oof_platt,empirical_source,0,303.0,0.45874587458745875,0.8232145990524654,0.7885356381574377,0.5173379981804294,0.5213223296956617,0.17170542616094198,0.17331848621538015,0.7623762376237624,0.7607474995613266,0.7410071942446043,0.7410071942446043,0.7410071942446043,0.6834532374100719,0.004486796653761523,1.234059645997779,0.1379551498989241
cleveland,tabpfn,pooled,source_oof_platt,empirical_source,1,303.0,0.45874587458745875,0.8244867520617651,0.7958240181359314,0.52079660384347,0.5257456798262211,0.1709205145019123,0.17274026860241726,0.7557755775577558,0.7524565713283032,0.7279411764705882,0.7443609022556391,0.7122302158273381,0.7122302158273381,-0.002034079437080378,1.149211345249024,0.14946947228908752
cleveland,tabpfn,pooled,source_oof_platt,empirical_source,2,303.0,0.45874587458745875,0.8428233023337427,0.8253850808542365,0.4972732911166404,0.4993731828438759,0.16343016593512133,0.1641723467673282,0.7557755775577558,0.7557466222144236,0.7394366197183099,0.7241379310344828,0.7553956834532374,0.7266187050359713,-0.08106702712250588,1.3191768319183999,0.11942552888485157
cleveland,tabpfn,pooled,source_oof_platt,empirical_source,3,303.0,0.45874587458745875,0.8271626601158097,0.7898608847926198,0.5189548238666583,0.5217173241964491,0.17035582543425745,0.17135102439932098,0.7557755775577558,0.7541015967713633,0.7338129496402878,0.7338129496402878,0.7338129496402878,0.6906474820143885,-0.06950802865366311,1.1975281324819853,0.14406971618710812
cleveland,tabpfn,pooled,source_oof_platt,empirical_source,4,303.0,0.45874587458745875,0.8442709247236357,0.8391171982157621,0.4946374234324621,0.49873205864069126,0.16196237308641862,0.16347984738719668,0.7656765676567657,0.7632479382347781,0.7418181818181818,0.75,0.7338129496402878,0.7338129496402878,-0.012102241999123605,1.361648368296534,0.11902258373266757
cleveland,tabpfn,pooled,source_oof_platt,empirical_source,5,303.0,0.45874587458745875,0.8077732935602737,0.7783438047296729,0.533426728087343,0.537398368720433,0.17827668230470545,0.17978364357544546,0.7194719471947195,0.7172749605193893,0.6931407942238267,0.6956521739130435,0.6906474820143885,0.6618705035971223,-0.02686271854868831,1.0990570923683811,0.15344708650522978
cleveland,tabpfn,pooled,source_oof_platt,empirical_source,6,303.0,0.45874587458745875,0.845762414458677,0.826705951509452,0.49433965385825823,0.49848360295609184,0.16246876684912512,0.1640628448638501,0.7722772277227723,0.7682488155816809,0.7434944237918215,0.7692307692307693,0.7194244604316546,0.7266187050359713,0.025704507765361786,1.3929369534650518,0.11443472787497373
cleveland,tabpfn,pooled,source_oof_platt,empirical_source,7,303.0,0.45874587458745875,0.817994384979821,0.8041191744640658,0.5247043989485073,0.525238383554933,0.17480465622611702,0.1748190343069661,0.7293729372937293,0.7313563783119845,0.7191780821917808,0.6862745098039216,0.7553956834532374,0.7050359712230215,-0.16223946805337516,1.1732617055784316,0.14399510414697506
cleveland,tabpfn,pooled,source_oof_platt,empirical_source,8,303.0,0.45874587458745875,0.8157571503772592,0.8016819780687094,0.527524861667552,0.5295673469855059,0.17567633280145567,0.17624375480148616,0.7326732673267327,0.7327601333567293,0.7157894736842105,0.6986301369863014,0.7338129496402878,0.6474820143884892,-0.11142417787985535,1.1263086346046491,0.1515098522747439
cleveland,tabpfn,pooled,source_oof_platt,empirical_source,9,303.0,0.45874587458745875,0.8359361291454641,0.8131672088718328,0.5066962112061834,0.5100256024998978,0.16636940889417515,0.16754674830618188,0.7656765676567657,0.7643446218634848,0.7455197132616488,0.7428571428571429,0.7482014388489209,0.7050359712230215,-0.03540300796513766,1.2834862277739119,0.13110695238231704
cleveland,tabpfn,pooled,source_oof_platt,mar_age_sex_30,0,303.0,0.45874587458745875,0.8440515879978944,0.8161486517022003,0.5183757735087726,0.5143751908846691,0.17064195465271795,0.1688069484497502,0.7722772277227723,0.7764739427969819,0.7692307692307693,0.71875,0.8273381294964028,0.7122302158273381,-0.4013462938149439,1.6940779541797863,0.12609651321214965
cleveland,tabpfn,pooled,source_oof_platt,mar_age_sex_30,1,303.0,0.45874587458745875,0.8380417617125812,0.8019658497215808,0.5258410258848043,0.5214459475392201,0.17340777869477875,0.17138996587791575,0.7821782178217822,0.7878136515178101,0.7828947368421053,0.7212121212121212,0.8561151079136691,0.7122302158273381,-0.39875297303024104,1.583281358365998,0.14085960252316237
cleveland,tabpfn,pooled,source_oof_platt,mar_age_sex_30,2,303.0,0.45874587458745875,0.8156694156869626,0.7692557228467019,0.541582006072097,0.535208932492261,0.18123123720122855,0.17845231827084757,0.7260726072607261,0.7315976487103001,0.7278688524590164,0.6686746987951807,0.7985611510791367,0.6906474820143885,-0.42503934928178677,1.354500134076583,0.1572282351756621
cleveland,tabpfn,pooled,source_oof_platt,mar_age_sex_30,3,303.0,0.45874587458745875,0.8517283733988418,0.8208539498660086,0.5161630923039054,0.5113132306774338,0.16928779068768854,0.16701146224008273,0.768976897689769,0.7750701877522372,0.7712418300653595,0.7065868263473054,0.8489208633093526,0.7697841726618705,-0.4606084188551511,1.7580536543100733,0.1252435901383088
cleveland,tabpfn,pooled,source_oof_platt,mar_age_sex_30,4,303.0,0.45874587458745875,0.8598876995964204,0.7828232506438085,0.5106784107201102,0.5040392888908494,0.1658194536118224,0.16285417358861465,0.7755775577557755,0.7817160905422004,0.7777777777777778,0.7125748502994012,0.8561151079136691,0.7553956834532374,-0.5426574958438497,1.7611779317664316,0.13367318421847096
cleveland,tabpfn,pooled,source_oof_platt,mar_age_sex_30,5,303.0,0.45874587458745875,0.8240480786102825,0.8135855335151294,0.5380274638679811,0.5329264429468925,0.17932392401833144,0.17683706377228445,0.7227722772277227,0.729645551851202,0.7290322580645161,0.6608187134502924,0.8129496402877698,0.6690647482014388,-0.4383744639004305,1.4226982397353667,0.15782054318302663
cleveland,tabpfn,pooled,source_oof_platt,mar_age_sex_30,6,303.0,0.45874587458745875,0.8076855588699772,0.7578453387948945,0.5519063522201448,0.5465621014823778,0.18546839699982492,0.18297351845579227,0.7161716171617162,0.7235479908755922,0.7243589743589743,0.653179190751445,0.8129496402877698,0.7050359712230215,-0.4006545674365906,1.3895954689802008,0.1660570659157186
cleveland,tabpfn,pooled,source_oof_platt,mar_age_sex_30,7,303.0,0.45874587458745875,0.8349271802070538,0.7681245214739622,0.5328548613628374,0.5272969411401719,0.1751482988102551,0.1727465124585068,0.759075907590759,0.7631821372170556,0.7558528428093646,0.70625,0.8129496402877698,0.7482014388489209,-0.4226048300788746,1.504883255252482,0.15918135893877788
cleveland,tabpfn,pooled,source_oof_platt,mar_age_sex_30,8,303.0,0.45874587458745875,0.8161080891384452,0.7706725995317643,0.5411185671751169,0.5365610941948171,0.18058260590492384,0.1785193207098321,0.7392739273927392,0.744341112475873,0.7392739273927392,0.6829268292682927,0.8057553956834532,0.7050359712230215,-0.35850158021724365,1.3409811373946734,0.15863659517925194
cleveland,tabpfn,pooled,source_oof_platt,mar_age_sex_30,9,303.0,0.45874587458745875,0.8440515879978944,0.813539115239412,0.5227409602952605,0.5163014193383753,0.17267835280801405,0.1697859019330245,0.7392739273927392,0.7459861379189332,0.7443365695792881,0.6764705882352942,0.8273381294964028,0.7410071942446043,-0.522029095839578,1.6359561002370018,0.13381539052353073
cleveland,tabpfn,pooled,source_oof_platt,mcar_10,0,303.0,0.45874587458745875,0.8565537813651518,0.8286534562419114,0.5169890007736249,0.5120259375119767,0.1694704808765754,0.16719891277172116,0.759075907590759,0.7653755044744692,0.762214983713355,0.6964285714285714,0.841726618705036,0.7697841726618705,-0.486463068927334,1.8274945576379256,0.12460599276586684
cleveland,tabpfn,pooled,source_oof_platt,mcar_10,1,303.0,0.45874587458745875,0.8448412002105633,0.7932467907769003,0.527569717036993,0.5220924735754724,0.17340774517678964,0.17089976747207541,0.7623762376237624,0.768424284962274,0.7647058823529411,0.7005988023952096,0.841726618705036,0.8129496402877698,-0.4825434433362488,1.7259181283595224,0.1455431600642368
cleveland,tabpfn,pooled,source_oof_platt,mcar_10,2,303.0,0.45874587458745875,0.8394455167573259,0.8051503207267026,0.5295254963658549,0.5240293110987497,0.17499776962978497,0.17247677277853268,0.7392739273927392,0.7465344797332866,0.7459807073954984,0.6744186046511628,0.8345323741007195,0.7410071942446043,-0.4806107717606289,1.6630690363271279,0.1404364572761718
cleveland,tabpfn,pooled,source_oof_platt,mcar_10,3,303.0,0.45874587458745875,0.8539656080014036,0.8395854188897517,0.5114928297491681,0.506719263816447,0.16752679223377562,0.1653787775882677,0.7623762376237624,0.7662309177048605,0.7583892617449665,0.710691823899371,0.8129496402877698,0.7482014388489209,-0.46018292057639837,1.727586769249076,0.11795822374367884
cleveland,tabpfn,pooled,source_oof_platt,mcar_10,4,303.0,0.45874587458745875,0.8601070363221617,0.8163614018957309,0.5057751081331773,0.5015450763807472,0.16473150569023617,0.16275302416869464,0.7722772277227723,0.7792156518687489,0.7766990291262136,0.7058823529411765,0.8633093525179856,0.7769784172661871,-0.43627061628758224,1.8182684478655462,0.11589530956271143
cleveland,tabpfn,pooled,source_oof_platt,mcar_10,5,303.0,0.45874587458745875,0.8519915774697315,0.798395566200903,0.5169402839187627,0.5120604950512918,0.16922898203119136,0.16701242687725293,0.7326732673267327,0.73934023512897,0.7378640776699029,0.6705882352941176,0.8201438848920863,0.7697841726618705,-0.45110883908814897,1.6827932268405181,0.13420652249603016
cleveland,tabpfn,pooled,source_oof_platt,mcar_10,6,303.0,0.45874587458745875,0.8447534655202668,0.793416095121639,0.5245736866159068,0.5205336352662647,0.17206266166098413,0.17020647716574386,0.7557755775577558,0.7623267239866643,0.7597402597402597,0.6923076923076923,0.841726618705036,0.7697841726618705,-0.39607958705121193,1.6587164926672968,0.14408514468321562
cleveland,tabpfn,pooled,source_oof_platt,mcar_10,7,303.0,0.45874587458745875,0.8613353219863134,0.8518053692034746,0.5088956996204204,0.5040343565298169,0.16672505266677742,0.16442939149787306,0.7623762376237624,0.7678759431479207,0.7631578947368421,0.703030303030303,0.8345323741007195,0.7553956834532374,-0.5043838609369368,1.886783562375135,0.10709234223217433
cleveland,tabpfn,pooled,source_oof_platt,mcar_10,8,303.0,0.45874587458745875,0.8313300579048954,0.779342280840178,0.538009391323339,0.5328865321902273,0.1781473360159482,0.17583611118969963,0.7491749174917491,0.754035795753641,0.7483443708609272,0.6932515337423313,0.8129496402877698,0.762589928057554,-0.4389486029578961,1.5745007543305596,0.1547762152791351
cleveland,tabpfn,pooled,source_oof_platt,mcar_10,9,303.0,0.45874587458745875,0.8456308124232321,0.7880627704888814,0.5185404140873175,0.514407121498261,0.16952549159089725,0.16765246185232202,0.7656765676567657,0.771473065450079,0.7672131147540984,0.7048192771084337,0.841726618705036,0.762589928057554,-0.3850488976814945,1.6478078169904908,0.13642223214899146
cleveland,tabpfn,pooled,source_oof_platt,mcar_30,0,303.0,0.45874587458745875,0.8135637831198456,0.7791055632546495,0.5765727161358006,0.5662749068308897,0.19625435041991166,0.1914411762581876,0.66996699669967,0.6836067731180909,0.7023809523809523,0.5989847715736041,0.8489208633093526,0.7194244604316546,-0.6624936910034366,1.4416923207641659,0.1925451436763133
cleveland,tabpfn,pooled,source_oof_platt,mcar_30,1,303.0,0.45874587458745875,0.8111072117915423,0.7936324188264756,0.5697806095681082,0.5584760079993123,0.1943645817111415,0.18920112995639574,0.693069306930693,0.7071416037901386,0.7240356083086054,0.6161616161616161,0.8776978417266187,0.6402877697841727,-0.7208180384084723,1.5088407253407998,0.17716356915550435
cleveland,tabpfn,pooled,source_oof_platt,mcar_30,2,303.0,0.45874587458745875,0.7956659062993507,0.7209652048268423,0.5919769369626317,0.5762557371453142,0.20263570926029603,0.19559848442757322,0.66996699669967,0.6868968240042113,0.7126436781609196,0.5933014354066986,0.8920863309352518,0.5683453237410072,-0.8566694075818597,1.4865902963231519,0.21762820453824225
cleveland,tabpfn,pooled,source_oof_platt,mcar_30,3,303.0,0.45874587458745875,0.8120722933848044,0.79959582437262,0.5783207683013287,0.566573316685064,0.19794586489675128,0.19260361308421037,0.6897689768976898,0.7046411651166872,0.7235294117647059,0.6119402985074627,0.8848920863309353,0.6618705035971223,-0.7772769662044615,1.6037019405048925,0.1843665288417855
cleveland,tabpfn,pooled,source_oof_platt,mcar_30,4,303.0,0.45874587458745875,0.7948324267415335,0.7555681873545393,0.5871424105728296,0.5745859169216818,0.20140087660886832,0.1957965395371401,0.6732673267326733,0.6850105281628356,0.6990881458966566,0.6052631578947368,0.8273381294964028,0.6618705035971223,-0.7278476516481782,1.474228530140512,0.20201617785304615
cleveland,tabpfn,pooled,source_oof_platt,mcar_30,5,303.0,0.45874587458745875,0.7832953149675381,0.7405751279152978,0.5946054554711949,0.582338211983304,0.20413512824304925,0.1986266893637591,0.7029702970297029,0.7162879452535533,0.7305389221556886,0.6256410256410256,0.8776978417266187,0.6330935251798561,-0.6649543097365314,1.3532627793034533,0.21680899832402845
cleveland,tabpfn,pooled,source_oof_platt,mcar_30,6,303.0,0.45874587458745875,0.8007106509914019,0.7732504306621273,0.5925477540942866,0.5785116730585502,0.2045327243492965,0.19814093321484752,0.6831683168316832,0.697995262326724,0.7176470588235294,0.6069651741293532,0.8776978417266187,0.6618705035971223,-0.8093009901421605,1.4465121245453316,0.20452333366538128
cleveland,tabpfn,pooled,source_oof_platt,mcar_30,7,303.0,0.45874587458745875,0.8229513949815757,0.7907467273731064,0.5707159594494644,0.557423946117504,0.19410848757140717,0.18805548531617788,0.7161716171617162,0.7323214599052466,0.75,0.6292682926829268,0.9280575539568345,0.6330935251798561,-0.8886434647022505,1.7019986147518067,0.18107214945728675
cleveland,tabpfn,pooled,source_oof_platt,mcar_30,8,303.0,0.45874587458745875,0.7818038252324969,0.7544263651670459,0.5980830295500474,0.5862412531350457,0.2061766678148077,0.20089354819650546,0.6600660066006601,0.6733637480259695,0.6925373134328359,0.5918367346938775,0.8345323741007195,0.6402877697841727,-0.6440685144808553,1.3041608253740615,0.2162972429029571
cleveland,tabpfn,pooled,source_oof_platt,mcar_30,9,303.0,0.45874587458745875,0.7741270398315494,0.742381026064312,0.6126310244469163,0.5984684302735299,0.21263353568134927,0.20624697315503449,0.6666666666666666,0.6827513598876995,0.7072463768115942,0.5922330097087378,0.8776978417266187,0.5755395683453237,-0.7057049432862798,1.2491350117652897,0.23221806139546447
cleveland,tabpfn,pooled,source_oof_platt,mcar_50,0,303.0,0.45874587458745875,0.7385067555711528,0.6813440284904442,0.666576983775818,0.644899381669399,0.2364698531213304,0.22676334266874904,0.6039603960396039,0.6275662396911739,0.679144385026738,0.5404255319148936,0.9136690647482014,0.5539568345323741,-0.9126620184068407,1.2180128487056185,0.30284795202026266
cleveland,tabpfn,pooled,source_oof_platt,mcar_50,1,303.0,0.45874587458745875,0.7140726443235654,0.6744795110028368,0.6756837692513916,0.6534674007489709,0.24084389458098412,0.23089435462913593,0.6105610561056105,0.6331154588524303,0.6810810810810811,0.5454545454545454,0.9064748201438849,0.460431654676259,-0.8057385335450455,1.0419254851259927,0.29284579547455847
cleveland,tabpfn,pooled,source_oof_platt,mcar_50,2,303.0,0.45874587458745875,0.7097736444990348,0.6412474416167847,0.671946674885542,0.6520714905674085,0.23742557783310983,0.22860513644860803,0.6039603960396039,0.6259212142481136,0.6739130434782609,0.5414847161572053,0.8920863309352518,0.4892086330935252,-0.7132430897661924,1.0121099596132288,0.3222252855823886
cleveland,tabpfn,pooled,source_oof_platt,mcar_50,3,303.0,0.45874587458745875,0.7683804176171258,0.7455480709365239,0.6487759228228089,0.6261228303394706,0.2297607791782844,0.21962606416535124,0.5973597359735974,0.6203719950868574,0.6720430107526881,0.5364806866952789,0.8992805755395683,0.5611510791366906,-1.1244848508534293,1.4471125149501785,0.26126793002948956
cleveland,tabpfn,pooled,source_oof_platt,mcar_50,4,303.0,0.45874587458745875,0.7485085102649589,0.7193957383239632,0.6640425592591553,0.6403223848214875,0.23569470455949304,0.2251213220734341,0.6138613861386139,0.6378092647832954,0.688,0.5466101694915254,0.9280575539568345,0.5179856115107914,-1.08193636866648,1.3547463021808142,0.28477645835866644
cleveland,tabpfn,pooled,source_oof_platt,mcar_50,5,303.0,0.45874587458745875,0.7259168275135989,0.6546999237736751,0.6657722306554843,0.644485633467536,0.23556159850021718,0.22595179222728398,0.6171617161716172,0.641954728899807,0.6931216931216931,0.5481171548117155,0.9424460431654677,0.5107913669064749,-0.8912990629633145,1.2416373575228452,0.3110094422983315
cleveland,tabpfn,pooled,source_oof_platt,mcar_50,6,303.0,0.45874587458745875,0.7260703632216178,0.697600271725922,0.6768814223085923,0.6541468872921803,0.24161643929461676,0.23157091117942288,0.5676567656765676,0.5907396034391998,0.6487935656836461,0.5170940170940171,0.8705035971223022,0.4748201438848921,-0.8535054255883441,1.0623195351173174,0.29297601338659923
cleveland,tabpfn,pooled,source_oof_platt,mcar_50,7,303.0,0.45874587458745875,0.7060010528162834,0.6783024570433873,0.6948745901274322,0.6735229988414384,0.24925239365954976,0.2397629427652156,0.5742574257425742,0.5968371644148096,0.6522911051212938,0.521551724137931,0.8705035971223022,0.49640287769784175,-0.7112799789148904,0.8974083826717728,0.323158589498696
cleveland,tabpfn,pooled,source_oof_platt,mcar_50,8,303.0,0.45874587458745875,0.7282417968064572,0.6817241417137068,0.6809478621064916,0.6566303525275035,0.24331111643374526,0.2324214036577894,0.594059405940594,0.6206132654851728,0.6805194805194805,0.532520325203252,0.9424460431654677,0.4676258992805755,-0.9978738036649797,1.222859723654572,0.30846836752067364
cleveland,tabpfn,pooled,source_oof_platt,mcar_50,9,303.0,0.45874587458745875,0.7313125109668364,0.6809950562345845,0.6622671494531156,0.6412845997307356,0.23409711169184066,0.22472075293312685,0.6270627062706271,0.6483593612914547,0.6904109589041096,0.5575221238938053,0.9064748201438849,0.460431654676259,-0.8535216302679111,1.173504344249113,0.29697080066626025
cleveland,tabpfn,pooled,source_oof_platt,natural,0,303.0,0.45874587458745875,0.882260045622039,0.8665234698928204,0.4821982237176195,0.48148111955498984,0.153663995391743,0.15322600692942198,0.7953795379537953,0.7972670643972627,0.7862068965517242,0.7549668874172185,0.8201438848920863,0.8129496402877698,-0.2634061977319286,2.033727435786902,0.09112612699541961
hungary,ebm,site_class_balanced,raw,drop_advanced,0,294.0,0.36054421768707484,0.8995383380168609,0.8308393742498232,0.41757588078201324,0.4565028344394694,0.1283959061406123,0.14466704453576157,0.8231292517006803,0.7876354877559213,0.7291666666666666,0.813953488372093,0.660377358490566,0.8301886792452831,0.21699334511170762,1.7183289005625435,0.06822304277510916
hungary,ebm,site_class_balanced,raw,drop_exercise,0,294.0,0.36054421768707484,0.8503111200321157,0.7440737290210251,0.4992609330092315,0.5805368650133292,0.16455928519380816,0.19988121013898857,0.717687074829932,0.6290646326776395,0.4429530201342282,0.7674418604651163,0.3113207547169811,0.7830188679245284,0.9316326294504438,2.0164263363667057,0.12160127610600135
hungary,ebm,site_class_balanced,raw,drop_routine,0,294.0,0.36054421768707484,0.9039040545965475,0.8414768313698268,0.7165137176447103,0.5932989072310813,0.2557291993562608,0.20657994453144457,0.5374149659863946,0.6341830590124449,0.6046511627906976,0.4369747899159664,0.9811320754716981,0.839622641509434,-2.9001332303868006,1.783046517005894,0.2875193472723667
hungary,ebm,site_class_balanced,raw,empirical_source,0,294.0,0.36054421768707484,0.8971296668004817,0.8355374490419738,0.4190358683167689,0.45313789629243906,0.12822792691052717,0.1424513325234732,0.8367346938775511,0.8085608189482135,0.7575757575757576,0.8152173913043478,0.7075471698113207,0.8301886792452831,0.10761068129939451,1.732815927371668,0.06944553815639018
hungary,ebm,site_class_balanced,raw,empirical_source,1,294.0,0.36054421768707484,0.891459253311923,0.8117252446413612,0.4269185643087996,0.4595840532319811,0.13185713243293734,0.14542298546733334,0.8231292517006803,0.7958651144118827,0.74,0.7872340425531915,0.6981132075471698,0.839622641509434,0.06843323337193326,1.702741627596499,0.0749991252984166
hungary,ebm,site_class_balanced,raw,empirical_source,2,294.0,0.36054421768707484,0.9030509835407466,0.8300118305583547,0.4133872540848972,0.4418149000002848,0.1256460299961756,0.13737407284416506,0.8299319727891157,0.8094138900040144,0.7572815533980582,0.78,0.7358490566037735,0.8679245283018868,0.02881433103574809,1.7713475099431915,0.06627637940330065
hungary,ebm,site_class_balanced,raw,empirical_source,3,294.0,0.36054421768707484,0.8938679245283019,0.8058656115948487,0.4261127081912723,0.4610586285176211,0.1315006020517845,0.1462529481092606,0.8163265306122449,0.7864311521477318,0.7272727272727273,0.782608695652174,0.6792452830188679,0.8301886792452831,0.12777700227372302,1.6786810455229442,0.0784579470472907
hungary,ebm,site_class_balanced,raw,empirical_source,4,294.0,0.36054421768707484,0.884684865515857,0.8048328755683872,0.4349161162412016,0.4707833448858798,0.13531322398269444,0.1504049451631131,0.8163265306122449,0.7864311521477318,0.7272727272727273,0.782608695652174,0.6792452830188679,0.8018867924528302,0.08615606893779794,1.6338371065326573,0.07957754221781338
hungary,ebm,site_class_balanced,raw,empirical_source,5,294.0,0.36054421768707484,0.8937173825772783,0.8163352987260205,0.4262855314596891,0.46070370379033854,0.13148146238882788,0.1459214882475842,0.826530612244898,0.8005820955439582,0.746268656716418,0.7894736842105263,0.7075471698113207,0.8207547169811321,0.11360301277883382,1.7592513406500367,0.07501156274585591
hungary,ebm,site_class_balanced,raw,empirical_source,6,294.0,0.36054421768707484,0.8928141308711361,0.8241923715240305,0.4282652667944887,0.46030076958784605,0.13232768973356138,0.1456182562147088,0.8197278911564626,0.7932055399437976,0.736318407960199,0.7789473684210526,0.6981132075471698,0.8207547169811321,0.04388977317087369,1.697868835814853,0.07410996038651274
hungary,ebm,site_class_balanced,raw,empirical_source,7,294.0,0.36054421768707484,0.8961260537936572,0.8301293175517059,0.4173877415410613,0.44714472852864157,0.12776291664973743,0.1401448317075092,0.8299319727891157,0.8052990766760337,0.7524752475247525,0.7916666666666666,0.7169811320754716,0.8018867924528302,0.03563415554886581,1.7282873121837312,0.07095460016550506
hungary,ebm,site_class_balanced,raw,empirical_source,8,294.0,0.36054421768707484,0.9025491770373344,0.8546928317721871,0.4129977970557019,0.44825966424146557,0.1260071232747151,0.14075283274010242,0.8299319727891157,0.7970694500200722,0.7422680412371134,0.8181818181818182,0.6792452830188679,0.8113207547169812,0.1635521524319496,1.8454378378804037,0.06098062100454261
hungary,ebm,site_class_balanced,raw,empirical_source,9,294.0,0.36054421768707484,0.9022480931352871,0.8345142587557044,0.41625203860656323,0.44592785350740466,0.12701612841208232,0.13945709122391678,0.8435374149659864,0.8200521878763549,0.7722772277227723,0.8125,0.7358490566037735,0.8584905660377359,0.04999437616993575,1.7562714511738642,0.06666868683684748
hungary,ebm,site_class_balanced,raw,mar_age_sex_30,0,294.0,0.36054421768707484,0.8642111601766359,0.7652405083070646,0.46789055209343344,0.47926955565086793,0.14989822060984953,0.15520085088720265,0.7891156462585034,0.7795564030509835,0.7181818181818181,0.6929824561403509,0.7452830188679245,0.7547169811320755,-0.3592547411758888,1.3055001991737964,0.1070712416445963
hungary,ebm,site_class_balanced,raw,mar_age_sex_30,1,294.0,0.36054421768707484,0.8601465274989963,0.7350137735444253,0.4786598360075158,0.48855403558381,0.15322302032203364,0.15746156953005458,0.7993197278911565,0.7957647531112003,0.7377777777777778,0.6974789915966386,0.7830188679245284,0.7830188679245284,-0.37620162906661897,1.38887807795013,0.11390440315016263
hungary,ebm,site_class_balanced,raw,mar_age_sex_30,2,294.0,0.36054421768707484,0.8588418305901244,0.7377009017901327,0.4818816072366619,0.49281245912992966,0.15477095242862712,0.15993973937059586,0.8129251700680272,0.8084604576475312,0.7533632286995515,0.717948717948718,0.7924528301886793,0.8018867924528302,-0.35226280932045373,1.2222489211284793,0.1211755555821056
hungary,ebm,site_class_balanced,raw,mar_age_sex_30,3,294.0,0.36054421768707484,0.8656663990365314,0.7655053527663502,0.4625633004008945,0.47194392529268675,0.1474277584430459,0.15146717134845267,0.7993197278911565,0.7957647531112003,0.7377777777777778,0.6974789915966386,0.7830188679245284,0.7830188679245284,-0.3948986237795168,1.4075706041196832,0.10290601481318792
hungary,ebm,site_class_balanced,raw,mar_age_sex_30,4,294.0,0.36054421768707484,0.8544259333600964,0.765134032664309,0.47377689726577493,0.4815726450964334,0.15268408198531128,0.15620226023694173,0.7925170068027211,0.7904456041750301,0.7312775330396476,0.6859504132231405,0.7830188679245284,0.7641509433962265,-0.4506399074224225,1.2698640434899366,0.11198534975146912
hungary,ebm,site_class_balanced,raw,mar_age_sex_30,5,294.0,0.36054421768707484,0.8694801284624649,0.7793018041731816,0.4718336136833534,0.4834971720533633,0.15121913354076427,0.15605620899226053,0.7959183673469388,0.7910477719791249,0.7321428571428571,0.6949152542372882,0.7735849056603774,0.7924528301886793,-0.3894264901002565,1.5059786007882796,0.10823411228893655
hungary,ebm,site_class_balanced,raw,mar_age_sex_30,6,294.0,0.36054421768707484,0.858741469289442,0.7689742667245212,0.4682956964007971,0.4818797941778608,0.15061181274747326,0.15675040576459676,0.7653061224489796,0.756824568446407,0.6905829596412556,0.6581196581196581,0.7264150943396226,0.7169811320754716,-0.3689850084800899,1.2806634400394517,0.10627495039142769
hungary,ebm,site_class_balanced,raw,mar_age_sex_30,7,294.0,0.36054421768707484,0.8349558410276997,0.7171270119238421,0.49915792759543615,0.5057623862464445,0.16302456230191106,0.16612780156736573,0.7482993197278912,0.7455841027699719,0.6782608695652174,0.6290322580645161,0.7358490566037735,0.660377358490566,-0.46206296579174494,1.143544471509094,0.13362690264319377
hungary,ebm,site_class_balanced,raw,mar_age_sex_30,8,294.0,0.36054421768707484,0.8536732236049779,0.7398694691974494,0.48311048713990545,0.48486772528801675,0.15578452916902166,0.1570766909020611,0.7789115646258503,0.7798073063026897,0.7186147186147186,0.664,0.7830188679245284,0.7547169811320755,-0.4830782546228947,1.1864544860625768,0.1269610913462874
hungary,ebm,site_class_balanced,raw,mar_age_sex_30,9,294.0,0.36054421768707484,0.8350060216780409,0.7355681466572184,0.5029937889817576,0.5069918776125373,0.16524720282268754,0.16729278955746343,0.7789115646258503,0.7777498996386993,0.7161572052401747,0.6666666666666666,0.7735849056603774,0.7169811320754716,-0.5007920561717547,1.1198997989460973,0.12732451364425484
hungary,ebm,site_class_balanced,raw,mcar_10,0,294.0,0.36054421768707484,0.865315134484143,0.7440900392366246,0.4633971353632146,0.47584678086783916,0.14666920357357738,0.1518495562026671,0.8163265306122449,0.8049478121236451,0.75,0.7363636363636363,0.7641509433962265,0.8113207547169812,-0.34811953505241483,1.4020455272328791,0.10991750011397963
hungary,ebm,site_class_balanced,raw,mcar_10,1,294.0,0.36054421768707484,0.872591328783621,0.7975520728351178,0.45483291126520886,0.4694417609823096,0.1450603435817816,0.15085999174352097,0.7993197278911565,0.7916499397832196,0.7330316742081447,0.7043478260869566,0.7641509433962265,0.8018867924528302,-0.3469238346612531,1.4548769568088609,0.085826815320363
hungary,ebm,site_class_balanced,raw,mcar_10,2,294.0,0.36054421768707484,0.8592432757928543,0.7435628726448225,0.4748171444246123,0.4890280983998261,0.1512831228618095,0.15743204754707388,0.7959183673469388,0.7807607386591731,0.719626168224299,0.7129629629629629,0.7264150943396226,0.7830188679245284,-0.3175326313060023,1.4476067191663076,0.11484473859590923
hungary,ebm,site_class_balanced,raw,mcar_10,3,294.0,0.36054421768707484,0.8645624247290244,0.7715248259085321,0.45980658444001443,0.4785877559055609,0.14631118529513512,0.15399540783762555,0.8095238095238095,0.7955138498594941,0.7383177570093458,0.7314814814814815,0.7452830188679245,0.8018867924528302,-0.28302962366301615,1.399258865103409,0.09341767319911343
hungary,ebm,site_class_balanced,raw,mcar_10,4,294.0,0.36054421768707484,0.8559313528703332,0.7459896711561671,0.4761550252475439,0.4859273382373661,0.15263276283735513,0.15668927249242276,0.7993197278911565,0.7875351264552388,0.728110599078341,0.7117117117117117,0.7452830188679245,0.8018867924528302,-0.3958704898881298,1.3629865552415503,0.11012219760461281
hungary,ebm,site_class_balanced,raw,mcar_10,5,294.0,0.36054421768707484,0.8808209554395825,0.7778457350053877,0.4473471907583006,0.4578063251134371,0.1400035769886823,0.14452278188802375,0.8231292517006803,0.8102669610598154,0.7570093457943925,0.75,0.7641509433962265,0.8113207547169812,-0.358923655457701,1.5188292977939115,0.09162692705908679
hungary,ebm,site_class_balanced,raw,mcar_10,6,294.0,0.36054421768707484,0.8690285026093938,0.76781198256715,0.46266391047081984,0.47585851132719237,0.14669131326665658,0.1524448296715511,0.7959183673469388,0.7848755519871538,0.7247706422018348,0.7053571428571429,0.7452830188679245,0.7924528301886793,-0.33544947296811284,1.4689591204216175,0.10900932403271857
hungary,ebm,site_class_balanced,raw,mcar_10,7,294.0,0.36054421768707484,0.8567844239261342,0.7612178966574555,0.4745986754043612,0.4866629296916607,0.15272801770946512,0.157935994664155,0.7993197278911565,0.7854777197912485,0.7255813953488373,0.7155963302752294,0.7358490566037735,0.7547169811320755,-0.3710346191718144,1.4243032577537573,0.10113116697956155
hungary,ebm,site_class_balanced,raw,mcar_10,8,294.0,0.36054421768707484,0.8722400642312325,0.7762274293649222,0.45846956305615455,0.475933324569883,0.14464746577721657,0.15161556312646512,0.8095238095238095,0.7975712565234846,0.7407407407407407,0.7272727272727273,0.7547169811320755,0.7924528301886793,-0.28544899938928747,1.5428987661274727,0.10393523223552077
hungary,ebm,site_class_balanced,raw,mcar_10,9,294.0,0.36054421768707484,0.8527197912484946,0.7440297072415711,0.47902202079199646,0.4901787717965516,0.15413494386404783,0.15890624084649968,0.7891156462585034,0.7733841830590125,0.7102803738317757,0.7037037037037037,0.7169811320754716,0.7547169811320755,-0.38027921246021834,1.4533656389795042,0.11045761397445007
hungary,ebm,site_class_balanced,raw,mcar_30,0,294.0,0.36054421768707484,0.7558711360899238,0.6737525109114588,0.6188931862061647,0.5880308613025338,0.21616962172241835,0.20324161196377458,0.6598639455782312,0.6846647932557206,0.6212121212121212,0.5189873417721519,0.7735849056603774,0.5471698113207547,-0.8404769235287763,0.9071798610325222,0.22192319176646005
hungary,ebm,site_class_balanced,raw,mcar_30,1,294.0,0.36054421768707484,0.8202027298273785,0.7109463969049228,0.558751796088921,0.5320448674012446,0.18757630129385833,0.17686381226492137,0.7244897959183674,0.7475411481332799,0.6848249027237354,0.5827814569536424,0.8301886792452831,0.7075471698113207,-0.8593487883029555,1.15254946575315,0.18159494837653567
hungary,ebm,site_class_balanced,raw,mcar_30,2,294.0,0.36054421768707484,0.8331493376154154,0.7224147832247048,0.5412046339597262,0.5107913279533951,0.18136394655254054,0.16866180384900822,0.7278911564625851,0.7522581292653553,0.689922480620155,0.5855263157894737,0.839622641509434,0.6886792452830188,-0.9367228823867827,1.3254003638549634,0.16038204113288534
hungary,ebm,site_class_balanced,raw,mcar_30,3,294.0,0.36054421768707484,0.7989261340826977,0.698661147524986,0.562947808977491,0.5402364019956627,0.1908060267956145,0.18188256591001867,0.7006802721088435,0.7104074668807707,0.6422764227642277,0.5642857142857143,0.7452830188679245,0.660377358490566,-0.8109399224430597,1.0892522383482215,0.17794811889723833
hungary,ebm,site_class_balanced,raw,mcar_30,4,294.0,0.36054421768707484,0.7940084303492573,0.6677849081877624,0.5766150446644728,0.5537747879238089,0.196179567197689,0.18661723170220257,0.7346938775510204,0.7555198715375351,0.6929133858267716,0.5945945945945946,0.8301886792452831,0.6320754716981132,-0.7797303494150859,1.1042415405196617,0.19091275844870148
hungary,ebm,site_class_balanced,raw,mcar_30,5,294.0,0.36054421768707484,0.7923524688879969,0.6782581920497921,0.5860338741651601,0.5581390502916149,0.1988589359780861,0.18741200496232086,0.7006802721088435,0.722751906864713,0.6589147286821705,0.5592105263157895,0.8018867924528302,0.660377358490566,-0.8468068745671593,1.0598983113717204,0.20805525114304266
hungary,ebm,site_class_balanced,raw,mcar_30,6,294.0,0.36054421768707484,0.7785026093938178,0.6691260116568618,0.6008853967952827,0.5691371176978441,0.20634762748203686,0.1935936019352879,0.6938775510204082,0.7174327579285428,0.6538461538461539,0.551948051948052,0.8018867924528302,0.5660377358490566,-0.8556767695294032,0.991645442082681,0.2151658723196554
hungary,ebm,site_class_balanced,raw,mcar_30,7,294.0,0.36054421768707484,0.7960156563629066,0.6776130748645429,0.5839182389880682,0.5534454877820091,0.19953319993688287,0.18677691329908283,0.6836734693877551,0.7053392211963068,0.640926640926641,0.5424836601307189,0.7830188679245284,0.6320754716981132,-0.8865347871757676,1.1491246303521867,0.20077327208219883
hungary,ebm,site_class_balanced,raw,mcar_30,8,294.0,0.36054421768707484,0.7824167001204336,0.6666705084027115,0.5796075052871786,0.5599190999457281,0.19732470841976468,0.18968740936052042,0.7108843537414966,0.7142713769570453,0.6443514644351465,0.5789473684210527,0.7264150943396226,0.6132075471698113,-0.7372462690104631,0.9890170485303129,0.19634737706259592
hungary,ebm,site_class_balanced,raw,mcar_30,9,294.0,0.36054421768707484,0.7835708550782818,0.6719588073785274,0.5764996251957701,0.5610934348132376,0.19610217797803434,0.1899794135701262,0.6938775510204082,0.7050883179446006,0.6370967741935484,0.5563380281690141,0.7452830188679245,0.5754716981132075,-0.7053559156378476,1.0125077846879993,0.19249075185446646
hungary,ebm,site_class_balanced,raw,mcar_50,0,294.0,0.36054421768707484,0.6930951425130469,0.5801747763772549,0.731241685402609,0.6648873738375196,0.2610830679821346,0.2335072148283771,0.5884353741496599,0.6452729827378563,0.5980066445182725,0.46153846153846156,0.8490566037735849,0.3490566037735849,-0.9669938618618186,0.7052327416317743,0.3550615478404495
hungary,ebm,site_class_balanced,raw,mcar_50,1,294.0,0.36054421768707484,0.7565736651947009,0.6595748064657435,0.6938244442620146,0.627217533058342,0.2467810119769195,0.2185108475537095,0.5986394557823129,0.6594239261340827,0.6118421052631579,0.4696969696969697,0.8773584905660378,0.46226415094339623,-1.1615012175773638,0.9793680750790741,0.3038645916856174
hungary,ebm,site_class_balanced,raw,mcar_50,2,294.0,0.36054421768707484,0.7114110798875953,0.5811882359091379,0.7247677421588736,0.6550470806801241,0.2558718144189784,0.2275781614584611,0.5986394557823129,0.6594239261340827,0.6118421052631579,0.4696969696969697,0.8773584905660378,0.3490566037735849,-0.991699050898801,0.7310873383044497,0.34907585137127806
hungary,ebm,site_class_balanced,raw,mcar_50,3,294.0,0.36054421768707484,0.7222751906864713,0.648950312171139,0.7491604923933489,0.6655811689606237,0.2713451370024579,0.23597551265837075,0.5374149659863946,0.6115515857085508,0.577639751552795,0.4305555555555556,0.8773584905660378,0.4528301886792453,-1.2387694892806453,0.8912005680494253,0.34861931397269363
hungary,ebm,site_class_balanced,raw,mcar_50,4,294.0,0.36054421768707484,0.7389100762745885,0.6122905120846206,0.7376315091644137,0.6583955589852195,0.2620477264943105,0.22951174843537706,0.6190476190476191,0.6794961862705741,0.6291390728476821,0.4846938775510204,0.8962264150943396,0.4716981132075472,-1.113372682345478,0.7986954463271557,0.3431613866173118
hungary,ebm,site_class_balanced,raw,mcar_50,5,294.0,0.36054421768707484,0.699468085106383,0.5832180750511309,0.759944988299865,0.6774232868322373,0.27311158908073807,0.2388076436960655,0.5476190476190477,0.6113006824568447,0.572347266881029,0.43414634146341463,0.839622641509434,0.41509433962264153,-1.1066448156989435,0.7599872928057958,0.376278250262467
hungary,ebm,site_class_balanced,raw,mcar_50,6,294.0,0.36054421768707484,0.698238659173023,0.5640716322959021,0.7374662394014179,0.6714346314943616,0.261163592867605,0.2342184239907798,0.5986394557823129,0.6511942994781212,0.6013513513513513,0.46842105263157896,0.839622641509434,0.33962264150943394,-0.9410680739453281,0.66224614459174,0.3622780766740043
hungary,ebm,site_class_balanced,raw,mcar_50,7,294.0,0.36054421768707484,0.7395122440786832,0.6263071410914074,0.7260103080180871,0.6475692422583235,0.2587496688296062,0.22591103289639003,0.5680272108843537,0.6396025692492975,0.5993690851735016,0.45023696682464454,0.8962264150943396,0.4528301886792453,-1.1919301793412074,0.8840213795139941,0.33678074323883833
hungary,ebm,site_class_balanced,raw,mcar_50,8,294.0,0.36054421768707484,0.7393867924528302,0.631443513670874,0.7218020484771747,0.6458127701374722,0.2567401651931774,0.22526693709155307,0.5816326530612245,0.6481834604576475,0.6045016077170418,0.4585365853658537,0.8867924528301887,0.4339622641509434,-1.1423630723633866,0.8415537610554229,0.33312814294622894
hungary,ebm,site_class_balanced,raw,mcar_50,9,294.0,0.36054421768707484,0.7051384985949417,0.6087311475585375,0.7247571610204122,0.6615712942185518,0.25883487488229007,0.23273819706529392,0.5714285714285714,0.6299177037334405,0.5855263157894737,0.4494949494949495,0.839622641509434,0.4056603773584906,-0.9568222452982602,0.7116355014773852,0.3306987015385243
hungary,ebm,site_class_balanced,raw,natural,0,294.0,0.36054421768707484,0.9030008028904054,0.8382918054582231,0.4109078753672007,0.44096032592161216,0.1252502160000156,0.13753626244703632,0.8367346938775511,0.8126756322761943,0.7623762376237624,0.8020833333333334,0.7264150943396226,0.8207547169811321,0.038900725697438035,1.730004658710788,0.06476300977831964
hungary,ebm,site_class_balanced,source_oof_platt,drop_advanced,0,294.0,0.36054421768707484,0.8996386993175431,0.8303022885713816,0.5694279429688001,0.6082811447494311,0.18990741584677914,0.2088221123420051,0.7857142857142857,0.7172320353271778,0.6134969325153374,0.8771929824561403,0.4716981132075472,0.8301886792452831,1.5817820368770803,6.6421640032543,0.09349196612982
hungary,ebm,site_class_balanced,source_oof_platt,drop_exercise,0,294.0,0.36054421768707484,0.8510136491368928,0.7461185987217298,0.6007489481975371,0.6534522381495248,0.20533760421619354,0.23112473506891063,0.6496598639455783,0.5141509433962265,0.05504587155963303,1.0,0.02830188679245283,0.7830188679245284,2.555237759281866,7.816111097134754,0.13956715064845282
hungary,ebm,site_class_balanced,source_oof_platt,drop_routine,0,294.0,0.36054421768707484,0.9037033319951827,0.8414320919825669,0.6149236398636088,0.5977735053592521,0.2114163420602225,0.20305980867764634,0.7857142857142857,0.8118727418707347,0.7529411764705882,0.6442953020134228,0.9056603773584906,0.839622641509434,-1.4744339066111405,6.849421905293644,0.1391310529486067
hungary,ebm,site_class_balanced,source_oof_platt,empirical_source,0,294.0,0.36054421768707484,0.8972802087515054,0.8363001163933313,0.5704451333684869,0.607481345229608,0.19029864764306442,0.20833587048676488,0.7891156462585034,0.719891609795263,0.6172839506172839,0.8928571428571429,0.4716981132075472,0.839622641509434,1.4847930269849936,6.690798673005446,0.09322054225351753
hungary,ebm,site_class_balanced,source_oof_platt,empirical_source,1,294.0,0.36054421768707484,0.8915596146126054,0.8131083609251585,0.5730978882735901,0.6100660670821285,0.19161883046860465,0.2096317199490563,0.7789115646258503,0.7077980730630269,0.5962732919254659,0.8727272727272727,0.4528301886792453,0.839622641509434,1.4230831032430487,6.575713155489629,0.09786152006725146
hungary,ebm,site_class_balanced,source_oof_platt,empirical_source,2,294.0,0.36054421768707484,0.9033520674427941,0.8306955930277278,0.5690939578580317,0.6046677292763887,0.18962388841666772,0.20695238875276328,0.8061224489795918,0.7455339221196307,0.6627218934911243,0.8888888888888888,0.5283018867924528,0.8679245283018868,1.439368714554749,6.845774623175955,0.08874308045692254
hungary,ebm,site_class_balanced,source_oof_platt,empirical_source,3,294.0,0.36054421768707484,0.8941690084303493,0.8099807357968575,0.5724194581812364,0.6100356666239102,0.1913011375314819,0.20962947230197254,0.782312925170068,0.7145724608590928,0.6097560975609756,0.8620689655172413,0.4716981132075472,0.839622641509434,1.4640645417073455,6.486023040776526,0.09813869778873281
hungary,ebm,site_class_balanced,source_oof_platt,empirical_source,4,294.0,0.36054421768707484,0.884684865515857,0.805994913795821,0.57535299435548,0.6130012721532927,0.19268946706215478,0.21103628903256022,0.7789115646258503,0.7077980730630269,0.5962732919254659,0.8727272727272727,0.4528301886792453,0.8018867924528302,1.386171893068153,6.308073839818657,0.10154616110327526
hungary,ebm,site_class_balanced,source_oof_platt,empirical_source,5,294.0,0.36054421768707484,0.8937173825772783,0.816587472551138,0.5736608822336947,0.6110334214220723,0.19186940786015852,0.21008771040201712,0.782312925170068,0.7084002408671217,0.5949367088607594,0.9038461538461539,0.44339622641509435,0.8207547169811321,1.5155660083497564,6.79945029498975,0.09930542460544986
hungary,ebm,site_class_balanced,source_oof_platt,empirical_source,6,294.0,0.36054421768707484,0.8930148534725009,0.8230786364675621,0.5736495075053962,0.6103428504384091,0.19186453325085967,0.20974249089980018,0.782312925170068,0.7145724608590928,0.6097560975609756,0.8620689655172413,0.4716981132075472,0.8207547169811321,1.3952016175720572,6.558942356619331,0.0985289747929831
hungary,ebm,site_class_balanced,source_oof_platt,empirical_source,7,294.0,0.36054421768707484,0.8965776796467282,0.8312077240339796,0.5696342774203288,0.6053876255671614,0.1898922032788462,0.20730443607018934,0.7993197278911565,0.7340425531914894,0.6424242424242425,0.8983050847457628,0.5,0.8018867924528302,1.4122663181087283,6.68261845428615,0.09422138242804007
hungary,ebm,site_class_balanced,source_oof_platt,empirical_source,8,294.0,0.36054421768707484,0.9030008028904055,0.8558644790741712,0.569578736323275,0.6069152371353306,0.18986845563299187,0.2080590149414121,0.7993197278911565,0.731985146527499,0.6380368098159509,0.9122807017543859,0.49056603773584906,0.8113207547169812,1.6327307997220275,7.130292626967235,0.09113752503186494
hungary,ebm,site_class_balanced,source_oof_platt,empirical_source,9,294.0,0.36054421768707484,0.902900441589723,0.835743863981397,0.5695364563406374,0.6051805668132346,0.18983119319238181,0.20719504009304257,0.7959183673469388,0.7334403853873946,0.6428571428571429,0.8709677419354839,0.5094339622641509,0.8679245283018868,1.447140362975318,6.783916396372217,0.0890929914485382
hungary,ebm,site_class_balanced,source_oof_platt,mar_age_sex_30,0,294.0,0.36054421768707484,0.8644118827780009,0.7654578037596417,0.5780573046162066,0.6072879082103391,0.19400437138891685,0.20825910593887068,0.7653061224489796,0.6992171818546769,0.5868263473053892,0.8032786885245902,0.46226415094339623,0.7547169811320755,0.6801078351471482,5.042389257666713,0.09868323024554446
hungary,ebm,site_class_balanced,source_oof_platt,mar_age_sex_30,1,294.0,0.36054421768707484,0.8605981533520675,0.7357032467695498,0.5852357925136529,0.6152852471789527,0.19745895600182276,0.21212053751902488,0.7551020408163265,0.6871236451224407,0.5662650602409639,0.7833333333333333,0.44339622641509435,0.7830188679245284,0.7296710570943344,5.363365479437819,0.10723778318846011
hungary,ebm,site_class_balanced,source_oof_platt,mar_age_sex_30,2,294.0,0.36054421768707484,0.8591930951425132,0.7380586634847371,0.5827900641719265,0.612915238371087,0.19633083666750706,0.21101435101722205,0.7380952380952381,0.6676535527900442,0.5333333333333333,0.7457627118644068,0.41509433962264153,0.8113207547169812,0.62137809797313,4.72079864555298,0.10415386902728659
hungary,ebm,site_class_balanced,source_oof_platt,mar_age_sex_30,3,294.0,0.36054421768707484,0.8656663990365314,0.7654810877343711,0.5789464533143852,0.6079804845068211,0.19434831062920183,0.2084947936265089,0.7789115646258503,0.7201425130469691,0.6242774566473989,0.8059701492537313,0.5094339622641509,0.7830188679245284,0.72605398004551,5.434246797555432,0.09918264914911817
hungary,ebm,site_class_balanced,source_oof_platt,mar_age_sex_30,4,294.0,0.36054421768707484,0.8545262946607788,0.7654269995014498,0.5793203694314405,0.6071147488148387,0.1945119964558085,0.20804417923787,0.7891156462585034,0.7384082697711762,0.6555555555555556,0.7972972972972973,0.5566037735849056,0.7641509433962265,0.5610781882573211,4.907157493249386,0.10439645061540828
hungary,ebm,site_class_balanced,source_oof_platt,mar_age_sex_30,5,294.0,0.36054421768707484,0.8696306704134885,0.7791238104284598,0.584349936762849,0.6140839744428005,0.1969307408779676,0.21143679248440697,0.7857142857142857,0.7151746286631875,0.6086956521739131,0.8909090909090909,0.46226415094339623,0.7830188679245284,0.8111430798133344,5.816697323521776,0.10453459824944183
hungary,ebm,site_class_balanced,source_oof_platt,mar_age_sex_30,6,294.0,0.36054421768707484,0.8585909273384184,0.7687544107895784,0.578347258446793,0.6079591727361826,0.19407688990155567,0.2084984088278379,0.7925170068027211,0.7369530309112806,0.6514285714285715,0.8260869565217391,0.5377358490566038,0.7169811320754716,0.6507584823932906,4.945065260830843,0.10049426271063333
hungary,ebm,site_class_balanced,source_oof_platt,mar_age_sex_30,7,294.0,0.36054421768707484,0.8356583701324769,0.718020273344388,0.5859427813932594,0.6140234487281435,0.19780480350048368,0.21148423498401225,0.7857142857142857,0.7336912886391007,0.6480446927374302,0.7945205479452054,0.5471698113207547,0.660377358490566,0.44897753331256635,4.4184006684822235,0.11498645735854966
hungary,ebm,site_class_balanced,source_oof_platt,mar_age_sex_30,8,294.0,0.36054421768707484,0.8539241268566841,0.7400145528906042,0.5800725293958866,0.6068614229592663,0.19497648549363247,0.20801799472168897,0.7687074829931972,0.7121637896427138,0.6136363636363636,0.7714285714285715,0.5094339622641509,0.7547169811320755,0.4610566449809686,4.581454222973232,0.10206779281138621
hungary,ebm,site_class_balanced,source_oof_platt,mar_age_sex_30,9,294.0,0.36054421768707484,0.8352067442794059,0.7358339872472552,0.5865784441704514,0.6134981025354859,0.19808542612013622,0.21120352372472942,0.7448979591836735,0.6873745483741469,0.576271186440678,0.7183098591549296,0.4811320754716981,0.7169811320754716,0.3910605793647829,4.326649366514687,0.1128962270811863
hungary,ebm,site_class_balanced,source_oof_platt,mcar_10,0,294.0,0.36054421768707484,0.8655660377358491,0.7438956301089819,0.5808673490065697,0.6114107138010232,0.19526715193239252,0.21014435329401898,0.7857142857142857,0.7357486953030912,0.6519337016574586,0.7866666666666666,0.5566037735849056,0.8113207547169812,0.7662526694572112,5.417945056126404,0.10270789588812997
hungary,ebm,site_class_balanced,source_oof_platt,mcar_10,1,294.0,0.36054421768707484,0.8730931352870333,0.796947777267305,0.5773117916317374,0.6078584695622018,0.19358310075363622,0.20845602044417466,0.7925170068027211,0.7348956242472903,0.6473988439306358,0.835820895522388,0.5283018867924528,0.8018867924528302,0.8106053895419805,5.624028961772803,0.0948264103656099
hungary,ebm,site_class_balanced,source_oof_platt,mcar_10,2,294.0,0.36054421768707484,0.8593938177438779,0.7436792549435064,0.586173831121683,0.6172011364103607,0.19783484986057653,0.21298710672046584,0.7721088435374149,0.7086511441188278,0.6035502958579881,0.8095238095238095,0.4811320754716981,0.7924528301886793,0.8335873318983937,5.593840404622835,0.11195908046799011
hungary,ebm,site_class_balanced,source_oof_platt,mcar_10,3,294.0,0.36054421768707484,0.8656663990365315,0.7742699925601637,0.5790350780975331,0.6108951304460445,0.1944206620007961,0.20993865393880107,0.7891156462585034,0.7322360497792051,0.6436781609195402,0.8235294117647058,0.5283018867924528,0.7830188679245284,0.8295202752984815,5.406366663002009,0.10069731900296845
hungary,ebm,site_class_balanced,source_oof_platt,mcar_10,4,294.0,0.36054421768707484,0.8561822561220394,0.7467673763840434,0.5837103129728944,0.6131700336206465,0.19667424772140094,0.21103869397040817,0.7687074829931972,0.7121637896427138,0.6136363636363636,0.7714285714285715,0.5094339622641509,0.8018867924528302,0.6890194596231974,5.270624425098976,0.10693214867835696
hungary,ebm,site_class_balanced,source_oof_platt,mcar_10,5,294.0,0.36054421768707484,0.8815234845443597,0.7793682400362558,0.5759981376463107,0.6055368731749162,0.19288377042655142,0.207273426676773,0.7925170068027211,0.7410678442392613,0.659217877094972,0.8082191780821918,0.5566037735849056,0.8301886792452831,0.8493083219466802,5.868815431859075,0.08924628780622171
hungary,ebm,site_class_balanced,source_oof_platt,mcar_10,6,294.0,0.36054421768707484,0.8694801284624649,0.7691797737532878,0.580903601880077,0.6111879734621488,0.19527713474402597,0.2100457207166017,0.782312925170068,0.7186872741870735,0.6190476190476191,0.8387096774193549,0.49056603773584906,0.7924528301886793,0.8335449695372965,5.679648121417657,0.10213322910975095
hungary,ebm,site_class_balanced,source_oof_platt,mcar_10,7,294.0,0.36054421768707484,0.8570855078281815,0.7622865848128806,0.5849728046994415,0.6148507165984349,0.1972485688965702,0.21183439982421207,0.7755102040816326,0.7154255319148937,0.6162790697674418,0.803030303030303,0.5,0.7547169811320755,0.7621977528685181,5.504857563236547,0.10511328961703369
hungary,ebm,site_class_balanced,source_oof_platt,mcar_10,8,294.0,0.36054421768707484,0.8724909674829386,0.7771363161528244,0.5818810602525489,0.6141405391801986,0.1957670431401413,0.2114889734038122,0.7993197278911565,0.7422721798474508,0.6589595375722543,0.8507462686567164,0.5377358490566038,0.7924528301886793,0.9420738022046089,5.9634263533086065,0.10340591936522009
hungary,ebm,site_class_balanced,source_oof_platt,mcar_10,9,294.0,0.36054421768707484,0.8530710558008832,0.7441533755110343,0.5873948067801057,0.6173628213906117,0.19841514904660976,0.21304963226850965,0.7721088435374149,0.7127659574468085,0.6127167630057804,0.7910447761194029,0.5,0.7641509433962265,0.7762784537341891,5.620180043631431,0.10869913221657113
hungary,ebm,site_class_balanced,source_oof_platt,mcar_30,0,294.0,0.36054421768707484,0.7567743877960658,0.6749932278066672,0.6177407152260792,0.6346539630297137,0.21309892874340408,0.22136497966829502,0.7074829931972789,0.6725210758731432,0.5742574257425742,0.6041666666666666,0.5471698113207547,0.5471698113207547,-0.11832249931552996,3.50246017913541,0.15890632399237145
hungary,ebm,site_class_balanced,source_oof_platt,mcar_30,1,294.0,0.36054421768707484,0.8206041750301085,0.7113557733222753,0.6025394330256125,0.6200700125488829,0.20561923336881377,0.21419821884115303,0.7755102040816326,0.7380570052187876,0.6597938144329897,0.7272727272727273,0.6037735849056604,0.7075471698113207,0.05872149727473151,4.447529491152973,0.12231649153821504
hungary,ebm,site_class_balanced,source_oof_platt,mcar_30,2,294.0,0.36054421768707484,0.8335006021678041,0.7227165000720287,0.5984368935462394,0.6151646372197599,0.20366136127960435,0.2118518945982202,0.7687074829931972,0.7347952629466078,0.6565656565656566,0.7065217391304348,0.6132075471698113,0.6886792452830188,0.11837848554123725,5.109477499574882,0.1040811038271981
hungary,ebm,site_class_balanced,source_oof_platt,mcar_30,3,294.0,0.36054421768707484,0.7995784825371337,0.7001109001668462,0.6039943746306128,0.6226506676201125,0.20633097520675617,0.2154586494460486,0.7687074829931972,0.7327378562826175,0.6530612244897959,0.7111111111111111,0.6037735849056604,0.660377358490566,0.05580086232896533,4.202212366864181,0.12755656634354007
hungary,ebm,site_class_balanced,source_oof_platt,mcar_30,4,294.0,0.36054421768707484,0.794158972300281,0.6680084389566748,0.6114063243646439,0.6313290064226084,0.21000248276484001,0.2197685983510077,0.7074829931972789,0.6581192292252107,0.5425531914893617,0.6219512195121951,0.4811320754716981,0.6320754716981132,0.09961669621501974,4.26026220656775,0.13724628748971507
hungary,ebm,site_class_balanced,source_oof_platt,mcar_30,5,294.0,0.36054421768707484,0.7927037334403854,0.6786623484555717,0.6110426515765219,0.6286346383759681,0.20972215223986637,0.2183322587039177,0.7482993197278912,0.706493376154155,0.6145833333333334,0.686046511627907,0.5566037735849056,0.660377358490566,-0.003018450856478541,4.09141296650251,0.14876581516199883
hungary,ebm,site_class_balanced,source_oof_platt,mcar_30,6,294.0,0.36054421768707484,0.778753512645524,0.6695053094996137,0.6141396795718373,0.6307250823320668,0.2112871204409082,0.2194207936329829,0.7210884353741497,0.679044560417503,0.5773195876288659,0.6363636363636364,0.5283018867924528,0.5754716981132075,-0.06609815290876847,3.8269479045304835,0.14923567417208236
hungary,ebm,site_class_balanced,source_oof_platt,mcar_30,7,294.0,0.36054421768707484,0.7965174628663187,0.6780358020126371,0.6125234133092781,0.6298423829416949,0.21046538764437972,0.21895340432429858,0.7380952380952381,0.7026294660778803,0.6130653266331658,0.6559139784946236,0.5754716981132075,0.6320754716981132,0.02912561757431878,4.440781665686579,0.1324807415314135
hungary,ebm,site_class_balanced,source_oof_platt,mcar_30,8,294.0,0.36054421768707484,0.7822159775190686,0.6670836346769001,0.6095719061657151,0.6300508545788506,0.20914043885674435,0.21916444476174896,0.7414965986394558,0.6991168205539944,0.6041666666666666,0.6744186046511628,0.5471698113207547,0.6226415094339622,0.05006101015290942,3.815967111946988,0.14255622104797905
hungary,ebm,site_class_balanced,source_oof_platt,mcar_30,9,294.0,0.36054421768707484,0.784072661581694,0.6725744859738928,0.6108574541639608,0.6326975840174813,0.20972080535452584,0.22041335755837016,0.7312925170068028,0.6808510638297872,0.572972972972973,0.6708860759493671,0.5,0.5849056603773585,0.1007810168303718,3.9074507382052768,0.14402440749221979
hungary,ebm,site_class_balanced,source_oof_platt,mcar_50,0,294.0,0.36054421768707484,0.6937976716178241,0.580554932761131,0.6438522988278856,0.6519817486799737,0.2258292145095955,0.22982421664932104,0.6462585034013606,0.6308209554395825,0.5398230088495575,0.5083333333333333,0.5754716981132075,0.3584905660377358,-0.40470536249800826,2.7232516707931747,0.21864469569697237
hungary,ebm,site_class_balanced,source_oof_platt,mcar_50,1,294.0,0.36054421768707484,0.7571256523484544,0.6611294941279275,0.6356118726880504,0.6426452216630918,0.22166900501307202,0.22511005330061415,0.7142857142857143,0.7025291047771979,0.625,0.5932203389830508,0.660377358490566,0.46226415094339623,-0.3802994587431068,3.7746287810792585,0.17721485790342612
hungary,ebm,site_class_balanced,source_oof_platt,mcar_50,2,294.0,0.36054421768707484,0.7121136089923725,0.5818228303624614,0.6413010932265637,0.648706041476655,0.2245784541922676,0.22822130481959507,0.6598639455782312,0.641459253311923,0.5495495495495496,0.5258620689655172,0.5754716981132075,0.3490566037735849,-0.4084153818608916,2.8166427845540225,0.20601989593544487
hungary,ebm,site_class_balanced,source_oof_platt,mcar_50,3,294.0,0.36054421768707484,0.7225260939381775,0.6491240080856113,0.6452631978260325,0.6473608406855306,0.22643519790991606,0.2274560130951772,0.6632653061224489,0.6646928944199116,0.5892116182572614,0.5259259259259259,0.6698113207547169,0.4528301886792453,-0.5279953250178263,3.438489344929715,0.21211643473310585
hungary,ebm,site_class_balanced,source_oof_platt,mcar_50,4,294.0,0.36054421768707484,0.7391609795262946,0.6128932511334109,0.6423686859761695,0.6465036621202864,0.22504378093079627,0.22706760224158345,0.6496598639455783,0.6458249698916098,0.5654008438818565,0.5114503816793893,0.6320754716981132,0.46226415094339623,-0.476557934546683,3.0751363423406137,0.19161596472267528
hungary,ebm,site_class_balanced,source_oof_platt,mcar_50,5,294.0,0.36054421768707484,0.7000200722601365,0.5838452747263888,0.6478543596718335,0.651424126707296,0.22773325875871597,0.2294606547877392,0.6462585034013606,0.6493376154154957,0.5737704918032787,0.5072463768115942,0.660377358490566,0.41509433962264153,-0.5006741038942193,2.9314733887285715,0.22960502495962162
hungary,ebm,site_class_balanced,source_oof_platt,mcar_50,6,294.0,0.36054421768707484,0.6984393817743877,0.5642258769521651,0.643924593637744,0.652203320434977,0.22582898675811436,0.2298762220554224,0.6564625850340136,0.6387996788438378,0.547085201793722,0.5213675213675214,0.5754716981132075,0.33962264150943394,-0.4130918362969659,2.5544671215792594,0.22848315332548708
hungary,ebm,site_class_balanced,source_oof_platt,mcar_50,7,294.0,0.36054421768707484,0.7396627860297069,0.6271088131633245,0.6383032642127403,0.64209061904662,0.22303218085133222,0.22485686353529052,0.6700680272108843,0.6700120433560819,0.5941422594142259,0.5338345864661654,0.6698113207547169,0.4528301886792453,-0.48721743430720693,3.409020424864735,0.20171734283117002
hungary,ebm,site_class_balanced,source_oof_platt,mcar_50,8,294.0,0.36054421768707484,0.7391860698514654,0.6318076896029328,0.6369013379421188,0.6411639149708769,0.22239681586733226,0.22447783696583348,0.673469387755102,0.6685568044961863,0.5897435897435898,0.5390625,0.6509433962264151,0.42452830188679247,-0.47152747508796977,3.240075562599283,0.19928326124703544
hungary,ebm,site_class_balanced,source_oof_platt,mcar_50,9,294.0,0.36054421768707484,0.7053894018466479,0.6084931330289041,0.64248745827726,0.6513915374944839,0.22515059340041516,0.22951650701922618,0.6462585034013606,0.6246487354476113,0.5272727272727272,0.5087719298245614,0.5471698113207547,0.4056603773584906,-0.3891975361953853,2.745640925886655,0.20937368473276624
hungary,ebm,site_class_balanced,source_oof_platt,natural,0,294.0,0.36054421768707484,0.9032517061421116,0.8378956849494532,0.5668676160595431,0.6028610490360838,0.18860285403733074,0.20611300709998426,0.7993197278911565,0.7360999598554797,0.6467065868263473,0.8852459016393442,0.5094339622641509,0.8207547169811321,1.4143274129587673,6.689681919512974,0.08756771416261956
hungary,tabpfn,pooled,raw,drop_advanced,0,294.0,0.36054421768707484,0.8879967884383781,0.8321009519775919,0.5208618769374435,0.4670672193130645,0.17110594784270614,0.15112940161188726,0.7857142857142857,0.8118727418707347,0.7529411764705882,0.6442953020134228,0.9056603773584906,0.8113207547169812,-1.4184592953199147,1.3415056174554867,0.14952014675770608
hungary,tabpfn,pooled,raw,drop_exercise,0,294.0,0.36054421768707484,0.8450923323966278,0.7378945776861281,0.5405656246154809,0.515540585146692,0.17869681037710416,0.16792486072053908,0.7619047619047619,0.7747390606182256,0.7131147540983607,0.6304347826086957,0.8207547169811321,0.7735849056603774,-0.973501753572276,1.6473753196872991,0.16545665482508667
hungary,tabpfn,pooled,raw,drop_routine,0,294.0,0.36054421768707484,0.8996888799678844,0.8470718334184321,0.8513558258637157,0.6895094541815812,0.30583144842647697,0.24352062293482868,0.43537414965986393,0.5564532316338819,0.5585106382978723,0.3888888888888889,0.9905660377358491,0.8301886792452831,-3.2499000172756056,1.548891807934339,0.3272676488766463
hungary,tabpfn,pooled,raw,empirical_source,0,294.0,0.36054421768707484,0.8801686069851465,0.8226375692585052,0.5845074835351437,0.5095145295514318,0.19890643387439916,0.17002885242708582,0.717687074829932,0.760738659173023,0.7003610108303249,0.5672514619883041,0.9150943396226415,0.7924528301886793,-1.6950453680379052,1.3261997016379587,0.18852505367456907
hungary,tabpfn,pooled,raw,empirical_source,1,294.0,0.36054421768707484,0.8755018065034122,0.8048191883681823,0.5948385583370138,0.5171570959451605,0.2006284093213128,0.17116578301830565,0.7074829931972789,0.7589321557607387,0.6993006993006993,0.5555555555555556,0.9433962264150944,0.8490566037735849,-1.6846442439015625,1.2652179910656443,0.19952530198669477
hungary,tabpfn,pooled,raw,empirical_source,2,294.0,0.36054421768707484,0.8812725812926535,0.821974364630369,0.6099169111163397,0.5239205652973868,0.20658449057721487,0.17416001637577622,0.6938775510204082,0.7462364512244078,0.6875,0.5439560439560439,0.9339622641509434,0.8490566037735849,-1.8194697942790057,1.2634563275221193,0.2027194393221498
hungary,tabpfn,pooled,raw,empirical_source,3,294.0,0.36054421768707484,0.8740465676435166,0.7897287447552928,0.5872072850032252,0.513070180305113,0.19613790167951956,0.16868995660190436,0.7278911564625851,0.7687173825772782,0.708029197080292,0.5773809523809523,0.9150943396226415,0.8207547169811321,-1.5852509158520733,1.217804344737551,0.19841480525744587
hungary,tabpfn,pooled,raw,empirical_source,4,294.0,0.36054421768707484,0.8686270574066639,0.7846126943944988,0.606121802179297,0.5274509511694842,0.20214642891712994,0.17294075649698964,0.7074829931972789,0.7527599357687675,0.6928571428571428,0.5574712643678161,0.9150943396226415,0.8113207547169812,-1.5772654236871633,1.164409563848676,0.20808953284695236
hungary,tabpfn,pooled,raw,empirical_source,5,294.0,0.36054421768707484,0.8727418707346448,0.8187571395320994,0.5962151583294993,0.5193478141224398,0.2041020463843431,0.17446311878473406,0.7040816326530612,0.7521577679646728,0.6925795053003534,0.5536723163841808,0.9245283018867925,0.8301886792452831,-1.728977478777688,1.3040678941091401,0.19899014138358576
hungary,tabpfn,pooled,raw,empirical_source,6,294.0,0.36054421768707484,0.8688779606583702,0.7993720582857051,0.6190098238604279,0.5355649592321434,0.20944379231114102,0.17795780584922374,0.6802721088435374,0.7355981533520675,0.678082191780822,0.532258064516129,0.9339622641509434,0.8301886792452831,-1.6797029574929507,1.1911817077174478,0.21188287425119195
hungary,tabpfn,pooled,raw,empirical_source,7,294.0,0.36054421768707484,0.8820754716981133,0.8044904916497128,0.6030216093571611,0.5187812909121889,0.2022285429308123,0.17048688485050636,0.7142857142857143,0.7663087113608993,0.7062937062937062,0.5611111111111111,0.9528301886792453,0.8301886792452831,-1.7544701005796568,1.2680752963495532,0.2039940852111497
hungary,tabpfn,pooled,raw,empirical_source,8,294.0,0.36054421768707484,0.8921617824167002,0.8328614623828416,0.5736207019675056,0.49700408521152434,0.19414783119832824,0.1646221159183305,0.7278911564625851,0.7769470092332397,0.7163120567375887,0.5738636363636364,0.9528301886792453,0.8490566037735849,-1.830814813721415,1.4252602966848102,0.18406381725507198
hungary,tabpfn,pooled,raw,empirical_source,9,294.0,0.36054421768707484,0.8938679245283019,0.8304731669642894,0.5695448321233846,0.4921620086421866,0.19045984879974,0.1614703174696835,0.717687074829932,0.7627960658370132,0.7025089605734767,0.5664739884393064,0.9245283018867925,0.8584905660377359,-1.8068958527056593,1.375995084378252,0.17838869440746685
hungary,tabpfn,pooled,raw,mar_age_sex_30,0,294.0,0.36054421768707484,0.8639602569249297,0.7907158225062454,0.5955948985721061,0.5242059396756151,0.2023724662388385,0.17437345987197603,0.7108843537414966,0.7554195102368526,0.6953405017921147,0.5606936416184971,0.9150943396226415,0.7735849056603774,-1.5678092518121567,1.3179545448786953,0.20473095773862748
hungary,tabpfn,pooled,raw,mar_age_sex_30,1,294.0,0.36054421768707484,0.8858390204737053,0.8012379699357537,0.5770838505614039,0.5023268464787002,0.1932029947837592,0.16419974310437907,0.7278911564625851,0.7748896025692493,0.7142857142857143,0.5747126436781609,0.9433962264150944,0.8113207547169812,-1.7554590326646844,1.418101436448114,0.19558139829599036
hungary,tabpfn,pooled,raw,mar_age_sex_30,2,294.0,0.36054421768707484,0.8752007226013649,0.7889904884609964,0.5823730664217976,0.5103567316130847,0.19570076072903636,0.1676484025968793,0.7142857142857143,0.7560216780409474,0.6956521739130435,0.5647058823529412,0.9056603773584906,0.8018867924528302,-1.6618682431066958,1.3934232101379824,0.2005079164389959
hungary,tabpfn,pooled,raw,mar_age_sex_30,3,294.0,0.36054421768707484,0.8882476916900844,0.8496172394514612,0.5688816222695303,0.4981517053275598,0.19419728804496103,0.166408572860672,0.7040816326530612,0.7459855479727018,0.6859205776173285,0.5555555555555556,0.8962264150943396,0.8301886792452831,-1.813686026090795,1.4970852760924647,0.17762512214961423
hungary,tabpfn,pooled,raw,mar_age_sex_30,4,294.0,0.36054421768707484,0.8581393014853473,0.7995885778916382,0.6049307754699373,0.5314702449196402,0.20622929044698474,0.17776018409949906,0.7040816326530612,0.7521577679646728,0.6925795053003534,0.5536723163841808,0.9245283018867925,0.7547169811320755,-1.5789005432282857,1.2536412531009902,0.2098106416883599
hungary,tabpfn,pooled,raw,mar_age_sex_30,5,294.0,0.36054421768707484,0.883781613809715,0.8144584697564253,0.5793389632527532,0.5050497718993587,0.195168738206444,0.16650532482474018,0.7108843537414966,0.7574769169008431,0.697508896797153,0.56,0.9245283018867925,0.8301886792452831,-1.7611358634656193,1.4028407530866027,0.1918512957596074
hungary,tabpfn,pooled,raw,mar_age_sex_30,6,294.0,0.36054421768707484,0.8718887996788438,0.782044101842649,0.5843465108819744,0.5128847991127203,0.1959207500408956,0.1684321983784653,0.7142857142857143,0.7601364913689281,0.7,0.5632183908045977,0.9245283018867925,0.8301886792452831,-1.5747250786151297,1.3089781871354478,0.1996729987819243
hungary,tabpfn,pooled,raw,mar_age_sex_30,7,294.0,0.36054421768707484,0.8677739863508631,0.7864572506235907,0.600806549018636,0.5247907684743021,0.20203522105116253,0.1727956212813339,0.7040816326530612,0.7480429546366921,0.6881720430107527,0.5549132947976878,0.9056603773584906,0.8018867924528302,-1.6146482027324673,1.2800304269409395,0.20780314908910008
hungary,tabpfn,pooled,raw,mar_age_sex_30,8,294.0,0.36054421768707484,0.8734945804897633,0.7998297821519023,0.5878000659768458,0.51384935929995,0.19837537805095332,0.16973616360116178,0.7244897959183674,0.7681152147731835,0.7075812274368231,0.5730994152046783,0.9245283018867925,0.8018867924528302,-1.6728654458660797,1.3489481192130754,0.20016112170954242
hungary,tabpfn,pooled,raw,mar_age_sex_30,9,294.0,0.36054421768707484,0.8707848253713368,0.8024871880441407,0.5834646652556461,0.5121228504397862,0.19674684632196712,0.16941346846835786,0.7108843537414966,0.7554195102368526,0.6953405017921147,0.5606936416184971,0.9150943396226415,0.8207547169811321,-1.6095594672027713,1.2993777855106137,0.1937724637967374
hungary,tabpfn,pooled,raw,mcar_10,0,294.0,0.36054421768707484,0.874347651545564,0.8256748362333071,0.5915688475704424,0.5171967859762221,0.2031868622696871,0.17410335209365285,0.7006802721088435,0.745383380168607,0.6857142857142857,0.5517241379310345,0.9056603773584906,0.8018867924528302,-1.7438131384748345,1.3925642898296082,0.19625704446144615
hungary,tabpfn,pooled,raw,mcar_10,1,294.0,0.36054421768707484,0.8594941790445604,0.7990112167714326,0.6087231195642681,0.532642970163129,0.20846605271976423,0.17896820238604777,0.6938775510204082,0.7400642312324368,0.6808510638297872,0.5454545454545454,0.9056603773584906,0.7547169811320755,-1.6100131446889758,1.2412732929629156,0.21136936148730168
hungary,tabpfn,pooled,raw,mcar_10,2,294.0,0.36054421768707484,0.8748996386993176,0.7944870950045179,0.5937502700161328,0.5188441789617342,0.20251663837893336,0.17305063099978413,0.7108843537414966,0.7595343235648334,0.6996466431095406,0.559322033898305,0.9339622641509434,0.8113207547169812,-1.7393673856684368,1.4193098992977344,0.21090875702621492
hungary,tabpfn,pooled,raw,mcar_10,3,294.0,0.36054421768707484,0.8582898434363709,0.806028396967929,0.6064887161554784,0.5324922027145202,0.2083872588075281,0.17971312328489317,0.7006802721088435,0.745383380168607,0.6857142857142857,0.5517241379310345,0.9056603773584906,0.7452830188679245,-1.6126505804696025,1.2405668038933506,0.20847182697611522
hungary,tabpfn,pooled,raw,mcar_10,4,294.0,0.36054421768707484,0.8650140505820956,0.8053731348246577,0.6158134393983028,0.5342223686764616,0.21032586433044567,0.17865828488899005,0.7074829931972789,0.7589321557607387,0.6993006993006993,0.5555555555555556,0.9433962264150944,0.7924528301886793,-1.7269929016471377,1.279997491319304,0.2151098625563526
hungary,tabpfn,pooled,raw,mcar_10,5,294.0,0.36054421768707484,0.8666198313930149,0.7835337016050963,0.6019673945841568,0.5250159841891039,0.2041085087252758,0.17472108786541043,0.7006802721088435,0.7494981934965878,0.6901408450704225,0.550561797752809,0.9245283018867925,0.7924528301886793,-1.663526865202921,1.2676135066750926,0.21220922064905162
hungary,tabpfn,pooled,raw,mcar_10,6,294.0,0.36054421768707484,0.8665696507426737,0.7919880793623133,0.6088778475692794,0.5294823444894445,0.20793820772721763,0.17705486715386504,0.7142857142857143,0.7642513046969088,0.704225352112676,0.5617977528089888,0.9433962264150944,0.7924528301886793,-1.7279096359001775,1.3090728913877838,0.21666681094663262
hungary,tabpfn,pooled,raw,mcar_10,7,294.0,0.36054421768707484,0.8639602569249297,0.7904762636888877,0.6160006462101819,0.5347636877934266,0.21102567062193084,0.17939516369574432,0.7142857142857143,0.7621938980329186,0.7021276595744681,0.5625,0.9339622641509434,0.7547169811320755,-1.7098428328759454,1.2942885954350223,0.22092044011926001
hungary,tabpfn,pooled,raw,mcar_10,8,294.0,0.36054421768707484,0.8780108390204737,0.8149340332917869,0.5937393678875142,0.515304508296872,0.20075931833390812,0.1706097535574166,0.7142857142857143,0.7601364913689281,0.7,0.5632183908045977,0.9245283018867925,0.8301886792452831,-1.7387627482956225,1.3234348453567284,0.19816287202743157
hungary,tabpfn,pooled,raw,mcar_10,9,294.0,0.36054421768707484,0.8555800883179446,0.8023801113311513,0.6281286690888508,0.5461996757784663,0.21749007853668142,0.18555351907848294,0.6768707482993197,0.7267663588920112,0.6689895470383276,0.5303867403314917,0.9056603773584906,0.7264150943396226,-1.6889614687009724,1.2401729981662046,0.22326458375999644
hungary,tabpfn,pooled,raw,mcar_30,0,294.0,0.36054421768707484,0.8034925732637496,0.748048217440465,0.8109760007248261,0.6826195348829969,0.2925245044238386,0.2413084688215077,0.5306122448979592,0.6206342834203131,0.591715976331361,0.43103448275862066,0.9433962264150944,0.6792452830188679,-1.9891964707603764,1.1339416625011736,0.3362793059940492
hungary,tabpfn,pooled,raw,mcar_30,1,294.0,0.36054421768707484,0.8234142914492172,0.7344402338491306,0.7741947268317262,0.6501353748645697,0.27254209436206106,0.22369945478322303,0.6020408163265306,0.6806001605780811,0.6355140186915887,0.4744186046511628,0.9622641509433962,0.6698113207547169,-2.0318882326903713,1.2008502783151063,0.32016974365012835
hungary,tabpfn,pooled,raw,mcar_30,2,294.0,0.36054421768707484,0.8290345242874347,0.7442769644111233,0.7862577046969113,0.6556286709143151,0.2772660879992641,0.22605741223010065,0.5680272108843537,0.6581192292252107,0.6208955223880597,0.45414847161572053,0.9811320754716981,0.6509433962264151,-2.128308172710718,1.2125931593084478,0.32136614189864166
hungary,tabpfn,pooled,raw,mcar_30,3,294.0,0.36054421768707484,0.8299377759935769,0.7514546997799716,0.7798614314607912,0.6527549725971932,0.27585055371736494,0.22585893303137689,0.5850340136054422,0.6652448815736652,0.6234567901234568,0.463302752293578,0.9528301886792453,0.7075471698113207,-2.133649335570631,1.2408807335183298,0.31750741430705764
hungary,tabpfn,pooled,raw,mcar_30,4,294.0,0.36054421768707484,0.8510136491368928,0.7676806865061242,0.7325197864262702,0.6157998701389162,0.2587869580871122,0.21235441831622304,0.608843537414966,0.6879767161782416,0.6417445482866043,0.4790697674418605,0.9716981132075472,0.7358490566037735,-2.213698263427642,1.3825346174622029,0.2956144614830721
hungary,tabpfn,pooled,raw,mcar_30,5,294.0,0.36054421768707484,0.8366619831393015,0.7670777372551195,0.7641916275183557,0.6423999496265949,0.27328925274047855,0.2244620394297165,0.5714285714285714,0.6525491770373344,0.6134969325153374,0.45454545454545453,0.9433962264150944,0.7075471698113207,-2.2254621693479426,1.35035344427459,0.30916077308867385
hungary,tabpfn,pooled,raw,mcar_30,6,294.0,0.36054421768707484,0.8135788839823365,0.7243961589595299,0.8036029198590688,0.672184905518135,0.28465182259966765,0.2327361474793233,0.5782312925170068,0.6660979526294661,0.6265060240963856,0.46017699115044247,0.9811320754716981,0.5849056603773585,-2.0466039142396064,1.1744173694401012,0.3409562179400648
hungary,tabpfn,pooled,raw,mcar_30,7,294.0,0.36054421768707484,0.826224407868326,0.7282317376563086,0.7815386937104768,0.6536550393227167,0.27731965582055496,0.2263450369326107,0.5850340136054422,0.6693596949016459,0.6280487804878049,0.46396396396396394,0.9716981132075472,0.6415094339622641,-2.146590605192901,1.277403967783083,0.3296653963571987
hungary,tabpfn,pooled,raw,mcar_30,8,294.0,0.36054421768707484,0.834604576475311,0.7649479602685174,0.7578354169564911,0.6372771664489657,0.26952273800407667,0.22126382123662,0.5782312925170068,0.659925732637495,0.6196319018404908,0.4590909090909091,0.9528301886792453,0.7075471698113207,-2.1641110601938154,1.3288272610498926,0.3080985075141053
hungary,tabpfn,pooled,raw,mcar_30,9,294.0,0.36054421768707484,0.8098153352067443,0.7184058490076101,0.7833175117906861,0.6601829037101297,0.27892295268799805,0.22966604960506293,0.54421768707483,0.6333299879566439,0.6011904761904762,0.4391304347826087,0.9528301886792453,0.660377358490566,-1.966366861650998,1.1871115828275942,0.3363535860541537
hungary,tabpfn,pooled,raw,mcar_50,0,294.0,0.36054421768707484,0.7636993175431553,0.6504405429546323,0.9603002639815975,0.7915345371995668,0.34575483213753194,0.27934052211648674,0.45918367346938777,0.570955439582497,0.5643835616438356,0.39768339768339767,0.9716981132075472,0.5471698113207547,-2.1655046662903015,1.0753864470707004,0.42203770613960845
hungary,tabpfn,pooled,raw,mcar_50,1,294.0,0.36054421768707484,0.7749397832195906,0.6773210770418719,0.9426807215429833,0.776743884235755,0.33559690178598334,0.2713180878255886,0.5136054421768708,0.6114512244078684,0.5878962536023055,0.42323651452282157,0.9622641509433962,0.5660377358490566,-2.177498373209086,1.0681730528848208,0.39522916606994096
hungary,tabpfn,pooled,raw,mcar_50,2,294.0,0.36054421768707484,0.7871838619028503,0.6952440040515174,0.9307699257632586,0.764102465232507,0.33214244178768826,0.26704394120120145,0.4965986394557823,0.6022681653954235,0.5842696629213483,0.416,0.9811320754716981,0.5471698113207547,-2.3983725776970157,1.201941298056945,0.3904876546389595
hungary,tabpfn,pooled,raw,mcar_50,3,294.0,0.36054421768707484,0.7581543556804496,0.6377922445408147,1.04043598818796,0.8479491614628951,0.36944387044892574,0.29571924493569224,0.45918367346938777,0.5750702529104778,0.5691056910569106,0.39923954372623577,0.9905660377358491,0.5283018867924528,-2.306100296895936,1.0366537957294444,0.43073718336292366
hungary,tabpfn,pooled,raw,mcar_50,4,294.0,0.36054421768707484,0.7918004817342433,0.6914643538070128,0.9931675333346408,0.807808107694535,0.3558727846713876,0.2836204057629298,0.48639455782312924,0.598404255319149,0.5840220385674931,0.41245136186770426,1.0,0.5849056603773585,-2.824525313752507,1.3579049791979725,0.40081910946906485
hungary,tabpfn,pooled,raw,mcar_50,5,294.0,0.36054421768707484,0.7453331995182657,0.6379858440604039,0.9890016434236726,0.81288825030687,0.3552612424622225,0.2860316433685388,0.46938775510204084,0.5768767563227619,0.5666666666666667,0.4015748031496063,0.9622641509433962,0.5188679245283019,-2.1724634786596266,1.0574769630600926,0.4282742020457873
hungary,tabpfn,pooled,raw,mcar_50,6,294.0,0.36054421768707484,0.8006573665194702,0.7313909736891678,0.9337494549136764,0.7690204285598341,0.33910166005596293,0.27365515425109244,0.46938775510204084,0.5789341629867523,0.569060773480663,0.40234375,0.9716981132075472,0.660377358490566,-2.4983945578066673,1.2768267667178719,0.3767582142945252
hungary,tabpfn,pooled,raw,mcar_50,7,294.0,0.36054421768707484,0.7630469690887194,0.6882122529493071,0.9835310259704401,0.8092475443411947,0.35402742313770624,0.2858876605430704,0.46938775510204084,0.5789341629867523,0.569060773480663,0.40234375,0.9716981132075472,0.5754716981132075,-2.1851504695489425,1.045599348679573,0.4030645542157665
hungary,tabpfn,pooled,raw,mcar_50,8,294.0,0.36054421768707484,0.7958902047370534,0.7054307818471104,0.9251424373845384,0.7599233060955579,0.3303885052853907,0.26582947349757213,0.5,0.6028703331995182,0.5835694050991501,0.41700404858299595,0.9716981132075472,0.5943396226415094,-2.4280817733225004,1.223850391930706,0.3814840762308973
hungary,tabpfn,pooled,raw,mcar_50,9,294.0,0.36054421768707484,0.7183861902850261,0.6001434691455554,0.9818320019163976,0.8112669788813791,0.34894968304487994,0.28250360007901965,0.48299319727891155,0.5875150541951024,0.5730337078651685,0.408,0.9622641509433962,0.44339622641509435,-1.8152047096770996,0.8650555041367077,0.4441457709710095
hungary,tabpfn,pooled,raw,natural,0,294.0,0.36054421768707484,0.8944700923323966,0.8429712081121046,0.5180100098917373,0.46186817526106105,0.17027798590817345,0.14931030304278903,0.7891156462585034,0.8186471296668005,0.7596899224806202,0.6447368421052632,0.9245283018867925,0.8207547169811321,-1.4998992888755536,1.384114614819488,0.14514963566534916
hungary,tabpfn,pooled,source_oof_platt,drop_advanced,0,294.0,0.36054421768707484,0.8880469690887194,0.8322337906679473,0.45013517128347746,0.49141525090073596,0.14000427214560682,0.15796462226345742,0.8129251700680272,0.7755419510236852,0.7120418848167539,0.8,0.6415094339622641,0.8113207547169812,0.3123949175406976,2.053107248542496,0.07614992831908371
hungary,tabpfn,pooled,source_oof_platt,drop_exercise,0,294.0,0.36054421768707484,0.8449417904456041,0.7374892265925145,0.524757122178888,0.6038953946339709,0.1742177076946487,0.21004759705444276,0.7108843537414966,0.6114010437575271,0.38848920863309355,0.8181818181818182,0.25471698113207547,0.7735849056603774,1.1529932507890306,2.52164044550117,0.13099412082909695
hungary,tabpfn,pooled,source_oof_platt,drop_routine,0,294.0,0.36054421768707484,0.8997892412685669,0.8471128050904675,0.5223867393581125,0.4932491715615412,0.16986385687506592,0.15722545575160812,0.8061224489795918,0.8175431553592934,0.7615062761506276,0.6842105263157895,0.8584905660377359,0.8301886792452831,-1.252023894048115,2.3689759317000854,0.1258681261383661
hungary,tabpfn,pooled,source_oof_platt,empirical_source,0,294.0,0.36054421768707484,0.8802187876354878,0.822928729936011,0.465503394486958,0.49388952987831425,0.14646016550886146,0.15906228603291028,0.8061224489795918,0.7763950220794862,0.7135678391959799,0.7634408602150538,0.6698113207547169,0.7924528301886793,0.01581707399186639,2.02955277845316,0.07671361612677395
hungary,tabpfn,pooled,source_oof_platt,empirical_source,1,294.0,0.36054421768707484,0.8755519871537535,0.8049211771494164,0.4679639537336794,0.4941581312992309,0.14717729969414317,0.1586519803230856,0.8095238095238095,0.783169409875552,0.7227722772277227,0.7604166666666666,0.6886792452830188,0.8490566037735849,-0.052466906711975445,1.93621093435448,0.08692748307741163
hungary,tabpfn,pooled,source_oof_platt,empirical_source,2,294.0,0.36054421768707484,0.8813227619429949,0.8221153445732226,0.464294253636597,0.48302626143539695,0.1454824688108992,0.15376776008579313,0.8061224489795918,0.7825672420714572,0.7219512195121951,0.7474747474747475,0.6981132075471698,0.8490566037735849,-0.189552079134412,1.9333600402754778,0.08254214575766017
hungary,tabpfn,pooled,source_oof_platt,empirical_source,3,294.0,0.36054421768707484,0.8739462063428342,0.7894750210111443,0.4667479652835292,0.49465898211570747,0.14642358278359696,0.1589344515976695,0.8163265306122449,0.7843737454837414,0.7244897959183674,0.7888888888888889,0.6698113207547169,0.8207547169811321,-0.01421027870741792,1.8634288544580198,0.09294912915623056
hungary,tabpfn,pooled,source_oof_platt,empirical_source,4,294.0,0.36054421768707484,0.8686270574066639,0.7845695154432459,0.47557387689093933,0.5019727692816618,0.15077289027142282,0.1624843992178202,0.8027210884353742,0.7696206342834203,0.7040816326530612,0.7666666666666667,0.6509433962264151,0.8113207547169812,-0.07520462258135686,1.7817214245265678,0.09533595931488317
hungary,tabpfn,pooled,source_oof_platt,empirical_source,5,294.0,0.36054421768707484,0.8728924126856684,0.819043138472524,0.46854899155509744,0.49548652535107623,0.14728995092952465,0.15907084375145075,0.8197278911564626,0.7952629466077881,0.7389162561576355,0.7731958762886598,0.7075471698113207,0.8301886792452831,-0.04666678446645025,1.995723781046697,0.08681602077195581
hungary,tabpfn,pooled,source_oof_platt,empirical_source,6,294.0,0.36054421768707484,0.8689281413087114,0.7995884919678786,0.476362563727354,0.49938899829319183,0.15101026938257306,0.16112401922796543,0.8027210884353742,0.773735447611401,0.71,0.7553191489361702,0.6698113207547169,0.8301886792452831,-0.14293770347007828,1.8229434735436643,0.09427647293211044
hungary,tabpfn,pooled,source_oof_platt,empirical_source,7,294.0,0.36054421768707484,0.8821256523484545,0.8047171333857884,0.4662557453037833,0.48741979965245197,0.1467612672073383,0.156275126771777,0.7993197278911565,0.7731332798073063,0.7093596059113301,0.7422680412371134,0.6792452830188679,0.8301886792452831,-0.11862123697717278,1.940744085548601,0.07953811062128299
hungary,tabpfn,pooled,source_oof_platt,empirical_source,8,294.0,0.36054421768707484,0.8922119630670414,0.8329288359451231,0.4541217432185962,0.4790179204620845,0.14081776171436858,0.15183933539126948,0.826530612244898,0.794409875551987,0.7384615384615385,0.8089887640449438,0.6792452830188679,0.8490566037735849,0.00797356819986017,2.181103979837329,0.07411960469030679
hungary,tabpfn,pooled,source_oof_platt,empirical_source,9,294.0,0.36054421768707484,0.893867924528302,0.8305095622890263,0.4489790728672439,0.47171996234466407,0.1384722423037731,0.14863816825813925,0.8503401360544217,0.8294861501405059,0.7843137254901961,0.8163265306122449,0.7547169811320755,0.8584905660377359,-0.03174247398297839,2.105536221217457,0.07124031600790968
hungary,tabpfn,pooled,source_oof_platt,mar_age_sex_30,0,294.0,0.36054421768707484,0.8638097149739061,0.7905811241950629,0.4861074796208365,0.5222257484916071,0.15561317221061444,0.1716251717557054,0.7959183673469388,0.7643014853472501,0.696969696969697,0.75,0.6509433962264151,0.7735849056603774,0.13173661804424072,2.016006645807146,0.08989960703295317
hungary,tabpfn,pooled,source_oof_platt,mar_age_sex_30,1,294.0,0.36054421768707484,0.8858892011240466,0.8012486077701375,0.46729580978777274,0.4975167103317375,0.14688622749389457,0.15993948884144638,0.8027210884353742,0.7778502609393818,0.7156862745098039,0.7448979591836735,0.6886792452830188,0.8113207547169812,0.07346033077932841,2.1693328573322392,0.07594801925903946
hungary,tabpfn,pooled,source_oof_platt,mar_age_sex_30,2,294.0,0.36054421768707484,0.8753010839020474,0.7892124289287965,0.4757600590459134,0.5095388666934283,0.15060353206829033,0.16540258409865927,0.826530612244898,0.8005820955439582,0.746268656716418,0.7894736842105263,0.7075471698113207,0.8018867924528302,0.13514480338875337,2.1318248149808916,0.08389453737702829
hungary,tabpfn,pooled,source_oof_platt,mar_age_sex_30,3,294.0,0.36054421768707484,0.888147330389402,0.8494457179588824,0.4619301903049258,0.49339418564267834,0.1437303738566728,0.15741943827791938,0.8333333333333334,0.8059012444801285,0.7537688442211056,0.8064516129032258,0.7075471698113207,0.8301886792452831,0.11692746744585034,2.2899360529371577,0.07736978901151112
hungary,tabpfn,pooled,source_oof_platt,mar_age_sex_30,4,294.0,0.36054421768707484,0.8580891208350061,0.7996436939112841,0.4844655905260778,0.5174579655833527,0.15439478838863854,0.16893490958545293,0.8061224489795918,0.7743376154154957,0.7106598984771574,0.7692307692307693,0.660377358490566,0.7547169811320755,0.03788467382196987,1.9178358927941883,0.097799549254977
hungary,tabpfn,pooled,source_oof_platt,mar_age_sex_30,5,294.0,0.36054421768707484,0.8837314331593737,0.8143491246565879,0.46559175586338925,0.4949351211817307,0.1455849773107759,0.1582783885102852,0.8197278911564626,0.7952629466077881,0.7389162561576355,0.7731958762886598,0.7075471698113207,0.8301886792452831,0.04823120921554954,2.145958490714389,0.08269656117726099
hungary,tabpfn,pooled,source_oof_platt,mar_age_sex_30,6,294.0,0.36054421768707484,0.8718887996788439,0.7820143971240123,0.47599230535815573,0.5096403443096504,0.15106541150255604,0.16592950266344508,0.7993197278911565,0.7649036531513449,0.6974358974358974,0.7640449438202247,0.6415094339622641,0.8301886792452831,0.11350809712405241,2.002532393638485,0.08754409102029723
hungary,tabpfn,pooled,source_oof_platt,mar_age_sex_30,7,294.0,0.36054421768707484,0.8676736250501806,0.7863241142439851,0.48177095234013984,0.5130623022192523,0.15339022312581563,0.16708522876322057,0.8095238095238095,0.7790545965475713,0.7171717171717171,0.7717391304347826,0.6698113207547169,0.8018867924528302,0.03587921402961666,1.957644794673927,0.0898659800722634
hungary,tabpfn,pooled,source_oof_platt,mar_age_sex_30,8,294.0,0.36054421768707484,0.8734945804897633,0.7998708333993221,0.47401646003561515,0.5054593513301497,0.1497802941654695,0.16350973469176944,0.8095238095238095,0.783169409875552,0.7227722772277227,0.7604166666666666,0.6886792452830188,0.8018867924528302,0.06664195644350247,2.063183427838633,0.08558111378629231
hungary,tabpfn,pooled,source_oof_platt,mar_age_sex_30,9,294.0,0.36054421768707484,0.870835006021678,0.8024097039109532,0.4725460291502546,0.5051858980359218,0.1492567523306949,0.16346162986354593,0.8231292517006803,0.7979225210758731,0.7425742574257426,0.78125,0.7075471698113207,0.8207547169811321,0.06584736733955639,1.9873398867878211,0.08771085726476169
hungary,tabpfn,pooled,source_oof_platt,mcar_10,0,294.0,0.36054421768707484,0.8742472902448817,0.8254846790481319,0.4723136356721726,0.5025310592330313,0.14835884211557782,0.16167031560319078,0.8163265306122449,0.7823163388197512,0.7216494845360825,0.7954545454545454,0.660377358490566,0.8018867924528302,0.052135594070525974,2.1301770771887876,0.08699835985865326
hungary,tabpfn,pooled,source_oof_platt,mcar_10,1,294.0,0.36054421768707484,0.8594941790445604,0.799139032611017,0.48367611299877766,0.5148882630835627,0.15458643421771376,0.16825756041427983,0.8061224489795918,0.7784524287434764,0.7164179104477612,0.7578947368421053,0.6792452830188679,0.7547169811320755,-0.008885193385288233,1.8992185971404794,0.09119466112044705
hungary,tabpfn,pooled,source_oof_platt,mcar_10,2,294.0,0.36054421768707484,0.8749498193496588,0.7946319146006781,0.4773219646749944,0.5087891463009366,0.15055561302308765,0.16443769404103697,0.8163265306122449,0.7843737454837414,0.7244897959183674,0.7888888888888889,0.6698113207547169,0.8113207547169812,0.09152538283453727,2.171893428230278,0.08955369688723175
hungary,tabpfn,pooled,source_oof_platt,mcar_10,3,294.0,0.36054421768707484,0.8584905660377358,0.8064192046853077,0.4821984400557435,0.5141043212569074,0.1532715823290583,0.16706016172916965,0.8095238095238095,0.7872842232035326,0.7281553398058253,0.75,0.7075471698113207,0.7452830188679245,-0.0124825663944041,1.8984557299235014,0.09857905116890493
hungary,tabpfn,pooled,source_oof_platt,mcar_10,4,294.0,0.36054421768707484,0.865114411882778,0.8057098565197349,0.4809242446844815,0.5075586383024553,0.15309905047733074,0.16462009551596,0.8061224489795918,0.7784524287434764,0.7164179104477612,0.7578947368421053,0.6792452830188679,0.7924528301886793,-0.07602949767780051,1.9582460925452374,0.09094991872662778
hungary,tabpfn,pooled,source_oof_platt,mcar_10,5,294.0,0.36054421768707484,0.8666700120433561,0.7835365984937426,0.4767032199716286,0.5055213746173782,0.15063097699300027,0.16312575790170858,0.826530612244898,0.8005820955439582,0.746268656716418,0.7894736842105263,0.7075471698113207,0.7924528301886793,-0.028552345210664055,1.9397029606925784,0.09592236549645744
hungary,tabpfn,pooled,source_oof_platt,mcar_10,6,294.0,0.36054421768707484,0.8666198313930149,0.7920460692353013,0.4792972467856698,0.5073294002706717,0.15202181453487887,0.16414844256863934,0.8129251700680272,0.7920012043356082,0.7342995169082126,0.7524752475247525,0.7169811320754716,0.7924528301886793,-0.039322893263494,2.00290681233676,0.0925700095191258
hungary,tabpfn,pooled,source_oof_platt,mcar_10,7,294.0,0.36054421768707484,0.8639100762745885,0.7904473073897345,0.48287276685366676,0.5102975671336318,0.1539083122482475,0.16608632550895283,0.8163265306122449,0.7864311521477318,0.7272727272727273,0.782608695652174,0.6792452830188679,0.7547169811320755,-0.04024542909873496,1.9803358284724473,0.08936786881693615
hungary,tabpfn,pooled,source_oof_platt,mcar_10,8,294.0,0.36054421768707484,0.8780108390204737,0.8149340332917869,0.4694107940460235,0.4962669750072469,0.14797722165967833,0.1596460976339429,0.7993197278911565,0.7751906864712966,0.7121951219512195,0.7373737373737373,0.6886792452830188,0.8301886792452831,-0.03156670821524898,2.024826227731475,0.08135477693453516
hungary,tabpfn,pooled,source_oof_platt,mcar_10,9,294.0,0.36054421768707484,0.8555299076676034,0.8022713255005436,0.4879360971401818,0.5153248369556256,0.1562243447993125,0.1682839960396808,0.7857142857142857,0.7666097952629466,0.7014218009478673,0.7047619047619048,0.6981132075471698,0.7264150943396226,-0.08926297124835175,1.8975622614408871,0.09299895202157314
hungary,tabpfn,pooled,source_oof_platt,mcar_30,0,294.0,0.36054421768707484,0.8036431152147732,0.7483896055958673,0.5550306554140984,0.5602709496325161,0.18592963302091625,0.18808025826808553,0.7380952380952381,0.7355479727017262,0.6666666666666666,0.616,0.7264150943396226,0.6792452830188679,-0.5269232571419642,1.7342899127240654,0.14869067030587418
hungary,tabpfn,pooled,source_oof_platt,mcar_30,1,294.0,0.36054421768707484,0.8232637494981935,0.7343153198052926,0.5388770537226162,0.5449144685533893,0.1786283917869833,0.18100800934095446,0.7585034013605442,0.7617924528301887,0.6978723404255319,0.6356589147286822,0.7735849056603774,0.6698113207547169,-0.48326929395040785,1.8372993350910174,0.1300509726681785
hungary,tabpfn,pooled,source_oof_platt,mcar_30,2,294.0,0.36054421768707484,0.829084704937776,0.7445634049388785,0.5370742225382723,0.5376521507135589,0.178239708247564,0.1784392871116277,0.7380952380952381,0.7437775993576877,0.6778242677824268,0.6090225563909775,0.7641509433962265,0.6509433962264151,-0.5644510836284411,1.85508717933831,0.12087809789234974
hungary,tabpfn,pooled,source_oof_platt,mcar_30,3,294.0,0.36054421768707484,0.8298875953432355,0.7512062077106827,0.5375261028110776,0.540923866503114,0.1779036051660396,0.17913610086733023,0.7517006802721088,0.7503010839020474,0.683982683982684,0.632,0.7452830188679245,0.6981132075471698,-0.5333839909498819,1.8980173140157162,0.12581070659330415
hungary,tabpfn,pooled,source_oof_platt,mcar_30,4,294.0,0.36054421768707484,0.8510136491368928,0.7680998148095349,0.5189161702194074,0.52717802576206,0.16911123502092223,0.17257806173989726,0.7755102040816326,0.7689181051786431,0.7053571428571429,0.6694915254237288,0.7452830188679245,0.7358490566037735,-0.4308638684617575,2.1146473670886308,0.10910378356179477
hungary,tabpfn,pooled,source_oof_platt,mcar_30,5,294.0,0.36054421768707484,0.8366619831393014,0.7670483154013833,0.5328492188402291,0.5397204240372288,0.17549098721419337,0.17817051740141926,0.7653061224489796,0.77328382175833,0.7112970711297071,0.6390977443609023,0.8018867924528302,0.7075471698113207,-0.48403129575770143,2.065121310427576,0.12367013078289743
hungary,tabpfn,pooled,source_oof_platt,mcar_30,6,294.0,0.36054421768707484,0.8135287033319952,0.7243312966688911,0.5501590718871102,0.5527610110404441,0.18368462000341854,0.18474470691791214,0.7346938775510204,0.7328883982336412,0.6637931034482759,0.6111111111111112,0.7264150943396226,0.5849056603773585,-0.5320189194998075,1.7963016194218329,0.1400590278963041
hungary,tabpfn,pooled,source_oof_platt,mcar_30,7,294.0,0.36054421768707484,0.8261240465676435,0.728225140810582,0.5409635760153532,0.5453027783042654,0.17974806479429267,0.181553868200389,0.7551020408163265,0.7529606583701325,0.6869565217391305,0.6370967741935484,0.7452830188679245,0.6415094339622641,-0.49926262987379333,1.9536561279387405,0.12508763943350726
hungary,tabpfn,pooled,source_oof_platt,mcar_30,8,294.0,0.36054421768707484,0.8344540345242875,0.7645764916812821,0.5326348188896977,0.5408348202238547,0.17569446725766022,0.1790557193730906,0.7482993197278912,0.7414692894419912,0.672566371681416,0.6333333333333333,0.7169811320754716,0.7075471698113207,-0.4502177884588074,2.0315141340912053,0.11749216523126721
hungary,tabpfn,pooled,source_oof_platt,mcar_30,9,294.0,0.36054421768707484,0.8097149739060618,0.7181894753544293,0.5485142253351039,0.557548703203721,0.18294017340544125,0.1868786386190622,0.717687074829932,0.7113608992372541,0.6375545851528385,0.5934959349593496,0.6886792452830188,0.6509433962264151,-0.4354164880971432,1.8155594423165633,0.13749413600007654
hungary,tabpfn,pooled,source_oof_platt,mcar_50,0,294.0,0.36054421768707484,0.763598956242473,0.6500118047415321,0.6113535599245723,0.5970516219655647,0.21114211208923103,0.20433128624286817,0.6836734693877551,0.7094540345242875,0.6463878326996197,0.5414012738853503,0.8018867924528302,0.5471698113207547,-0.7789186729318358,1.6449349824155237,0.23135753982985793
hungary,tabpfn,pooled,source_oof_platt,mcar_50,1,294.0,0.36054421768707484,0.7749899638699317,0.6771742803618596,0.6001447444248814,0.5851504900054013,0.20664793051999633,0.19932427700541377,0.6700680272108843,0.7029305499799278,0.6420664206642066,0.5272727272727272,0.8207547169811321,0.5660377358490566,-0.8001462874855165,1.6340437299769068,0.20487663553818647
hungary,tabpfn,pooled,source_oof_platt,mcar_50,2,294.0,0.36054421768707484,0.7871838619028503,0.6951900349351589,0.591497770053739,0.5749385054454262,0.20260781005025402,0.19467994576256334,0.673469387755102,0.7014753111200321,0.6390977443609023,0.53125,0.8018867924528302,0.5471698113207547,-0.8484977913468272,1.838358150931956,0.18481385140091522
hungary,tabpfn,pooled,source_oof_platt,mcar_50,3,294.0,0.36054421768707484,0.7581543556804496,0.6377532114002282,0.6336822322001866,0.6043571278305268,0.2222344531223813,0.20841342353394732,0.6224489795918368,0.6656965074267363,0.6105263157894737,0.4860335195530726,0.8207547169811321,0.5283018867924528,-0.9695937208518065,1.586262705514145,0.2598486229575244
hungary,tabpfn,pooled,source_oof_platt,mcar_50,4,294.0,0.36054421768707484,0.7919008430349257,0.6911763834685001,0.6096976050759312,0.5824792455462959,0.21108688227079042,0.1981179684173105,0.6428571428571429,0.6939983942191891,0.6391752577319587,0.5027027027027027,0.8773584905660378,0.5849056603773585,-1.0735826572612548,2.0773948413318815,0.2108181712218506
hungary,tabpfn,pooled,source_oof_platt,mcar_50,5,294.0,0.36054421768707484,0.7454335608189482,0.6384362760297984,0.6238543859543464,0.6068972723538753,0.21770278783194705,0.20937144587005918,0.6326530612244898,0.6675030108390205,0.6086956521739131,0.49411764705882355,0.7924528301886793,0.5188679245283019,-0.8090462217994616,1.617312584887297,0.23342413106371113
hungary,tabpfn,pooled,source_oof_platt,mcar_50,6,294.0,0.36054421768707484,0.8005570052187877,0.7314000059292948,0.5945133971379265,0.5803269683968533,0.2037915028927842,0.19681974436099334,0.6564625850340136,0.6840626254516259,0.6217228464419475,0.515527950310559,0.7830188679245284,0.660377358490566,-0.8517079750337053,1.952187852358583,0.18963661103247875
hungary,tabpfn,pooled,source_oof_platt,mcar_50,7,294.0,0.36054421768707484,0.7632476916900843,0.6883756879916996,0.6174388031940443,0.5996304909064174,0.21490180170633397,0.206259903836486,0.6428571428571429,0.6754817342432757,0.6153846153846154,0.5029940119760479,0.7924528301886793,0.5754716981132075,-0.8370009315681065,1.5998462043928205,0.2224262719874175
hungary,tabpfn,pooled,source_oof_platt,mcar_50,8,294.0,0.36054421768707484,0.7958902047370534,0.7052967494775997,0.5893000517077908,0.5734758668803137,0.20163232595554278,0.19394865369093106,0.6768707482993197,0.7041348855881173,0.6415094339622641,0.5345911949685535,0.8018867924528302,0.5943396226415094,-0.8500398756251687,1.8717383632743105,0.1805461650448847
hungary,tabpfn,pooled,source_oof_platt,mcar_50,9,294.0,0.36054421768707484,0.7184363709353674,0.6005111000942369,0.6287824043691097,0.6166991244444509,0.22031975583253813,0.2143140431553246,0.6156462585034014,0.6418606985146527,0.5799256505576208,0.4785276073619632,0.7358490566037735,0.44339622641509435,-0.6996782930826366,1.3231514797194486,0.23795656119627565
hungary,tabpfn,pooled,source_oof_platt,natural,0,294.0,0.36054421768707484,0.8945704536330791,0.8431784694042714,0.4442126460355067,0.4827391203863696,0.13721839388427012,0.15391007719157893,0.8197278911564626,0.7849759132878362,0.7253886010362695,0.8045977011494253,0.660377358490566,0.8207547169811321,0.2858786432813115,2.118280766955406,0.07196988206042282
switzerland,ebm,site_class_balanced,raw,drop_advanced,0,123.0,0.9349593495934959,0.8152173913043479,0.9804541725647015,0.6084884074071609,0.5439786993081838,0.21002432460349568,0.18234168428877748,0.6666666666666666,0.7635869565217391,0.7853403141361257,0.9868421052631579,0.6521739130434783,0.7478260869565218,2.997531598701839,1.380673098893417,0.23368672945719887
switzerland,ebm,site_class_balanced,raw,drop_exercise,0,123.0,0.9349593495934959,0.7336956521739131,0.971037926581924,0.7895204047495453,0.6289757467668596,0.2890656921965923,0.21897632238187492,0.4796747967479675,0.6054347826086957,0.6235294117647059,0.9636363636363636,0.4608695652173913,0.45217391304347826,3.164814080277464,1.1745251560167473,0.5595670013446714
switzerland,ebm,site_class_balanced,raw,drop_routine,0,123.0,0.9349593495934959,0.7576086956521739,0.9742492406850147,0.24661184204054748,0.8026537621252318,0.06508811685462518,0.267184408159717,0.9349593495934959,0.616304347826087,0.9658119658119658,0.9495798319327731,0.9826086956521739,0.3391304347826087,1.054411918721765,1.010503298080384,0.02759297047690562
switzerland,ebm,site_class_balanced,raw,empirical_source,0,123.0,0.9349593495934959,0.7326086956521739,0.9683250361538325,0.627791507894081,0.6111519106919348,0.2188357579301855,0.21256940133513286,0.6097560975609756,0.6168478260869565,0.7446808510638298,0.958904109589041,0.6086956521739131,0.23478260869565218,2.781631049620149,0.9947862819738955,0.2589221117834384
switzerland,ebm,site_class_balanced,raw,empirical_source,1,123.0,0.9349593495934959,0.7521739130434781,0.9704442091840382,0.6033830513675079,0.5859773098525392,0.2079108174448771,0.20187320311822923,0.6504065040650406,0.6967391304347825,0.774869109947644,0.9736842105263158,0.6434782608695652,0.22608695652173913,2.8356832079494665,1.1542804341500654,0.22905204738708773
switzerland,ebm,site_class_balanced,raw,empirical_source,2,123.0,0.9349593495934959,0.7717391304347826,0.9761826698614691,0.6195956654958424,0.5815878896891841,0.21574843749083672,0.19851826361487757,0.6504065040650406,0.754891304347826,0.7724867724867724,0.9864864864864865,0.6347826086956522,0.6608695652173913,2.812151183599282,1.130367830251377,0.24272580970893262
switzerland,ebm,site_class_balanced,raw,empirical_source,3,123.0,0.9349593495934959,0.7630434782608695,0.9722838490721591,0.6113117202288628,0.5810116088603399,0.2109308842760896,0.19954196468858243,0.6585365853658537,0.7010869565217391,0.78125,0.974025974025974,0.6521739130434783,0.22608695652173913,2.8476591303442165,1.1541869447624402,0.2396445857680766
switzerland,ebm,site_class_balanced,raw,empirical_source,4,123.0,0.9349593495934959,0.7630434782608695,0.9721547009118554,0.6117093533794371,0.589967409755067,0.21288162261983748,0.20384586591939957,0.6341463414634146,0.6880434782608695,0.7619047619047619,0.972972972972973,0.6260869565217392,0.24347826086956523,2.8605867993292793,1.2044477668211284,0.23105112119664298
switzerland,ebm,site_class_balanced,raw,empirical_source,5,123.0,0.9349593495934959,0.7108695652173913,0.9657656802958119,0.6320023697994137,0.6266562841767892,0.2179870823355819,0.21682756765923725,0.6585365853658537,0.6429347826086956,0.7835051546391752,0.9620253164556962,0.6608695652173913,0.20869565217391303,2.7106413344693148,0.8476599115449978,0.28429993233043727
switzerland,ebm,site_class_balanced,raw,empirical_source,6,123.0,0.9349593495934959,0.8195652173913044,0.9808307215921979,0.5924644116915527,0.5456657233036528,0.20426158776381823,0.1837027348322154,0.6504065040650406,0.754891304347826,0.7724867724867724,0.9864864864864865,0.6347826086956522,0.7739130434782608,2.9260729560629386,1.3756657817659361,0.2081733582443895
switzerland,ebm,site_class_balanced,raw,empirical_source,7,123.0,0.9349593495934959,0.8228260869565218,0.9820524911729765,0.6186771288408521,0.5398006424035293,0.21425505400472897,0.18036777216704344,0.6747967479674797,0.7679347826086956,0.7916666666666666,0.987012987012987,0.6608695652173913,0.7739130434782608,2.9764917218597042,1.2557474012360592,0.2486638844068353
switzerland,ebm,site_class_balanced,raw,empirical_source,8,123.0,0.9349593495934959,0.6695652173913044,0.9632220243193199,0.6201500299673115,0.6475063405015298,0.21638199973033762,0.2293650409889264,0.6260162601626016,0.6255434782608695,0.7578947368421053,0.96,0.6260869565217392,0.22608695652173913,2.653826054445658,0.8348674344296348,0.24092800772891243
switzerland,ebm,site_class_balanced,raw,empirical_source,9,123.0,0.9349593495934959,0.7369565217391305,0.9690932030904895,0.6014353826911288,0.5993033613822079,0.2072958672948783,0.2073154256394204,0.6422764227642277,0.692391304347826,0.7684210526315789,0.9733333333333334,0.6347826086956522,0.21739130434782608,2.7394584803765585,1.0239684983911175,0.22771127440836866
switzerland,ebm,site_class_balanced,raw,mar_age_sex_30,0,123.0,0.9349593495934959,0.6521739130434783,0.9640014154413211,0.5232604446996766,0.702175651971516,0.177900861866663,0.25414068797687317,0.7154471544715447,0.6152173913043478,0.8275862068965517,0.9545454545454546,0.7304347826086957,0.3652173913043478,2.42148807054609,0.6202047588137215,0.13168521071163677
switzerland,ebm,site_class_balanced,raw,mar_age_sex_30,1,123.0,0.9349593495934959,0.7,0.9522709310488985,0.5251489085991276,0.706581081768851,0.17512565176126044,0.22786300460470899,0.7317073170731707,0.6820652173913043,0.8374384236453202,0.9659090909090909,0.7391304347826086,0.08695652173913043,2.449825315776491,0.7418048640997349,0.14858708678546204
switzerland,ebm,site_class_balanced,raw,mar_age_sex_30,2,123.0,0.9349593495934959,0.5597826086956522,0.9415462639529676,0.547820109767343,0.8192194143902441,0.18522497230632942,0.28976748770457145,0.7235772357723578,0.5614130434782609,0.8349514563106796,0.945054945054945,0.7478260869565218,0.1826086956521739,2.4737226409847395,0.3765694569494603,0.16179408974052698
switzerland,ebm,site_class_balanced,raw,mar_age_sex_30,3,123.0,0.9349593495934959,0.6978260869565218,0.9731190045867516,0.5097462568902265,0.6517097525229327,0.17152330042773029,0.23487703256372452,0.7317073170731707,0.5657608695652174,0.8405797101449275,0.9456521739130435,0.7565217391304347,0.45217391304347826,2.396901656673404,0.6433665679875917,0.12382980090554956
switzerland,ebm,site_class_balanced,raw,mar_age_sex_30,4,123.0,0.9349593495934959,0.6347826086956522,0.9520736128039049,0.5165527400829483,0.7720946403126,0.171565870326994,0.2613029242598674,0.7398373983739838,0.5701086956521739,0.8461538461538461,0.946236559139785,0.7652173913043478,0.2782608695652174,2.4159291916145498,0.44632092387512107,0.13898324320479785
switzerland,ebm,site_class_balanced,raw,mar_age_sex_30,5,123.0,0.9349593495934959,0.7130434782608696,0.9703407102573934,0.5311196452588969,0.6346762288634564,0.18117133384860798,0.2229716100410099,0.7560975609756098,0.6951086956521739,0.8543689320388349,0.967032967032967,0.7652173913043478,0.3391304347826087,2.4638434261146105,0.8245920027174707,0.14315870948595502
switzerland,ebm,site_class_balanced,raw,mar_age_sex_30,6,123.0,0.9349593495934959,0.7510869565217391,0.9744795282513236,0.48683684993295745,0.6042644837973419,0.15888600748424678,0.20627245460908628,0.7723577235772358,0.7619565217391304,0.8640776699029126,0.978021978021978,0.7739130434782608,0.3217391304347826,2.3830058979864264,0.8632656818944668,0.11394258811951077
switzerland,ebm,site_class_balanced,raw,mar_age_sex_30,7,123.0,0.9349593495934959,0.692391304347826,0.9682058142580928,0.5493913470500656,0.655829978154631,0.189580249276281,0.23643349850840564,0.6504065040650406,0.5804347826086956,0.7794871794871795,0.95,0.6608695652173913,0.33043478260869563,2.517034586831524,0.7659946361363347,0.14978122189907314
switzerland,ebm,site_class_balanced,raw,mar_age_sex_30,8,123.0,0.9349593495934959,0.7467391304347826,0.9757966277109447,0.4907559388878418,0.604932418161897,0.16329381691667166,0.2109011872469755,0.7723577235772358,0.6456521739130434,0.8666666666666667,0.9578947368421052,0.7913043478260869,0.4,2.402811856078243,0.8069609481688542,0.11728710219340373
switzerland,ebm,site_class_balanced,raw,mar_age_sex_30,9,123.0,0.9349593495934959,0.8369565217391305,0.9868044201187391,0.46318498853073553,0.5039037728162179,0.15146504659630206,0.16891054010818252,0.7560975609756098,0.6951086956521739,0.8543689320388349,0.967032967032967,0.7652173913043478,0.7130434782608696,2.492260424773704,1.4060704379413125,0.08465481978451145
switzerland,ebm,site_class_balanced,raw,mcar_10,0,123.0,0.9349593495934959,0.6760869565217391,0.954411315504837,0.5640400140748185,0.6979905867083723,0.19069437497668942,0.23600269814146996,0.7154471544715447,0.6733695652173913,0.8258706467661692,0.9651162790697675,0.7217391304347827,0.26956521739130435,2.499522801719585,0.6166535885048922,0.18780680609802336
switzerland,ebm,site_class_balanced,raw,mcar_10,1,123.0,0.9349593495934959,0.7217391304347827,0.9482034654036647,0.5550055296557568,0.7161138881806769,0.18316214603266098,0.22303537257342224,0.7154471544715447,0.7315217391304347,0.8241206030150754,0.9761904761904762,0.7130434782608696,0.3217391304347826,2.492145820422839,0.6309333835489335,0.19561705492926618
switzerland,ebm,site_class_balanced,raw,mcar_10,2,123.0,0.9349593495934959,0.7347826086956522,0.9751845091912658,0.5360926468971956,0.6124332091101721,0.18113533752712105,0.21427368269396077,0.7317073170731707,0.6820652173913043,0.8374384236453202,0.9659090909090909,0.7391304347826086,0.4,2.48739712066928,0.773998813033096,0.1480453646164022
switzerland,ebm,site_class_balanced,raw,mcar_10,3,123.0,0.9349593495934959,0.7445652173913044,0.9749527302090812,0.5377402431525379,0.5892632992674768,0.18357825314011353,0.20585785513831462,0.7073170731707317,0.6690217391304347,0.82,0.9647058823529412,0.7130434782608696,0.3391304347826087,2.5463134585108937,1.0191287462428016,0.14983430021684743
switzerland,ebm,site_class_balanced,raw,mcar_10,4,123.0,0.9349593495934959,0.7315217391304347,0.9750285882445391,0.5421493300088184,0.6087922337854457,0.18366241364850427,0.21402616264479896,0.7154471544715447,0.6152173913043478,0.8275862068965517,0.9545454545454546,0.7304347826086957,0.5043478260869565,2.505640372165639,0.761023074880804,0.15429220776368796
switzerland,ebm,site_class_balanced,raw,mcar_10,5,123.0,0.9349593495934959,0.6630434782608696,0.9544276258685402,0.5806213448986957,0.6887951987993767,0.1970911923687448,0.23885123182650164,0.7154471544715447,0.6733695652173913,0.8258706467661692,0.9651162790697675,0.7217391304347827,0.19130434782608696,2.563856330032247,0.6943858702259973,0.2022056977057291
switzerland,ebm,site_class_balanced,raw,mcar_10,6,123.0,0.9349593495934959,0.7347826086956523,0.9740735725304104,0.5469924964621575,0.5956628260391494,0.18540188762689752,0.20772060845266746,0.7073170731707317,0.6690217391304347,0.82,0.9647058823529412,0.7130434782608696,0.3652173913043478,2.5704730479565603,0.9411473844768352,0.15693625851251528
switzerland,ebm,site_class_balanced,raw,mcar_10,7,123.0,0.9349593495934959,0.7478260869565218,0.9730900235293104,0.555859962131828,0.5881868378738047,0.1862543253842064,0.20154451048728383,0.7398373983739838,0.7445652173913043,0.8415841584158416,0.9770114942528736,0.7391304347826086,0.30434782608695654,2.6109929188906764,0.9834452980823264,0.18633572836827503
switzerland,ebm,site_class_balanced,raw,mcar_10,8,123.0,0.9349593495934959,0.7967391304347826,0.9811721639478461,0.5266450783807562,0.5554878306007401,0.17676412509595754,0.1890537186226859,0.6991869918699187,0.7228260869565217,0.8121827411167513,0.975609756097561,0.6956521739130435,0.5043478260869565,2.571436313948386,1.0197373514025099,0.142635431233286
switzerland,ebm,site_class_balanced,raw,mcar_10,9,123.0,0.9349593495934959,0.7532608695652174,0.9701796672473959,0.5648843908132333,0.6048201826264703,0.1917268569971026,0.2051489258156922,0.6991869918699187,0.7228260869565217,0.8121827411167513,0.975609756097561,0.6956521739130435,0.28695652173913044,2.6400579925406644,0.9140125846682545,0.18206372999373344
switzerland,ebm,site_class_balanced,raw,mcar_30,0,123.0,0.9349593495934959,0.6684782608695653,0.9564307376601683,0.5277139825127006,0.6898702319612,0.17712701996380822,0.23369803824395904,0.6991869918699187,0.6646739130434782,0.8140703517587939,0.9642857142857143,0.7043478260869566,0.23478260869565218,2.4322741761881876,0.7181062622049019,0.14670122698955324
switzerland,ebm,site_class_balanced,raw,mcar_30,1,123.0,0.9349593495934959,0.75,0.978584294112459,0.49280208670720843,0.5848722125595603,0.16454268245043827,0.20521728173391293,0.7317073170731707,0.6820652173913043,0.8374384236453202,0.9659090909090909,0.7391304347826086,0.5217391304347826,2.392967139576612,0.9539736814953167,0.11183543095843647
switzerland,ebm,site_class_balanced,raw,mcar_30,2,123.0,0.9349593495934959,0.7250000000000001,0.9609422785305585,0.4602367811859051,0.6746882960486213,0.14627108327278235,0.21956895768899815,0.8048780487804879,0.7211956521739131,0.8867924528301887,0.9690721649484536,0.8173913043478261,0.5652173913043478,2.250925788501868,0.8396153219736048,0.09566421626518151
switzerland,ebm,site_class_balanced,raw,mcar_30,3,123.0,0.9349593495934959,0.7130434782608696,0.9735842433964528,0.5029285499835403,0.6206576230731607,0.1700172328592621,0.22024357862724842,0.7073170731707317,0.6108695652173913,0.8217821782178217,0.9540229885057471,0.7217391304347827,0.4,2.3799955848602976,0.8828317353433379,0.11881012738802453
switzerland,ebm,site_class_balanced,raw,mcar_30,4,123.0,0.9349593495934959,0.5891304347826087,0.9502954989666347,0.5269318246471196,0.7574795292999693,0.17759980368854966,0.27085782608334735,0.7235772357723578,0.5614130434782609,0.8349514563106796,0.945054945054945,0.7478260869565218,0.1826086956521739,2.4384500162292513,0.4367591018789929,0.13836709830935395
switzerland,ebm,site_class_balanced,raw,mcar_30,5,123.0,0.9349593495934959,0.6315217391304349,0.962619051871918,0.48133273654575615,0.713693267452549,0.15869229717349664,0.2581847377211394,0.7804878048780488,0.5918478260869565,0.8732394366197183,0.9489795918367347,0.808695652173913,0.3739130434782609,2.3205314885351216,0.611991290993919,0.10092434449815349
switzerland,ebm,site_class_balanced,raw,mcar_30,6,123.0,0.9349593495934959,0.6673913043478261,0.9631569059809922,0.5129923200763026,0.6841911555381465,0.1702165785561627,0.24012991423107558,0.7398373983739838,0.6282608695652174,0.8446601941747572,0.9560439560439561,0.7565217391304347,0.2,2.3978162132884444,0.6501104205414264,0.13112717305128457
switzerland,ebm,site_class_balanced,raw,mcar_30,7,123.0,0.9349593495934959,0.7206521739130435,0.9740409208147432,0.5198306391484778,0.6210091284095074,0.17443243116927215,0.21735861516573968,0.7073170731707317,0.6690217391304347,0.82,0.9647058823529412,0.7130434782608696,0.40869565217391307,2.4258981942158986,0.739348318423342,0.13778770421918646
switzerland,ebm,site_class_balanced,raw,mcar_30,8,123.0,0.9349593495934959,0.6217391304347826,0.946959395131137,0.5259424337023453,0.8042520839537568,0.17400642354557622,0.26527054956596685,0.7235772357723578,0.6195652173913043,0.8333333333333334,0.9550561797752809,0.7391304347826086,0.2782608695652174,2.458060169658616,0.3299089694848325,0.14876498082132275
switzerland,ebm,site_class_balanced,raw,mcar_30,9,123.0,0.9349593495934959,0.7228260869565217,0.9607458894236472,0.5168583123930536,0.6809259515931254,0.17083464384792804,0.22374928222717433,0.7317073170731707,0.7402173913043478,0.835820895522388,0.9767441860465116,0.7304347826086957,0.33043478260869563,2.3981069654393674,0.651345779541172,0.14059651860021447
switzerland,ebm,site_class_balanced,raw,mcar_50,0,123.0,0.9349593495934959,0.7250000000000001,0.9683226324634764,0.3842433340827849,0.6720714917807926,0.1152683848778471,0.2298287975298446,0.8699186991869918,0.7559782608695652,0.9272727272727272,0.9714285714285714,0.8869565217391304,0.43478260869565216,1.9062007902013294,1.0249731440776768,0.049192392425522896
switzerland,ebm,site_class_balanced,raw,mcar_50,1,123.0,0.9349593495934959,0.7445652173913044,0.9726020136277301,0.3914661351353969,0.6308802224010074,0.11899853027463285,0.2174573927856017,0.8617886178861789,0.6934782608695652,0.9230769230769231,0.9622641509433962,0.8869565217391304,0.4956521739130435,2.0113961844860246,1.0273207151971568,0.05228918810024976
switzerland,ebm,site_class_balanced,raw,mcar_50,2,123.0,0.9349593495934959,0.5945652173913043,0.9526107578767438,0.45352497014356313,0.8564232839959072,0.14618503015473616,0.30699961812082704,0.7886178861788617,0.5380434782608696,0.8796296296296297,0.9405940594059405,0.8260869565217391,0.4260869565217391,2.425011378621927,0.2563079068714479,0.08666206103033876
switzerland,ebm,site_class_balanced,raw,mcar_50,3,123.0,0.9349593495934959,0.682608695652174,0.9632076496511061,0.4436696204717355,0.7113381676801499,0.143098284922354,0.24439763972451228,0.7560975609756098,0.5788043478260869,0.8571428571428571,0.9473684210526315,0.782608695652174,0.43478260869565216,2.2298380118168395,0.6113469701272642,0.08284635538395037
switzerland,ebm,site_class_balanced,raw,mcar_50,4,123.0,0.9349593495934959,0.5956521739130436,0.939587637913472,0.44357884777531076,0.8668209348929486,0.13829039083150077,0.2877169643507435,0.8373983739837398,0.6804347826086956,0.908256880733945,0.9611650485436893,0.8608695652173913,0.06086956521739131,2.4089110966429637,0.2704085524418071,0.09436054829693145
switzerland,ebm,site_class_balanced,raw,mcar_50,5,123.0,0.9349593495934959,0.6673913043478261,0.9600994583703946,0.4671093012914633,0.7137001029667785,0.15102156200384742,0.2473016658992931,0.7804878048780488,0.5336956521739131,0.8744186046511628,0.94,0.8173913043478261,0.4782608695652174,2.2883077592756806,0.6305881449960526,0.09726330878356894
switzerland,ebm,site_class_balanced,raw,mcar_50,6,123.0,0.9349593495934959,0.591304347826087,0.9533632571584489,0.4662084332048742,0.7657896248022303,0.1501391124265375,0.27280745825989816,0.7967479674796748,0.6005434782608696,0.8837209302325582,0.95,0.8260869565217391,0.23478260869565218,2.3194247517511815,0.5037100953846593,0.098524354387425
switzerland,ebm,site_class_balanced,raw,mcar_50,7,123.0,0.9349593495934959,0.6608695652173913,0.9538661849292811,0.45657500588686395,0.7446024757881281,0.1462190396314259,0.24813355576532553,0.7886178861788617,0.6543478260869565,0.8773584905660378,0.9587628865979382,0.808695652173913,0.3217391304347826,2.278320564127012,0.5529614343501,0.10085301184005764
switzerland,ebm,site_class_balanced,raw,mcar_50,8,123.0,0.9349593495934959,0.5228260869565218,0.921757861574464,0.5105007433509048,0.9334346551732879,0.16658790050478856,0.31257556088149324,0.7235772357723578,0.5614130434782609,0.8349514563106796,0.945054945054945,0.7478260869565218,0.09565217391304348,2.679055189373994,-0.014781694307818859,0.15287211357817515
switzerland,ebm,site_class_balanced,raw,mcar_50,9,123.0,0.9349593495934959,0.7369565217391305,0.975848384395163,0.4454753937438464,0.640420599209296,0.14360429702037036,0.2267930376980396,0.8048780487804879,0.7211956521739131,0.8867924528301887,0.9690721649484536,0.8173913043478261,0.43478260869565216,2.1613080342750868,0.9561487839485727,0.07131691418520472
switzerland,ebm,site_class_balanced,raw,natural,0,123.0,0.9349593495934959,0.7641304347826088,0.9751828853347486,0.5647322274309168,0.5769007846496274,0.19128346520169995,0.19808201278106463,0.6910569105691057,0.7184782608695652,0.8061224489795918,0.9753086419753086,0.6869565217391305,0.3130434782608696,2.6821120191564285,0.9931280245696905,0.19357507853240538
switzerland,ebm,site_class_balanced,source_oof_platt,drop_advanced,0,123.0,0.9349593495934959,0.8152173913043479,0.9804541725647015,0.4422577848349543,0.5817631118133084,0.13374757599367626,0.19642772137493805,0.8536585365853658,0.6891304347826087,0.9181818181818182,0.9619047619047619,0.8782608695652174,0.7478260869565218,1.8252400089452003,2.258109904257144,0.038245947745056165
switzerland,ebm,site_class_balanced,source_oof_platt,drop_exercise,0,123.0,0.9349593495934959,0.7336956521739131,0.9710385714207947,0.5329241203496602,0.6333996069375293,0.17278389819692283,0.2207833393315871,0.7804878048780488,0.65,0.8720379146919431,0.9583333333333334,0.8,0.45217391304347826,2.1686123698196935,1.9190506216911491,0.07388510396324316
switzerland,ebm,site_class_balanced,source_oof_platt,drop_routine,0,123.0,0.9349593495934959,0.7576086956521739,0.9742492406850147,0.2547811085631581,0.8131113096327154,0.06436352557864163,0.2905688788162081,0.926829268292683,0.4956521739130435,0.9620253164556962,0.9344262295081968,0.991304347826087,0.3391304347826087,0.23764933974857258,1.627691464286034,0.026907073853604146
switzerland,ebm,site_class_balanced,source_oof_platt,empirical_source,0,123.0,0.9349593495934959,0.7326086956521739,0.9683252439099566,0.4527321950860678,0.6301185428020316,0.1387704883300742,0.2174388850787763,0.8373983739837398,0.7385869565217391,0.9074074074074074,0.9702970297029703,0.8521739130434782,0.23478260869565218,1.9367055706346414,1.6280888625926317,0.0549576471252647
switzerland,ebm,site_class_balanced,source_oof_platt,empirical_source,1,123.0,0.9349593495934959,0.7521739130434781,0.9704442091840382,0.4405455063802314,0.6106923953482501,0.13324119135960513,0.2086096883941332,0.8455284552845529,0.6847826086956521,0.91324200913242,0.9615384615384616,0.8695652173913043,0.22608695652173913,1.8569483528526922,1.8835976213018675,0.04649203919130696
switzerland,ebm,site_class_balanced,source_oof_platt,empirical_source,2,123.0,0.9349593495934959,0.7739130434782608,0.9763986499921438,0.44955024139430955,0.6178046546289577,0.13747258339142182,0.21411117554802064,0.8211382113821138,0.6135869565217391,0.8990825688073395,0.9514563106796117,0.8521739130434782,0.6782608695652174,1.852052988224,1.8554086212746086,0.04264909820037045
switzerland,ebm,site_class_balanced,source_oof_platt,empirical_source,3,123.0,0.9349593495934959,0.7630434782608695,0.9722838490721591,0.44467464655117933,0.608203941344694,0.13481006285376335,0.20766244819878002,0.8536585365853658,0.7472826086956521,0.9174311926605505,0.970873786407767,0.8695652173913043,0.22608695652173913,1.8679820831735574,1.887585070639729,0.04664616103279772
switzerland,ebm,site_class_balanced,source_oof_platt,empirical_source,4,123.0,0.9349593495934959,0.7630434782608695,0.9721547009118554,0.44469716567216505,0.6136570651330792,0.13501996796202492,0.20983315077891776,0.8699186991869918,0.7559782608695652,0.9272727272727272,0.9714285714285714,0.8869565217391304,0.24347826086956523,1.8390074279880044,1.9674626797065502,0.04431576280669177
switzerland,ebm,site_class_balanced,source_oof_platt,empirical_source,5,123.0,0.9349593495934959,0.7108695652173913,0.9657656802958119,0.4572698976425245,0.648278180332134,0.14031764712148775,0.22604919042057392,0.8373983739837398,0.6804347826086956,0.908256880733945,0.9611650485436893,0.8608695652173913,0.20869565217391303,1.9907152857106138,1.387229069367412,0.058181660151275835
switzerland,ebm,site_class_balanced,source_oof_platt,empirical_source,6,123.0,0.9349593495934959,0.8206521739130435,0.9809242008917263,0.43456313303870436,0.5879558857264369,0.13088678639888632,0.1998758410344242,0.8617886178861789,0.6934782608695652,0.9230769230769231,0.9622641509433962,0.8869565217391304,0.782608695652174,1.7593776956235092,2.247027606821505,0.03389953561019021
switzerland,ebm,site_class_balanced,source_oof_platt,empirical_source,7,123.0,0.9349593495934959,0.8228260869565218,0.9820524911729765,0.44538885776917697,0.5787286120186318,0.13609888409576712,0.19592777743621811,0.8455284552845529,0.7429347826086956,0.9124423963133641,0.9705882352941176,0.8608695652173913,0.7739130434782608,1.9099684328734294,2.056492552245299,0.04298035204995432
switzerland,ebm,site_class_balanced,source_oof_platt,empirical_source,8,123.0,0.9349593495934959,0.6706521739130435,0.9633304970822549,0.4528040134487326,0.6677031938879069,0.13857144141396882,0.23601937297280776,0.8455284552845529,0.6266304347826087,0.9140271493212669,0.9528301886792453,0.8782608695652174,0.22608695652173913,1.9440558078805381,1.369796017906485,0.05184780472121712
switzerland,ebm,site_class_balanced,source_oof_platt,empirical_source,9,123.0,0.9349593495934959,0.7369565217391305,0.9690932030904895,0.4402033323024778,0.6260355484488568,0.13340323822918448,0.21620265179732043,0.8617886178861789,0.6934782608695652,0.9230769230769231,0.9622641509433962,0.8869565217391304,0.21739130434782608,1.8703232794943838,1.6739110648247,0.049162002810594504
switzerland,ebm,site_class_balanced,source_oof_platt,mar_age_sex_30,0,123.0,0.9349593495934959,0.6543478260869565,0.9643797986587721,0.40226237768435863,0.7098037092855048,0.11941260066304751,0.2531851472732173,0.8861788617886179,0.6483695652173913,0.9380530973451328,0.954954954954955,0.9217391304347826,0.3652173913043478,1.89525339939667,1.0171672766215545,0.04410826280177454
switzerland,ebm,site_class_balanced,source_oof_platt,mar_age_sex_30,1,123.0,0.9349593495934959,0.7010869565217391,0.9533578875706377,0.4004367535018607,0.6947417489949268,0.11704512018331166,0.23312842594459268,0.8861788617886179,0.7065217391304348,0.9375,0.963302752293578,0.9130434782608695,0.08695652173913043,1.8247250955080152,1.2058768397001263,0.05444581004021952
switzerland,ebm,site_class_balanced,source_oof_platt,mar_age_sex_30,2,123.0,0.9349593495934959,0.5608695652173914,0.9416519553630067,0.41647817205512494,0.7801387826298753,0.12419275247036911,0.27520404461220455,0.8943089430894309,0.6527173913043478,0.9427312775330396,0.9553571428571429,0.9304347826086956,0.1826086956521739,2.155975242728487,0.6142072044813154,0.06901789340519279
switzerland,ebm,site_class_balanced,source_oof_platt,mar_age_sex_30,3,123.0,0.9349593495934959,0.7021739130434783,0.9735644445226086,0.39541336490307594,0.6892926213735743,0.11741699507935724,0.2492807005525557,0.8699186991869918,0.5815217391304348,0.9292035398230089,0.9459459459459459,0.9130434782608695,0.45217391304347826,1.8472777452628926,1.0610978233778772,0.03714626027346986
switzerland,ebm,site_class_balanced,source_oof_platt,mar_age_sex_30,4,123.0,0.9349593495934959,0.6358695652173914,0.9521517408557819,0.400880151052094,0.7602166277034205,0.11776743921874305,0.2668013308144977,0.8943089430894309,0.5945652173913043,0.9432314410480349,0.9473684210526315,0.9391304347826087,0.2782608695652174,2.0306108950558412,0.7404324798464856,0.05532089814316301
switzerland,ebm,site_class_balanced,source_oof_platt,mar_age_sex_30,5,123.0,0.9349593495934959,0.7141304347826087,0.9704258563052724,0.40464024128184806,0.6654692024234276,0.12043261678776852,0.23490867975990623,0.8861788617886179,0.6483695652173913,0.9380530973451328,0.954954954954955,0.9217391304347826,0.3391304347826087,1.7624722855416677,1.3558935187279595,0.038138564515052556
switzerland,ebm,site_class_balanced,source_oof_platt,mar_age_sex_30,6,123.0,0.9349593495934959,0.7521739130434784,0.974562247520693,0.3836839370738872,0.650702225086901,0.1110420860290558,0.2283525181036636,0.8861788617886179,0.5902173913043478,0.9385964912280702,0.9469026548672567,0.9304347826086956,0.3217391304347826,1.6468954109053007,1.4238862964115917,0.03487178433149604
switzerland,ebm,site_class_balanced,source_oof_platt,mar_age_sex_30,7,123.0,0.9349593495934959,0.692391304347826,0.9682058142580928,0.4121669242652923,0.6674587730838424,0.12379655239658559,0.23490043902255206,0.8699186991869918,0.6978260869565218,0.9279279279279279,0.9626168224299065,0.8956521739130435,0.33043478260869563,1.8676618454890104,1.2542405214873715,0.044245367677616915
switzerland,ebm,site_class_balanced,source_oof_platt,mar_age_sex_30,8,123.0,0.9349593495934959,0.7467391304347826,0.975652062754501,0.3816541774653083,0.6464903458654524,0.11207747628100477,0.22788095934126446,0.8617886178861789,0.6353260869565218,0.9237668161434978,0.9537037037037037,0.8956521739130435,0.4,1.71901327088025,1.3213138482993556,0.03547276946558998
switzerland,ebm,site_class_balanced,source_oof_platt,mar_age_sex_30,9,123.0,0.9349593495934959,0.8358695652173913,0.9867056869955606,0.37039323743351693,0.5836363061914221,0.10553537866277707,0.20210520070003088,0.8861788617886179,0.6483695652173913,0.9380530973451328,0.954954954954955,0.9217391304347826,0.7130434782608696,1.3052415534039863,2.2988051718367783,0.018274808496140726
switzerland,ebm,site_class_balanced,source_oof_platt,mcar_10,0,123.0,0.9349593495934959,0.6804347826086956,0.9548377655198945,0.42375533221842204,0.7051062411003063,0.1268884679330935,0.2460762943569072,0.8617886178861789,0.5771739130434783,0.9244444444444444,0.9454545454545454,0.9043478260869565,0.26956521739130435,1.977232721011526,1.0068112048762228,0.058331588006146524
switzerland,ebm,site_class_balanced,source_oof_platt,mcar_10,1,123.0,0.9349593495934959,0.7206521739130435,0.9479863674748963,0.4184357463454676,0.7082497244927312,0.12332952091192267,0.23699643345168236,0.8617886178861789,0.6353260869565218,0.9237668161434978,0.9537037037037037,0.8956521739130435,0.3130434782608696,1.9599109622169915,1.0259956144481852,0.06841295937137001
switzerland,ebm,site_class_balanced,source_oof_platt,mcar_10,2,123.0,0.9349593495934959,0.7358695652173913,0.9752722284895113,0.4071342691178947,0.6545069137491757,0.12181762515159729,0.23271880291030764,0.8455284552845529,0.5684782608695652,0.9147982062780269,0.9444444444444444,0.8869565217391304,0.4,1.8302084685190623,1.2682837617498786,0.03809720263350203
switzerland,ebm,site_class_balanced,source_oof_platt,mcar_10,3,123.0,0.9349593495934959,0.7434782608695653,0.9748427715178869,0.40816611595211366,0.6347756543006007,0.12140197017870312,0.22318460499228035,0.8536585365853658,0.6309782608695652,0.918918918918919,0.9532710280373832,0.8869565217391304,0.3391304347826087,1.6818147357785689,1.6682313562602715,0.034300615222144094
switzerland,ebm,site_class_balanced,source_oof_platt,mcar_10,4,123.0,0.9349593495934959,0.7336956521739131,0.9751931151831665,0.40883457616934177,0.6489156364908784,0.12284740544199438,0.23035871727629714,0.8617886178861789,0.6353260869565218,0.9237668161434978,0.9537037037037037,0.8956521739130435,0.5043478260869565,1.8585664493953726,1.2489367447221367,0.04061707492627268
switzerland,ebm,site_class_balanced,source_oof_platt,mcar_10,5,123.0,0.9349593495934959,0.6630434782608696,0.9544276258685402,0.4301562060651704,0.6834458984096186,0.12932939172261124,0.23649182063540472,0.8536585365853658,0.6891304347826087,0.9181818181818182,0.9619047619047619,0.8782608695652174,0.19130434782608696,1.9736971968045622,1.1379103508427975,0.06315873071287215
switzerland,ebm,site_class_balanced,source_oof_platt,mcar_10,6,123.0,0.9349593495934959,0.7347826086956523,0.9740735725304104,0.41288430995406006,0.6343827166384435,0.1231415427201433,0.22222708714225592,0.8536585365853658,0.6309782608695652,0.918918918918919,0.9532710280373832,0.8869565217391304,0.3652173913043478,1.7732715915318005,1.5397721221554144,0.038764042570676706
switzerland,ebm,site_class_balanced,source_oof_platt,mcar_10,7,123.0,0.9349593495934959,0.7478260869565218,0.9730900235293104,0.4192594612086631,0.6283481659812764,0.12434375842839006,0.21817972026402319,0.8617886178861789,0.6353260869565218,0.9237668161434978,0.9537037037037037,0.8956521739130435,0.30434782608695654,1.7761844544410934,1.6082991023326974,0.041066856914405626
switzerland,ebm,site_class_balanced,source_oof_platt,mcar_10,8,123.0,0.9349593495934959,0.7967391304347826,0.9811721639478461,0.4005930912667736,0.6085506454853271,0.11841032409578037,0.21126294617059457,0.8861788617886179,0.6483695652173913,0.9380530973451328,0.954954954954955,0.9217391304347826,0.5043478260869565,1.7055468537284826,1.668973626542815,0.033362426357764624
switzerland,ebm,site_class_balanced,source_oof_platt,mcar_10,9,123.0,0.9349593495934959,0.7521739130434784,0.9701113955980964,0.4186702776978423,0.6261294364445863,0.1254979322601922,0.213945439947483,0.8617886178861789,0.6934782608695652,0.9230769230769231,0.9622641509433962,0.8869565217391304,0.28695652173913044,1.864154149138875,1.4948239635137894,0.047840532650859885
switzerland,ebm,site_class_balanced,source_oof_platt,mcar_30,0,123.0,0.9349593495934959,0.6706521739130435,0.956614323276094,0.4056200842807661,0.700562437742246,0.11920989247436638,0.24381197482708242,0.9105691056910569,0.6614130434782608,0.9519650655021834,0.956140350877193,0.9478260869565217,0.23478260869565218,1.8233459274778454,1.1753541993541916,0.049506634040552576
switzerland,ebm,site_class_balanced,source_oof_platt,mcar_30,1,123.0,0.9349593495934959,0.7554347826086957,0.9790253146374099,0.38637903129627615,0.64362640956781,0.11288730623428124,0.2295665080084711,0.8943089430894309,0.5945652173913043,0.9432314410480349,0.9473684210526315,0.9391304347826087,0.5217391304347826,1.5788775098837338,1.5722517252508277,0.02822887058881648
switzerland,ebm,site_class_balanced,source_oof_platt,mcar_30,2,123.0,0.9349593495934959,0.7271739130434782,0.9611427969572515,0.37406037084353383,0.7031156969497658,0.1054105885243753,0.2434532674293875,0.9105691056910569,0.6032608695652174,0.9523809523809523,0.9482758620689655,0.9565217391304348,0.5652173913043478,1.5378221351160435,1.3787588312852652,0.04202783200797392
switzerland,ebm,site_class_balanced,source_oof_platt,mcar_30,3,123.0,0.9349593495934959,0.7152173913043478,0.9737622078891848,0.3926910019446309,0.6692485079608316,0.11535701983172274,0.23973935193005563,0.9024390243902439,0.5989130434782608,0.9478260869565217,0.9478260869565217,0.9478260869565217,0.4,1.6292530315105236,1.4488105350337332,0.030043074061565193
switzerland,ebm,site_class_balanced,source_oof_platt,mcar_30,4,123.0,0.9349593495934959,0.592391304347826,0.9512137498908415,0.40914001044229387,0.7594252717459363,0.12094739000390872,0.27316561372576037,0.8943089430894309,0.5945652173913043,0.9432314410480349,0.9473684210526315,0.9391304347826087,0.1826086956521739,2.065151558036845,0.7185505096827437,0.05342389409352884
switzerland,ebm,site_class_balanced,source_oof_platt,mcar_30,5,123.0,0.9349593495934959,0.633695652173913,0.9628899276704915,0.3863792474335672,0.736671640569038,0.11167001222530766,0.2664366999576668,0.9186991869918699,0.6076086956521739,0.9568965517241379,0.9487179487179487,0.9652173913043478,0.3739130434782609,1.797491996342886,1.0072522623073117,0.039944857457154336
switzerland,ebm,site_class_balanced,source_oof_platt,mcar_30,6,123.0,0.9349593495934959,0.6684782608695652,0.9632454341259795,0.39989178867266423,0.7077031436965716,0.1173470548967094,0.2521475079812297,0.9024390243902439,0.5989130434782608,0.9478260869565217,0.9478260869565217,0.9478260869565217,0.2,1.8445145684180766,1.0675024151975228,0.04403472875181162
switzerland,ebm,site_class_balanced,source_oof_platt,mcar_30,7,123.0,0.9349593495934959,0.7228260869565217,0.9743562576518192,0.4006068383582234,0.668468771482243,0.1189164798035155,0.2394288795921414,0.8699186991869918,0.5233695652173913,0.9298245614035088,0.9380530973451328,0.9217391304347826,0.40869565217391307,1.7930571629961798,1.2216797915549102,0.03664986452202351
switzerland,ebm,site_class_balanced,source_oof_platt,mcar_30,8,123.0,0.9349593495934959,0.6228260869565218,0.9470612260948066,0.4063140171874105,0.7863387608023746,0.11979274280667479,0.27460062436723676,0.8780487804878049,0.5277173913043478,0.9344978165938864,0.9385964912280702,0.9304347826086956,0.2782608695652174,2.17406033469381,0.545066426926172,0.06238637049578069
switzerland,ebm,site_class_balanced,source_oof_platt,mcar_30,9,123.0,0.9349593495934959,0.725,0.9609138264219506,0.4007303880109564,0.7058840758930928,0.11761180197937252,0.24688811886783274,0.8861788617886179,0.5320652173913043,0.9391304347826087,0.9391304347826087,0.9391304347826087,0.33043478260869563,1.8420390881589157,1.072459260458508,0.047671915012639926
switzerland,ebm,site_class_balanced,source_oof_platt,mcar_50,0,123.0,0.9349593495934959,0.7260869565217392,0.9683994543990937,0.33804413376592257,0.721146522927397,0.09117844134666972,0.2572350775596134,0.943089430894309,0.5625,0.9704641350210971,0.9426229508196722,1.0,0.43478260869565216,1.03857491151389,1.6744990073248582,0.032497546426938646
switzerland,ebm,site_class_balanced,source_oof_platt,mcar_50,1,123.0,0.9349593495934959,0.7445652173913044,0.9726020136277301,0.3391521054414222,0.684500430527265,0.09196828801395271,0.24256191605073837,0.9349593495934959,0.616304347826087,0.9658119658119658,0.9495798319327731,0.9826086956521739,0.4956521739130435,1.1394213348999542,1.681610430310644,0.028789660007164243
switzerland,ebm,site_class_balanced,source_oof_platt,mcar_50,2,123.0,0.9349593495934959,0.5945652173913043,0.9526107578767438,0.3740485906259235,0.8372655077068771,0.10692285354217893,0.3035566129098955,0.8943089430894309,0.5364130434782608,0.9437229437229437,0.9396551724137931,0.9478260869565217,0.4260869565217391,2.203687252005743,0.4232004946292267,0.04988133982228103
switzerland,ebm,site_class_balanced,source_oof_platt,mcar_50,3,123.0,0.9349593495934959,0.6804347826086956,0.9629553634561003,0.36519585033172225,0.742909739494787,0.10400601491606448,0.2661278905825798,0.8943089430894309,0.5364130434782608,0.9437229437229437,0.9396551724137931,0.9478260869565217,0.4260869565217391,1.7160600636533532,0.9939026705341432,0.039559176374417866
switzerland,ebm,site_class_balanced,source_oof_platt,mcar_50,4,123.0,0.9349593495934959,0.5978260869565217,0.9396471611638764,0.3703538315119335,0.8428103504506832,0.10341631745959148,0.296544768435769,0.9186991869918699,0.5494565217391305,0.9572649572649573,0.9411764705882353,0.9739130434782609,0.06086956521739131,2.1719303596430977,0.44960278344852406,0.06241535251955144
switzerland,ebm,site_class_balanced,source_oof_platt,mcar_50,5,123.0,0.9349593495934959,0.6673913043478261,0.9600994583703946,0.37833208612343366,0.73540855095182,0.10823190127014476,0.2622415805236498,0.9024390243902439,0.5989130434782608,0.9478260869565217,0.9478260869565217,0.9478260869565217,0.4782608695652174,1.7505692397095314,1.0364717422657996,0.042665133816217206
switzerland,ebm,site_class_balanced,source_oof_platt,mcar_50,6,123.0,0.9349593495934959,0.5902173913043478,0.9532738208107041,0.38001428510938545,0.7706640714461515,0.10843551076379834,0.2766557584127118,0.9105691056910569,0.6032608695652174,0.9523809523809523,0.9482758620689655,0.9565217391304348,0.23478260869565218,1.892420411441996,0.8242577088325769,0.04907255725149194
switzerland,ebm,site_class_balanced,source_oof_platt,mcar_50,7,123.0,0.9349593495934959,0.6608695652173913,0.9538661849292811,0.3715116391131958,0.7549281386951386,0.10564926413473551,0.26550449661644826,0.9186991869918699,0.6076086956521739,0.9568965517241379,0.9487179487179487,0.9652173913043478,0.3217391304347826,1.8035486998012367,0.9121812323813488,0.05024785545138927
switzerland,ebm,site_class_balanced,source_oof_platt,mcar_50,8,123.0,0.9349593495934959,0.5228260869565218,0.9222570588127919,0.4047888598331737,0.88463106929347,0.11797941095841442,0.31296836862113564,0.8943089430894309,0.4782608695652174,0.944206008583691,0.9322033898305084,0.9565217391304348,0.10434782608695652,2.6962423879566555,-0.028432400295919563,0.08451326884604575
switzerland,ebm,site_class_balanced,source_oof_platt,mcar_50,9,123.0,0.9349593495934959,0.7423913043478261,0.9762620553315996,0.36830291938292004,0.6962315081277185,0.10413859930477497,0.2513313479978029,0.926829268292683,0.553804347826087,0.9617021276595744,0.9416666666666667,0.9826086956521739,0.43478260869565216,1.342226206439407,1.5795597070407277,0.02516518037310764
switzerland,ebm,site_class_balanced,source_oof_platt,natural,0,123.0,0.9349593495934959,0.7641304347826088,0.9751828853347486,0.4198880671811124,0.6108524284127002,0.12565088394851143,0.21007654092342942,0.8536585365853658,0.6891304347826087,0.9181818181818182,0.9619047619047619,0.8782608695652174,0.3130434782608696,1.8391787394316608,1.6240450132074131,0.04259805535575545
switzerland,tabpfn,pooled,raw,drop_advanced,0,123.0,0.9349593495934959,0.7402173913043478,0.9674102147214544,0.5096644584298002,0.6252534682759832,0.16918012477092714,0.20945868481466423,0.7642276422764228,0.6994565217391304,0.8599033816425121,0.967391304347826,0.7739130434782608,0.48695652173913045,2.4860610415227833,0.8269689629643404,0.13609754891592257
switzerland,tabpfn,pooled,raw,drop_exercise,0,123.0,0.9349593495934959,0.7597826086956522,0.9792386104116361,0.48808806215374256,0.6110377352236649,0.15606303730434848,0.21135520508761302,0.7723577235772358,0.6456521739130434,0.8666666666666667,0.9578947368421052,0.7913043478260869,0.5826086956521739,2.346999514491629,0.8324871560449144,0.13578762804122055
switzerland,tabpfn,pooled,raw,drop_routine,0,123.0,0.9349593495934959,0.7391304347826086,0.9713746167501822,0.3815934980680039,0.6522379964695261,0.11557972007575988,0.22082432941279395,0.8536585365853658,0.6891304347826087,0.9181818181818182,0.9619047619047619,0.8782608695652174,0.46956521739130436,2.003249703182079,0.902766385800392,0.055711852582294705
switzerland,tabpfn,pooled,raw,empirical_source,0,123.0,0.9349593495934959,0.7043478260869566,0.9645018809923873,0.5377140465889199,0.6893005159461654,0.18071650854512455,0.23356022396631249,0.7398373983739838,0.6864130434782609,0.8431372549019608,0.9662921348314607,0.7478260869565218,0.34782608695652173,2.4857657619384352,0.644570750608044,0.15128903554083245
switzerland,tabpfn,pooled,raw,empirical_source,1,123.0,0.9349593495934959,0.7293478260869565,0.9653239782061085,0.502970483568585,0.6423491531081064,0.16515146373045825,0.21449315088680496,0.7642276422764228,0.6994565217391304,0.8599033816425121,0.967391304347826,0.7739130434782608,0.34782608695652173,2.4610287888150304,0.7704609072204138,0.1330512783937804
switzerland,tabpfn,pooled,raw,empirical_source,2,123.0,0.9349593495934959,0.7336956521739131,0.9678326225739438,0.5110235727997317,0.6429993338102793,0.16794723750044602,0.2157890345667887,0.7642276422764228,0.6994565217391304,0.8599033816425121,0.967391304347826,0.7739130434782608,0.6,2.444298699611254,0.7068992158013435,0.1382250099292192
switzerland,tabpfn,pooled,raw,empirical_source,3,123.0,0.9349593495934959,0.7293478260869566,0.9683138950041654,0.5116110223799348,0.6314366338577474,0.16782711095427463,0.21317904196012882,0.7642276422764228,0.6994565217391304,0.8599033816425121,0.967391304347826,0.7739130434782608,0.34782608695652173,2.483423403978345,0.7540874959413495,0.14114365887378852
switzerland,tabpfn,pooled,raw,empirical_source,4,123.0,0.9349593495934959,0.7326086956521739,0.9671445831617244,0.4981475043697288,0.6379618896552159,0.16419135345684896,0.21325066400652587,0.7560975609756098,0.6951086956521739,0.8543689320388349,0.967032967032967,0.7652173913043478,0.34782608695652173,2.457268971913513,0.8109962808992155,0.12624824363050993
switzerland,tabpfn,pooled,raw,empirical_source,5,123.0,0.9349593495934959,0.6847826086956521,0.9621751275491575,0.5161447351868225,0.70625117172577,0.16800715935521046,0.2384248221088825,0.7804878048780488,0.7081521739130434,0.8708133971291866,0.9680851063829787,0.7913043478260869,0.3565217391304348,2.4187692597135984,0.5239228179466324,0.1453238513363262
switzerland,tabpfn,pooled,raw,empirical_source,6,123.0,0.9349593495934959,0.7489130434782609,0.9711541444456209,0.4821662806482864,0.6202651373272985,0.158286155811239,0.20839470707774876,0.7804878048780488,0.7081521739130434,0.8708133971291866,0.9680851063829787,0.7913043478260869,0.5217391304347826,2.418206216530916,0.8425331851472901,0.11169870915065594
switzerland,tabpfn,pooled,raw,empirical_source,7,123.0,0.9349593495934959,0.7489130434782609,0.9729735006632559,0.5195842157597155,0.6105565307378108,0.171157267220313,0.20616038116230384,0.7479674796747967,0.6907608695652174,0.848780487804878,0.9666666666666667,0.7565217391304347,0.591304347826087,2.4990216405920007,0.7358339028548423,0.1448668584510576
switzerland,tabpfn,pooled,raw,empirical_source,8,123.0,0.9349593495934959,0.6869565217391305,0.960558871721567,0.5091604566675481,0.6937497451770778,0.16935834890016677,0.23661867399990086,0.7560975609756098,0.6951086956521739,0.8543689320388349,0.967032967032967,0.7652173913043478,0.3565217391304348,2.4112268107029275,0.6438889002104465,0.13281107556348823
switzerland,tabpfn,pooled,raw,empirical_source,9,123.0,0.9349593495934959,0.7152173913043478,0.9667328420402137,0.5071838103444846,0.6643416548336241,0.16763429907986893,0.2247455393354899,0.7560975609756098,0.6951086956521739,0.8543689320388349,0.967032967032967,0.7652173913043478,0.3652173913043478,2.4346945703005005,0.6844114732779965,0.13254827494629398
switzerland,tabpfn,pooled,raw,mar_age_sex_30,0,123.0,0.9349593495934959,0.6706521739130435,0.9584415870680814,0.4861640898634605,0.6981154950665563,0.15592528710174464,0.23807260691950646,0.8048780487804879,0.6630434782608696,0.8878504672897196,0.9595959595959596,0.8260869565217391,0.3391304347826087,2.3668587165435624,0.6400450683319852,0.12681179630396472
switzerland,tabpfn,pooled,raw,mar_age_sex_30,1,123.0,0.9349593495934959,0.725,0.9677912087510795,0.45409758215588214,0.6260152268256518,0.14349830351304513,0.2125601433772715,0.8211382113821138,0.7298913043478261,0.897196261682243,0.9696969696969697,0.8347826086956521,0.45217391304347826,2.3242344075262453,0.828183561698887,0.10471379550902861
switzerland,tabpfn,pooled,raw,mar_age_sex_30,2,123.0,0.9349593495934959,0.716304347826087,0.971871070596376,0.4807687154633017,0.6425683281773138,0.154716583685667,0.22545701712421196,0.7642276422764228,0.6413043478260869,0.861244019138756,0.9574468085106383,0.782608695652174,0.3217391304347826,2.376094119582048,0.7563715290304901,0.12943959919781867
switzerland,tabpfn,pooled,raw,mar_age_sex_30,3,123.0,0.9349593495934959,0.7586956521739131,0.9780661189104893,0.4604898502382728,0.6054337592025557,0.14602888678600884,0.21014869324268118,0.8048780487804879,0.6630434782608696,0.8878504672897196,0.9595959595959596,0.8260869565217391,0.5565217391304348,2.312473498468066,0.802740069262872,0.1058322061536938
switzerland,tabpfn,pooled,raw,mar_age_sex_30,4,123.0,0.9349593495934959,0.683695652173913,0.9573138342282181,0.46689941391092793,0.6891283710792606,0.15006031364924563,0.23437791575219946,0.7886178861788617,0.7125,0.8761904761904762,0.968421052631579,0.8,0.30434782608695654,2.312555092038781,0.7076313175448823,0.1093617565125642
switzerland,tabpfn,pooled,raw,mar_age_sex_30,5,123.0,0.9349593495934959,0.7271739130434782,0.9706134168050113,0.46661060144445454,0.6277780856554289,0.1506366386931885,0.2180791671685533,0.7642276422764228,0.6413043478260869,0.861244019138756,0.9574468085106383,0.782608695652174,0.3130434782608696,2.3378514889473925,0.8333693410398639,0.101338610745535
switzerland,tabpfn,pooled,raw,mar_age_sex_30,6,123.0,0.9349593495934959,0.7336956521739131,0.9626487353480555,0.45299698561032975,0.6508648544243818,0.1421401568130285,0.21067036386938337,0.7886178861788617,0.6543478260869565,0.8773584905660378,0.9587628865979382,0.808695652173913,0.4434782608695652,2.282579222569121,0.780449123172719,0.11134190094110587
switzerland,tabpfn,pooled,raw,mar_age_sex_30,7,123.0,0.9349593495934959,0.7010869565217391,0.9602387648092674,0.49359045004079916,0.6673501735606655,0.1615651651843389,0.2271788454877536,0.7479674796747967,0.6326086956521739,0.8502415458937198,0.9565217391304348,0.7652173913043478,0.4,2.3966954546099424,0.7627505750583065,0.12584401024379965
switzerland,tabpfn,pooled,raw,mar_age_sex_30,8,123.0,0.9349593495934959,0.7706521739130435,0.979514602705569,0.4641151025606126,0.596279858567109,0.1499137853016852,0.20929368276477672,0.7723577235772358,0.6456521739130434,0.8666666666666667,0.9578947368421052,0.7913043478260869,0.5739130434782609,2.3613309926129533,0.8088714605315056,0.10274143092146541
switzerland,tabpfn,pooled,raw,mar_age_sex_30,9,123.0,0.9349593495934959,0.741304347826087,0.9740398862330386,0.44145017660664093,0.6061156934355316,0.13988924951634926,0.21022871289843537,0.7723577235772358,0.7038043478260869,0.8653846153846154,0.967741935483871,0.782608695652174,0.3826086956521739,2.2660398500034433,0.9579335106581902,0.08087032246205202
switzerland,tabpfn,pooled,raw,mcar_10,0,123.0,0.9349593495934959,0.7119565217391304,0.9667122965025365,0.4766823878297434,0.6662928408758374,0.15566106084508574,0.2253510269966721,0.7723577235772358,0.7038043478260869,0.8653846153846154,0.967741935483871,0.782608695652174,0.3652173913043478,2.3447297789303536,0.7086176107142066,0.11073526718738558
switzerland,tabpfn,pooled,raw,mcar_10,1,123.0,0.9349593495934959,0.6847826086956521,0.9599333976786464,0.491610946340164,0.7315896580880953,0.15728832198365406,0.23897930671850376,0.7886178861788617,0.7125,0.8761904761904762,0.968421052631579,0.8,0.1391304347826087,2.3704825181364804,0.5086828515175316,0.13113064079983755
switzerland,tabpfn,pooled,raw,mcar_10,2,123.0,0.9349593495934959,0.6760869565217391,0.9615309590898977,0.4891082271479069,0.7144683065715549,0.16037188565520358,0.24773723615296733,0.7886178861788617,0.6543478260869565,0.8773584905660378,0.9587628865979382,0.808695652173913,0.41739130434782606,2.3654443618310594,0.5743670988110687,0.12032897715842296
switzerland,tabpfn,pooled,raw,mcar_10,3,123.0,0.9349593495934959,0.7543478260869565,0.9773850868873423,0.45891373070158475,0.6038159985058947,0.1531259082151662,0.21412468247298821,0.7398373983739838,0.6282608695652174,0.8446601941747572,0.9560439560439561,0.7565217391304347,0.4260869565217391,2.321955487562261,0.914888717609269,0.08602387345817211
switzerland,tabpfn,pooled,raw,mcar_10,4,123.0,0.9349593495934959,0.675,0.9636214159105225,0.4989079190900226,0.7097709354465461,0.1617603106947373,0.2428079445229267,0.7723577235772358,0.6456521739130434,0.8666666666666667,0.9578947368421052,0.7913043478260869,0.4260869565217391,2.3854514779580738,0.519174550179159,0.13630106116075763
switzerland,tabpfn,pooled,raw,mcar_10,5,123.0,0.9349593495934959,0.6619565217391304,0.9473176329243678,0.5090752646435469,0.7525009023380881,0.16581740259421526,0.244971344482988,0.7642276422764228,0.6413043478260869,0.861244019138756,0.9574468085106383,0.782608695652174,0.10434782608695652,2.4072298831654964,0.5553793462746194,0.1469369891409
switzerland,tabpfn,pooled,raw,mcar_10,6,123.0,0.9349593495934959,0.725,0.9676330163414314,0.4957636505213618,0.645663870814172,0.16198751517194454,0.21694010507785808,0.7804878048780488,0.7081521739130434,0.8708133971291866,0.9680851063829787,0.7913043478260869,0.4,2.4173216439323717,0.7235055166065693,0.12706124944248023
switzerland,tabpfn,pooled,raw,mcar_10,7,123.0,0.9349593495934959,0.7086956521739132,0.9645056131749812,0.4854245534350643,0.6756663893490317,0.156592074032307,0.2279679646361727,0.7804878048780488,0.7081521739130434,0.8708133971291866,0.9680851063829787,0.7913043478260869,0.34782608695652173,2.3688541418060507,0.6628433759259184,0.1229939186737686
switzerland,tabpfn,pooled,raw,mcar_10,8,123.0,0.9349593495934959,0.7293478260869566,0.9689007271491645,0.4784003412781809,0.6566061836678642,0.15462467351967105,0.21896568489437232,0.7723577235772358,0.7038043478260869,0.8653846153846154,0.967741935483871,0.782608695652174,0.4260869565217391,2.3424104577659235,0.6449862301833752,0.1154867565996904
switzerland,tabpfn,pooled,raw,mcar_10,9,123.0,0.9349593495934959,0.6934782608695652,0.9598830318493069,0.5081061952178789,0.7023868318107617,0.16578959139676122,0.2316017155047484,0.8048780487804879,0.7211956521739131,0.8867924528301887,0.9690721649484536,0.8173913043478261,0.16521739130434782,2.4141800202648867,0.6029633738234826,0.13931861779893615
switzerland,tabpfn,pooled,raw,mcar_30,0,123.0,0.9349593495934959,0.6521739130434783,0.9575288103964995,0.4533184199628829,0.7210579989775718,0.1426143351687637,0.24862506079038257,0.8211382113821138,0.6717391304347826,0.8981481481481481,0.9603960396039604,0.8434782608695652,0.26956521739130435,2.270874615717995,0.6308183948573044,0.10339769913196466
switzerland,tabpfn,pooled,raw,mcar_30,1,123.0,0.9349593495934959,0.7478260869565216,0.9764101362680535,0.41287091815603083,0.6120308412443815,0.12903282836873017,0.21260877835931521,0.8455284552845529,0.6847826086956521,0.91324200913242,0.9615384615384616,0.8695652173913043,0.3826086956521739,2.1231534501617033,0.9756671650023891,0.06181546624827892
switzerland,tabpfn,pooled,raw,mcar_30,2,123.0,0.9349593495934959,0.7391304347826086,0.9686297146893098,0.41993806646799886,0.6488919226761611,0.13008786842983172,0.2212669098411718,0.8211382113821138,0.6135869565217391,0.8990825688073395,0.9514563106796117,0.8521739130434782,0.6521739130434783,2.118588646431826,0.9124429619111571,0.06911609535895782
switzerland,tabpfn,pooled,raw,mcar_30,3,123.0,0.9349593495934959,0.6554347826086957,0.9568896686567043,0.4322098649137827,0.731012258926095,0.13494993349573772,0.25239085377340237,0.8292682926829268,0.6179347826086956,0.9041095890410958,0.9519230769230769,0.8608695652173913,0.3217391304347826,2.1981358836506897,0.6579430453066016,0.0804769809350535
switzerland,tabpfn,pooled,raw,mcar_30,4,123.0,0.9349593495934959,0.6065217391304348,0.9328652492121903,0.4418707085941365,0.8163240300710712,0.13667539530183462,0.2654098280609463,0.8292682926829268,0.6760869565217391,0.9032258064516129,0.9607843137254902,0.8521739130434782,0.034782608695652174,2.2666479730347153,0.5077107827905853,0.10653059353800762
switzerland,tabpfn,pooled,raw,mcar_30,5,123.0,0.9349593495934959,0.7108695652173913,0.9619558536048272,0.4261912576419434,0.6815181868661412,0.13234503892313018,0.22667286936627615,0.8292682926829268,0.7342391304347826,0.9023255813953488,0.97,0.8434782608695652,0.26956521739130435,2.1450779201568384,0.848629650668129,0.0784297045046677
switzerland,tabpfn,pooled,raw,mcar_30,6,123.0,0.9349593495934959,0.6967391304347825,0.9704901428114712,0.4483621206134737,0.6857412186035979,0.14526545693223472,0.24359808041043204,0.7642276422764228,0.6413043478260869,0.861244019138756,0.9574468085106383,0.782608695652174,0.3739130434782609,2.2451280887113274,0.6817450286365659,0.08188254175613105
switzerland,tabpfn,pooled,raw,mcar_30,7,123.0,0.9349593495934959,0.7869565217391304,0.9804732276468071,0.4298877564407352,0.5847453505480135,0.1354337687242173,0.20144706400528486,0.8130081300813008,0.6673913043478261,0.8930232558139535,0.96,0.8347826086956521,0.5739130434782609,2.2245186067763814,0.8931902054821768,0.07556690542616604
switzerland,tabpfn,pooled,raw,mcar_30,8,123.0,0.9349593495934959,0.7130434782608696,0.9671030734754357,0.44029101976610224,0.6592907394726661,0.13795220581364948,0.22388459536408678,0.8211382113821138,0.6717391304347826,0.8981481481481481,0.9603960396039604,0.8434782608695652,0.3391304347826087,2.2353764847899527,0.7268448862929408,0.09289073506086945
switzerland,tabpfn,pooled,raw,mcar_30,9,123.0,0.9349593495934959,0.725,0.9699734588880025,0.4519360523695378,0.6553334905864191,0.1438247346514405,0.22676772359558975,0.7804878048780488,0.5336956521739131,0.8744186046511628,0.94,0.8173913043478261,0.6086956521739131,2.2421110849748596,0.722768184235795,0.09071105340049865
switzerland,tabpfn,pooled,raw,mcar_50,0,123.0,0.9349593495934959,0.7065217391304348,0.9732132502668773,0.35152990558447195,0.6925899069853323,0.09890838294229398,0.25018007868551706,0.9186991869918699,0.6076086956521739,0.9568965517241379,0.9487179487179487,0.9652173913043478,0.5478260869565217,1.589440197471222,1.2057765271668184,0.030797883993915653
switzerland,tabpfn,pooled,raw,mcar_50,1,123.0,0.9349593495934959,0.7326086956521739,0.9736665938950029,0.3592408783896421,0.673242934297685,0.10233325480059949,0.2409181340649322,0.8861788617886179,0.5902173913043478,0.9385964912280702,0.9469026548672567,0.9304347826086956,0.6173913043478261,1.7406137146076377,1.1211761024431834,0.03374370926565026
switzerland,tabpfn,pooled,raw,mcar_50,2,123.0,0.9349593495934959,0.7315217391304347,0.9747558234164893,0.3949890640073312,0.6688973703494693,0.11929539060767337,0.23932460893388796,0.8455284552845529,0.5684782608695652,0.9147982062780269,0.9444444444444444,0.8869565217391304,0.5826086956521739,1.991108872226971,0.8920059204424241,0.048971490100025
switzerland,tabpfn,pooled,raw,mcar_50,3,123.0,0.9349593495934959,0.6326086956521739,0.9594189724055122,0.4019193442019349,0.737548021254142,0.12006277820411926,0.2622657070189233,0.8699186991869918,0.5815217391304348,0.9292035398230089,0.9459459459459459,0.9130434782608695,0.2956521739130435,2.1049501050313353,0.6673532995137095,0.07091510749271096
switzerland,tabpfn,pooled,raw,mcar_50,4,123.0,0.9349593495934959,0.6956521739130435,0.9647626712288526,0.363473747580224,0.6659377155174917,0.10371967985131848,0.2292669792375068,0.8861788617886179,0.6483695652173913,0.9380530973451328,0.954954954954955,0.9217391304347826,0.24347826086956523,1.7388779755646508,1.2241416529314302,0.041771030613973276
switzerland,tabpfn,pooled,raw,mcar_50,5,123.0,0.9349593495934959,0.682608695652174,0.9641761847405511,0.42119409786592615,0.6923029523576457,0.12982066600367978,0.24384954609665382,0.8373983739837398,0.6222826086956521,0.9090909090909091,0.9523809523809523,0.8695652173913043,0.5130434782608696,2.121293916865274,0.8084827582105804,0.06820076530622507
switzerland,tabpfn,pooled,raw,mcar_50,6,123.0,0.9349593495934959,0.6434782608695653,0.9639265288594059,0.41547357756950876,0.7013192070653378,0.12670241714392336,0.2513541804076526,0.8617886178861789,0.6353260869565218,0.9237668161434978,0.9537037037037037,0.8956521739130435,0.4260869565217391,2.0884997474529223,0.8256147121076848,0.061306020133575966
switzerland,tabpfn,pooled,raw,mcar_50,7,123.0,0.9349593495934959,0.6728260869565218,0.9502709414834962,0.4205247973085671,0.7131745159720505,0.12555867707048007,0.24295002406181185,0.8780487804878049,0.7021739130434783,0.9327354260089686,0.9629629629629629,0.9043478260869565,0.2956521739130435,2.161779365808734,0.6778450141832351,0.10112853438538329
switzerland,tabpfn,pooled,raw,mcar_50,8,123.0,0.9349593495934959,0.49673913043478257,0.9354170323053044,0.4586689946883322,0.8736706476415529,0.1440798955209239,0.3172706641925578,0.7967479674796748,0.4842391304347826,0.8858447488584474,0.9326923076923077,0.8434782608695652,0.2,2.6494722389260166,0.01672820573506959,0.10798216808887016
switzerland,tabpfn,pooled,raw,mcar_50,9,123.0,0.9349593495934959,0.8184782608695653,0.9850087239455394,0.37836362224304115,0.5717623236545091,0.11079740412554435,0.19715281684177485,0.8861788617886179,0.7065217391304348,0.9375,0.963302752293578,0.9130434782608695,0.591304347826087,1.7539414882879174,1.5998411421555732,0.029871039371828167
switzerland,tabpfn,pooled,raw,natural,0,123.0,0.9349593495934959,0.7195652173913043,0.9683231340131835,0.5080024716265931,0.6644533533547496,0.16672505057855472,0.22420685511710145,0.7723577235772358,0.7038043478260869,0.8653846153846154,0.967741935483871,0.782608695652174,0.391304347826087,2.4356161909283776,0.6414453889832908,0.1343893676476793
switzerland,tabpfn,pooled,source_oof_platt,drop_advanced,0,123.0,0.9349593495934959,0.7402173913043478,0.9674102147214544,0.5280098780275296,0.6141079013806958,0.17666865519092873,0.2077620792849088,0.7398373983739838,0.6864130434782609,0.8431372549019608,0.9662921348314607,0.7478260869565218,0.48695652173913045,2.5364701223562145,0.9023582395792836,0.14823480659500285
switzerland,tabpfn,pooled,source_oof_platt,drop_exercise,0,123.0,0.9349593495934959,0.7597826086956522,0.9792386104116361,0.5118852758828952,0.6060869529925056,0.1654008022865671,0.20889510008462575,0.7723577235772358,0.6456521739130434,0.8666666666666667,0.9578947368421052,0.7913043478260869,0.5826086956521739,2.3978881696560963,0.9091892485053628,0.15123190389278174
switzerland,tabpfn,pooled,source_oof_platt,drop_routine,0,123.0,0.9349593495934959,0.7391304347826086,0.9713746167501822,0.4041764619727451,0.6348470065562475,0.12364078994251292,0.216525445416667,0.8373983739837398,0.6804347826086956,0.908256880733945,0.9611650485436893,0.8608695652173913,0.46956521739130436,2.058450380083694,0.9853723019651649,0.05998222289303458
switzerland,tabpfn,pooled,source_oof_platt,empirical_source,0,123.0,0.9349593495934959,0.7043478260869566,0.9645018809923873,0.5529261638669272,0.6703670177582655,0.1872971846427976,0.23038731174359484,0.7073170731707317,0.6690217391304347,0.82,0.9647058823529412,0.7130434782608696,0.34782608695652173,2.5251897946188357,0.7036926455753851,0.16639511139179217
switzerland,tabpfn,pooled,source_oof_platt,empirical_source,1,123.0,0.9349593495934959,0.7293478260869565,0.9653239782061085,0.5205839801019557,0.6280064345406277,0.1723859881843609,0.21230700137684125,0.7479674796747967,0.6907608695652174,0.848780487804878,0.9666666666666667,0.7565217391304347,0.34782608695652173,2.508120182119441,0.8408603398635905,0.14405492281275628
switzerland,tabpfn,pooled,source_oof_platt,empirical_source,2,123.0,0.9349593495934959,0.7336956521739131,0.9678326225739438,0.5291161218961883,0.630834453032525,0.17542603895876283,0.21363567157455332,0.7398373983739838,0.6864130434782609,0.8431372549019608,0.9662921348314607,0.7478260869565218,0.6,2.4874372347443154,0.7712145150145711,0.1530692495465567
switzerland,tabpfn,pooled,source_oof_platt,empirical_source,3,123.0,0.9349593495934959,0.7304347826086957,0.9685113046050128,0.5290331594382254,0.6186163242551329,0.1752264379307154,0.21089363347641812,0.7398373983739838,0.6864130434782609,0.8431372549019608,0.9662921348314607,0.7478260869565218,0.3565217391304348,2.5295680892373484,0.8232537117587687,0.15319279385549173
switzerland,tabpfn,pooled,source_oof_platt,empirical_source,4,123.0,0.9349593495934959,0.7326086956521739,0.9671445831617244,0.5163153801834631,0.6240228774498108,0.17155525140732505,0.21117051602722914,0.7398373983739838,0.6864130434782609,0.8431372549019608,0.9662921348314607,0.7478260869565218,0.34782608695652173,2.5068909100838037,0.8854339520528245,0.13729141459497
switzerland,tabpfn,pooled,source_oof_platt,empirical_source,5,123.0,0.9349593495934959,0.6847826086956521,0.9621751275491575,0.5325002341447421,0.6866610226042131,0.1751052339509045,0.23477067143701724,0.7479674796747967,0.6907608695652174,0.848780487804878,0.9666666666666667,0.7565217391304347,0.3565217391304348,2.4507757977196034,0.5720588494987516,0.16153973965836482
switzerland,tabpfn,pooled,source_oof_platt,empirical_source,6,123.0,0.9349593495934959,0.7489130434782609,0.9711541444456209,0.5011952135101394,0.6085424883512681,0.1657065152376062,0.20616439515566112,0.7560975609756098,0.6951086956521739,0.8543689320388349,0.967032967032967,0.7652173913043478,0.5217391304347826,2.4695881801086705,0.9192636570219993,0.12251260594472076
switzerland,tabpfn,pooled,source_oof_platt,empirical_source,7,123.0,0.9349593495934959,0.7489130434782609,0.9729735006632559,0.5365667466097562,0.6011280695616159,0.17827928565639597,0.2041527887018793,0.7317073170731707,0.6820652173913043,0.8374384236453202,0.9659090909090909,0.7391304347826086,0.591304347826087,2.5440740438896476,0.803494578714324,0.15577495334614486
switzerland,tabpfn,pooled,source_oof_platt,empirical_source,8,123.0,0.9349593495934959,0.6869565217391305,0.960558871721567,0.5267149490391264,0.6750064441886197,0.17639275486482914,0.23291132475436446,0.7398373983739838,0.6864130434782609,0.8431372549019608,0.9662921348314607,0.7478260869565218,0.3565217391304348,2.4505328312452974,0.7028165182710991,0.14530662670112948
switzerland,tabpfn,pooled,source_oof_platt,empirical_source,9,123.0,0.9349593495934959,0.7152173913043478,0.9667328420402137,0.5240683795496479,0.6478980820759422,0.17457716703137918,0.22161666597871896,0.7398373983739838,0.6864130434782609,0.8431372549019608,0.9662921348314607,0.7478260869565218,0.3652173913043478,2.4765505603661246,0.7469818295870674,0.14436295369029603
switzerland,tabpfn,pooled,source_oof_platt,mar_age_sex_30,0,123.0,0.9349593495934959,0.6706521739130435,0.9584415870680814,0.5056861566580871,0.6787061993362977,0.16404762720968946,0.2339599939412488,0.7804878048780488,0.65,0.8720379146919431,0.9583333333333334,0.8,0.3391304347826087,2.406019979198319,0.6983532266695172,0.1378236195718544
switzerland,tabpfn,pooled,source_oof_platt,mar_age_sex_30,1,123.0,0.9349593495934959,0.725,0.9677912087510795,0.47505781639682215,0.6130917161418652,0.15167400383901675,0.20950052176526723,0.8048780487804879,0.7211956521739131,0.8867924528301887,0.9690721649484536,0.8173913043478261,0.45217391304347826,2.374766621090831,0.9041637923203151,0.11805091475694776
switzerland,tabpfn,pooled,source_oof_platt,mar_age_sex_30,2,123.0,0.9349593495934959,0.716304347826087,0.971871070596376,0.5017027909647372,0.6294506050775315,0.162912885447731,0.22105328077339,0.7560975609756098,0.6369565217391304,0.8557692307692307,0.956989247311828,0.7739130434782608,0.3217391304347826,2.422255181954696,0.8258269079784817,0.14455271085700006
switzerland,tabpfn,pooled,source_oof_platt,mar_age_sex_30,3,123.0,0.9349593495934959,0.7586956521739131,0.9780661189104893,0.48227064658492114,0.597221610699942,0.154297952145294,0.20663777924086754,0.7886178861788617,0.6543478260869565,0.8773584905660378,0.9587628865979382,0.808695652173913,0.5565217391304348,2.361480466185276,0.8763114269724266,0.11999101132362994
switzerland,tabpfn,pooled,source_oof_platt,mar_age_sex_30,4,123.0,0.9349593495934959,0.683695652173913,0.9573138342282181,0.48737691775915876,0.6702964077531783,0.1579087897433031,0.2305227251441842,0.7804878048780488,0.7081521739130434,0.8708133971291866,0.9680851063829787,0.7913043478260869,0.30434782608695654,2.3558030609744463,0.7725185028107455,0.11855938384440566
switzerland,tabpfn,pooled,source_oof_platt,mar_age_sex_30,5,123.0,0.9349593495934959,0.7271739130434782,0.9706134168050113,0.48804809018253137,0.6161170202761528,0.15885911911524928,0.21445550604142966,0.7398373983739838,0.6282608695652174,0.8446601941747572,0.9560439560439561,0.7565217391304347,0.3130434782608696,2.3888174282567407,0.9093195190408868,0.11249542809154006
switzerland,tabpfn,pooled,source_oof_platt,mar_age_sex_30,6,123.0,0.9349593495934959,0.7336956521739131,0.9626487353480555,0.47395077977414557,0.6368133102243188,0.15045884864053777,0.20918321712790336,0.7804878048780488,0.65,0.8720379146919431,0.9583333333333334,0.8,0.4434782608695652,2.3302022337512738,0.8516262936441656,0.12033903324137789
switzerland,tabpfn,pooled,source_oof_platt,mar_age_sex_30,7,123.0,0.9349593495934959,0.7010869565217391,0.9602387648092674,0.5136186125473335,0.6518533508513444,0.16949154539547961,0.2239100336631218,0.7317073170731707,0.6239130434782609,0.8390243902439024,0.9555555555555556,0.7478260869565218,0.4,2.4432483832621164,0.8324155760316475,0.139967750431996
switzerland,tabpfn,pooled,source_oof_platt,mar_age_sex_30,8,123.0,0.9349593495934959,0.7706521739130435,0.979514602705569,0.4837895174288565,0.587034608371007,0.15714593806610982,0.2051291198211661,0.7642276422764228,0.6413043478260869,0.861244019138756,0.9574468085106383,0.782608695652174,0.5739130434782609,2.4105115184110573,0.8828632214402191,0.11207567255268719
switzerland,tabpfn,pooled,source_oof_platt,mar_age_sex_30,9,123.0,0.9349593495934959,0.741304347826087,0.9740398862330386,0.4646761546651126,0.5964140210420489,0.14855679985039677,0.206861454924385,0.7642276422764228,0.6994565217391304,0.8599033816425121,0.967391304347826,0.7739130434782608,0.3826086956521739,2.324570498730513,1.0458094563701434,0.09206974886210977
switzerland,tabpfn,pooled,source_oof_platt,mcar_10,0,123.0,0.9349593495934959,0.7130434782608696,0.9672557747634061,0.49561827344245235,0.6500033473637117,0.16305845249082185,0.22212788782015358,0.7723577235772358,0.7038043478260869,0.8653846153846154,0.967741935483871,0.782608695652174,0.3652173913043478,2.387918131719395,0.773560876149683,0.12087603878122208
switzerland,tabpfn,pooled,source_oof_platt,mcar_10,1,123.0,0.9349593495934959,0.6847826086956521,0.9599333976786464,0.5076005497585024,0.7077443892434996,0.16431741596681587,0.23599903022063787,0.7723577235772358,0.7038043478260869,0.8653846153846154,0.967741935483871,0.782608695652174,0.1391304347826087,2.4015160892610505,0.5552224638744532,0.14018613823999995
switzerland,tabpfn,pooled,source_oof_platt,mcar_10,2,123.0,0.9349593495934959,0.6771739130434783,0.9616466289544959,0.5063084873858775,0.6921870505088198,0.1669464542750129,0.24200991288154983,0.7642276422764228,0.6413043478260869,0.861244019138756,0.9574468085106383,0.782608695652174,0.41739130434782606,2.4004192287073205,0.6269615161383495,0.12970910744945327
switzerland,tabpfn,pooled,source_oof_platt,mcar_10,3,123.0,0.9349593495934959,0.7554347826086958,0.9775662463076322,0.4789595773038259,0.5937408897409464,0.1599805210181324,0.20967875468519895,0.7317073170731707,0.6239130434782609,0.8390243902439024,0.9555555555555556,0.7478260869565218,0.4260869565217391,2.37787479875616,0.9987452721827902,0.09410706150982186
switzerland,tabpfn,pooled,source_oof_platt,mcar_10,4,123.0,0.9349593495934959,0.675,0.9636214159105225,0.5150921568363682,0.6885117164115081,0.16852859265796066,0.23785983987086648,0.7479674796747967,0.6326086956521739,0.8502415458937198,0.9565217391304348,0.7652173913043478,0.4260869565217391,2.4169860450962712,0.5671853720511771,0.14962118019306322
switzerland,tabpfn,pooled,source_oof_platt,mcar_10,5,123.0,0.9349593495934959,0.6619565217391304,0.9473176329243678,0.5248577480213847,0.7259103852537391,0.17269757224614554,0.24187899913940997,0.7642276422764228,0.6994565217391304,0.8599033816425121,0.967391304347826,0.7739130434782608,0.10434782608695652,2.441086037391127,0.6060170537514372,0.15876246537976377
switzerland,tabpfn,pooled,source_oof_platt,mcar_10,6,123.0,0.9349593495934959,0.725,0.9676330163414314,0.5137931900364315,0.6316533071767348,0.16932152689577906,0.21432836605844022,0.7642276422764228,0.6994565217391304,0.8599033816425121,0.967391304347826,0.7739130434782608,0.4,2.461455603364478,0.7895057866894934,0.13974656260040685
switzerland,tabpfn,pooled,source_oof_platt,mcar_10,7,123.0,0.9349593495934959,0.7086956521739132,0.9645056131749812,0.504635791362746,0.658920115040459,0.16455857398938095,0.2248386376502645,0.7479674796747967,0.6907608695652174,0.848780487804878,0.9666666666666667,0.7565217391304347,0.34782608695652173,2.409264391518418,0.7236518559075288,0.13591748343426432
switzerland,tabpfn,pooled,source_oof_platt,mcar_10,8,123.0,0.9349593495934959,0.7293478260869566,0.9689007271491645,0.49678121152003546,0.6422149053192155,0.1619732509771024,0.2164336855655938,0.7642276422764228,0.6994565217391304,0.8599033816425121,0.967391304347826,0.7739130434782608,0.4260869565217391,2.381712486974365,0.7042814904083511,0.12687728521599245
switzerland,tabpfn,pooled,source_oof_platt,mcar_10,9,123.0,0.9349593495934959,0.6934782608695652,0.9598830318493069,0.5242441863058841,0.6816917218434626,0.17287372364872156,0.22904984465457087,0.7560975609756098,0.6951086956521739,0.8543689320388349,0.967032967032967,0.7652173913043478,0.16521739130434782,2.450950261496028,0.6581423745987848,0.15107620634152427
switzerland,tabpfn,pooled,source_oof_platt,mcar_30,0,123.0,0.9349593495934959,0.6521739130434783,0.9575288103964995,0.4747500227036949,0.6988326115235096,0.15120778860983045,0.24347694278402718,0.8048780487804879,0.6630434782608696,0.8878504672897196,0.9595959595959596,0.8260869565217391,0.26956521739130435,2.3093692390898886,0.6888570592310459,0.11343645990715526
switzerland,tabpfn,pooled,source_oof_platt,mcar_30,1,123.0,0.9349593495934959,0.7478260869565216,0.9764101362680535,0.436278980354093,0.6011784501686485,0.13741455305681197,0.20858771781668398,0.8292682926829268,0.6760869565217391,0.9032258064516129,0.9607843137254902,0.8521739130434782,0.3826086956521739,2.182780803975622,1.0651279229127504,0.06938356657497255
switzerland,tabpfn,pooled,source_oof_platt,mcar_30,2,123.0,0.9349593495934959,0.7402173913043478,0.9687397495819534,0.44392861728488114,0.6352942389278214,0.13914869157917278,0.2175712958763048,0.8130081300813008,0.6092391304347826,0.8940092165898618,0.9509803921568627,0.8434782608695652,0.6608695652173913,2.1743652885068148,0.9959256479120109,0.07779595534518974
switzerland,tabpfn,pooled,source_oof_platt,mcar_30,3,123.0,0.9349593495934959,0.6565217391304348,0.9571014858250433,0.4547699769684786,0.707683347532817,0.14371693400663957,0.2467664367054541,0.8130081300813008,0.6673913043478261,0.8930232558139535,0.96,0.8347826086956521,0.33043478260869563,2.2383467153763044,0.7182377186599188,0.08858906725771655
switzerland,tabpfn,pooled,source_oof_platt,mcar_30,4,123.0,0.9349593495934959,0.6065217391304348,0.9328652492121903,0.4632005754687428,0.7836103299056673,0.14551575422226387,0.26116737787624617,0.8130081300813008,0.6673913043478261,0.8930232558139535,0.96,0.8347826086956521,0.034782608695652174,2.2978263519799143,0.5539238011836244,0.11390692526484837
switzerland,tabpfn,pooled,source_oof_platt,mcar_30,5,123.0,0.9349593495934959,0.7108695652173913,0.9619558536048272,0.44948206213972725,0.6639374477410226,0.14139406098682325,0.22392983182614334,0.8130081300813008,0.7255434782608696,0.892018779342723,0.9693877551020408,0.8260869565217391,0.26956521739130435,2.1970355094077005,0.926293622029306,0.08531039015562879
switzerland,tabpfn,pooled,source_oof_platt,mcar_30,6,123.0,0.9349593495934959,0.6967391304347825,0.9704901428114712,0.469103137626578,0.6670775855132806,0.15260904777052714,0.23739925276102528,0.7642276422764228,0.6413043478260869,0.861244019138756,0.9574468085106383,0.782608695652174,0.3739130434782609,2.2866781111600027,0.7446190400006305,0.0908375906793868
switzerland,tabpfn,pooled,source_oof_platt,mcar_30,7,123.0,0.9349593495934959,0.7869565217391304,0.9804732276468071,0.4521252888875296,0.5776149752217616,0.1436913214625555,0.19842936628683844,0.8048780487804879,0.6630434782608696,0.8878504672897196,0.9595959595959596,0.8260869565217391,0.5739130434782609,2.2789346784677114,0.9752128682903374,0.08382528786752122
switzerland,tabpfn,pooled,source_oof_platt,mcar_30,8,123.0,0.9349593495934959,0.7130434782608696,0.9671030734754357,0.4616638006976457,0.643817978422635,0.14612848618133847,0.22021342925914641,0.8130081300813008,0.6673913043478261,0.8930232558139535,0.96,0.8347826086956521,0.3391304347826087,2.2798691361366896,0.7934913352107034,0.1045154470365909
switzerland,tabpfn,pooled,source_oof_platt,mcar_30,9,123.0,0.9349593495934959,0.725,0.9699734588880025,0.4745349165760738,0.6429714496262771,0.1524008795087021,0.22277841496966233,0.7804878048780488,0.5336956521739131,0.8744186046511628,0.94,0.8173913043478261,0.6086956521739131,2.2861778638533465,0.7889929157592737,0.10056270571920045
switzerland,tabpfn,pooled,source_oof_platt,mcar_50,0,123.0,0.9349593495934959,0.7054347826086956,0.9731099223012305,0.3787360652488363,0.6717498200852067,0.10880187221362583,0.24172702070566318,0.9186991869918699,0.6076086956521739,0.9568965517241379,0.9487179487179487,0.9652173913043478,0.5478260869565217,1.6633134344755665,1.316167911371605,0.03219067482945333
switzerland,tabpfn,pooled,source_oof_platt,mcar_50,1,123.0,0.9349593495934959,0.7315217391304347,0.9735770710517575,0.3862392753285807,0.6544408154592045,0.11201636837716329,0.2333370855462299,0.8861788617886179,0.5902173913043478,0.9385964912280702,0.9469026548672567,0.9304347826086956,0.6173913043478261,1.809279323654025,1.2239184483181367,0.036720247639223706
switzerland,tabpfn,pooled,source_oof_platt,mcar_50,2,123.0,0.9349593495934959,0.7315217391304347,0.9747558234164893,0.4203512264884794,0.6528163933716404,0.1283928399465194,0.23246447975790344,0.8455284552845529,0.5684782608695652,0.9147982062780269,0.9444444444444444,0.8869565217391304,0.5826086956521739,2.0457441624380115,0.9739201374123841,0.055491641112101316
switzerland,tabpfn,pooled,source_oof_platt,mcar_50,3,123.0,0.9349593495934959,0.6336956521739131,0.9598142293225083,0.42627487201545594,0.7130380985265936,0.12923256552297743,0.2544738240027822,0.8617886178861789,0.5771739130434783,0.9244444444444444,0.9454545454545454,0.9043478260869565,0.2956521739130435,2.1457189156296916,0.728655571000518,0.07570937535434843
switzerland,tabpfn,pooled,source_oof_platt,mcar_50,4,123.0,0.9349593495934959,0.6956521739130435,0.9647626712288526,0.39038664781256843,0.6479896090547158,0.11378467576357164,0.2242739247881699,0.8780487804878049,0.6440217391304348,0.9333333333333333,0.9545454545454546,0.9130434782608695,0.24347826086956523,1.813925358991589,1.3364083113087935,0.04423087926714299
switzerland,tabpfn,pooled,source_oof_platt,mcar_50,5,123.0,0.9349593495934959,0.682608695652174,0.9641761847405511,0.44578360151984636,0.6738479167305944,0.13914268221508733,0.23786379642092767,0.8292682926829268,0.6179347826086956,0.9041095890410958,0.9519230769230769,0.8608695652173913,0.5130434782608696,2.170421151035651,0.8831459993863306,0.0749639079353339
switzerland,tabpfn,pooled,source_oof_platt,mcar_50,6,123.0,0.9349593495934959,0.6434782608695653,0.9639265288594059,0.44085195985568343,0.6816761663061399,0.13625931715372022,0.24431297895459653,0.8373983739837398,0.6222826086956521,0.9090909090909091,0.9523809523809523,0.8695652173913043,0.4260869565217391,2.1390950920777305,0.9011937906036063,0.06780552144582903
switzerland,tabpfn,pooled,source_oof_platt,mcar_50,7,123.0,0.9349593495934959,0.6717391304347826,0.950180488813618,0.4450544910760957,0.6931734279088142,0.13539291366523004,0.2383098924672076,0.8617886178861789,0.6934782608695652,0.9230769230769231,0.9622641509433962,0.8869565217391304,0.2956521739130435,2.2029583513067768,0.7405699610768521,0.10533585223587184
switzerland,tabpfn,pooled,source_oof_platt,mcar_50,8,123.0,0.9349593495934959,0.49673913043478257,0.9354170323053044,0.48078034705729794,0.8364340187654484,0.15288355877250903,0.30610569027246104,0.7967479674796748,0.4842391304347826,0.8858447488584474,0.9326923076923077,0.8434782608695652,0.2,2.6497997907832347,0.01909567208416472,0.11811111150103845
switzerland,tabpfn,pooled,source_oof_platt,mcar_50,9,123.0,0.9349593495934959,0.8184782608695653,0.9850087239455394,0.40673433918239943,0.5673536026692256,0.12124940319148465,0.19417393236236988,0.8861788617886179,0.7065217391304348,0.9375,0.963302752293578,0.9130434782608695,0.591304347826087,1.8519684849920846,1.746176561487059,0.03420360025911666
switzerland,tabpfn,pooled,source_oof_platt,natural,0,123.0,0.9349593495934959,0.7195652173913043,0.9683231340131835,0.523629134284369,0.6473292543207103,0.173375758324699,0.22091399118927302,0.7479674796747967,0.6907608695652174,0.848780487804878,0.9666666666666667,0.7565217391304347,0.391304347826087,2.474735834585304,0.7001594088633541,0.14682417177377544
va_long_beach,ebm,site_class_balanced,raw,drop_advanced,0,200.0,0.745,0.7112777997104882,0.8843561364109103,0.5316754297424068,0.6705587325432105,0.1795867822764974,0.23774490382285224,0.72,0.6186340307935254,0.8145695364238411,0.803921568627451,0.825503355704698,0.5100671140939598,0.5317682650033501,0.7825730960603517,0.14237895682132248
va_long_beach,ebm,site_class_balanced,raw,drop_exercise,0,200.0,0.745,0.651927885248059,0.8299747664899368,0.5564490716657499,0.7180462522405596,0.1865848988905525,0.25499799233300485,0.72,0.6186340307935254,0.8145695364238411,0.803921568627451,0.825503355704698,0.40939597315436244,0.573559354941884,0.683970208243062,0.18558515540184395
va_long_beach,ebm,site_class_balanced,raw,drop_routine,0,200.0,0.745,0.704500592183182,0.8725854244722212,0.5963966333956716,1.0564518662003908,0.19041090087201681,0.35362572267508496,0.75,0.5098039215686274,0.8563218390804598,0.7487437185929648,1.0,0.4697986577181208,-0.47047110854042284,0.7107868484629187,0.13972881145660623
va_long_beach,ebm,site_class_balanced,raw,empirical_source,0,200.0,0.745,0.7171996315304646,0.8838887742984,0.5219908663639079,0.676383814871582,0.17550200182956865,0.2387370674595342,0.725,0.621989735491512,0.8184818481848185,0.8051948051948052,0.8322147651006712,0.5033557046979866,0.47636780913595567,0.7733610214308446,0.13827740774374464
va_long_beach,ebm,site_class_balanced,raw,empirical_source,1,200.0,0.745,0.7045663903145151,0.8712849490610575,0.5321929012340747,0.692949208204792,0.17889075002704405,0.2444560704049386,0.725,0.6155415186208711,0.819672131147541,0.8012820512820513,0.8389261744966443,0.48322147651006714,0.4993393701116194,0.7341926903941575,0.1490660386887953
va_long_beach,ebm,site_class_balanced,raw,empirical_source,2,200.0,0.745,0.7064087379918411,0.8823921512451726,0.5306902556810645,0.6922739087727878,0.17956030490075092,0.24659529429025212,0.71,0.5990261876562706,0.8092105263157895,0.7935483870967742,0.825503355704698,0.5033557046979866,0.4857890325543517,0.7381253103161142,0.14104652477766136
va_long_beach,ebm,site_class_balanced,raw,empirical_source,3,200.0,0.745,0.727990525069088,0.8917915484790303,0.5153587507217647,0.6596648047808604,0.17334686566180296,0.23307032656719467,0.74,0.6385050664561127,0.8289473684210527,0.8129032258064516,0.8456375838926175,0.5503355704697986,0.4596989445812812,0.8370179141682331,0.13140460602182616
va_long_beach,ebm,site_class_balanced,raw,empirical_source,4,200.0,0.745,0.7196999605211213,0.8841904467852009,0.5188155751400074,0.6748804796539897,0.17359292828366807,0.23737576207862549,0.735,0.6351493617581261,0.8250825082508251,0.8116883116883117,0.8389261744966443,0.47651006711409394,0.44815064884977374,0.8054759948096352,0.13697811034768348
va_long_beach,ebm,site_class_balanced,raw,empirical_source,5,200.0,0.745,0.7148308988024741,0.8869744851570995,0.5177488649651327,0.675822036717246,0.17429032507954603,0.23974356625639726,0.73,0.6124490064482169,0.8246753246753247,0.7987421383647799,0.8523489932885906,0.4899328859060403,0.42356568120228094,0.8235768578236746,0.13487839825706593
va_long_beach,ebm,site_class_balanced,raw,empirical_source,6,200.0,0.745,0.7066061323858402,0.877079216961537,0.5275732087889061,0.6863870401654223,0.17778769571341738,0.24231725100497298,0.72,0.6121858139228846,0.8157894736842105,0.8,0.8322147651006712,0.5234899328859061,0.4889560210294712,0.7378382203493836,0.1456385315248787
va_long_beach,ebm,site_class_balanced,raw,empirical_source,7,200.0,0.745,0.6809448611659429,0.8597034871815966,0.5480238176864587,0.7159073934833315,0.18526862140892852,0.25293697136551785,0.71,0.5990261876562706,0.8092105263157895,0.7935483870967742,0.825503355704698,0.436241610738255,0.5607522343019808,0.6373656985803235,0.16292092998191626
va_long_beach,ebm,site_class_balanced,raw,empirical_source,8,200.0,0.745,0.6933149098565601,0.8709955610340937,0.5408581854085337,0.7030941639520841,0.18335502077794252,0.2489119955651499,0.71,0.6054744045269115,0.8079470198675497,0.7973856209150327,0.8187919463087249,0.4899328859060403,0.536613335437529,0.6633848009876936,0.15451089899766574
va_long_beach,ebm,site_class_balanced,raw,empirical_source,9,200.0,0.745,0.6982497697065404,0.8674052547170665,0.5396939362369312,0.6912257866969739,0.18186509021533,0.24327825907205147,0.715,0.6152783260955389,0.8106312292358804,0.8026315789473685,0.8187919463087249,0.4899328859060403,0.55224674597583,0.7006016920882726,0.15682726627962068
va_long_beach,ebm,site_class_balanced,raw,mar_age_sex_30,0,200.0,0.745,0.6338991972627978,0.826709917106937,0.5819419876102752,0.8490225894382024,0.1932015059179178,0.29342882867191267,0.715,0.5701408080010528,0.819047619047619,0.7771084337349398,0.8657718120805369,0.4429530201342282,0.5645675421274052,0.41381558110188676,0.1860402766212413
va_long_beach,ebm,site_class_balanced,raw,mar_age_sex_30,1,200.0,0.745,0.6730490854059745,0.8510666093841543,0.5512917692994342,0.8273842447574102,0.1812360104929107,0.2864459960354697,0.75,0.587182524016318,0.845679012345679,0.7828571428571428,0.9194630872483222,0.4563758389261745,0.3517599155282499,0.5519651735274328,0.1604133924677908
va_long_beach,ebm,site_class_balanced,raw,mar_age_sex_30,2,200.0,0.745,0.6132385840242137,0.812166921220052,0.6039743306199402,0.9036678670324065,0.1945360919002483,0.30035703502717037,0.745,0.5838268193183314,0.8421052631578947,0.7816091954022989,0.912751677852349,0.26174496644295303,0.6147150338912682,0.3474911101476304,0.19794429120693752
va_long_beach,ebm,site_class_balanced,raw,mar_age_sex_30,3,200.0,0.745,0.6776549545992893,0.8323862885761539,0.5438351482581926,0.8075652999653733,0.17317175886323782,0.26891861663122063,0.775,0.6362021318594552,0.8589341692789969,0.8058823529411765,0.9194630872483222,0.35570469798657717,0.3725851944276309,0.5760273352370476,0.17237513247058966
va_long_beach,ebm,site_class_balanced,raw,mar_age_sex_30,4,200.0,0.745,0.6263324121594946,0.8110595852171787,0.5983243962274841,0.8683675225105381,0.1931843614985984,0.2891359285888567,0.745,0.603171469930254,0.8391167192429022,0.7916666666666666,0.8926174496644296,0.2953020134228188,0.6457453348093283,0.3530559593738528,0.20231570142333394
va_long_beach,ebm,site_class_balanced,raw,mar_age_sex_30,5,200.0,0.745,0.6725884984866429,0.8538527353552308,0.563636296738934,0.8509656802856719,0.18801166982831374,0.2972935712754524,0.72,0.5541518620871168,0.8260869565217391,0.7687861271676301,0.8926174496644296,0.5570469798657718,0.3860051288065322,0.49755176152100683,0.16151793030148492
va_long_beach,ebm,site_class_balanced,raw,mar_age_sex_30,6,200.0,0.745,0.6559415712593762,0.8449177720378884,0.5861489157448028,0.840204586234124,0.1949755703001902,0.28884212374077617,0.695,0.5438215554678247,0.8063492063492064,0.7650602409638554,0.8523489932885906,0.3959731543624161,0.570509404563566,0.4061648895494799,0.17879942707216712
va_long_beach,ebm,site_class_balanced,raw,mar_age_sex_30,7,200.0,0.745,0.6874588761679168,0.8702439913993367,0.5516066571212168,0.8048167251682603,0.18564220865095366,0.2849953182256149,0.725,0.5704040005263851,0.8275862068965517,0.7764705882352941,0.8859060402684564,0.4899328859060403,0.39441789402938465,0.5388812768576878,0.15137678133776877
va_long_beach,ebm,site_class_balanced,raw,mar_age_sex_30,8,200.0,0.745,0.7220686932491117,0.8929659867856408,0.5191692000186269,0.7248410062464836,0.1763891186146645,0.261449336965039,0.745,0.5967232530596132,0.8401253918495298,0.788235294117647,0.8993288590604027,0.5503355704697986,0.32552724611229505,0.6953057704738232,0.1310722963070853
va_long_beach,ebm,site_class_balanced,raw,mar_age_sex_30,9,200.0,0.745,0.7221344913804448,0.8834794064510572,0.5132334886770811,0.751621105588981,0.17054473342770834,0.26310626609791365,0.745,0.5967232530596132,0.8401253918495298,0.788235294117647,0.8993288590604027,0.5033557046979866,0.20045016746551825,0.7159793032496954,0.13183254871716749
va_long_beach,ebm,site_class_balanced,raw,mcar_10,0,200.0,0.745,0.6460060534280826,0.8309761093424517,0.5764424671277631,0.8112819038093475,0.19303513817367687,0.28237404882364725,0.715,0.5830372417423345,0.8167202572347267,0.7839506172839507,0.8523489932885906,0.42953020134228187,0.5897101792406202,0.44435528910777045,0.18657860243704277
va_long_beach,ebm,site_class_balanced,raw,mcar_10,1,200.0,0.745,0.6683774180813267,0.8428741876530471,0.557240084415426,0.7580284937894103,0.18548412207011628,0.2637692557934873,0.71,0.579681537044348,0.8129032258064516,0.782608695652174,0.8456375838926175,0.3691275167785235,0.5596865896031311,0.5424573183360153,0.17626833166503192
va_long_beach,ebm,site_class_balanced,raw,mcar_10,2,200.0,0.745,0.6799578891959468,0.8621050850018503,0.5447239293641861,0.7361707895008922,0.18408834445953295,0.26125142967935394,0.73,0.5931043558362943,0.8280254777070064,0.7878787878787878,0.87248322147651,0.4429530201342282,0.5093607558217372,0.6140068501194905,0.1564943091170109
va_long_beach,ebm,site_class_balanced,raw,mcar_10,3,200.0,0.745,0.6664034741413344,0.8615017130213303,0.5546902188239489,0.759499123009636,0.1887481634695222,0.2707416941309601,0.71,0.5732333201737071,0.8141025641025641,0.7791411042944786,0.8523489932885906,0.44966442953020136,0.5331200347947282,0.5433404118400259,0.1590210009750095
va_long_beach,ebm,site_class_balanced,raw,mcar_10,4,200.0,0.745,0.7272009474930913,0.889741689007019,0.5120168302474327,0.6908596486555677,0.17220446052826371,0.24530636619893753,0.735,0.6158047111462035,0.8284789644012945,0.8,0.8590604026845637,0.5167785234899329,0.3632025186653478,0.7776478079034298,0.12968778934802072
va_long_beach,ebm,site_class_balanced,raw,mcar_10,5,200.0,0.745,0.7020660613238585,0.8584134881120018,0.5355416104233798,0.7408115699282356,0.17733068821444584,0.25583693462746315,0.73,0.606000789577576,0.8258064516129032,0.7950310559006211,0.8590604026845637,0.48322147651006714,0.4454602141922622,0.6281366331742915,0.157650150957843
va_long_beach,ebm,site_class_balanced,raw,mcar_10,6,200.0,0.745,0.6664034741413344,0.8434291653409005,0.5632802821800651,0.7850420823521502,0.18872507312975537,0.27502814612773563,0.71,0.5861297539149888,0.8116883116883117,0.7861635220125787,0.8389261744966443,0.48322147651006714,0.5488201324088808,0.5063644669402405,0.1741597749871575
va_long_beach,ebm,site_class_balanced,raw,mcar_10,7,200.0,0.745,0.6479141992367417,0.8252975781620124,0.5727443690121355,0.7824812750645983,0.19108657782186725,0.2710159826764539,0.71,0.5861297539149888,0.8116883116883117,0.7861635220125787,0.8389261744966443,0.35570469798657717,0.6170807548967587,0.4782069268426173,0.19159217283248525
va_long_beach,ebm,site_class_balanced,raw,mcar_10,8,200.0,0.745,0.7162126595604685,0.8923707243634537,0.5246117558480476,0.7057132448741992,0.1789135004842595,0.25348812498581985,0.715,0.5830372417423345,0.8167202572347267,0.7839506172839507,0.8523489932885906,0.5436241610738255,0.4150606275949413,0.6946442887461983,0.1346691484330905
va_long_beach,ebm,site_class_balanced,raw,mcar_10,9,200.0,0.745,0.6581129095933675,0.8505694753290292,0.5616467992127087,0.7745594718458565,0.18972402912597247,0.27524394189728907,0.71,0.5667851033030662,0.8152866242038217,0.7757575757575758,0.8590604026845637,0.40939597315436244,0.5496795917010905,0.5179189928125888,0.1706016409897157
va_long_beach,ebm,site_class_balanced,raw,mcar_30,0,200.0,0.745,0.651862087116726,0.8277303104187156,0.566063163375767,0.8462293527705562,0.18424387997273967,0.28694310696299735,0.73,0.5737597052243717,0.83125,0.7777777777777778,0.8926174496644296,0.3087248322147651,0.4473169439064094,0.48333686805560366,0.18102980001209254
va_long_beach,ebm,site_class_balanced,raw,mcar_30,1,200.0,0.745,0.6502171338333992,0.8276905115758497,0.5645563313153197,0.8301340778055856,0.1852648308983671,0.28586027829715455,0.735,0.5771154099223582,0.8348909657320872,0.7790697674418605,0.8993288590604027,0.40268456375838924,0.4739403118556507,0.49115728656637997,0.18267274100071987
va_long_beach,ebm,site_class_balanced,raw,mcar_30,2,200.0,0.745,0.5383603105671799,0.7828302453346001,0.6602227983425564,0.9929593306828451,0.2184420468269999,0.3384924699076193,0.69,0.5340176338991973,0.8037974683544303,0.7604790419161677,0.8523489932885906,0.26174496644295303,0.8815038888383355,0.13559710238537348,0.2328767688542304
va_long_beach,ebm,site_class_balanced,raw,mcar_30,3,200.0,0.745,0.6267272009474931,0.8309031317278845,0.5890984613197067,0.8693395054397945,0.19547922151051925,0.3018405264371802,0.72,0.5477036452164759,0.8271604938271605,0.7657142857142857,0.8993288590604027,0.3624161073825503,0.5750792511481293,0.3826888874321823,0.18632151463328828
va_long_beach,ebm,site_class_balanced,raw,mcar_30,4,200.0,0.745,0.6258060271088302,0.8334578987515702,0.5830778644175261,0.8809241803727745,0.19184794607751562,0.30333180766336243,0.745,0.5773786024476905,0.8430769230769231,0.7784090909090909,0.9194630872483222,0.3087248322147651,0.5156383478681765,0.4126093332387078,0.17722096948969943
va_long_beach,ebm,site_class_balanced,raw,mcar_30,5,200.0,0.745,0.6186340307935254,0.8266989089334125,0.5939907411188354,0.8952267614866596,0.19827648461591502,0.3141865242238055,0.705,0.5311883142518753,0.8173374613003096,0.7586206896551724,0.8859060402684564,0.4161073825503356,0.568478450260636,0.3689420273448819,0.1881091545786308
va_long_beach,ebm,site_class_balanced,raw,mcar_30,6,200.0,0.745,0.6033688643242532,0.7958382776148198,0.6335104358454274,0.9529598216311639,0.20695104384189691,0.32230066121024586,0.7,0.5213843926832478,0.8148148148148148,0.7542857142857143,0.8859060402684564,0.31543624161073824,0.7662455792696873,0.22078683946813013,0.22194972567233134
va_long_beach,ebm,site_class_balanced,raw,mcar_30,7,200.0,0.745,0.7089090669824977,0.8645247838841454,0.5216594149487027,0.7564676654587648,0.17139756280582702,0.2637424564371236,0.755,0.5969864455849454,0.848297213622291,0.7873563218390804,0.9194630872483222,0.5234899328859061,0.2568688199560604,0.7172395207618687,0.1463924453173932
va_long_beach,ebm,site_class_balanced,raw,mcar_30,8,200.0,0.745,0.5840242137123306,0.8176565195935452,0.6000805699961187,0.8898652109796572,0.2017439315394398,0.3147403771664105,0.71,0.528095802079221,0.8220858895705522,0.7570621468926554,0.8993288590604027,0.3624161073825503,0.66782686104495,0.3134069226316816,0.1955674786511929
va_long_beach,ebm,site_class_balanced,raw,mcar_30,9,200.0,0.745,0.5732333201737071,0.7731413918272864,0.6262822962600446,0.95511820067895,0.19832208376974025,0.3145157867185573,0.73,0.554415054612449,0.8343558282208589,0.768361581920904,0.912751677852349,0.19463087248322147,0.7652544836506664,0.22289498209790576,0.23476598771295246
va_long_beach,ebm,site_class_balanced,raw,mcar_50,0,200.0,0.745,0.6074483484669035,0.8069496127511402,0.6186929824084973,0.9907317585427065,0.19678208141865497,0.32711421533068186,0.74,0.5611264640084221,0.8414634146341463,0.770949720670391,0.9261744966442953,0.3087248322147651,0.5543552765412851,0.31686513634857105,0.19914645526788313
va_long_beach,ebm,site_class_balanced,raw,mcar_50,1,200.0,0.745,0.562771417291749,0.7958356297583014,0.6442564307533343,1.022502865016768,0.21097569078617529,0.3489482476771181,0.695,0.49223582050269776,0.8157099697885196,0.7417582417582418,0.9060402684563759,0.2483221476510067,0.7703347952259085,0.1844286067768412,0.2153019068109372
va_long_beach,ebm,site_class_balanced,raw,mcar_50,2,200.0,0.745,0.5871167258849849,0.8094625410795337,0.6141072925929659,0.9546854070054063,0.20050357288250376,0.32593731919667623,0.725,0.5252664824318989,0.8348348348348348,0.7554347826086957,0.9328859060402684,0.3221476510067114,0.6427848322735631,0.28882511175174697,0.19745980971272759
va_long_beach,ebm,site_class_balanced,raw,mcar_50,3,200.0,0.745,0.5994867745756021,0.8271663320011708,0.6124772186263602,0.9394850978670808,0.2038336526124091,0.32706588457614605,0.73,0.5479668377418081,0.8353658536585366,0.7653631284916201,0.9194630872483222,0.348993288590604,0.6150819952636584,0.307336935290974,0.18902275073315172
va_long_beach,ebm,site_class_balanced,raw,mcar_50,4,200.0,0.745,0.608764311093565,0.7883193497290206,0.6166873469693787,1.0040349025735555,0.1972796142036384,0.33736388446123855,0.715,0.49276220555336225,0.831858407079646,0.7421052631578947,0.9463087248322147,0.2751677852348993,0.5654734538825534,0.301289485987871,0.21813926716391735
va_long_beach,ebm,site_class_balanced,raw,mcar_50,5,200.0,0.745,0.6023160942229241,0.8351825119874012,0.6173471081234168,0.9869635575372273,0.2051829619450375,0.3431785376588988,0.7,0.5084879589419661,0.8170731707317073,0.7486033519553073,0.8993288590604027,0.3691275167785235,0.5543179292332787,0.31320429358464486,0.17743256725227943
va_long_beach,ebm,site_class_balanced,raw,mcar_50,6,200.0,0.745,0.5610606658770891,0.7997342935702054,0.6332294418468841,1.0146076383463793,0.208602167804597,0.35194027275114037,0.72,0.4961179102513488,0.8352941176470589,0.743455497382199,0.9530201342281879,0.3422818791946309,0.738556408831638,0.2032688611669227,0.20887291917140607
va_long_beach,ebm,site_class_balanced,raw,mcar_50,7,200.0,0.745,0.6563363600473747,0.8329211946867386,0.569011964190975,0.8984224689743823,0.18292933162029448,0.3026608026545876,0.75,0.5678378734043953,0.8484848484848485,0.7734806629834254,0.9395973154362416,0.348993288590604,0.3149354951543572,0.49856202462378185,0.1740255537368871
va_long_beach,ebm,site_class_balanced,raw,mcar_50,8,200.0,0.745,0.6112646400842215,0.8408741900491326,0.6030727092269111,0.93994263414439,0.199045271078936,0.32408345442050146,0.73,0.5479668377418081,0.8353658536585366,0.7653631284916201,0.9194630872483222,0.3087248322147651,0.5212014607491461,0.35981157174163075,0.17278624754377614
va_long_beach,ebm,site_class_balanced,raw,mcar_50,9,200.0,0.745,0.6035004605869194,0.8143771318525146,0.6207919275862427,0.9964820096183089,0.20170086216951738,0.33834889284997405,0.72,0.5219107777339124,0.8313253012048193,0.7540983606557377,0.9261744966442953,0.35570469798657717,0.5560666076350718,0.30849754269316293,0.19593829347495514
va_long_beach,ebm,site_class_balanced,raw,natural,0,200.0,0.745,0.7069351230425056,0.8772044143233333,0.5293374929633952,0.6948824721330531,0.17865817346760224,0.2458279696033891,0.715,0.608830109224898,0.8118811881188119,0.7987012987012987,0.825503355704698,0.5167785234899329,0.4808485755960584,0.7215625004474413,0.1449386752785931
va_long_beach,ebm,site_class_balanced,source_oof_platt,drop_advanced,0,200.0,0.745,0.7115409922358205,0.884619539425167,0.5738498437788374,0.6274991439569406,0.19556972946950665,0.21975748074823148,0.695,0.6534412422687196,0.7829181494661922,0.8333333333333334,0.738255033557047,0.5100671140939598,0.8025631972320074,1.025289797042419,0.17004010279590576
va_long_beach,ebm,site_class_balanced,source_oof_platt,drop_exercise,0,200.0,0.745,0.6524542702987235,0.8302431445841417,0.5976589006838795,0.664308783084897,0.20472083342165498,0.23522894952257004,0.71,0.6377154888801158,0.8013698630136986,0.8181818181818182,0.785234899328859,0.40939597315436244,0.8093690952376784,0.8960071442911289,0.22230999933998224
va_long_beach,ebm,site_class_balanced,source_oof_platt,drop_routine,0,200.0,0.745,0.7041058033951835,0.8724189211903858,0.5248746869629515,0.8236374594013607,0.17435499429236528,0.2963916773538019,0.76,0.5294117647058824,0.861271676300578,0.7563451776649747,1.0,0.47651006711409394,-0.23611054661417416,0.9416342987173614,0.1396419870553538
va_long_beach,ebm,site_class_balanced,source_oof_platt,empirical_source,0,200.0,0.745,0.7170680352677985,0.8839776198193339,0.5586637863156839,0.625304387590927,0.18940668587765608,0.219016993105102,0.7,0.6503487300960653,0.7887323943661971,0.8296296296296296,0.7516778523489933,0.5033557046979866,0.7437361295778274,1.0139939894001126,0.15757106885437083
va_long_beach,ebm,site_class_balanced,source_oof_platt,empirical_source,1,200.0,0.745,0.7045663903145151,0.8712858069330414,0.5680929247597587,0.6382756776281358,0.19321071409941845,0.2241158072911276,0.68,0.6240294775628372,0.7746478873239436,0.8148148148148148,0.738255033557047,0.48322147651006714,0.7531501508404568,0.963088340619072,0.16991612153170116
va_long_beach,ebm,site_class_balanced,source_oof_platt,empirical_source,2,200.0,0.745,0.7068035267798395,0.8825258724127182,0.5659781202930803,0.6369741094180086,0.1926666132886983,0.2245365841895508,0.69,0.6242926700881695,0.7847222222222222,0.8129496402877698,0.7583892617449665,0.5033557046979866,0.7409493686272137,0.9675977385120601,0.1601230045277942
va_long_beach,ebm,site_class_balanced,source_oof_platt,empirical_source,3,200.0,0.745,0.7274641400184234,0.8915677805171829,0.5561002095117281,0.6155859370412167,0.18828439657932655,0.21474980875747937,0.705,0.6666008685353336,0.7900355871886121,0.8409090909090909,0.7449664429530202,0.5503355704697986,0.7490960569208633,1.0971686672493208,0.15042803163579446
va_long_beach,ebm,site_class_balanced,source_oof_platt,empirical_source,4,200.0,0.745,0.719568364258455,0.8840531937802187,0.5565898706063127,0.6244931138336902,0.1882544496897628,0.21831270451163837,0.705,0.6537044347940519,0.7929824561403509,0.8308823529411765,0.7583892617449665,0.4697986577181208,0.726594296127995,1.056556368943758,0.15702469184635
va_long_beach,ebm,site_class_balanced,source_oof_platt,empirical_source,5,200.0,0.745,0.7153572838531386,0.8872907069236604,0.5557435692758976,0.6250986553206876,0.18843757158969165,0.2192209607127475,0.69,0.6371891038294513,0.7816901408450704,0.8222222222222222,0.7449664429530202,0.4899328859060403,0.7082539149380389,1.0805167689857016,0.15193762668492605
va_long_beach,ebm,site_class_balanced,source_oof_platt,empirical_source,6,200.0,0.745,0.7066061323858402,0.8768223235086868,0.562119500043925,0.6318919283524783,0.19083226599772982,0.2216138824542952,0.685,0.6402816160021056,0.7758007117437722,0.8257575757575758,0.7315436241610739,0.5234899328859061,0.7440844418553273,0.9677957797928712,0.16367857684056444
va_long_beach,ebm,site_class_balanced,source_oof_platt,empirical_source,7,200.0,0.745,0.6809448611659428,0.8596817830166998,0.5793555309979346,0.6539662879243477,0.1982850932524368,0.23110530666499357,0.665,0.6139623634688774,0.7615658362989324,0.8106060606060606,0.7181208053691275,0.436241610738255,0.7811836223867814,0.8359164865326569,0.1841852333342901
va_long_beach,ebm,site_class_balanced,source_oof_platt,empirical_source,8,200.0,0.745,0.6937096986445584,0.8711693609269203,0.5720829777683916,0.6439110758582995,0.19524127923368176,0.2267595685886311,0.685,0.6338333991314646,0.7773851590106007,0.8208955223880597,0.738255033557047,0.4899328859060403,0.766096165570009,0.8699935189864144,0.17665952622220357
va_long_beach,ebm,site_class_balanced,source_oof_platt,empirical_source,9,200.0,0.745,0.6981181734438743,0.8673134695323942,0.576076779973127,0.6392283251308398,0.19635757616618174,0.2240988487120521,0.685,0.6402816160021056,0.7758007117437722,0.8257575757575758,0.7315436241610739,0.4899328859060403,0.7944157914996712,0.9189398082540934,0.18270203964340725
va_long_beach,ebm,site_class_balanced,source_oof_platt,mar_age_sex_30,0,200.0,0.745,0.6342939860507962,0.8268481933061652,0.578282581596963,0.7272470165715372,0.19727838992548782,0.259578100470645,0.695,0.58251085669167,0.7986798679867987,0.7857142857142857,0.8120805369127517,0.4429530201342282,0.7060247751861778,0.5437128888376128,0.19978778705806638
va_long_beach,ebm,site_class_balanced,source_oof_platt,mar_age_sex_30,1,200.0,0.745,0.6729174891433083,0.8507251528453244,0.5486098212813278,0.7070713767919443,0.18420117158244464,0.2513010982101125,0.725,0.5897486511383077,0.8242811501597445,0.7865853658536586,0.8657718120805369,0.4563758389261745,0.5413508788124682,0.7232578080895739,0.16817281143904253
va_long_beach,ebm,site_class_balanced,source_oof_platt,mar_age_sex_30,2,200.0,0.745,0.6129753914988814,0.8121079426806119,0.5885814035691337,0.7611545979917443,0.19926782548026467,0.269149839460372,0.69,0.5727069351230425,0.7960526315789473,0.7806451612903226,0.8120805369127517,0.2550335570469799,0.734204749135393,0.45562379742556847,0.2082991141083569
va_long_beach,ebm,site_class_balanced,source_oof_platt,mar_age_sex_30,3,200.0,0.745,0.6775233583366232,0.8322116199182943,0.547212743770281,0.6964744485186902,0.1813667465759014,0.24241393245064247,0.755,0.6485721805500724,0.8403908794788274,0.8164556962025317,0.8657718120805369,0.35570469798657717,0.5697191959412276,0.7566673130580013,0.18039854540906802
va_long_beach,ebm,site_class_balanced,source_oof_platt,mar_age_sex_30,4,200.0,0.745,0.6260692196341624,0.8108439827418839,0.5936715324236188,0.744055899035535,0.20102470449368617,0.2614256469558808,0.69,0.5920515857349651,0.7919463087248322,0.7919463087248322,0.7919463087248322,0.28859060402684567,0.7662595532602464,0.4646193286353612,0.2181867705449699
va_long_beach,ebm,site_class_balanced,source_oof_platt,mar_age_sex_30,5,200.0,0.745,0.672720094749309,0.8537280461859305,0.5533616029663633,0.7203492741914299,0.18750861033311922,0.2579278685139612,0.695,0.5502697723384655,0.805111821086262,0.7682926829268293,0.8456375838926175,0.5570469798657718,0.5564098049231483,0.6529220776101268,0.16883444887021587
va_long_beach,ebm,site_class_balanced,source_oof_platt,mar_age_sex_30,6,200.0,0.745,0.6562047637847085,0.8448040014888247,0.5780670162884336,0.7197400878544506,0.19698365169461746,0.2555291425681052,0.705,0.6021186998289249,0.8039867109634552,0.7960526315789473,0.8120805369127517,0.3959731543624161,0.7097444410845397,0.5333275009532976,0.19307179403042346
va_long_beach,ebm,site_class_balanced,source_oof_platt,mar_age_sex_30,7,200.0,0.745,0.6877220686932493,0.8703404862365509,0.5508655394382899,0.6930088266594627,0.18697629939643257,0.24829599407297737,0.715,0.5894854586129754,0.8155339805825242,0.7875,0.8456375838926175,0.4899328859060403,0.5792347189511782,0.7066078663668454,0.16299728120798002
va_long_beach,ebm,site_class_balanced,source_oof_platt,mar_age_sex_30,8,200.0,0.745,0.7222002895117778,0.893006811538692,0.5352956557737456,0.6432151565514194,0.1808711729221676,0.2289142980763818,0.71,0.5925779707856297,0.8104575163398693,0.7898089171974523,0.8322147651006712,0.5503355704697986,0.5639352559071836,0.9122887004155937,0.14523544658234827
va_long_beach,ebm,site_class_balanced,source_oof_platt,mar_age_sex_30,9,200.0,0.745,0.7227924726937754,0.8838138309521013,0.5207630323863318,0.654709300543093,0.17431451092730277,0.23106530598129632,0.74,0.6449532833267535,0.8278145695364238,0.8169934640522876,0.8389261744966443,0.5100671140939598,0.44554444982244157,0.9409496529694932,0.13853299485490878
va_long_beach,ebm,site_class_balanced,source_oof_platt,mcar_10,0,200.0,0.745,0.6458744571654166,0.8309047821918091,0.584141547939044,0.7085748685322721,0.19971926677201346,0.2521210893581688,0.67,0.5657323332017371,0.7785234899328859,0.7785234899328859,0.7785234899328859,0.4228187919463087,0.7434797302696597,0.5822739039311391,0.2030035119551854
va_long_beach,ebm,site_class_balanced,source_oof_platt,mcar_10,1,200.0,0.745,0.6682458218186604,0.844047552013043,0.5769022346457082,0.6763658515257244,0.19637461602303546,0.23895315530711883,0.705,0.6279115673114883,0.7986348122866894,0.8125,0.785234899328859,0.3624161073825503,0.7468406773129892,0.712230396558477,0.19475812835585424
va_long_beach,ebm,site_class_balanced,source_oof_platt,mcar_10,2,200.0,0.745,0.6798262929332807,0.8618094830081793,0.5689316065160345,0.6619802928616714,0.19435305115860863,0.23516653120103473,0.68,0.5982366100802737,0.7808219178082192,0.7972027972027972,0.7651006711409396,0.44966442953020136,0.7216614812089835,0.8039275346384407,0.17511654605851013
va_long_beach,ebm,site_class_balanced,source_oof_platt,mcar_10,3,200.0,0.745,0.6665350704040005,0.8617105548614358,0.5716433956396427,0.6747601530121212,0.19677707536490524,0.24178444138662794,0.67,0.572180550072378,0.777027027027027,0.782312925170068,0.7718120805369127,0.44966442953020136,0.721330475552027,0.7113604284608795,0.1781266352551576
va_long_beach,ebm,site_class_balanced,source_oof_platt,mcar_10,4,200.0,0.745,0.7272009474930912,0.8898516498368696,0.54093770918423,0.6275994290343427,0.18225122507628683,0.2205136129123127,0.71,0.6248190551388341,0.8040540540540541,0.8095238095238095,0.7986577181208053,0.5167785234899329,0.6317354093561919,1.0199489713937562,0.14410792914423698
va_long_beach,ebm,site_class_balanced,source_oof_platt,mcar_10,5,200.0,0.745,0.70167127253586,0.8581838478876955,0.5540497439857237,0.6595855088108692,0.18644861630621207,0.23069135773159863,0.705,0.6279115673114883,0.7986348122866894,0.8125,0.785234899328859,0.47651006711409394,0.6623382426448786,0.8246551876451491,0.1714237271501024
va_long_beach,ebm,site_class_balanced,source_oof_platt,mcar_10,6,200.0,0.745,0.667061455454665,0.8439338124661724,0.5764092040736221,0.6913428874290797,0.19628113756091303,0.24548100373296272,0.69,0.5920515857349651,0.7919463087248322,0.7919463087248322,0.7919463087248322,0.48322147651006714,0.7235124381206506,0.6649784706575065,0.19138311786772738
va_long_beach,ebm,site_class_balanced,source_oof_platt,mcar_10,7,200.0,0.745,0.6480457954994079,0.8249348189113954,0.5889807440454645,0.6938458079687363,0.20145519326006514,0.2458585512953479,0.67,0.5850769838136597,0.773972602739726,0.7902097902097902,0.7583892617449665,0.35570469798657717,0.7823893586708927,0.627198051412633,0.21246267597283258
va_long_beach,ebm,site_class_balanced,source_oof_platt,mcar_10,8,200.0,0.745,0.7156862745098039,0.8921408214695965,0.5489874647772827,0.6374739400353131,0.18684663673465005,0.22593383666307176,0.675,0.5948809053822872,0.7766323024054983,0.795774647887324,0.7583892617449665,0.5436241610738255,0.6551146124028007,0.9105131807103682,0.1514404983718982
va_long_beach,ebm,site_class_balanced,source_oof_platt,mcar_10,9,200.0,0.745,0.6575865245427029,0.850127535004103,0.5775247853079065,0.6857243493904672,0.19741724804517286,0.2451531819381353,0.685,0.5886958810369786,0.7878787878787878,0.7905405405405406,0.785234899328859,0.4161073825503356,0.7289337002240492,0.6784158902689466,0.1928782583867409
va_long_beach,ebm,site_class_balanced,source_oof_platt,mcar_30,0,200.0,0.745,0.6514672983287275,0.8270232514139766,0.5612247120646319,0.7219044197448391,0.18863644342210328,0.25474265224257286,0.7,0.5794183445190156,0.803921568627451,0.7834394904458599,0.825503355704698,0.30201342281879195,0.6139706442174123,0.6329925317835109,0.19104887224480743
va_long_beach,ebm,site_class_balanced,source_oof_platt,mcar_30,1,200.0,0.745,0.6496907487827346,0.8265359898716376,0.5659581896233798,0.7144419920639529,0.190776252253304,0.2535556643930935,0.715,0.5894854586129754,0.8155339805825242,0.7875,0.8456375838926175,0.40268456375838924,0.6428698417342443,0.6441010779492513,0.19419814644631636
va_long_beach,ebm,site_class_balanced,source_oof_platt,mcar_30,2,200.0,0.745,0.5382287143045137,0.7826713401053934,0.6322677347094445,0.8243499516399151,0.21919008420325198,0.2989053318531362,0.655,0.5298723516252138,0.7722772277227723,0.7597402597402597,0.785234899328859,0.26174496644295303,0.9284745390389635,0.17751422647638168,0.2484964554994466
va_long_beach,ebm,site_class_balanced,source_oof_platt,mcar_30,3,200.0,0.745,0.625674430846164,0.8299479598739994,0.5809870279070952,0.7396382590773298,0.1981346865192224,0.26560315394605766,0.71,0.5925779707856297,0.8104575163398693,0.7898089171974523,0.8322147651006712,0.3624161073825503,0.7072361964968731,0.5012074370250204,0.20182483901518644
va_long_beach,ebm,site_class_balanced,source_oof_platt,mcar_30,4,200.0,0.745,0.6251480457954994,0.8332278369365717,0.5725060051610631,0.7442928809579538,0.19472342551369273,0.2673289392945443,0.705,0.5763258323463614,0.8090614886731392,0.78125,0.8389261744966443,0.3087248322147651,0.6588706928520295,0.5391535879516403,0.18612215101787097
va_long_beach,ebm,site_class_balanced,source_oof_platt,mcar_30,5,200.0,0.745,0.617186471904198,0.8259057410768156,0.5799690864275444,0.7534460789471762,0.19780535020750067,0.2725810408760979,0.69,0.5404658507698381,0.802547770700637,0.7636363636363637,0.8456375838926175,0.4161073825503356,0.696001385982548,0.48289951844549023,0.1996672519223017
va_long_beach,ebm,site_class_balanced,source_oof_platt,mcar_30,6,200.0,0.745,0.6033688643242532,0.7954037782510588,0.6109486408146833,0.7965335654512479,0.20657045815645667,0.28224151034976386,0.675,0.5239505198052375,0.792332268370607,0.7560975609756098,0.8322147651006712,0.31543624161073824,0.842704937891567,0.2889188469602559,0.2400800854669213
va_long_beach,ebm,site_class_balanced,source_oof_platt,mcar_30,7,200.0,0.745,0.7090406632451639,0.8645518124286997,0.5359167723262181,0.6643042836716119,0.17877144862041106,0.23389977325671446,0.72,0.5928411633109619,0.8193548387096774,0.7888198757763976,0.8523489932885906,0.5167785234899329,0.5032237632863648,0.9412762368804031,0.15374336954111462
va_long_beach,ebm,site_class_balanced,source_oof_platt,mcar_30,8,200.0,0.745,0.5831030398736676,0.8166542461296776,0.5939538006081124,0.756661683854252,0.20480081974336073,0.2751699706815146,0.675,0.5303987366758784,0.7909967845659164,0.7592592592592593,0.825503355704698,0.3624161073825503,0.7766121244305833,0.4096635424910679,0.21033598835246411
va_long_beach,ebm,site_class_balanced,source_oof_platt,mcar_30,9,200.0,0.745,0.5729701276483748,0.7730585590464956,0.6085061727592721,0.7996794801739543,0.20431938267514219,0.28145564792739164,0.71,0.5732333201737071,0.8141025641025641,0.7791411042944786,0.8523489932885906,0.20134228187919462,0.8417299447771381,0.292737513780524,0.24539843178890305
va_long_beach,ebm,site_class_balanced,source_oof_platt,mcar_50,0,200.0,0.745,0.607974733517568,0.8071153470001757,0.5815804426270546,0.8088580639170733,0.1945689914659056,0.28577663699988376,0.695,0.5309251217265429,0.8087774294670846,0.7588235294117647,0.8657718120805369,0.3087248322147651,0.6627886347403649,0.4157374871142822,0.20406348056365403
va_long_beach,ebm,site_class_balanced,source_oof_platt,mcar_50,1,200.0,0.745,0.5615870509277537,0.7950067371467021,0.6048841925141871,0.833804913664332,0.20654575493934754,0.3021152306103453,0.685,0.5048690617186472,0.804953560371517,0.7471264367816092,0.87248322147651,0.2483221476510067,0.8354191475717081,0.23969917853125522,0.22379282133782208
va_long_beach,ebm,site_class_balanced,source_oof_platt,mcar_50,2,200.0,0.745,0.5867219370969865,0.8086926991337552,0.5905303955721409,0.7923466589160155,0.20110753865472217,0.2852317416969878,0.68,0.5208580076325833,0.7974683544303798,0.7544910179640718,0.8456375838926175,0.3221476510067114,0.7432238921979337,0.3767253329372306,0.20717268415597812
va_long_beach,ebm,site_class_balanced,source_oof_platt,mcar_50,3,200.0,0.745,0.5990919857876036,0.8265865479708566,0.5879620972292661,0.7807619837111338,0.20166633951371293,0.2833216436780079,0.685,0.5242137123305698,0.8012618296529969,0.7559523809523809,0.8523489932885906,0.348993288590604,0.7219866643641308,0.40089284906889716,0.19997455880556866
va_long_beach,ebm,site_class_balanced,source_oof_platt,mcar_50,4,200.0,0.745,0.607843137254902,0.7874427636776189,0.5797158521091476,0.8178824431270655,0.19283071792634254,0.2908171108069362,0.715,0.5250032899065666,0.8267477203647416,0.7555555555555555,0.912751677852349,0.2684563758389262,0.6709972818433013,0.3924751554925373,0.22279856374740076
va_long_beach,ebm,site_class_balanced,source_oof_platt,mcar_50,5,200.0,0.745,0.6015265166469272,0.8346358958929345,0.580905481885779,0.8053295050556023,0.199510332352911,0.294714822166009,0.69,0.5146729832872746,0.8074534161490683,0.7514450867052023,0.87248322147651,0.3691275167785235,0.6644839909372905,0.4075449581069096,0.1830831988616655
va_long_beach,ebm,site_class_balanced,source_oof_platt,mcar_50,6,200.0,0.745,0.5600078957757599,0.799110277595941,0.5966066452938525,0.827447113641804,0.20356005541934474,0.3018308536518932,0.71,0.5023029345966574,0.8263473053892215,0.745945945945946,0.9261744966442953,0.3422818791946309,0.8115629011498146,0.2628300504648148,0.21604468799320273
va_long_beach,ebm,site_class_balanced,source_oof_platt,mcar_50,7,200.0,0.745,0.655678378734044,0.8344190107301747,0.5473683646123646,0.7460580675035167,0.18204280008096396,0.26408779405429644,0.735,0.5835636267929991,0.8338557993730408,0.7823529411764706,0.8926174496644296,0.3288590604026846,0.4861418639653312,0.6529376413930269,0.1763478627494196
va_long_beach,ebm,site_class_balanced,source_oof_platt,mcar_50,8,200.0,0.745,0.6100802737202263,0.8402286510532958,0.5755045869129721,0.7767005953214273,0.19686947709244748,0.2818166942713902,0.71,0.5538886695617844,0.8176100628930818,0.7692307692307693,0.87248322147651,0.3087248322147651,0.6463375641810517,0.4693968992889594,0.18068111022954852
va_long_beach,ebm,site_class_balanced,source_oof_platt,mcar_50,9,200.0,0.745,0.6025792867482563,0.814116777102013,0.5812580121543294,0.8112783721899968,0.1962488921295195,0.2920478287484344,0.73,0.554415054612449,0.8343558282208589,0.768361581920904,0.912751677852349,0.35570469798657717,0.6631552896748963,0.402715352369595,0.20321265511419784
va_long_beach,ebm,site_class_balanced,source_oof_platt,natural,0,200.0,0.745,0.7071983155678379,0.8773033667066064,0.5620269948964755,0.6367282869028259,0.19101986408125154,0.22385611547856327,0.685,0.6273851822608238,0.7789473684210526,0.8161764705882353,0.7449664429530202,0.5167785234899329,0.730462747712455,0.9463078099491014,0.1614012643754127
va_long_beach,tabpfn,pooled,raw,drop_advanced,0,200.0,0.745,0.7253585998157652,0.8764718724323919,0.5401268220561085,0.6795587020518108,0.17993628704471612,0.2296663603747598,0.745,0.6805500723779445,0.825938566552901,0.8402777777777778,0.8120805369127517,0.48322147651006714,0.6351049925824567,0.6093886473167888,0.15165500788242225
va_long_beach,tabpfn,pooled,raw,drop_exercise,0,200.0,0.745,0.7112777997104882,0.8503626102519247,0.5849169823154409,0.6732162365734556,0.1961440869541188,0.22888780282471852,0.71,0.631267272009475,0.8027210884353742,0.8137931034482758,0.7919463087248322,0.5167785234899329,0.8111005251764671,0.6944369180213349,0.20621278804866738
va_long_beach,tabpfn,pooled,raw,drop_routine,0,200.0,0.745,0.7246348203711014,0.8672006252170741,0.6454448180474046,1.1859096687190205,0.19400019913532193,0.368044520558977,0.75,0.5098039215686274,0.8563218390804598,0.7487437185929648,1.0,0.5704697986577181,-0.6201397607193154,0.6480463806192244,0.14399537373800728
va_long_beach,tabpfn,pooled,raw,empirical_source,0,200.0,0.745,0.7032504276878537,0.8620058568635431,0.5590449545726872,0.7638535277648687,0.18203229877416358,0.2509328176898485,0.76,0.6712725358599816,0.8410596026490066,0.8300653594771242,0.8523489932885906,0.4563758389261745,0.5646779651483149,0.49188467828095067,0.15898720899240606
va_long_beach,tabpfn,pooled,raw,empirical_source,1,200.0,0.745,0.7319384129490722,0.8648378133777509,0.5361582257488005,0.7267940888525166,0.17178720043299994,0.23431566911630808,0.76,0.6712725358599816,0.8410596026490066,0.8300653594771242,0.8523489932885906,0.5167785234899329,0.5272957471207177,0.5627779110253651,0.15340804342505032
va_long_beach,tabpfn,pooled,raw,empirical_source,2,200.0,0.745,0.7208843268851165,0.8707552144635042,0.5281771799974185,0.7331387839268761,0.172268973643044,0.2457139718852301,0.765,0.6552835899460455,0.8478964401294499,0.81875,0.8791946308724832,0.46308724832214765,0.4421947561329521,0.6023156650087886,0.14625070435745385
va_long_beach,tabpfn,pooled,raw,empirical_source,3,200.0,0.745,0.723253059613107,0.8693434737480998,0.5475234836781704,0.7553459062914397,0.17547430227273458,0.2438816813530306,0.75,0.6581129095933675,0.8344370860927153,0.8235294117647058,0.8456375838926175,0.4228187919463087,0.5193429444202494,0.517142941430127,0.15082060312957368
va_long_beach,tabpfn,pooled,raw,empirical_source,4,200.0,0.745,0.7165416502171339,0.8669685625756575,0.5431018015655273,0.757820473826432,0.17605329802522646,0.24945634367144467,0.755,0.6550203974207133,0.839344262295082,0.8205128205128205,0.8590604026845637,0.40268456375838924,0.4908410587075713,0.5369699107737285,0.15000602973198726
va_long_beach,tabpfn,pooled,raw,empirical_source,5,200.0,0.745,0.7081194894065008,0.8339048857715661,0.5606780723279102,0.778130349986389,0.17693237732886588,0.2442304427612103,0.755,0.667916831161995,0.8372093023255814,0.8289473684210527,0.8456375838926175,0.5302013422818792,0.5611896434787457,0.48602985095776424,0.18490924313941853
va_long_beach,tabpfn,pooled,raw,empirical_source,6,200.0,0.745,0.7229240689564416,0.8706318372790042,0.5398730902486965,0.7394361533461808,0.1758089646480748,0.24439285099308056,0.755,0.6550203974207133,0.839344262295082,0.8205128205128205,0.8590604026845637,0.4899328859060403,0.5117001339424884,0.5444850454081687,0.14997767968222195
va_long_beach,tabpfn,pooled,raw,empirical_source,7,200.0,0.745,0.684761152783261,0.8424449870102404,0.5749830064218,0.8045716947692911,0.18461054030448426,0.26055745288120746,0.745,0.6418607711540992,0.8327868852459016,0.8141025641025641,0.8523489932885906,0.40268456375838924,0.5804411074829814,0.4466139616726991,0.17421373120125835
va_long_beach,tabpfn,pooled,raw,empirical_source,8,200.0,0.745,0.7302934596657454,0.8742524227370707,0.5333896960345302,0.7294039421702703,0.1724265708579634,0.23890347630110126,0.765,0.6746282405579681,0.8448844884488449,0.8311688311688312,0.8590604026845637,0.5167785234899329,0.4916560248290872,0.5585178639525644,0.1461012655718844
va_long_beach,tabpfn,pooled,raw,empirical_source,9,200.0,0.745,0.7062771417291749,0.8451045740645525,0.5617758866379226,0.7827251614199424,0.17851459881232878,0.24986971695978347,0.755,0.6550203974207133,0.839344262295082,0.8205128205128205,0.8590604026845637,0.47651006711409394,0.5534301831491062,0.4813928767596114,0.17192958943933814
va_long_beach,tabpfn,pooled,raw,mar_age_sex_30,0,200.0,0.745,0.699828924858534,0.8567405433962114,0.5362127345303852,0.805754026011337,0.17188303165805968,0.26895860205977573,0.75,0.6065271746282406,0.8427672955974843,0.7928994082840237,0.8993288590604027,0.3825503355704698,0.30986896966633526,0.5862839955185515,0.15145113092857593
va_long_beach,tabpfn,pooled,raw,mar_age_sex_30,1,200.0,0.745,0.7481247532570076,0.8843491675113475,0.49621395879136243,0.744902612708939,0.1606988343575763,0.25449772394229486,0.76,0.6067903671535728,0.8509316770186336,0.791907514450867,0.9194630872483222,0.4966442953020134,0.0751633925974629,0.7848236456536734,0.12532392993114394
va_long_beach,tabpfn,pooled,raw,mar_age_sex_30,2,200.0,0.745,0.7143045137518096,0.8617059570416472,0.5242521722986647,0.8083330897954353,0.16662749884308353,0.2697937418049935,0.77,0.6006053428082643,0.8597560975609756,0.7877094972067039,0.9463087248322147,0.5100671140939598,0.20313655423362093,0.6308364132611749,0.14353019815520285
va_long_beach,tabpfn,pooled,raw,mar_age_sex_30,3,200.0,0.745,0.7119357810238189,0.8651391823988133,0.5206033377467194,0.7849170904559094,0.16702087834770865,0.2636877972477879,0.785,0.6429135412554283,0.8660436137071651,0.8081395348837209,0.9328859060402684,0.47651006711409394,0.24333304409992426,0.6433434984868234,0.14183671727631295
va_long_beach,tabpfn,pooled,raw,mar_age_sex_30,4,200.0,0.745,0.6677852348993288,0.825248241912443,0.5616665442942349,0.8589703586087515,0.17839993635868304,0.283324459793292,0.74,0.5740228977497039,0.8395061728395061,0.7771428571428571,0.912751677852349,0.4429530201342282,0.3818054230291106,0.4993973218096716,0.18208730455554528
va_long_beach,tabpfn,pooled,raw,mar_age_sex_30,5,200.0,0.745,0.7227266745624426,0.8611513467946244,0.5259966706579999,0.7878201318853808,0.16941141347988067,0.2645545695158781,0.76,0.6067903671535728,0.8509316770186336,0.791907514450867,0.9194630872483222,0.5234899328859061,0.2480487500466287,0.6383111591317844,0.1489946309598877
va_long_beach,tabpfn,pooled,raw,mar_age_sex_30,6,200.0,0.745,0.6843663639952625,0.8470057037283267,0.550524754172586,0.8207861622077195,0.1753736249757625,0.27068430839048185,0.78,0.6524542702987235,0.8607594936708861,0.8143712574850299,0.912751677852349,0.3959731543624161,0.40364344049605094,0.5193359692057968,0.1612722599106874
va_long_beach,tabpfn,pooled,raw,mar_age_sex_30,7,200.0,0.745,0.6958810369785499,0.8715144794947075,0.541814631778073,0.7973160616041801,0.18112878818844214,0.27827997345159616,0.715,0.5507961573891302,0.822429906542056,0.7674418604651163,0.8859060402684564,0.5167785234899329,0.346310552490975,0.5675149822250943,0.14444867716571536
va_long_beach,tabpfn,pooled,raw,mar_age_sex_30,8,200.0,0.745,0.7146993025398078,0.8512378279863684,0.5347439374287343,0.7962514549308009,0.16953572512248372,0.26222359510810156,0.755,0.6034346624555863,0.8473520249221184,0.7906976744186046,0.912751677852349,0.3959731543624161,0.3283098374539899,0.585160830086251,0.15798625532628313
va_long_beach,tabpfn,pooled,raw,mar_age_sex_30,9,200.0,0.745,0.7587182524016318,0.8970929337766751,0.49369324563044936,0.745008856501832,0.15926641731884567,0.251109050012461,0.76,0.6132385840242137,0.85,0.7953216374269005,0.912751677852349,0.5436241610738255,0.09947124641166054,0.7316516386121054,0.11514357550489251
va_long_beach,tabpfn,pooled,raw,mcar_10,0,200.0,0.745,0.6889064350572445,0.8487226010730848,0.5676327693705427,0.7947572976610937,0.18461331306322604,0.2621520018815705,0.73,0.6253454401894987,0.8223684210526315,0.8064516129032258,0.8389261744966443,0.40268456375838924,0.5535880072193957,0.46713392595163084,0.16897386095656325
va_long_beach,tabpfn,pooled,raw,mcar_10,1,200.0,0.745,0.711014607185156,0.8474675470693754,0.560764330637916,0.7649150987063464,0.17933457235460254,0.24580286337937032,0.73,0.6317936570601395,0.8211920529801324,0.8104575163398693,0.8322147651006712,0.5167785234899329,0.5776154191815059,0.4932922622256944,0.17145993219750913
va_long_beach,tabpfn,pooled,raw,mcar_10,2,200.0,0.745,0.710093433346493,0.8645541707672516,0.5414915955541266,0.7348088856468604,0.1790003193761251,0.24835050589559443,0.735,0.6287011448874852,0.8262295081967214,0.8076923076923077,0.8456375838926175,0.4899328859060403,0.526636900561706,0.5626417341059573,0.15495851004492656
va_long_beach,tabpfn,pooled,raw,mcar_10,3,200.0,0.745,0.7119357810238188,0.8528527980642348,0.5581624644700708,0.7643869451662133,0.1801726431517404,0.24821596794131645,0.73,0.6317936570601395,0.8211920529801324,0.8104575163398693,0.8322147651006712,0.5234899328859061,0.5584820738723802,0.49479690347279304,0.16669760833608116
va_long_beach,tabpfn,pooled,raw,mcar_10,4,200.0,0.745,0.7297012764837478,0.8627846455030961,0.5272472188806723,0.722194376015077,0.16870390837766341,0.23525458295466656,0.76,0.6712725358599816,0.8410596026490066,0.8300653594771242,0.8523489932885906,0.4966442953020134,0.48814299733885724,0.6080769710401729,0.1497720818094559
va_long_beach,tabpfn,pooled,raw,mcar_10,5,200.0,0.745,0.7090406632451639,0.8611053952195213,0.5492581779128712,0.7639305006391635,0.1779070608941908,0.2501716629467009,0.745,0.6547572048953809,0.8305647840531561,0.8223684210526315,0.8389261744966443,0.4697986577181208,0.5179459182782922,0.5134257198604485,0.1553674197603329
va_long_beach,tabpfn,pooled,raw,mcar_10,6,200.0,0.745,0.6918015528358995,0.8434969295499875,0.5711720416787476,0.8082860115664522,0.18415964392540318,0.2643942915295212,0.72,0.5928411633109619,0.8193548387096774,0.7888198757763976,0.8523489932885906,0.5167785234899329,0.5579655483092293,0.4500557758766708,0.17232675862673513
va_long_beach,tabpfn,pooled,raw,mcar_10,7,200.0,0.745,0.6950256612712199,0.8495831008595764,0.5628219582179015,0.7750897278977544,0.18242798136786526,0.2540560387210695,0.735,0.641597578628767,0.8239202657807309,0.8157894736842105,0.8322147651006712,0.46308724832214765,0.5748229838402195,0.48266362086550796,0.16784467046056084
va_long_beach,tabpfn,pooled,raw,mcar_10,8,200.0,0.745,0.7089748651138308,0.8669332513369953,0.5544836302394542,0.7586722575273848,0.18205232207893254,0.2516980792224734,0.735,0.6287011448874852,0.8262295081967214,0.8076923076923077,0.8456375838926175,0.5167785234899329,0.534393986911815,0.5048399759291213,0.15545603717064682
va_long_beach,tabpfn,pooled,raw,mcar_10,9,200.0,0.745,0.6591656796946966,0.8342898246481674,0.5923098616419172,0.8321361087433388,0.19247501551365345,0.2752744887033092,0.735,0.6287011448874852,0.8262295081967214,0.8076923076923077,0.8456375838926175,0.40939597315436244,0.6313197649076497,0.39294338324970096,0.1855306405211913
va_long_beach,tabpfn,pooled,raw,mcar_30,0,200.0,0.745,0.6161994999342019,0.8134369303655105,0.6199540974077317,0.9571452956155775,0.19739553749815916,0.3138366147325684,0.72,0.5477036452164759,0.8271604938271605,0.7657142857142857,0.8993288590604027,0.3087248322147651,0.6219564476180524,0.29897763597902216,0.19566965276413306
va_long_beach,tabpfn,pooled,raw,mcar_30,1,200.0,0.745,0.6929859191998947,0.8474180597257512,0.5518091840774985,0.8294762699260072,0.1768988494122003,0.27586770735272226,0.755,0.5969864455849454,0.848297213622291,0.7873563218390804,0.9194630872483222,0.48322147651006714,0.3695545486986142,0.526596342042507,0.16325175350928134
va_long_beach,tabpfn,pooled,raw,mcar_30,2,200.0,0.745,0.6621923937360179,0.8498676811443853,0.5806945193257049,0.9050536435284597,0.1877051992558227,0.30302537740458424,0.745,0.5644821687064088,0.8449848024316109,0.7722222222222223,0.9328859060402684,0.4228187919463087,0.3912645117295402,0.43756886417671836,0.16277231668805384
va_long_beach,tabpfn,pooled,raw,mcar_30,3,200.0,0.745,0.6644953283326753,0.8283248600325037,0.5639365969292016,0.8667246889080613,0.17970639385831863,0.28824548018071455,0.75,0.5807343071456771,0.8466257668711656,0.7796610169491526,0.9261744966442953,0.35570469798657717,0.3821926665254965,0.49439900312017826,0.17806646582722746
va_long_beach,tabpfn,pooled,raw,mcar_30,4,200.0,0.745,0.7123963679431504,0.8718622176212205,0.5309474163540984,0.8212537913096942,0.1720567053656114,0.27867072123858166,0.76,0.593893933412291,0.852760736196319,0.7853107344632768,0.9328859060402684,0.48322147651006714,0.18608729305378338,0.6134952074612067,0.1392849673700502
va_long_beach,tabpfn,pooled,raw,mcar_30,5,200.0,0.745,0.6687722068693248,0.8389770763187449,0.5678353066432242,0.8642662928028892,0.18198184359414654,0.2885013517548823,0.745,0.5709303855770496,0.8440366972477065,0.7752808988764045,0.9261744966442953,0.33557046979865773,0.4234614520469684,0.4701607641935986,0.16897172448659964
va_long_beach,tabpfn,pooled,raw,mcar_30,6,200.0,0.745,0.6353467561521253,0.7971089916405543,0.6207968753475249,0.9645727746441679,0.19382069091740767,0.30909905662328063,0.735,0.5448743255691538,0.8398791540785498,0.7637362637362637,0.9328859060402684,0.28187919463087246,0.6044885888903218,0.3023769183488239,0.21599586537062354
va_long_beach,tabpfn,pooled,raw,mcar_30,7,200.0,0.745,0.6545598105013818,0.8338090636669448,0.5789226589800829,0.8771682632221175,0.18677428518740072,0.29222084950529276,0.72,0.5606000789577577,0.825,0.7719298245614035,0.8859060402684564,0.3825503355704698,0.47034139682095766,0.43065710576289223,0.17626420753686722
va_long_beach,tabpfn,pooled,raw,mcar_30,8,200.0,0.745,0.6746940386893012,0.8579182924527198,0.5528254020536135,0.8451868577949928,0.1817286265861128,0.2921165638302619,0.735,0.5642189761810765,0.8369230769230769,0.7727272727272727,0.912751677852349,0.436241610738255,0.3091179118754391,0.5436117014529287,0.15472084339532105
va_long_beach,tabpfn,pooled,raw,mcar_30,9,200.0,0.745,0.6250822476641663,0.8222838785370111,0.6038414724989176,0.9224300483214336,0.19411483068380406,0.30513385973780405,0.74,0.5869193314909857,0.8375,0.783625730994152,0.8993288590604027,0.3624161073825503,0.5643232498039072,0.35265689650488824,0.1865855703779925
va_long_beach,tabpfn,pooled,raw,mcar_50,0,200.0,0.745,0.6252138439268325,0.8304780130422074,0.593595098503997,0.9649703501405833,0.19084167081660486,0.3259720330090775,0.755,0.5582971443611001,0.8537313432835821,0.7688172043010753,0.959731543624161,0.40268456375838924,0.3627287786165795,0.4244195857619412,0.1771992826627274
va_long_beach,tabpfn,pooled,raw,mcar_50,1,200.0,0.745,0.5852743782076589,0.7927448748156218,0.6583610645357675,1.1071283783356685,0.20714969460985666,0.361627315657448,0.72,0.4961179102513488,0.8352941176470589,0.743455497382199,0.9530201342281879,0.33557046979865773,0.6326379022064065,0.226253422958952,0.21343101345605922
va_long_beach,tabpfn,pooled,raw,mcar_50,2,200.0,0.745,0.6713383339913147,0.8460561401076316,0.5615429448870555,0.9172741354930132,0.1808124455369119,0.3119728137179557,0.765,0.5585603368864325,0.8613569321533924,0.7684210526315789,0.9798657718120806,0.436241610738255,0.1116078003283053,0.5791313354881747,0.1613201740564541
va_long_beach,tabpfn,pooled,raw,mcar_50,3,200.0,0.745,0.6322542439794709,0.8226432783999622,0.5955133300835341,0.9523393251222567,0.188874257192591,0.3150599835715711,0.765,0.5908014212396367,0.8571428571428571,0.7833333333333333,0.9463087248322147,0.3422818791946309,0.4264792836257036,0.4019951104420798,0.1845774678072495
va_long_beach,tabpfn,pooled,raw,mcar_50,4,200.0,0.745,0.6799578891959468,0.8460232902031509,0.5713271207299789,0.9287736590235242,0.1859320497481006,0.3178375840313197,0.73,0.5157257533886037,0.8402366863905325,0.7513227513227513,0.9530201342281879,0.3959731543624161,0.16354375297194032,0.540064853495418,0.16458740142980044
va_long_beach,tabpfn,pooled,raw,mcar_50,5,200.0,0.745,0.6261350177654955,0.8161248890640502,0.61129711037411,1.0140746962749008,0.19406414297222013,0.33687973620663564,0.735,0.5255296749572312,0.8427299703264095,0.7553191489361702,0.9530201342281879,0.37583892617449666,0.3855635103098834,0.3796283109892952,0.1907474140512952
va_long_beach,tabpfn,pooled,raw,mcar_50,6,200.0,0.745,0.6506777207527307,0.8323825573431965,0.6016403810128773,1.0006489106884076,0.19484933075315883,0.34077522039224817,0.725,0.4994736149493354,0.8387096774193549,0.7447916666666666,0.959731543624161,0.436241610738255,0.27412551873495866,0.44258858529938094,0.17644713892159072
va_long_beach,tabpfn,pooled,raw,mcar_50,7,200.0,0.745,0.6638373470193447,0.8626328701646137,0.5693779684764881,0.9145233951359437,0.1847198485921738,0.31145069879014603,0.765,0.5714567706277142,0.8597014925373134,0.7741935483870968,0.9664429530201343,0.4228187919463087,0.23752802930646721,0.5152358577184539,0.14918180128430758
va_long_beach,tabpfn,pooled,raw,mcar_50,8,200.0,0.745,0.6525858665613896,0.8471189686935363,0.5831285383921441,0.9395493676217372,0.1906354771123148,0.32160940862782755,0.75,0.5549414396631136,0.8502994011976048,0.7675675675675676,0.9530201342281879,0.4966442953020134,0.29722883657577037,0.46891532139873293,0.16213437053459095
va_long_beach,tabpfn,pooled,raw,mcar_50,9,200.0,0.745,0.6195552046321885,0.8387565246406075,0.6135109428743634,0.9995366845174289,0.19875549795464997,0.3385414201201259,0.74,0.5288853796552178,0.8461538461538461,0.7566137566137566,0.959731543624161,0.38926174496644295,0.45205301368116174,0.35524445410311806,0.1723926196490995
va_long_beach,tabpfn,pooled,raw,natural,0,200.0,0.745,0.7302276615344124,0.8669984262465854,0.5404864931140406,0.7109580985857022,0.1759497601349715,0.23108213793162324,0.74,0.6707461508093171,0.8231292517006803,0.8344827586206897,0.8120805369127517,0.5704697986577181,0.5765688801353321,0.5650956433292185,0.15389368379829463
va_long_beach,tabpfn,pooled,source_oof_platt,drop_advanced,0,200.0,0.745,0.7252270035530991,0.8765351942280132,0.5639996859135293,0.6400108911749758,0.19164063048092905,0.21963238264917634,0.72,0.6831161994999342,0.8014184397163121,0.849624060150376,0.7583892617449665,0.48322147651006714,0.8166065259264115,0.6678035904110926,0.17480937630567045
va_long_beach,tabpfn,pooled,source_oof_platt,drop_exercise,0,200.0,0.745,0.7112777997104882,0.8504017431618969,0.631781111977776,0.6552527032886941,0.21871865673293564,0.22521470853740547,0.71,0.676404790103961,0.7928571428571428,0.8473282442748091,0.7449664429530202,0.5100671140939598,1.0167269271778534,0.7620106815941146,0.2502726103281041
va_long_beach,tabpfn,pooled,source_oof_platt,drop_routine,0,200.0,0.745,0.7246348203711014,0.867667761651886,0.5766849669341403,1.0125860060188985,0.18187613176111525,0.33427182412806034,0.76,0.5294117647058824,0.861271676300578,0.7563451776649747,1.0,0.5704697986577181,-0.4281649209543206,0.7111996653530007,0.14340149449476966
va_long_beach,tabpfn,pooled,source_oof_platt,empirical_source,0,200.0,0.745,0.7032504276878537,0.862005379837449,0.5686199195226306,0.7032500099187866,0.19021044840804724,0.23705342625225403,0.735,0.6738386629819713,0.8178694158075601,0.8380281690140845,0.7986577181208053,0.4563758389261745,0.7112161053860263,0.5389925525102771,0.17483948096730215
va_long_beach,tabpfn,pooled,source_oof_platt,empirical_source,1,200.0,0.745,0.7319384129490721,0.8648368521370525,0.5491347164334669,0.6727446828601773,0.18049950096760498,0.22133896450707138,0.725,0.6671272535859982,0.8096885813148789,0.8357142857142857,0.785234899328859,0.5167785234899329,0.6948266238100579,0.617091059460397,0.16791408120992513
va_long_beach,tabpfn,pooled,source_oof_platt,empirical_source,2,200.0,0.745,0.7208843268851165,0.8707604387010696,0.5382205943874676,0.6734234749086878,0.17913606302346166,0.22950814764550498,0.75,0.6710093433346493,0.8322147651006712,0.8322147651006712,0.8322147651006712,0.4697986577181208,0.621431486835865,0.6602371694250647,0.1576620492209622
va_long_beach,tabpfn,pooled,source_oof_platt,empirical_source,3,200.0,0.745,0.7231214633504408,0.8693917075054232,0.5550394635426491,0.6940240766698759,0.18291407129990134,0.23033620979770592,0.75,0.6839057770759311,0.8299319727891157,0.8413793103448276,0.8187919463087249,0.4228187919463087,0.673305204484347,0.5668155765999269,0.16373989047042725
va_long_beach,tabpfn,pooled,source_oof_platt,empirical_source,4,200.0,0.745,0.7164100539544676,0.866917504907539,0.5503288502568949,0.6946727061712318,0.18346435764938915,0.23511871344201196,0.73,0.6575865245427029,0.8163265306122449,0.8275862068965517,0.8053691275167785,0.40268456375838924,0.6506909987200074,0.588548187100565,0.16152825444558427
va_long_beach,tabpfn,pooled,source_oof_platt,empirical_source,5,200.0,0.745,0.7079878931438348,0.8338679264758853,0.5692170201156107,0.7162743039980769,0.185837459752241,0.23201490940713293,0.72,0.6573233320173707,0.8068965517241379,0.8297872340425532,0.785234899328859,0.5302013422818792,0.7058370578294341,0.5328970050306835,0.196622404612745
va_long_beach,tabpfn,pooled,source_oof_platt,empirical_source,6,200.0,0.745,0.7223976839057771,0.8702291663321813,0.5494489949368939,0.6805087478713092,0.18327229683133558,0.22986880771754253,0.75,0.6774575602052901,0.831081081081081,0.8367346938775511,0.825503355704698,0.4899328859060403,0.6738147833039918,0.5966991308152487,0.16289618939747252
va_long_beach,tabpfn,pooled,source_oof_platt,empirical_source,7,200.0,0.745,0.6848927490459271,0.842197706251531,0.5801119458000868,0.7362495160638587,0.19190184906023544,0.24597613120464745,0.73,0.6640347414133438,0.815068493150685,0.8321678321678322,0.7986577181208053,0.40268456375838924,0.7134416081732599,0.4895913320768818,0.18971681050418535
va_long_beach,tabpfn,pooled,source_oof_platt,empirical_source,8,200.0,0.745,0.7302934596657454,0.874251585077475,0.5428102717861857,0.6716134930739206,0.1799012975042084,0.2250965576991899,0.755,0.6937096986445586,0.8327645051194539,0.8472222222222222,0.8187919463087249,0.5167785234899329,0.6580125556671428,0.6120228663990277,0.15981195573811846
va_long_beach,tabpfn,pooled,source_oof_platt,empirical_source,9,200.0,0.745,0.7062771417291749,0.8449430154458228,0.5684447048633481,0.718219963034286,0.18587363944187238,0.23569530735203095,0.735,0.6609422292406896,0.8203389830508474,0.8287671232876712,0.8120805369127517,0.47651006711409394,0.6967657739866018,0.5277110786592902,0.1855476322073089
va_long_beach,tabpfn,pooled,source_oof_platt,mar_age_sex_30,0,200.0,0.745,0.699828924858534,0.8567405433962114,0.5332676461166728,0.7254762178580894,0.17497031449978898,0.24820837151160904,0.74,0.6320568495854717,0.8300653594771242,0.8089171974522293,0.8523489932885906,0.3825503355704698,0.483487333836924,0.6434915832191136,0.15596627013229547
va_long_beach,tabpfn,pooled,source_oof_platt,mar_age_sex_30,1,200.0,0.745,0.7482563495196736,0.8843874729594721,0.49564429537934734,0.6711447596855453,0.16202725838639803,0.23137156428610212,0.755,0.6292275299381498,0.8434504792332268,0.8048780487804879,0.8859060402684564,0.4966442953020134,0.30698930181358913,0.8617011816501426,0.12905308473706964
va_long_beach,tabpfn,pooled,source_oof_platt,mar_age_sex_30,2,200.0,0.745,0.7144361100144757,0.8617539331556452,0.5175497901930817,0.7236827846193903,0.16805955238777182,0.24691582292343084,0.775,0.6362021318594552,0.8589341692789969,0.8058823529411765,0.9194630872483222,0.5100671140939598,0.38993649091520133,0.6923197206415005,0.1461518264195076
va_long_beach,tabpfn,pooled,source_oof_platt,mar_age_sex_30,3,200.0,0.745,0.7121989735491513,0.8653339503127135,0.5181915363481111,0.7065081134752654,0.1701778861708233,0.24321125199720273,0.74,0.6320568495854717,0.8300653594771242,0.8089171974522293,0.8523489932885906,0.47651006711409394,0.43393094066552235,0.7061806432729291,0.14525713500822351
va_long_beach,tabpfn,pooled,source_oof_platt,mar_age_sex_30,4,200.0,0.745,0.6680484274246612,0.8253275566406503,0.5542992994879274,0.7699660207534349,0.1808303196729304,0.2611774338478442,0.735,0.6029082774049217,0.8306709265175719,0.7926829268292683,0.87248322147651,0.4429530201342282,0.5295972436582359,0.548220786779435,0.18626365907413867
va_long_beach,tabpfn,pooled,source_oof_platt,mar_age_sex_30,5,200.0,0.745,0.7225950782997764,0.8611142167408284,0.5237301725806653,0.7097935091091138,0.1713940626517184,0.2422938656329588,0.74,0.61916041584419,0.832258064516129,0.8012422360248447,0.8657718120805369,0.5234899328859061,0.4370742220437795,0.700417653806838,0.15391783658546182
va_long_beach,tabpfn,pooled,source_oof_platt,mar_age_sex_30,6,200.0,0.745,0.684761152783261,0.8471347388961599,0.5482302367676659,0.7405840901674674,0.1800052281557172,0.2517916544793044,0.765,0.6488353730754046,0.8488745980707395,0.8148148148148148,0.8859060402684564,0.3959731543624161,0.5576199290758949,0.5699009617883315,0.1686463850169055
va_long_beach,tabpfn,pooled,source_oof_platt,mar_age_sex_30,7,200.0,0.745,0.6960126332412159,0.8716578650443423,0.5401509903660908,0.718397539342351,0.18281976947584944,0.2539873479561335,0.7,0.5794183445190156,0.803921568627451,0.7834394904458599,0.825503355704698,0.5167785234899329,0.5143086864257223,0.6228920268358857,0.1516297256029109
va_long_beach,tabpfn,pooled,source_oof_platt,mar_age_sex_30,8,200.0,0.745,0.7145677062771417,0.8512015576967964,0.53390048938172,0.7193919598562436,0.17330632635507098,0.24199537463523735,0.77,0.6521910777733912,0.8525641025641025,0.8159509202453987,0.8926174496644296,0.3959731543624161,0.5017135861907507,0.6421255335132087,0.16480972163246171
va_long_beach,tabpfn,pooled,source_oof_platt,mar_age_sex_30,9,200.0,0.745,0.7584550598762996,0.8968801390033498,0.49031029736907994,0.6697384257120067,0.16050542316762587,0.22916604992291797,0.765,0.6423871562047638,0.8498402555910544,0.8109756097560976,0.8926174496644296,0.5436241610738255,0.3161842031920136,0.8028327520943941,0.11804738796688777
va_long_beach,tabpfn,pooled,source_oof_platt,mcar_10,0,200.0,0.745,0.6887748387945782,0.8488904460737914,0.5737150445438336,0.7271820256968893,0.19148210710906802,0.24594762570240297,0.72,0.637978681405448,0.8108108108108109,0.8163265306122449,0.8053691275167785,0.3959731543624161,0.6926415298379452,0.5120364701454305,0.18249440896850078
va_long_beach,tabpfn,pooled,source_oof_platt,mcar_10,1,200.0,0.745,0.7111462034478222,0.8475111692294328,0.5720933663100177,0.7062547011144766,0.18780708241622818,0.2317922508212377,0.71,0.631267272009475,0.8027210884353742,0.8137931034482758,0.7919463087248322,0.5167785234899329,0.7242429326241863,0.5409452303316865,0.18696966968179446
va_long_beach,tabpfn,pooled,source_oof_platt,mcar_10,2,200.0,0.745,0.709961837083827,0.8645471686956646,0.5550098974961064,0.6786399659847312,0.18737702730832162,0.23293241477257096,0.715,0.6410711935781024,0.8054607508532423,0.8194444444444444,0.7919463087248322,0.4966442953020134,0.6940276468553992,0.6168551663934173,0.1685492501776087
va_long_beach,tabpfn,pooled,source_oof_platt,mcar_10,3,200.0,0.745,0.7118041847611528,0.8528215675681637,0.5673146136385645,0.7036116476237467,0.1871896609368003,0.23289941129233044,0.735,0.6609422292406896,0.8203389830508474,0.8287671232876712,0.8120805369127517,0.5234899328859061,0.7056249580729855,0.5426743256558781,0.18343372816929526
va_long_beach,tabpfn,pooled,source_oof_platt,mcar_10,4,200.0,0.745,0.7295696802210817,0.8627598425641266,0.5414281646160909,0.668159281285011,0.17828945118540723,0.22265931997732827,0.745,0.6805500723779445,0.825938566552901,0.8402777777777778,0.8120805369127517,0.4966442953020134,0.6689114330069356,0.6667889328565993,0.16235769708191927
va_long_beach,tabpfn,pooled,source_oof_platt,mcar_10,5,200.0,0.745,0.7086458744571654,0.8607671067156114,0.5565039603585958,0.7006800039569921,0.18548759576272858,0.23577839076556437,0.735,0.6673904461113305,0.8191126279863481,0.8333333333333334,0.8053691275167785,0.4697986577181208,0.670647888457835,0.5629827784451704,0.16985445830124868
va_long_beach,tabpfn,pooled,source_oof_platt,mcar_10,6,200.0,0.745,0.6919331490985656,0.8434278603570048,0.5757482146542693,0.738094324875735,0.1909663225688717,0.24762573799810486,0.695,0.5954072904329517,0.7959866220735786,0.7933333333333333,0.7986577181208053,0.5167785234899329,0.6917920815620645,0.4934916466275243,0.18559171238759392
va_long_beach,tabpfn,pooled,source_oof_platt,mcar_10,7,200.0,0.745,0.695157257533886,0.8496195469238461,0.5726137245683965,0.7130922931722754,0.19091079376956252,0.2396498459121081,0.715,0.6410711935781024,0.8054607508532423,0.8194444444444444,0.7919463087248322,0.46308724832214765,0.7183101330730604,0.5293973560343623,0.1834855035486393
va_long_beach,tabpfn,pooled,source_oof_platt,mcar_10,8,200.0,0.745,0.7089748651138308,0.8669521999958447,0.5632154395952088,0.6974751769524878,0.18902643312950004,0.23604772874606098,0.725,0.6542308198447164,0.8122866894197952,0.8263888888888888,0.7986577181208053,0.5167785234899329,0.6846416865140329,0.5533809785594486,0.17016523012827034
va_long_beach,tabpfn,pooled,source_oof_platt,mcar_10,9,200.0,0.745,0.6591656796946966,0.8342299782233344,0.5971098530420386,0.7599158245569417,0.19975925308530368,0.25846172518887933,0.7,0.6052112120015791,0.7986577181208053,0.7986577181208053,0.7986577181208053,0.40939597315436244,0.7480373239082359,0.4309768484716668,0.20079933888776202
va_long_beach,tabpfn,pooled,source_oof_platt,mcar_30,0,200.0,0.745,0.6160679036715357,0.8134026282311868,0.6059863391632861,0.8540374757610805,0.20002996879074061,0.29094833316883506,0.705,0.5569811817344388,0.8126984126984127,0.7710843373493976,0.8590604026845637,0.3087248322147651,0.7106094017530812,0.32801996052879423,0.20568141732149284
va_long_beach,tabpfn,pooled,source_oof_platt,mcar_30,1,200.0,0.745,0.6927227266745625,0.8473309293439076,0.5469560346017515,0.745847769162549,0.17941959593736226,0.2542109969919922,0.735,0.6158047111462035,0.8284789644012945,0.8,0.8590604026845637,0.48322147651006714,0.5258294729211914,0.5775965864905342,0.16952754143259346
va_long_beach,tabpfn,pooled,source_oof_platt,mcar_30,2,200.0,0.745,0.662323989998684,0.8500299769619266,0.565142406185982,0.8041680081468181,0.18789378264199336,0.2780056532564958,0.725,0.5768522173970259,0.8264984227129337,0.7797619047619048,0.8791946308724832,0.4228187919463087,0.5209212011206503,0.4802228837394274,0.16846459524662905
va_long_beach,tabpfn,pooled,source_oof_platt,mcar_30,3,200.0,0.745,0.6643637320700091,0.8283626605687533,0.5563444445725232,0.7760908309156977,0.182278250159493,0.2656258184767618,0.725,0.5768522173970259,0.8264984227129337,0.7797619047619048,0.8791946308724832,0.35570469798657717,0.5291200474978062,0.5419940488173859,0.18242031470017211
va_long_beach,tabpfn,pooled,source_oof_platt,mcar_30,4,200.0,0.745,0.712001579155152,0.8717091262169697,0.5207564161199347,0.7321326701006132,0.1720603743022721,0.2544145178983303,0.77,0.6392946440321094,0.8544303797468354,0.8083832335329342,0.9060402684563759,0.48322147651006714,0.3681509477466031,0.673045271331659,0.14196833764421743
va_long_beach,tabpfn,pooled,source_oof_platt,mcar_30,5,200.0,0.745,0.6687722068693248,0.8389770763187449,0.5609357053832046,0.7750030809954247,0.184646728833268,0.2660376909840568,0.74,0.5869193314909857,0.8375,0.783625730994152,0.8993288590604027,0.33557046979865773,0.5632710130615337,0.5152628451639931,0.17799787478703122
va_long_beach,tabpfn,pooled,source_oof_platt,mcar_30,6,200.0,0.745,0.6353467561521253,0.7971052484529584,0.6045171997995965,0.85969653961415,0.19503690474500432,0.28549306385577056,0.725,0.5704040005263851,0.8275862068965517,0.7764705882352941,0.8859060402684564,0.28187919463087246,0.6944485463089524,0.33151959827743394,0.2243247645760919
va_long_beach,tabpfn,pooled,source_oof_platt,mcar_30,7,200.0,0.745,0.6544282142387157,0.8324747831192639,0.5711087703748855,0.7864333627528581,0.1897395088231565,0.26998841696965553,0.72,0.5928411633109619,0.8193548387096774,0.7888198757763976,0.8523489932885906,0.3825503355704698,0.5978700647938824,0.4727777697511254,0.18487725054199033
va_long_beach,tabpfn,pooled,source_oof_platt,mcar_30,8,200.0,0.745,0.6749572312146335,0.8581184444011754,0.5452794224570553,0.7552775415039268,0.1827164282618437,0.2664708328437646,0.72,0.5670482958283984,0.8238993710691824,0.7751479289940828,0.8791946308724832,0.436241610738255,0.47028212678494796,0.5964560067418341,0.1584573885506098
va_long_beach,tabpfn,pooled,source_oof_platt,mcar_30,9,200.0,0.745,0.6253454401894987,0.8224523116954305,0.5930966410837684,0.8251455278347429,0.198234484422324,0.28441114349115754,0.71,0.579681537044348,0.8129032258064516,0.782608695652174,0.8456375838926175,0.3624161073825503,0.6688623602817065,0.3870749506355219,0.19554891320731166
va_long_beach,tabpfn,pooled,source_oof_platt,mcar_50,0,200.0,0.745,0.6250822476641664,0.8304428794896648,0.5700456521775016,0.8491867526011985,0.18907054397024253,0.2982782864708813,0.745,0.5644821687064088,0.8449848024316109,0.7722222222222223,0.9328859060402684,0.40268456375838924,0.48812608761309356,0.4659788495420754,0.17870265325687215
va_long_beach,tabpfn,pooled,source_oof_platt,mcar_50,1,200.0,0.745,0.5852743782076589,0.7927448748156218,0.6191249243956581,0.9654910302131794,0.20292911243264392,0.3318139806510194,0.72,0.5025661271219897,0.834319526627219,0.746031746031746,0.9463087248322147,0.33557046979865773,0.6995336421752956,0.24842311572546932,0.21695766394532165
va_long_beach,tabpfn,pooled,source_oof_platt,mcar_50,2,200.0,0.745,0.6714699302539808,0.8461858291780853,0.5393704242871284,0.8065521865593952,0.17774637439952315,0.2829391367209164,0.75,0.5678378734043953,0.8484848484848485,0.7734806629834254,0.9395973154362416,0.436241610738255,0.2830680129515138,0.6356960993584001,0.16126243963464465
va_long_beach,tabpfn,pooled,source_oof_platt,mcar_50,3,200.0,0.745,0.6321226477168048,0.8221196542847038,0.5753718481418182,0.8422807043663696,0.1886242559614575,0.28995409336314093,0.74,0.5740228977497039,0.8395061728395061,0.7771428571428571,0.912751677852349,0.3422818791946309,0.5451941570558934,0.4414327876415198,0.18813155305250973
va_long_beach,tabpfn,pooled,source_oof_platt,mcar_50,4,200.0,0.745,0.680089485458613,0.8460711774701425,0.54762897812975,0.8160438163513696,0.18137046852064542,0.2868620656823559,0.725,0.5317146993025398,0.8338368580060423,0.7582417582417582,0.9261744966442953,0.3959731543624161,0.32308008758862394,0.5928684767898041,0.16746342933256753
va_long_beach,tabpfn,pooled,source_oof_platt,mcar_50,5,200.0,0.745,0.6258718252401632,0.8160597117691168,0.5809176537304509,0.8881571283900892,0.19024957194787062,0.30696088337890737,0.71,0.5151993683379392,0.8242424242424242,0.7513812154696132,0.912751677852349,0.37583892617449666,0.49831855955385684,0.41629345313478916,0.1922633001857108
va_long_beach,tabpfn,pooled,source_oof_platt,mcar_50,6,200.0,0.745,0.6508093170153968,0.8324958130282356,0.5700922712857001,0.8738717395123654,0.18895453819361654,0.30822747206303636,0.725,0.5123700486906172,0.8367952522255193,0.75,0.9463087248322147,0.436241610738255,0.40582360440434756,0.4852534740829011,0.17831099958829166
va_long_beach,tabpfn,pooled,source_oof_platt,mcar_50,7,200.0,0.745,0.6635741544940124,0.8624739161364245,0.5493706372641053,0.8067330532533155,0.18326078436502885,0.2846638008931518,0.74,0.5740228977497039,0.8395061728395061,0.7771428571428571,0.912751677852349,0.4228187919463087,0.389921000303131,0.5655748485243738,0.15178720378913316
va_long_beach,tabpfn,pooled,source_oof_platt,mcar_50,8,200.0,0.745,0.6528490590867219,0.847423518141498,0.5600902002540029,0.8267182578809036,0.18754656863071403,0.2927619656562827,0.73,0.5608632714830899,0.8333333333333334,0.7714285714285715,0.9060402684563759,0.4966442953020134,0.436059335583377,0.5147696716405498,0.16487979912985218
va_long_beach,tabpfn,pooled,source_oof_platt,mcar_50,9,200.0,0.745,0.6194236083695223,0.8386530899056438,0.5861945361955844,0.8774294438641043,0.19632330509336263,0.3097871489598857,0.72,0.5154625608632715,0.8323353293413174,0.7513513513513513,0.9328859060402684,0.3959731543624161,0.5569683136515845,0.39004737218304203,0.17631592959757594
va_long_beach,tabpfn,pooled,source_oof_platt,natural,0,200.0,0.745,0.7299644690090802,0.866608640632344,0.5572110253974225,0.6626057313221556,0.18570937965596784,0.21967378614978186,0.725,0.6800236873272799,0.8070175438596491,0.8455882352941176,0.7718120805369127,0.5704697986577181,0.7448250655378271,0.6195087024512084,0.17071013979846705
