outer_target,inner_validation,experiment,variant,parameter_id,parameters_json,seed,policy,mask_replicate,n,prevalence,roc_auc,average_precision,log_loss,balanced_log_loss,brier,balanced_brier,accuracy,balanced_accuracy,f1,precision,recall,sensitivity_at_80_specificity,calibration_intercept,calibration_slope,aurc
cleveland,hungary,mirrams_equation9,mirrams,0,"{""d_model"": 64, ""dropout"": 0.1, ""evaluation_interval"": 5, ""learning_rate"": 0.0001, ""max_epochs"": 120, ""mirrams_confidence"": 0.95, ""mirrams_lambda_1"": 15.0, ""mirrams_lambda_2"": 15.0, ""mirrams_mask_rate"": 0.1, ""n_heads"": 4, ""n_layers"": 2, ""patience_evaluations"": 8, ""validation_mask_replicates"": 2, ""weight_decay"": 0.001}",5062,drop_advanced,0,294.0,0.36054421768707484,0.8677238057005219,0.7222135442504783,0.5638598919981079,0.5070226229094164,0.1626196966879736,0.14970535037713212,0.8095238095238095,0.8160879164993978,0.7606837606837606,0.6953125,0.839622641509434,0.8113207547169812,-1.0946345907424209,0.677424626180439,0.2006475030482882
cleveland,hungary,mirrams_equation9,mirrams,0,"{""d_model"": 64, ""dropout"": 0.1, ""evaluation_interval"": 5, ""learning_rate"": 0.0001, ""max_epochs"": 120, ""mirrams_confidence"": 0.95, ""mirrams_lambda_1"": 15.0, ""mirrams_lambda_2"": 15.0, ""mirrams_mask_rate"": 0.1, ""n_heads"": 4, ""n_layers"": 2, ""patience_evaluations"": 8, ""validation_mask_replicates"": 2, ""weight_decay"": 0.001}",5062,drop_exercise,0,294.0,0.36054421768707484,0.8147330389401846,0.6979165764907289,0.5954209659719388,0.5637389227167278,0.18762227522441516,0.18083459441966732,0.7380952380952381,0.7355479727017262,0.6666666666666666,0.616,0.7264150943396226,0.660377358490566,-0.8009905715391664,0.6709768697544485,0.2102332417688505
cleveland,hungary,mirrams_equation9,mirrams,0,"{""d_model"": 64, ""dropout"": 0.1, ""evaluation_interval"": 5, ""learning_rate"": 0.0001, ""max_epochs"": 120, ""mirrams_confidence"": 0.95, ""mirrams_lambda_1"": 15.0, ""mirrams_lambda_2"": 15.0, ""mirrams_mask_rate"": 0.1, ""n_heads"": 4, ""n_layers"": 2, ""patience_evaluations"": 8, ""validation_mask_replicates"": 2, ""weight_decay"": 0.001}",5062,drop_routine,0,294.0,0.36054421768707484,0.8822761942994781,0.7561372727522134,0.6775416708241856,0.5636031056332648,0.19510500959112367,0.1625519961953058,0.7721088435374149,0.8074066639903653,0.7471698113207547,0.6226415094339622,0.9339622641509434,0.8018867924528302,-1.7745382441074746,0.7657873228473908,0.22439678926578527
cleveland,hungary,mirrams_equation9,mirrams,0,"{""d_model"": 64, ""dropout"": 0.1, ""evaluation_interval"": 5, ""learning_rate"": 0.0001, ""max_epochs"": 120, ""mirrams_confidence"": 0.95, ""mirrams_lambda_1"": 15.0, ""mirrams_lambda_2"": 15.0, ""mirrams_mask_rate"": 0.1, ""n_heads"": 4, ""n_layers"": 2, ""patience_evaluations"": 8, ""validation_mask_replicates"": 2, ""weight_decay"": 0.001}",5062,empirical_source,0,294.0,0.36054421768707484,0.840726615816941,0.6957498303904306,0.692533105015615,0.5970700129997504,0.2006477730965266,0.1745980663378221,0.7653061224489796,0.789743075070253,0.7294117647058823,0.6241610738255033,0.8773584905660378,0.7264150943396226,-1.2931162925467334,0.6344470470917154,0.24969738532006452
cleveland,hungary,mirrams_equation9,mirrams,0,"{""d_model"": 64, ""dropout"": 0.1, ""evaluation_interval"": 5, ""learning_rate"": 0.0001, ""max_epochs"": 120, ""mirrams_confidence"": 0.95, ""mirrams_lambda_1"": 15.0, ""mirrams_lambda_2"": 15.0, ""mirrams_mask_rate"": 0.1, ""n_heads"": 4, ""n_layers"": 2, ""patience_evaluations"": 8, ""validation_mask_replicates"": 2, ""weight_decay"": 0.001}",5062,empirical_source,1,294.0,0.36054421768707484,0.8463719389803293,0.700760133427202,0.7100040366836923,0.6077569164298509,0.2019213585391243,0.1755032442812725,0.7619047619047619,0.7870835006021678,0.7265625,0.62,0.8773584905660378,0.7641509433962265,-1.355316735457051,0.6229984560523738,0.24897169026047614
cleveland,hungary,mirrams_equation9,mirrams,0,"{""d_model"": 64, ""dropout"": 0.1, ""evaluation_interval"": 5, ""learning_rate"": 0.0001, ""max_epochs"": 120, ""mirrams_confidence"": 0.95, ""mirrams_lambda_1"": 15.0, ""mirrams_lambda_2"": 15.0, ""mirrams_mask_rate"": 0.1, ""n_heads"": 4, ""n_layers"": 2, ""patience_evaluations"": 8, ""validation_mask_replicates"": 2, ""weight_decay"": 0.001}",5062,empirical_source,2,294.0,0.36054421768707484,0.86029706945002,0.7377651527074061,0.6874568111812347,0.5887868503743624,0.2003959103262738,0.1738759123582868,0.7551020408163265,0.7776495383380169,0.7165354330708661,0.6148648648648649,0.8584905660377359,0.7547169811320755,-1.416816996059948,0.6636268087999495,0.23076606434369107
cleveland,hungary,mirrams_equation9,mirrams,0,"{""d_model"": 64, ""dropout"": 0.1, ""evaluation_interval"": 5, ""learning_rate"": 0.0001, ""max_epochs"": 120, ""mirrams_confidence"": 0.95, ""mirrams_lambda_1"": 15.0, ""mirrams_lambda_2"": 15.0, ""mirrams_mask_rate"": 0.1, ""n_heads"": 4, ""n_layers"": 2, ""patience_evaluations"": 8, ""validation_mask_replicates"": 2, ""weight_decay"": 0.001}",5062,empirical_source,3,294.0,0.36054421768707484,0.8428843837816139,0.7221829652432499,0.6846375904755365,0.5950326180333771,0.19882079995918236,0.1752939498508279,0.7585034013605442,0.7803091128061019,0.7193675889328063,0.6190476190476191,0.8584905660377359,0.7358490566037735,-1.2699378499007576,0.6270826474421465,0.23668769735671702
cleveland,hungary,mirrams_equation9,mirrams,0,"{""d_model"": 64, ""dropout"": 0.1, ""evaluation_interval"": 5, ""learning_rate"": 0.0001, ""max_epochs"": 120, ""mirrams_confidence"": 0.95, ""mirrams_lambda_1"": 15.0, ""mirrams_lambda_2"": 15.0, ""mirrams_mask_rate"": 0.1, ""n_heads"": 4, ""n_layers"": 2, ""patience_evaluations"": 8, ""validation_mask_replicates"": 2, ""weight_decay"": 0.001}",5062,empirical_source,4,294.0,0.36054421768707484,0.8461461260537936,0.6734323042511396,0.6867399534614634,0.5856120958915818,0.19158531739635462,0.165917528791917,0.7857142857142857,0.8077579285427539,0.749003984063745,0.6482758620689655,0.8867924528301887,0.839622641509434,-1.432902482279534,0.6621657465933055,0.25685169741749475
cleveland,hungary,mirrams_equation9,mirrams,0,"{""d_model"": 64, ""dropout"": 0.1, ""evaluation_interval"": 5, ""learning_rate"": 0.0001, ""max_epochs"": 120, ""mirrams_confidence"": 0.95, ""mirrams_lambda_1"": 15.0, ""mirrams_lambda_2"": 15.0, ""mirrams_mask_rate"": 0.1, ""n_heads"": 4, ""n_layers"": 2, ""patience_evaluations"": 8, ""validation_mask_replicates"": 2, ""weight_decay"": 0.001}",5062,mar_age_sex_30,0,294.0,0.36054421768707484,0.8524187073464473,0.7280413086069897,0.6326941896033624,0.5608832898016691,0.19225795995843495,0.17304233585925025,0.7517006802721088,0.7688177438779606,0.7068273092369478,0.6153846153846154,0.8301886792452831,0.7641509433962265,-1.21011837092374,0.6608856871793563,0.22095893382659482
cleveland,hungary,mirrams_equation9,mirrams,0,"{""d_model"": 64, ""dropout"": 0.1, ""evaluation_interval"": 5, ""learning_rate"": 0.0001, ""max_epochs"": 120, ""mirrams_confidence"": 0.95, ""mirrams_lambda_1"": 15.0, ""mirrams_lambda_2"": 15.0, ""mirrams_mask_rate"": 0.1, ""n_heads"": 4, ""n_layers"": 2, ""patience_evaluations"": 8, ""validation_mask_replicates"": 2, ""weight_decay"": 0.001}",5062,mar_age_sex_30,1,294.0,0.36054421768707484,0.8505118426334806,0.707953391568944,0.6211965312353505,0.5518626882380813,0.17977932539607855,0.16300666849009313,0.782312925170068,0.7927539140907267,0.7333333333333333,0.6567164179104478,0.8301886792452831,0.7641509433962265,-1.1255347183499147,0.6366471962574353,0.22002685953277976
cleveland,hungary,mirrams_equation9,mirrams,0,"{""d_model"": 64, ""dropout"": 0.1, ""evaluation_interval"": 5, ""learning_rate"": 0.0001, ""max_epochs"": 120, ""mirrams_confidence"": 0.95, ""mirrams_lambda_1"": 15.0, ""mirrams_lambda_2"": 15.0, ""mirrams_mask_rate"": 0.1, ""n_heads"": 4, ""n_layers"": 2, ""patience_evaluations"": 8, ""validation_mask_replicates"": 2, ""weight_decay"": 0.001}",5062,mar_age_sex_30,2,294.0,0.36054421768707484,0.864462063428342,0.7596985938175049,0.5923152414147846,0.5231199691510104,0.17618839900864355,0.15728815473558438,0.7789115646258503,0.8003813729425934,0.7410358565737052,0.6413793103448275,0.8773584905660378,0.7924528301886793,-1.2123727053258633,0.7095507243388463,0.1963587747638093
cleveland,hungary,mirrams_equation9,mirrams,0,"{""d_model"": 64, ""dropout"": 0.1, ""evaluation_interval"": 5, ""learning_rate"": 0.0001, ""max_epochs"": 120, ""mirrams_confidence"": 0.95, ""mirrams_lambda_1"": 15.0, ""mirrams_lambda_2"": 15.0, ""mirrams_mask_rate"": 0.1, ""n_heads"": 4, ""n_layers"": 2, ""patience_evaluations"": 8, ""validation_mask_replicates"": 2, ""weight_decay"": 0.001}",5062,mar_age_sex_30,3,294.0,0.36054421768707484,0.8720895222802088,0.75835903708822,0.5705626206909825,0.50832366959063,0.1667769508821733,0.15155580528267037,0.782312925170068,0.7927539140907267,0.7333333333333333,0.6567164179104478,0.8301886792452831,0.8018867924528302,-1.1473310658566673,0.7046388950608337,0.1816429214013934
cleveland,hungary,mirrams_equation9,mirrams,0,"{""d_model"": 64, ""dropout"": 0.1, ""evaluation_interval"": 5, ""learning_rate"": 0.0001, ""max_epochs"": 120, ""mirrams_confidence"": 0.95, ""mirrams_lambda_1"": 15.0, ""mirrams_lambda_2"": 15.0, ""mirrams_mask_rate"": 0.1, ""n_heads"": 4, ""n_layers"": 2, ""patience_evaluations"": 8, ""validation_mask_replicates"": 2, ""weight_decay"": 0.001}",5062,mar_age_sex_30,4,294.0,0.36054421768707484,0.8650642312324368,0.7565606078251814,0.5874938303669875,0.5238944347777319,0.17325323319924685,0.15758221331501948,0.7891156462585034,0.8021878763548775,0.743801652892562,0.6617647058823529,0.8490566037735849,0.7830188679245284,-1.1444634200795214,0.6836653136396269,0.18947998944009514
cleveland,hungary,mirrams_equation9,mirrams,0,"{""d_model"": 64, ""dropout"": 0.1, ""evaluation_interval"": 5, ""learning_rate"": 0.0001, ""max_epochs"": 120, ""mirrams_confidence"": 0.95, ""mirrams_lambda_1"": 15.0, ""mirrams_lambda_2"": 15.0, ""mirrams_mask_rate"": 0.1, ""n_heads"": 4, ""n_layers"": 2, ""patience_evaluations"": 8, ""validation_mask_replicates"": 2, ""weight_decay"": 0.001}",5062,mcar_10,0,294.0,0.36054421768707484,0.8606985146527499,0.7277969306315022,0.5997923197851057,0.5337261766214151,0.17722432351883471,0.1602630234685971,0.7891156462585034,0.804245283018868,0.7459016393442623,0.6594202898550725,0.8584905660377359,0.7452830188679245,-1.1506218675863653,0.6697827076504043,0.2054700956192016
cleveland,hungary,mirrams_equation9,mirrams,0,"{""d_model"": 64, ""dropout"": 0.1, ""evaluation_interval"": 5, ""learning_rate"": 0.0001, ""max_epochs"": 120, ""mirrams_confidence"": 0.95, ""mirrams_lambda_1"": 15.0, ""mirrams_lambda_2"": 15.0, ""mirrams_mask_rate"": 0.1, ""n_heads"": 4, ""n_layers"": 2, ""patience_evaluations"": 8, ""validation_mask_replicates"": 2, ""weight_decay"": 0.001}",5062,mcar_10,1,294.0,0.36054421768707484,0.8612505018065034,0.7150911797843793,0.5947835233757545,0.5269092370979991,0.17326621502648562,0.15617904327913684,0.7993197278911565,0.810166599759133,0.7531380753138075,0.6766917293233082,0.8490566037735849,0.7830188679245284,-1.164700899221046,0.6780395728269515,0.2119482236101911
cleveland,hungary,mirrams_equation9,mirrams,0,"{""d_model"": 64, ""dropout"": 0.1, ""evaluation_interval"": 5, ""learning_rate"": 0.0001, ""max_epochs"": 120, ""mirrams_confidence"": 0.95, ""mirrams_lambda_1"": 15.0, ""mirrams_lambda_2"": 15.0, ""mirrams_mask_rate"": 0.1, ""n_heads"": 4, ""n_layers"": 2, ""patience_evaluations"": 8, ""validation_mask_replicates"": 2, ""weight_decay"": 0.001}",5062,mcar_10,2,294.0,0.36054421768707484,0.8561320754716981,0.7198632836435033,0.596554391030313,0.531719852881462,0.17702292952072954,0.15992538142619855,0.7789115646258503,0.7942091529506223,0.7346938775510204,0.6474820143884892,0.8490566037735849,0.7924528301886793,-1.1485038778893082,0.6799690041263211,0.20879771162129113
cleveland,hungary,mirrams_equation9,mirrams,0,"{""d_model"": 64, ""dropout"": 0.1, ""evaluation_interval"": 5, ""learning_rate"": 0.0001, ""max_epochs"": 120, ""mirrams_confidence"": 0.95, ""mirrams_lambda_1"": 15.0, ""mirrams_lambda_2"": 15.0, ""mirrams_mask_rate"": 0.1, ""n_heads"": 4, ""n_layers"": 2, ""patience_evaluations"": 8, ""validation_mask_replicates"": 2, ""weight_decay"": 0.001}",5062,mcar_10,3,294.0,0.36054421768707484,0.8669209152950623,0.7267326290560825,0.5958534656230395,0.5229076996219226,0.17476939507743958,0.15530314649166352,0.7925170068027211,0.8089622641509434,0.7510204081632653,0.6618705035971223,0.8679245283018868,0.7735849056603774,-1.2341792044679858,0.7058602876824561,0.21115458118593927
cleveland,hungary,mirrams_equation9,mirrams,0,"{""d_model"": 64, ""dropout"": 0.1, ""evaluation_interval"": 5, ""learning_rate"": 0.0001, ""max_epochs"": 120, ""mirrams_confidence"": 0.95, ""mirrams_lambda_1"": 15.0, ""mirrams_lambda_2"": 15.0, ""mirrams_mask_rate"": 0.1, ""n_heads"": 4, ""n_layers"": 2, ""patience_evaluations"": 8, ""validation_mask_replicates"": 2, ""weight_decay"": 0.001}",5062,mcar_10,4,294.0,0.36054421768707484,0.8568847852268165,0.721502163937048,0.5981414425738115,0.5308208392491086,0.17519158764640344,0.15807849804593527,0.782312925170068,0.7968687274187074,0.7377049180327869,0.6521739130434783,0.8490566037735849,0.8113207547169812,-1.1530779209588902,0.680466429524882,0.20399547486098774
cleveland,hungary,mirrams_equation9,mirrams,0,"{""d_model"": 64, ""dropout"": 0.1, ""evaluation_interval"": 5, ""learning_rate"": 0.0001, ""max_epochs"": 120, ""mirrams_confidence"": 0.95, ""mirrams_lambda_1"": 15.0, ""mirrams_lambda_2"": 15.0, ""mirrams_mask_rate"": 0.1, ""n_heads"": 4, ""n_layers"": 2, ""patience_evaluations"": 8, ""validation_mask_replicates"": 2, ""weight_decay"": 0.001}",5062,mcar_30,0,294.0,0.36054421768707484,0.8226615816940989,0.6972300057958616,0.6864476362528769,0.6075589434451234,0.2093574504231978,0.18814782595345814,0.7278911564625851,0.7502007226013649,0.6875,0.5866666666666667,0.8301886792452831,0.7547169811320755,-1.2013626438075649,0.6262817075731942,0.24603912265311478
cleveland,hungary,mirrams_equation9,mirrams,0,"{""d_model"": 64, ""dropout"": 0.1, ""evaluation_interval"": 5, ""learning_rate"": 0.0001, ""max_epochs"": 120, ""mirrams_confidence"": 0.95, ""mirrams_lambda_1"": 15.0, ""mirrams_lambda_2"": 15.0, ""mirrams_mask_rate"": 0.1, ""n_heads"": 4, ""n_layers"": 2, ""patience_evaluations"": 8, ""validation_mask_replicates"": 2, ""weight_decay"": 0.001}",5062,mcar_30,1,294.0,0.36054421768707484,0.842683661180249,0.7196491814221859,0.6308742162687433,0.5570401111093777,0.19474931074289814,0.17333344400136885,0.7551020408163265,0.7776495383380169,0.7165354330708661,0.6148648648648649,0.8584905660377359,0.7830188679245284,-1.2610291198051402,0.71592398585249,0.21991192226141562
cleveland,hungary,mirrams_equation9,mirrams,0,"{""d_model"": 64, ""dropout"": 0.1, ""evaluation_interval"": 5, ""learning_rate"": 0.0001, ""max_epochs"": 120, ""mirrams_confidence"": 0.95, ""mirrams_lambda_1"": 15.0, ""mirrams_lambda_2"": 15.0, ""mirrams_mask_rate"": 0.1, ""n_heads"": 4, ""n_layers"": 2, ""patience_evaluations"": 8, ""validation_mask_replicates"": 2, ""weight_decay"": 0.001}",5062,mcar_30,2,294.0,0.36054421768707484,0.8331493376154154,0.7171642943048403,0.6763838788710378,0.5916901331963577,0.2073448073745395,0.18319545015065386,0.7414965986394558,0.7670112404656764,0.7054263565891473,0.5986842105263158,0.8584905660377359,0.7169811320754716,-1.2511088979780058,0.660655720510712,0.2357819166140211
cleveland,hungary,mirrams_equation9,mirrams,0,"{""d_model"": 64, ""dropout"": 0.1, ""evaluation_interval"": 5, ""learning_rate"": 0.0001, ""max_epochs"": 120, ""mirrams_confidence"": 0.95, ""mirrams_lambda_1"": 15.0, ""mirrams_lambda_2"": 15.0, ""mirrams_mask_rate"": 0.1, ""n_heads"": 4, ""n_layers"": 2, ""patience_evaluations"": 8, ""validation_mask_replicates"": 2, ""weight_decay"": 0.001}",5062,mcar_30,3,294.0,0.36054421768707484,0.8282818145323164,0.6946053913112691,0.701110719795071,0.6097520979997735,0.21581743088993768,0.1890368501463176,0.7210884353741497,0.7510537936571657,0.6893939393939394,0.5759493670886076,0.8584905660377359,0.7264150943396226,-1.2805660017928993,0.65138395411267,0.25237512216719915
cleveland,hungary,mirrams_equation9,mirrams,0,"{""d_model"": 64, ""dropout"": 0.1, ""evaluation_interval"": 5, ""learning_rate"": 0.0001, ""max_epochs"": 120, ""mirrams_confidence"": 0.95, ""mirrams_lambda_1"": 15.0, ""mirrams_lambda_2"": 15.0, ""mirrams_mask_rate"": 0.1, ""n_heads"": 4, ""n_layers"": 2, ""patience_evaluations"": 8, ""validation_mask_replicates"": 2, ""weight_decay"": 0.001}",5062,mcar_30,4,294.0,0.36054421768707484,0.824668807707748,0.7213488249110748,0.6967366008076917,0.6140531510713108,0.21578041747591603,0.19179786044414227,0.7108843537414966,0.7389602569249298,0.6768060836501901,0.5668789808917197,0.839622641509434,0.6981132075471698,-1.207545607737119,0.627009523994532,0.23886026451254777
cleveland,hungary,mirrams_equation9,mirrams,0,"{""d_model"": 64, ""dropout"": 0.1, ""evaluation_interval"": 5, ""learning_rate"": 0.0001, ""max_epochs"": 120, ""mirrams_confidence"": 0.95, ""mirrams_lambda_1"": 15.0, ""mirrams_lambda_2"": 15.0, ""mirrams_mask_rate"": 0.1, ""n_heads"": 4, ""n_layers"": 2, ""patience_evaluations"": 8, ""validation_mask_replicates"": 2, ""weight_decay"": 0.001}",5062,mcar_50,0,294.0,0.36054421768707484,0.7875351264552388,0.6373216806839445,0.8262481700000944,0.7006575511133887,0.2595229588232243,0.219824826225073,0.6666666666666666,0.7167302288237656,0.6597222222222222,0.521978021978022,0.8962264150943396,0.5849056603773585,-1.30825191789227,0.5924209467482315,0.3204578207084944
cleveland,hungary,mirrams_equation9,mirrams,0,"{""d_model"": 64, ""dropout"": 0.1, ""evaluation_interval"": 5, ""learning_rate"": 0.0001, ""max_epochs"": 120, ""mirrams_confidence"": 0.95, ""mirrams_lambda_1"": 15.0, ""mirrams_lambda_2"": 15.0, ""mirrams_mask_rate"": 0.1, ""n_heads"": 4, ""n_layers"": 2, ""patience_evaluations"": 8, ""validation_mask_replicates"": 2, ""weight_decay"": 0.001}",5062,mcar_50,1,294.0,0.36054421768707484,0.7852769971898835,0.6785802228844163,0.8261675826895404,0.7087044439207214,0.26452249561625524,0.22689183300975496,0.6394557823129252,0.691338819751104,0.636986301369863,0.5,0.8773584905660378,0.6698113207547169,-1.3127398642613572,0.5948014323778829,0.2993969730557141
cleveland,hungary,mirrams_equation9,mirrams,0,"{""d_model"": 64, ""dropout"": 0.1, ""evaluation_interval"": 5, ""learning_rate"": 0.0001, ""max_epochs"": 120, ""mirrams_confidence"": 0.95, ""mirrams_lambda_1"": 15.0, ""mirrams_lambda_2"": 15.0, ""mirrams_mask_rate"": 0.1, ""n_heads"": 4, ""n_layers"": 2, ""patience_evaluations"": 8, ""validation_mask_replicates"": 2, ""weight_decay"": 0.001}",5062,mcar_50,2,294.0,0.36054421768707484,0.7902448815736652,0.6609980065537496,0.8009166899945368,0.6893924107065388,0.2505877081277805,0.21624415950186227,0.6870748299319728,0.7265154556403051,0.6666666666666666,0.5411764705882353,0.8679245283018868,0.5943396226415094,-1.2242329901406328,0.5684679355006579,0.2974937411790114
cleveland,hungary,mirrams_equation9,mirrams,0,"{""d_model"": 64, ""dropout"": 0.1, ""evaluation_interval"": 5, ""learning_rate"": 0.0001, ""max_epochs"": 120, ""mirrams_confidence"": 0.95, ""mirrams_lambda_1"": 15.0, ""mirrams_lambda_2"": 15.0, ""mirrams_mask_rate"": 0.1, ""n_heads"": 4, ""n_layers"": 2, ""patience_evaluations"": 8, ""validation_mask_replicates"": 2, ""weight_decay"": 0.001}",5062,mcar_50,3,294.0,0.36054421768707484,0.7933560818948214,0.68571058744313,0.7978551326676754,0.6894831996758218,0.2559523450760061,0.221243606570803,0.6632653061224489,0.7078984343637094,0.6501766784452296,0.519774011299435,0.8679245283018868,0.6415094339622641,-1.296860734172811,0.6072301959159883,0.2887910992541638
cleveland,hungary,mirrams_equation9,mirrams,0,"{""d_model"": 64, ""dropout"": 0.1, ""evaluation_interval"": 5, ""learning_rate"": 0.0001, ""max_epochs"": 120, ""mirrams_confidence"": 0.95, ""mirrams_lambda_1"": 15.0, ""mirrams_lambda_2"": 15.0, ""mirrams_mask_rate"": 0.1, ""n_heads"": 4, ""n_layers"": 2, ""patience_evaluations"": 8, ""validation_mask_replicates"": 2, ""weight_decay"": 0.001}",5062,mcar_50,4,294.0,0.36054421768707484,0.7813127258129265,0.7193173438416126,0.7986619439904272,0.7001877823380689,0.2615763657605468,0.2310054345199577,0.6190476190476191,0.650692492974709,0.5912408759124088,0.48214285714285715,0.7641509433962265,0.6320754716981132,-1.1730426526976216,0.5544285192925589,0.27245484662650976
cleveland,hungary,mirrams_equation9,mirrams,0,"{""d_model"": 64, ""dropout"": 0.1, ""evaluation_interval"": 5, ""learning_rate"": 0.0001, ""max_epochs"": 120, ""mirrams_confidence"": 0.95, ""mirrams_lambda_1"": 15.0, ""mirrams_lambda_2"": 15.0, ""mirrams_mask_rate"": 0.1, ""n_heads"": 4, ""n_layers"": 2, ""patience_evaluations"": 8, ""validation_mask_replicates"": 2, ""weight_decay"": 0.001}",5062,natural,0,294.0,0.36054421768707484,0.8731934965877157,0.7320560291090541,0.5616448938846373,0.4996359998549791,0.16163350862472248,0.1466305328375553,0.8129251700680272,0.8208048976314732,0.7659574468085106,0.6976744186046512,0.8490566037735849,0.839622641509434,-1.1701340743444173,0.7028236638442102,0.19741150867963103
cleveland,hungary,mirrams_equation9,mirrams,0,"{""d_model"": 64, ""dropout"": 0.1, ""evaluation_interval"": 5, ""learning_rate"": 0.0001, ""max_epochs"": 120, ""mirrams_confidence"": 0.95, ""mirrams_lambda_1"": 15.0, ""mirrams_lambda_2"": 15.0, ""mirrams_mask_rate"": 0.1, ""n_heads"": 4, ""n_layers"": 2, ""patience_evaluations"": 8, ""validation_mask_replicates"": 2, ""weight_decay"": 0.001}",5063,drop_advanced,0,294.0,0.36054421768707484,0.8997390606182255,0.8457694915542872,0.581730033239138,0.4946688188023911,0.18092570097499305,0.15317427877755468,0.7755102040816326,0.80800883179446,0.7480916030534351,0.6282051282051282,0.9245283018867925,0.8018867924528302,-1.7025984339386246,0.945632635898949,0.16452878791501807
cleveland,hungary,mirrams_equation9,mirrams,0,"{""d_model"": 64, ""dropout"": 0.1, ""evaluation_interval"": 5, ""learning_rate"": 0.0001, ""max_epochs"": 120, ""mirrams_confidence"": 0.95, ""mirrams_lambda_1"": 15.0, ""mirrams_lambda_2"": 15.0, ""mirrams_mask_rate"": 0.1, ""n_heads"": 4, ""n_layers"": 2, ""patience_evaluations"": 8, ""validation_mask_replicates"": 2, ""weight_decay"": 0.001}",5063,drop_exercise,0,294.0,0.36054421768707484,0.8365616218386189,0.7062003718273772,0.5738771183684219,0.5181160578975352,0.18793535374422962,0.1669989704854618,0.7551020408163265,0.7858791649939783,0.7251908396946565,0.6089743589743589,0.8962264150943396,0.7547169811320755,-1.1351923589175834,0.9701251739767528,0.2197213387509399
cleveland,hungary,mirrams_equation9,mirrams,0,"{""d_model"": 64, ""dropout"": 0.1, ""evaluation_interval"": 5, ""learning_rate"": 0.0001, ""max_epochs"": 120, ""mirrams_confidence"": 0.95, ""mirrams_lambda_1"": 15.0, ""mirrams_lambda_2"": 15.0, ""mirrams_mask_rate"": 0.1, ""n_heads"": 4, ""n_layers"": 2, ""patience_evaluations"": 8, ""validation_mask_replicates"": 2, ""weight_decay"": 0.001}",5063,drop_routine,0,294.0,0.36054421768707484,0.9048574869530309,0.8354715110849346,0.762926236034624,0.6170726013861296,0.23843936940083768,0.1910707319700388,0.6802721088435374,0.7438277800080288,0.6866666666666666,0.5309278350515464,0.9716981132075472,0.8301886792452831,-2.7689366626821497,1.141836984172705,0.23317752506457312
cleveland,hungary,mirrams_equation9,mirrams,0,"{""d_model"": 64, ""dropout"": 0.1, ""evaluation_interval"": 5, ""learning_rate"": 0.0001, ""max_epochs"": 120, ""mirrams_confidence"": 0.95, ""mirrams_lambda_1"": 15.0, ""mirrams_lambda_2"": 15.0, ""mirrams_mask_rate"": 0.1, ""n_heads"": 4, ""n_layers"": 2, ""patience_evaluations"": 8, ""validation_mask_replicates"": 2, ""weight_decay"": 0.001}",5063,empirical_source,0,294.0,0.36054421768707484,0.8782617422721798,0.7895431586977122,0.6561923131976876,0.55340986254475,0.2058960479014271,0.1728737000239047,0.7312925170068028,0.7713769570453632,0.7106227106227107,0.5808383233532934,0.9150943396226415,0.8207547169811321,-1.7396091396688464,0.8894094068160391,0.2148463072247759
cleveland,hungary,mirrams_equation9,mirrams,0,"{""d_model"": 64, ""dropout"": 0.1, ""evaluation_interval"": 5, ""learning_rate"": 0.0001, ""max_epochs"": 120, ""mirrams_confidence"": 0.95, ""mirrams_lambda_1"": 15.0, ""mirrams_lambda_2"": 15.0, ""mirrams_mask_rate"": 0.1, ""n_heads"": 4, ""n_layers"": 2, ""patience_evaluations"": 8, ""validation_mask_replicates"": 2, ""weight_decay"": 0.001}",5063,empirical_source,1,294.0,0.36054421768707484,0.8885487755921316,0.8320442995170728,0.6097762029927775,0.5163137288722726,0.19252057691691535,0.1615511029303442,0.7482993197278912,0.79084704937776,0.7299270072992701,0.5952380952380952,0.9433962264150944,0.8301886792452831,-1.7605829291819075,0.9741430595632515,0.18227623654434538
cleveland,hungary,mirrams_equation9,mirrams,0,"{""d_model"": 64, ""dropout"": 0.1, ""evaluation_interval"": 5, ""learning_rate"": 0.0001, ""max_epochs"": 120, ""mirrams_confidence"": 0.95, ""mirrams_lambda_1"": 15.0, ""mirrams_lambda_2"": 15.0, ""mirrams_mask_rate"": 0.1, ""n_heads"": 4, ""n_layers"": 2, ""patience_evaluations"": 8, ""validation_mask_replicates"": 2, ""weight_decay"": 0.001}",5063,empirical_source,2,294.0,0.36054421768707484,0.8860397430750702,0.8191842993536433,0.6128249341348786,0.5199822955689731,0.1930299286861147,0.16281071292077223,0.7448979591836735,0.7840726615816941,0.7232472324723247,0.593939393939394,0.9245283018867925,0.8301886792452831,-1.7142481037530035,0.9327238879765206,0.18760591046820746
cleveland,hungary,mirrams_equation9,mirrams,0,"{""d_model"": 64, ""dropout"": 0.1, ""evaluation_interval"": 5, ""learning_rate"": 0.0001, ""max_epochs"": 120, ""mirrams_confidence"": 0.95, ""mirrams_lambda_1"": 15.0, ""mirrams_lambda_2"": 15.0, ""mirrams_mask_rate"": 0.1, ""n_heads"": 4, ""n_layers"": 2, ""patience_evaluations"": 8, ""validation_mask_replicates"": 2, ""weight_decay"": 0.001}",5063,empirical_source,3,294.0,0.36054421768707484,0.8767061421116018,0.8248085252499967,0.62828411565368,0.5374183905816992,0.20151599515223373,0.17148913390167228,0.7414965986394558,0.7731834604576475,0.7121212121212122,0.5949367088607594,0.8867924528301887,0.7830188679245284,-1.6541473731751086,0.9086622383445218,0.19506448317858194
cleveland,hungary,mirrams_equation9,mirrams,0,"{""d_model"": 64, ""dropout"": 0.1, ""evaluation_interval"": 5, ""learning_rate"": 0.0001, ""max_epochs"": 120, ""mirrams_confidence"": 0.95, ""mirrams_lambda_1"": 15.0, ""mirrams_lambda_2"": 15.0, ""mirrams_mask_rate"": 0.1, ""n_heads"": 4, ""n_layers"": 2, ""patience_evaluations"": 8, ""validation_mask_replicates"": 2, ""weight_decay"": 0.001}",5063,empirical_source,4,294.0,0.36054421768707484,0.8576876756322762,0.7709690110037805,0.6313000662966153,0.5452413867076246,0.20198126180345297,0.1733480139739048,0.7414965986394558,0.7772982737856282,0.7164179104477612,0.5925925925925926,0.9056603773584906,0.7735849056603774,-1.4524207994348708,0.8391061044517322,0.21634638163391118
cleveland,hungary,mirrams_equation9,mirrams,0,"{""d_model"": 64, ""dropout"": 0.1, ""evaluation_interval"": 5, ""learning_rate"": 0.0001, ""max_epochs"": 120, ""mirrams_confidence"": 0.95, ""mirrams_lambda_1"": 15.0, ""mirrams_lambda_2"": 15.0, ""mirrams_mask_rate"": 0.1, ""n_heads"": 4, ""n_layers"": 2, ""patience_evaluations"": 8, ""validation_mask_replicates"": 2, ""weight_decay"": 0.001}",5063,mar_age_sex_30,0,294.0,0.36054421768707484,0.8823263749498194,0.8192905726136855,0.6283990317913748,0.5329656759303464,0.19538560898472948,0.16509680728148576,0.7517006802721088,0.7893918105178643,0.7286245353159851,0.6012269938650306,0.9245283018867925,0.7924528301886793,-1.664934845539194,0.8894502362956432,0.19353628270824388
cleveland,hungary,mirrams_equation9,mirrams,0,"{""d_model"": 64, ""dropout"": 0.1, ""evaluation_interval"": 5, ""learning_rate"": 0.0001, ""max_epochs"": 120, ""mirrams_confidence"": 0.95, ""mirrams_lambda_1"": 15.0, ""mirrams_lambda_2"": 15.0, ""mirrams_mask_rate"": 0.1, ""n_heads"": 4, ""n_layers"": 2, ""patience_evaluations"": 8, ""validation_mask_replicates"": 2, ""weight_decay"": 0.001}",5063,mar_age_sex_30,1,294.0,0.36054421768707484,0.8896025692492975,0.8248607440706276,0.6167352258411702,0.5212961475893443,0.19534732784340875,0.1638794681154997,0.7346938775510204,0.7781513448414292,0.717391304347826,0.5823529411764706,0.9339622641509434,0.7830188679245284,-1.7658249878655872,0.9531448679784099,0.18761711514125035
cleveland,hungary,mirrams_equation9,mirrams,0,"{""d_model"": 64, ""dropout"": 0.1, ""evaluation_interval"": 5, ""learning_rate"": 0.0001, ""max_epochs"": 120, ""mirrams_confidence"": 0.95, ""mirrams_lambda_1"": 15.0, ""mirrams_lambda_2"": 15.0, ""mirrams_mask_rate"": 0.1, ""n_heads"": 4, ""n_layers"": 2, ""patience_evaluations"": 8, ""validation_mask_replicates"": 2, ""weight_decay"": 0.001}",5063,mar_age_sex_30,2,294.0,0.36054421768707484,0.8900792854275392,0.8190291827886658,0.6208919525255938,0.5236148985452621,0.19487330699783936,0.16310675296088442,0.7414965986394558,0.781413087113609,0.7205882352941176,0.5903614457831325,0.9245283018867925,0.8301886792452831,-1.767778100009456,0.946697488242251,0.19042820795766763
cleveland,hungary,mirrams_equation9,mirrams,0,"{""d_model"": 64, ""dropout"": 0.1, ""evaluation_interval"": 5, ""learning_rate"": 0.0001, ""max_epochs"": 120, ""mirrams_confidence"": 0.95, ""mirrams_lambda_1"": 15.0, ""mirrams_lambda_2"": 15.0, ""mirrams_mask_rate"": 0.1, ""n_heads"": 4, ""n_layers"": 2, ""patience_evaluations"": 8, ""validation_mask_replicates"": 2, ""weight_decay"": 0.001}",5063,mar_age_sex_30,3,294.0,0.36054421768707484,0.8943697310317141,0.8312603028477998,0.6064353428119867,0.5112541532866172,0.18989266859098275,0.15901490852275763,0.7585034013605442,0.7988257727820153,0.7380073800738007,0.6060606060606061,0.9433962264150944,0.8207547169811321,-1.8378949207703152,0.9813934936078248,0.18177895356000234
cleveland,hungary,mirrams_equation9,mirrams,0,"{""d_model"": 64, ""dropout"": 0.1, ""evaluation_interval"": 5, ""learning_rate"": 0.0001, ""max_epochs"": 120, ""mirrams_confidence"": 0.95, ""mirrams_lambda_1"": 15.0, ""mirrams_lambda_2"": 15.0, ""mirrams_mask_rate"": 0.1, ""n_heads"": 4, ""n_layers"": 2, ""patience_evaluations"": 8, ""validation_mask_replicates"": 2, ""weight_decay"": 0.001}",5063,mar_age_sex_30,4,294.0,0.36054421768707484,0.8970293054997992,0.8309945304241041,0.6177623949708526,0.5184244138378544,0.19282578479674922,0.16056965240824644,0.7517006802721088,0.7893918105178643,0.7286245353159851,0.6012269938650306,0.9245283018867925,0.8301886792452831,-1.8428293978663501,0.9707519458275363,0.18869312663491322
cleveland,hungary,mirrams_equation9,mirrams,0,"{""d_model"": 64, ""dropout"": 0.1, ""evaluation_interval"": 5, ""learning_rate"": 0.0001, ""max_epochs"": 120, ""mirrams_confidence"": 0.95, ""mirrams_lambda_1"": 15.0, ""mirrams_lambda_2"": 15.0, ""mirrams_mask_rate"": 0.1, ""n_heads"": 4, ""n_layers"": 2, ""patience_evaluations"": 8, ""validation_mask_replicates"": 2, ""weight_decay"": 0.001}",5063,mcar_10,0,294.0,0.36054421768707484,0.8889000401445203,0.8321212671756084,0.5975665608123699,0.5097141623288733,0.18513743624916126,0.15749481652738936,0.7653061224489796,0.7979727017262144,0.7376425855513308,0.6178343949044586,0.9150943396226415,0.8301886792452831,-1.665365895248702,0.917811461947773,0.17551980324462282
cleveland,hungary,mirrams_equation9,mirrams,0,"{""d_model"": 64, ""dropout"": 0.1, ""evaluation_interval"": 5, ""learning_rate"": 0.0001, ""max_epochs"": 120, ""mirrams_confidence"": 0.95, ""mirrams_lambda_1"": 15.0, ""mirrams_lambda_2"": 15.0, ""mirrams_mask_rate"": 0.1, ""n_heads"": 4, ""n_layers"": 2, ""patience_evaluations"": 8, ""validation_mask_replicates"": 2, ""weight_decay"": 0.001}",5063,mcar_10,1,294.0,0.36054421768707484,0.8929144921718185,0.8194050119761068,0.6027423932200747,0.5109968353250528,0.1893865167789877,0.15947277676609806,0.7653061224489796,0.8020875150541951,0.7415730337078652,0.6149068322981367,0.9339622641509434,0.8113207547169812,-1.73218590769356,0.9518369953317983,0.18520980628136544
cleveland,hungary,mirrams_equation9,mirrams,0,"{""d_model"": 64, ""dropout"": 0.1, ""evaluation_interval"": 5, ""learning_rate"": 0.0001, ""max_epochs"": 120, ""mirrams_confidence"": 0.95, ""mirrams_lambda_1"": 15.0, ""mirrams_lambda_2"": 15.0, ""mirrams_mask_rate"": 0.1, ""n_heads"": 4, ""n_layers"": 2, ""patience_evaluations"": 8, ""validation_mask_replicates"": 2, ""weight_decay"": 0.001}",5063,mcar_10,2,294.0,0.36054421768707484,0.895674427940586,0.8310450007229829,0.5943011988248119,0.5021327287707833,0.18447135662516975,0.15445626099898901,0.7721088435374149,0.8094640706543557,0.7490636704119851,0.6211180124223602,0.9433962264150944,0.839622641509434,-1.7446015338938659,0.9710999274269877,0.18231456955729622
cleveland,hungary,mirrams_equation9,mirrams,0,"{""d_model"": 64, ""dropout"": 0.1, ""evaluation_interval"": 5, ""learning_rate"": 0.0001, ""max_epochs"": 120, ""mirrams_confidence"": 0.95, ""mirrams_lambda_1"": 15.0, ""mirrams_lambda_2"": 15.0, ""mirrams_mask_rate"": 0.1, ""n_heads"": 4, ""n_layers"": 2, ""patience_evaluations"": 8, ""validation_mask_replicates"": 2, ""weight_decay"": 0.001}",5063,mcar_10,3,294.0,0.36054421768707484,0.8944700923323966,0.8237481000328919,0.5760836620363055,0.49224019509074235,0.18141383030621913,0.1540886539460148,0.7653061224489796,0.8000301083902047,0.7396226415094339,0.6163522012578616,0.9245283018867925,0.8301886792452831,-1.6881398502992389,0.9813539957586266,0.17337716949412318
cleveland,hungary,mirrams_equation9,mirrams,0,"{""d_model"": 64, ""dropout"": 0.1, ""evaluation_interval"": 5, ""learning_rate"": 0.0001, ""max_epochs"": 120, ""mirrams_confidence"": 0.95, ""mirrams_lambda_1"": 15.0, ""mirrams_lambda_2"": 15.0, ""mirrams_mask_rate"": 0.1, ""n_heads"": 4, ""n_layers"": 2, ""patience_evaluations"": 8, ""validation_mask_replicates"": 2, ""weight_decay"": 0.001}",5063,mcar_10,4,294.0,0.36054421768707484,0.9003914090726616,0.835985330205416,0.5739824250090668,0.4880838718770887,0.1820977942536438,0.15367024206812005,0.7482993197278912,0.7846748293857888,0.7238805970149254,0.5987654320987654,0.9150943396226415,0.8301886792452831,-1.7596382018879553,1.0077009609186336,0.16899895336175796
cleveland,hungary,mirrams_equation9,mirrams,0,"{""d_model"": 64, ""dropout"": 0.1, ""evaluation_interval"": 5, ""learning_rate"": 0.0001, ""max_epochs"": 120, ""mirrams_confidence"": 0.95, ""mirrams_lambda_1"": 15.0, ""mirrams_lambda_2"": 15.0, ""mirrams_mask_rate"": 0.1, ""n_heads"": 4, ""n_layers"": 2, ""patience_evaluations"": 8, ""validation_mask_replicates"": 2, ""weight_decay"": 0.001}",5063,mcar_30,0,294.0,0.36054421768707484,0.8590927338418306,0.791153247688297,0.6595879987550898,0.5678878058779402,0.21526281744666542,0.18503540778104105,0.7142857142857143,0.7457346447209956,0.6842105263157895,0.56875,0.8584905660377359,0.7452830188679245,-1.5155337902765524,0.8443412100828586,0.21462814508582256
cleveland,hungary,mirrams_equation9,mirrams,0,"{""d_model"": 64, ""dropout"": 0.1, ""evaluation_interval"": 5, ""learning_rate"": 0.0001, ""max_epochs"": 120, ""mirrams_confidence"": 0.95, ""mirrams_lambda_1"": 15.0, ""mirrams_lambda_2"": 15.0, ""mirrams_mask_rate"": 0.1, ""n_heads"": 4, ""n_layers"": 2, ""patience_evaluations"": 8, ""validation_mask_replicates"": 2, ""weight_decay"": 0.001}",5063,mcar_30,1,294.0,0.36054421768707484,0.8569349658771578,0.7708498003414391,0.6731384879442811,0.5767307228246819,0.21766321956682333,0.1861119383581058,0.7006802721088435,0.7371537535126456,0.6764705882352942,0.5542168674698795,0.8679245283018868,0.7547169811320755,-1.590998541245865,0.8474561247718062,0.23083421483200117
cleveland,hungary,mirrams_equation9,mirrams,0,"{""d_model"": 64, ""dropout"": 0.1, ""evaluation_interval"": 5, ""learning_rate"": 0.0001, ""max_epochs"": 120, ""mirrams_confidence"": 0.95, ""mirrams_lambda_1"": 15.0, ""mirrams_lambda_2"": 15.0, ""mirrams_mask_rate"": 0.1, ""n_heads"": 4, ""n_layers"": 2, ""patience_evaluations"": 8, ""validation_mask_replicates"": 2, ""weight_decay"": 0.001}",5063,mcar_30,2,294.0,0.36054421768707484,0.8482537133681253,0.7699279598541409,0.6441553908074856,0.5607497314661347,0.20787536677496996,0.18088348886400396,0.7312925170068028,0.7610899237254115,0.6996197718631179,0.5859872611464968,0.8679245283018868,0.7264150943396226,-1.4020024484901035,0.823224461687682,0.21235158090106554
cleveland,hungary,mirrams_equation9,mirrams,0,"{""d_model"": 64, ""dropout"": 0.1, ""evaluation_interval"": 5, ""learning_rate"": 0.0001, ""max_epochs"": 120, ""mirrams_confidence"": 0.95, ""mirrams_lambda_1"": 15.0, ""mirrams_lambda_2"": 15.0, ""mirrams_mask_rate"": 0.1, ""n_heads"": 4, ""n_layers"": 2, ""patience_evaluations"": 8, ""validation_mask_replicates"": 2, ""weight_decay"": 0.001}",5063,mcar_30,3,294.0,0.36054421768707484,0.8653151344841431,0.7812039484055582,0.6118292098718917,0.5296913853435803,0.19570842655961573,0.1686246106962653,0.7414965986394558,0.775240867121638,0.7142857142857143,0.59375,0.8962264150943396,0.7830188679245284,-1.500250598749804,0.918295903393788,0.20239612936266826
cleveland,hungary,mirrams_equation9,mirrams,0,"{""d_model"": 64, ""dropout"": 0.1, ""evaluation_interval"": 5, ""learning_rate"": 0.0001, ""max_epochs"": 120, ""mirrams_confidence"": 0.95, ""mirrams_lambda_1"": 15.0, ""mirrams_lambda_2"": 15.0, ""mirrams_mask_rate"": 0.1, ""n_heads"": 4, ""n_layers"": 2, ""patience_evaluations"": 8, ""validation_mask_replicates"": 2, ""weight_decay"": 0.001}",5063,mcar_30,4,294.0,0.36054421768707484,0.8921617824167001,0.7837581435696402,0.5929706766994574,0.5002119404997045,0.1863869436277633,0.15558265020157802,0.7585034013605442,0.7988257727820153,0.7380073800738007,0.6060606060606061,0.9433962264150944,0.8490566037735849,-1.8295021557336484,1.052781312195516,0.1993578975044073
cleveland,hungary,mirrams_equation9,mirrams,0,"{""d_model"": 64, ""dropout"": 0.1, ""evaluation_interval"": 5, ""learning_rate"": 0.0001, ""max_epochs"": 120, ""mirrams_confidence"": 0.95, ""mirrams_lambda_1"": 15.0, ""mirrams_lambda_2"": 15.0, ""mirrams_mask_rate"": 0.1, ""n_heads"": 4, ""n_layers"": 2, ""patience_evaluations"": 8, ""validation_mask_replicates"": 2, ""weight_decay"": 0.001}",5063,mcar_50,0,294.0,0.36054421768707484,0.815285026093938,0.7221373521458748,0.722842291190584,0.622094150168042,0.23810623300101494,0.20357987551483514,0.6768707482993197,0.7185367322360499,0.6594982078853047,0.5317919075144508,0.8679245283018868,0.6415094339622641,-1.3966434079353918,0.7743614965305083,0.26941816178337186
cleveland,hungary,mirrams_equation9,mirrams,0,"{""d_model"": 64, ""dropout"": 0.1, ""evaluation_interval"": 5, ""learning_rate"": 0.0001, ""max_epochs"": 120, ""mirrams_confidence"": 0.95, ""mirrams_lambda_1"": 15.0, ""mirrams_lambda_2"": 15.0, ""mirrams_mask_rate"": 0.1, ""n_heads"": 4, ""n_layers"": 2, ""patience_evaluations"": 8, ""validation_mask_replicates"": 2, ""weight_decay"": 0.001}",5063,mcar_50,1,294.0,0.36054421768707484,0.8304395824969891,0.7357120919786402,0.6747293800639805,0.5873357558649969,0.22036270235367786,0.1913726095755754,0.6802721088435374,0.7232537133681253,0.6642857142857143,0.5344827586206896,0.8773584905660378,0.7075471698113207,-1.3810993673620116,0.803735601096677,0.23971960396214154
cleveland,hungary,mirrams_equation9,mirrams,0,"{""d_model"": 64, ""dropout"": 0.1, ""evaluation_interval"": 5, ""learning_rate"": 0.0001, ""max_epochs"": 120, ""mirrams_confidence"": 0.95, ""mirrams_lambda_1"": 15.0, ""mirrams_lambda_2"": 15.0, ""mirrams_mask_rate"": 0.1, ""n_heads"": 4, ""n_layers"": 2, ""patience_evaluations"": 8, ""validation_mask_replicates"": 2, ""weight_decay"": 0.001}",5063,mcar_50,2,294.0,0.36054421768707484,0.7978974307507025,0.7061856834447078,0.6805660405097432,0.6064454233335865,0.22518432003252928,0.20071954375118678,0.6904761904761905,0.7188879967884384,0.6566037735849056,0.5471698113207547,0.8207547169811321,0.6415094339622641,-1.1725648635163717,0.7301586365767097,0.2575736131426285
cleveland,hungary,mirrams_equation9,mirrams,0,"{""d_model"": 64, ""dropout"": 0.1, ""evaluation_interval"": 5, ""learning_rate"": 0.0001, ""max_epochs"": 120, ""mirrams_confidence"": 0.95, ""mirrams_lambda_1"": 15.0, ""mirrams_lambda_2"": 15.0, ""mirrams_mask_rate"": 0.1, ""n_heads"": 4, ""n_layers"": 2, ""patience_evaluations"": 8, ""validation_mask_replicates"": 2, ""weight_decay"": 0.001}",5063,mcar_50,3,294.0,0.36054421768707484,0.8570855078281816,0.7512610269503588,0.6466170194438536,0.5536471307564704,0.21013879265616514,0.17826172386225375,0.7142857142857143,0.7560216780409474,0.6956521739130435,0.5647058823529412,0.9056603773584906,0.8018867924528302,-1.6107781724140016,0.9540176531551076,0.229605828729965
cleveland,hungary,mirrams_equation9,mirrams,0,"{""d_model"": 64, ""dropout"": 0.1, ""evaluation_interval"": 5, ""learning_rate"": 0.0001, ""max_epochs"": 120, ""mirrams_confidence"": 0.95, ""mirrams_lambda_1"": 15.0, ""mirrams_lambda_2"": 15.0, ""mirrams_mask_rate"": 0.1, ""n_heads"": 4, ""n_layers"": 2, ""patience_evaluations"": 8, ""validation_mask_replicates"": 2, ""weight_decay"": 0.001}",5063,mcar_50,4,294.0,0.36054421768707484,0.8752509032517062,0.8139477389662312,0.5962169992924254,0.5159889725304347,0.19517320312739556,0.16769481329957192,0.7210884353741497,0.7531112003211562,0.6917293233082706,0.575,0.8679245283018868,0.8113207547169812,-1.604343624107528,1.0146292606286489,0.1873251110748486
cleveland,hungary,mirrams_equation9,mirrams,0,"{""d_model"": 64, ""dropout"": 0.1, ""evaluation_interval"": 5, ""learning_rate"": 0.0001, ""max_epochs"": 120, ""mirrams_confidence"": 0.95, ""mirrams_lambda_1"": 15.0, ""mirrams_lambda_2"": 15.0, ""mirrams_mask_rate"": 0.1, ""n_heads"": 4, ""n_layers"": 2, ""patience_evaluations"": 8, ""validation_mask_replicates"": 2, ""weight_decay"": 0.001}",5063,natural,0,294.0,0.36054421768707484,0.9012444801284625,0.8483073131951235,0.584511261064862,0.4954185931100416,0.1817791894777356,0.15324972495458522,0.7687074829931972,0.8047470895222801,0.7443609022556391,0.61875,0.9339622641509434,0.8113207547169812,-1.7476134519939495,0.9591407088312279,0.1653987972904612
cleveland,hungary,mirrams_equation9,mirrams,0,"{""d_model"": 64, ""dropout"": 0.1, ""evaluation_interval"": 5, ""learning_rate"": 0.0001, ""max_epochs"": 120, ""mirrams_confidence"": 0.95, ""mirrams_lambda_1"": 15.0, ""mirrams_lambda_2"": 15.0, ""mirrams_mask_rate"": 0.1, ""n_heads"": 4, ""n_layers"": 2, ""patience_evaluations"": 8, ""validation_mask_replicates"": 2, ""weight_decay"": 0.001}",5064,drop_advanced,0,294.0,0.36054421768707484,0.8882476916900842,0.8129889688347135,0.5524159003842211,0.4895221328428649,0.15840677672060433,0.14373083976991147,0.8061224489795918,0.8113709353673224,0.7553648068669528,0.6929133858267716,0.8301886792452831,0.8301886792452831,-1.2227910236144055,0.7031389459896433,0.15884367360069143
cleveland,hungary,mirrams_equation9,mirrams,0,"{""d_model"": 64, ""dropout"": 0.1, ""evaluation_interval"": 5, ""learning_rate"": 0.0001, ""max_epochs"": 120, ""mirrams_confidence"": 0.95, ""mirrams_lambda_1"": 15.0, ""mirrams_lambda_2"": 15.0, ""mirrams_mask_rate"": 0.1, ""n_heads"": 4, ""n_layers"": 2, ""patience_evaluations"": 8, ""validation_mask_replicates"": 2, ""weight_decay"": 0.001}",5064,drop_exercise,0,294.0,0.36054421768707484,0.8078081091930951,0.6729294633614941,0.6358694789249341,0.5833196856208973,0.1991506380151576,0.1848401179725751,0.7142857142857143,0.7251605780810919,0.6585365853658537,0.5785714285714286,0.7641509433962265,0.6886792452830188,-0.9347138838279846,0.6398506123439437,0.2321478764509981
cleveland,hungary,mirrams_equation9,mirrams,0,"{""d_model"": 64, ""dropout"": 0.1, ""evaluation_interval"": 5, ""learning_rate"": 0.0001, ""max_epochs"": 120, ""mirrams_confidence"": 0.95, ""mirrams_lambda_1"": 15.0, ""mirrams_lambda_2"": 15.0, ""mirrams_mask_rate"": 0.1, ""n_heads"": 4, ""n_layers"": 2, ""patience_evaluations"": 8, ""validation_mask_replicates"": 2, ""weight_decay"": 0.001}",5064,drop_routine,0,294.0,0.36054421768707484,0.88970293054998,0.7985042528856563,0.7862963084515037,0.6426371013120002,0.22370579970713236,0.18346386045149327,0.7312925170068028,0.7775491770373344,0.7168458781362007,0.5780346820809249,0.9433962264150944,0.8018867924528302,-2.0502374498231464,0.7680459150674201,0.22820613992211575
cleveland,hungary,mirrams_equation9,mirrams,0,"{""d_model"": 64, ""dropout"": 0.1, ""evaluation_interval"": 5, ""learning_rate"": 0.0001, ""max_epochs"": 120, ""mirrams_confidence"": 0.95, ""mirrams_lambda_1"": 15.0, ""mirrams_lambda_2"": 15.0, ""mirrams_mask_rate"": 0.1, ""n_heads"": 4, ""n_layers"": 2, ""patience_evaluations"": 8, ""validation_mask_replicates"": 2, ""weight_decay"": 0.001}",5064,empirical_source,0,294.0,0.36054421768707484,0.8564833400240868,0.7659114512872163,0.6785871490703972,0.5887856512212437,0.20043230026050823,0.1770338252014338,0.7551020408163265,0.7714773183460457,0.7096774193548387,0.6197183098591549,0.8301886792452831,0.7735849056603774,-1.3515625062285384,0.6466660226094644,0.209648594385423
cleveland,hungary,mirrams_equation9,mirrams,0,"{""d_model"": 64, ""dropout"": 0.1, ""evaluation_interval"": 5, ""learning_rate"": 0.0001, ""max_epochs"": 120, ""mirrams_confidence"": 0.95, ""mirrams_lambda_1"": 15.0, ""mirrams_lambda_2"": 15.0, ""mirrams_mask_rate"": 0.1, ""n_heads"": 4, ""n_layers"": 2, ""patience_evaluations"": 8, ""validation_mask_replicates"": 2, ""weight_decay"": 0.001}",5064,empirical_source,1,294.0,0.36054421768707484,0.8579887595343235,0.7598016193528806,0.6651589310781372,0.5737734520273411,0.19246462250215382,0.16875964234246593,0.7551020408163265,0.7735347250100362,0.712,0.6180555555555556,0.839622641509434,0.7924528301886793,-1.3430024715148223,0.653864879192268,0.20936281921880107
cleveland,hungary,mirrams_equation9,mirrams,0,"{""d_model"": 64, ""dropout"": 0.1, ""evaluation_interval"": 5, ""learning_rate"": 0.0001, ""max_epochs"": 120, ""mirrams_confidence"": 0.95, ""mirrams_lambda_1"": 15.0, ""mirrams_lambda_2"": 15.0, ""mirrams_mask_rate"": 0.1, ""n_heads"": 4, ""n_layers"": 2, ""patience_evaluations"": 8, ""validation_mask_replicates"": 2, ""weight_decay"": 0.001}",5064,empirical_source,2,294.0,0.36054421768707484,0.8366368928141309,0.6909091666378577,0.7197284281742725,0.6206558213493203,0.20582071687042386,0.18093186247979984,0.7585034013605442,0.7782517061421117,0.7171314741035857,0.6206896551724138,0.8490566037735849,0.7830188679245284,-1.3205960356478237,0.6015808695858071,0.2501271831379519
cleveland,hungary,mirrams_equation9,mirrams,0,"{""d_model"": 64, ""dropout"": 0.1, ""evaluation_interval"": 5, ""learning_rate"": 0.0001, ""max_epochs"": 120, ""mirrams_confidence"": 0.95, ""mirrams_lambda_1"": 15.0, ""mirrams_lambda_2"": 15.0, ""mirrams_mask_rate"": 0.1, ""n_heads"": 4, ""n_layers"": 2, ""patience_evaluations"": 8, ""validation_mask_replicates"": 2, ""weight_decay"": 0.001}",5064,empirical_source,3,294.0,0.36054421768707484,0.8367623444399838,0.7204917956829786,0.724748963706525,0.6278734999775362,0.21497895350104637,0.18945207562700467,0.7278911564625851,0.7502007226013649,0.6875,0.5866666666666667,0.8301886792452831,0.7547169811320755,-1.2882566591598703,0.5988634009438285,0.23713970403179147
cleveland,hungary,mirrams_equation9,mirrams,0,"{""d_model"": 64, ""dropout"": 0.1, ""evaluation_interval"": 5, ""learning_rate"": 0.0001, ""max_epochs"": 120, ""mirrams_confidence"": 0.95, ""mirrams_lambda_1"": 15.0, ""mirrams_lambda_2"": 15.0, ""mirrams_mask_rate"": 0.1, ""n_heads"": 4, ""n_layers"": 2, ""patience_evaluations"": 8, ""validation_mask_replicates"": 2, ""weight_decay"": 0.001}",5064,empirical_source,4,294.0,0.36054421768707484,0.8896025692492975,0.8112364424829149,0.6258279802891207,0.5304981114541921,0.18323687378008158,0.15634504469069282,0.7721088435374149,0.7991770373344038,0.7392996108949417,0.6291390728476821,0.8962264150943396,0.8584905660377359,-1.6352722782931703,0.7763304719325066,0.18356139924266296
cleveland,hungary,mirrams_equation9,mirrams,0,"{""d_model"": 64, ""dropout"": 0.1, ""evaluation_interval"": 5, ""learning_rate"": 0.0001, ""max_epochs"": 120, ""mirrams_confidence"": 0.95, ""mirrams_lambda_1"": 15.0, ""mirrams_lambda_2"": 15.0, ""mirrams_mask_rate"": 0.1, ""n_heads"": 4, ""n_layers"": 2, ""patience_evaluations"": 8, ""validation_mask_replicates"": 2, ""weight_decay"": 0.001}",5064,mar_age_sex_30,0,294.0,0.36054421768707484,0.8745483741469289,0.7756054329797148,0.6214125689769644,0.5407059178124609,0.18554615994862908,0.1636383162256882,0.7687074829931972,0.792402649538338,0.7322834645669292,0.6283783783783784,0.8773584905660378,0.7830188679245284,-1.3454573699706383,0.6888092990931796,0.18896834362180087
cleveland,hungary,mirrams_equation9,mirrams,0,"{""d_model"": 64, ""dropout"": 0.1, ""evaluation_interval"": 5, ""learning_rate"": 0.0001, ""max_epochs"": 120, ""mirrams_confidence"": 0.95, ""mirrams_lambda_1"": 15.0, ""mirrams_lambda_2"": 15.0, ""mirrams_mask_rate"": 0.1, ""n_heads"": 4, ""n_layers"": 2, ""patience_evaluations"": 8, ""validation_mask_replicates"": 2, ""weight_decay"": 0.001}",5064,mar_age_sex_30,1,294.0,0.36054421768707484,0.8678241670012043,0.789893213455003,0.6261860066536364,0.5477747737926312,0.18221310502915464,0.16160179766929716,0.7857142857142857,0.8036431152147732,0.7449392712550608,0.6524822695035462,0.8679245283018868,0.7641509433962265,-1.2416766634340939,0.6573126591863213,0.18822047017019072
cleveland,hungary,mirrams_equation9,mirrams,0,"{""d_model"": 64, ""dropout"": 0.1, ""evaluation_interval"": 5, ""learning_rate"": 0.0001, ""max_epochs"": 120, ""mirrams_confidence"": 0.95, ""mirrams_lambda_1"": 15.0, ""mirrams_lambda_2"": 15.0, ""mirrams_mask_rate"": 0.1, ""n_heads"": 4, ""n_layers"": 2, ""patience_evaluations"": 8, ""validation_mask_replicates"": 2, ""weight_decay"": 0.001}",5064,mar_age_sex_30,2,294.0,0.36054421768707484,0.883129265355279,0.8119366348071286,0.6051942313561428,0.5244149674384649,0.1771518003407814,0.15532766680808793,0.7857142857142857,0.8077579285427539,0.749003984063745,0.6482758620689655,0.8867924528301887,0.839622641509434,-1.4083819598174354,0.7187437551735666,0.17276548486162602
cleveland,hungary,mirrams_equation9,mirrams,0,"{""d_model"": 64, ""dropout"": 0.1, ""evaluation_interval"": 5, ""learning_rate"": 0.0001, ""max_epochs"": 120, ""mirrams_confidence"": 0.95, ""mirrams_lambda_1"": 15.0, ""mirrams_lambda_2"": 15.0, ""mirrams_mask_rate"": 0.1, ""n_heads"": 4, ""n_layers"": 2, ""patience_evaluations"": 8, ""validation_mask_replicates"": 2, ""weight_decay"": 0.001}",5064,mar_age_sex_30,3,294.0,0.36054421768707484,0.8765054195102369,0.8009116005197194,0.617212489505666,0.5350441597389528,0.18360806719541917,0.16093593099864617,0.7687074829931972,0.7882878362103574,0.728,0.6319444444444444,0.8584905660377359,0.8207547169811321,-1.4143923196874308,0.7232305918368385,0.18078880360062544
cleveland,hungary,mirrams_equation9,mirrams,0,"{""d_model"": 64, ""dropout"": 0.1, ""evaluation_interval"": 5, ""learning_rate"": 0.0001, ""max_epochs"": 120, ""mirrams_confidence"": 0.95, ""mirrams_lambda_1"": 15.0, ""mirrams_lambda_2"": 15.0, ""mirrams_mask_rate"": 0.1, ""n_heads"": 4, ""n_layers"": 2, ""patience_evaluations"": 8, ""validation_mask_replicates"": 2, ""weight_decay"": 0.001}",5064,mar_age_sex_30,4,294.0,0.36054421768707484,0.8451926936973103,0.7205013932043177,0.6791878792695897,0.592582896881181,0.19643364321102239,0.17431509817300317,0.7551020408163265,0.7776495383380169,0.7165354330708661,0.6148648648648649,0.8584905660377359,0.7547169811320755,-1.2322027848965689,0.6095492887611285,0.22670620156217303
cleveland,hungary,mirrams_equation9,mirrams,0,"{""d_model"": 64, ""dropout"": 0.1, ""evaluation_interval"": 5, ""learning_rate"": 0.0001, ""max_epochs"": 120, ""mirrams_confidence"": 0.95, ""mirrams_lambda_1"": 15.0, ""mirrams_lambda_2"": 15.0, ""mirrams_mask_rate"": 0.1, ""n_heads"": 4, ""n_layers"": 2, ""patience_evaluations"": 8, ""validation_mask_replicates"": 2, ""weight_decay"": 0.001}",5064,mcar_10,0,294.0,0.36054421768707484,0.8715877157767965,0.774983937577282,0.5963804349221146,0.5242445237475823,0.17523018976913565,0.15652769416049966,0.782312925170068,0.7989261340826977,0.7398373983739838,0.65,0.8584905660377359,0.8207547169811321,-1.276670693559176,0.6964862064247974,0.18292282225164613
cleveland,hungary,mirrams_equation9,mirrams,0,"{""d_model"": 64, ""dropout"": 0.1, ""evaluation_interval"": 5, ""learning_rate"": 0.0001, ""max_epochs"": 120, ""mirrams_confidence"": 0.95, ""mirrams_lambda_1"": 15.0, ""mirrams_lambda_2"": 15.0, ""mirrams_mask_rate"": 0.1, ""n_heads"": 4, ""n_layers"": 2, ""patience_evaluations"": 8, ""validation_mask_replicates"": 2, ""weight_decay"": 0.001}",5064,mcar_10,1,294.0,0.36054421768707484,0.8794158972300282,0.8023862897242294,0.600560261629078,0.5207087634687062,0.1745379225583312,0.15289273468812736,0.7993197278911565,0.8204536330790847,0.7630522088353414,0.6643356643356644,0.8962264150943396,0.8207547169811321,-1.4118475849849565,0.7260775412249809,0.18254289940480362
cleveland,hungary,mirrams_equation9,mirrams,0,"{""d_model"": 64, ""dropout"": 0.1, ""evaluation_interval"": 5, ""learning_rate"": 0.0001, ""max_epochs"": 120, ""mirrams_confidence"": 0.95, ""mirrams_lambda_1"": 15.0, ""mirrams_lambda_2"": 15.0, ""mirrams_mask_rate"": 0.1, ""n_heads"": 4, ""n_layers"": 2, ""patience_evaluations"": 8, ""validation_mask_replicates"": 2, ""weight_decay"": 0.001}",5064,mcar_10,2,294.0,0.36054421768707484,0.8737454837414693,0.7924881363217882,0.5944275407923604,0.5224886300661572,0.17570482186660072,0.15676816111708225,0.7721088435374149,0.7930048173424328,0.7330677290836654,0.6344827586206897,0.8679245283018868,0.8113207547169812,-1.2645469644215277,0.6964420786733224,0.1737403797310941
cleveland,hungary,mirrams_equation9,mirrams,0,"{""d_model"": 64, ""dropout"": 0.1, ""evaluation_interval"": 5, ""learning_rate"": 0.0001, ""max_epochs"": 120, ""mirrams_confidence"": 0.95, ""mirrams_lambda_1"": 15.0, ""mirrams_lambda_2"": 15.0, ""mirrams_mask_rate"": 0.1, ""n_heads"": 4, ""n_layers"": 2, ""patience_evaluations"": 8, ""validation_mask_replicates"": 2, ""weight_decay"": 0.001}",5064,mcar_10,3,294.0,0.36054421768707484,0.8790144520272983,0.8201540341670541,0.5880577033206775,0.5176724854928545,0.17519870022020398,0.15663403865999348,0.7755102040816326,0.7894921718185468,0.7295081967213115,0.644927536231884,0.839622641509434,0.8207547169811321,-1.263658047297118,0.7108035842463923,0.1638426426844
cleveland,hungary,mirrams_equation9,mirrams,0,"{""d_model"": 64, ""dropout"": 0.1, ""evaluation_interval"": 5, ""learning_rate"": 0.0001, ""max_epochs"": 120, ""mirrams_confidence"": 0.95, ""mirrams_lambda_1"": 15.0, ""mirrams_lambda_2"": 15.0, ""mirrams_mask_rate"": 0.1, ""n_heads"": 4, ""n_layers"": 2, ""patience_evaluations"": 8, ""validation_mask_replicates"": 2, ""weight_decay"": 0.001}",5064,mcar_10,4,294.0,0.36054421768707484,0.8715375351264553,0.8158479714782748,0.6236004093012207,0.548080074771355,0.187004483537692,0.166957423108956,0.7448979591836735,0.7655560016057809,0.7035573122529645,0.6054421768707483,0.839622641509434,0.7735849056603774,-1.281290241891977,0.6705560215664255,0.1747898333629903
cleveland,hungary,mirrams_equation9,mirrams,0,"{""d_model"": 64, ""dropout"": 0.1, ""evaluation_interval"": 5, ""learning_rate"": 0.0001, ""max_epochs"": 120, ""mirrams_confidence"": 0.95, ""mirrams_lambda_1"": 15.0, ""mirrams_lambda_2"": 15.0, ""mirrams_mask_rate"": 0.1, ""n_heads"": 4, ""n_layers"": 2, ""patience_evaluations"": 8, ""validation_mask_replicates"": 2, ""weight_decay"": 0.001}",5064,mcar_30,0,294.0,0.36054421768707484,0.8159875551987152,0.721806631868019,0.7448643142403694,0.6549443993571363,0.2301794458644051,0.20508594534968522,0.7108843537414966,0.734845443596949,0.6718146718146718,0.5686274509803921,0.8207547169811321,0.6698113207547169,-1.141973814620912,0.5564431595751628,0.2426418848795388
cleveland,hungary,mirrams_equation9,mirrams,0,"{""d_model"": 64, ""dropout"": 0.1, ""evaluation_interval"": 5, ""learning_rate"": 0.0001, ""max_epochs"": 120, ""mirrams_confidence"": 0.95, ""mirrams_lambda_1"": 15.0, ""mirrams_lambda_2"": 15.0, ""mirrams_mask_rate"": 0.1, ""n_heads"": 4, ""n_layers"": 2, ""patience_evaluations"": 8, ""validation_mask_replicates"": 2, ""weight_decay"": 0.001}",5064,mcar_30,1,294.0,0.36054421768707484,0.8436872741870735,0.7330093024248113,0.6792773837205788,0.5920736365306205,0.21032520832654886,0.18505863502497427,0.7108843537414966,0.7389602569249298,0.6768060836501901,0.5668789808917197,0.839622641509434,0.7264150943396226,-1.279751053409078,0.6568047961595671,0.22261216805582545
cleveland,hungary,mirrams_equation9,mirrams,0,"{""d_model"": 64, ""dropout"": 0.1, ""evaluation_interval"": 5, ""learning_rate"": 0.0001, ""max_epochs"": 120, ""mirrams_confidence"": 0.95, ""mirrams_lambda_1"": 15.0, ""mirrams_lambda_2"": 15.0, ""mirrams_mask_rate"": 0.1, ""n_heads"": 4, ""n_layers"": 2, ""patience_evaluations"": 8, ""validation_mask_replicates"": 2, ""weight_decay"": 0.001}",5064,mcar_30,2,294.0,0.36054421768707484,0.8437374548374146,0.7495990108713134,0.7125814344668634,0.6151882191136353,0.2258689521818083,0.19546022523623952,0.7006802721088435,0.7371537535126456,0.6764705882352942,0.5542168674698795,0.8679245283018868,0.7452830188679245,-1.4040495724686828,0.6832916929810403,0.22803812592826064
cleveland,hungary,mirrams_equation9,mirrams,0,"{""d_model"": 64, ""dropout"": 0.1, ""evaluation_interval"": 5, ""learning_rate"": 0.0001, ""max_epochs"": 120, ""mirrams_confidence"": 0.95, ""mirrams_lambda_1"": 15.0, ""mirrams_lambda_2"": 15.0, ""mirrams_mask_rate"": 0.1, ""n_heads"": 4, ""n_layers"": 2, ""patience_evaluations"": 8, ""validation_mask_replicates"": 2, ""weight_decay"": 0.001}",5064,mcar_30,3,294.0,0.36054421768707484,0.8651144118827779,0.7785535955820588,0.6456175821854746,0.5590186657520593,0.1973034524539871,0.1722620821997956,0.7380952380952381,0.768466479325572,0.7072243346007605,0.5923566878980892,0.8773584905660378,0.7735849056603774,-1.3699680753895125,0.7104538066174244,0.19852250423054937
cleveland,hungary,mirrams_equation9,mirrams,0,"{""d_model"": 64, ""dropout"": 0.1, ""evaluation_interval"": 5, ""learning_rate"": 0.0001, ""max_epochs"": 120, ""mirrams_confidence"": 0.95, ""mirrams_lambda_1"": 15.0, ""mirrams_lambda_2"": 15.0, ""mirrams_mask_rate"": 0.1, ""n_heads"": 4, ""n_layers"": 2, ""patience_evaluations"": 8, ""validation_mask_replicates"": 2, ""weight_decay"": 0.001}",5064,mcar_30,4,294.0,0.36054421768707484,0.8494580489763147,0.7707970183085696,0.6764855601789888,0.5895135174585759,0.20812749715745635,0.1828610151592844,0.7278911564625851,0.7522581292653553,0.689922480620155,0.5855263157894737,0.839622641509434,0.7169811320754716,-1.2833759643222342,0.6621429336095611,0.2121163526508668
cleveland,hungary,mirrams_equation9,mirrams,0,"{""d_model"": 64, ""dropout"": 0.1, ""evaluation_interval"": 5, ""learning_rate"": 0.0001, ""max_epochs"": 120, ""mirrams_confidence"": 0.95, ""mirrams_lambda_1"": 15.0, ""mirrams_lambda_2"": 15.0, ""mirrams_mask_rate"": 0.1, ""n_heads"": 4, ""n_layers"": 2, ""patience_evaluations"": 8, ""validation_mask_replicates"": 2, ""weight_decay"": 0.001}",5064,mcar_50,0,294.0,0.36054421768707484,0.8164391810517865,0.7282738107219044,0.7788872378878037,0.6624817861510734,0.25544353195611125,0.21620818594305713,0.6530612244897959,0.7040345242874348,0.6482758620689655,0.5108695652173914,0.8867924528301887,0.6698113207547169,-1.4370552831581775,0.6874166298201815,0.2644955049135369
cleveland,hungary,mirrams_equation9,mirrams,0,"{""d_model"": 64, ""dropout"": 0.1, ""evaluation_interval"": 5, ""learning_rate"": 0.0001, ""max_epochs"": 120, ""mirrams_confidence"": 0.95, ""mirrams_lambda_1"": 15.0, ""mirrams_lambda_2"": 15.0, ""mirrams_mask_rate"": 0.1, ""n_heads"": 4, ""n_layers"": 2, ""patience_evaluations"": 8, ""validation_mask_replicates"": 2, ""weight_decay"": 0.001}",5064,mcar_50,1,294.0,0.36054421768707484,0.8317442794058612,0.7520108654886892,0.7085202996560367,0.6181530051301147,0.2321961343305299,0.2023551805320546,0.6836734693877551,0.7176836611802488,0.6568265682656826,0.5393939393939394,0.839622641509434,0.7358490566037735,-1.3335276341569726,0.7029323031527395,0.23203571172560955
cleveland,hungary,mirrams_equation9,mirrams,0,"{""d_model"": 64, ""dropout"": 0.1, ""evaluation_interval"": 5, ""learning_rate"": 0.0001, ""max_epochs"": 120, ""mirrams_confidence"": 0.95, ""mirrams_lambda_1"": 15.0, ""mirrams_lambda_2"": 15.0, ""mirrams_mask_rate"": 0.1, ""n_heads"": 4, ""n_layers"": 2, ""patience_evaluations"": 8, ""validation_mask_replicates"": 2, ""weight_decay"": 0.001}",5064,mcar_50,2,294.0,0.36054421768707484,0.783370132476917,0.710515971316942,0.8362603872977576,0.7284785862947982,0.274007205607213,0.23951136882318275,0.6156462585034014,0.6583199518265757,0.6035087719298246,0.48044692737430167,0.8113207547169812,0.6509433962264151,-1.2358292233009327,0.5561228794011699,0.28678553784409455
cleveland,hungary,mirrams_equation9,mirrams,0,"{""d_model"": 64, ""dropout"": 0.1, ""evaluation_interval"": 5, ""learning_rate"": 0.0001, ""max_epochs"": 120, ""mirrams_confidence"": 0.95, ""mirrams_lambda_1"": 15.0, ""mirrams_lambda_2"": 15.0, ""mirrams_mask_rate"": 0.1, ""n_heads"": 4, ""n_layers"": 2, ""patience_evaluations"": 8, ""validation_mask_replicates"": 2, ""weight_decay"": 0.001}",5064,mcar_50,3,294.0,0.36054421768707484,0.8095142513046969,0.7272411342972849,0.7959723796647334,0.6826418332765742,0.25353342711465915,0.21791544498858656,0.6632653061224489,0.705841027699719,0.6476868327402135,0.52,0.8584905660377359,0.6415094339622641,-1.3674546222112063,0.6326119189538025,0.2716443720133631
cleveland,hungary,mirrams_equation9,mirrams,0,"{""d_model"": 64, ""dropout"": 0.1, ""evaluation_interval"": 5, ""learning_rate"": 0.0001, ""max_epochs"": 120, ""mirrams_confidence"": 0.95, ""mirrams_lambda_1"": 15.0, ""mirrams_lambda_2"": 15.0, ""mirrams_mask_rate"": 0.1, ""n_heads"": 4, ""n_layers"": 2, ""patience_evaluations"": 8, ""validation_mask_replicates"": 2, ""weight_decay"": 0.001}",5064,mcar_50,4,294.0,0.36054421768707484,0.815561019670815,0.7293581668484985,0.8108777408954979,0.6897168102445744,0.25799205716751994,0.21939155611962632,0.6666666666666666,0.7146728221597751,0.6573426573426573,0.5222222222222223,0.8867924528301887,0.6226415094339622,-1.416033319489424,0.6352612543749403,0.27061529507753174
cleveland,hungary,mirrams_equation9,mirrams,0,"{""d_model"": 64, ""dropout"": 0.1, ""evaluation_interval"": 5, ""learning_rate"": 0.0001, ""max_epochs"": 120, ""mirrams_confidence"": 0.95, ""mirrams_lambda_1"": 15.0, ""mirrams_lambda_2"": 15.0, ""mirrams_mask_rate"": 0.1, ""n_heads"": 4, ""n_layers"": 2, ""patience_evaluations"": 8, ""validation_mask_replicates"": 2, ""weight_decay"": 0.001}",5064,natural,0,294.0,0.36054421768707484,0.8885487755921316,0.8154262835001976,0.5706476749812311,0.5001972406205135,0.16535772922699016,0.14775181112541913,0.7925170068027211,0.8027900441589724,0.7447698744769874,0.6691729323308271,0.839622641509434,0.8301886792452831,-1.2970335260423305,0.7078250221953071,0.16104221919638584
cleveland,switzerland,mirrams_equation9,mirrams,0,"{""d_model"": 64, ""dropout"": 0.1, ""evaluation_interval"": 5, ""learning_rate"": 0.0001, ""max_epochs"": 120, ""mirrams_confidence"": 0.95, ""mirrams_lambda_1"": 15.0, ""mirrams_lambda_2"": 15.0, ""mirrams_mask_rate"": 0.1, ""n_heads"": 4, ""n_layers"": 2, ""patience_evaluations"": 8, ""validation_mask_replicates"": 2, ""weight_decay"": 0.001}",5062,drop_advanced,0,123.0,0.9349593495934959,0.7750000000000001,0.9802165978987243,0.603925534040022,0.5863575167161688,0.20835286380007711,0.20040648606226996,0.6666666666666666,0.7054347826086956,0.7875647668393783,0.9743589743589743,0.6608695652173913,0.46956521739130436,2.738564526933789,1.462473329937729,0.2008713433523725
cleveland,switzerland,mirrams_equation9,mirrams,0,"{""d_model"": 64, ""dropout"": 0.1, ""evaluation_interval"": 5, ""learning_rate"": 0.0001, ""max_epochs"": 120, ""mirrams_confidence"": 0.95, ""mirrams_lambda_1"": 15.0, ""mirrams_lambda_2"": 15.0, ""mirrams_mask_rate"": 0.1, ""n_heads"": 4, ""n_layers"": 2, ""patience_evaluations"": 8, ""validation_mask_replicates"": 2, ""weight_decay"": 0.001}",5062,drop_exercise,0,123.0,0.9349593495934959,0.8293478260869566,0.9847649239442988,0.525623612290553,0.5627292240320932,0.1694828441576387,0.18808539759471957,0.8048780487804879,0.7211956521739131,0.8867924528301887,0.9690721649484536,0.8173913043478261,0.7043478260869566,2.4307415776611814,2.0482211248294906,0.12099691339700211
cleveland,switzerland,mirrams_equation9,mirrams,0,"{""d_model"": 64, ""dropout"": 0.1, ""evaluation_interval"": 5, ""learning_rate"": 0.0001, ""max_epochs"": 120, ""mirrams_confidence"": 0.95, ""mirrams_lambda_1"": 15.0, ""mirrams_lambda_2"": 15.0, ""mirrams_mask_rate"": 0.1, ""n_heads"": 4, ""n_layers"": 2, ""patience_evaluations"": 8, ""validation_mask_replicates"": 2, ""weight_decay"": 0.001}",5062,drop_routine,0,123.0,0.9349593495934959,0.7206521739130434,0.9710911184577871,0.6930875945412712,0.6238491070965723,0.24919718481721903,0.21692749279420165,0.5772357723577236,0.6576086956521738,0.7142857142857143,0.9701492537313433,0.5652173913043478,0.40869565217391307,2.8845104942179485,1.1876325010257558,0.3784083885952245
cleveland,switzerland,mirrams_equation9,mirrams,0,"{""d_model"": 64, ""dropout"": 0.1, ""evaluation_interval"": 5, ""learning_rate"": 0.0001, ""max_epochs"": 120, ""mirrams_confidence"": 0.95, ""mirrams_lambda_1"": 15.0, ""mirrams_lambda_2"": 15.0, ""mirrams_mask_rate"": 0.1, ""n_heads"": 4, ""n_layers"": 2, ""patience_evaluations"": 8, ""validation_mask_replicates"": 2, ""weight_decay"": 0.001}",5062,empirical_source,0,123.0,0.9349593495934959,0.7706521739130434,0.9781047316630601,0.6284970970047377,0.5796732996012147,0.2183781111918478,0.19767906969404542,0.6504065040650406,0.6967391304347825,0.774869109947644,0.9736842105263158,0.6434782608695652,0.5652173913043478,2.8651864738694073,1.3324153909156335,0.29674858010777694
cleveland,switzerland,mirrams_equation9,mirrams,0,"{""d_model"": 64, ""dropout"": 0.1, ""evaluation_interval"": 5, ""learning_rate"": 0.0001, ""max_epochs"": 120, ""mirrams_confidence"": 0.95, ""mirrams_lambda_1"": 15.0, ""mirrams_lambda_2"": 15.0, ""mirrams_mask_rate"": 0.1, ""n_heads"": 4, ""n_layers"": 2, ""patience_evaluations"": 8, ""validation_mask_replicates"": 2, ""weight_decay"": 0.001}",5062,empirical_source,1,123.0,0.9349593495934959,0.7771739130434783,0.9785934052997043,0.6333479719440874,0.5844465816358779,0.22100448469967732,0.1992597996063144,0.6260162601626016,0.683695652173913,0.7553191489361702,0.9726027397260274,0.6173913043478261,0.5391304347826087,2.853789814753107,1.3452420153755211,0.2891363226552947
cleveland,switzerland,mirrams_equation9,mirrams,0,"{""d_model"": 64, ""dropout"": 0.1, ""evaluation_interval"": 5, ""learning_rate"": 0.0001, ""max_epochs"": 120, ""mirrams_confidence"": 0.95, ""mirrams_lambda_1"": 15.0, ""mirrams_lambda_2"": 15.0, ""mirrams_mask_rate"": 0.1, ""n_heads"": 4, ""n_layers"": 2, ""patience_evaluations"": 8, ""validation_mask_replicates"": 2, ""weight_decay"": 0.001}",5062,empirical_source,2,123.0,0.9349593495934959,0.7608695652173914,0.9794544037105863,0.6452856560233501,0.5867032014252668,0.22652805072922116,0.20048822471387096,0.6097560975609756,0.675,0.7419354838709677,0.971830985915493,0.6,0.5391304347826087,2.8438160864347806,1.2186075026320358,0.30872941048987435
cleveland,switzerland,mirrams_equation9,mirrams,0,"{""d_model"": 64, ""dropout"": 0.1, ""evaluation_interval"": 5, ""learning_rate"": 0.0001, ""max_epochs"": 120, ""mirrams_confidence"": 0.95, ""mirrams_lambda_1"": 15.0, ""mirrams_lambda_2"": 15.0, ""mirrams_mask_rate"": 0.1, ""n_heads"": 4, ""n_layers"": 2, ""patience_evaluations"": 8, ""validation_mask_replicates"": 2, ""weight_decay"": 0.001}",5062,empirical_source,3,123.0,0.9349593495934959,0.7891304347826087,0.9804152352686281,0.618120015932292,0.5690407324671825,0.2143700432024061,0.19284987176360852,0.6585365853658537,0.7010869565217391,0.78125,0.974025974025974,0.6521739130434783,0.40869565217391307,2.897753811198489,1.5293298109613374,0.25278587614881876
cleveland,switzerland,mirrams_equation9,mirrams,0,"{""d_model"": 64, ""dropout"": 0.1, ""evaluation_interval"": 5, ""learning_rate"": 0.0001, ""max_epochs"": 120, ""mirrams_confidence"": 0.95, ""mirrams_lambda_1"": 15.0, ""mirrams_lambda_2"": 15.0, ""mirrams_mask_rate"": 0.1, ""n_heads"": 4, ""n_layers"": 2, ""patience_evaluations"": 8, ""validation_mask_replicates"": 2, ""weight_decay"": 0.001}",5062,empirical_source,4,123.0,0.9349593495934959,0.7978260869565217,0.982332776253369,0.632185729762199,0.5627501986273306,0.22098183523107584,0.19086981560981928,0.6260162601626016,0.683695652173913,0.7553191489361702,0.9726027397260274,0.6173913043478261,0.5304347826086957,3.00664140710394,1.5877511172445797,0.2702918447412522
cleveland,switzerland,mirrams_equation9,mirrams,0,"{""d_model"": 64, ""dropout"": 0.1, ""evaluation_interval"": 5, ""learning_rate"": 0.0001, ""max_epochs"": 120, ""mirrams_confidence"": 0.95, ""mirrams_lambda_1"": 15.0, ""mirrams_lambda_2"": 15.0, ""mirrams_mask_rate"": 0.1, ""n_heads"": 4, ""n_layers"": 2, ""patience_evaluations"": 8, ""validation_mask_replicates"": 2, ""weight_decay"": 0.001}",5062,mar_age_sex_30,0,123.0,0.9349593495934959,0.8119565217391305,0.9816527141060039,0.6214081840897598,0.5552969991667186,0.2155343578851904,0.18626899901571098,0.6585365853658537,0.7010869565217391,0.78125,0.974025974025974,0.6521739130434783,0.6521739130434783,3.032792841770388,1.7042111793540216,0.2682838305470933
cleveland,switzerland,mirrams_equation9,mirrams,0,"{""d_model"": 64, ""dropout"": 0.1, ""evaluation_interval"": 5, ""learning_rate"": 0.0001, ""max_epochs"": 120, ""mirrams_confidence"": 0.95, ""mirrams_lambda_1"": 15.0, ""mirrams_lambda_2"": 15.0, ""mirrams_mask_rate"": 0.1, ""n_heads"": 4, ""n_layers"": 2, ""patience_evaluations"": 8, ""validation_mask_replicates"": 2, ""weight_decay"": 0.001}",5062,mar_age_sex_30,1,123.0,0.9349593495934959,0.7858695652173913,0.9818584250648332,0.6290995976653567,0.5784065165396399,0.2190402385468001,0.1962196549790016,0.6585365853658537,0.7010869565217391,0.78125,0.974025974025974,0.6521739130434783,0.5739130434782609,2.8549687931204795,1.4691539327433436,0.27731173579924523
cleveland,switzerland,mirrams_equation9,mirrams,0,"{""d_model"": 64, ""dropout"": 0.1, ""evaluation_interval"": 5, ""learning_rate"": 0.0001, ""max_epochs"": 120, ""mirrams_confidence"": 0.95, ""mirrams_lambda_1"": 15.0, ""mirrams_lambda_2"": 15.0, ""mirrams_mask_rate"": 0.1, ""n_heads"": 4, ""n_layers"": 2, ""patience_evaluations"": 8, ""validation_mask_replicates"": 2, ""weight_decay"": 0.001}",5062,mar_age_sex_30,2,123.0,0.9349593495934959,0.807608695652174,0.9839494315926998,0.6175959291283388,0.5593860197799156,0.21452196649734287,0.1876302080861764,0.6504065040650406,0.754891304347826,0.7724867724867724,0.9864864864864865,0.6347826086956522,0.6869565217391305,2.9517428032885142,1.7392166689684307,0.2340413773026729
cleveland,switzerland,mirrams_equation9,mirrams,0,"{""d_model"": 64, ""dropout"": 0.1, ""evaluation_interval"": 5, ""learning_rate"": 0.0001, ""max_epochs"": 120, ""mirrams_confidence"": 0.95, ""mirrams_lambda_1"": 15.0, ""mirrams_lambda_2"": 15.0, ""mirrams_mask_rate"": 0.1, ""n_heads"": 4, ""n_layers"": 2, ""patience_evaluations"": 8, ""validation_mask_replicates"": 2, ""weight_decay"": 0.001}",5062,mar_age_sex_30,3,123.0,0.9349593495934959,0.7652173913043478,0.9775307969942151,0.598324492102737,0.5890143819372194,0.20465654891151236,0.20094174658210903,0.7073170731707317,0.6690217391304347,0.82,0.9647058823529412,0.7130434782608696,0.4608695652173913,2.705748352715151,1.4480875803654998,0.23870014043989937
cleveland,switzerland,mirrams_equation9,mirrams,0,"{""d_model"": 64, ""dropout"": 0.1, ""evaluation_interval"": 5, ""learning_rate"": 0.0001, ""max_epochs"": 120, ""mirrams_confidence"": 0.95, ""mirrams_lambda_1"": 15.0, ""mirrams_lambda_2"": 15.0, ""mirrams_mask_rate"": 0.1, ""n_heads"": 4, ""n_layers"": 2, ""patience_evaluations"": 8, ""validation_mask_replicates"": 2, ""weight_decay"": 0.001}",5062,mar_age_sex_30,4,123.0,0.9349593495934959,0.7445652173913044,0.9753516764504739,0.6072309485341252,0.5999045575790652,0.20919634891197778,0.2056132372421945,0.6910569105691057,0.6603260869565217,0.8080808080808081,0.963855421686747,0.6956521739130435,0.5652173913043478,2.6858096619780625,1.3883241167426261,0.2278072055786399
cleveland,switzerland,mirrams_equation9,mirrams,0,"{""d_model"": 64, ""dropout"": 0.1, ""evaluation_interval"": 5, ""learning_rate"": 0.0001, ""max_epochs"": 120, ""mirrams_confidence"": 0.95, ""mirrams_lambda_1"": 15.0, ""mirrams_lambda_2"": 15.0, ""mirrams_mask_rate"": 0.1, ""n_heads"": 4, ""n_layers"": 2, ""patience_evaluations"": 8, ""validation_mask_replicates"": 2, ""weight_decay"": 0.001}",5062,mcar_10,0,123.0,0.9349593495934959,0.7728260869565217,0.9800291772366693,0.6524942468416987,0.5884480874734358,0.2300686497141746,0.20027045168462942,0.6178861788617886,0.6793478260869565,0.7486631016042781,0.9722222222222222,0.6086956521739131,0.5826086956521739,2.8828740551342706,1.3998333318259388,0.3119121699645215
cleveland,switzerland,mirrams_equation9,mirrams,0,"{""d_model"": 64, ""dropout"": 0.1, ""evaluation_interval"": 5, ""learning_rate"": 0.0001, ""max_epochs"": 120, ""mirrams_confidence"": 0.95, ""mirrams_lambda_1"": 15.0, ""mirrams_lambda_2"": 15.0, ""mirrams_mask_rate"": 0.1, ""n_heads"": 4, ""n_layers"": 2, ""patience_evaluations"": 8, ""validation_mask_replicates"": 2, ""weight_decay"": 0.001}",5062,mcar_10,1,123.0,0.9349593495934959,0.7402173913043478,0.9755821737183303,0.6398325745188589,0.6003625329526197,0.2247536513610976,0.20836072852754223,0.6097560975609756,0.6168478260869565,0.7446808510638298,0.958904109589041,0.6086956521739131,0.41739130434782606,2.8509075602673755,1.3997125080660224,0.27363442731747956
cleveland,switzerland,mirrams_equation9,mirrams,0,"{""d_model"": 64, ""dropout"": 0.1, ""evaluation_interval"": 5, ""learning_rate"": 0.0001, ""max_epochs"": 120, ""mirrams_confidence"": 0.95, ""mirrams_lambda_1"": 15.0, ""mirrams_lambda_2"": 15.0, ""mirrams_mask_rate"": 0.1, ""n_heads"": 4, ""n_layers"": 2, ""patience_evaluations"": 8, ""validation_mask_replicates"": 2, ""weight_decay"": 0.001}",5062,mcar_10,2,123.0,0.9349593495934959,0.7782608695652173,0.9799377471223105,0.6681430665624218,0.5876530654068242,0.2380732595923377,0.201101759416014,0.5853658536585366,0.6619565217391304,0.7213114754098361,0.9705882352941176,0.5739130434782609,0.5478260869565217,3.013365561272486,1.5478262910949718,0.31284522431656236
cleveland,switzerland,mirrams_equation9,mirrams,0,"{""d_model"": 64, ""dropout"": 0.1, ""evaluation_interval"": 5, ""learning_rate"": 0.0001, ""max_epochs"": 120, ""mirrams_confidence"": 0.95, ""mirrams_lambda_1"": 15.0, ""mirrams_lambda_2"": 15.0, ""mirrams_mask_rate"": 0.1, ""n_heads"": 4, ""n_layers"": 2, ""patience_evaluations"": 8, ""validation_mask_replicates"": 2, ""weight_decay"": 0.001}",5062,mcar_10,3,123.0,0.9349593495934959,0.7358695652173913,0.9745268385328081,0.6586707641445796,0.6171368887663591,0.23219904702135205,0.2136119427037529,0.5853658536585366,0.6619565217391304,0.7213114754098361,0.9705882352941176,0.5739130434782609,0.3739130434782609,2.772411094735756,1.0641570511043636,0.34149456738056966
cleveland,switzerland,mirrams_equation9,mirrams,0,"{""d_model"": 64, ""dropout"": 0.1, ""evaluation_interval"": 5, ""learning_rate"": 0.0001, ""max_epochs"": 120, ""mirrams_confidence"": 0.95, ""mirrams_lambda_1"": 15.0, ""mirrams_lambda_2"": 15.0, ""mirrams_mask_rate"": 0.1, ""n_heads"": 4, ""n_layers"": 2, ""patience_evaluations"": 8, ""validation_mask_replicates"": 2, ""weight_decay"": 0.001}",5062,mcar_10,4,123.0,0.9349593495934959,0.692391304347826,0.966605623120947,0.653171959746252,0.6308800194173653,0.230031066398269,0.22134720542359734,0.6178861788617886,0.6793478260869565,0.7486631016042781,0.9722222222222222,0.6086956521739131,0.25217391304347825,2.7504255515820657,1.0348894980779324,0.3159149605855362
cleveland,switzerland,mirrams_equation9,mirrams,0,"{""d_model"": 64, ""dropout"": 0.1, ""evaluation_interval"": 5, ""learning_rate"": 0.0001, ""max_epochs"": 120, ""mirrams_confidence"": 0.95, ""mirrams_lambda_1"": 15.0, ""mirrams_lambda_2"": 15.0, ""mirrams_mask_rate"": 0.1, ""n_heads"": 4, ""n_layers"": 2, ""patience_evaluations"": 8, ""validation_mask_replicates"": 2, ""weight_decay"": 0.001}",5062,mcar_30,0,123.0,0.9349593495934959,0.8119565217391305,0.9851504143682419,0.6688034905306218,0.5647289078986197,0.23806984712900545,0.18963400348550005,0.6016260162601627,0.7869565217391304,0.7292817679558011,1.0,0.5739130434782609,0.591304347826087,3.1526161164653095,1.7643544580116322,0.3296382355550672
cleveland,switzerland,mirrams_equation9,mirrams,0,"{""d_model"": 64, ""dropout"": 0.1, ""evaluation_interval"": 5, ""learning_rate"": 0.0001, ""max_epochs"": 120, ""mirrams_confidence"": 0.95, ""mirrams_lambda_1"": 15.0, ""mirrams_lambda_2"": 15.0, ""mirrams_mask_rate"": 0.1, ""n_heads"": 4, ""n_layers"": 2, ""patience_evaluations"": 8, ""validation_mask_replicates"": 2, ""weight_decay"": 0.001}",5062,mcar_30,1,123.0,0.9349593495934959,0.7478260869565218,0.9740602292298423,0.6776810900548844,0.6057202027859276,0.24208801114469108,0.20996780746286312,0.5853658536585366,0.6619565217391304,0.7213114754098361,0.9705882352941176,0.5739130434782609,0.43478260869565216,2.945757144250517,1.2845333955022722,0.33105612259123945
cleveland,switzerland,mirrams_equation9,mirrams,0,"{""d_model"": 64, ""dropout"": 0.1, ""evaluation_interval"": 5, ""learning_rate"": 0.0001, ""max_epochs"": 120, ""mirrams_confidence"": 0.95, ""mirrams_lambda_1"": 15.0, ""mirrams_lambda_2"": 15.0, ""mirrams_mask_rate"": 0.1, ""n_heads"": 4, ""n_layers"": 2, ""patience_evaluations"": 8, ""validation_mask_replicates"": 2, ""weight_decay"": 0.001}",5062,mcar_30,2,123.0,0.9349593495934959,0.7728260869565218,0.9801799574489227,0.6929806981355537,0.5885354710342309,0.24818226722637804,0.20082191472221506,0.5853658536585366,0.7201086956521738,0.7182320441988951,0.9848484848484849,0.5652173913043478,0.5826086956521739,3.050145005154625,1.3846952435433995,0.39039272589747903
cleveland,switzerland,mirrams_equation9,mirrams,0,"{""d_model"": 64, ""dropout"": 0.1, ""evaluation_interval"": 5, ""learning_rate"": 0.0001, ""max_epochs"": 120, ""mirrams_confidence"": 0.95, ""mirrams_lambda_1"": 15.0, ""mirrams_lambda_2"": 15.0, ""mirrams_mask_rate"": 0.1, ""n_heads"": 4, ""n_layers"": 2, ""patience_evaluations"": 8, ""validation_mask_replicates"": 2, ""weight_decay"": 0.001}",5062,mcar_30,3,123.0,0.9349593495934959,0.6532608695652175,0.9577631676299428,0.7697544692374046,0.681164229511344,0.2820582367226242,0.24318962294434968,0.4959349593495935,0.6141304347826086,0.6395348837209303,0.9649122807017544,0.4782608695652174,0.21739130434782608,2.830769982344766,0.6715826490940467,0.5076041648875538
cleveland,switzerland,mirrams_equation9,mirrams,0,"{""d_model"": 64, ""dropout"": 0.1, ""evaluation_interval"": 5, ""learning_rate"": 0.0001, ""max_epochs"": 120, ""mirrams_confidence"": 0.95, ""mirrams_lambda_1"": 15.0, ""mirrams_lambda_2"": 15.0, ""mirrams_mask_rate"": 0.1, ""n_heads"": 4, ""n_layers"": 2, ""patience_evaluations"": 8, ""validation_mask_replicates"": 2, ""weight_decay"": 0.001}",5062,mcar_30,4,123.0,0.9349593495934959,0.8326086956521739,0.9853163890705524,0.6709470834509489,0.5493538528157889,0.2386857283300663,0.18501158654570482,0.6016260162601627,0.6706521739130435,0.7351351351351352,0.9714285714285714,0.591304347826087,0.5739130434782609,3.4652624478198994,2.041168242097133,0.33457690780678206
cleveland,switzerland,mirrams_equation9,mirrams,0,"{""d_model"": 64, ""dropout"": 0.1, ""evaluation_interval"": 5, ""learning_rate"": 0.0001, ""max_epochs"": 120, ""mirrams_confidence"": 0.95, ""mirrams_lambda_1"": 15.0, ""mirrams_lambda_2"": 15.0, ""mirrams_mask_rate"": 0.1, ""n_heads"": 4, ""n_layers"": 2, ""patience_evaluations"": 8, ""validation_mask_replicates"": 2, ""weight_decay"": 0.001}",5062,mcar_50,0,123.0,0.9349593495934959,0.6619565217391304,0.9678762514530017,0.7139830908716903,0.6553453168355577,0.25694498847523173,0.23112008994140307,0.5691056910569106,0.5951086956521738,0.7103825136612022,0.9558823529411765,0.5652173913043478,0.40869565217391307,2.749161325625537,0.6939617746151986,0.4374982272068184
cleveland,switzerland,mirrams_equation9,mirrams,0,"{""d_model"": 64, ""dropout"": 0.1, ""evaluation_interval"": 5, ""learning_rate"": 0.0001, ""max_epochs"": 120, ""mirrams_confidence"": 0.95, ""mirrams_lambda_1"": 15.0, ""mirrams_lambda_2"": 15.0, ""mirrams_mask_rate"": 0.1, ""n_heads"": 4, ""n_layers"": 2, ""patience_evaluations"": 8, ""validation_mask_replicates"": 2, ""weight_decay"": 0.001}",5062,mcar_50,1,123.0,0.9349593495934959,0.7032608695652175,0.9722887591695648,0.771776768074473,0.6436126094476984,0.28332753771526403,0.2243561721369845,0.4959349593495935,0.6722826086956522,0.6352941176470588,0.9818181818181818,0.46956521739130436,0.6086956521739131,2.932399889452051,0.8867673592320475,0.5373822841695802
cleveland,switzerland,mirrams_equation9,mirrams,0,"{""d_model"": 64, ""dropout"": 0.1, ""evaluation_interval"": 5, ""learning_rate"": 0.0001, ""max_epochs"": 120, ""mirrams_confidence"": 0.95, ""mirrams_lambda_1"": 15.0, ""mirrams_lambda_2"": 15.0, ""mirrams_mask_rate"": 0.1, ""n_heads"": 4, ""n_layers"": 2, ""patience_evaluations"": 8, ""validation_mask_replicates"": 2, ""weight_decay"": 0.001}",5062,mcar_50,2,123.0,0.9349593495934959,0.5989130434782608,0.9562802931447757,0.748210965190051,0.6981999881483825,0.2721867898790725,0.2535024675772669,0.5365853658536586,0.5195652173913043,0.6850828729281768,0.9393939393939394,0.5391304347826087,0.34782608695652173,2.754070807275663,0.548764244332396,0.45746644295515054
cleveland,switzerland,mirrams_equation9,mirrams,0,"{""d_model"": 64, ""dropout"": 0.1, ""evaluation_interval"": 5, ""learning_rate"": 0.0001, ""max_epochs"": 120, ""mirrams_confidence"": 0.95, ""mirrams_lambda_1"": 15.0, ""mirrams_lambda_2"": 15.0, ""mirrams_mask_rate"": 0.1, ""n_heads"": 4, ""n_layers"": 2, ""patience_evaluations"": 8, ""validation_mask_replicates"": 2, ""weight_decay"": 0.001}",5062,mcar_50,3,123.0,0.9349593495934959,0.6478260869565217,0.9622385693659143,0.8064038955521196,0.6786945997811464,0.2963384342897738,0.24094286885154612,0.4634146341463415,0.5967391304347827,0.6071428571428571,0.9622641509433962,0.4434782608695652,0.3826086956521739,2.8678633294892366,0.6339228871369924,0.578603003050801
cleveland,switzerland,mirrams_equation9,mirrams,0,"{""d_model"": 64, ""dropout"": 0.1, ""evaluation_interval"": 5, ""learning_rate"": 0.0001, ""max_epochs"": 120, ""mirrams_confidence"": 0.95, ""mirrams_lambda_1"": 15.0, ""mirrams_lambda_2"": 15.0, ""mirrams_mask_rate"": 0.1, ""n_heads"": 4, ""n_layers"": 2, ""patience_evaluations"": 8, ""validation_mask_replicates"": 2, ""weight_decay"": 0.001}",5062,mcar_50,4,123.0,0.9349593495934959,0.7728260869565218,0.9803155200988883,0.7502903077317791,0.5882349972700501,0.2733917039175946,0.2012932023474711,0.5203252032520326,0.6853260869565218,0.6589595375722543,0.9827586206896551,0.4956521739130435,0.5043478260869565,3.2900549850145975,1.405236851208122,0.4582714627723206
cleveland,switzerland,mirrams_equation9,mirrams,0,"{""d_model"": 64, ""dropout"": 0.1, ""evaluation_interval"": 5, ""learning_rate"": 0.0001, ""max_epochs"": 120, ""mirrams_confidence"": 0.95, ""mirrams_lambda_1"": 15.0, ""mirrams_lambda_2"": 15.0, ""mirrams_mask_rate"": 0.1, ""n_heads"": 4, ""n_layers"": 2, ""patience_evaluations"": 8, ""validation_mask_replicates"": 2, ""weight_decay"": 0.001}",5062,natural,0,123.0,0.9349593495934959,0.7510869565217391,0.9776075073562596,0.6361815850451811,0.6008994947628581,0.22298418645639775,0.20692580471357835,0.6178861788617886,0.6793478260869565,0.7486631016042781,0.9722222222222222,0.6086956521739131,0.4434782608695652,2.78456594044829,1.2940093333004516,0.2693658247453629
cleveland,switzerland,mirrams_equation9,mirrams,0,"{""d_model"": 64, ""dropout"": 0.1, ""evaluation_interval"": 5, ""learning_rate"": 0.0001, ""max_epochs"": 120, ""mirrams_confidence"": 0.95, ""mirrams_lambda_1"": 15.0, ""mirrams_lambda_2"": 15.0, ""mirrams_mask_rate"": 0.1, ""n_heads"": 4, ""n_layers"": 2, ""patience_evaluations"": 8, ""validation_mask_replicates"": 2, ""weight_decay"": 0.001}",5063,drop_advanced,0,123.0,0.9349593495934959,0.6010869565217392,0.9474870236764796,0.5629528204479738,0.7169834287599569,0.18924372780940674,0.25757323597822757,0.6991869918699187,0.5483695652173913,0.8177339901477833,0.9431818181818182,0.7217391304347827,0.5043478260869565,2.5278110977048462,0.33954569712620347,0.1976203848440783
cleveland,switzerland,mirrams_equation9,mirrams,0,"{""d_model"": 64, ""dropout"": 0.1, ""evaluation_interval"": 5, ""learning_rate"": 0.0001, ""max_epochs"": 120, ""mirrams_confidence"": 0.95, ""mirrams_lambda_1"": 15.0, ""mirrams_lambda_2"": 15.0, ""mirrams_mask_rate"": 0.1, ""n_heads"": 4, ""n_layers"": 2, ""patience_evaluations"": 8, ""validation_mask_replicates"": 2, ""weight_decay"": 0.001}",5063,drop_exercise,0,123.0,0.9349593495934959,0.3521739130434783,0.9148468270868049,0.48116522763703107,0.8413951269730935,0.14962870522695165,0.31683121868534037,0.8292682926829268,0.4434782608695652,0.9066666666666666,0.9272727272727272,0.8869565217391304,0.08695652173913043,4.2054068319488636,-1.8784251729978119,0.09941031619538257
cleveland,switzerland,mirrams_equation9,mirrams,0,"{""d_model"": 64, ""dropout"": 0.1, ""evaluation_interval"": 5, ""learning_rate"": 0.0001, ""max_epochs"": 120, ""mirrams_confidence"": 0.95, ""mirrams_lambda_1"": 15.0, ""mirrams_lambda_2"": 15.0, ""mirrams_mask_rate"": 0.1, ""n_heads"": 4, ""n_layers"": 2, ""patience_evaluations"": 8, ""validation_mask_replicates"": 2, ""weight_decay"": 0.001}",5063,drop_routine,0,123.0,0.9349593495934959,0.625,0.9657195291036755,0.6216755784787212,0.6925295228008825,0.21642767939407004,0.24812319228383808,0.6666666666666666,0.5891304347826087,0.7918781725888325,0.9512195121951219,0.6782608695652174,0.5043478260869565,2.575445212209359,0.3910712443989092,0.2634153808128846
cleveland,switzerland,mirrams_equation9,mirrams,0,"{""d_model"": 64, ""dropout"": 0.1, ""evaluation_interval"": 5, ""learning_rate"": 0.0001, ""max_epochs"": 120, ""mirrams_confidence"": 0.95, ""mirrams_lambda_1"": 15.0, ""mirrams_lambda_2"": 15.0, ""mirrams_mask_rate"": 0.1, ""n_heads"": 4, ""n_layers"": 2, ""patience_evaluations"": 8, ""validation_mask_replicates"": 2, ""weight_decay"": 0.001}",5063,empirical_source,0,123.0,0.9349593495934959,0.633695652173913,0.9585208077893606,0.5843526370838583,0.6926683812157634,0.198751793291598,0.24651025079356192,0.6829268292682927,0.5978260869565217,0.8040201005025126,0.9523809523809523,0.6956521739130435,0.4434782608695652,2.527933496187677,0.46925376086761034,0.21450063623148352
cleveland,switzerland,mirrams_equation9,mirrams,0,"{""d_model"": 64, ""dropout"": 0.1, ""evaluation_interval"": 5, ""learning_rate"": 0.0001, ""max_epochs"": 120, ""mirrams_confidence"": 0.95, ""mirrams_lambda_1"": 15.0, ""mirrams_lambda_2"": 15.0, ""mirrams_mask_rate"": 0.1, ""n_heads"": 4, ""n_layers"": 2, ""patience_evaluations"": 8, ""validation_mask_replicates"": 2, ""weight_decay"": 0.001}",5063,empirical_source,1,123.0,0.9349593495934959,0.6641304347826087,0.9523572314358586,0.5752733205533617,0.6671604693523866,0.19446996908437708,0.23345027700227486,0.7398373983739838,0.6282608695652174,0.8446601941747572,0.9560439560439561,0.7565217391304347,0.4782608695652174,2.506675092260912,0.6575493979552203,0.2128557054399439
cleveland,switzerland,mirrams_equation9,mirrams,0,"{""d_model"": 64, ""dropout"": 0.1, ""evaluation_interval"": 5, ""learning_rate"": 0.0001, ""max_epochs"": 120, ""mirrams_confidence"": 0.95, ""mirrams_lambda_1"": 15.0, ""mirrams_lambda_2"": 15.0, ""mirrams_mask_rate"": 0.1, ""n_heads"": 4, ""n_layers"": 2, ""patience_evaluations"": 8, ""validation_mask_replicates"": 2, ""weight_decay"": 0.001}",5063,empirical_source,2,123.0,0.9349593495934959,0.6054347826086957,0.9529161942257589,0.5912545628820834,0.7058680109244875,0.2026271525051015,0.2533497292957075,0.6666666666666666,0.5891304347826087,0.7918781725888325,0.9512195121951219,0.6782608695652174,0.4,2.539483283856392,0.4401128735046778,0.21724914508325266
cleveland,switzerland,mirrams_equation9,mirrams,0,"{""d_model"": 64, ""dropout"": 0.1, ""evaluation_interval"": 5, ""learning_rate"": 0.0001, ""max_epochs"": 120, ""mirrams_confidence"": 0.95, ""mirrams_lambda_1"": 15.0, ""mirrams_lambda_2"": 15.0, ""mirrams_mask_rate"": 0.1, ""n_heads"": 4, ""n_layers"": 2, ""patience_evaluations"": 8, ""validation_mask_replicates"": 2, ""weight_decay"": 0.001}",5063,empirical_source,3,123.0,0.9349593495934959,0.6478260869565218,0.9611011983379532,0.5825718632393153,0.682848192196831,0.1982406210481456,0.2420165712231073,0.6829268292682927,0.5978260869565217,0.8040201005025126,0.9523809523809523,0.6956521739130435,0.5478260869565217,2.5202246276173548,0.5169705843899325,0.20863113799567468
cleveland,switzerland,mirrams_equation9,mirrams,0,"{""d_model"": 64, ""dropout"": 0.1, ""evaluation_interval"": 5, ""learning_rate"": 0.0001, ""max_epochs"": 120, ""mirrams_confidence"": 0.95, ""mirrams_lambda_1"": 15.0, ""mirrams_lambda_2"": 15.0, ""mirrams_mask_rate"": 0.1, ""n_heads"": 4, ""n_layers"": 2, ""patience_evaluations"": 8, ""validation_mask_replicates"": 2, ""weight_decay"": 0.001}",5063,empirical_source,4,123.0,0.9349593495934959,0.591304347826087,0.9435381144276076,0.5795333502480284,0.7155966617428512,0.196860891590947,0.25647885713190155,0.6829268292682927,0.5396739130434782,0.8059701492537313,0.9418604651162791,0.7043478260869566,0.26956521739130435,2.528905719551646,0.41897659493050005,0.20114110743705116
cleveland,switzerland,mirrams_equation9,mirrams,0,"{""d_model"": 64, ""dropout"": 0.1, ""evaluation_interval"": 5, ""learning_rate"": 0.0001, ""max_epochs"": 120, ""mirrams_confidence"": 0.95, ""mirrams_lambda_1"": 15.0, ""mirrams_lambda_2"": 15.0, ""mirrams_mask_rate"": 0.1, ""n_heads"": 4, ""n_layers"": 2, ""patience_evaluations"": 8, ""validation_mask_replicates"": 2, ""weight_decay"": 0.001}",5063,mar_age_sex_30,0,123.0,0.9349593495934959,0.5423913043478261,0.9419235652933144,0.5381676849224203,0.7644759067941326,0.17718053370541062,0.27987514356350784,0.7560975609756098,0.5206521739130434,0.8584905660377359,0.9381443298969072,0.7913043478260869,0.4,2.5915466025299954,0.1388603087680063,0.15999310817617557
cleveland,switzerland,mirrams_equation9,mirrams,0,"{""d_model"": 64, ""dropout"": 0.1, ""evaluation_interval"": 5, ""learning_rate"": 0.0001, ""max_epochs"": 120, ""mirrams_confidence"": 0.95, ""mirrams_lambda_1"": 15.0, ""mirrams_lambda_2"": 15.0, ""mirrams_mask_rate"": 0.1, ""n_heads"": 4, ""n_layers"": 2, ""patience_evaluations"": 8, ""validation_mask_replicates"": 2, ""weight_decay"": 0.001}",5063,mar_age_sex_30,1,123.0,0.9349593495934959,0.6130434782608696,0.9468340847846146,0.5311882977571122,0.7259788108651192,0.1738602562555053,0.2603746386179691,0.7886178861788617,0.5380434782608696,0.8796296296296297,0.9405940594059405,0.8260869565217391,0.21739130434782608,2.4800229089957253,0.3898983605478943,0.14977948549907433
cleveland,switzerland,mirrams_equation9,mirrams,0,"{""d_model"": 64, ""dropout"": 0.1, ""evaluation_interval"": 5, ""learning_rate"": 0.0001, ""max_epochs"": 120, ""mirrams_confidence"": 0.95, ""mirrams_lambda_1"": 15.0, ""mirrams_lambda_2"": 15.0, ""mirrams_mask_rate"": 0.1, ""n_heads"": 4, ""n_layers"": 2, ""patience_evaluations"": 8, ""validation_mask_replicates"": 2, ""weight_decay"": 0.001}",5063,mar_age_sex_30,2,123.0,0.9349593495934959,0.741304347826087,0.9693623527006288,0.4950097092255885,0.6267624662615963,0.1581486320216008,0.21652985801886726,0.8048780487804879,0.6630434782608696,0.8878504672897196,0.9595959595959596,0.8260869565217391,0.591304347826087,2.2064932647776514,1.3139937398984232,0.08627347416170668
cleveland,switzerland,mirrams_equation9,mirrams,0,"{""d_model"": 64, ""dropout"": 0.1, ""evaluation_interval"": 5, ""learning_rate"": 0.0001, ""max_epochs"": 120, ""mirrams_confidence"": 0.95, ""mirrams_lambda_1"": 15.0, ""mirrams_lambda_2"": 15.0, ""mirrams_mask_rate"": 0.1, ""n_heads"": 4, ""n_layers"": 2, ""patience_evaluations"": 8, ""validation_mask_replicates"": 2, ""weight_decay"": 0.001}",5063,mar_age_sex_30,3,123.0,0.9349593495934959,0.6793478260869565,0.9677724907973391,0.5240981817282895,0.6680190270845798,0.17149834234946307,0.23821302873084027,0.7317073170731707,0.5657608695652174,0.8405797101449275,0.9456521739130435,0.7565217391304347,0.5826086956521739,2.388052300408846,0.7234148045165913,0.13004309705295178
cleveland,switzerland,mirrams_equation9,mirrams,0,"{""d_model"": 64, ""dropout"": 0.1, ""evaluation_interval"": 5, ""learning_rate"": 0.0001, ""max_epochs"": 120, ""mirrams_confidence"": 0.95, ""mirrams_lambda_1"": 15.0, ""mirrams_lambda_2"": 15.0, ""mirrams_mask_rate"": 0.1, ""n_heads"": 4, ""n_layers"": 2, ""patience_evaluations"": 8, ""validation_mask_replicates"": 2, ""weight_decay"": 0.001}",5063,mar_age_sex_30,4,123.0,0.9349593495934959,0.49782608695652175,0.9302810118333098,0.547453109528513,0.8002434464821179,0.18136496025325943,0.292694543055685,0.7886178861788617,0.5961956521739131,0.8785046728971962,0.9494949494949495,0.8173913043478261,0.1391304347826087,2.6753371980458085,-0.017305826502332408,0.17152034424123194
cleveland,switzerland,mirrams_equation9,mirrams,0,"{""d_model"": 64, ""dropout"": 0.1, ""evaluation_interval"": 5, ""learning_rate"": 0.0001, ""max_epochs"": 120, ""mirrams_confidence"": 0.95, ""mirrams_lambda_1"": 15.0, ""mirrams_lambda_2"": 15.0, ""mirrams_mask_rate"": 0.1, ""n_heads"": 4, ""n_layers"": 2, ""patience_evaluations"": 8, ""validation_mask_replicates"": 2, ""weight_decay"": 0.001}",5063,mcar_10,0,123.0,0.9349593495934959,0.5934782608695652,0.9467155339975601,0.5374526766237843,0.7261958757610364,0.1787402784894201,0.2630930983820979,0.7560975609756098,0.5206521739130434,0.8584905660377359,0.9381443298969072,0.7913043478260869,0.5217391304347826,2.5083055140317683,0.32182787526454915,0.1444776158704403
cleveland,switzerland,mirrams_equation9,mirrams,0,"{""d_model"": 64, ""dropout"": 0.1, ""evaluation_interval"": 5, ""learning_rate"": 0.0001, ""max_epochs"": 120, ""mirrams_confidence"": 0.95, ""mirrams_lambda_1"": 15.0, ""mirrams_lambda_2"": 15.0, ""mirrams_mask_rate"": 0.1, ""n_heads"": 4, ""n_layers"": 2, ""patience_evaluations"": 8, ""validation_mask_replicates"": 2, ""weight_decay"": 0.001}",5063,mcar_10,1,123.0,0.9349593495934959,0.6271739130434784,0.9666620582328707,0.5516057980763795,0.7010561858882427,0.1852847009612831,0.25406561641834186,0.6991869918699187,0.4902173913043478,0.8195121951219512,0.9333333333333333,0.7304347826086957,0.5391304347826087,2.500008203874449,0.3933979754492273,0.16372034281702202
cleveland,switzerland,mirrams_equation9,mirrams,0,"{""d_model"": 64, ""dropout"": 0.1, ""evaluation_interval"": 5, ""learning_rate"": 0.0001, ""max_epochs"": 120, ""mirrams_confidence"": 0.95, ""mirrams_lambda_1"": 15.0, ""mirrams_lambda_2"": 15.0, ""mirrams_mask_rate"": 0.1, ""n_heads"": 4, ""n_layers"": 2, ""patience_evaluations"": 8, ""validation_mask_replicates"": 2, ""weight_decay"": 0.001}",5063,mcar_10,2,123.0,0.9349593495934959,0.591304347826087,0.953187936393087,0.5536609492361254,0.7269039222497115,0.18519437542651784,0.26296277923319455,0.7317073170731707,0.5076086956521739,0.8421052631578947,0.9361702127659575,0.7652173913043478,0.5304347826086957,2.5408425097293867,0.27460221929591994,0.17842682392457368
cleveland,switzerland,mirrams_equation9,mirrams,0,"{""d_model"": 64, ""dropout"": 0.1, ""evaluation_interval"": 5, ""learning_rate"": 0.0001, ""max_epochs"": 120, ""mirrams_confidence"": 0.95, ""mirrams_lambda_1"": 15.0, ""mirrams_lambda_2"": 15.0, ""mirrams_mask_rate"": 0.1, ""n_heads"": 4, ""n_layers"": 2, ""patience_evaluations"": 8, ""validation_mask_replicates"": 2, ""weight_decay"": 0.001}",5063,mcar_10,3,123.0,0.9349593495934959,0.6065217391304347,0.9631844995438688,0.5525444291564751,0.7236706451109881,0.18483292507486174,0.26440674458841595,0.7235772357723578,0.5032608695652174,0.8365384615384616,0.9354838709677419,0.7565217391304347,0.3652173913043478,2.5331274281137337,0.29664147707732896,0.16544615056087278
cleveland,switzerland,mirrams_equation9,mirrams,0,"{""d_model"": 64, ""dropout"": 0.1, ""evaluation_interval"": 5, ""learning_rate"": 0.0001, ""max_epochs"": 120, ""mirrams_confidence"": 0.95, ""mirrams_lambda_1"": 15.0, ""mirrams_lambda_2"": 15.0, ""mirrams_mask_rate"": 0.1, ""n_heads"": 4, ""n_layers"": 2, ""patience_evaluations"": 8, ""validation_mask_replicates"": 2, ""weight_decay"": 0.001}",5063,mcar_10,4,123.0,0.9349593495934959,0.5445652173913044,0.9378094673025077,0.549270565141278,0.7589340443152888,0.18219686588849884,0.2764699915111789,0.7642276422764228,0.5831521739130434,0.8625592417061612,0.9479166666666666,0.7913043478260869,0.2782608695652174,2.6018989685726663,0.1274596208818181,0.1747366681035076
cleveland,switzerland,mirrams_equation9,mirrams,0,"{""d_model"": 64, ""dropout"": 0.1, ""evaluation_interval"": 5, ""learning_rate"": 0.0001, ""max_epochs"": 120, ""mirrams_confidence"": 0.95, ""mirrams_lambda_1"": 15.0, ""mirrams_lambda_2"": 15.0, ""mirrams_mask_rate"": 0.1, ""n_heads"": 4, ""n_layers"": 2, ""patience_evaluations"": 8, ""validation_mask_replicates"": 2, ""weight_decay"": 0.001}",5063,mcar_30,0,123.0,0.9349593495934959,0.4880434782608695,0.9399950571569975,0.6045464493944195,0.7840888322046581,0.2082885065196661,0.28972112374334547,0.6910569105691057,0.48586956521739133,0.8137254901960784,0.9325842696629213,0.7217391304347827,0.16521739130434782,2.7273922344693666,-0.14472726840923664,0.21846276733897696
cleveland,switzerland,mirrams_equation9,mirrams,0,"{""d_model"": 64, ""dropout"": 0.1, ""evaluation_interval"": 5, ""learning_rate"": 0.0001, ""max_epochs"": 120, ""mirrams_confidence"": 0.95, ""mirrams_lambda_1"": 15.0, ""mirrams_lambda_2"": 15.0, ""mirrams_mask_rate"": 0.1, ""n_heads"": 4, ""n_layers"": 2, ""patience_evaluations"": 8, ""validation_mask_replicates"": 2, ""weight_decay"": 0.001}",5063,mcar_30,1,123.0,0.9349593495934959,0.5293478260869565,0.9431907120449161,0.599330913089389,0.7511582120862621,0.2047146298789319,0.27372055786125354,0.7154471544715447,0.6152173913043478,0.8275862068965517,0.9545454545454546,0.7304347826086957,0.1565217391304348,2.618771437749404,0.1288043534016982,0.24381256894559272
cleveland,switzerland,mirrams_equation9,mirrams,0,"{""d_model"": 64, ""dropout"": 0.1, ""evaluation_interval"": 5, ""learning_rate"": 0.0001, ""max_epochs"": 120, ""mirrams_confidence"": 0.95, ""mirrams_lambda_1"": 15.0, ""mirrams_lambda_2"": 15.0, ""mirrams_mask_rate"": 0.1, ""n_heads"": 4, ""n_layers"": 2, ""patience_evaluations"": 8, ""validation_mask_replicates"": 2, ""weight_decay"": 0.001}",5063,mcar_30,2,123.0,0.9349593495934959,0.5815217391304348,0.9524304513225585,0.5971450359272814,0.7215669217466332,0.20455981166174636,0.2612179215544715,0.6910569105691057,0.5440217391304347,0.8118811881188119,0.9425287356321839,0.7130434782608696,0.48695652173913045,2.567104646998236,0.31994592321860044,0.23066820491934747
cleveland,switzerland,mirrams_equation9,mirrams,0,"{""d_model"": 64, ""dropout"": 0.1, ""evaluation_interval"": 5, ""learning_rate"": 0.0001, ""max_epochs"": 120, ""mirrams_confidence"": 0.95, ""mirrams_lambda_1"": 15.0, ""mirrams_lambda_2"": 15.0, ""mirrams_mask_rate"": 0.1, ""n_heads"": 4, ""n_layers"": 2, ""patience_evaluations"": 8, ""validation_mask_replicates"": 2, ""weight_decay"": 0.001}",5063,mcar_30,3,123.0,0.9349593495934959,0.45543478260869563,0.9238336526662104,0.637424419547435,0.8132075488681357,0.2218979756858386,0.3014699088781061,0.6666666666666666,0.4146739130434783,0.7980295566502463,0.9204545454545454,0.7043478260869566,0.2782608695652174,2.841460241694974,-0.41905486487138893,0.31154270547302343
cleveland,switzerland,mirrams_equation9,mirrams,0,"{""d_model"": 64, ""dropout"": 0.1, ""evaluation_interval"": 5, ""learning_rate"": 0.0001, ""max_epochs"": 120, ""mirrams_confidence"": 0.95, ""mirrams_lambda_1"": 15.0, ""mirrams_lambda_2"": 15.0, ""mirrams_mask_rate"": 0.1, ""n_heads"": 4, ""n_layers"": 2, ""patience_evaluations"": 8, ""validation_mask_replicates"": 2, ""weight_decay"": 0.001}",5063,mcar_30,4,123.0,0.9349593495934959,0.65,0.9660621057387911,0.5980554928597633,0.6665920249846536,0.2052402832612338,0.23705982096933928,0.7073170731707317,0.6690217391304347,0.82,0.9647058823529412,0.7130434782608696,0.30434782608695654,2.5401353435128726,0.6338409639493466,0.22772914758870041
cleveland,switzerland,mirrams_equation9,mirrams,0,"{""d_model"": 64, ""dropout"": 0.1, ""evaluation_interval"": 5, ""learning_rate"": 0.0001, ""max_epochs"": 120, ""mirrams_confidence"": 0.95, ""mirrams_lambda_1"": 15.0, ""mirrams_lambda_2"": 15.0, ""mirrams_mask_rate"": 0.1, ""n_heads"": 4, ""n_layers"": 2, ""patience_evaluations"": 8, ""validation_mask_replicates"": 2, ""weight_decay"": 0.001}",5063,mcar_50,0,123.0,0.9349593495934959,0.6282608695652174,0.9632268313475238,0.662092793571822,0.6771955215066479,0.23468864906897224,0.24152762737607913,0.6178861788617886,0.621195652173913,0.7513227513227513,0.9594594594594594,0.6173913043478261,0.3826086956521739,2.632998293475666,0.5501223437978187,0.3312253185125647
cleveland,switzerland,mirrams_equation9,mirrams,0,"{""d_model"": 64, ""dropout"": 0.1, ""evaluation_interval"": 5, ""learning_rate"": 0.0001, ""max_epochs"": 120, ""mirrams_confidence"": 0.95, ""mirrams_lambda_1"": 15.0, ""mirrams_lambda_2"": 15.0, ""mirrams_mask_rate"": 0.1, ""n_heads"": 4, ""n_layers"": 2, ""patience_evaluations"": 8, ""validation_mask_replicates"": 2, ""weight_decay"": 0.001}",5063,mcar_50,1,123.0,0.9349593495934959,0.5228260869565218,0.9472778895151039,0.6950011633847006,0.7383610325109019,0.2499298118990414,0.2696326814498827,0.5772357723577236,0.425,0.7263157894736842,0.92,0.6,0.45217391304347826,2.6627674393629492,0.021871916870326646,0.3836137692330487
cleveland,switzerland,mirrams_equation9,mirrams,0,"{""d_model"": 64, ""dropout"": 0.1, ""evaluation_interval"": 5, ""learning_rate"": 0.0001, ""max_epochs"": 120, ""mirrams_confidence"": 0.95, ""mirrams_lambda_1"": 15.0, ""mirrams_lambda_2"": 15.0, ""mirrams_mask_rate"": 0.1, ""n_heads"": 4, ""n_layers"": 2, ""patience_evaluations"": 8, ""validation_mask_replicates"": 2, ""weight_decay"": 0.001}",5063,mcar_50,2,123.0,0.9349593495934959,0.5347826086956522,0.9388042887239005,0.7034783361774776,0.7632552913128052,0.2546853821616298,0.2807946694922629,0.5365853658536586,0.5195652173913043,0.6850828729281768,0.9393939393939394,0.5391304347826087,0.19130434782608696,2.6502210610813277,0.1713363052791368,0.3547596242300018
cleveland,switzerland,mirrams_equation9,mirrams,0,"{""d_model"": 64, ""dropout"": 0.1, ""evaluation_interval"": 5, ""learning_rate"": 0.0001, ""max_epochs"": 120, ""mirrams_confidence"": 0.95, ""mirrams_lambda_1"": 15.0, ""mirrams_lambda_2"": 15.0, ""mirrams_mask_rate"": 0.1, ""n_heads"": 4, ""n_layers"": 2, ""patience_evaluations"": 8, ""validation_mask_replicates"": 2, ""weight_decay"": 0.001}",5063,mcar_50,3,123.0,0.9349593495934959,0.6130434782608697,0.9582509120201372,0.6358753424211336,0.6904549014063017,0.22215391207640084,0.24730785449012388,0.6585365853658537,0.6429347826086956,0.7835051546391752,0.9620253164556962,0.6608695652173913,0.20869565217391303,2.595668114531067,0.4922130746629542,0.288586007980851
cleveland,switzerland,mirrams_equation9,mirrams,0,"{""d_model"": 64, ""dropout"": 0.1, ""evaluation_interval"": 5, ""learning_rate"": 0.0001, ""max_epochs"": 120, ""mirrams_confidence"": 0.95, ""mirrams_lambda_1"": 15.0, ""mirrams_lambda_2"": 15.0, ""mirrams_mask_rate"": 0.1, ""n_heads"": 4, ""n_layers"": 2, ""patience_evaluations"": 8, ""validation_mask_replicates"": 2, ""weight_decay"": 0.001}",5063,mcar_50,4,123.0,0.9349593495934959,0.46739130434782605,0.9395923135848661,0.6927871888738307,0.7739283317595176,0.2492049303762608,0.2872873043453022,0.5853658536585366,0.4875,0.7301587301587301,0.9324324324324325,0.6,0.2956521739130435,2.692539540342647,-0.1387574766979665,0.3649844714919396
cleveland,switzerland,mirrams_equation9,mirrams,0,"{""d_model"": 64, ""dropout"": 0.1, ""evaluation_interval"": 5, ""learning_rate"": 0.0001, ""max_epochs"": 120, ""mirrams_confidence"": 0.95, ""mirrams_lambda_1"": 15.0, ""mirrams_lambda_2"": 15.0, ""mirrams_mask_rate"": 0.1, ""n_heads"": 4, ""n_layers"": 2, ""patience_evaluations"": 8, ""validation_mask_replicates"": 2, ""weight_decay"": 0.001}",5063,natural,0,123.0,0.9349593495934959,0.6260869565217391,0.9534523452056289,0.5370964127938298,0.7079806147328163,0.17787093554540093,0.2539307996257993,0.7398373983739838,0.5701086956521739,0.8461538461538461,0.946236559139785,0.7652173913043478,0.5478260869565217,2.4721862732657947,0.4289733576726369,0.15765477162227973
cleveland,switzerland,mirrams_equation9,mirrams,0,"{""d_model"": 64, ""dropout"": 0.1, ""evaluation_interval"": 5, ""learning_rate"": 0.0001, ""max_epochs"": 120, ""mirrams_confidence"": 0.95, ""mirrams_lambda_1"": 15.0, ""mirrams_lambda_2"": 15.0, ""mirrams_mask_rate"": 0.1, ""n_heads"": 4, ""n_layers"": 2, ""patience_evaluations"": 8, ""validation_mask_replicates"": 2, ""weight_decay"": 0.001}",5064,drop_advanced,0,123.0,0.9349593495934959,0.725,0.9676468933298527,0.6253015512603555,0.6192569664926292,0.2203150753141539,0.21603419320314649,0.6422764227642277,0.692391304347826,0.7684210526315789,0.9733333333333334,0.6347826086956522,0.2608695652173913,2.7618070938682493,1.2665182830134438,0.2405651497962628
cleveland,switzerland,mirrams_equation9,mirrams,0,"{""d_model"": 64, ""dropout"": 0.1, ""evaluation_interval"": 5, ""learning_rate"": 0.0001, ""max_epochs"": 120, ""mirrams_confidence"": 0.95, ""mirrams_lambda_1"": 15.0, ""mirrams_lambda_2"": 15.0, ""mirrams_mask_rate"": 0.1, ""n_heads"": 4, ""n_layers"": 2, ""patience_evaluations"": 8, ""validation_mask_replicates"": 2, ""weight_decay"": 0.001}",5064,drop_exercise,0,123.0,0.9349593495934959,0.7402173913043478,0.9752031098082812,0.7412798367083329,0.6323448575058032,0.27292037123885443,0.22067808467294017,0.5203252032520326,0.6853260869565218,0.6589595375722543,0.9827586206896551,0.4956521739130435,0.5130434782608696,3.2281462909073433,2.0545457048162787,0.5324116204268139
cleveland,switzerland,mirrams_equation9,mirrams,0,"{""d_model"": 64, ""dropout"": 0.1, ""evaluation_interval"": 5, ""learning_rate"": 0.0001, ""max_epochs"": 120, ""mirrams_confidence"": 0.95, ""mirrams_lambda_1"": 15.0, ""mirrams_lambda_2"": 15.0, ""mirrams_mask_rate"": 0.1, ""n_heads"": 4, ""n_layers"": 2, ""patience_evaluations"": 8, ""validation_mask_replicates"": 2, ""weight_decay"": 0.001}",5064,drop_routine,0,123.0,0.9349593495934959,0.7478260869565218,0.9745288335665618,0.664128860959929,0.5904295968003069,0.2371969162173491,0.2039380435356916,0.5934959349593496,0.6663043478260869,0.7282608695652174,0.9710144927536232,0.5826086956521739,0.4608695652173913,3.007963442114987,1.382534101868968,0.2859203328955064
cleveland,switzerland,mirrams_equation9,mirrams,0,"{""d_model"": 64, ""dropout"": 0.1, ""evaluation_interval"": 5, ""learning_rate"": 0.0001, ""max_epochs"": 120, ""mirrams_confidence"": 0.95, ""mirrams_lambda_1"": 15.0, ""mirrams_lambda_2"": 15.0, ""mirrams_mask_rate"": 0.1, ""n_heads"": 4, ""n_layers"": 2, ""patience_evaluations"": 8, ""validation_mask_replicates"": 2, ""weight_decay"": 0.001}",5064,empirical_source,0,123.0,0.9349593495934959,0.7195652173913043,0.9694897244528844,0.6906285823020646,0.6163828076387088,0.2500803759487202,0.21594712619528192,0.5203252032520326,0.6271739130434782,0.6628571428571428,0.9666666666666667,0.5043478260869565,0.2956521739130435,2.97450470758294,1.3482811990955645,0.34031059993895707
cleveland,switzerland,mirrams_equation9,mirrams,0,"{""d_model"": 64, ""dropout"": 0.1, ""evaluation_interval"": 5, ""learning_rate"": 0.0001, ""max_epochs"": 120, ""mirrams_confidence"": 0.95, ""mirrams_lambda_1"": 15.0, ""mirrams_lambda_2"": 15.0, ""mirrams_mask_rate"": 0.1, ""n_heads"": 4, ""n_layers"": 2, ""patience_evaluations"": 8, ""validation_mask_replicates"": 2, ""weight_decay"": 0.001}",5064,empirical_source,1,123.0,0.9349593495934959,0.7119565217391304,0.9638671525938767,0.6683029389333724,0.6455985254434053,0.23987996603955225,0.2274334291185365,0.5528455284552846,0.6445652173913043,0.6927374301675978,0.96875,0.5391304347826087,0.22608695652173913,2.804459039793255,1.1833474255824639,0.30721838369551885
cleveland,switzerland,mirrams_equation9,mirrams,0,"{""d_model"": 64, ""dropout"": 0.1, ""evaluation_interval"": 5, ""learning_rate"": 0.0001, ""max_epochs"": 120, ""mirrams_confidence"": 0.95, ""mirrams_lambda_1"": 15.0, ""mirrams_lambda_2"": 15.0, ""mirrams_mask_rate"": 0.1, ""n_heads"": 4, ""n_layers"": 2, ""patience_evaluations"": 8, ""validation_mask_replicates"": 2, ""weight_decay"": 0.001}",5064,empirical_source,2,123.0,0.9349593495934959,0.7130434782608696,0.9704231457815873,0.6791791581494103,0.6203746607141597,0.24421754184520542,0.21719747298425526,0.5528455284552846,0.6445652173913043,0.6927374301675978,0.96875,0.5391304347826087,0.3652173913043478,2.879075366481275,1.2224717410685122,0.3210187896802555
cleveland,switzerland,mirrams_equation9,mirrams,0,"{""d_model"": 64, ""dropout"": 0.1, ""evaluation_interval"": 5, ""learning_rate"": 0.0001, ""max_epochs"": 120, ""mirrams_confidence"": 0.95, ""mirrams_lambda_1"": 15.0, ""mirrams_lambda_2"": 15.0, ""mirrams_mask_rate"": 0.1, ""n_heads"": 4, ""n_layers"": 2, ""patience_evaluations"": 8, ""validation_mask_replicates"": 2, ""weight_decay"": 0.001}",5064,empirical_source,3,123.0,0.9349593495934959,0.7010869565217391,0.969580511975363,0.6767992829419734,0.6223440101529056,0.24378999207858418,0.21852279213480022,0.5365853658536586,0.6358695652173914,0.6779661016949152,0.967741935483871,0.5217391304347826,0.3391304347826087,2.864782310081579,1.2269793425071387,0.3144325341660573
cleveland,switzerland,mirrams_equation9,mirrams,0,"{""d_model"": 64, ""dropout"": 0.1, ""evaluation_interval"": 5, ""learning_rate"": 0.0001, ""max_epochs"": 120, ""mirrams_confidence"": 0.95, ""mirrams_lambda_1"": 15.0, ""mirrams_lambda_2"": 15.0, ""mirrams_mask_rate"": 0.1, ""n_heads"": 4, ""n_layers"": 2, ""patience_evaluations"": 8, ""validation_mask_replicates"": 2, ""weight_decay"": 0.001}",5064,empirical_source,4,123.0,0.9349593495934959,0.7619565217391304,0.9788859077952041,0.6528898235951146,0.5844169450577944,0.23287952123624417,0.1998626126166663,0.5691056910569106,0.7114130434782608,0.7039106145251397,0.984375,0.5478260869565217,0.5826086956521739,2.9910807234477446,1.721594004992244,0.28705139684877434
cleveland,switzerland,mirrams_equation9,mirrams,0,"{""d_model"": 64, ""dropout"": 0.1, ""evaluation_interval"": 5, ""learning_rate"": 0.0001, ""max_epochs"": 120, ""mirrams_confidence"": 0.95, ""mirrams_lambda_1"": 15.0, ""mirrams_lambda_2"": 15.0, ""mirrams_mask_rate"": 0.1, ""n_heads"": 4, ""n_layers"": 2, ""patience_evaluations"": 8, ""validation_mask_replicates"": 2, ""weight_decay"": 0.001}",5064,mar_age_sex_30,0,123.0,0.9349593495934959,0.7673913043478261,0.9685121826717673,0.6883031178834207,0.604143169289888,0.24728891934753647,0.20744316371019983,0.5934959349593496,0.7244565217391304,0.7252747252747253,0.9850746268656716,0.5739130434782609,0.6347826086956522,3.1057758862022964,1.6478896169871105,0.36954643114584423
cleveland,switzerland,mirrams_equation9,mirrams,0,"{""d_model"": 64, ""dropout"": 0.1, ""evaluation_interval"": 5, ""learning_rate"": 0.0001, ""max_epochs"": 120, ""mirrams_confidence"": 0.95, ""mirrams_lambda_1"": 15.0, ""mirrams_lambda_2"": 15.0, ""mirrams_mask_rate"": 0.1, ""n_heads"": 4, ""n_layers"": 2, ""patience_evaluations"": 8, ""validation_mask_replicates"": 2, ""weight_decay"": 0.001}",5064,mar_age_sex_30,1,123.0,0.9349593495934959,0.7456521739130435,0.9730657563147298,0.7053725609653216,0.6070139684916089,0.25671602911361585,0.21077335093598154,0.5203252032520326,0.6271739130434782,0.6628571428571428,0.9666666666666667,0.5043478260869565,0.4956521739130435,3.148965109123015,1.6591946396622947,0.38300186641156236
cleveland,switzerland,mirrams_equation9,mirrams,0,"{""d_model"": 64, ""dropout"": 0.1, ""evaluation_interval"": 5, ""learning_rate"": 0.0001, ""max_epochs"": 120, ""mirrams_confidence"": 0.95, ""mirrams_lambda_1"": 15.0, ""mirrams_lambda_2"": 15.0, ""mirrams_mask_rate"": 0.1, ""n_heads"": 4, ""n_layers"": 2, ""patience_evaluations"": 8, ""validation_mask_replicates"": 2, ""weight_decay"": 0.001}",5064,mar_age_sex_30,2,123.0,0.9349593495934959,0.7739130434782608,0.9794186505323574,0.6982267653064621,0.5888358761099423,0.25271177868717626,0.20223027090034315,0.5447154471544715,0.6983695652173914,0.6818181818181818,0.9836065573770492,0.5217391304347826,0.5217391304347826,3.2411556238254926,1.8079972015178694,0.3639008586072407
cleveland,switzerland,mirrams_equation9,mirrams,0,"{""d_model"": 64, ""dropout"": 0.1, ""evaluation_interval"": 5, ""learning_rate"": 0.0001, ""max_epochs"": 120, ""mirrams_confidence"": 0.95, ""mirrams_lambda_1"": 15.0, ""mirrams_lambda_2"": 15.0, ""mirrams_mask_rate"": 0.1, ""n_heads"": 4, ""n_layers"": 2, ""patience_evaluations"": 8, ""validation_mask_replicates"": 2, ""weight_decay"": 0.001}",5064,mar_age_sex_30,3,123.0,0.9349593495934959,0.8119565217391305,0.9825672823907086,0.6851991613522824,0.5669726593586258,0.24666816810832826,0.19243262662901509,0.5691056910569106,0.7114130434782608,0.7039106145251397,0.984375,0.5478260869565217,0.6869565217391305,3.5869577109630564,2.4517481182454444,0.3431729485615821
cleveland,switzerland,mirrams_equation9,mirrams,0,"{""d_model"": 64, ""dropout"": 0.1, ""evaluation_interval"": 5, ""learning_rate"": 0.0001, ""max_epochs"": 120, ""mirrams_confidence"": 0.95, ""mirrams_lambda_1"": 15.0, ""mirrams_lambda_2"": 15.0, ""mirrams_mask_rate"": 0.1, ""n_heads"": 4, ""n_layers"": 2, ""patience_evaluations"": 8, ""validation_mask_replicates"": 2, ""weight_decay"": 0.001}",5064,mar_age_sex_30,4,123.0,0.9349593495934959,0.8021739130434783,0.978927194211638,0.6643733575005246,0.567988089441978,0.23709905382506172,0.1928535183034616,0.5934959349593496,0.7244565217391304,0.7252747252747253,0.9850746268656716,0.5739130434782609,0.7391304347826086,3.3224257364843783,2.118068526543084,0.31603826096272153
cleveland,switzerland,mirrams_equation9,mirrams,0,"{""d_model"": 64, ""dropout"": 0.1, ""evaluation_interval"": 5, ""learning_rate"": 0.0001, ""max_epochs"": 120, ""mirrams_confidence"": 0.95, ""mirrams_lambda_1"": 15.0, ""mirrams_lambda_2"": 15.0, ""mirrams_mask_rate"": 0.1, ""n_heads"": 4, ""n_layers"": 2, ""patience_evaluations"": 8, ""validation_mask_replicates"": 2, ""weight_decay"": 0.001}",5064,mcar_10,0,123.0,0.9349593495934959,0.7304347826086957,0.9736047896786287,0.6299641147612063,0.5998269406422769,0.2218766969360813,0.20833285976104765,0.6178861788617886,0.6793478260869565,0.7486631016042781,0.9722222222222222,0.6086956521739131,0.33043478260869563,2.800353805144062,1.3045933655873658,0.2395390847389362
cleveland,switzerland,mirrams_equation9,mirrams,0,"{""d_model"": 64, ""dropout"": 0.1, ""evaluation_interval"": 5, ""learning_rate"": 0.0001, ""max_epochs"": 120, ""mirrams_confidence"": 0.95, ""mirrams_lambda_1"": 15.0, ""mirrams_lambda_2"": 15.0, ""mirrams_mask_rate"": 0.1, ""n_heads"": 4, ""n_layers"": 2, ""patience_evaluations"": 8, ""validation_mask_replicates"": 2, ""weight_decay"": 0.001}",5064,mcar_10,1,123.0,0.9349593495934959,0.7336956521739131,0.9713327060938528,0.6416397301184849,0.6120690609499688,0.22699671530643903,0.21280159943059235,0.6422764227642277,0.692391304347826,0.7684210526315789,0.9733333333333334,0.6347826086956522,0.391304347826087,2.8072585385790667,1.237521177995409,0.260169748717737
cleveland,switzerland,mirrams_equation9,mirrams,0,"{""d_model"": 64, ""dropout"": 0.1, ""evaluation_interval"": 5, ""learning_rate"": 0.0001, ""max_epochs"": 120, ""mirrams_confidence"": 0.95, ""mirrams_lambda_1"": 15.0, ""mirrams_lambda_2"": 15.0, ""mirrams_mask_rate"": 0.1, ""n_heads"": 4, ""n_layers"": 2, ""patience_evaluations"": 8, ""validation_mask_replicates"": 2, ""weight_decay"": 0.001}",5064,mcar_10,2,123.0,0.9349593495934959,0.7467391304347826,0.9752737731339052,0.6489660632608628,0.5937675827696848,0.2300917599139574,0.2052345071352398,0.5934959349593496,0.6081521739130435,0.7311827956989247,0.9577464788732394,0.591304347826087,0.5304347826086957,2.9150632439658617,1.4340077471504529,0.2738776464681193
cleveland,switzerland,mirrams_equation9,mirrams,0,"{""d_model"": 64, ""dropout"": 0.1, ""evaluation_interval"": 5, ""learning_rate"": 0.0001, ""max_epochs"": 120, ""mirrams_confidence"": 0.95, ""mirrams_lambda_1"": 15.0, ""mirrams_lambda_2"": 15.0, ""mirrams_mask_rate"": 0.1, ""n_heads"": 4, ""n_layers"": 2, ""patience_evaluations"": 8, ""validation_mask_replicates"": 2, ""weight_decay"": 0.001}",5064,mcar_10,3,123.0,0.9349593495934959,0.7141304347826087,0.9702965921571045,0.6512538932333122,0.6125153644319575,0.23151890003806339,0.21458923762117793,0.6016260162601627,0.6125,0.7379679144385026,0.9583333333333334,0.6,0.3739130434782609,2.8479943964299044,1.2756384164182941,0.2715978363375054
cleveland,switzerland,mirrams_equation9,mirrams,0,"{""d_model"": 64, ""dropout"": 0.1, ""evaluation_interval"": 5, ""learning_rate"": 0.0001, ""max_epochs"": 120, ""mirrams_confidence"": 0.95, ""mirrams_lambda_1"": 15.0, ""mirrams_lambda_2"": 15.0, ""mirrams_mask_rate"": 0.1, ""n_heads"": 4, ""n_layers"": 2, ""patience_evaluations"": 8, ""validation_mask_replicates"": 2, ""weight_decay"": 0.001}",5064,mcar_10,4,123.0,0.9349593495934959,0.725,0.9648329076421077,0.6322902715319897,0.6243963337032112,0.22268224879107432,0.21712490020993316,0.6341463414634146,0.6880434782608695,0.7619047619047619,0.972972972972973,0.6260869565217392,0.3217391304347826,2.741248666379837,1.1695275893780472,0.25675931959022336
cleveland,switzerland,mirrams_equation9,mirrams,0,"{""d_model"": 64, ""dropout"": 0.1, ""evaluation_interval"": 5, ""learning_rate"": 0.0001, ""max_epochs"": 120, ""mirrams_confidence"": 0.95, ""mirrams_lambda_1"": 15.0, ""mirrams_lambda_2"": 15.0, ""mirrams_mask_rate"": 0.1, ""n_heads"": 4, ""n_layers"": 2, ""patience_evaluations"": 8, ""validation_mask_replicates"": 2, ""weight_decay"": 0.001}",5064,mcar_30,0,123.0,0.9349593495934959,0.7402173913043478,0.971874850662596,0.6501134675313688,0.606673436358641,0.23080549450326088,0.21068447127060713,0.5853658536585366,0.6619565217391304,0.7213114754098361,0.9705882352941176,0.5739130434782609,0.3565217391304348,2.866149813643811,1.3116298477990027,0.27420224036127344
cleveland,switzerland,mirrams_equation9,mirrams,0,"{""d_model"": 64, ""dropout"": 0.1, ""evaluation_interval"": 5, ""learning_rate"": 0.0001, ""max_epochs"": 120, ""mirrams_confidence"": 0.95, ""mirrams_lambda_1"": 15.0, ""mirrams_lambda_2"": 15.0, ""mirrams_mask_rate"": 0.1, ""n_heads"": 4, ""n_layers"": 2, ""patience_evaluations"": 8, ""validation_mask_replicates"": 2, ""weight_decay"": 0.001}",5064,mcar_30,1,123.0,0.9349593495934959,0.782608695652174,0.9809569566756605,0.6689770918314811,0.5762589508772845,0.23926615164055529,0.19638100356531296,0.5772357723577236,0.7157608695652173,0.7111111111111111,0.9846153846153847,0.5565217391304348,0.5565217391304348,3.1270058925823556,1.7472771775210185,0.31390615982818415
cleveland,switzerland,mirrams_equation9,mirrams,0,"{""d_model"": 64, ""dropout"": 0.1, ""evaluation_interval"": 5, ""learning_rate"": 0.0001, ""max_epochs"": 120, ""mirrams_confidence"": 0.95, ""mirrams_lambda_1"": 15.0, ""mirrams_lambda_2"": 15.0, ""mirrams_mask_rate"": 0.1, ""n_heads"": 4, ""n_layers"": 2, ""patience_evaluations"": 8, ""validation_mask_replicates"": 2, ""weight_decay"": 0.001}",5064,mcar_30,2,123.0,0.9349593495934959,0.6891304347826087,0.9667047081660942,0.6623041320161043,0.6287921118745178,0.23626944355694604,0.22126982108140625,0.5853658536585366,0.6038043478260869,0.7243243243243244,0.9571428571428572,0.5826086956521739,0.26956521739130435,2.788739286755493,1.1495568336567084,0.30634858142388804
cleveland,switzerland,mirrams_equation9,mirrams,0,"{""d_model"": 64, ""dropout"": 0.1, ""evaluation_interval"": 5, ""learning_rate"": 0.0001, ""max_epochs"": 120, ""mirrams_confidence"": 0.95, ""mirrams_lambda_1"": 15.0, ""mirrams_lambda_2"": 15.0, ""mirrams_mask_rate"": 0.1, ""n_heads"": 4, ""n_layers"": 2, ""patience_evaluations"": 8, ""validation_mask_replicates"": 2, ""weight_decay"": 0.001}",5064,mcar_30,3,123.0,0.9349593495934959,0.7510869565217391,0.9757343845626016,0.6794729343280325,0.5917534936544947,0.2450346013409731,0.20498452417132015,0.5365853658536586,0.6940217391304349,0.6742857142857143,0.9833333333333333,0.5130434782608696,0.5478260869565217,3.085343153258686,1.5495152538853803,0.3216516287834482
cleveland,switzerland,mirrams_equation9,mirrams,0,"{""d_model"": 64, ""dropout"": 0.1, ""evaluation_interval"": 5, ""learning_rate"": 0.0001, ""max_epochs"": 120, ""mirrams_confidence"": 0.95, ""mirrams_lambda_1"": 15.0, ""mirrams_lambda_2"": 15.0, ""mirrams_mask_rate"": 0.1, ""n_heads"": 4, ""n_layers"": 2, ""patience_evaluations"": 8, ""validation_mask_replicates"": 2, ""weight_decay"": 0.001}",5064,mcar_30,4,123.0,0.9349593495934959,0.8217391304347826,0.9847386877310246,0.6586124700619166,0.5601321903470974,0.23351399841463025,0.18756414743670874,0.6097560975609756,0.7331521739130435,0.7391304347826086,0.9855072463768116,0.591304347826087,0.6869565217391305,3.158233850372576,1.812319133760607,0.30398881697282887
cleveland,switzerland,mirrams_equation9,mirrams,0,"{""d_model"": 64, ""dropout"": 0.1, ""evaluation_interval"": 5, ""learning_rate"": 0.0001, ""max_epochs"": 120, ""mirrams_confidence"": 0.95, ""mirrams_lambda_1"": 15.0, ""mirrams_lambda_2"": 15.0, ""mirrams_mask_rate"": 0.1, ""n_heads"": 4, ""n_layers"": 2, ""patience_evaluations"": 8, ""validation_mask_replicates"": 2, ""weight_decay"": 0.001}",5064,mcar_50,0,123.0,0.9349593495934959,0.7413043478260869,0.9724630607502488,0.7315080468702702,0.616184776082959,0.2671190150239087,0.214610740066051,0.5121951219512195,0.6228260869565218,0.6551724137931034,0.9661016949152542,0.4956521739130435,0.2782608695652174,3.1181167797161766,1.4053363918109376,0.43421219393056854
cleveland,switzerland,mirrams_equation9,mirrams,0,"{""d_model"": 64, ""dropout"": 0.1, ""evaluation_interval"": 5, ""learning_rate"": 0.0001, ""max_epochs"": 120, ""mirrams_confidence"": 0.95, ""mirrams_lambda_1"": 15.0, ""mirrams_lambda_2"": 15.0, ""mirrams_mask_rate"": 0.1, ""n_heads"": 4, ""n_layers"": 2, ""patience_evaluations"": 8, ""validation_mask_replicates"": 2, ""weight_decay"": 0.001}",5064,mcar_50,1,123.0,0.9349593495934959,0.6597826086956521,0.9630650634807716,0.7101402300669059,0.6549881792830511,0.257408159111637,0.23168244957349082,0.5203252032520326,0.5690217391304349,0.6666666666666666,0.9516129032258065,0.5130434782608696,0.2608695652173913,2.778080217062492,0.8694690660096395,0.41393020392851987
cleveland,switzerland,mirrams_equation9,mirrams,0,"{""d_model"": 64, ""dropout"": 0.1, ""evaluation_interval"": 5, ""learning_rate"": 0.0001, ""max_epochs"": 120, ""mirrams_confidence"": 0.95, ""mirrams_lambda_1"": 15.0, ""mirrams_lambda_2"": 15.0, ""mirrams_mask_rate"": 0.1, ""n_heads"": 4, ""n_layers"": 2, ""patience_evaluations"": 8, ""validation_mask_replicates"": 2, ""weight_decay"": 0.001}",5064,mcar_50,2,123.0,0.9349593495934959,0.6043478260869566,0.9604394268514418,0.7458873257158509,0.6756772813313584,0.27436349339427557,0.24176022562669855,0.4959349593495935,0.6141304347826086,0.6395348837209303,0.9649122807017544,0.4782608695652174,0.33043478260869563,2.7641926275688538,0.6326779559486158,0.46246203998738106
cleveland,switzerland,mirrams_equation9,mirrams,0,"{""d_model"": 64, ""dropout"": 0.1, ""evaluation_interval"": 5, ""learning_rate"": 0.0001, ""max_epochs"": 120, ""mirrams_confidence"": 0.95, ""mirrams_lambda_1"": 15.0, ""mirrams_lambda_2"": 15.0, ""mirrams_mask_rate"": 0.1, ""n_heads"": 4, ""n_layers"": 2, ""patience_evaluations"": 8, ""validation_mask_replicates"": 2, ""weight_decay"": 0.001}",5064,mcar_50,3,123.0,0.9349593495934959,0.7108695652173913,0.972955719444567,0.7622299427648671,0.6277116399891088,0.28236425715729185,0.22009393155189982,0.44715447154471544,0.6461956521739131,0.5853658536585366,0.9795918367346939,0.41739130434782606,0.4956521739130435,3.177281651284299,1.4313945349214556,0.48738255235679545
cleveland,switzerland,mirrams_equation9,mirrams,0,"{""d_model"": 64, ""dropout"": 0.1, ""evaluation_interval"": 5, ""learning_rate"": 0.0001, ""max_epochs"": 120, ""mirrams_confidence"": 0.95, ""mirrams_lambda_1"": 15.0, ""mirrams_lambda_2"": 15.0, ""mirrams_mask_rate"": 0.1, ""n_heads"": 4, ""n_layers"": 2, ""patience_evaluations"": 8, ""validation_mask_replicates"": 2, ""weight_decay"": 0.001}",5064,mcar_50,4,123.0,0.9349593495934959,0.625,0.9572543227670558,0.7284958480763082,0.677001806110402,0.2671680592772892,0.24161296994027226,0.4796747967479675,0.5472826086956522,0.627906976744186,0.9473684210526315,0.46956521739130436,0.4,2.7489004197885505,0.6910524167090899,0.443078761174789
cleveland,switzerland,mirrams_equation9,mirrams,0,"{""d_model"": 64, ""dropout"": 0.1, ""evaluation_interval"": 5, ""learning_rate"": 0.0001, ""max_epochs"": 120, ""mirrams_confidence"": 0.95, ""mirrams_lambda_1"": 15.0, ""mirrams_lambda_2"": 15.0, ""mirrams_mask_rate"": 0.1, ""n_heads"": 4, ""n_layers"": 2, ""patience_evaluations"": 8, ""validation_mask_replicates"": 2, ""weight_decay"": 0.001}",5064,natural,0,123.0,0.9349593495934959,0.7445652173913043,0.9746607531983986,0.6255525440861601,0.5934452325466034,0.22011504737237017,0.20559419501590634,0.6341463414634146,0.6880434782608695,0.7619047619047619,0.972972972972973,0.6260869565217392,0.34782608695652173,2.8292059245160033,1.3789394637904722,0.23742182114384766
cleveland,va_long_beach,mirrams_equation9,mirrams,0,"{""d_model"": 64, ""dropout"": 0.1, ""evaluation_interval"": 5, ""learning_rate"": 0.0001, ""max_epochs"": 120, ""mirrams_confidence"": 0.95, ""mirrams_lambda_1"": 15.0, ""mirrams_lambda_2"": 15.0, ""mirrams_mask_rate"": 0.1, ""n_heads"": 4, ""n_layers"": 2, ""patience_evaluations"": 8, ""validation_mask_replicates"": 2, ""weight_decay"": 0.001}",5062,drop_advanced,0,200.0,0.745,0.7018028687985262,0.8295831582475748,0.5509726092686911,0.6555307498587114,0.18175251358017733,0.23042113098351322,0.8,0.6723253059613107,0.8742138364779874,0.8224852071005917,0.9328859060402684,0.3959731543624161,0.2783167747194661,1.7378306950642586,0.17334790827755198
cleveland,va_long_beach,mirrams_equation9,mirrams,0,"{""d_model"": 64, ""dropout"": 0.1, ""evaluation_interval"": 5, ""learning_rate"": 0.0001, ""max_epochs"": 120, ""mirrams_confidence"": 0.95, ""mirrams_lambda_1"": 15.0, ""mirrams_lambda_2"": 15.0, ""mirrams_mask_rate"": 0.1, ""n_heads"": 4, ""n_layers"": 2, ""patience_evaluations"": 8, ""validation_mask_replicates"": 2, ""weight_decay"": 0.001}",5062,drop_exercise,0,200.0,0.745,0.6287669430188183,0.8213678560968767,0.6243466021548482,0.6736243563078861,0.21684142865027486,0.24017375299645388,0.685,0.620936965390183,0.7804878048780488,0.8115942028985508,0.7516778523489933,0.3825503355704698,0.8527040719548592,1.0498741098798312,0.2351850342284049
cleveland,va_long_beach,mirrams_equation9,mirrams,0,"{""d_model"": 64, ""dropout"": 0.1, ""evaluation_interval"": 5, ""learning_rate"": 0.0001, ""max_epochs"": 120, ""mirrams_confidence"": 0.95, ""mirrams_lambda_1"": 15.0, ""mirrams_lambda_2"": 15.0, ""mirrams_mask_rate"": 0.1, ""n_heads"": 4, ""n_layers"": 2, ""patience_evaluations"": 8, ""validation_mask_replicates"": 2, ""weight_decay"": 0.001}",5062,drop_routine,0,200.0,0.745,0.71581787077247,0.8658644580633896,0.5434712574120172,0.7010230823037948,0.1791895260852003,0.2537291537107105,0.755,0.5196078431372549,0.8587896253602305,0.7525252525252525,1.0,0.3691275167785235,-0.7844424690578361,2.7265237922937082,0.14493305982993382
cleveland,va_long_beach,mirrams_equation9,mirrams,0,"{""d_model"": 64, ""dropout"": 0.1, ""evaluation_interval"": 5, ""learning_rate"": 0.0001, ""max_epochs"": 120, ""mirrams_confidence"": 0.95, ""mirrams_lambda_1"": 15.0, ""mirrams_lambda_2"": 15.0, ""mirrams_mask_rate"": 0.1, ""n_heads"": 4, ""n_layers"": 2, ""patience_evaluations"": 8, ""validation_mask_replicates"": 2, ""weight_decay"": 0.001}",5062,empirical_source,0,200.0,0.745,0.694236083695223,0.8303727338848665,0.5487693926509007,0.6648373392231319,0.1809696481412471,0.23482875958988048,0.785,0.6429135412554283,0.8660436137071651,0.8081395348837209,0.9328859060402684,0.4429530201342282,0.24779503706961295,1.6220298738338712,0.1735512975132209
cleveland,va_long_beach,mirrams_equation9,mirrams,0,"{""d_model"": 64, ""dropout"": 0.1, ""evaluation_interval"": 5, ""learning_rate"": 0.0001, ""max_epochs"": 120, ""mirrams_confidence"": 0.95, ""mirrams_lambda_1"": 15.0, ""mirrams_lambda_2"": 15.0, ""mirrams_mask_rate"": 0.1, ""n_heads"": 4, ""n_layers"": 2, ""patience_evaluations"": 8, ""validation_mask_replicates"": 2, ""weight_decay"": 0.001}",5062,empirical_source,1,200.0,0.745,0.7173312277931306,0.8408114051736792,0.5401476194285141,0.654522888756043,0.17695775822617296,0.23012816089645394,0.79,0.646269245953415,0.8695652173913043,0.8092485549132948,0.9395973154362416,0.3959731543624161,0.10822129646144232,1.9088589362446113,0.16147693298241728
cleveland,va_long_beach,mirrams_equation9,mirrams,0,"{""d_model"": 64, ""dropout"": 0.1, ""evaluation_interval"": 5, ""learning_rate"": 0.0001, ""max_epochs"": 120, ""mirrams_confidence"": 0.95, ""mirrams_lambda_1"": 15.0, ""mirrams_lambda_2"": 15.0, ""mirrams_mask_rate"": 0.1, ""n_heads"": 4, ""n_layers"": 2, ""patience_evaluations"": 8, ""validation_mask_replicates"": 2, ""weight_decay"": 0.001}",5062,empirical_source,2,200.0,0.745,0.7027240426371891,0.8400528522128137,0.5434582165124304,0.6580163347670425,0.17859007254643408,0.2318537910079769,0.78,0.6395578365574418,0.8625,0.8070175438596491,0.9261744966442953,0.3288590604026846,0.18423104202003324,1.75796824116594,0.1639877986501832
cleveland,va_long_beach,mirrams_equation9,mirrams,0,"{""d_model"": 64, ""dropout"": 0.1, ""evaluation_interval"": 5, ""learning_rate"": 0.0001, ""max_epochs"": 120, ""mirrams_confidence"": 0.95, ""mirrams_lambda_1"": 15.0, ""mirrams_lambda_2"": 15.0, ""mirrams_mask_rate"": 0.1, ""n_heads"": 4, ""n_layers"": 2, ""patience_evaluations"": 8, ""validation_mask_replicates"": 2, ""weight_decay"": 0.001}",5062,empirical_source,3,200.0,0.745,0.7012764837478617,0.8417552216197299,0.5446100645133511,0.6624001934846558,0.17932498949425166,0.2341046540725797,0.79,0.646269245953415,0.8695652173913043,0.8092485549132948,0.9395973154362416,0.38926174496644295,0.1972983232169799,1.6842452089947546,0.16255561203584457
cleveland,va_long_beach,mirrams_equation9,mirrams,0,"{""d_model"": 64, ""dropout"": 0.1, ""evaluation_interval"": 5, ""learning_rate"": 0.0001, ""max_epochs"": 120, ""mirrams_confidence"": 0.95, ""mirrams_lambda_1"": 15.0, ""mirrams_lambda_2"": 15.0, ""mirrams_mask_rate"": 0.1, ""n_heads"": 4, ""n_layers"": 2, ""patience_evaluations"": 8, ""validation_mask_replicates"": 2, ""weight_decay"": 0.001}",5062,empirical_source,4,200.0,0.745,0.7015396762731939,0.8455166984409217,0.5475709539270861,0.6646435154767599,0.1808216564874101,0.23556886168901497,0.77,0.613501776549546,0.8580246913580247,0.7942857142857143,0.9328859060402684,0.3624161073825503,0.1632921457234728,1.7639996766748225,0.15963049128127682
cleveland,va_long_beach,mirrams_equation9,mirrams,0,"{""d_model"": 64, ""dropout"": 0.1, ""evaluation_interval"": 5, ""learning_rate"": 0.0001, ""max_epochs"": 120, ""mirrams_confidence"": 0.95, ""mirrams_lambda_1"": 15.0, ""mirrams_lambda_2"": 15.0, ""mirrams_mask_rate"": 0.1, ""n_heads"": 4, ""n_layers"": 2, ""patience_evaluations"": 8, ""validation_mask_replicates"": 2, ""weight_decay"": 0.001}",5062,mar_age_sex_30,0,200.0,0.745,0.7010132912225294,0.8572312770041772,0.5566627541948196,0.6583183423366186,0.18494316134135982,0.233033913550748,0.765,0.6230425055928411,0.8526645768025078,0.8,0.912751677852349,0.3221476510067114,0.26035016099194863,1.8005328582843567,0.15238817268065993
cleveland,va_long_beach,mirrams_equation9,mirrams,0,"{""d_model"": 64, ""dropout"": 0.1, ""evaluation_interval"": 5, ""learning_rate"": 0.0001, ""max_epochs"": 120, ""mirrams_confidence"": 0.95, ""mirrams_lambda_1"": 15.0, ""mirrams_lambda_2"": 15.0, ""mirrams_mask_rate"": 0.1, ""n_heads"": 4, ""n_layers"": 2, ""patience_evaluations"": 8, ""validation_mask_replicates"": 2, ""weight_decay"": 0.001}",5062,mar_age_sex_30,1,200.0,0.745,0.6910119752599025,0.8447250643714963,0.5643898381479228,0.6706287285268344,0.18852032093468524,0.23879343105520695,0.745,0.5773786024476905,0.8430769230769231,0.7784090909090909,0.9194630872483222,0.46308724832214765,0.30110218443162295,1.6615556224663204,0.1646031586063858
cleveland,va_long_beach,mirrams_equation9,mirrams,0,"{""d_model"": 64, ""dropout"": 0.1, ""evaluation_interval"": 5, ""learning_rate"": 0.0001, ""max_epochs"": 120, ""mirrams_confidence"": 0.95, ""mirrams_lambda_1"": 15.0, ""mirrams_lambda_2"": 15.0, ""mirrams_mask_rate"": 0.1, ""n_heads"": 4, ""n_layers"": 2, ""patience_evaluations"": 8, ""validation_mask_replicates"": 2, ""weight_decay"": 0.001}",5062,mar_age_sex_30,2,200.0,0.745,0.7283853138570864,0.8776060627927753,0.5548078043620064,0.651937398487622,0.1840317059532245,0.23032736979104057,0.775,0.6233056981181735,0.8606811145510835,0.7988505747126436,0.9328859060402684,0.47651006711409394,0.12134071847845206,2.19637395914068,0.13281992652783434
cleveland,va_long_beach,mirrams_equation9,mirrams,0,"{""d_model"": 64, ""dropout"": 0.1, ""evaluation_interval"": 5, ""learning_rate"": 0.0001, ""max_epochs"": 120, ""mirrams_confidence"": 0.95, ""mirrams_lambda_1"": 15.0, ""mirrams_lambda_2"": 15.0, ""mirrams_mask_rate"": 0.1, ""n_heads"": 4, ""n_layers"": 2, ""patience_evaluations"": 8, ""validation_mask_replicates"": 2, ""weight_decay"": 0.001}",5062,mar_age_sex_30,3,200.0,0.745,0.6915383603105671,0.8485773454215533,0.563669957486927,0.6655332867525146,0.18799599281324395,0.23632377089301843,0.765,0.6101460718515594,0.8544891640866873,0.7931034482758621,0.9261744966442953,0.40939597315436244,0.27049693646344525,1.8027450879649562,0.1597426254198644
cleveland,va_long_beach,mirrams_equation9,mirrams,0,"{""d_model"": 64, ""dropout"": 0.1, ""evaluation_interval"": 5, ""learning_rate"": 0.0001, ""max_epochs"": 120, ""mirrams_confidence"": 0.95, ""mirrams_lambda_1"": 15.0, ""mirrams_lambda_2"": 15.0, ""mirrams_mask_rate"": 0.1, ""n_heads"": 4, ""n_layers"": 2, ""patience_evaluations"": 8, ""validation_mask_replicates"": 2, ""weight_decay"": 0.001}",5062,mar_age_sex_30,4,200.0,0.745,0.6671272535859981,0.8358927563041514,0.5647996837769709,0.6811915299125288,0.18856412074827353,0.24352084207037605,0.77,0.6006053428082643,0.8597560975609756,0.7877094972067039,0.9463087248322147,0.3691275167785235,0.35540890300606964,1.4130908008144238,0.1766818321953763
cleveland,va_long_beach,mirrams_equation9,mirrams,0,"{""d_model"": 64, ""dropout"": 0.1, ""evaluation_interval"": 5, ""learning_rate"": 0.0001, ""max_epochs"": 120, ""mirrams_confidence"": 0.95, ""mirrams_lambda_1"": 15.0, ""mirrams_lambda_2"": 15.0, ""mirrams_mask_rate"": 0.1, ""n_heads"": 4, ""n_layers"": 2, ""patience_evaluations"": 8, ""validation_mask_replicates"": 2, ""weight_decay"": 0.001}",5062,mcar_10,0,200.0,0.745,0.7272009474930913,0.8598645419855904,0.5473169208280362,0.6388487861353243,0.1804822722614866,0.2233643331108045,0.785,0.6493617581260692,0.8652037617554859,0.8117647058823529,0.9261744966442953,0.4563758389261745,0.29433112293495994,1.911289377659927,0.14380888947075582
cleveland,va_long_beach,mirrams_equation9,mirrams,0,"{""d_model"": 64, ""dropout"": 0.1, ""evaluation_interval"": 5, ""learning_rate"": 0.0001, ""max_epochs"": 120, ""mirrams_confidence"": 0.95, ""mirrams_lambda_1"": 15.0, ""mirrams_lambda_2"": 15.0, ""mirrams_mask_rate"": 0.1, ""n_heads"": 4, ""n_layers"": 2, ""patience_evaluations"": 8, ""validation_mask_replicates"": 2, ""weight_decay"": 0.001}",5062,mcar_10,1,200.0,0.745,0.6579155151993683,0.8255764431325064,0.5724580441014023,0.6760074080996614,0.19211058203309697,0.24075375385768216,0.775,0.6362021318594552,0.8589341692789969,0.8058823529411765,0.9194630872483222,0.348993288590604,0.478336817694083,1.3382974899054214,0.18156573789958258
cleveland,va_long_beach,mirrams_equation9,mirrams,0,"{""d_model"": 64, ""dropout"": 0.1, ""evaluation_interval"": 5, ""learning_rate"": 0.0001, ""max_epochs"": 120, ""mirrams_confidence"": 0.95, ""mirrams_lambda_1"": 15.0, ""mirrams_lambda_2"": 15.0, ""mirrams_mask_rate"": 0.1, ""n_heads"": 4, ""n_layers"": 2, ""patience_evaluations"": 8, ""validation_mask_replicates"": 2, ""weight_decay"": 0.001}",5062,mcar_10,2,200.0,0.745,0.7090406632451639,0.8621116391187806,0.5575275616597466,0.6528828596850502,0.18541335388909594,0.2303390141933628,0.78,0.6460060534280827,0.8616352201257862,0.8106508875739645,0.9194630872483222,0.42953020134228187,0.3345807558677382,1.7433032074138486,0.15058023720684918
cleveland,va_long_beach,mirrams_equation9,mirrams,0,"{""d_model"": 64, ""dropout"": 0.1, ""evaluation_interval"": 5, ""learning_rate"": 0.0001, ""max_epochs"": 120, ""mirrams_confidence"": 0.95, ""mirrams_lambda_1"": 15.0, ""mirrams_lambda_2"": 15.0, ""mirrams_mask_rate"": 0.1, ""n_heads"": 4, ""n_layers"": 2, ""patience_evaluations"": 8, ""validation_mask_replicates"": 2, ""weight_decay"": 0.001}",5062,mcar_10,3,200.0,0.745,0.6840373733385972,0.8470517437190788,0.5690877255961776,0.6610622883872702,0.19084675628701075,0.23421335633555435,0.75,0.6129753914988815,0.8417721518987342,0.7964071856287425,0.8926174496644296,0.37583892617449666,0.4692157934305607,1.4946599707368566,0.16679155072982482
cleveland,va_long_beach,mirrams_equation9,mirrams,0,"{""d_model"": 64, ""dropout"": 0.1, ""evaluation_interval"": 5, ""learning_rate"": 0.0001, ""max_epochs"": 120, ""mirrams_confidence"": 0.95, ""mirrams_lambda_1"": 15.0, ""mirrams_lambda_2"": 15.0, ""mirrams_mask_rate"": 0.1, ""n_heads"": 4, ""n_layers"": 2, ""patience_evaluations"": 8, ""validation_mask_replicates"": 2, ""weight_decay"": 0.001}",5062,mcar_10,4,200.0,0.745,0.7156204763784708,0.8570170861685926,0.5566000140498953,0.6485147195474417,0.18479455897654412,0.22803200962810116,0.775,0.649098565600737,0.8571428571428571,0.8132530120481928,0.9060402684563759,0.4563758389261745,0.3424766325297803,1.784442519181523,0.15365845881919582
cleveland,va_long_beach,mirrams_equation9,mirrams,0,"{""d_model"": 64, ""dropout"": 0.1, ""evaluation_interval"": 5, ""learning_rate"": 0.0001, ""max_epochs"": 120, ""mirrams_confidence"": 0.95, ""mirrams_lambda_1"": 15.0, ""mirrams_lambda_2"": 15.0, ""mirrams_mask_rate"": 0.1, ""n_heads"": 4, ""n_layers"": 2, ""patience_evaluations"": 8, ""validation_mask_replicates"": 2, ""weight_decay"": 0.001}",5062,mcar_30,0,200.0,0.745,0.6807474667719436,0.8601845034899513,0.5787690505990458,0.6628547369476369,0.19560788639138593,0.23552159380663865,0.725,0.5897486511383077,0.8242811501597445,0.7865853658536586,0.8657718120805369,0.44966442953020136,0.5518156704450776,1.4018657740560945,0.16124024502819023
cleveland,va_long_beach,mirrams_equation9,mirrams,0,"{""d_model"": 64, ""dropout"": 0.1, ""evaluation_interval"": 5, ""learning_rate"": 0.0001, ""max_epochs"": 120, ""mirrams_confidence"": 0.95, ""mirrams_lambda_1"": 15.0, ""mirrams_lambda_2"": 15.0, ""mirrams_mask_rate"": 0.1, ""n_heads"": 4, ""n_layers"": 2, ""patience_evaluations"": 8, ""validation_mask_replicates"": 2, ""weight_decay"": 0.001}",5062,mcar_30,1,200.0,0.745,0.6853533359652587,0.8548236979571691,0.5867898438800364,0.655465989191046,0.19958914750974976,0.2319830637014226,0.72,0.5992893801816028,0.8181818181818182,0.7924528301886793,0.8456375838926175,0.5302013422818792,0.675418979829332,1.2893730327524204,0.18236916692204122
cleveland,va_long_beach,mirrams_equation9,mirrams,0,"{""d_model"": 64, ""dropout"": 0.1, ""evaluation_interval"": 5, ""learning_rate"": 0.0001, ""max_epochs"": 120, ""mirrams_confidence"": 0.95, ""mirrams_lambda_1"": 15.0, ""mirrams_lambda_2"": 15.0, ""mirrams_mask_rate"": 0.1, ""n_heads"": 4, ""n_layers"": 2, ""patience_evaluations"": 8, ""validation_mask_replicates"": 2, ""weight_decay"": 0.001}",5062,mcar_30,2,200.0,0.745,0.6908803789972364,0.8495147544401314,0.5796086806192214,0.6565024499928831,0.19597103922367537,0.23206645994522707,0.705,0.6085669166995658,0.802675585284281,0.8,0.8053691275167785,0.5167785234899329,0.6012863177932838,1.3769330134106395,0.17637781369023947
cleveland,va_long_beach,mirrams_equation9,mirrams,0,"{""d_model"": 64, ""dropout"": 0.1, ""evaluation_interval"": 5, ""learning_rate"": 0.0001, ""max_epochs"": 120, ""mirrams_confidence"": 0.95, ""mirrams_lambda_1"": 15.0, ""mirrams_lambda_2"": 15.0, ""mirrams_mask_rate"": 0.1, ""n_heads"": 4, ""n_layers"": 2, ""patience_evaluations"": 8, ""validation_mask_replicates"": 2, ""weight_decay"": 0.001}",5062,mcar_30,3,200.0,0.745,0.6520594815107252,0.824301946021448,0.5864712098324605,0.6756753158050248,0.19895290159464324,0.24081973958396452,0.73,0.6124490064482169,0.8246753246753247,0.7987421383647799,0.8523489932885906,0.38926174496644295,0.6226703586971293,1.1695506701970941,0.19478312916589102
cleveland,va_long_beach,mirrams_equation9,mirrams,0,"{""d_model"": 64, ""dropout"": 0.1, ""evaluation_interval"": 5, ""learning_rate"": 0.0001, ""max_epochs"": 120, ""mirrams_confidence"": 0.95, ""mirrams_lambda_1"": 15.0, ""mirrams_lambda_2"": 15.0, ""mirrams_mask_rate"": 0.1, ""n_heads"": 4, ""n_layers"": 2, ""patience_evaluations"": 8, ""validation_mask_replicates"": 2, ""weight_decay"": 0.001}",5062,mcar_30,4,200.0,0.745,0.6816686406106067,0.8492808068347567,0.5755689234981076,0.659642106707524,0.19405451663172865,0.23355578975692495,0.75,0.6323200421108041,0.8387096774193549,0.8074534161490683,0.87248322147651,0.3825503355704698,0.526802468688781,1.5039782531254233,0.16330348226714445
cleveland,va_long_beach,mirrams_equation9,mirrams,0,"{""d_model"": 64, ""dropout"": 0.1, ""evaluation_interval"": 5, ""learning_rate"": 0.0001, ""max_epochs"": 120, ""mirrams_confidence"": 0.95, ""mirrams_lambda_1"": 15.0, ""mirrams_lambda_2"": 15.0, ""mirrams_mask_rate"": 0.1, ""n_heads"": 4, ""n_layers"": 2, ""patience_evaluations"": 8, ""validation_mask_replicates"": 2, ""weight_decay"": 0.001}",5062,mcar_50,0,200.0,0.745,0.6187656270561916,0.8173764784955224,0.6079279640583348,0.6848568409087008,0.20900144902741133,0.24537775878485724,0.67,0.5528358994604553,0.7814569536423841,0.7712418300653595,0.7919463087248322,0.31543624161073824,0.7940145902207714,0.842259116760477,0.22738989411735816
cleveland,va_long_beach,mirrams_equation9,mirrams,0,"{""d_model"": 64, ""dropout"": 0.1, ""evaluation_interval"": 5, ""learning_rate"": 0.0001, ""max_epochs"": 120, ""mirrams_confidence"": 0.95, ""mirrams_lambda_1"": 15.0, ""mirrams_lambda_2"": 15.0, ""mirrams_mask_rate"": 0.1, ""n_heads"": 4, ""n_layers"": 2, ""patience_evaluations"": 8, ""validation_mask_replicates"": 2, ""weight_decay"": 0.001}",5062,mcar_50,1,200.0,0.745,0.6825240163179366,0.8464749311123341,0.594816970935587,0.654591533302719,0.20315320757151725,0.23101103064999629,0.68,0.5853401763389919,0.7837837837837838,0.7891156462585034,0.7785234899328859,0.5436241610738255,0.7454595760415023,1.2324812001233334,0.19615844906114877
cleveland,va_long_beach,mirrams_equation9,mirrams,0,"{""d_model"": 64, ""dropout"": 0.1, ""evaluation_interval"": 5, ""learning_rate"": 0.0001, ""max_epochs"": 120, ""mirrams_confidence"": 0.95, ""mirrams_lambda_1"": 15.0, ""mirrams_lambda_2"": 15.0, ""mirrams_mask_rate"": 0.1, ""n_heads"": 4, ""n_layers"": 2, ""patience_evaluations"": 8, ""validation_mask_replicates"": 2, ""weight_decay"": 0.001}",5062,mcar_50,2,200.0,0.745,0.6128437952362152,0.830598454036143,0.6178700673848596,0.6864385930680773,0.21411333733026872,0.24670638345090806,0.665,0.5494801947624688,0.7774086378737541,0.7697368421052632,0.785234899328859,0.3959731543624161,0.851464574032164,0.7292943889749878,0.23507693675240854
cleveland,va_long_beach,mirrams_equation9,mirrams,0,"{""d_model"": 64, ""dropout"": 0.1, ""evaluation_interval"": 5, ""learning_rate"": 0.0001, ""max_epochs"": 120, ""mirrams_confidence"": 0.95, ""mirrams_lambda_1"": 15.0, ""mirrams_lambda_2"": 15.0, ""mirrams_mask_rate"": 0.1, ""n_heads"": 4, ""n_layers"": 2, ""patience_evaluations"": 8, ""validation_mask_replicates"": 2, ""weight_decay"": 0.001}",5062,mcar_50,3,200.0,0.745,0.6412027898407686,0.819876323795985,0.6027546324873827,0.6764341541074115,0.2066402727408543,0.24135364052673094,0.695,0.6018555073035925,0.7946127946127947,0.7972972972972973,0.7919463087248322,0.3825503355704698,0.7678183036073992,0.9527740573021324,0.2239235137080699
cleveland,va_long_beach,mirrams_equation9,mirrams,0,"{""d_model"": 64, ""dropout"": 0.1, ""evaluation_interval"": 5, ""learning_rate"": 0.0001, ""max_epochs"": 120, ""mirrams_confidence"": 0.95, ""mirrams_lambda_1"": 15.0, ""mirrams_lambda_2"": 15.0, ""mirrams_mask_rate"": 0.1, ""n_heads"": 4, ""n_layers"": 2, ""patience_evaluations"": 8, ""validation_mask_replicates"": 2, ""weight_decay"": 0.001}",5062,mcar_50,4,200.0,0.745,0.5903408343203053,0.7933951334287108,0.6349194554058591,0.7035425774355298,0.22161102263378474,0.2543642771461498,0.63,0.50664561126464,0.7533333333333333,0.7483443708609272,0.7583892617449665,0.2751677852348993,0.9360176832886923,0.46887709128736,0.282158985202891
cleveland,va_long_beach,mirrams_equation9,mirrams,0,"{""d_model"": 64, ""dropout"": 0.1, ""evaluation_interval"": 5, ""learning_rate"": 0.0001, ""max_epochs"": 120, ""mirrams_confidence"": 0.95, ""mirrams_lambda_1"": 15.0, ""mirrams_lambda_2"": 15.0, ""mirrams_mask_rate"": 0.1, ""n_heads"": 4, ""n_layers"": 2, ""patience_evaluations"": 8, ""validation_mask_replicates"": 2, ""weight_decay"": 0.001}",5062,natural,0,200.0,0.745,0.7216739044611135,0.8506155706455397,0.5460499516439516,0.6489662314597141,0.179668467812777,0.22786490026638437,0.8,0.6723253059613107,0.8742138364779874,0.8224852071005917,0.9328859060402684,0.44966442953020136,0.18748852064058247,1.9381374932240385,0.15392281658931772
cleveland,va_long_beach,mirrams_equation9,mirrams,0,"{""d_model"": 64, ""dropout"": 0.1, ""evaluation_interval"": 5, ""learning_rate"": 0.0001, ""max_epochs"": 120, ""mirrams_confidence"": 0.95, ""mirrams_lambda_1"": 15.0, ""mirrams_lambda_2"": 15.0, ""mirrams_mask_rate"": 0.1, ""n_heads"": 4, ""n_layers"": 2, ""patience_evaluations"": 8, ""validation_mask_replicates"": 2, ""weight_decay"": 0.001}",5063,drop_advanced,0,200.0,0.745,0.7394393999210422,0.8753802935694798,0.5755611020186712,0.6191227122901775,0.1939699710488405,0.2141097822472064,0.755,0.7001579155151993,0.8316151202749141,0.852112676056338,0.8120805369127517,0.6241610738255033,0.7627943597616219,1.5410692094072698,0.1726460186469543
cleveland,va_long_beach,mirrams_equation9,mirrams,0,"{""d_model"": 64, ""dropout"": 0.1, ""evaluation_interval"": 5, ""learning_rate"": 0.0001, ""max_epochs"": 120, ""mirrams_confidence"": 0.95, ""mirrams_lambda_1"": 15.0, ""mirrams_lambda_2"": 15.0, ""mirrams_mask_rate"": 0.1, ""n_heads"": 4, ""n_layers"": 2, ""patience_evaluations"": 8, ""validation_mask_replicates"": 2, ""weight_decay"": 0.001}",5063,drop_exercise,0,200.0,0.745,0.6850901434399262,0.8289405042008438,0.6525035765984839,0.6507143008683498,0.2298818140185065,0.22884371582490115,0.66,0.6686406106066587,0.7404580152671756,0.8584070796460177,0.6510067114093959,0.5234899328859061,1.089297068240918,1.4451286607098355,0.33006970688152293
cleveland,va_long_beach,mirrams_equation9,mirrams,0,"{""d_model"": 64, ""dropout"": 0.1, ""evaluation_interval"": 5, ""learning_rate"": 0.0001, ""max_epochs"": 120, ""mirrams_confidence"": 0.95, ""mirrams_lambda_1"": 15.0, ""mirrams_lambda_2"": 15.0, ""mirrams_mask_rate"": 0.1, ""n_heads"": 4, ""n_layers"": 2, ""patience_evaluations"": 8, ""validation_mask_replicates"": 2, ""weight_decay"": 0.001}",5063,drop_routine,0,200.0,0.745,0.7227924726937754,0.8783424415014538,0.532232855218831,0.6722186279500626,0.17584785081219856,0.23973615175158208,0.73,0.5931043558362943,0.8280254777070064,0.7878787878787878,0.87248322147651,0.5570469798657718,0.23820101381423364,1.2933203008603489,0.13703270382456217
cleveland,va_long_beach,mirrams_equation9,mirrams,0,"{""d_model"": 64, ""dropout"": 0.1, ""evaluation_interval"": 5, ""learning_rate"": 0.0001, ""max_epochs"": 120, ""mirrams_confidence"": 0.95, ""mirrams_lambda_1"": 15.0, ""mirrams_lambda_2"": 15.0, ""mirrams_mask_rate"": 0.1, ""n_heads"": 4, ""n_layers"": 2, ""patience_evaluations"": 8, ""validation_mask_replicates"": 2, ""weight_decay"": 0.001}",5063,empirical_source,0,200.0,0.745,0.7270035530990919,0.8612640962128678,0.5831095588764361,0.6278040593734211,0.19731708930016267,0.21802002211444815,0.735,0.6738386629819713,0.8178694158075601,0.8380281690140845,0.7986577181208053,0.5503355704697986,0.7730540575445219,1.4559076943897789,0.18828712376352452
cleveland,va_long_beach,mirrams_equation9,mirrams,0,"{""d_model"": 64, ""dropout"": 0.1, ""evaluation_interval"": 5, ""learning_rate"": 0.0001, ""max_epochs"": 120, ""mirrams_confidence"": 0.95, ""mirrams_lambda_1"": 15.0, ""mirrams_lambda_2"": 15.0, ""mirrams_mask_rate"": 0.1, ""n_heads"": 4, ""n_layers"": 2, ""patience_evaluations"": 8, ""validation_mask_replicates"": 2, ""weight_decay"": 0.001}",5063,empirical_source,1,200.0,0.745,0.7404921700223714,0.8767464365173007,0.5763390848901155,0.6188182568557374,0.19446753677482362,0.21418056710673997,0.745,0.6934465061192262,0.8235294117647058,0.85,0.7986577181208053,0.5906040268456376,0.7542661849371205,1.5971669218243267,0.16987191267155471
cleveland,va_long_beach,mirrams_equation9,mirrams,0,"{""d_model"": 64, ""dropout"": 0.1, ""evaluation_interval"": 5, ""learning_rate"": 0.0001, ""max_epochs"": 120, ""mirrams_confidence"": 0.95, ""mirrams_lambda_1"": 15.0, ""mirrams_lambda_2"": 15.0, ""mirrams_mask_rate"": 0.1, ""n_heads"": 4, ""n_layers"": 2, ""patience_evaluations"": 8, ""validation_mask_replicates"": 2, ""weight_decay"": 0.001}",5063,empirical_source,2,200.0,0.745,0.711146203447822,0.8575216926102018,0.587588118287874,0.6338759222958663,0.1994461047430822,0.22087263856282233,0.74,0.6900908014212397,0.8194444444444444,0.8489208633093526,0.7919463087248322,0.4429530201342282,0.7911940911085131,1.3551620873533128,0.19155319482767014
cleveland,va_long_beach,mirrams_equation9,mirrams,0,"{""d_model"": 64, ""dropout"": 0.1, ""evaluation_interval"": 5, ""learning_rate"": 0.0001, ""max_epochs"": 120, ""mirrams_confidence"": 0.95, ""mirrams_lambda_1"": 15.0, ""mirrams_lambda_2"": 15.0, ""mirrams_mask_rate"": 0.1, ""n_heads"": 4, ""n_layers"": 2, ""patience_evaluations"": 8, ""validation_mask_replicates"": 2, ""weight_decay"": 0.001}",5063,empirical_source,3,200.0,0.745,0.7381892354257139,0.8784664874370797,0.5805935499257828,0.6221696293548342,0.1960981652818575,0.2154981202635256,0.76,0.7099618370838268,0.8344827586206897,0.8581560283687943,0.8120805369127517,0.4563758389261745,0.7679453558829233,1.5865626315092856,0.17228666630201195
cleveland,va_long_beach,mirrams_equation9,mirrams,0,"{""d_model"": 64, ""dropout"": 0.1, ""evaluation_interval"": 5, ""learning_rate"": 0.0001, ""max_epochs"": 120, ""mirrams_confidence"": 0.95, ""mirrams_lambda_1"": 15.0, ""mirrams_lambda_2"": 15.0, ""mirrams_mask_rate"": 0.1, ""n_heads"": 4, ""n_layers"": 2, ""patience_evaluations"": 8, ""validation_mask_replicates"": 2, ""weight_decay"": 0.001}",5063,empirical_source,4,200.0,0.745,0.713909724963811,0.8608970715142333,0.5870169337432526,0.6337051470937092,0.19925542874767593,0.22097259791134716,0.75,0.6839057770759311,0.8299319727891157,0.8413793103448276,0.8187919463087249,0.46308724832214765,0.7835468792698245,1.36122642863717,0.18879791281430586
cleveland,va_long_beach,mirrams_equation9,mirrams,0,"{""d_model"": 64, ""dropout"": 0.1, ""evaluation_interval"": 5, ""learning_rate"": 0.0001, ""max_epochs"": 120, ""mirrams_confidence"": 0.95, ""mirrams_lambda_1"": 15.0, ""mirrams_lambda_2"": 15.0, ""mirrams_mask_rate"": 0.1, ""n_heads"": 4, ""n_layers"": 2, ""patience_evaluations"": 8, ""validation_mask_replicates"": 2, ""weight_decay"": 0.001}",5063,mar_age_sex_30,0,200.0,0.745,0.7039742071325175,0.8750764464603464,0.5732893112068796,0.6381162250209286,0.19395772529174174,0.22411165671353134,0.695,0.6018555073035925,0.7946127946127947,0.7972972972972973,0.7919463087248322,0.4899328859060403,0.6621364130845355,1.3746408651449213,0.16033144259668128
cleveland,va_long_beach,mirrams_equation9,mirrams,0,"{""d_model"": 64, ""dropout"": 0.1, ""evaluation_interval"": 5, ""learning_rate"": 0.0001, ""max_epochs"": 120, ""mirrams_confidence"": 0.95, ""mirrams_lambda_1"": 15.0, ""mirrams_lambda_2"": 15.0, ""mirrams_mask_rate"": 0.1, ""n_heads"": 4, ""n_layers"": 2, ""patience_evaluations"": 8, ""validation_mask_replicates"": 2, ""weight_decay"": 0.001}",5063,mar_age_sex_30,1,200.0,0.745,0.7247006185024345,0.8916965391646663,0.5708252836637802,0.6316810437901441,0.1926874264572792,0.2212839413382681,0.705,0.6150151335702065,0.8013468013468014,0.8040540540540541,0.7986577181208053,0.5302013422818792,0.6730423941691833,1.3757923581876834,0.1509966846259709
cleveland,va_long_beach,mirrams_equation9,mirrams,0,"{""d_model"": 64, ""dropout"": 0.1, ""evaluation_interval"": 5, ""learning_rate"": 0.0001, ""max_epochs"": 120, ""mirrams_confidence"": 0.95, ""mirrams_lambda_1"": 15.0, ""mirrams_lambda_2"": 15.0, ""mirrams_mask_rate"": 0.1, ""n_heads"": 4, ""n_layers"": 2, ""patience_evaluations"": 8, ""validation_mask_replicates"": 2, ""weight_decay"": 0.001}",5063,mar_age_sex_30,2,200.0,0.745,0.6835109882879327,0.846449858793908,0.5881464870836637,0.6486576731029561,0.2000752047579073,0.2281239917369397,0.72,0.6444268982760889,0.8095238095238095,0.8206896551724138,0.7986577181208053,0.4429530201342282,0.7547274268784352,1.1793946126093142,0.1933127124633633
cleveland,va_long_beach,mirrams_equation9,mirrams,0,"{""d_model"": 64, ""dropout"": 0.1, ""evaluation_interval"": 5, ""learning_rate"": 0.0001, ""max_epochs"": 120, ""mirrams_confidence"": 0.95, ""mirrams_lambda_1"": 15.0, ""mirrams_lambda_2"": 15.0, ""mirrams_mask_rate"": 0.1, ""n_heads"": 4, ""n_layers"": 2, ""patience_evaluations"": 8, ""validation_mask_replicates"": 2, ""weight_decay"": 0.001}",5063,mar_age_sex_30,3,200.0,0.745,0.6627187787866824,0.8409759188111536,0.5879750700096218,0.6629072301270789,0.20031115806476796,0.234871476530917,0.7,0.6181076457428609,0.7959183673469388,0.8068965517241379,0.785234899328859,0.4429530201342282,0.7545774707157465,0.9630118475529169,0.19488317783115378
cleveland,va_long_beach,mirrams_equation9,mirrams,0,"{""d_model"": 64, ""dropout"": 0.1, ""evaluation_interval"": 5, ""learning_rate"": 0.0001, ""max_epochs"": 120, ""mirrams_confidence"": 0.95, ""mirrams_lambda_1"": 15.0, ""mirrams_lambda_2"": 15.0, ""mirrams_mask_rate"": 0.1, ""n_heads"": 4, ""n_layers"": 2, ""patience_evaluations"": 8, ""validation_mask_replicates"": 2, ""weight_decay"": 0.001}",5063,mar_age_sex_30,4,200.0,0.745,0.6662718778786683,0.8289729435794645,0.5959509445214168,0.660707695608334,0.20355335823939968,0.23323816262316008,0.68,0.6046848269509146,0.7793103448275862,0.8014184397163121,0.7583892617449665,0.4429530201342282,0.776613328358888,1.0374670275809563,0.21451278732299356
cleveland,va_long_beach,mirrams_equation9,mirrams,0,"{""d_model"": 64, ""dropout"": 0.1, ""evaluation_interval"": 5, ""learning_rate"": 0.0001, ""max_epochs"": 120, ""mirrams_confidence"": 0.95, ""mirrams_lambda_1"": 15.0, ""mirrams_lambda_2"": 15.0, ""mirrams_mask_rate"": 0.1, ""n_heads"": 4, ""n_layers"": 2, ""patience_evaluations"": 8, ""validation_mask_replicates"": 2, ""weight_decay"": 0.001}",5063,mcar_10,0,200.0,0.745,0.7423345176996973,0.8807971622645439,0.5709886479936875,0.6166384254468014,0.19209155994445495,0.2130149242165351,0.725,0.673575470456639,0.8083623693379791,0.8405797101449275,0.7785234899328859,0.6241610738255033,0.7416116510992276,1.5860223777802753,0.1599063947767243
cleveland,va_long_beach,mirrams_equation9,mirrams,0,"{""d_model"": 64, ""dropout"": 0.1, ""evaluation_interval"": 5, ""learning_rate"": 0.0001, ""max_epochs"": 120, ""mirrams_confidence"": 0.95, ""mirrams_lambda_1"": 15.0, ""mirrams_lambda_2"": 15.0, ""mirrams_mask_rate"": 0.1, ""n_heads"": 4, ""n_layers"": 2, ""patience_evaluations"": 8, ""validation_mask_replicates"": 2, ""weight_decay"": 0.001}",5063,mcar_10,1,200.0,0.745,0.7171338333991313,0.8558170966663452,0.5848281451279966,0.6320038794218339,0.198241996227511,0.21986531839180157,0.715,0.6475194104487432,0.8041237113402062,0.823943661971831,0.785234899328859,0.4429530201342282,0.7902185652883666,1.3442816642663367,0.1922732742170979
cleveland,va_long_beach,mirrams_equation9,mirrams,0,"{""d_model"": 64, ""dropout"": 0.1, ""evaluation_interval"": 5, ""learning_rate"": 0.0001, ""max_epochs"": 120, ""mirrams_confidence"": 0.95, ""mirrams_lambda_1"": 15.0, ""mirrams_lambda_2"": 15.0, ""mirrams_mask_rate"": 0.1, ""n_heads"": 4, ""n_layers"": 2, ""patience_evaluations"": 8, ""validation_mask_replicates"": 2, ""weight_decay"": 0.001}",5063,mcar_10,2,200.0,0.745,0.7427951046190288,0.8884300304271175,0.5727792167792087,0.6177898366736823,0.19319838658421695,0.2140987411145919,0.695,0.6405448085274379,0.7859649122807018,0.8235294117647058,0.7516778523489933,0.6442953020134228,0.739180658772865,1.558388774897398,0.1542487678792348
cleveland,va_long_beach,mirrams_equation9,mirrams,0,"{""d_model"": 64, ""dropout"": 0.1, ""evaluation_interval"": 5, ""learning_rate"": 0.0001, ""max_epochs"": 120, ""mirrams_confidence"": 0.95, ""mirrams_lambda_1"": 15.0, ""mirrams_lambda_2"": 15.0, ""mirrams_mask_rate"": 0.1, ""n_heads"": 4, ""n_layers"": 2, ""patience_evaluations"": 8, ""validation_mask_replicates"": 2, ""weight_decay"": 0.001}",5063,mcar_10,3,200.0,0.745,0.7220686932491117,0.878918313650929,0.5832120572831329,0.6251688632961419,0.19811245533388622,0.21743238617488722,0.705,0.6537044347940519,0.7929824561403509,0.8308823529411765,0.7583892617449665,0.5369127516778524,0.7940305275732916,1.4299286484151243,0.1746473744560365
cleveland,va_long_beach,mirrams_equation9,mirrams,0,"{""d_model"": 64, ""dropout"": 0.1, ""evaluation_interval"": 5, ""learning_rate"": 0.0001, ""max_epochs"": 120, ""mirrams_confidence"": 0.95, ""mirrams_lambda_1"": 15.0, ""mirrams_lambda_2"": 15.0, ""mirrams_mask_rate"": 0.1, ""n_heads"": 4, ""n_layers"": 2, ""patience_evaluations"": 8, ""validation_mask_replicates"": 2, ""weight_decay"": 0.001}",5063,mcar_10,4,200.0,0.745,0.7509540729043295,0.8958039409884936,0.572927774963126,0.6137273905444567,0.1931166580752702,0.21200979006814533,0.735,0.6867350967232531,0.8153310104529616,0.8478260869565217,0.785234899328859,0.5838926174496645,0.7489960881499628,1.7002993812549072,0.15060548546677383
cleveland,va_long_beach,mirrams_equation9,mirrams,0,"{""d_model"": 64, ""dropout"": 0.1, ""evaluation_interval"": 5, ""learning_rate"": 0.0001, ""max_epochs"": 120, ""mirrams_confidence"": 0.95, ""mirrams_lambda_1"": 15.0, ""mirrams_lambda_2"": 15.0, ""mirrams_mask_rate"": 0.1, ""n_heads"": 4, ""n_layers"": 2, ""patience_evaluations"": 8, ""validation_mask_replicates"": 2, ""weight_decay"": 0.001}",5063,mcar_30,0,200.0,0.745,0.6804842742466114,0.8412396937657458,0.5949130776065847,0.6488326062270087,0.2031145476603119,0.22800993219353238,0.705,0.6343597841821292,0.7972508591065293,0.8169014084507042,0.7785234899328859,0.35570469798657717,0.808810750695341,1.122904234646963,0.2104824927645452
cleveland,va_long_beach,mirrams_equation9,mirrams,0,"{""d_model"": 64, ""dropout"": 0.1, ""evaluation_interval"": 5, ""learning_rate"": 0.0001, ""max_epochs"": 120, ""mirrams_confidence"": 0.95, ""mirrams_lambda_1"": 15.0, ""mirrams_lambda_2"": 15.0, ""mirrams_mask_rate"": 0.1, ""n_heads"": 4, ""n_layers"": 2, ""patience_evaluations"": 8, ""validation_mask_replicates"": 2, ""weight_decay"": 0.001}",5063,mcar_30,1,200.0,0.745,0.6929859191998948,0.859794226944541,0.6085078547706435,0.6359840335771667,0.21019274489773934,0.22260947824961333,0.66,0.6299513093828135,0.7518248175182481,0.824,0.6912751677852349,0.5033557046979866,0.9168349221418954,1.2429982878682462,0.21485651942254708
cleveland,va_long_beach,mirrams_equation9,mirrams,0,"{""d_model"": 64, ""dropout"": 0.1, ""evaluation_interval"": 5, ""learning_rate"": 0.0001, ""max_epochs"": 120, ""mirrams_confidence"": 0.95, ""mirrams_lambda_1"": 15.0, ""mirrams_lambda_2"": 15.0, ""mirrams_mask_rate"": 0.1, ""n_heads"": 4, ""n_layers"": 2, ""patience_evaluations"": 8, ""validation_mask_replicates"": 2, ""weight_decay"": 0.001}",5063,mcar_30,2,200.0,0.745,0.669824976970654,0.8557060799291016,0.6141632878625759,0.6516526955541793,0.2125804966378928,0.23001479733767224,0.655,0.6072509540729043,0.7526881720430108,0.8076923076923077,0.7046979865771812,0.47651006711409394,0.893542907145183,1.0149192144983379,0.22980870779820756
cleveland,va_long_beach,mirrams_equation9,mirrams,0,"{""d_model"": 64, ""dropout"": 0.1, ""evaluation_interval"": 5, ""learning_rate"": 0.0001, ""max_epochs"": 120, ""mirrams_confidence"": 0.95, ""mirrams_lambda_1"": 15.0, ""mirrams_lambda_2"": 15.0, ""mirrams_mask_rate"": 0.1, ""n_heads"": 4, ""n_layers"": 2, ""patience_evaluations"": 8, ""validation_mask_replicates"": 2, ""weight_decay"": 0.001}",5063,mcar_30,3,200.0,0.745,0.7174628240557969,0.8704127949197212,0.590955084129061,0.624918889582259,0.201548748185931,0.2172089791413397,0.7,0.6632451638373471,0.7857142857142857,0.8396946564885496,0.738255033557047,0.5369127516778524,0.8513405808316747,1.4167443320964,0.1862614422432976
cleveland,va_long_beach,mirrams_equation9,mirrams,0,"{""d_model"": 64, ""dropout"": 0.1, ""evaluation_interval"": 5, ""learning_rate"": 0.0001, ""max_epochs"": 120, ""mirrams_confidence"": 0.95, ""mirrams_lambda_1"": 15.0, ""mirrams_lambda_2"": 15.0, ""mirrams_mask_rate"": 0.1, ""n_heads"": 4, ""n_layers"": 2, ""patience_evaluations"": 8, ""validation_mask_replicates"": 2, ""weight_decay"": 0.001}",5063,mcar_30,4,200.0,0.745,0.6595604684826951,0.8463919881776106,0.6026644944365867,0.6558611396174928,0.20760796783419339,0.2321560476367187,0.66,0.60415844190025,0.7588652482269503,0.8045112781954887,0.7181208053691275,0.35570469798657717,0.832210476927853,1.0140216802409359,0.20732276616885548
cleveland,va_long_beach,mirrams_equation9,mirrams,0,"{""d_model"": 64, ""dropout"": 0.1, ""evaluation_interval"": 5, ""learning_rate"": 0.0001, ""max_epochs"": 120, ""mirrams_confidence"": 0.95, ""mirrams_lambda_1"": 15.0, ""mirrams_lambda_2"": 15.0, ""mirrams_mask_rate"": 0.1, ""n_heads"": 4, ""n_layers"": 2, ""patience_evaluations"": 8, ""validation_mask_replicates"": 2, ""weight_decay"": 0.001}",5063,mcar_50,0,200.0,0.745,0.6110672456902224,0.8194842422784225,0.6496677636779702,0.6815696399683591,0.22919444566014233,0.24362586630869842,0.61,0.5963942624029477,0.7045454545454546,0.808695652173913,0.6241610738255033,0.3825503355704698,0.9802913243931439,0.6394990192313379,0.29486342476181676
cleveland,va_long_beach,mirrams_equation9,mirrams,0,"{""d_model"": 64, ""dropout"": 0.1, ""evaluation_interval"": 5, ""learning_rate"": 0.0001, ""max_epochs"": 120, ""mirrams_confidence"": 0.95, ""mirrams_lambda_1"": 15.0, ""mirrams_lambda_2"": 15.0, ""mirrams_mask_rate"": 0.1, ""n_heads"": 4, ""n_layers"": 2, ""patience_evaluations"": 8, ""validation_mask_replicates"": 2, ""weight_decay"": 0.001}",5063,mcar_50,1,200.0,0.745,0.6902223976839057,0.8591801511199757,0.6075304751300528,0.6390105940599271,0.2093614518593658,0.22408786544050666,0.68,0.6304776944334781,0.7730496453900709,0.8195488721804511,0.7315436241610739,0.3959731543624161,0.8853946743421026,1.3483389602734226,0.20682292841883068
cleveland,va_long_beach,mirrams_equation9,mirrams,0,"{""d_model"": 64, ""dropout"": 0.1, ""evaluation_interval"": 5, ""learning_rate"": 0.0001, ""max_epochs"": 120, ""mirrams_confidence"": 0.95, ""mirrams_lambda_1"": 15.0, ""mirrams_lambda_2"": 15.0, ""mirrams_mask_rate"": 0.1, ""n_heads"": 4, ""n_layers"": 2, ""patience_evaluations"": 8, ""validation_mask_replicates"": 2, ""weight_decay"": 0.001}",5063,mcar_50,2,200.0,0.745,0.6350177654954599,0.8259344825573895,0.621170519659697,0.6709471675415665,0.2158420320546535,0.2388082455718591,0.655,0.6008027372022634,0.7544483985765125,0.803030303030303,0.7114093959731543,0.28859060402684567,0.8888750021363488,0.8664699549697241,0.23827326532990564
cleveland,va_long_beach,mirrams_equation9,mirrams,0,"{""d_model"": 64, ""dropout"": 0.1, ""evaluation_interval"": 5, ""learning_rate"": 0.0001, ""max_epochs"": 120, ""mirrams_confidence"": 0.95, ""mirrams_lambda_1"": 15.0, ""mirrams_lambda_2"": 15.0, ""mirrams_mask_rate"": 0.1, ""n_heads"": 4, ""n_layers"": 2, ""patience_evaluations"": 8, ""validation_mask_replicates"": 2, ""weight_decay"": 0.001}",5063,mcar_50,3,200.0,0.745,0.6874588761679168,0.867365102770351,0.6169488605181245,0.6453804850814618,0.21362926921722114,0.22687672058407432,0.68,0.6433741281747598,0.7697841726618705,0.8294573643410853,0.7181208053691275,0.5436241610738255,0.9155007416293695,1.1170917926335666,0.23240509014516766
cleveland,va_long_beach,mirrams_equation9,mirrams,0,"{""d_model"": 64, ""dropout"": 0.1, ""evaluation_interval"": 5, ""learning_rate"": 0.0001, ""max_epochs"": 120, ""mirrams_confidence"": 0.95, ""mirrams_lambda_1"": 15.0, ""mirrams_lambda_2"": 15.0, ""mirrams_mask_rate"": 0.1, ""n_heads"": 4, ""n_layers"": 2, ""patience_evaluations"": 8, ""validation_mask_replicates"": 2, ""weight_decay"": 0.001}",5063,mcar_50,4,200.0,0.745,0.601394920384261,0.8070296949284126,0.6471909021193603,0.6881388959464017,0.22774885514094645,0.24666618588269407,0.645,0.5876431109356495,0.7473309608540926,0.7954545454545454,0.7046979865771812,0.30201342281879195,0.9667653656047074,0.5910431281782349,0.2971034560468519
cleveland,va_long_beach,mirrams_equation9,mirrams,0,"{""d_model"": 64, ""dropout"": 0.1, ""evaluation_interval"": 5, ""learning_rate"": 0.0001, ""max_epochs"": 120, ""mirrams_confidence"": 0.95, ""mirrams_lambda_1"": 15.0, ""mirrams_lambda_2"": 15.0, ""mirrams_mask_rate"": 0.1, ""n_heads"": 4, ""n_layers"": 2, ""patience_evaluations"": 8, ""validation_mask_replicates"": 2, ""weight_decay"": 0.001}",5063,natural,0,200.0,0.745,0.7399657849717068,0.8778703249187639,0.5694985760493768,0.6183398535686842,0.1913205023096282,0.21384495648732393,0.75,0.6903539939465719,0.8287671232876712,0.8461538461538461,0.8120805369127517,0.6308724832214765,0.7239941722683704,1.542907179569458,0.1630641053561051
cleveland,va_long_beach,mirrams_equation9,mirrams,0,"{""d_model"": 64, ""dropout"": 0.1, ""evaluation_interval"": 5, ""learning_rate"": 0.0001, ""max_epochs"": 120, ""mirrams_confidence"": 0.95, ""mirrams_lambda_1"": 15.0, ""mirrams_lambda_2"": 15.0, ""mirrams_mask_rate"": 0.1, ""n_heads"": 4, ""n_layers"": 2, ""patience_evaluations"": 8, ""validation_mask_replicates"": 2, ""weight_decay"": 0.001}",5064,drop_advanced,0,200.0,0.745,0.6446900908014213,0.8235837295903343,0.5894401071488174,0.6835966481321287,0.1996950163582852,0.2452598359921071,0.75,0.5484932227924727,0.8511904761904762,0.7647058823529411,0.959731543624161,0.44966442953020136,0.335565603371661,1.844868932608157,0.18340200917761176
cleveland,va_long_beach,mirrams_equation9,mirrams,0,"{""d_model"": 64, ""dropout"": 0.1, ""evaluation_interval"": 5, ""learning_rate"": 0.0001, ""max_epochs"": 120, ""mirrams_confidence"": 0.95, ""mirrams_lambda_1"": 15.0, ""mirrams_lambda_2"": 15.0, ""mirrams_mask_rate"": 0.1, ""n_heads"": 4, ""n_layers"": 2, ""patience_evaluations"": 8, ""validation_mask_replicates"": 2, ""weight_decay"": 0.001}",5064,drop_exercise,0,200.0,0.745,0.5608632714830899,0.800151213774184,0.6215714382490439,0.6951195655434841,0.21516181988994426,0.25108479310082626,0.715,0.5185550730359257,0.8277945619335347,0.7527472527472527,0.9194630872483222,0.31543624161073824,0.7830526830817985,0.94314727752661,0.21839577469665672
cleveland,va_long_beach,mirrams_equation9,mirrams,0,"{""d_model"": 64, ""dropout"": 0.1, ""evaluation_interval"": 5, ""learning_rate"": 0.0001, ""max_epochs"": 120, ""mirrams_confidence"": 0.95, ""mirrams_lambda_1"": 15.0, ""mirrams_lambda_2"": 15.0, ""mirrams_mask_rate"": 0.1, ""n_heads"": 4, ""n_layers"": 2, ""patience_evaluations"": 8, ""validation_mask_replicates"": 2, ""weight_decay"": 0.001}",5064,drop_routine,0,200.0,0.745,0.6504145282273983,0.8100348487296383,0.5537020562128656,0.7437772458524585,0.1836671808114621,0.27296701653272404,0.755,0.5260560600078957,0.8579710144927536,0.7551020408163265,0.9932885906040269,0.35570469798657717,-0.7555654431449161,2.2691640957200807,0.19647220250628358
cleveland,va_long_beach,mirrams_equation9,mirrams,0,"{""d_model"": 64, ""dropout"": 0.1, ""evaluation_interval"": 5, ""learning_rate"": 0.0001, ""max_epochs"": 120, ""mirrams_confidence"": 0.95, ""mirrams_lambda_1"": 15.0, ""mirrams_lambda_2"": 15.0, ""mirrams_mask_rate"": 0.1, ""n_heads"": 4, ""n_layers"": 2, ""patience_evaluations"": 8, ""validation_mask_replicates"": 2, ""weight_decay"": 0.001}",5064,empirical_source,0,200.0,0.745,0.6295565205948151,0.8003840563070597,0.5890411738060432,0.6925960284274163,0.19935510310874563,0.24918792529948797,0.755,0.5389524937491775,0.8563049853372434,0.7604166666666666,0.9798657718120806,0.33557046979865773,0.4068850610922829,1.5328325772773737,0.2060021514768477
cleveland,va_long_beach,mirrams_equation9,mirrams,0,"{""d_model"": 64, ""dropout"": 0.1, ""evaluation_interval"": 5, ""learning_rate"": 0.0001, ""max_epochs"": 120, ""mirrams_confidence"": 0.95, ""mirrams_lambda_1"": 15.0, ""mirrams_lambda_2"": 15.0, ""mirrams_mask_rate"": 0.1, ""n_heads"": 4, ""n_layers"": 2, ""patience_evaluations"": 8, ""validation_mask_replicates"": 2, ""weight_decay"": 0.001}",5064,empirical_source,1,200.0,0.745,0.6479799973680748,0.8181317074440697,0.5865853806235458,0.693527424417954,0.1983026596337986,0.24983819841575994,0.745,0.5257928674825635,0.8504398826979472,0.7552083333333334,0.9731543624161074,0.3691275167785235,0.3392548905558258,1.623087211957229,0.18972612953554102
cleveland,va_long_beach,mirrams_equation9,mirrams,0,"{""d_model"": 64, ""dropout"": 0.1, ""evaluation_interval"": 5, ""learning_rate"": 0.0001, ""max_epochs"": 120, ""mirrams_confidence"": 0.95, ""mirrams_lambda_1"": 15.0, ""mirrams_lambda_2"": 15.0, ""mirrams_mask_rate"": 0.1, ""n_heads"": 4, ""n_layers"": 2, ""patience_evaluations"": 8, ""validation_mask_replicates"": 2, ""weight_decay"": 0.001}",5064,empirical_source,2,200.0,0.745,0.6218581392288459,0.8098729427133967,0.5935246015574893,0.6940119381691952,0.20155486265950157,0.2501796366493121,0.755,0.5454007106198184,0.855457227138643,0.7631578947368421,0.9731543624161074,0.3221476510067114,0.4513404522846003,1.4705799198724618,0.19751169673495492
cleveland,va_long_beach,mirrams_equation9,mirrams,0,"{""d_model"": 64, ""dropout"": 0.1, ""evaluation_interval"": 5, ""learning_rate"": 0.0001, ""max_epochs"": 120, ""mirrams_confidence"": 0.95, ""mirrams_lambda_1"": 15.0, ""mirrams_lambda_2"": 15.0, ""mirrams_mask_rate"": 0.1, ""n_heads"": 4, ""n_layers"": 2, ""patience_evaluations"": 8, ""validation_mask_replicates"": 2, ""weight_decay"": 0.001}",5064,empirical_source,3,200.0,0.745,0.6218581392288459,0.7986184053370975,0.5860475937669323,0.6929951545332032,0.19790745724369857,0.2493309046726961,0.765,0.5585603368864325,0.8613569321533924,0.7684210526315789,0.9798657718120806,0.3087248322147651,0.36377286117570334,1.5795315370347784,0.20709688928902611
cleveland,va_long_beach,mirrams_equation9,mirrams,0,"{""d_model"": 64, ""dropout"": 0.1, ""evaluation_interval"": 5, ""learning_rate"": 0.0001, ""max_epochs"": 120, ""mirrams_confidence"": 0.95, ""mirrams_lambda_1"": 15.0, ""mirrams_lambda_2"": 15.0, ""mirrams_mask_rate"": 0.1, ""n_heads"": 4, ""n_layers"": 2, ""patience_evaluations"": 8, ""validation_mask_replicates"": 2, ""weight_decay"": 0.001}",5064,empirical_source,4,200.0,0.745,0.6130411896302145,0.7860101293247226,0.5965792526295176,0.700605754670159,0.2026689638885203,0.25254897880813043,0.765,0.5585603368864325,0.8613569321533924,0.7684210526315789,0.9798657718120806,0.35570469798657717,0.5547433602554147,1.202739808062444,0.2236267167295773
cleveland,va_long_beach,mirrams_equation9,mirrams,0,"{""d_model"": 64, ""dropout"": 0.1, ""evaluation_interval"": 5, ""learning_rate"": 0.0001, ""max_epochs"": 120, ""mirrams_confidence"": 0.95, ""mirrams_lambda_1"": 15.0, ""mirrams_lambda_2"": 15.0, ""mirrams_mask_rate"": 0.1, ""n_heads"": 4, ""n_layers"": 2, ""patience_evaluations"": 8, ""validation_mask_replicates"": 2, ""weight_decay"": 0.001}",5064,mar_age_sex_30,0,200.0,0.745,0.598499802605606,0.8067564293182521,0.5886841777964957,0.7045336106314322,0.19951410566123096,0.2551916073929955,0.735,0.5255296749572312,0.8427299703264095,0.7553191489361702,0.9530201342281879,0.2550335570469799,0.49899822433783403,1.1820269601358186,0.19816865737194317
cleveland,va_long_beach,mirrams_equation9,mirrams,0,"{""d_model"": 64, ""dropout"": 0.1, ""evaluation_interval"": 5, ""learning_rate"": 0.0001, ""max_epochs"": 120, ""mirrams_confidence"": 0.95, ""mirrams_lambda_1"": 15.0, ""mirrams_lambda_2"": 15.0, ""mirrams_mask_rate"": 0.1, ""n_heads"": 4, ""n_layers"": 2, ""patience_evaluations"": 8, ""validation_mask_replicates"": 2, ""weight_decay"": 0.001}",5064,mar_age_sex_30,1,200.0,0.745,0.5777075931043559,0.7766870321400798,0.5942437272970806,0.7146038749938131,0.20190592318689873,0.25962404377425863,0.735,0.5126332412159494,0.844574780058651,0.75,0.9664429530201343,0.26174496644295303,0.6200698535430941,0.9079648329385389,0.2273950832059645
cleveland,va_long_beach,mirrams_equation9,mirrams,0,"{""d_model"": 64, ""dropout"": 0.1, ""evaluation_interval"": 5, ""learning_rate"": 0.0001, ""max_epochs"": 120, ""mirrams_confidence"": 0.95, ""mirrams_lambda_1"": 15.0, ""mirrams_lambda_2"": 15.0, ""mirrams_mask_rate"": 0.1, ""n_heads"": 4, ""n_layers"": 2, ""patience_evaluations"": 8, ""validation_mask_replicates"": 2, ""weight_decay"": 0.001}",5064,mar_age_sex_30,2,200.0,0.745,0.6280431635741546,0.8390997351526106,0.5824938227593701,0.6941038052063744,0.19668528030897825,0.2505670859070652,0.75,0.5291485721805501,0.8538011695906432,0.7564766839378239,0.9798657718120806,0.3691275167785235,0.3526578030536091,1.514431325468516,0.17131228526289521
cleveland,va_long_beach,mirrams_equation9,mirrams,0,"{""d_model"": 64, ""dropout"": 0.1, ""evaluation_interval"": 5, ""learning_rate"": 0.0001, ""max_epochs"": 120, ""mirrams_confidence"": 0.95, ""mirrams_lambda_1"": 15.0, ""mirrams_lambda_2"": 15.0, ""mirrams_mask_rate"": 0.1, ""n_heads"": 4, ""n_layers"": 2, ""patience_evaluations"": 8, ""validation_mask_replicates"": 2, ""weight_decay"": 0.001}",5064,mar_age_sex_30,3,200.0,0.745,0.5576391630477694,0.7759065363775561,0.5922840392150404,0.7183348796364547,0.20108360466270278,0.26144515809913443,0.755,0.5389524937491775,0.8563049853372434,0.7604166666666666,0.9798657718120806,0.2751677852348993,0.6366698279406242,0.8341955903923499,0.22948586316391706
cleveland,va_long_beach,mirrams_equation9,mirrams,0,"{""d_model"": 64, ""dropout"": 0.1, ""evaluation_interval"": 5, ""learning_rate"": 0.0001, ""max_epochs"": 120, ""mirrams_confidence"": 0.95, ""mirrams_lambda_1"": 15.0, ""mirrams_lambda_2"": 15.0, ""mirrams_mask_rate"": 0.1, ""n_heads"": 4, ""n_layers"": 2, ""patience_evaluations"": 8, ""validation_mask_replicates"": 2, ""weight_decay"": 0.001}",5064,mar_age_sex_30,4,200.0,0.745,0.6333728122121333,0.8077994020733766,0.5837902495247856,0.6976469653237163,0.1971318518204125,0.2517855635750672,0.745,0.5322410843532044,0.8495575221238938,0.7578947368421053,0.9664429530201343,0.35570469798657717,0.4033031298792319,1.3896350153551045,0.20098473904420455
cleveland,va_long_beach,mirrams_equation9,mirrams,0,"{""d_model"": 64, ""dropout"": 0.1, ""evaluation_interval"": 5, ""learning_rate"": 0.0001, ""max_epochs"": 120, ""mirrams_confidence"": 0.95, ""mirrams_lambda_1"": 15.0, ""mirrams_lambda_2"": 15.0, ""mirrams_mask_rate"": 0.1, ""n_heads"": 4, ""n_layers"": 2, ""patience_evaluations"": 8, ""validation_mask_replicates"": 2, ""weight_decay"": 0.001}",5064,mcar_10,0,200.0,0.745,0.59665745492828,0.8167427562669454,0.6018376529954973,0.6906028962558244,0.2058415775153847,0.24873572832647994,0.735,0.5577707593104356,0.8379204892966361,0.7696629213483146,0.9194630872483222,0.4161073825503356,0.6684684946347749,1.078485432057473,0.20107415665784112
cleveland,va_long_beach,mirrams_equation9,mirrams,0,"{""d_model"": 64, ""dropout"": 0.1, ""evaluation_interval"": 5, ""learning_rate"": 0.0001, ""max_epochs"": 120, ""mirrams_confidence"": 0.95, ""mirrams_lambda_1"": 15.0, ""mirrams_lambda_2"": 15.0, ""mirrams_mask_rate"": 0.1, ""n_heads"": 4, ""n_layers"": 2, ""patience_evaluations"": 8, ""validation_mask_replicates"": 2, ""weight_decay"": 0.001}",5064,mcar_10,1,200.0,0.745,0.6028424792735886,0.8050748846463215,0.6072227705477029,0.6982164486139851,0.20832797319093138,0.25223323161300265,0.71,0.5087511514672983,0.8253012048192772,0.7486338797814208,0.9194630872483222,0.2684563758389262,0.7048760144809721,0.9601534257240038,0.2129002180442079
cleveland,va_long_beach,mirrams_equation9,mirrams,0,"{""d_model"": 64, ""dropout"": 0.1, ""evaluation_interval"": 5, ""learning_rate"": 0.0001, ""max_epochs"": 120, ""mirrams_confidence"": 0.95, ""mirrams_lambda_1"": 15.0, ""mirrams_lambda_2"": 15.0, ""mirrams_mask_rate"": 0.1, ""n_heads"": 4, ""n_layers"": 2, ""patience_evaluations"": 8, ""validation_mask_replicates"": 2, ""weight_decay"": 0.001}",5064,mcar_10,2,200.0,0.745,0.624819055138834,0.7918133103598375,0.6017941866775787,0.6909124639114268,0.2053890363593382,0.24825113223530337,0.745,0.5709303855770496,0.8440366972477065,0.7752808988764045,0.9261744966442953,0.2348993288590604,0.6315619583608487,1.1771991582467791,0.22630306449299192
cleveland,va_long_beach,mirrams_equation9,mirrams,0,"{""d_model"": 64, ""dropout"": 0.1, ""evaluation_interval"": 5, ""learning_rate"": 0.0001, ""max_epochs"": 120, ""mirrams_confidence"": 0.95, ""mirrams_lambda_1"": 15.0, ""mirrams_lambda_2"": 15.0, ""mirrams_mask_rate"": 0.1, ""n_heads"": 4, ""n_layers"": 2, ""patience_evaluations"": 8, ""validation_mask_replicates"": 2, ""weight_decay"": 0.001}",5064,mcar_10,3,200.0,0.745,0.6048164232135808,0.8000213590101946,0.6062884991227052,0.6925010419947588,0.20775124670132628,0.24933718759921975,0.735,0.5706671930517173,0.8359133126934984,0.7758620689655172,0.9060402684563759,0.35570469798657717,0.6934452169647867,1.0494447518376566,0.21620051545168475
cleveland,va_long_beach,mirrams_equation9,mirrams,0,"{""d_model"": 64, ""dropout"": 0.1, ""evaluation_interval"": 5, ""learning_rate"": 0.0001, ""max_epochs"": 120, ""mirrams_confidence"": 0.95, ""mirrams_lambda_1"": 15.0, ""mirrams_lambda_2"": 15.0, ""mirrams_mask_rate"": 0.1, ""n_heads"": 4, ""n_layers"": 2, ""patience_evaluations"": 8, ""validation_mask_replicates"": 2, ""weight_decay"": 0.001}",5064,mcar_10,4,200.0,0.745,0.6158705092775365,0.8234312868041199,0.5954430867062019,0.6861313658522807,0.2027828542321685,0.2465447722162761,0.745,0.5773786024476905,0.8430769230769231,0.7784090909090909,0.9194630872483222,0.28859060402684567,0.5488405942945432,1.3635476100835267,0.18698776109252976
cleveland,va_long_beach,mirrams_equation9,mirrams,0,"{""d_model"": 64, ""dropout"": 0.1, ""evaluation_interval"": 5, ""learning_rate"": 0.0001, ""max_epochs"": 120, ""mirrams_confidence"": 0.95, ""mirrams_lambda_1"": 15.0, ""mirrams_lambda_2"": 15.0, ""mirrams_mask_rate"": 0.1, ""n_heads"": 4, ""n_layers"": 2, ""patience_evaluations"": 8, ""validation_mask_replicates"": 2, ""weight_decay"": 0.001}",5064,mcar_30,0,200.0,0.745,0.6166600868535335,0.802007671673502,0.6088143944003432,0.6814323395987695,0.2090566869180372,0.2438880351548401,0.705,0.5763258323463614,0.8090614886731392,0.78125,0.8389261744966443,0.37583892617449666,0.7646510381098022,1.0038766499655005,0.23093550981091415
cleveland,va_long_beach,mirrams_equation9,mirrams,0,"{""d_model"": 64, ""dropout"": 0.1, ""evaluation_interval"": 5, ""learning_rate"": 0.0001, ""max_epochs"": 120, ""mirrams_confidence"": 0.95, ""mirrams_lambda_1"": 15.0, ""mirrams_lambda_2"": 15.0, ""mirrams_mask_rate"": 0.1, ""n_heads"": 4, ""n_layers"": 2, ""patience_evaluations"": 8, ""validation_mask_replicates"": 2, ""weight_decay"": 0.001}",5064,mcar_30,1,200.0,0.745,0.651204105803395,0.8379522048082163,0.6012779934450525,0.6751360261111676,0.2057631472201411,0.2413411762125608,0.73,0.5737597052243717,0.83125,0.7777777777777778,0.8926174496644296,0.3691275167785235,0.6583217811624205,1.2918092783392938,0.1933135496398869
cleveland,va_long_beach,mirrams_equation9,mirrams,0,"{""d_model"": 64, ""dropout"": 0.1, ""evaluation_interval"": 5, ""learning_rate"": 0.0001, ""max_epochs"": 120, ""mirrams_confidence"": 0.95, ""mirrams_lambda_1"": 15.0, ""mirrams_lambda_2"": 15.0, ""mirrams_mask_rate"": 0.1, ""n_heads"": 4, ""n_layers"": 2, ""patience_evaluations"": 8, ""validation_mask_replicates"": 2, ""weight_decay"": 0.001}",5064,mcar_30,2,200.0,0.745,0.5828398473483353,0.8046686000600023,0.6330449546719332,0.695097893415143,0.22090743159829593,0.25081460325084826,0.635,0.5035530990919858,0.759075907590759,0.7467532467532467,0.7718120805369127,0.3825503355704698,0.9100640755402677,0.6164691248854832,0.260330453616911
cleveland,va_long_beach,mirrams_equation9,mirrams,0,"{""d_model"": 64, ""dropout"": 0.1, ""evaluation_interval"": 5, ""learning_rate"": 0.0001, ""max_epochs"": 120, ""mirrams_confidence"": 0.95, ""mirrams_lambda_1"": 15.0, ""mirrams_lambda_2"": 15.0, ""mirrams_mask_rate"": 0.1, ""n_heads"": 4, ""n_layers"": 2, ""patience_evaluations"": 8, ""validation_mask_replicates"": 2, ""weight_decay"": 0.001}",5064,mcar_30,3,200.0,0.745,0.5912620081589682,0.7702394802168482,0.6129642420626014,0.6907185844479304,0.21085370451346347,0.2479387469852202,0.69,0.5598105013817608,0.7987012987012987,0.7735849056603774,0.825503355704698,0.28187919463087246,0.8027538119293095,0.8432613535613406,0.26196841667165305
cleveland,va_long_beach,mirrams_equation9,mirrams,0,"{""d_model"": 64, ""dropout"": 0.1, ""evaluation_interval"": 5, ""learning_rate"": 0.0001, ""max_epochs"": 120, ""mirrams_confidence"": 0.95, ""mirrams_lambda_1"": 15.0, ""mirrams_lambda_2"": 15.0, ""mirrams_mask_rate"": 0.1, ""n_heads"": 4, ""n_layers"": 2, ""patience_evaluations"": 8, ""validation_mask_replicates"": 2, ""weight_decay"": 0.001}",5064,mcar_30,4,200.0,0.745,0.6040268456375839,0.7871087378789905,0.6130354846020231,0.6831461165307292,0.21076280527850977,0.24438235170052286,0.725,0.6026450848795895,0.8220064724919094,0.79375,0.8523489932885906,0.3087248322147651,0.7924761802751848,0.9528948176512196,0.2602738908716247
cleveland,va_long_beach,mirrams_equation9,mirrams,0,"{""d_model"": 64, ""dropout"": 0.1, ""evaluation_interval"": 5, ""learning_rate"": 0.0001, ""max_epochs"": 120, ""mirrams_confidence"": 0.95, ""mirrams_lambda_1"": 15.0, ""mirrams_lambda_2"": 15.0, ""mirrams_mask_rate"": 0.1, ""n_heads"": 4, ""n_layers"": 2, ""patience_evaluations"": 8, ""validation_mask_replicates"": 2, ""weight_decay"": 0.001}",5064,mcar_50,0,200.0,0.745,0.5696802210817212,0.7975183392231533,0.6612462773871916,0.6949874459814577,0.23448835069311083,0.25063774942080375,0.59,0.5378339255165153,0.7007299270072993,0.768,0.6442953020134228,0.2214765100671141,1.0010590196864542,0.49646705384454,0.32903858458483365
cleveland,va_long_beach,mirrams_equation9,mirrams,0,"{""d_model"": 64, ""dropout"": 0.1, ""evaluation_interval"": 5, ""learning_rate"": 0.0001, ""max_epochs"": 120, ""mirrams_confidence"": 0.95, ""mirrams_lambda_1"": 15.0, ""mirrams_lambda_2"": 15.0, ""mirrams_mask_rate"": 0.1, ""n_heads"": 4, ""n_layers"": 2, ""patience_evaluations"": 8, ""validation_mask_replicates"": 2, ""weight_decay"": 0.001}",5064,mcar_50,1,200.0,0.745,0.5255954730885642,0.7615029121217841,0.6699034096512907,0.7220054890463348,0.23862688031115226,0.26322419243059325,0.57,0.49861823924200555,0.6906474820143885,0.7441860465116279,0.6442953020134228,0.3288590604026846,1.0517757341828644,0.09190944956921264,0.35049312040345626
cleveland,va_long_beach,mirrams_equation9,mirrams,0,"{""d_model"": 64, ""dropout"": 0.1, ""evaluation_interval"": 5, ""learning_rate"": 0.0001, ""max_epochs"": 120, ""mirrams_confidence"": 0.95, ""mirrams_lambda_1"": 15.0, ""mirrams_lambda_2"": 15.0, ""mirrams_mask_rate"": 0.1, ""n_heads"": 4, ""n_layers"": 2, ""patience_evaluations"": 8, ""validation_mask_replicates"": 2, ""weight_decay"": 0.001}",5064,mcar_50,2,200.0,0.745,0.5289511777865509,0.7832455394966505,0.6593028978702945,0.7084571244057303,0.23381806617576706,0.2574157943866964,0.6,0.5123042505592841,0.7202797202797203,0.7518248175182481,0.6912751677852349,0.20134228187919462,1.0122974208261941,0.29149463084621746,0.31142564056140387
cleveland,va_long_beach,mirrams_equation9,mirrams,0,"{""d_model"": 64, ""dropout"": 0.1, ""evaluation_interval"": 5, ""learning_rate"": 0.0001, ""max_epochs"": 120, ""mirrams_confidence"": 0.95, ""mirrams_lambda_1"": 15.0, ""mirrams_lambda_2"": 15.0, ""mirrams_mask_rate"": 0.1, ""n_heads"": 4, ""n_layers"": 2, ""patience_evaluations"": 8, ""validation_mask_replicates"": 2, ""weight_decay"": 0.001}",5064,mcar_50,3,200.0,0.745,0.5967890511909462,0.8017010646667371,0.6598072167295916,0.684444402215285,0.23392892824815487,0.24542370172196465,0.6,0.570338202395052,0.7014925373134329,0.7899159663865546,0.6308724832214765,0.3422818791946309,1.004057882825591,0.6668483833999902,0.3122591322287195
cleveland,va_long_beach,mirrams_equation9,mirrams,0,"{""d_model"": 64, ""dropout"": 0.1, ""evaluation_interval"": 5, ""learning_rate"": 0.0001, ""max_epochs"": 120, ""mirrams_confidence"": 0.95, ""mirrams_lambda_1"": 15.0, ""mirrams_lambda_2"": 15.0, ""mirrams_mask_rate"": 0.1, ""n_heads"": 4, ""n_layers"": 2, ""patience_evaluations"": 8, ""validation_mask_replicates"": 2, ""weight_decay"": 0.001}",5064,mcar_50,4,200.0,0.745,0.5303329385445453,0.7622827317063725,0.6692567058145292,0.7146933456281247,0.23822771777849705,0.25984144597961056,0.59,0.5249374917752336,0.7050359712230215,0.7596899224806202,0.6577181208053692,0.2751677852348993,1.0384589868861647,0.1775186969464845,0.3567960364704428
cleveland,va_long_beach,mirrams_equation9,mirrams,0,"{""d_model"": 64, ""dropout"": 0.1, ""evaluation_interval"": 5, ""learning_rate"": 0.0001, ""max_epochs"": 120, ""mirrams_confidence"": 0.95, ""mirrams_lambda_1"": 15.0, ""mirrams_lambda_2"": 15.0, ""mirrams_mask_rate"": 0.1, ""n_heads"": 4, ""n_layers"": 2, ""patience_evaluations"": 8, ""validation_mask_replicates"": 2, ""weight_decay"": 0.001}",5064,natural,0,200.0,0.745,0.6446900908014213,0.8235775040326263,0.5893076827648346,0.684601085135451,0.1996335329244257,0.2457485622553271,0.745,0.5451375180944861,0.8477611940298507,0.7634408602150538,0.9530201342281879,0.46308724832214765,0.33024791648577023,1.8362050019322083,0.18356220680345536
hungary,cleveland,mirrams_equation9,mirrams,0,"{""d_model"": 64, ""dropout"": 0.1, ""evaluation_interval"": 5, ""learning_rate"": 0.0001, ""max_epochs"": 120, ""mirrams_confidence"": 0.95, ""mirrams_lambda_1"": 15.0, ""mirrams_lambda_2"": 15.0, ""mirrams_mask_rate"": 0.3, ""n_heads"": 4, ""n_layers"": 2, ""patience_evaluations"": 8, ""validation_mask_replicates"": 2, ""weight_decay"": 0.001}",5062,drop_advanced,0,303.0,0.45874587458745875,0.6533602386383575,0.6265991983443453,0.6858535155825066,0.6744016317037486,0.24651029699630636,0.240898733966099,0.5181518151815182,0.5472012633795402,0.6313131313131313,0.48638132295719844,0.8992805755395683,0.41007194244604317,-0.7350149094569669,1.9477746935205789,0.37509160832314775
hungary,cleveland,mirrams_equation9,mirrams,0,"{""d_model"": 64, ""dropout"": 0.1, ""evaluation_interval"": 5, ""learning_rate"": 0.0001, ""max_epochs"": 120, ""mirrams_confidence"": 0.95, ""mirrams_lambda_1"": 15.0, ""mirrams_lambda_2"": 15.0, ""mirrams_mask_rate"": 0.3, ""n_heads"": 4, ""n_layers"": 2, ""patience_evaluations"": 8, ""validation_mask_replicates"": 2, ""weight_decay"": 0.001}",5062,drop_exercise,0,303.0,0.45874587458745875,0.7183277768029479,0.6801357442288223,0.6498090942987246,0.6468908125998007,0.22877450437347116,0.22730895168935028,0.6204620462046204,0.6345850149148974,0.6607669616519174,0.56,0.8057553956834532,0.49640287769784175,-0.40703462452506906,2.9129490170491468,0.24690036688998487
hungary,cleveland,mirrams_equation9,mirrams,0,"{""d_model"": 64, ""dropout"": 0.1, ""evaluation_interval"": 5, ""learning_rate"": 0.0001, ""max_epochs"": 120, ""mirrams_confidence"": 0.95, ""mirrams_lambda_1"": 15.0, ""mirrams_lambda_2"": 15.0, ""mirrams_mask_rate"": 0.3, ""n_heads"": 4, ""n_layers"": 2, ""patience_evaluations"": 8, ""validation_mask_replicates"": 2, ""weight_decay"": 0.001}",5062,drop_routine,0,303.0,0.45874587458745875,0.758071591507282,0.7438264189856867,0.6414800664156249,0.6364152759006074,0.22481596343311683,0.2222905967290721,0.6270627062706271,0.6456176522196877,0.6816901408450704,0.5601851851851852,0.8705035971223022,0.5323741007194245,-0.7064024308058787,3.646796210112341,0.2322492439777432
hungary,cleveland,mirrams_equation9,mirrams,0,"{""d_model"": 64, ""dropout"": 0.1, ""evaluation_interval"": 5, ""learning_rate"": 0.0001, ""max_epochs"": 120, ""mirrams_confidence"": 0.95, ""mirrams_lambda_1"": 15.0, ""mirrams_lambda_2"": 15.0, ""mirrams_mask_rate"": 0.3, ""n_heads"": 4, ""n_layers"": 2, ""patience_evaluations"": 8, ""validation_mask_replicates"": 2, ""weight_decay"": 0.001}",5062,empirical_source,0,303.0,0.45874587458745875,0.6784084927180207,0.6693545605592133,0.677033957121112,0.6652322270925203,0.24236174618391934,0.2365852329539876,0.5577557755775577,0.5865283383049658,0.6598984771573604,0.5098039215686274,0.935251798561151,0.4244604316546763,-0.823274132529005,2.135608136198896,0.33521588699245564
hungary,cleveland,mirrams_equation9,mirrams,0,"{""d_model"": 64, ""dropout"": 0.1, ""evaluation_interval"": 5, ""learning_rate"": 0.0001, ""max_epochs"": 120, ""mirrams_confidence"": 0.95, ""mirrams_lambda_1"": 15.0, ""mirrams_lambda_2"": 15.0, ""mirrams_mask_rate"": 0.3, ""n_heads"": 4, ""n_layers"": 2, ""patience_evaluations"": 8, ""validation_mask_replicates"": 2, ""weight_decay"": 0.001}",5062,empirical_source,1,303.0,0.45874587458745875,0.6629671872258291,0.6349072313751012,0.6795783626819384,0.6680165937852891,0.24351413589754844,0.23786527477391117,0.528052805280528,0.5547025793998948,0.6304909560723514,0.49193548387096775,0.8776978417266187,0.38848920863309355,-0.732342610032355,1.9055888502963567,0.34713629331164764
hungary,cleveland,mirrams_equation9,mirrams,0,"{""d_model"": 64, ""dropout"": 0.1, ""evaluation_interval"": 5, ""learning_rate"": 0.0001, ""max_epochs"": 120, ""mirrams_confidence"": 0.95, ""mirrams_lambda_1"": 15.0, ""mirrams_lambda_2"": 15.0, ""mirrams_mask_rate"": 0.3, ""n_heads"": 4, ""n_layers"": 2, ""patience_evaluations"": 8, ""validation_mask_replicates"": 2, ""weight_decay"": 0.001}",5062,empirical_source,2,303.0,0.45874587458745875,0.66472188103176,0.6486811522841041,0.6793220988600075,0.668372899875067,0.24343571795091193,0.23807588670443544,0.5379537953795379,0.5649456044920161,0.6391752577319587,0.4979919678714859,0.8920863309352518,0.381294964028777,-0.6711720203370204,1.7850360604276891,0.34450490845802056
hungary,cleveland,mirrams_equation9,mirrams,0,"{""d_model"": 64, ""dropout"": 0.1, ""evaluation_interval"": 5, ""learning_rate"": 0.0001, ""max_epochs"": 120, ""mirrams_confidence"": 0.95, ""mirrams_lambda_1"": 15.0, ""mirrams_lambda_2"": 15.0, ""mirrams_mask_rate"": 0.3, ""n_heads"": 4, ""n_layers"": 2, ""patience_evaluations"": 8, ""validation_mask_replicates"": 2, ""weight_decay"": 0.001}",5062,empirical_source,3,303.0,0.45874587458745875,0.6469336725741358,0.6327354142542154,0.6856656774144713,0.6745327421841015,0.24644886404784191,0.24101175020815727,0.5313531353135313,0.5566546762589928,0.6282722513089005,0.49382716049382713,0.8633093525179856,0.4028776978417266,-0.6270306033623172,1.6210451188652044,0.3701476243792401
hungary,cleveland,mirrams_equation9,mirrams,0,"{""d_model"": 64, ""dropout"": 0.1, ""evaluation_interval"": 5, ""learning_rate"": 0.0001, ""max_epochs"": 120, ""mirrams_confidence"": 0.95, ""mirrams_lambda_1"": 15.0, ""mirrams_lambda_2"": 15.0, ""mirrams_mask_rate"": 0.3, ""n_heads"": 4, ""n_layers"": 2, ""patience_evaluations"": 8, ""validation_mask_replicates"": 2, ""weight_decay"": 0.001}",5062,empirical_source,4,303.0,0.45874587458745875,0.6373486576592384,0.5996210185710208,0.6845603738092385,0.6735021208593073,0.24587182793687093,0.24046359513873122,0.5445544554455446,0.569946481838919,0.6387434554973822,0.5020576131687243,0.8776978417266187,0.381294964028777,-0.6096532606741384,1.582006263901255,0.37263223193087636
hungary,cleveland,mirrams_equation9,mirrams,0,"{""d_model"": 64, ""dropout"": 0.1, ""evaluation_interval"": 5, ""learning_rate"": 0.0001, ""max_epochs"": 120, ""mirrams_confidence"": 0.95, ""mirrams_lambda_1"": 15.0, ""mirrams_lambda_2"": 15.0, ""mirrams_mask_rate"": 0.3, ""n_heads"": 4, ""n_layers"": 2, ""patience_evaluations"": 8, ""validation_mask_replicates"": 2, ""weight_decay"": 0.001}",5062,mar_age_sex_30,0,303.0,0.45874587458745875,0.6653360238638357,0.6284480441561862,0.6626618465923192,0.6566885442260322,0.23541659590510639,0.23245639671413,0.5577557755775577,0.5772065274609581,0.6277777777777778,0.5113122171945701,0.8129496402877698,0.4244604316546763,-0.4546855859130944,1.8576750421759798,0.309275251349286
hungary,cleveland,mirrams_equation9,mirrams,0,"{""d_model"": 64, ""dropout"": 0.1, ""evaluation_interval"": 5, ""learning_rate"": 0.0001, ""max_epochs"": 120, ""mirrams_confidence"": 0.95, ""mirrams_lambda_1"": 15.0, ""mirrams_lambda_2"": 15.0, ""mirrams_mask_rate"": 0.3, ""n_heads"": 4, ""n_layers"": 2, ""patience_evaluations"": 8, ""validation_mask_replicates"": 2, ""weight_decay"": 0.001}",5062,mar_age_sex_30,1,303.0,0.45874587458745875,0.685251798561151,0.6445485666211763,0.6577728100347119,0.6516775500797428,0.23285331184449867,0.22982719125108386,0.5907590759075908,0.6071459905246535,0.6436781609195402,0.5358851674641149,0.8057553956834532,0.4460431654676259,-0.5060560123540337,2.0965752823716497,0.3051776505633041
hungary,cleveland,mirrams_equation9,mirrams,0,"{""d_model"": 64, ""dropout"": 0.1, ""evaluation_interval"": 5, ""learning_rate"": 0.0001, ""max_epochs"": 120, ""mirrams_confidence"": 0.95, ""mirrams_lambda_1"": 15.0, ""mirrams_lambda_2"": 15.0, ""mirrams_mask_rate"": 0.3, ""n_heads"": 4, ""n_layers"": 2, ""patience_evaluations"": 8, ""validation_mask_replicates"": 2, ""weight_decay"": 0.001}",5062,mar_age_sex_30,2,303.0,0.45874587458745875,0.6979733286541498,0.6637988129533745,0.6595608801170115,0.652529504576592,0.23383234169380296,0.23034960092861329,0.5775577557755776,0.5976925776452009,0.6464088397790055,0.5246636771300448,0.841726618705036,0.4748201438848921,-0.5679986859508276,2.1243643846374125,0.3074133332232658
hungary,cleveland,mirrams_equation9,mirrams,0,"{""d_model"": 64, ""dropout"": 0.1, ""evaluation_interval"": 5, ""learning_rate"": 0.0001, ""max_epochs"": 120, ""mirrams_confidence"": 0.95, ""mirrams_lambda_1"": 15.0, ""mirrams_lambda_2"": 15.0, ""mirrams_mask_rate"": 0.3, ""n_heads"": 4, ""n_layers"": 2, ""patience_evaluations"": 8, ""validation_mask_replicates"": 2, ""weight_decay"": 0.001}",5062,mar_age_sex_30,3,303.0,0.45874587458745875,0.6879277066151956,0.6542638888741825,0.6576759212450951,0.6507938775988683,0.23290129455496858,0.22950742374092897,0.6039603960396039,0.6226311633619934,0.6629213483146067,0.543778801843318,0.8489208633093526,0.4460431654676259,-0.5437819280199575,2.071488370041292,0.2901048766470536
hungary,cleveland,mirrams_equation9,mirrams,0,"{""d_model"": 64, ""dropout"": 0.1, ""evaluation_interval"": 5, ""learning_rate"": 0.0001, ""max_epochs"": 120, ""mirrams_confidence"": 0.95, ""mirrams_lambda_1"": 15.0, ""mirrams_lambda_2"": 15.0, ""mirrams_mask_rate"": 0.3, ""n_heads"": 4, ""n_layers"": 2, ""patience_evaluations"": 8, ""validation_mask_replicates"": 2, ""weight_decay"": 0.001}",5062,mar_age_sex_30,4,303.0,0.45874587458745875,0.6984120021056326,0.6582928611580644,0.653738192599647,0.6472528759810228,0.23089580127253248,0.22771023873209922,0.6138613861386139,0.6312291630110546,0.6666666666666666,0.5518867924528302,0.841726618705036,0.460431654676259,-0.5538592500906426,2.26956138509665,0.28431234969893593
hungary,cleveland,mirrams_equation9,mirrams,0,"{""d_model"": 64, ""dropout"": 0.1, ""evaluation_interval"": 5, ""learning_rate"": 0.0001, ""max_epochs"": 120, ""mirrams_confidence"": 0.95, ""mirrams_lambda_1"": 15.0, ""mirrams_lambda_2"": 15.0, ""mirrams_mask_rate"": 0.3, ""n_heads"": 4, ""n_layers"": 2, ""patience_evaluations"": 8, ""validation_mask_replicates"": 2, ""weight_decay"": 0.001}",5062,mcar_10,0,303.0,0.45874587458745875,0.7352167046850324,0.7166537388202575,0.6549695596265088,0.6466773138105637,0.23142783334660788,0.22734734795711004,0.594059405940594,0.6173232145990525,0.6702412868632708,0.5341880341880342,0.8992805755395683,0.5323741007194245,-0.8607865627539871,3.0930371727657837,0.2830238466377379
hungary,cleveland,mirrams_equation9,mirrams,0,"{""d_model"": 64, ""dropout"": 0.1, ""evaluation_interval"": 5, ""learning_rate"": 0.0001, ""max_epochs"": 120, ""mirrams_confidence"": 0.95, ""mirrams_lambda_1"": 15.0, ""mirrams_lambda_2"": 15.0, ""mirrams_mask_rate"": 0.3, ""n_heads"": 4, ""n_layers"": 2, ""patience_evaluations"": 8, ""validation_mask_replicates"": 2, ""weight_decay"": 0.001}",5062,mcar_10,1,303.0,0.45874587458745875,0.7073170731707317,0.679876723074407,0.6552448825132171,0.6482822402016553,0.23165595521340754,0.2282352674110068,0.6204620462046204,0.6400684330584313,0.6796657381615598,0.5545454545454546,0.8776978417266187,0.460431654676259,-0.6173540288964308,2.4445166170315407,0.28783617257624805
hungary,cleveland,mirrams_equation9,mirrams,0,"{""d_model"": 64, ""dropout"": 0.1, ""evaluation_interval"": 5, ""learning_rate"": 0.0001, ""max_epochs"": 120, ""mirrams_confidence"": 0.95, ""mirrams_lambda_1"": 15.0, ""mirrams_lambda_2"": 15.0, ""mirrams_mask_rate"": 0.3, ""n_heads"": 4, ""n_layers"": 2, ""patience_evaluations"": 8, ""validation_mask_replicates"": 2, ""weight_decay"": 0.001}",5062,mcar_10,2,303.0,0.45874587458745875,0.7093788383927003,0.698671326307772,0.6564844626676247,0.649497362938826,0.23218588835468076,0.22874998089307955,0.5907590759075908,0.6104360414107739,0.6555555555555556,0.5339366515837104,0.8489208633093526,0.43884892086330934,-0.6356779897186465,2.506736963742407,0.2871082899369325
hungary,cleveland,mirrams_equation9,mirrams,0,"{""d_model"": 64, ""dropout"": 0.1, ""evaluation_interval"": 5, ""learning_rate"": 0.0001, ""max_epochs"": 120, ""mirrams_confidence"": 0.95, ""mirrams_lambda_1"": 15.0, ""mirrams_lambda_2"": 15.0, ""mirrams_mask_rate"": 0.3, ""n_heads"": 4, ""n_layers"": 2, ""patience_evaluations"": 8, ""validation_mask_replicates"": 2, ""weight_decay"": 0.001}",5062,mcar_10,3,303.0,0.45874587458745875,0.7253026846815231,0.7222883562984777,0.6536062723014899,0.64663844879102,0.23084226950771405,0.22741687800677118,0.6105610561056105,0.6298254079663099,0.6703910614525139,0.547945205479452,0.8633093525179856,0.5035971223021583,-0.7194533152843049,2.9613234269870325,0.27258653231845703
hungary,cleveland,mirrams_equation9,mirrams,0,"{""d_model"": 64, ""dropout"": 0.1, ""evaluation_interval"": 5, ""learning_rate"": 0.0001, ""max_epochs"": 120, ""mirrams_confidence"": 0.95, ""mirrams_lambda_1"": 15.0, ""mirrams_lambda_2"": 15.0, ""mirrams_mask_rate"": 0.3, ""n_heads"": 4, ""n_layers"": 2, ""patience_evaluations"": 8, ""validation_mask_replicates"": 2, ""weight_decay"": 0.001}",5062,mcar_10,4,303.0,0.45874587458745875,0.733856816985436,0.7164733755601309,0.6500299032424409,0.6429135329767744,0.22910225767324705,0.22559498247341758,0.6006600660066007,0.6228724337603089,0.6720867208672087,0.5391304347826087,0.8920863309352518,0.5611510791366906,-0.7199506716416401,2.8249961925697993,0.2665471103813795
hungary,cleveland,mirrams_equation9,mirrams,0,"{""d_model"": 64, ""dropout"": 0.1, ""evaluation_interval"": 5, ""learning_rate"": 0.0001, ""max_epochs"": 120, ""mirrams_confidence"": 0.95, ""mirrams_lambda_1"": 15.0, ""mirrams_lambda_2"": 15.0, ""mirrams_mask_rate"": 0.3, ""n_heads"": 4, ""n_layers"": 2, ""patience_evaluations"": 8, ""validation_mask_replicates"": 2, ""weight_decay"": 0.001}",5062,mcar_30,0,303.0,0.45874587458745875,0.6732760133356729,0.6237057280438751,0.6603646801031937,0.6557130702237531,0.23403158230991616,0.23172216473937618,0.5874587458745875,0.6030005264081417,0.6376811594202898,0.5339805825242718,0.7913669064748201,0.39568345323741005,-0.3704552637305625,1.663610965258716,0.31942600321378145
hungary,cleveland,mirrams_equation9,mirrams,0,"{""d_model"": 64, ""dropout"": 0.1, ""evaluation_interval"": 5, ""learning_rate"": 0.0001, ""max_epochs"": 120, ""mirrams_confidence"": 0.95, ""mirrams_lambda_1"": 15.0, ""mirrams_lambda_2"": 15.0, ""mirrams_mask_rate"": 0.3, ""n_heads"": 4, ""n_layers"": 2, ""patience_evaluations"": 8, ""validation_mask_replicates"": 2, ""weight_decay"": 0.001}",5062,mcar_30,1,303.0,0.45874587458745875,0.6315581680996666,0.5691581660763426,0.6667745809643527,0.6629596778342545,0.23725438204184648,0.2353699804005327,0.5775577557755776,0.5883707668011932,0.6097560975609756,0.5291005291005291,0.7194244604316546,0.31654676258992803,-0.2973542917285999,1.422418632968801,0.32883778859584856
hungary,cleveland,mirrams_equation9,mirrams,0,"{""d_model"": 64, ""dropout"": 0.1, ""evaluation_interval"": 5, ""learning_rate"": 0.0001, ""max_epochs"": 120, ""mirrams_confidence"": 0.95, ""mirrams_lambda_1"": 15.0, ""mirrams_lambda_2"": 15.0, ""mirrams_mask_rate"": 0.3, ""n_heads"": 4, ""n_layers"": 2, ""patience_evaluations"": 8, ""validation_mask_replicates"": 2, ""weight_decay"": 0.001}",5062,mcar_30,2,303.0,0.45874587458745875,0.6826197578522548,0.6333510927333823,0.65762853695677,0.6527147359971365,0.2326226462221801,0.23020268756248438,0.6105610561056105,0.6232453061940691,0.6467065868263473,0.5538461538461539,0.7769784172661871,0.4460431654676259,-0.3989009445082411,1.8100514066865996,0.3083143752809495
hungary,cleveland,mirrams_equation9,mirrams,0,"{""d_model"": 64, ""dropout"": 0.1, ""evaluation_interval"": 5, ""learning_rate"": 0.0001, ""max_epochs"": 120, ""mirrams_confidence"": 0.95, ""mirrams_lambda_1"": 15.0, ""mirrams_lambda_2"": 15.0, ""mirrams_mask_rate"": 0.3, ""n_heads"": 4, ""n_layers"": 2, ""patience_evaluations"": 8, ""validation_mask_replicates"": 2, ""weight_decay"": 0.001}",5062,mcar_30,3,303.0,0.45874587458745875,0.6539743814704333,0.6081820683332753,0.6689466413403099,0.663298296028882,0.23815821265151768,0.23538195034114237,0.5742574257425742,0.5891603790138621,0.6239067055393586,0.5245098039215687,0.7697841726618705,0.3669064748201439,-0.37251092723804025,1.4107218992679973,0.34696433167081453
hungary,cleveland,mirrams_equation9,mirrams,0,"{""d_model"": 64, ""dropout"": 0.1, ""evaluation_interval"": 5, ""learning_rate"": 0.0001, ""max_epochs"": 120, ""mirrams_confidence"": 0.95, ""mirrams_lambda_1"": 15.0, ""mirrams_lambda_2"": 15.0, ""mirrams_mask_rate"": 0.3, ""n_heads"": 4, ""n_layers"": 2, ""patience_evaluations"": 8, ""validation_mask_replicates"": 2, ""weight_decay"": 0.001}",5062,mcar_30,4,303.0,0.45874587458745875,0.6641077381996842,0.6229035958963189,0.6639233933822115,0.6583500281531002,0.23566844613570612,0.23292853822979806,0.6039603960396039,0.6187927706615196,0.6491228070175439,0.5467980295566502,0.7985611510791367,0.381294964028777,-0.3875470564513804,1.5222888064471338,0.3332341960768318
hungary,cleveland,mirrams_equation9,mirrams,0,"{""d_model"": 64, ""dropout"": 0.1, ""evaluation_interval"": 5, ""learning_rate"": 0.0001, ""max_epochs"": 120, ""mirrams_confidence"": 0.95, ""mirrams_lambda_1"": 15.0, ""mirrams_lambda_2"": 15.0, ""mirrams_mask_rate"": 0.3, ""n_heads"": 4, ""n_layers"": 2, ""patience_evaluations"": 8, ""validation_mask_replicates"": 2, ""weight_decay"": 0.001}",5062,mcar_50,0,303.0,0.45874587458745875,0.6223898929636779,0.6005884895824645,0.6681250761150057,0.6655148734757914,0.23799468993183723,0.2367039668843986,0.6006600660066007,0.6097122302158273,0.6230529595015576,0.5494505494505495,0.7194244604316546,0.33093525179856115,-0.24671094924213202,1.2104637954136912,0.33831292924991957
hungary,cleveland,mirrams_equation9,mirrams,0,"{""d_model"": 64, ""dropout"": 0.1, ""evaluation_interval"": 5, ""learning_rate"": 0.0001, ""max_epochs"": 120, ""mirrams_confidence"": 0.95, ""mirrams_lambda_1"": 15.0, ""mirrams_lambda_2"": 15.0, ""mirrams_mask_rate"": 0.3, ""n_heads"": 4, ""n_layers"": 2, ""patience_evaluations"": 8, ""validation_mask_replicates"": 2, ""weight_decay"": 0.001}",5062,mcar_50,1,303.0,0.45874587458745875,0.6414283207580278,0.5857449007165674,0.663687474269924,0.6613221865810711,0.2357537311984889,0.23457954205930265,0.6006600660066007,0.6086155465871206,0.6182965299684543,0.550561797752809,0.7050359712230215,0.34532374100719426,-0.24045176267950755,1.284121609020016,0.32942396877976077
hungary,cleveland,mirrams_equation9,mirrams,0,"{""d_model"": 64, ""dropout"": 0.1, ""evaluation_interval"": 5, ""learning_rate"": 0.0001, ""max_epochs"": 120, ""mirrams_confidence"": 0.95, ""mirrams_lambda_1"": 15.0, ""mirrams_lambda_2"": 15.0, ""mirrams_mask_rate"": 0.3, ""n_heads"": 4, ""n_layers"": 2, ""patience_evaluations"": 8, ""validation_mask_replicates"": 2, ""weight_decay"": 0.001}",5062,mcar_50,2,303.0,0.45874587458745875,0.6037901386208108,0.5556870748720655,0.678357428672896,0.6745244919525556,0.24290376990580498,0.2410206149359908,0.5412541254125413,0.5509957887348658,0.5723076923076923,0.5,0.6690647482014388,0.2733812949640288,-0.26204206103336514,1.0303829740344181,0.36784580484478546
hungary,cleveland,mirrams_equation9,mirrams,0,"{""d_model"": 64, ""dropout"": 0.1, ""evaluation_interval"": 5, ""learning_rate"": 0.0001, ""max_epochs"": 120, ""mirrams_confidence"": 0.95, ""mirrams_lambda_1"": 15.0, ""mirrams_lambda_2"": 15.0, ""mirrams_mask_rate"": 0.3, ""n_heads"": 4, ""n_layers"": 2, ""patience_evaluations"": 8, ""validation_mask_replicates"": 2, ""weight_decay"": 0.001}",5062,mcar_50,3,303.0,0.45874587458745875,0.6030443937532901,0.5230110663535895,0.682499470800997,0.6801139591730904,0.24446264160956135,0.24323266317839007,0.5676567656765676,0.5753860326373048,0.5867507886435331,0.5224719101123596,0.6690647482014388,0.2589928057553957,-0.20789604541868048,0.7680999049938912,0.39800629106718255
hungary,cleveland,mirrams_equation9,mirrams,0,"{""d_model"": 64, ""dropout"": 0.1, ""evaluation_interval"": 5, ""learning_rate"": 0.0001, ""max_epochs"": 120, ""mirrams_confidence"": 0.95, ""mirrams_lambda_1"": 15.0, ""mirrams_lambda_2"": 15.0, ""mirrams_mask_rate"": 0.3, ""n_heads"": 4, ""n_layers"": 2, ""patience_evaluations"": 8, ""validation_mask_replicates"": 2, ""weight_decay"": 0.001}",5062,mcar_50,4,303.0,0.45874587458745875,0.647438147043341,0.5723012130647835,0.6652124543598471,0.6629533103647665,0.23632561352075843,0.23518726969823434,0.594059405940594,0.6025179856115108,0.6144200626959248,0.5444444444444444,0.7050359712230215,0.3669064748201439,-0.24127160025954358,1.3281694674862885,0.34148381845848197
hungary,cleveland,mirrams_equation9,mirrams,0,"{""d_model"": 64, ""dropout"": 0.1, ""evaluation_interval"": 5, ""learning_rate"": 0.0001, ""max_epochs"": 120, ""mirrams_confidence"": 0.95, ""mirrams_lambda_1"": 15.0, ""mirrams_lambda_2"": 15.0, ""mirrams_mask_rate"": 0.3, ""n_heads"": 4, ""n_layers"": 2, ""patience_evaluations"": 8, ""validation_mask_replicates"": 2, ""weight_decay"": 0.001}",5062,natural,0,303.0,0.45874587458745875,0.7460080715915072,0.7429276666715052,0.6531360449680819,0.6451884305826845,0.23057187630935747,0.2266594207052267,0.6072607260726073,0.6300666783646254,0.6792452830188679,0.5431034482758621,0.9064748201438849,0.5539568345323741,-0.9035389949162528,3.409986654748956,0.27140357430551826
hungary,cleveland,mirrams_equation9,mirrams,0,"{""d_model"": 64, ""dropout"": 0.1, ""evaluation_interval"": 5, ""learning_rate"": 0.0001, ""max_epochs"": 120, ""mirrams_confidence"": 0.95, ""mirrams_lambda_1"": 15.0, ""mirrams_lambda_2"": 15.0, ""mirrams_mask_rate"": 0.3, ""n_heads"": 4, ""n_layers"": 2, ""patience_evaluations"": 8, ""validation_mask_replicates"": 2, ""weight_decay"": 0.001}",5063,drop_advanced,0,303.0,0.45874587458745875,0.6022109141954729,0.5418063655196041,0.7495273103569113,0.7252197528167034,0.2763061482650901,0.26476751025606643,0.44554455445544555,0.4850631689770135,0.6146788990825688,0.4511784511784512,0.9640287769784173,0.28776978417266186,-0.7546870951915432,0.973044490487858,0.4720973959552347
hungary,cleveland,mirrams_equation9,mirrams,0,"{""d_model"": 64, ""dropout"": 0.1, ""evaluation_interval"": 5, ""learning_rate"": 0.0001, ""max_epochs"": 120, ""mirrams_confidence"": 0.95, ""mirrams_lambda_1"": 15.0, ""mirrams_lambda_2"": 15.0, ""mirrams_mask_rate"": 0.3, ""n_heads"": 4, ""n_layers"": 2, ""patience_evaluations"": 8, ""validation_mask_replicates"": 2, ""weight_decay"": 0.001}",5063,drop_exercise,0,303.0,0.45874587458745875,0.5850587822424986,0.5354066580983318,0.8126849023248801,0.777793550194051,0.30481626557140934,0.2885004384194402,0.46204620462046203,0.5030487804878049,0.6303854875283447,0.4602649006622517,1.0,0.381294964028777,-0.8232228473364407,0.7688647233385147,0.47737024817104745
hungary,cleveland,mirrams_equation9,mirrams,0,"{""d_model"": 64, ""dropout"": 0.1, ""evaluation_interval"": 5, ""learning_rate"": 0.0001, ""max_epochs"": 120, ""mirrams_confidence"": 0.95, ""mirrams_lambda_1"": 15.0, ""mirrams_lambda_2"": 15.0, ""mirrams_mask_rate"": 0.3, ""n_heads"": 4, ""n_layers"": 2, ""patience_evaluations"": 8, ""validation_mask_replicates"": 2, ""weight_decay"": 0.001}",5063,drop_routine,0,303.0,0.45874587458745875,0.6200649236708194,0.574692656451597,0.7242737207528731,0.7043745786796793,0.2648362421203412,0.25529332639089825,0.45874587458745875,0.49616160729952624,0.616822429906542,0.45674740484429066,0.9496402877697842,0.30935251798561153,-0.802720421350929,1.2762259960112685,0.44356217807918824
hungary,cleveland,mirrams_equation9,mirrams,0,"{""d_model"": 64, ""dropout"": 0.1, ""evaluation_interval"": 5, ""learning_rate"": 0.0001, ""max_epochs"": 120, ""mirrams_confidence"": 0.95, ""mirrams_lambda_1"": 15.0, ""mirrams_lambda_2"": 15.0, ""mirrams_mask_rate"": 0.3, ""n_heads"": 4, ""n_layers"": 2, ""patience_evaluations"": 8, ""validation_mask_replicates"": 2, ""weight_decay"": 0.001}",5063,empirical_source,0,303.0,0.45874587458745875,0.5607562730303561,0.5163168040477325,0.7833972382495312,0.7538521735258814,0.2914279456394621,0.27752676480519206,0.4521452145214521,0.49280575539568344,0.6227272727272727,0.45514950166112955,0.9856115107913669,0.26618705035971224,-0.6124739039646895,0.6152292761482051,0.4935487234998727
hungary,cleveland,mirrams_equation9,mirrams,0,"{""d_model"": 64, ""dropout"": 0.1, ""evaluation_interval"": 5, ""learning_rate"": 0.0001, ""max_epochs"": 120, ""mirrams_confidence"": 0.95, ""mirrams_lambda_1"": 15.0, ""mirrams_lambda_2"": 15.0, ""mirrams_mask_rate"": 0.3, ""n_heads"": 4, ""n_layers"": 2, ""patience_evaluations"": 8, ""validation_mask_replicates"": 2, ""weight_decay"": 0.001}",5063,empirical_source,1,303.0,0.45874587458745875,0.5582119670117565,0.47440490560937126,0.7787309020886302,0.7498570231751884,0.28863666130778687,0.2750543035437595,0.46534653465346537,0.5060975609756098,0.6318181818181818,0.46179401993355484,1.0,0.2158273381294964,-0.6044603912558384,0.6219125064692889,0.5329988029524946
hungary,cleveland,mirrams_equation9,mirrams,0,"{""d_model"": 64, ""dropout"": 0.1, ""evaluation_interval"": 5, ""learning_rate"": 0.0001, ""max_epochs"": 120, ""mirrams_confidence"": 0.95, ""mirrams_lambda_1"": 15.0, ""mirrams_lambda_2"": 15.0, ""mirrams_mask_rate"": 0.3, ""n_heads"": 4, ""n_layers"": 2, ""patience_evaluations"": 8, ""validation_mask_replicates"": 2, ""weight_decay"": 0.001}",5063,empirical_source,2,303.0,0.45874587458745875,0.5665906299350764,0.5180212002222433,0.7783991137004691,0.7493181730042181,0.28914764539589305,0.2754533996989954,0.45874587458745875,0.49945165818564663,0.6272727272727273,0.4584717607973422,0.9928057553956835,0.22302158273381295,-0.6916865565979904,0.7345323729505063,0.49265982364788574
hungary,cleveland,mirrams_equation9,mirrams,0,"{""d_model"": 64, ""dropout"": 0.1, ""evaluation_interval"": 5, ""learning_rate"": 0.0001, ""max_epochs"": 120, ""mirrams_confidence"": 0.95, ""mirrams_lambda_1"": 15.0, ""mirrams_lambda_2"": 15.0, ""mirrams_mask_rate"": 0.3, ""n_heads"": 4, ""n_layers"": 2, ""patience_evaluations"": 8, ""validation_mask_replicates"": 2, ""weight_decay"": 0.001}",5063,empirical_source,3,303.0,0.45874587458745875,0.5515002632040709,0.4904410749486344,0.7836348173861015,0.7543973287004574,0.2910386229357308,0.277320588468004,0.4521452145214521,0.49170907176697665,0.6192660550458715,0.45454545454545453,0.9712230215827338,0.2302158273381295,-0.5260039706465747,0.5030641021150524,0.518931664733106
hungary,cleveland,mirrams_equation9,mirrams,0,"{""d_model"": 64, ""dropout"": 0.1, ""evaluation_interval"": 5, ""learning_rate"": 0.0001, ""max_epochs"": 120, ""mirrams_confidence"": 0.95, ""mirrams_lambda_1"": 15.0, ""mirrams_lambda_2"": 15.0, ""mirrams_mask_rate"": 0.3, ""n_heads"": 4, ""n_layers"": 2, ""patience_evaluations"": 8, ""validation_mask_replicates"": 2, ""weight_decay"": 0.001}",5063,empirical_source,4,303.0,0.45874587458745875,0.5315406211616073,0.48489231706844904,0.7898730709843181,0.7608026592270771,0.29414899354707535,0.2804913529494901,0.44224422442244227,0.48146604667485526,0.6114942528735632,0.44932432432432434,0.9568345323741008,0.19424460431654678,-0.3158250115903219,0.21198924171687497,0.5222172780218717
hungary,cleveland,mirrams_equation9,mirrams,0,"{""d_model"": 64, ""dropout"": 0.1, ""evaluation_interval"": 5, ""learning_rate"": 0.0001, ""max_epochs"": 120, ""mirrams_confidence"": 0.95, ""mirrams_lambda_1"": 15.0, ""mirrams_lambda_2"": 15.0, ""mirrams_mask_rate"": 0.3, ""n_heads"": 4, ""n_layers"": 2, ""patience_evaluations"": 8, ""validation_mask_replicates"": 2, ""weight_decay"": 0.001}",5063,mar_age_sex_30,0,303.0,0.45874587458745875,0.6162484646429198,0.5742335304646033,0.7470479789461477,0.7220075039927321,0.27523469327771993,0.26336644682919585,0.46204620462046203,0.5003070714160379,0.6218097447795824,0.4589041095890411,0.9640287769784173,0.38848920863309355,-0.9135387622053875,1.1910908464522352,0.44441449153411755
hungary,cleveland,mirrams_equation9,mirrams,0,"{""d_model"": 64, ""dropout"": 0.1, ""evaluation_interval"": 5, ""learning_rate"": 0.0001, ""max_epochs"": 120, ""mirrams_confidence"": 0.95, ""mirrams_lambda_1"": 15.0, ""mirrams_lambda_2"": 15.0, ""mirrams_mask_rate"": 0.3, ""n_heads"": 4, ""n_layers"": 2, ""patience_evaluations"": 8, ""validation_mask_replicates"": 2, ""weight_decay"": 0.001}",5063,mar_age_sex_30,1,303.0,0.45874587458745875,0.5995350061414283,0.5304984917027726,0.7557671568870644,0.729531929216595,0.2787024642247494,0.2663019968829409,0.46534653465346537,0.5044525355325495,0.6267281105990783,0.4610169491525424,0.9784172661870504,0.2733812949640288,-0.8511430080862126,1.0529436898846127,0.47956178096532087
hungary,cleveland,mirrams_equation9,mirrams,0,"{""d_model"": 64, ""dropout"": 0.1, ""evaluation_interval"": 5, ""learning_rate"": 0.0001, ""max_epochs"": 120, ""mirrams_confidence"": 0.95, ""mirrams_lambda_1"": 15.0, ""mirrams_lambda_2"": 15.0, ""mirrams_mask_rate"": 0.3, ""n_heads"": 4, ""n_layers"": 2, ""patience_evaluations"": 8, ""validation_mask_replicates"": 2, ""weight_decay"": 0.001}",5063,mar_age_sex_30,2,303.0,0.45874587458745875,0.5850149148973504,0.5404896346019434,0.7570806574021095,0.7312806835595038,0.2797676833270036,0.26753018871964,0.45874587458745875,0.4989033163712932,0.6255707762557078,0.45819397993311034,0.9856115107913669,0.2589928057553957,-0.7869586395449607,0.9711353509836907,0.4729982342604191
hungary,cleveland,mirrams_equation9,mirrams,0,"{""d_model"": 64, ""dropout"": 0.1, ""evaluation_interval"": 5, ""learning_rate"": 0.0001, ""max_epochs"": 120, ""mirrams_confidence"": 0.95, ""mirrams_lambda_1"": 15.0, ""mirrams_lambda_2"": 15.0, ""mirrams_mask_rate"": 0.3, ""n_heads"": 4, ""n_layers"": 2, ""patience_evaluations"": 8, ""validation_mask_replicates"": 2, ""weight_decay"": 0.001}",5063,mar_age_sex_30,3,303.0,0.45874587458745875,0.5747938234778031,0.5228177081174998,0.7615362365258165,0.7358506921792285,0.28167427050107446,0.26951091107624026,0.44554455445544555,0.48451482716266014,0.6129032258064516,0.45084745762711864,0.9568345323741008,0.28776978417266186,-0.6218115007546428,0.7189447611962159,0.48724937324599377
hungary,cleveland,mirrams_equation9,mirrams,0,"{""d_model"": 64, ""dropout"": 0.1, ""evaluation_interval"": 5, ""learning_rate"": 0.0001, ""max_epochs"": 120, ""mirrams_confidence"": 0.95, ""mirrams_lambda_1"": 15.0, ""mirrams_lambda_2"": 15.0, ""mirrams_mask_rate"": 0.3, ""n_heads"": 4, ""n_layers"": 2, ""patience_evaluations"": 8, ""validation_mask_replicates"": 2, ""weight_decay"": 0.001}",5063,mar_age_sex_30,4,303.0,0.45874587458745875,0.5794437620635199,0.5217030875699863,0.7610629306321381,0.7355652386713374,0.2815107493380181,0.26942913100857074,0.45544554455445546,0.4936611686260748,0.617169373549884,0.4554794520547945,0.9568345323741008,0.2949640287769784,-0.6114487106855043,0.7073164639361299,0.48857630510297073
hungary,cleveland,mirrams_equation9,mirrams,0,"{""d_model"": 64, ""dropout"": 0.1, ""evaluation_interval"": 5, ""learning_rate"": 0.0001, ""max_epochs"": 120, ""mirrams_confidence"": 0.95, ""mirrams_lambda_1"": 15.0, ""mirrams_lambda_2"": 15.0, ""mirrams_mask_rate"": 0.3, ""n_heads"": 4, ""n_layers"": 2, ""patience_evaluations"": 8, ""validation_mask_replicates"": 2, ""weight_decay"": 0.001}",5063,mcar_10,0,303.0,0.45874587458745875,0.6116423934023512,0.553549383674719,0.7418135025925613,0.7184529748385384,0.27299341976644065,0.26184842566537336,0.44884488448844884,0.4881119494648184,0.6160919540229886,0.4527027027027027,0.9640287769784173,0.35251798561151076,-0.8676251355498074,1.203854913635861,0.46300577626713924
hungary,cleveland,mirrams_equation9,mirrams,0,"{""d_model"": 64, ""dropout"": 0.1, ""evaluation_interval"": 5, ""learning_rate"": 0.0001, ""max_epochs"": 120, ""mirrams_confidence"": 0.95, ""mirrams_lambda_1"": 15.0, ""mirrams_lambda_2"": 15.0, ""mirrams_mask_rate"": 0.3, ""n_heads"": 4, ""n_layers"": 2, ""patience_evaluations"": 8, ""validation_mask_replicates"": 2, ""weight_decay"": 0.001}",5063,mcar_10,1,303.0,0.45874587458745875,0.6048868222495174,0.5604671113999906,0.7408108823282019,0.7177659950905759,0.2723960782633612,0.26141076116014383,0.4752475247524752,0.5135988769959642,0.6310904872389791,0.4657534246575342,0.9784172661870504,0.3237410071942446,-0.8107921545706777,1.1228018792358974,0.4561249009731368
hungary,cleveland,mirrams_equation9,mirrams,0,"{""d_model"": 64, ""dropout"": 0.1, ""evaluation_interval"": 5, ""learning_rate"": 0.0001, ""max_epochs"": 120, ""mirrams_confidence"": 0.95, ""mirrams_lambda_1"": 15.0, ""mirrams_lambda_2"": 15.0, ""mirrams_mask_rate"": 0.3, ""n_heads"": 4, ""n_layers"": 2, ""patience_evaluations"": 8, ""validation_mask_replicates"": 2, ""weight_decay"": 0.001}",5063,mcar_10,2,303.0,0.45874587458745875,0.5854097210036848,0.5749348619214576,0.7444684765314152,0.721623765641425,0.27444037879590616,0.26353842944445505,0.4521452145214521,0.4906123881382699,0.6157407407407407,0.4539249146757679,0.9568345323741008,0.3237410071942446,-0.6989883883717676,0.9360229517651406,0.44894597896716315
hungary,cleveland,mirrams_equation9,mirrams,0,"{""d_model"": 64, ""dropout"": 0.1, ""evaluation_interval"": 5, ""learning_rate"": 0.0001, ""max_epochs"": 120, ""mirrams_confidence"": 0.95, ""mirrams_lambda_1"": 15.0, ""mirrams_lambda_2"": 15.0, ""mirrams_mask_rate"": 0.3, ""n_heads"": 4, ""n_layers"": 2, ""patience_evaluations"": 8, ""validation_mask_replicates"": 2, ""weight_decay"": 0.001}",5063,mcar_10,3,303.0,0.45874587458745875,0.5937883839270046,0.5583892885540773,0.7443089848714483,0.7212474342283354,0.2741510736764549,0.2631493806443471,0.4521452145214521,0.4906123881382699,0.6157407407407407,0.4539249146757679,0.9568345323741008,0.31654676258992803,-0.7341355351568721,0.9904525214940394,0.4578987125506202
hungary,cleveland,mirrams_equation9,mirrams,0,"{""d_model"": 64, ""dropout"": 0.1, ""evaluation_interval"": 5, ""learning_rate"": 0.0001, ""max_epochs"": 120, ""mirrams_confidence"": 0.95, ""mirrams_lambda_1"": 15.0, ""mirrams_lambda_2"": 15.0, ""mirrams_mask_rate"": 0.3, ""n_heads"": 4, ""n_layers"": 2, ""patience_evaluations"": 8, ""validation_mask_replicates"": 2, ""weight_decay"": 0.001}",5063,mcar_10,4,303.0,0.45874587458745875,0.5898841902088086,0.5608313819897355,0.745203706861871,0.721778145154702,0.2745482996083346,0.2633761569627578,0.45874587458745875,0.4978066327425864,0.6221198156682027,0.4576271186440678,0.9712230215827338,0.30935251798561153,-0.7633025465269068,1.0260664565204733,0.4581462870446099
hungary,cleveland,mirrams_equation9,mirrams,0,"{""d_model"": 64, ""dropout"": 0.1, ""evaluation_interval"": 5, ""learning_rate"": 0.0001, ""max_epochs"": 120, ""mirrams_confidence"": 0.95, ""mirrams_lambda_1"": 15.0, ""mirrams_lambda_2"": 15.0, ""mirrams_mask_rate"": 0.3, ""n_heads"": 4, ""n_layers"": 2, ""patience_evaluations"": 8, ""validation_mask_replicates"": 2, ""weight_decay"": 0.001}",5063,mcar_30,0,303.0,0.45874587458745875,0.5150464993858572,0.511984763566971,0.7641228184830794,0.7405618890508988,0.28328917771120454,0.2720657169082655,0.45544554455445546,0.492564484997368,0.6135831381733021,0.4548611111111111,0.9424460431654677,0.2446043165467626,-0.28954384844251135,0.2155075866143349,0.5005538081894094
hungary,cleveland,mirrams_equation9,mirrams,0,"{""d_model"": 64, ""dropout"": 0.1, ""evaluation_interval"": 5, ""learning_rate"": 0.0001, ""max_epochs"": 120, ""mirrams_confidence"": 0.95, ""mirrams_lambda_1"": 15.0, ""mirrams_lambda_2"": 15.0, ""mirrams_mask_rate"": 0.3, ""n_heads"": 4, ""n_layers"": 2, ""patience_evaluations"": 8, ""validation_mask_replicates"": 2, ""weight_decay"": 0.001}",5063,mcar_30,1,303.0,0.45874587458745875,0.5716792419722758,0.5219640564670669,0.7520154211223201,0.7285324933170116,0.2773940107464748,0.26621998573247235,0.46204620462046203,0.5008554132303913,0.6235565819861432,0.45918367346938777,0.9712230215827338,0.2805755395683453,-0.5685440349103323,0.6953243056352244,0.48664201800460083
hungary,cleveland,mirrams_equation9,mirrams,0,"{""d_model"": 64, ""dropout"": 0.1, ""evaluation_interval"": 5, ""learning_rate"": 0.0001, ""max_epochs"": 120, ""mirrams_confidence"": 0.95, ""mirrams_lambda_1"": 15.0, ""mirrams_lambda_2"": 15.0, ""mirrams_mask_rate"": 0.3, ""n_heads"": 4, ""n_layers"": 2, ""patience_evaluations"": 8, ""validation_mask_replicates"": 2, ""weight_decay"": 0.001}",5063,mcar_30,2,303.0,0.45874587458745875,0.5733023337427618,0.5389341445898339,0.7484251267642948,0.7253444725930169,0.27611101827534207,0.2650836607008678,0.46204620462046203,0.5014037550447447,0.6252873563218391,0.4594594594594595,0.9784172661870504,0.2805755395683453,-0.6380202196019269,0.8270313672663228,0.4732070391330721
hungary,cleveland,mirrams_equation9,mirrams,0,"{""d_model"": 64, ""dropout"": 0.1, ""evaluation_interval"": 5, ""learning_rate"": 0.0001, ""max_epochs"": 120, ""mirrams_confidence"": 0.95, ""mirrams_lambda_1"": 15.0, ""mirrams_lambda_2"": 15.0, ""mirrams_mask_rate"": 0.3, ""n_heads"": 4, ""n_layers"": 2, ""patience_evaluations"": 8, ""validation_mask_replicates"": 2, ""weight_decay"": 0.001}",5063,mcar_30,3,303.0,0.45874587458745875,0.5706702930338656,0.5235341871967953,0.7525993831108576,0.7292952441544992,0.27775031469777145,0.26666614713634695,0.45544554455445546,0.49311282681172136,0.6153846153846154,0.45517241379310347,0.9496402877697842,0.3237410071942446,-0.534775918408734,0.6412282259439743,0.48605614863451374
hungary,cleveland,mirrams_equation9,mirrams,0,"{""d_model"": 64, ""dropout"": 0.1, ""evaluation_interval"": 5, ""learning_rate"": 0.0001, ""max_epochs"": 120, ""mirrams_confidence"": 0.95, ""mirrams_lambda_1"": 15.0, ""mirrams_lambda_2"": 15.0, ""mirrams_mask_rate"": 0.3, ""n_heads"": 4, ""n_layers"": 2, ""patience_evaluations"": 8, ""validation_mask_replicates"": 2, ""weight_decay"": 0.001}",5063,mcar_30,4,303.0,0.45874587458745875,0.5725565888752413,0.5473053459336846,0.7483257483229825,0.7250206706078598,0.2759628048385031,0.26485925924079945,0.46204620462046203,0.5003070714160379,0.6218097447795824,0.4589041095890411,0.9640287769784173,0.28776978417266186,-0.6459087915537511,0.8307123331017274,0.4684310428950596
hungary,cleveland,mirrams_equation9,mirrams,0,"{""d_model"": 64, ""dropout"": 0.1, ""evaluation_interval"": 5, ""learning_rate"": 0.0001, ""max_epochs"": 120, ""mirrams_confidence"": 0.95, ""mirrams_lambda_1"": 15.0, ""mirrams_lambda_2"": 15.0, ""mirrams_mask_rate"": 0.3, ""n_heads"": 4, ""n_layers"": 2, ""patience_evaluations"": 8, ""validation_mask_replicates"": 2, ""weight_decay"": 0.001}",5063,mcar_50,0,303.0,0.45874587458745875,0.5511493244428847,0.5273753830678584,0.7502320157877231,0.7281763222841994,0.2767735426780843,0.26625486879692384,0.46864686468646866,0.5047596069485875,0.6193853427895981,0.4612676056338028,0.9424460431654677,0.33093525179856115,-0.4478211270784671,0.5196331597207109,0.48440015270452597
hungary,cleveland,mirrams_equation9,mirrams,0,"{""d_model"": 64, ""dropout"": 0.1, ""evaluation_interval"": 5, ""learning_rate"": 0.0001, ""max_epochs"": 120, ""mirrams_confidence"": 0.95, ""mirrams_lambda_1"": 15.0, ""mirrams_lambda_2"": 15.0, ""mirrams_mask_rate"": 0.3, ""n_heads"": 4, ""n_layers"": 2, ""patience_evaluations"": 8, ""validation_mask_replicates"": 2, ""weight_decay"": 0.001}",5063,mcar_50,1,303.0,0.45874587458745875,0.5441744165643094,0.5528720095243809,0.7542289288692441,0.7318215343904096,0.2790630820340992,0.2683968850410036,0.4521452145214521,0.4889673626952097,0.6103286384976526,0.4529616724738676,0.935251798561151,0.33093525179856115,-0.4183380888000452,0.4546338927438579,0.46757536853226883
hungary,cleveland,mirrams_equation9,mirrams,0,"{""d_model"": 64, ""dropout"": 0.1, ""evaluation_interval"": 5, ""learning_rate"": 0.0001, ""max_epochs"": 120, ""mirrams_confidence"": 0.95, ""mirrams_lambda_1"": 15.0, ""mirrams_lambda_2"": 15.0, ""mirrams_mask_rate"": 0.3, ""n_heads"": 4, ""n_layers"": 2, ""patience_evaluations"": 8, ""validation_mask_replicates"": 2, ""weight_decay"": 0.001}",5063,mcar_50,2,303.0,0.45874587458745875,0.528908580452711,0.49212117337974953,0.7604204651969673,0.7369957522006674,0.28130740917265173,0.2701571439037878,0.46534653465346537,0.5017108264607826,0.6179245283018868,0.45964912280701753,0.9424460431654677,0.2446043165467626,-0.3589081603417201,0.33781893738484353,0.5120026660741739
hungary,cleveland,mirrams_equation9,mirrams,0,"{""d_model"": 64, ""dropout"": 0.1, ""evaluation_interval"": 5, ""learning_rate"": 0.0001, ""max_epochs"": 120, ""mirrams_confidence"": 0.95, ""mirrams_lambda_1"": 15.0, ""mirrams_lambda_2"": 15.0, ""mirrams_mask_rate"": 0.3, ""n_heads"": 4, ""n_layers"": 2, ""patience_evaluations"": 8, ""validation_mask_replicates"": 2, ""weight_decay"": 0.001}",5063,mcar_50,3,303.0,0.45874587458745875,0.5906738024214775,0.5430618865304814,0.7374841969449819,0.715426335253159,0.2707189903664802,0.26016741968235313,0.48514851485148514,0.5227452184593788,0.6355140186915887,0.47058823529411764,0.9784172661870504,0.23741007194244604,-0.7609074933748923,1.0889391902548733,0.4696075199575106
hungary,cleveland,mirrams_equation9,mirrams,0,"{""d_model"": 64, ""dropout"": 0.1, ""evaluation_interval"": 5, ""learning_rate"": 0.0001, ""max_epochs"": 120, ""mirrams_confidence"": 0.95, ""mirrams_lambda_1"": 15.0, ""mirrams_lambda_2"": 15.0, ""mirrams_mask_rate"": 0.3, ""n_heads"": 4, ""n_layers"": 2, ""patience_evaluations"": 8, ""validation_mask_replicates"": 2, ""weight_decay"": 0.001}",5063,mcar_50,4,303.0,0.45874587458745875,0.5450956308124232,0.513461577232367,0.7590917148945492,0.7360097091474377,0.2807879826052481,0.2698267480436363,0.45874587458745875,0.49506492367081945,0.6132075471698113,0.45614035087719296,0.935251798561151,0.2589928057553957,-0.37491709968708975,0.3686924579764365,0.4953412971234783
hungary,cleveland,mirrams_equation9,mirrams,0,"{""d_model"": 64, ""dropout"": 0.1, ""evaluation_interval"": 5, ""learning_rate"": 0.0001, ""max_epochs"": 120, ""mirrams_confidence"": 0.95, ""mirrams_lambda_1"": 15.0, ""mirrams_lambda_2"": 15.0, ""mirrams_mask_rate"": 0.3, ""n_heads"": 4, ""n_layers"": 2, ""patience_evaluations"": 8, ""validation_mask_replicates"": 2, ""weight_decay"": 0.001}",5063,natural,0,303.0,0.45874587458745875,0.6135286892437269,0.5718258343959025,0.7387580601296225,0.7158981418146513,0.27163884785994885,0.2607209952042026,0.45544554455445546,0.4947578522547815,0.6206896551724138,0.4560810810810811,0.9712230215827338,0.302158273381295,-0.8736912178092298,1.2393507055085706,0.4472305592673473
hungary,cleveland,mirrams_equation9,mirrams,0,"{""d_model"": 64, ""dropout"": 0.1, ""evaluation_interval"": 5, ""learning_rate"": 0.0001, ""max_epochs"": 120, ""mirrams_confidence"": 0.95, ""mirrams_lambda_1"": 15.0, ""mirrams_lambda_2"": 15.0, ""mirrams_mask_rate"": 0.3, ""n_heads"": 4, ""n_layers"": 2, ""patience_evaluations"": 8, ""validation_mask_replicates"": 2, ""weight_decay"": 0.001}",5064,drop_advanced,0,303.0,0.45874587458745875,0.8197929461309003,0.8225768578275128,0.8609419342406348,0.8073353615712917,0.32056099523094084,0.29813340473923006,0.45874587458745875,0.5,0.6289592760180995,0.45874587458745875,1.0,0.6618705035971223,-3.4575306957676557,2.1460085635524084,0.28337769692520665
hungary,cleveland,mirrams_equation9,mirrams,0,"{""d_model"": 64, ""dropout"": 0.1, ""evaluation_interval"": 5, ""learning_rate"": 0.0001, ""max_epochs"": 120, ""mirrams_confidence"": 0.95, ""mirrams_lambda_1"": 15.0, ""mirrams_lambda_2"": 15.0, ""mirrams_mask_rate"": 0.3, ""n_heads"": 4, ""n_layers"": 2, ""patience_evaluations"": 8, ""validation_mask_replicates"": 2, ""weight_decay"": 0.001}",5064,drop_exercise,0,303.0,0.45874587458745875,0.7886471310756272,0.7474324502472208,0.7526392404280237,0.7150313950702876,0.2771818943943974,0.2603845337366953,0.47854785478547857,0.5182926829268293,0.6376146788990825,0.468013468013468,1.0,0.6546762589928058,-2.5490005801203557,2.304455255023643,0.32350721700724294
hungary,cleveland,mirrams_equation9,mirrams,0,"{""d_model"": 64, ""dropout"": 0.1, ""evaluation_interval"": 5, ""learning_rate"": 0.0001, ""max_epochs"": 120, ""mirrams_confidence"": 0.95, ""mirrams_lambda_1"": 15.0, ""mirrams_lambda_2"": 15.0, ""mirrams_mask_rate"": 0.3, ""n_heads"": 4, ""n_layers"": 2, ""patience_evaluations"": 8, ""validation_mask_replicates"": 2, ""weight_decay"": 0.001}",5064,drop_routine,0,303.0,0.45874587458745875,0.8475171082646077,0.8311036007773639,0.9113049171609232,0.8513856112697793,0.3356414835890396,0.3113908850012299,0.45874587458745875,0.5,0.6289592760180995,0.45874587458745875,1.0,0.697841726618705,-4.192074293686627,2.2967569285148737,0.2757920320912761
hungary,cleveland,mirrams_equation9,mirrams,0,"{""d_model"": 64, ""dropout"": 0.1, ""evaluation_interval"": 5, ""learning_rate"": 0.0001, ""max_epochs"": 120, ""mirrams_confidence"": 0.95, ""mirrams_lambda_1"": 15.0, ""mirrams_lambda_2"": 15.0, ""mirrams_mask_rate"": 0.3, ""n_heads"": 4, ""n_layers"": 2, ""patience_evaluations"": 8, ""validation_mask_replicates"": 2, ""weight_decay"": 0.001}",5064,empirical_source,0,303.0,0.45874587458745875,0.752763642744341,0.7769013416310906,0.8894738792056167,0.8351031683233617,0.3290308924918171,0.3064792676952498,0.46534653465346537,0.5060975609756098,0.6318181818181818,0.46179401993355484,1.0,0.5683453237410072,-2.4472083192636815,1.4979596067183025,0.3150744532185101
hungary,cleveland,mirrams_equation9,mirrams,0,"{""d_model"": 64, ""dropout"": 0.1, ""evaluation_interval"": 5, ""learning_rate"": 0.0001, ""max_epochs"": 120, ""mirrams_confidence"": 0.95, ""mirrams_lambda_1"": 15.0, ""mirrams_lambda_2"": 15.0, ""mirrams_mask_rate"": 0.3, ""n_heads"": 4, ""n_layers"": 2, ""patience_evaluations"": 8, ""validation_mask_replicates"": 2, ""weight_decay"": 0.001}",5064,empirical_source,1,303.0,0.45874587458745875,0.782637304790314,0.7971533510945197,0.8893438897458401,0.8339053923387796,0.32898752194199926,0.3061285526330405,0.45874587458745875,0.5,0.6289592760180995,0.45874587458745875,1.0,0.6834532374100719,-2.788285966689189,1.6605564081849644,0.30071625156867055
hungary,cleveland,mirrams_equation9,mirrams,0,"{""d_model"": 64, ""dropout"": 0.1, ""evaluation_interval"": 5, ""learning_rate"": 0.0001, ""max_epochs"": 120, ""mirrams_confidence"": 0.95, ""mirrams_lambda_1"": 15.0, ""mirrams_lambda_2"": 15.0, ""mirrams_mask_rate"": 0.3, ""n_heads"": 4, ""n_layers"": 2, ""patience_evaluations"": 8, ""validation_mask_replicates"": 2, ""weight_decay"": 0.001}",5064,empirical_source,2,303.0,0.45874587458745875,0.7736883663800667,0.7857123832783998,0.8921205564003194,0.8367395461051599,0.329595735675168,0.30674866554770464,0.45874587458745875,0.5,0.6289592760180995,0.45874587458745875,1.0,0.5899280575539568,-2.6538930740604267,1.5912854112931296,0.30750288964704797
hungary,cleveland,mirrams_equation9,mirrams,0,"{""d_model"": 64, ""dropout"": 0.1, ""evaluation_interval"": 5, ""learning_rate"": 0.0001, ""max_epochs"": 120, ""mirrams_confidence"": 0.95, ""mirrams_lambda_1"": 15.0, ""mirrams_lambda_2"": 15.0, ""mirrams_mask_rate"": 0.3, ""n_heads"": 4, ""n_layers"": 2, ""patience_evaluations"": 8, ""validation_mask_replicates"": 2, ""weight_decay"": 0.001}",5064,empirical_source,3,303.0,0.45874587458745875,0.7866292331988068,0.7942024567991228,0.89128694283518,0.8357320450062985,0.3297383374595657,0.3068256231301875,0.45874587458745875,0.5,0.6289592760180995,0.45874587458745875,1.0,0.6115107913669064,-2.8440993878063034,1.6971738691633986,0.3012915196840653
hungary,cleveland,mirrams_equation9,mirrams,0,"{""d_model"": 64, ""dropout"": 0.1, ""evaluation_interval"": 5, ""learning_rate"": 0.0001, ""max_epochs"": 120, ""mirrams_confidence"": 0.95, ""mirrams_lambda_1"": 15.0, ""mirrams_lambda_2"": 15.0, ""mirrams_mask_rate"": 0.3, ""n_heads"": 4, ""n_layers"": 2, ""patience_evaluations"": 8, ""validation_mask_replicates"": 2, ""weight_decay"": 0.001}",5064,empirical_source,4,303.0,0.45874587458745875,0.7723284786804703,0.7835236483686085,0.8858962237834013,0.8310087564207684,0.32612380683223424,0.30356946687851805,0.46534653465346537,0.5060975609756098,0.6318181818181818,0.46179401993355484,1.0,0.6402877697841727,-2.596304460529186,1.5550328788192649,0.3086163894749379
hungary,cleveland,mirrams_equation9,mirrams,0,"{""d_model"": 64, ""dropout"": 0.1, ""evaluation_interval"": 5, ""learning_rate"": 0.0001, ""max_epochs"": 120, ""mirrams_confidence"": 0.95, ""mirrams_lambda_1"": 15.0, ""mirrams_lambda_2"": 15.0, ""mirrams_mask_rate"": 0.3, ""n_heads"": 4, ""n_layers"": 2, ""patience_evaluations"": 8, ""validation_mask_replicates"": 2, ""weight_decay"": 0.001}",5064,mar_age_sex_30,0,303.0,0.45874587458745875,0.788910335146517,0.7838156471531528,0.8657150875050585,0.8128356066044404,0.32089340601865113,0.2987753575034392,0.46204620462046203,0.5030487804878049,0.6303854875283447,0.4602649006622517,1.0,0.6546762589928058,-2.927388883264192,1.851427365618729,0.3058395603982995
hungary,cleveland,mirrams_equation9,mirrams,0,"{""d_model"": 64, ""dropout"": 0.1, ""evaluation_interval"": 5, ""learning_rate"": 0.0001, ""max_epochs"": 120, ""mirrams_confidence"": 0.95, ""mirrams_lambda_1"": 15.0, ""mirrams_lambda_2"": 15.0, ""mirrams_mask_rate"": 0.3, ""n_heads"": 4, ""n_layers"": 2, ""patience_evaluations"": 8, ""validation_mask_replicates"": 2, ""weight_decay"": 0.001}",5064,mar_age_sex_30,1,303.0,0.45874587458745875,0.797157396034392,0.7875312636690022,0.847885485936133,0.7965615546604028,0.3134045760176836,0.29190631233074416,0.45874587458745875,0.5,0.6289592760180995,0.45874587458745875,1.0,0.6115107913669064,-2.8132013445111457,1.8211175718388368,0.30295936826036973
hungary,cleveland,mirrams_equation9,mirrams,0,"{""d_model"": 64, ""dropout"": 0.1, ""evaluation_interval"": 5, ""learning_rate"": 0.0001, ""max_epochs"": 120, ""mirrams_confidence"": 0.95, ""mirrams_lambda_1"": 15.0, ""mirrams_lambda_2"": 15.0, ""mirrams_mask_rate"": 0.3, ""n_heads"": 4, ""n_layers"": 2, ""patience_evaluations"": 8, ""validation_mask_replicates"": 2, ""weight_decay"": 0.001}",5064,mar_age_sex_30,2,303.0,0.45874587458745875,0.8030356202842603,0.7828889763837933,0.8591684851080694,0.8065656146973742,0.31846623862619317,0.29642059666800114,0.45874587458745875,0.5,0.6289592760180995,0.45874587458745875,1.0,0.6834532374100719,-3.165973088839288,2.020089813004941,0.30424803830984604
hungary,cleveland,mirrams_equation9,mirrams,0,"{""d_model"": 64, ""dropout"": 0.1, ""evaluation_interval"": 5, ""learning_rate"": 0.0001, ""max_epochs"": 120, ""mirrams_confidence"": 0.95, ""mirrams_lambda_1"": 15.0, ""mirrams_lambda_2"": 15.0, ""mirrams_mask_rate"": 0.3, ""n_heads"": 4, ""n_layers"": 2, ""patience_evaluations"": 8, ""validation_mask_replicates"": 2, ""weight_decay"": 0.001}",5064,mar_age_sex_30,3,303.0,0.45874587458745875,0.7850061414283208,0.7879891084059414,0.8607776600684877,0.8085879703319812,0.32003903961708097,0.29808115697769466,0.45874587458745875,0.5,0.6289592760180995,0.45874587458745875,1.0,0.6546762589928058,-2.9130629653638516,1.8738343708960812,0.30437741415219255
hungary,cleveland,mirrams_equation9,mirrams,0,"{""d_model"": 64, ""dropout"": 0.1, ""evaluation_interval"": 5, ""learning_rate"": 0.0001, ""max_epochs"": 120, ""mirrams_confidence"": 0.95, ""mirrams_lambda_1"": 15.0, ""mirrams_lambda_2"": 15.0, ""mirrams_mask_rate"": 0.3, ""n_heads"": 4, ""n_layers"": 2, ""patience_evaluations"": 8, ""validation_mask_replicates"": 2, ""weight_decay"": 0.001}",5064,mar_age_sex_30,4,303.0,0.45874587458745875,0.8007983856816985,0.7865009992845075,0.8722188813661576,0.8183051211075065,0.3229530730449875,0.3005464585979543,0.45874587458745875,0.5,0.6289592760180995,0.45874587458745875,1.0,0.6906474820143885,-3.035440369955547,1.8732670900351758,0.3028124372736423
hungary,cleveland,mirrams_equation9,mirrams,0,"{""d_model"": 64, ""dropout"": 0.1, ""evaluation_interval"": 5, ""learning_rate"": 0.0001, ""max_epochs"": 120, ""mirrams_confidence"": 0.95, ""mirrams_lambda_1"": 15.0, ""mirrams_lambda_2"": 15.0, ""mirrams_mask_rate"": 0.3, ""n_heads"": 4, ""n_layers"": 2, ""patience_evaluations"": 8, ""validation_mask_replicates"": 2, ""weight_decay"": 0.001}",5064,mcar_10,0,303.0,0.45874587458745875,0.8125548341814353,0.8079919143633729,0.8797111028472734,0.8243474497778154,0.32559929859259534,0.30270188854660784,0.45874587458745875,0.5,0.6289592760180995,0.45874587458745875,1.0,0.7050359712230215,-3.321137089740467,1.9951738616604533,0.2910230899861003
hungary,cleveland,mirrams_equation9,mirrams,0,"{""d_model"": 64, ""dropout"": 0.1, ""evaluation_interval"": 5, ""learning_rate"": 0.0001, ""max_epochs"": 120, ""mirrams_confidence"": 0.95, ""mirrams_lambda_1"": 15.0, ""mirrams_lambda_2"": 15.0, ""mirrams_mask_rate"": 0.3, ""n_heads"": 4, ""n_layers"": 2, ""patience_evaluations"": 8, ""validation_mask_replicates"": 2, ""weight_decay"": 0.001}",5064,mcar_10,1,303.0,0.45874587458745875,0.8176873135637831,0.8210115752257522,0.8806151293010366,0.8252040194536884,0.326973955307025,0.3039979984365794,0.45874587458745875,0.5,0.6289592760180995,0.45874587458745875,1.0,0.6618705035971223,-3.4128910559083976,2.0495005193174753,0.28425513566031513
hungary,cleveland,mirrams_equation9,mirrams,0,"{""d_model"": 64, ""dropout"": 0.1, ""evaluation_interval"": 5, ""learning_rate"": 0.0001, ""max_epochs"": 120, ""mirrams_confidence"": 0.95, ""mirrams_lambda_1"": 15.0, ""mirrams_lambda_2"": 15.0, ""mirrams_mask_rate"": 0.3, ""n_heads"": 4, ""n_layers"": 2, ""patience_evaluations"": 8, ""validation_mask_replicates"": 2, ""weight_decay"": 0.001}",5064,mcar_10,2,303.0,0.45874587458745875,0.8349271802070538,0.8252020701543565,0.8614589321654644,0.8072306698351003,0.3196107348104078,0.2970991503802827,0.46204620462046203,0.5030487804878049,0.6303854875283447,0.4602649006622517,1.0,0.7697841726618705,-3.637047124775787,2.2057196507956425,0.27986258514606893
hungary,cleveland,mirrams_equation9,mirrams,0,"{""d_model"": 64, ""dropout"": 0.1, ""evaluation_interval"": 5, ""learning_rate"": 0.0001, ""max_epochs"": 120, ""mirrams_confidence"": 0.95, ""mirrams_lambda_1"": 15.0, ""mirrams_lambda_2"": 15.0, ""mirrams_mask_rate"": 0.3, ""n_heads"": 4, ""n_layers"": 2, ""patience_evaluations"": 8, ""validation_mask_replicates"": 2, ""weight_decay"": 0.001}",5064,mcar_10,3,303.0,0.45874587458745875,0.8145727320582559,0.8114796421983348,0.8737728134671761,0.818885716824516,0.3240926593835708,0.30133800894783314,0.45874587458745875,0.5,0.6289592760180995,0.45874587458745875,1.0,0.6906474820143885,-3.34584016658629,2.0204446544864707,0.28914217020798927
hungary,cleveland,mirrams_equation9,mirrams,0,"{""d_model"": 64, ""dropout"": 0.1, ""evaluation_interval"": 5, ""learning_rate"": 0.0001, ""max_epochs"": 120, ""mirrams_confidence"": 0.95, ""mirrams_lambda_1"": 15.0, ""mirrams_lambda_2"": 15.0, ""mirrams_mask_rate"": 0.3, ""n_heads"": 4, ""n_layers"": 2, ""patience_evaluations"": 8, ""validation_mask_replicates"": 2, ""weight_decay"": 0.001}",5064,mcar_10,4,303.0,0.45874587458745875,0.8303211089664853,0.8240629317268707,0.8717210403163282,0.8167538711586733,0.32483293046832923,0.30194606273275315,0.45874587458745875,0.5,0.6289592760180995,0.45874587458745875,1.0,0.6906474820143885,-3.6897387266146016,2.232672605171095,0.28123520055601026
hungary,cleveland,mirrams_equation9,mirrams,0,"{""d_model"": 64, ""dropout"": 0.1, ""evaluation_interval"": 5, ""learning_rate"": 0.0001, ""max_epochs"": 120, ""mirrams_confidence"": 0.95, ""mirrams_lambda_1"": 15.0, ""mirrams_lambda_2"": 15.0, ""mirrams_mask_rate"": 0.3, ""n_heads"": 4, ""n_layers"": 2, ""patience_evaluations"": 8, ""validation_mask_replicates"": 2, ""weight_decay"": 0.001}",5064,mcar_30,0,303.0,0.45874587458745875,0.8243551500263204,0.8434844859086266,0.8287333470189151,0.7786084151613826,0.3100962634532756,0.2888060000771133,0.47194719471947194,0.5121951219512195,0.634703196347032,0.46488294314381273,1.0,0.7266187050359713,-3.456689665535374,2.271593314153655,0.2731461879615321
hungary,cleveland,mirrams_equation9,mirrams,0,"{""d_model"": 64, ""dropout"": 0.1, ""evaluation_interval"": 5, ""learning_rate"": 0.0001, ""max_epochs"": 120, ""mirrams_confidence"": 0.95, ""mirrams_lambda_1"": 15.0, ""mirrams_lambda_2"": 15.0, ""mirrams_mask_rate"": 0.3, ""n_heads"": 4, ""n_layers"": 2, ""patience_evaluations"": 8, ""validation_mask_replicates"": 2, ""weight_decay"": 0.001}",5064,mcar_30,1,303.0,0.45874587458745875,0.7831637129320934,0.7693579837111354,0.8612340894984228,0.8092273495611975,0.3190304639337964,0.2972228097098338,0.46204620462046203,0.5030487804878049,0.6303854875283447,0.4602649006622517,1.0,0.6474820143884892,-2.7755780880505756,1.787918820257695,0.3135532107769969
hungary,cleveland,mirrams_equation9,mirrams,0,"{""d_model"": 64, ""dropout"": 0.1, ""evaluation_interval"": 5, ""learning_rate"": 0.0001, ""max_epochs"": 120, ""mirrams_confidence"": 0.95, ""mirrams_lambda_1"": 15.0, ""mirrams_lambda_2"": 15.0, ""mirrams_mask_rate"": 0.3, ""n_heads"": 4, ""n_layers"": 2, ""patience_evaluations"": 8, ""validation_mask_replicates"": 2, ""weight_decay"": 0.001}",5064,mcar_30,2,303.0,0.45874587458745875,0.7816722231970522,0.783420162471844,0.8563026933760451,0.8048381254540695,0.3171554085156753,0.295623552777692,0.45874587458745875,0.5,0.6289592760180995,0.45874587458745875,1.0,0.6762589928057554,-2.6371579922699833,1.6903053792185585,0.3069644362155529
hungary,cleveland,mirrams_equation9,mirrams,0,"{""d_model"": 64, ""dropout"": 0.1, ""evaluation_interval"": 5, ""learning_rate"": 0.0001, ""max_epochs"": 120, ""mirrams_confidence"": 0.95, ""mirrams_lambda_1"": 15.0, ""mirrams_lambda_2"": 15.0, ""mirrams_mask_rate"": 0.3, ""n_heads"": 4, ""n_layers"": 2, ""patience_evaluations"": 8, ""validation_mask_replicates"": 2, ""weight_decay"": 0.001}",5064,mcar_30,3,303.0,0.45874587458745875,0.7826373047903141,0.7622197024831994,0.8509481969955748,0.7996233843825404,0.3135521096332054,0.29215187151109573,0.46534653465346537,0.5060975609756098,0.6318181818181818,0.46179401993355484,1.0,0.6187050359712231,-2.6123583610324532,1.6803056770913267,0.3181054674626618
hungary,cleveland,mirrams_equation9,mirrams,0,"{""d_model"": 64, ""dropout"": 0.1, ""evaluation_interval"": 5, ""learning_rate"": 0.0001, ""max_epochs"": 120, ""mirrams_confidence"": 0.95, ""mirrams_lambda_1"": 15.0, ""mirrams_lambda_2"": 15.0, ""mirrams_mask_rate"": 0.3, ""n_heads"": 4, ""n_layers"": 2, ""patience_evaluations"": 8, ""validation_mask_replicates"": 2, ""weight_decay"": 0.001}",5064,mcar_30,4,303.0,0.45874587458745875,0.7782944376206351,0.7825682025024407,0.8491577647457801,0.7982950720094759,0.3147119410260462,0.2933609820501371,0.46534653465346537,0.5060975609756098,0.6318181818181818,0.46179401993355484,1.0,0.5899280575539568,-2.6128747593780886,1.6948600306404757,0.3081989426720273
hungary,cleveland,mirrams_equation9,mirrams,0,"{""d_model"": 64, ""dropout"": 0.1, ""evaluation_interval"": 5, ""learning_rate"": 0.0001, ""max_epochs"": 120, ""mirrams_confidence"": 0.95, ""mirrams_lambda_1"": 15.0, ""mirrams_lambda_2"": 15.0, ""mirrams_mask_rate"": 0.3, ""n_heads"": 4, ""n_layers"": 2, ""patience_evaluations"": 8, ""validation_mask_replicates"": 2, ""weight_decay"": 0.001}",5064,mcar_50,0,303.0,0.45874587458745875,0.7456571328303211,0.7488356371938625,0.8197693521021392,0.7740645851087196,0.30377847635128424,0.28422900145791286,0.46534653465346537,0.5060975609756098,0.6318181818181818,0.46179401993355484,1.0,0.5899280575539568,-2.065068932396295,1.4908213658665825,0.3288954023630869
hungary,cleveland,mirrams_equation9,mirrams,0,"{""d_model"": 64, ""dropout"": 0.1, ""evaluation_interval"": 5, ""learning_rate"": 0.0001, ""max_epochs"": 120, ""mirrams_confidence"": 0.95, ""mirrams_lambda_1"": 15.0, ""mirrams_lambda_2"": 15.0, ""mirrams_mask_rate"": 0.3, ""n_heads"": 4, ""n_layers"": 2, ""patience_evaluations"": 8, ""validation_mask_replicates"": 2, ""weight_decay"": 0.001}",5064,mcar_50,1,303.0,0.45874587458745875,0.7274083172486401,0.7013078962938141,0.8440718974848008,0.796466296075385,0.30982048397957856,0.28973518055236835,0.46864686468646866,0.5080496578347078,0.6298850574712643,0.46283783783783783,0.9856115107913669,0.4676258992805755,-1.8449601305559464,1.2873932715010368,0.35543231133891967
hungary,cleveland,mirrams_equation9,mirrams,0,"{""d_model"": 64, ""dropout"": 0.1, ""evaluation_interval"": 5, ""learning_rate"": 0.0001, ""max_epochs"": 120, ""mirrams_confidence"": 0.95, ""mirrams_lambda_1"": 15.0, ""mirrams_lambda_2"": 15.0, ""mirrams_mask_rate"": 0.3, ""n_heads"": 4, ""n_layers"": 2, ""patience_evaluations"": 8, ""validation_mask_replicates"": 2, ""weight_decay"": 0.001}",5064,mcar_50,2,303.0,0.45874587458745875,0.7809703456746797,0.7558117788008087,0.8128732605615752,0.7663341200714986,0.29966602273594845,0.2798251885043851,0.47854785478547857,0.5182926829268293,0.6376146788990825,0.468013468013468,1.0,0.5971223021582733,-2.5074623548122332,1.7941637226633083,0.3202047897615653
hungary,cleveland,mirrams_equation9,mirrams,0,"{""d_model"": 64, ""dropout"": 0.1, ""evaluation_interval"": 5, ""learning_rate"": 0.0001, ""max_epochs"": 120, ""mirrams_confidence"": 0.95, ""mirrams_lambda_1"": 15.0, ""mirrams_lambda_2"": 15.0, ""mirrams_mask_rate"": 0.3, ""n_heads"": 4, ""n_layers"": 2, ""patience_evaluations"": 8, ""validation_mask_replicates"": 2, ""weight_decay"": 0.001}",5064,mcar_50,3,303.0,0.45874587458745875,0.7633795402702228,0.6978821623674829,0.8141092916607483,0.7686283997903416,0.29892846792899486,0.2794743514794158,0.47854785478547857,0.5182926829268293,0.6376146788990825,0.468013468013468,1.0,0.539568345323741,-2.2514760011541193,1.6683833789499398,0.3539229478631991
hungary,cleveland,mirrams_equation9,mirrams,0,"{""d_model"": 64, ""dropout"": 0.1, ""evaluation_interval"": 5, ""learning_rate"": 0.0001, ""max_epochs"": 120, ""mirrams_confidence"": 0.95, ""mirrams_lambda_1"": 15.0, ""mirrams_lambda_2"": 15.0, ""mirrams_mask_rate"": 0.3, ""n_heads"": 4, ""n_layers"": 2, ""patience_evaluations"": 8, ""validation_mask_replicates"": 2, ""weight_decay"": 0.001}",5064,mcar_50,4,303.0,0.45874587458745875,0.7527197753991929,0.7379091621317364,0.8138189319813768,0.7688314765853783,0.30116038993302824,0.28179314288317836,0.47854785478547857,0.5182926829268293,0.6376146788990825,0.468013468013468,1.0,0.5971223021582733,-2.1822788457385838,1.6226200841728522,0.33310074156175784
hungary,cleveland,mirrams_equation9,mirrams,0,"{""d_model"": 64, ""dropout"": 0.1, ""evaluation_interval"": 5, ""learning_rate"": 0.0001, ""max_epochs"": 120, ""mirrams_confidence"": 0.95, ""mirrams_lambda_1"": 15.0, ""mirrams_lambda_2"": 15.0, ""mirrams_mask_rate"": 0.3, ""n_heads"": 4, ""n_layers"": 2, ""patience_evaluations"": 8, ""validation_mask_replicates"": 2, ""weight_decay"": 0.001}",5064,natural,0,303.0,0.45874587458745875,0.8412002105632567,0.840727317342925,0.883681515846448,0.8268850445054355,0.3281355917949397,0.30473496927527993,0.45874587458745875,0.5,0.6289592760180995,0.45874587458745875,1.0,0.7050359712230215,-3.9391042672178886,2.2872881662818982,0.2719094915123753
hungary,switzerland,mirrams_equation9,mirrams,0,"{""d_model"": 64, ""dropout"": 0.1, ""evaluation_interval"": 5, ""learning_rate"": 0.0001, ""max_epochs"": 120, ""mirrams_confidence"": 0.95, ""mirrams_lambda_1"": 15.0, ""mirrams_lambda_2"": 15.0, ""mirrams_mask_rate"": 0.3, ""n_heads"": 4, ""n_layers"": 2, ""patience_evaluations"": 8, ""validation_mask_replicates"": 2, ""weight_decay"": 0.001}",5062,drop_advanced,0,123.0,0.9349593495934959,0.7260869565217392,0.9749177806026021,0.546934980916295,0.6335157924582229,0.1801759323961534,0.22163786270931685,0.8048780487804879,0.6630434782608696,0.8878504672897196,0.9595959595959596,0.8260869565217391,0.41739130434782606,2.2426275010082106,1.9229097707932699,0.08388593232250582
hungary,switzerland,mirrams_equation9,mirrams,0,"{""d_model"": 64, ""dropout"": 0.1, ""evaluation_interval"": 5, ""learning_rate"": 0.0001, ""max_epochs"": 120, ""mirrams_confidence"": 0.95, ""mirrams_lambda_1"": 15.0, ""mirrams_lambda_2"": 15.0, ""mirrams_mask_rate"": 0.3, ""n_heads"": 4, ""n_layers"": 2, ""patience_evaluations"": 8, ""validation_mask_replicates"": 2, ""weight_decay"": 0.001}",5062,drop_exercise,0,123.0,0.9349593495934959,0.5108695652173914,0.9215376916633657,0.464918481207377,0.7626453465873996,0.14115710489025826,0.2799111799635211,0.8943089430894309,0.5364130434782608,0.9437229437229437,0.9396551724137931,0.9478260869565217,0.0782608695652174,2.5674546769142137,0.14407869628285744,0.08676582780480452
hungary,switzerland,mirrams_equation9,mirrams,0,"{""d_model"": 64, ""dropout"": 0.1, ""evaluation_interval"": 5, ""learning_rate"": 0.0001, ""max_epochs"": 120, ""mirrams_confidence"": 0.95, ""mirrams_lambda_1"": 15.0, ""mirrams_lambda_2"": 15.0, ""mirrams_mask_rate"": 0.3, ""n_heads"": 4, ""n_layers"": 2, ""patience_evaluations"": 8, ""validation_mask_replicates"": 2, ""weight_decay"": 0.001}",5062,drop_routine,0,123.0,0.9349593495934959,0.6347826086956522,0.9590876236229131,0.639460133861386,0.6661405879648984,0.22364961668847283,0.23628712597715468,0.6504065040650406,0.6385869565217391,0.7772020725388601,0.9615384615384616,0.6521739130434783,0.19130434782608696,2.6083147240168674,0.8206524430247581,0.31303019443694224
hungary,switzerland,mirrams_equation9,mirrams,0,"{""d_model"": 64, ""dropout"": 0.1, ""evaluation_interval"": 5, ""learning_rate"": 0.0001, ""max_epochs"": 120, ""mirrams_confidence"": 0.95, ""mirrams_lambda_1"": 15.0, ""mirrams_lambda_2"": 15.0, ""mirrams_mask_rate"": 0.3, ""n_heads"": 4, ""n_layers"": 2, ""patience_evaluations"": 8, ""validation_mask_replicates"": 2, ""weight_decay"": 0.001}",5062,empirical_source,0,123.0,0.9349593495934959,0.7119565217391305,0.9751828124904323,0.5485433807268544,0.6444974209897721,0.18102822408775754,0.22712494041472886,0.7886178861788617,0.5961956521739131,0.8785046728971962,0.9494949494949495,0.8173913043478261,0.48695652173913045,2.339025363560192,1.2605358062913574,0.11465995360566854
hungary,switzerland,mirrams_equation9,mirrams,0,"{""d_model"": 64, ""dropout"": 0.1, ""evaluation_interval"": 5, ""learning_rate"": 0.0001, ""max_epochs"": 120, ""mirrams_confidence"": 0.95, ""mirrams_lambda_1"": 15.0, ""mirrams_lambda_2"": 15.0, ""mirrams_mask_rate"": 0.3, ""n_heads"": 4, ""n_layers"": 2, ""patience_evaluations"": 8, ""validation_mask_replicates"": 2, ""weight_decay"": 0.001}",5062,empirical_source,1,123.0,0.9349593495934959,0.6032608695652173,0.9474892784072054,0.5583986207170744,0.6848900017534135,0.18536251946223023,0.2450615858945322,0.7723577235772358,0.5875,0.8679245283018868,0.9484536082474226,0.8,0.10434782608695652,2.4145789173664163,0.8315527786337972,0.1449055705042517
hungary,switzerland,mirrams_equation9,mirrams,0,"{""d_model"": 64, ""dropout"": 0.1, ""evaluation_interval"": 5, ""learning_rate"": 0.0001, ""max_epochs"": 120, ""mirrams_confidence"": 0.95, ""mirrams_lambda_1"": 15.0, ""mirrams_lambda_2"": 15.0, ""mirrams_mask_rate"": 0.3, ""n_heads"": 4, ""n_layers"": 2, ""patience_evaluations"": 8, ""validation_mask_replicates"": 2, ""weight_decay"": 0.001}",5062,empirical_source,2,123.0,0.9349593495934959,0.6032608695652174,0.9573387318729771,0.5581032285201494,0.6907566719541166,0.18541014970062875,0.24866690412102727,0.7723577235772358,0.5293478260869565,0.8691588785046729,0.9393939393939394,0.808695652173913,0.3565217391304348,2.4435320658809103,0.6883613254319346,0.13390058909036662
hungary,switzerland,mirrams_equation9,mirrams,0,"{""d_model"": 64, ""dropout"": 0.1, ""evaluation_interval"": 5, ""learning_rate"": 0.0001, ""max_epochs"": 120, ""mirrams_confidence"": 0.95, ""mirrams_lambda_1"": 15.0, ""mirrams_lambda_2"": 15.0, ""mirrams_mask_rate"": 0.3, ""n_heads"": 4, ""n_layers"": 2, ""patience_evaluations"": 8, ""validation_mask_replicates"": 2, ""weight_decay"": 0.001}",5062,empirical_source,3,123.0,0.9349593495934959,0.6739130434782609,0.9653051410605452,0.5393495103392489,0.6641894221944658,0.17640492243459238,0.23606229878126286,0.8048780487804879,0.5467391304347826,0.8899082568807339,0.941747572815534,0.8434782608695652,0.43478260869565216,2.263138827553883,1.2939746356286592,0.08938340773271518
hungary,switzerland,mirrams_equation9,mirrams,0,"{""d_model"": 64, ""dropout"": 0.1, ""evaluation_interval"": 5, ""learning_rate"": 0.0001, ""max_epochs"": 120, ""mirrams_confidence"": 0.95, ""mirrams_lambda_1"": 15.0, ""mirrams_lambda_2"": 15.0, ""mirrams_mask_rate"": 0.3, ""n_heads"": 4, ""n_layers"": 2, ""patience_evaluations"": 8, ""validation_mask_replicates"": 2, ""weight_decay"": 0.001}",5062,empirical_source,4,123.0,0.9349593495934959,0.5880434782608696,0.9466844749610712,0.561167403198995,0.6917613974607625,0.18669512718366496,0.24812952461461152,0.7804878048780488,0.5918478260869565,0.8732394366197183,0.9489795918367347,0.808695652173913,0.11304347826086956,2.44450877764,0.7136220296140015,0.1472994964739579
hungary,switzerland,mirrams_equation9,mirrams,0,"{""d_model"": 64, ""dropout"": 0.1, ""evaluation_interval"": 5, ""learning_rate"": 0.0001, ""max_epochs"": 120, ""mirrams_confidence"": 0.95, ""mirrams_lambda_1"": 15.0, ""mirrams_lambda_2"": 15.0, ""mirrams_mask_rate"": 0.3, ""n_heads"": 4, ""n_layers"": 2, ""patience_evaluations"": 8, ""validation_mask_replicates"": 2, ""weight_decay"": 0.001}",5062,mar_age_sex_30,0,123.0,0.9349593495934959,0.6097826086956522,0.9529508650256413,0.5302865571354077,0.6855601059373175,0.17207218185267162,0.24571388023459753,0.8292682926829268,0.6179347826086956,0.9041095890410958,0.9519230769230769,0.8608695652173913,0.3739130434782609,2.2914824191825507,1.0131236094359337,0.09025607129383101
hungary,switzerland,mirrams_equation9,mirrams,0,"{""d_model"": 64, ""dropout"": 0.1, ""evaluation_interval"": 5, ""learning_rate"": 0.0001, ""max_epochs"": 120, ""mirrams_confidence"": 0.95, ""mirrams_lambda_1"": 15.0, ""mirrams_lambda_2"": 15.0, ""mirrams_mask_rate"": 0.3, ""n_heads"": 4, ""n_layers"": 2, ""patience_evaluations"": 8, ""validation_mask_replicates"": 2, ""weight_decay"": 0.001}",5062,mar_age_sex_30,1,123.0,0.9349593495934959,0.7054347826086956,0.9733533805986447,0.5383687424443756,0.64765422141817,0.1761194851192337,0.22847099303420348,0.7886178861788617,0.5961956521739131,0.8785046728971962,0.9494949494949495,0.8173913043478261,0.5826086956521739,2.2944441385358574,1.3022749897535835,0.09483255699657697
hungary,switzerland,mirrams_equation9,mirrams,0,"{""d_model"": 64, ""dropout"": 0.1, ""evaluation_interval"": 5, ""learning_rate"": 0.0001, ""max_epochs"": 120, ""mirrams_confidence"": 0.95, ""mirrams_lambda_1"": 15.0, ""mirrams_lambda_2"": 15.0, ""mirrams_mask_rate"": 0.3, ""n_heads"": 4, ""n_layers"": 2, ""patience_evaluations"": 8, ""validation_mask_replicates"": 2, ""weight_decay"": 0.001}",5062,mar_age_sex_30,2,123.0,0.9349593495934959,0.7097826086956522,0.9742065728548723,0.5348826690645968,0.6431967407650868,0.1746264694890894,0.22656380214722796,0.7886178861788617,0.5961956521739131,0.8785046728971962,0.9494949494949495,0.8173913043478261,0.43478260869565216,2.2802911590773243,1.3367137748758318,0.09632818596784133
hungary,switzerland,mirrams_equation9,mirrams,0,"{""d_model"": 64, ""dropout"": 0.1, ""evaluation_interval"": 5, ""learning_rate"": 0.0001, ""max_epochs"": 120, ""mirrams_confidence"": 0.95, ""mirrams_lambda_1"": 15.0, ""mirrams_lambda_2"": 15.0, ""mirrams_mask_rate"": 0.3, ""n_heads"": 4, ""n_layers"": 2, ""patience_evaluations"": 8, ""validation_mask_replicates"": 2, ""weight_decay"": 0.001}",5062,mar_age_sex_30,3,123.0,0.9349593495934959,0.6956521739130435,0.9682278007838478,0.5372444923001748,0.6454627948140624,0.17519924730782,0.22642080030999354,0.8130081300813008,0.7255434782608696,0.892018779342723,0.9693877551020408,0.8260869565217391,0.34782608695652173,2.280765127251461,1.390128123337748,0.10903040049307162
hungary,switzerland,mirrams_equation9,mirrams,0,"{""d_model"": 64, ""dropout"": 0.1, ""evaluation_interval"": 5, ""learning_rate"": 0.0001, ""max_epochs"": 120, ""mirrams_confidence"": 0.95, ""mirrams_lambda_1"": 15.0, ""mirrams_lambda_2"": 15.0, ""mirrams_mask_rate"": 0.3, ""n_heads"": 4, ""n_layers"": 2, ""patience_evaluations"": 8, ""validation_mask_replicates"": 2, ""weight_decay"": 0.001}",5062,mar_age_sex_30,4,123.0,0.9349593495934959,0.6130434782608696,0.9569850965700799,0.5596385349264612,0.6873904182929033,0.1858275144941119,0.2465922342880335,0.7886178861788617,0.6543478260869565,0.8773584905660378,0.9587628865979382,0.808695652173913,0.24347826086956523,2.4426059001375786,0.716547627095349,0.14485091896448796
hungary,switzerland,mirrams_equation9,mirrams,0,"{""d_model"": 64, ""dropout"": 0.1, ""evaluation_interval"": 5, ""learning_rate"": 0.0001, ""max_epochs"": 120, ""mirrams_confidence"": 0.95, ""mirrams_lambda_1"": 15.0, ""mirrams_lambda_2"": 15.0, ""mirrams_mask_rate"": 0.3, ""n_heads"": 4, ""n_layers"": 2, ""patience_evaluations"": 8, ""validation_mask_replicates"": 2, ""weight_decay"": 0.001}",5062,mcar_10,0,123.0,0.9349593495934959,0.642391304347826,0.9609808837182348,0.5688396471579372,0.6806525405108395,0.19073213223453672,0.2435533916642368,0.7642276422764228,0.5831521739130434,0.8625592417061612,0.9479166666666666,0.7913043478260869,0.5043478260869565,2.4597742006241146,0.726984072171622,0.15075837943539738
hungary,switzerland,mirrams_equation9,mirrams,0,"{""d_model"": 64, ""dropout"": 0.1, ""evaluation_interval"": 5, ""learning_rate"": 0.0001, ""max_epochs"": 120, ""mirrams_confidence"": 0.95, ""mirrams_lambda_1"": 15.0, ""mirrams_lambda_2"": 15.0, ""mirrams_mask_rate"": 0.3, ""n_heads"": 4, ""n_layers"": 2, ""patience_evaluations"": 8, ""validation_mask_replicates"": 2, ""weight_decay"": 0.001}",5062,mcar_10,1,123.0,0.9349593495934959,0.6021739130434782,0.9567694119473171,0.5845788003042426,0.6889730263374524,0.19815685409219205,0.24785858230149668,0.7235772357723578,0.5614130434782609,0.8349514563106796,0.945054945054945,0.7478260869565218,0.4,2.509709424699178,0.6040419802412859,0.1817978604409665
hungary,switzerland,mirrams_equation9,mirrams,0,"{""d_model"": 64, ""dropout"": 0.1, ""evaluation_interval"": 5, ""learning_rate"": 0.0001, ""max_epochs"": 120, ""mirrams_confidence"": 0.95, ""mirrams_lambda_1"": 15.0, ""mirrams_lambda_2"": 15.0, ""mirrams_mask_rate"": 0.3, ""n_heads"": 4, ""n_layers"": 2, ""patience_evaluations"": 8, ""validation_mask_replicates"": 2, ""weight_decay"": 0.001}",5062,mcar_10,2,123.0,0.9349593495934959,0.6706521739130434,0.9665002820117579,0.5752378545820745,0.6598198218128887,0.1936749042238446,0.23389480578664734,0.7479674796747967,0.5744565217391304,0.8516746411483254,0.9468085106382979,0.7739130434782608,0.4434782608695652,2.436779247382811,1.0389018615043202,0.15040511938152384
hungary,switzerland,mirrams_equation9,mirrams,0,"{""d_model"": 64, ""dropout"": 0.1, ""evaluation_interval"": 5, ""learning_rate"": 0.0001, ""max_epochs"": 120, ""mirrams_confidence"": 0.95, ""mirrams_lambda_1"": 15.0, ""mirrams_lambda_2"": 15.0, ""mirrams_mask_rate"": 0.3, ""n_heads"": 4, ""n_layers"": 2, ""patience_evaluations"": 8, ""validation_mask_replicates"": 2, ""weight_decay"": 0.001}",5062,mcar_10,3,123.0,0.9349593495934959,0.6032608695652173,0.9590437839508471,0.5770349627526637,0.6823674731038649,0.19428002207610312,0.24478481453429307,0.7560975609756098,0.5206521739130434,0.8584905660377359,0.9381443298969072,0.7913043478260869,0.391304347826087,2.4837512621482483,0.68997908872863,0.1709868313647056
hungary,switzerland,mirrams_equation9,mirrams,0,"{""d_model"": 64, ""dropout"": 0.1, ""evaluation_interval"": 5, ""learning_rate"": 0.0001, ""max_epochs"": 120, ""mirrams_confidence"": 0.95, ""mirrams_lambda_1"": 15.0, ""mirrams_lambda_2"": 15.0, ""mirrams_mask_rate"": 0.3, ""n_heads"": 4, ""n_layers"": 2, ""patience_evaluations"": 8, ""validation_mask_replicates"": 2, ""weight_decay"": 0.001}",5062,mcar_10,4,123.0,0.9349593495934959,0.6391304347826087,0.9597940843309913,0.5586328402447615,0.6699295516442544,0.18577926903004624,0.2384279500554951,0.7560975609756098,0.5788043478260869,0.8571428571428571,0.9473684210526315,0.782608695652174,0.43478260869565216,2.4113995765018914,0.9381805112854571,0.14080495832828738
hungary,switzerland,mirrams_equation9,mirrams,0,"{""d_model"": 64, ""dropout"": 0.1, ""evaluation_interval"": 5, ""learning_rate"": 0.0001, ""max_epochs"": 120, ""mirrams_confidence"": 0.95, ""mirrams_lambda_1"": 15.0, ""mirrams_lambda_2"": 15.0, ""mirrams_mask_rate"": 0.3, ""n_heads"": 4, ""n_layers"": 2, ""patience_evaluations"": 8, ""validation_mask_replicates"": 2, ""weight_decay"": 0.001}",5062,mcar_30,0,123.0,0.9349593495934959,0.732608695652174,0.9701598928716632,0.5542661037520632,0.6341368132351617,0.18345603091525367,0.2208972872604918,0.7886178861788617,0.7125,0.8761904761904762,0.968421052631579,0.8,0.6086956521739131,2.3546431718062166,1.4421078495010677,0.12592088158633596
hungary,switzerland,mirrams_equation9,mirrams,0,"{""d_model"": 64, ""dropout"": 0.1, ""evaluation_interval"": 5, ""learning_rate"": 0.0001, ""max_epochs"": 120, ""mirrams_confidence"": 0.95, ""mirrams_lambda_1"": 15.0, ""mirrams_lambda_2"": 15.0, ""mirrams_mask_rate"": 0.3, ""n_heads"": 4, ""n_layers"": 2, ""patience_evaluations"": 8, ""validation_mask_replicates"": 2, ""weight_decay"": 0.001}",5062,mcar_30,1,123.0,0.9349593495934959,0.6369565217391304,0.9658038068908784,0.5416610452892903,0.6737682891996624,0.1776987144125361,0.24117803013438602,0.7967479674796748,0.5423913043478261,0.8847926267281107,0.9411764705882353,0.8347826086956521,0.3739130434782609,2.358989163726431,0.9206478518772688,0.11382340280198999
hungary,switzerland,mirrams_equation9,mirrams,0,"{""d_model"": 64, ""dropout"": 0.1, ""evaluation_interval"": 5, ""learning_rate"": 0.0001, ""max_epochs"": 120, ""mirrams_confidence"": 0.95, ""mirrams_lambda_1"": 15.0, ""mirrams_lambda_2"": 15.0, ""mirrams_mask_rate"": 0.3, ""n_heads"": 4, ""n_layers"": 2, ""patience_evaluations"": 8, ""validation_mask_replicates"": 2, ""weight_decay"": 0.001}",5062,mcar_30,2,123.0,0.9349593495934959,0.5630434782608695,0.9548132530025204,0.5804666163132415,0.7084492013944985,0.19623881165950355,0.2574273448343172,0.7398373983739838,0.5701086956521739,0.8461538461538461,0.946236559139785,0.7652173913043478,0.26956521739130435,2.549058943053894,0.3770894608822677,0.1662938494159109
hungary,switzerland,mirrams_equation9,mirrams,0,"{""d_model"": 64, ""dropout"": 0.1, ""evaluation_interval"": 5, ""learning_rate"": 0.0001, ""max_epochs"": 120, ""mirrams_confidence"": 0.95, ""mirrams_lambda_1"": 15.0, ""mirrams_lambda_2"": 15.0, ""mirrams_mask_rate"": 0.3, ""n_heads"": 4, ""n_layers"": 2, ""patience_evaluations"": 8, ""validation_mask_replicates"": 2, ""weight_decay"": 0.001}",5062,mcar_30,3,123.0,0.9349593495934959,0.7010869565217391,0.9730051076056678,0.5844322088731083,0.639922185944877,0.19775802273018833,0.22457520226257152,0.7235772357723578,0.6195652173913043,0.8333333333333334,0.9550561797752809,0.7391304347826086,0.48695652173913045,2.473826920877709,1.2323093766413964,0.17514825035767084
hungary,switzerland,mirrams_equation9,mirrams,0,"{""d_model"": 64, ""dropout"": 0.1, ""evaluation_interval"": 5, ""learning_rate"": 0.0001, ""max_epochs"": 120, ""mirrams_confidence"": 0.95, ""mirrams_lambda_1"": 15.0, ""mirrams_lambda_2"": 15.0, ""mirrams_mask_rate"": 0.3, ""n_heads"": 4, ""n_layers"": 2, ""patience_evaluations"": 8, ""validation_mask_replicates"": 2, ""weight_decay"": 0.001}",5062,mcar_30,4,123.0,0.9349593495934959,0.5402173913043479,0.9483534540360608,0.5723138158594826,0.7168358055051623,0.19250052680648813,0.26097213054729135,0.7560975609756098,0.5788043478260869,0.8571428571428571,0.9473684210526315,0.782608695652174,0.28695652173913044,2.555835462853475,0.31816400717300497,0.15891016556301
hungary,switzerland,mirrams_equation9,mirrams,0,"{""d_model"": 64, ""dropout"": 0.1, ""evaluation_interval"": 5, ""learning_rate"": 0.0001, ""max_epochs"": 120, ""mirrams_confidence"": 0.95, ""mirrams_lambda_1"": 15.0, ""mirrams_lambda_2"": 15.0, ""mirrams_mask_rate"": 0.3, ""n_heads"": 4, ""n_layers"": 2, ""patience_evaluations"": 8, ""validation_mask_replicates"": 2, ""weight_decay"": 0.001}",5062,mcar_50,0,123.0,0.9349593495934959,0.6586956521739131,0.967088464099415,0.5675678821973782,0.6698284491240091,0.19016560440239538,0.2389641312043214,0.7317073170731707,0.6239130434782609,0.8390243902439024,0.9555555555555556,0.7478260869565218,0.5739130434782609,2.4347123534735227,0.8661487687581751,0.1364625980363535
hungary,switzerland,mirrams_equation9,mirrams,0,"{""d_model"": 64, ""dropout"": 0.1, ""evaluation_interval"": 5, ""learning_rate"": 0.0001, ""max_epochs"": 120, ""mirrams_confidence"": 0.95, ""mirrams_lambda_1"": 15.0, ""mirrams_lambda_2"": 15.0, ""mirrams_mask_rate"": 0.3, ""n_heads"": 4, ""n_layers"": 2, ""patience_evaluations"": 8, ""validation_mask_replicates"": 2, ""weight_decay"": 0.001}",5062,mcar_50,1,123.0,0.9349593495934959,0.7108695652173913,0.9747611034815975,0.5703676847955765,0.6444623501517142,0.191164391221102,0.2268149238447615,0.7398373983739838,0.6282608695652174,0.8446601941747572,0.9560439560439561,0.7565217391304347,0.4956521739130435,2.405799359256249,1.2852171702839446,0.14003461387690183
hungary,switzerland,mirrams_equation9,mirrams,0,"{""d_model"": 64, ""dropout"": 0.1, ""evaluation_interval"": 5, ""learning_rate"": 0.0001, ""max_epochs"": 120, ""mirrams_confidence"": 0.95, ""mirrams_lambda_1"": 15.0, ""mirrams_lambda_2"": 15.0, ""mirrams_mask_rate"": 0.3, ""n_heads"": 4, ""n_layers"": 2, ""patience_evaluations"": 8, ""validation_mask_replicates"": 2, ""weight_decay"": 0.001}",5062,mcar_50,2,123.0,0.9349593495934959,0.6608695652173914,0.9435120369413768,0.5401611299020754,0.6762594468758136,0.1764831557601134,0.2393549416326886,0.7886178861788617,0.5380434782608696,0.8796296296296297,0.9405940594059405,0.8260869565217391,0.33043478260869563,2.3458631526048888,0.9947234727530174,0.1358419328326473
hungary,switzerland,mirrams_equation9,mirrams,0,"{""d_model"": 64, ""dropout"": 0.1, ""evaluation_interval"": 5, ""learning_rate"": 0.0001, ""max_epochs"": 120, ""mirrams_confidence"": 0.95, ""mirrams_lambda_1"": 15.0, ""mirrams_lambda_2"": 15.0, ""mirrams_mask_rate"": 0.3, ""n_heads"": 4, ""n_layers"": 2, ""patience_evaluations"": 8, ""validation_mask_replicates"": 2, ""weight_decay"": 0.001}",5062,mcar_50,3,123.0,0.9349593495934959,0.5228260869565218,0.9335710898722502,0.5871636852246171,0.7373821766007207,0.19928583655826262,0.26900999011325943,0.6991869918699187,0.5483695652173913,0.8177339901477833,0.9431818181818182,0.7217391304347827,0.12173913043478261,2.6275240801773982,0.11108130395958037,0.1898235267610237
hungary,switzerland,mirrams_equation9,mirrams,0,"{""d_model"": 64, ""dropout"": 0.1, ""evaluation_interval"": 5, ""learning_rate"": 0.0001, ""max_epochs"": 120, ""mirrams_confidence"": 0.95, ""mirrams_lambda_1"": 15.0, ""mirrams_lambda_2"": 15.0, ""mirrams_mask_rate"": 0.3, ""n_heads"": 4, ""n_layers"": 2, ""patience_evaluations"": 8, ""validation_mask_replicates"": 2, ""weight_decay"": 0.001}",5062,mcar_50,4,123.0,0.9349593495934959,0.6891304347826087,0.9674150539992098,0.5676906536728451,0.649370580467971,0.18974943161752666,0.22845098921976853,0.7804878048780488,0.7081521739130434,0.8708133971291866,0.9680851063829787,0.7913043478260869,0.3826086956521739,2.4079593507105224,1.2305018623894617,0.15124502922135472
hungary,switzerland,mirrams_equation9,mirrams,0,"{""d_model"": 64, ""dropout"": 0.1, ""evaluation_interval"": 5, ""learning_rate"": 0.0001, ""max_epochs"": 120, ""mirrams_confidence"": 0.95, ""mirrams_lambda_1"": 15.0, ""mirrams_lambda_2"": 15.0, ""mirrams_mask_rate"": 0.3, ""n_heads"": 4, ""n_layers"": 2, ""patience_evaluations"": 8, ""validation_mask_replicates"": 2, ""weight_decay"": 0.001}",5062,natural,0,123.0,0.9349593495934959,0.6391304347826088,0.9614525823996138,0.5736423528918999,0.6737326095894379,0.1928901881766175,0.24040150441668878,0.7479674796747967,0.5744565217391304,0.8516746411483254,0.9468085106382979,0.7739130434782608,0.4,2.4544696284024465,0.8350988390367043,0.1558999251804814
hungary,switzerland,mirrams_equation9,mirrams,0,"{""d_model"": 64, ""dropout"": 0.1, ""evaluation_interval"": 5, ""learning_rate"": 0.0001, ""max_epochs"": 120, ""mirrams_confidence"": 0.95, ""mirrams_lambda_1"": 15.0, ""mirrams_lambda_2"": 15.0, ""mirrams_mask_rate"": 0.3, ""n_heads"": 4, ""n_layers"": 2, ""patience_evaluations"": 8, ""validation_mask_replicates"": 2, ""weight_decay"": 0.001}",5063,drop_advanced,0,123.0,0.9349593495934959,0.7706521739130435,0.9787656996444103,0.3729709954036411,0.6661205137200471,0.10623933740798755,0.23764653171507485,0.8699186991869918,0.5815217391304348,0.9292035398230089,0.9459459459459459,0.9130434782608695,0.6782608695652174,1.670474393338003,1.2468683770140947,0.029219637349256797
hungary,switzerland,mirrams_equation9,mirrams,0,"{""d_model"": 64, ""dropout"": 0.1, ""evaluation_interval"": 5, ""learning_rate"": 0.0001, ""max_epochs"": 120, ""mirrams_confidence"": 0.95, ""mirrams_lambda_1"": 15.0, ""mirrams_lambda_2"": 15.0, ""mirrams_mask_rate"": 0.3, ""n_heads"": 4, ""n_layers"": 2, ""patience_evaluations"": 8, ""validation_mask_replicates"": 2, ""weight_decay"": 0.001}",5063,drop_exercise,0,123.0,0.9349593495934959,0.6315217391304347,0.9557782103187318,0.4202072427957813,0.76471545033076,0.12434332198682703,0.28209303648079875,0.8699186991869918,0.4652173913043478,0.9304347826086956,0.9304347826086956,0.9304347826086956,0.3217391304347826,2.2601378937652767,0.48471419060868454,0.05511037545819537
hungary,switzerland,mirrams_equation9,mirrams,0,"{""d_model"": 64, ""dropout"": 0.1, ""evaluation_interval"": 5, ""learning_rate"": 0.0001, ""max_epochs"": 120, ""mirrams_confidence"": 0.95, ""mirrams_lambda_1"": 15.0, ""mirrams_lambda_2"": 15.0, ""mirrams_mask_rate"": 0.3, ""n_heads"": 4, ""n_layers"": 2, ""patience_evaluations"": 8, ""validation_mask_replicates"": 2, ""weight_decay"": 0.001}",5063,drop_routine,0,123.0,0.9349593495934959,0.692391304347826,0.9666480619495674,0.40528666319797313,0.7068401268285512,0.11895506038137704,0.2542251116082597,0.8861788617886179,0.5320652173913043,0.9391304347826087,0.9391304347826087,0.9391304347826087,0.5565217391304348,1.959949122095075,0.9123038221363453,0.04885025429040493
hungary,switzerland,mirrams_equation9,mirrams,0,"{""d_model"": 64, ""dropout"": 0.1, ""evaluation_interval"": 5, ""learning_rate"": 0.0001, ""max_epochs"": 120, ""mirrams_confidence"": 0.95, ""mirrams_lambda_1"": 15.0, ""mirrams_lambda_2"": 15.0, ""mirrams_mask_rate"": 0.3, ""n_heads"": 4, ""n_layers"": 2, ""patience_evaluations"": 8, ""validation_mask_replicates"": 2, ""weight_decay"": 0.001}",5063,empirical_source,0,123.0,0.9349593495934959,0.7521739130434784,0.9757153576209986,0.3972016925040532,0.669323618443879,0.11631282317443618,0.23875232769566013,0.8699186991869918,0.5815217391304348,0.9292035398230089,0.9459459459459459,0.9130434782608695,0.7043478260869566,1.9028044233063495,1.0242586619714085,0.04176958129000878
hungary,switzerland,mirrams_equation9,mirrams,0,"{""d_model"": 64, ""dropout"": 0.1, ""evaluation_interval"": 5, ""learning_rate"": 0.0001, ""max_epochs"": 120, ""mirrams_confidence"": 0.95, ""mirrams_lambda_1"": 15.0, ""mirrams_lambda_2"": 15.0, ""mirrams_mask_rate"": 0.3, ""n_heads"": 4, ""n_layers"": 2, ""patience_evaluations"": 8, ""validation_mask_replicates"": 2, ""weight_decay"": 0.001}",5063,empirical_source,1,123.0,0.9349593495934959,0.7554347826086956,0.9754465525955425,0.38425834784055146,0.669325158087187,0.11028642902937888,0.23885914960763163,0.8943089430894309,0.5945652173913043,0.9432314410480349,0.9473684210526315,0.9391304347826087,0.7304347826086957,1.7477538702428188,1.191544703158379,0.035729020918332896
hungary,switzerland,mirrams_equation9,mirrams,0,"{""d_model"": 64, ""dropout"": 0.1, ""evaluation_interval"": 5, ""learning_rate"": 0.0001, ""max_epochs"": 120, ""mirrams_confidence"": 0.95, ""mirrams_lambda_1"": 15.0, ""mirrams_lambda_2"": 15.0, ""mirrams_mask_rate"": 0.3, ""n_heads"": 4, ""n_layers"": 2, ""patience_evaluations"": 8, ""validation_mask_replicates"": 2, ""weight_decay"": 0.001}",5063,empirical_source,2,123.0,0.9349593495934959,0.7456521739130435,0.975425379666444,0.40041612198701587,0.6725586228158055,0.11795361599471497,0.24043527148321428,0.8699186991869918,0.5815217391304348,0.9292035398230089,0.9459459459459459,0.9130434782608695,0.7043478260869566,1.9267803347263395,1.002159289063615,0.041522191745525704
hungary,switzerland,mirrams_equation9,mirrams,0,"{""d_model"": 64, ""dropout"": 0.1, ""evaluation_interval"": 5, ""learning_rate"": 0.0001, ""max_epochs"": 120, ""mirrams_confidence"": 0.95, ""mirrams_lambda_1"": 15.0, ""mirrams_lambda_2"": 15.0, ""mirrams_mask_rate"": 0.3, ""n_heads"": 4, ""n_layers"": 2, ""patience_evaluations"": 8, ""validation_mask_replicates"": 2, ""weight_decay"": 0.001}",5063,empirical_source,3,123.0,0.9349593495934959,0.6978260869565217,0.9690983644211626,0.4088003079279786,0.7225655939267591,0.12132749311542791,0.2630962465449177,0.8536585365853658,0.5146739130434783,0.9203539823008849,0.9369369369369369,0.9043478260869565,0.6347826086956522,2.0633293804224926,0.75153254955877,0.04832127645857866
hungary,switzerland,mirrams_equation9,mirrams,0,"{""d_model"": 64, ""dropout"": 0.1, ""evaluation_interval"": 5, ""learning_rate"": 0.0001, ""max_epochs"": 120, ""mirrams_confidence"": 0.95, ""mirrams_lambda_1"": 15.0, ""mirrams_lambda_2"": 15.0, ""mirrams_mask_rate"": 0.3, ""n_heads"": 4, ""n_layers"": 2, ""patience_evaluations"": 8, ""validation_mask_replicates"": 2, ""weight_decay"": 0.001}",5063,empirical_source,4,123.0,0.9349593495934959,0.7543478260869565,0.9765497461301818,0.38740474977838785,0.6751564941022347,0.11203379693463396,0.24149054418463567,0.8943089430894309,0.5945652173913043,0.9432314410480349,0.9473684210526315,0.9391304347826087,0.7130434782608696,1.7788676241323658,1.1545198865106308,0.03375437798425712
hungary,switzerland,mirrams_equation9,mirrams,0,"{""d_model"": 64, ""dropout"": 0.1, ""evaluation_interval"": 5, ""learning_rate"": 0.0001, ""max_epochs"": 120, ""mirrams_confidence"": 0.95, ""mirrams_lambda_1"": 15.0, ""mirrams_lambda_2"": 15.0, ""mirrams_mask_rate"": 0.3, ""n_heads"": 4, ""n_layers"": 2, ""patience_evaluations"": 8, ""validation_mask_replicates"": 2, ""weight_decay"": 0.001}",5063,mar_age_sex_30,0,123.0,0.9349593495934959,0.7271739130434783,0.9729875018881228,0.3833730870036184,0.6909370646571914,0.10974549289227006,0.24807284261494683,0.9024390243902439,0.5989130434782608,0.9478260869565217,0.9478260869565217,0.9478260869565217,0.5304347826086957,1.7791062252960577,1.101443905970703,0.037588700517542935
hungary,switzerland,mirrams_equation9,mirrams,0,"{""d_model"": 64, ""dropout"": 0.1, ""evaluation_interval"": 5, ""learning_rate"": 0.0001, ""max_epochs"": 120, ""mirrams_confidence"": 0.95, ""mirrams_lambda_1"": 15.0, ""mirrams_lambda_2"": 15.0, ""mirrams_mask_rate"": 0.3, ""n_heads"": 4, ""n_layers"": 2, ""patience_evaluations"": 8, ""validation_mask_replicates"": 2, ""weight_decay"": 0.001}",5063,mar_age_sex_30,1,123.0,0.9349593495934959,0.6684782608695652,0.9669889861007389,0.39705115220962833,0.728266811712443,0.11635712688280188,0.2634706374376304,0.8536585365853658,0.5728260869565218,0.9196428571428571,0.944954128440367,0.8956521739130435,0.4260869565217391,1.9779901418972727,0.826472684778748,0.04525330893702271
hungary,switzerland,mirrams_equation9,mirrams,0,"{""d_model"": 64, ""dropout"": 0.1, ""evaluation_interval"": 5, ""learning_rate"": 0.0001, ""max_epochs"": 120, ""mirrams_confidence"": 0.95, ""mirrams_lambda_1"": 15.0, ""mirrams_lambda_2"": 15.0, ""mirrams_mask_rate"": 0.3, ""n_heads"": 4, ""n_layers"": 2, ""patience_evaluations"": 8, ""validation_mask_replicates"": 2, ""weight_decay"": 0.001}",5063,mar_age_sex_30,2,123.0,0.9349593495934959,0.6597826086956522,0.9620262725497749,0.38766997221803856,0.734188737823038,0.11148917049326336,0.26486919974120193,0.8861788617886179,0.5320652173913043,0.9391304347826087,0.9391304347826087,0.9391304347826087,0.23478260869565218,1.8672072395271022,0.9269335423275701,0.04505411099856134
hungary,switzerland,mirrams_equation9,mirrams,0,"{""d_model"": 64, ""dropout"": 0.1, ""evaluation_interval"": 5, ""learning_rate"": 0.0001, ""max_epochs"": 120, ""mirrams_confidence"": 0.95, ""mirrams_lambda_1"": 15.0, ""mirrams_lambda_2"": 15.0, ""mirrams_mask_rate"": 0.3, ""n_heads"": 4, ""n_layers"": 2, ""patience_evaluations"": 8, ""validation_mask_replicates"": 2, ""weight_decay"": 0.001}",5063,mar_age_sex_30,3,123.0,0.9349593495934959,0.8217391304347825,0.9851863410441251,0.3654602137927193,0.6297248126848312,0.10229124779878072,0.22246463295923916,0.8943089430894309,0.5364130434782608,0.9437229437229437,0.9396551724137931,0.9478260869565217,0.5826086956521739,1.4573602815426856,1.594177998925417,0.022599160902292588
hungary,switzerland,mirrams_equation9,mirrams,0,"{""d_model"": 64, ""dropout"": 0.1, ""evaluation_interval"": 5, ""learning_rate"": 0.0001, ""max_epochs"": 120, ""mirrams_confidence"": 0.95, ""mirrams_lambda_1"": 15.0, ""mirrams_lambda_2"": 15.0, ""mirrams_mask_rate"": 0.3, ""n_heads"": 4, ""n_layers"": 2, ""patience_evaluations"": 8, ""validation_mask_replicates"": 2, ""weight_decay"": 0.001}",5063,mar_age_sex_30,4,123.0,0.9349593495934959,0.6565217391304348,0.9654426368263339,0.3995492402436158,0.7341359772598959,0.11768714028985627,0.26575052371798985,0.8373983739837398,0.5059782608695652,0.9107142857142857,0.9357798165137615,0.8869565217391304,0.33043478260869563,1.9959608710900283,0.8071382513770223,0.045790399935542785
hungary,switzerland,mirrams_equation9,mirrams,0,"{""d_model"": 64, ""dropout"": 0.1, ""evaluation_interval"": 5, ""learning_rate"": 0.0001, ""max_epochs"": 120, ""mirrams_confidence"": 0.95, ""mirrams_lambda_1"": 15.0, ""mirrams_lambda_2"": 15.0, ""mirrams_mask_rate"": 0.3, ""n_heads"": 4, ""n_layers"": 2, ""patience_evaluations"": 8, ""validation_mask_replicates"": 2, ""weight_decay"": 0.001}",5063,mcar_10,0,123.0,0.9349593495934959,0.6967391304347825,0.9692326298026941,0.40256814611083475,0.7020573508214984,0.11815907895655085,0.25262264193269074,0.8861788617886179,0.5320652173913043,0.9391304347826087,0.9391304347826087,0.9391304347826087,0.45217391304347826,1.9519730130492567,0.9153295312096159,0.046809366138738415
hungary,switzerland,mirrams_equation9,mirrams,0,"{""d_model"": 64, ""dropout"": 0.1, ""evaluation_interval"": 5, ""learning_rate"": 0.0001, ""max_epochs"": 120, ""mirrams_confidence"": 0.95, ""mirrams_lambda_1"": 15.0, ""mirrams_lambda_2"": 15.0, ""mirrams_mask_rate"": 0.3, ""n_heads"": 4, ""n_layers"": 2, ""patience_evaluations"": 8, ""validation_mask_replicates"": 2, ""weight_decay"": 0.001}",5063,mcar_10,1,123.0,0.9349593495934959,0.7315217391304347,0.9754373980749194,0.41869531904843094,0.6911871918603325,0.1259742748254642,0.24984135561899987,0.8536585365853658,0.5146739130434783,0.9203539823008849,0.9369369369369369,0.9043478260869565,0.6869565217391305,2.055331633441588,0.8331704803748922,0.04615576027639585
hungary,switzerland,mirrams_equation9,mirrams,0,"{""d_model"": 64, ""dropout"": 0.1, ""evaluation_interval"": 5, ""learning_rate"": 0.0001, ""max_epochs"": 120, ""mirrams_confidence"": 0.95, ""mirrams_lambda_1"": 15.0, ""mirrams_lambda_2"": 15.0, ""mirrams_mask_rate"": 0.3, ""n_heads"": 4, ""n_layers"": 2, ""patience_evaluations"": 8, ""validation_mask_replicates"": 2, ""weight_decay"": 0.001}",5063,mcar_10,2,123.0,0.9349593495934959,0.766304347826087,0.9760424153114615,0.39681300007552095,0.6490827204934233,0.1159211783126615,0.22872768400365656,0.8780487804878049,0.6440217391304348,0.9333333333333333,0.9545454545454546,0.9130434782608695,0.7130434782608696,1.8545202066642241,1.1462717478640052,0.0414870270796127
hungary,switzerland,mirrams_equation9,mirrams,0,"{""d_model"": 64, ""dropout"": 0.1, ""evaluation_interval"": 5, ""learning_rate"": 0.0001, ""max_epochs"": 120, ""mirrams_confidence"": 0.95, ""mirrams_lambda_1"": 15.0, ""mirrams_lambda_2"": 15.0, ""mirrams_mask_rate"": 0.3, ""n_heads"": 4, ""n_layers"": 2, ""patience_evaluations"": 8, ""validation_mask_replicates"": 2, ""weight_decay"": 0.001}",5063,mcar_10,3,123.0,0.9349593495934959,0.7260869565217392,0.9657559104676574,0.4113613332990004,0.65706546875456,0.1223460943682319,0.23066084583834034,0.8699186991869918,0.5815217391304348,0.9292035398230089,0.9459459459459459,0.9130434782608695,0.5130434782608696,1.9611656809076052,1.0632607085386194,0.053960092158493005
hungary,switzerland,mirrams_equation9,mirrams,0,"{""d_model"": 64, ""dropout"": 0.1, ""evaluation_interval"": 5, ""learning_rate"": 0.0001, ""max_epochs"": 120, ""mirrams_confidence"": 0.95, ""mirrams_lambda_1"": 15.0, ""mirrams_lambda_2"": 15.0, ""mirrams_mask_rate"": 0.3, ""n_heads"": 4, ""n_layers"": 2, ""patience_evaluations"": 8, ""validation_mask_replicates"": 2, ""weight_decay"": 0.001}",5063,mcar_10,4,123.0,0.9349593495934959,0.7391304347826088,0.9755923921136114,0.4129439572583909,0.6750936460526054,0.12401685043204438,0.24125310168361574,0.8292682926829268,0.5597826086956521,0.9049773755656109,0.9433962264150944,0.8695652173913043,0.591304347826087,2.0194148759029558,0.9117980150949008,0.04640360653880593
hungary,switzerland,mirrams_equation9,mirrams,0,"{""d_model"": 64, ""dropout"": 0.1, ""evaluation_interval"": 5, ""learning_rate"": 0.0001, ""max_epochs"": 120, ""mirrams_confidence"": 0.95, ""mirrams_lambda_1"": 15.0, ""mirrams_lambda_2"": 15.0, ""mirrams_mask_rate"": 0.3, ""n_heads"": 4, ""n_layers"": 2, ""patience_evaluations"": 8, ""validation_mask_replicates"": 2, ""weight_decay"": 0.001}",5063,mcar_30,0,123.0,0.9349593495934959,0.6271739130434782,0.9624516262029383,0.4207339553868871,0.7385450430898861,0.12609618522448046,0.2680676787440482,0.8455284552845529,0.5684782608695652,0.9147982062780269,0.9444444444444444,0.8869565217391304,0.2956521739130435,2.1068739735610165,0.7178973437100902,0.0514568825315337
hungary,switzerland,mirrams_equation9,mirrams,0,"{""d_model"": 64, ""dropout"": 0.1, ""evaluation_interval"": 5, ""learning_rate"": 0.0001, ""max_epochs"": 120, ""mirrams_confidence"": 0.95, ""mirrams_lambda_1"": 15.0, ""mirrams_lambda_2"": 15.0, ""mirrams_mask_rate"": 0.3, ""n_heads"": 4, ""n_layers"": 2, ""patience_evaluations"": 8, ""validation_mask_replicates"": 2, ""weight_decay"": 0.001}",5063,mcar_30,1,123.0,0.9349593495934959,0.6663043478260869,0.969380998353367,0.43254117336511594,0.7328346173748004,0.13181786117485642,0.2684468274541666,0.8455284552845529,0.5684782608695652,0.9147982062780269,0.9444444444444444,0.8869565217391304,0.43478260869565216,2.223733679972507,0.5759943535939012,0.05519511120111797
hungary,switzerland,mirrams_equation9,mirrams,0,"{""d_model"": 64, ""dropout"": 0.1, ""evaluation_interval"": 5, ""learning_rate"": 0.0001, ""max_epochs"": 120, ""mirrams_confidence"": 0.95, ""mirrams_lambda_1"": 15.0, ""mirrams_lambda_2"": 15.0, ""mirrams_mask_rate"": 0.3, ""n_heads"": 4, ""n_layers"": 2, ""patience_evaluations"": 8, ""validation_mask_replicates"": 2, ""weight_decay"": 0.001}",5063,mcar_30,2,123.0,0.9349593495934959,0.692391304347826,0.9683096655293895,0.4374467246210226,0.6944205843103237,0.1335947139387806,0.24963497119497874,0.8292682926829268,0.5016304347826087,0.905829596412556,0.9351851851851852,0.8782608695652174,0.5043478260869565,2.1335432091684723,0.7907215751203095,0.06100458165733385
hungary,switzerland,mirrams_equation9,mirrams,0,"{""d_model"": 64, ""dropout"": 0.1, ""evaluation_interval"": 5, ""learning_rate"": 0.0001, ""max_epochs"": 120, ""mirrams_confidence"": 0.95, ""mirrams_lambda_1"": 15.0, ""mirrams_lambda_2"": 15.0, ""mirrams_mask_rate"": 0.3, ""n_heads"": 4, ""n_layers"": 2, ""patience_evaluations"": 8, ""validation_mask_replicates"": 2, ""weight_decay"": 0.001}",5063,mcar_30,3,123.0,0.9349593495934959,0.5706521739130435,0.9506112718520275,0.4744479375840125,0.7552218503467816,0.15007789535051905,0.27465812070075946,0.7886178861788617,0.5380434782608696,0.8796296296296297,0.9405940594059405,0.8260869565217391,0.17391304347826086,2.413028092856909,0.3716542286010255,0.08748950886969507
hungary,switzerland,mirrams_equation9,mirrams,0,"{""d_model"": 64, ""dropout"": 0.1, ""evaluation_interval"": 5, ""learning_rate"": 0.0001, ""max_epochs"": 120, ""mirrams_confidence"": 0.95, ""mirrams_lambda_1"": 15.0, ""mirrams_lambda_2"": 15.0, ""mirrams_mask_rate"": 0.3, ""n_heads"": 4, ""n_layers"": 2, ""patience_evaluations"": 8, ""validation_mask_replicates"": 2, ""weight_decay"": 0.001}",5063,mcar_30,4,123.0,0.9349593495934959,0.3923913043478261,0.9195024699882726,0.4624471501429951,0.9007469333001155,0.1435716649028318,0.3375382652620874,0.8373983739837398,0.44782608695652176,0.911504424778761,0.9279279279279279,0.8956521739130435,0.08695652173913043,3.5514048603451873,-0.8977445431011193,0.10353418000707415
hungary,switzerland,mirrams_equation9,mirrams,0,"{""d_model"": 64, ""dropout"": 0.1, ""evaluation_interval"": 5, ""learning_rate"": 0.0001, ""max_epochs"": 120, ""mirrams_confidence"": 0.95, ""mirrams_lambda_1"": 15.0, ""mirrams_lambda_2"": 15.0, ""mirrams_mask_rate"": 0.3, ""n_heads"": 4, ""n_layers"": 2, ""patience_evaluations"": 8, ""validation_mask_replicates"": 2, ""weight_decay"": 0.001}",5063,mcar_50,0,123.0,0.9349593495934959,0.5978260869565217,0.947086582700551,0.4842681361349056,0.7409712086895643,0.15380277694229236,0.269298052004944,0.7967479674796748,0.4842391304347826,0.8858447488584474,0.9326923076923077,0.8434782608695652,0.3739130434782609,2.396589436102874,0.43431914895801,0.10482578646635238
hungary,switzerland,mirrams_equation9,mirrams,0,"{""d_model"": 64, ""dropout"": 0.1, ""evaluation_interval"": 5, ""learning_rate"": 0.0001, ""max_epochs"": 120, ""mirrams_confidence"": 0.95, ""mirrams_lambda_1"": 15.0, ""mirrams_lambda_2"": 15.0, ""mirrams_mask_rate"": 0.3, ""n_heads"": 4, ""n_layers"": 2, ""patience_evaluations"": 8, ""validation_mask_replicates"": 2, ""weight_decay"": 0.001}",5063,mcar_50,1,123.0,0.9349593495934959,0.6195652173913043,0.9610889543400882,0.47059929517343785,0.718946315647257,0.14825173825516613,0.25984614409179196,0.8211382113821138,0.5554347826086956,0.9,0.9428571428571428,0.8608695652173913,0.2782608695652174,2.3185922118907505,0.5551168477420303,0.08796405088399417
hungary,switzerland,mirrams_equation9,mirrams,0,"{""d_model"": 64, ""dropout"": 0.1, ""evaluation_interval"": 5, ""learning_rate"": 0.0001, ""max_epochs"": 120, ""mirrams_confidence"": 0.95, ""mirrams_lambda_1"": 15.0, ""mirrams_lambda_2"": 15.0, ""mirrams_mask_rate"": 0.3, ""n_heads"": 4, ""n_layers"": 2, ""patience_evaluations"": 8, ""validation_mask_replicates"": 2, ""weight_decay"": 0.001}",5063,mcar_50,2,123.0,0.9349593495934959,0.6684782608695652,0.9676932891821955,0.46615317879160195,0.684787349919763,0.14698274331125066,0.24605586040512764,0.7967479674796748,0.5423913043478261,0.8847926267281107,0.9411764705882353,0.8347826086956521,0.40869565217391307,2.2189858939821225,0.8103717228977755,0.07192001446746994
hungary,switzerland,mirrams_equation9,mirrams,0,"{""d_model"": 64, ""dropout"": 0.1, ""evaluation_interval"": 5, ""learning_rate"": 0.0001, ""max_epochs"": 120, ""mirrams_confidence"": 0.95, ""mirrams_lambda_1"": 15.0, ""mirrams_lambda_2"": 15.0, ""mirrams_mask_rate"": 0.3, ""n_heads"": 4, ""n_layers"": 2, ""patience_evaluations"": 8, ""validation_mask_replicates"": 2, ""weight_decay"": 0.001}",5063,mcar_50,3,123.0,0.9349593495934959,0.5630434782608695,0.9436866174947103,0.4421976419444377,0.7256072615360797,0.1338251453057971,0.2583453504244616,0.8699186991869918,0.6396739130434783,0.9285714285714286,0.9541284403669725,0.9043478260869565,0.2,2.0882086791086967,0.9061289398058565,0.07098720752988023
hungary,switzerland,mirrams_equation9,mirrams,0,"{""d_model"": 64, ""dropout"": 0.1, ""evaluation_interval"": 5, ""learning_rate"": 0.0001, ""max_epochs"": 120, ""mirrams_confidence"": 0.95, ""mirrams_lambda_1"": 15.0, ""mirrams_lambda_2"": 15.0, ""mirrams_mask_rate"": 0.3, ""n_heads"": 4, ""n_layers"": 2, ""patience_evaluations"": 8, ""validation_mask_replicates"": 2, ""weight_decay"": 0.001}",5063,mcar_50,4,123.0,0.9349593495934959,0.5260869565217392,0.951105441679617,0.47387089457876974,0.8026561088564224,0.14902697267374845,0.2984483054064569,0.8048780487804879,0.4885869565217391,0.8909090909090909,0.9333333333333333,0.8521739130434782,0.3826086956521739,2.6527409191390574,0.0165155115858016,0.08450290506296441
hungary,switzerland,mirrams_equation9,mirrams,0,"{""d_model"": 64, ""dropout"": 0.1, ""evaluation_interval"": 5, ""learning_rate"": 0.0001, ""max_epochs"": 120, ""mirrams_confidence"": 0.95, ""mirrams_lambda_1"": 15.0, ""mirrams_lambda_2"": 15.0, ""mirrams_mask_rate"": 0.3, ""n_heads"": 4, ""n_layers"": 2, ""patience_evaluations"": 8, ""validation_mask_replicates"": 2, ""weight_decay"": 0.001}",5063,natural,0,123.0,0.9349593495934959,0.7369565217391304,0.9743928985078236,0.40164340732927395,0.6773506157047819,0.11821648159911198,0.24246552606857213,0.8780487804878049,0.5858695652173913,0.933920704845815,0.9464285714285714,0.9217391304347826,0.6869565217391305,1.9422134764859442,0.9745149602070996,0.04456233139391167
hungary,switzerland,mirrams_equation9,mirrams,0,"{""d_model"": 64, ""dropout"": 0.1, ""evaluation_interval"": 5, ""learning_rate"": 0.0001, ""max_epochs"": 120, ""mirrams_confidence"": 0.95, ""mirrams_lambda_1"": 15.0, ""mirrams_lambda_2"": 15.0, ""mirrams_mask_rate"": 0.3, ""n_heads"": 4, ""n_layers"": 2, ""patience_evaluations"": 8, ""validation_mask_replicates"": 2, ""weight_decay"": 0.001}",5064,drop_advanced,0,123.0,0.9349593495934959,0.7478260869565218,0.9737095104882101,0.39758278972553035,0.6482375442218151,0.11765158406455686,0.2272805906198691,0.8780487804878049,0.6440217391304348,0.9333333333333333,0.9545454545454546,0.9130434782608695,0.5739130434782609,1.7292626675036102,1.4066904499746238,0.03697840368287543
hungary,switzerland,mirrams_equation9,mirrams,0,"{""d_model"": 64, ""dropout"": 0.1, ""evaluation_interval"": 5, ""learning_rate"": 0.0001, ""max_epochs"": 120, ""mirrams_confidence"": 0.95, ""mirrams_lambda_1"": 15.0, ""mirrams_lambda_2"": 15.0, ""mirrams_mask_rate"": 0.3, ""n_heads"": 4, ""n_layers"": 2, ""patience_evaluations"": 8, ""validation_mask_replicates"": 2, ""weight_decay"": 0.001}",5064,drop_exercise,0,123.0,0.9349593495934959,0.7043478260869565,0.9611067128874049,0.48058391739393674,0.6686667998598611,0.1507982432394986,0.23419109534740135,0.8373983739837398,0.6804347826086956,0.908256880733945,0.9611650485436893,0.8608695652173913,0.1565217391304348,2.094679160124928,1.2417588565825235,0.06718337722524204
hungary,switzerland,mirrams_equation9,mirrams,0,"{""d_model"": 64, ""dropout"": 0.1, ""evaluation_interval"": 5, ""learning_rate"": 0.0001, ""max_epochs"": 120, ""mirrams_confidence"": 0.95, ""mirrams_lambda_1"": 15.0, ""mirrams_lambda_2"": 15.0, ""mirrams_mask_rate"": 0.3, ""n_heads"": 4, ""n_layers"": 2, ""patience_evaluations"": 8, ""validation_mask_replicates"": 2, ""weight_decay"": 0.001}",5064,drop_routine,0,123.0,0.9349593495934959,0.7717391304347825,0.9784076737457912,0.400096935267681,0.6438094781801542,0.11692954258805577,0.22668885925155516,0.9024390243902439,0.6570652173913043,0.9473684210526315,0.9557522123893806,0.9391304347826087,0.591304347826087,1.5920426354226298,1.6614879323086063,0.02981675100932107
hungary,switzerland,mirrams_equation9,mirrams,0,"{""d_model"": 64, ""dropout"": 0.1, ""evaluation_interval"": 5, ""learning_rate"": 0.0001, ""max_epochs"": 120, ""mirrams_confidence"": 0.95, ""mirrams_lambda_1"": 15.0, ""mirrams_lambda_2"": 15.0, ""mirrams_mask_rate"": 0.3, ""n_heads"": 4, ""n_layers"": 2, ""patience_evaluations"": 8, ""validation_mask_replicates"": 2, ""weight_decay"": 0.001}",5064,empirical_source,0,123.0,0.9349593495934959,0.7347826086956522,0.971157774534354,0.40879058586110417,0.651769432639963,0.1217486108053369,0.22935432370528255,0.8861788617886179,0.6483695652173913,0.9380530973451328,0.954954954954955,0.9217391304347826,0.5478260869565217,1.7632880517796328,1.4130073321864571,0.039808703962965784
hungary,switzerland,mirrams_equation9,mirrams,0,"{""d_model"": 64, ""dropout"": 0.1, ""evaluation_interval"": 5, ""learning_rate"": 0.0001, ""max_epochs"": 120, ""mirrams_confidence"": 0.95, ""mirrams_lambda_1"": 15.0, ""mirrams_lambda_2"": 15.0, ""mirrams_mask_rate"": 0.3, ""n_heads"": 4, ""n_layers"": 2, ""patience_evaluations"": 8, ""validation_mask_replicates"": 2, ""weight_decay"": 0.001}",5064,empirical_source,1,123.0,0.9349593495934959,0.7152173913043479,0.9699319138345822,0.4231912391494093,0.6692862845416815,0.12793101073769617,0.23753477649275614,0.8699186991869918,0.5815217391304348,0.9292035398230089,0.9459459459459459,0.9130434782608695,0.5217391304347826,1.8790610871541742,1.2339841508512004,0.04314334984347613
hungary,switzerland,mirrams_equation9,mirrams,0,"{""d_model"": 64, ""dropout"": 0.1, ""evaluation_interval"": 5, ""learning_rate"": 0.0001, ""max_epochs"": 120, ""mirrams_confidence"": 0.95, ""mirrams_lambda_1"": 15.0, ""mirrams_lambda_2"": 15.0, ""mirrams_mask_rate"": 0.3, ""n_heads"": 4, ""n_layers"": 2, ""patience_evaluations"": 8, ""validation_mask_replicates"": 2, ""weight_decay"": 0.001}",5064,empirical_source,2,123.0,0.9349593495934959,0.7695652173913043,0.9808244516997349,0.4113041225710516,0.6244311081251619,0.12326375947066343,0.22096525386288154,0.8617886178861789,0.6353260869565218,0.9237668161434978,0.9537037037037037,0.8956521739130435,0.5217391304347826,1.6793433545814762,1.7093030224423114,0.03060942741776842
hungary,switzerland,mirrams_equation9,mirrams,0,"{""d_model"": 64, ""dropout"": 0.1, ""evaluation_interval"": 5, ""learning_rate"": 0.0001, ""max_epochs"": 120, ""mirrams_confidence"": 0.95, ""mirrams_lambda_1"": 15.0, ""mirrams_lambda_2"": 15.0, ""mirrams_mask_rate"": 0.3, ""n_heads"": 4, ""n_layers"": 2, ""patience_evaluations"": 8, ""validation_mask_replicates"": 2, ""weight_decay"": 0.001}",5064,empirical_source,3,123.0,0.9349593495934959,0.782608695652174,0.975446124248093,0.407180344584301,0.6223020578267827,0.12070994138788008,0.21466970353728534,0.8943089430894309,0.7690217391304348,0.9417040358744395,0.9722222222222222,0.9130434782608695,0.5391304347826087,1.6394744043593799,1.842696880627599,0.03383338673593246
hungary,switzerland,mirrams_equation9,mirrams,0,"{""d_model"": 64, ""dropout"": 0.1, ""evaluation_interval"": 5, ""learning_rate"": 0.0001, ""max_epochs"": 120, ""mirrams_confidence"": 0.95, ""mirrams_lambda_1"": 15.0, ""mirrams_lambda_2"": 15.0, ""mirrams_mask_rate"": 0.3, ""n_heads"": 4, ""n_layers"": 2, ""patience_evaluations"": 8, ""validation_mask_replicates"": 2, ""weight_decay"": 0.001}",5064,empirical_source,4,123.0,0.9349593495934959,0.758695652173913,0.972895241986111,0.4052381066612957,0.6358898022244867,0.1197783657265672,0.22134455090677171,0.8861788617886179,0.7065217391304348,0.9375,0.963302752293578,0.9130434782608695,0.5391304347826087,1.6764993092709635,1.6363026026701841,0.03688033397703398
hungary,switzerland,mirrams_equation9,mirrams,0,"{""d_model"": 64, ""dropout"": 0.1, ""evaluation_interval"": 5, ""learning_rate"": 0.0001, ""max_epochs"": 120, ""mirrams_confidence"": 0.95, ""mirrams_lambda_1"": 15.0, ""mirrams_lambda_2"": 15.0, ""mirrams_mask_rate"": 0.3, ""n_heads"": 4, ""n_layers"": 2, ""patience_evaluations"": 8, ""validation_mask_replicates"": 2, ""weight_decay"": 0.001}",5064,mar_age_sex_30,0,123.0,0.9349593495934959,0.8152173913043478,0.9854346251631065,0.4137865666000354,0.6065855810691027,0.12298243347144602,0.21211690331481955,0.8455284552845529,0.6266304347826087,0.9140271493212669,0.9528301886792453,0.8782608695652174,0.6608695652173913,1.6411241787882682,1.9029633666904182,0.02857029211604423
hungary,switzerland,mirrams_equation9,mirrams,0,"{""d_model"": 64, ""dropout"": 0.1, ""evaluation_interval"": 5, ""learning_rate"": 0.0001, ""max_epochs"": 120, ""mirrams_confidence"": 0.95, ""mirrams_lambda_1"": 15.0, ""mirrams_lambda_2"": 15.0, ""mirrams_mask_rate"": 0.3, ""n_heads"": 4, ""n_layers"": 2, ""patience_evaluations"": 8, ""validation_mask_replicates"": 2, ""weight_decay"": 0.001}",5064,mar_age_sex_30,1,123.0,0.9349593495934959,0.7608695652173912,0.9808193457898275,0.4332130477505169,0.6291827724866107,0.1309134990143933,0.2225184617900027,0.8455284552845529,0.6266304347826087,0.9140271493212669,0.9528301886792453,0.8782608695652174,0.5826086956521739,1.7460787314116564,1.7344662519812617,0.032637649242613295
hungary,switzerland,mirrams_equation9,mirrams,0,"{""d_model"": 64, ""dropout"": 0.1, ""evaluation_interval"": 5, ""learning_rate"": 0.0001, ""max_epochs"": 120, ""mirrams_confidence"": 0.95, ""mirrams_lambda_1"": 15.0, ""mirrams_lambda_2"": 15.0, ""mirrams_mask_rate"": 0.3, ""n_heads"": 4, ""n_layers"": 2, ""patience_evaluations"": 8, ""validation_mask_replicates"": 2, ""weight_decay"": 0.001}",5064,mar_age_sex_30,2,123.0,0.9349593495934959,0.6945652173913044,0.9693817140299846,0.43392366528562015,0.6786071037337352,0.13193187374645157,0.24238268300059912,0.8617886178861789,0.6353260869565218,0.9237668161434978,0.9537037037037037,0.8956521739130435,0.40869565217391307,1.9448047140761202,1.1501542774449705,0.04479037315887404
hungary,switzerland,mirrams_equation9,mirrams,0,"{""d_model"": 64, ""dropout"": 0.1, ""evaluation_interval"": 5, ""learning_rate"": 0.0001, ""max_epochs"": 120, ""mirrams_confidence"": 0.95, ""mirrams_lambda_1"": 15.0, ""mirrams_lambda_2"": 15.0, ""mirrams_mask_rate"": 0.3, ""n_heads"": 4, ""n_layers"": 2, ""patience_evaluations"": 8, ""validation_mask_replicates"": 2, ""weight_decay"": 0.001}",5064,mar_age_sex_30,3,123.0,0.9349593495934959,0.7521739130434784,0.975341692733176,0.42886710294539626,0.6298595178923069,0.12848292291113064,0.21986598226174967,0.8861788617886179,0.7065217391304348,0.9375,0.963302752293578,0.9130434782608695,0.4260869565217391,1.6862889690426746,1.9038380282613199,0.03379555736991412
hungary,switzerland,mirrams_equation9,mirrams,0,"{""d_model"": 64, ""dropout"": 0.1, ""evaluation_interval"": 5, ""learning_rate"": 0.0001, ""max_epochs"": 120, ""mirrams_confidence"": 0.95, ""mirrams_lambda_1"": 15.0, ""mirrams_lambda_2"": 15.0, ""mirrams_mask_rate"": 0.3, ""n_heads"": 4, ""n_layers"": 2, ""patience_evaluations"": 8, ""validation_mask_replicates"": 2, ""weight_decay"": 0.001}",5064,mar_age_sex_30,4,123.0,0.9349593495934959,0.7065217391304348,0.9713910445584415,0.43246222826772,0.6615385733276886,0.13138374224557806,0.23533100939424934,0.8617886178861789,0.6353260869565218,0.9237668161434978,0.9537037037037037,0.8956521739130435,0.4782608695652174,1.9118235284439573,1.26819587969364,0.04428139605348078
hungary,switzerland,mirrams_equation9,mirrams,0,"{""d_model"": 64, ""dropout"": 0.1, ""evaluation_interval"": 5, ""learning_rate"": 0.0001, ""max_epochs"": 120, ""mirrams_confidence"": 0.95, ""mirrams_lambda_1"": 15.0, ""mirrams_lambda_2"": 15.0, ""mirrams_mask_rate"": 0.3, ""n_heads"": 4, ""n_layers"": 2, ""patience_evaluations"": 8, ""validation_mask_replicates"": 2, ""weight_decay"": 0.001}",5064,mcar_10,0,123.0,0.9349593495934959,0.7097826086956521,0.9697429804769975,0.41712079404592883,0.6641297914923057,0.1257777591945686,0.23531855294534187,0.8780487804878049,0.5858695652173913,0.933920704845815,0.9464285714285714,0.9217391304347826,0.5739130434782609,1.8644117786707626,1.2426726785520834,0.04403778614773779
hungary,switzerland,mirrams_equation9,mirrams,0,"{""d_model"": 64, ""dropout"": 0.1, ""evaluation_interval"": 5, ""learning_rate"": 0.0001, ""max_epochs"": 120, ""mirrams_confidence"": 0.95, ""mirrams_lambda_1"": 15.0, ""mirrams_lambda_2"": 15.0, ""mirrams_mask_rate"": 0.3, ""n_heads"": 4, ""n_layers"": 2, ""patience_evaluations"": 8, ""validation_mask_replicates"": 2, ""weight_decay"": 0.001}",5064,mcar_10,1,123.0,0.9349593495934959,0.7597826086956522,0.9782960891505303,0.4211500761327783,0.6313174087995007,0.12796731510219622,0.22220895392828516,0.8373983739837398,0.6222826086956521,0.9090909090909091,0.9523809523809523,0.8695652173913043,0.6956521739130435,1.8398161867942973,1.4625611331094284,0.039708155992738234
hungary,switzerland,mirrams_equation9,mirrams,0,"{""d_model"": 64, ""dropout"": 0.1, ""evaluation_interval"": 5, ""learning_rate"": 0.0001, ""max_epochs"": 120, ""mirrams_confidence"": 0.95, ""mirrams_lambda_1"": 15.0, ""mirrams_lambda_2"": 15.0, ""mirrams_mask_rate"": 0.3, ""n_heads"": 4, ""n_layers"": 2, ""patience_evaluations"": 8, ""validation_mask_replicates"": 2, ""weight_decay"": 0.001}",5064,mcar_10,2,123.0,0.9349593495934959,0.7380434782608696,0.9705405017261957,0.4202154462676353,0.6408060805778396,0.12693787393607758,0.22325725276327524,0.8617886178861789,0.6353260869565218,0.9237668161434978,0.9537037037037037,0.8956521739130435,0.5565217391304348,1.8543259355716877,1.4049158809142035,0.04588648884420441
hungary,switzerland,mirrams_equation9,mirrams,0,"{""d_model"": 64, ""dropout"": 0.1, ""evaluation_interval"": 5, ""learning_rate"": 0.0001, ""max_epochs"": 120, ""mirrams_confidence"": 0.95, ""mirrams_lambda_1"": 15.0, ""mirrams_lambda_2"": 15.0, ""mirrams_mask_rate"": 0.3, ""n_heads"": 4, ""n_layers"": 2, ""patience_evaluations"": 8, ""validation_mask_replicates"": 2, ""weight_decay"": 0.001}",5064,mcar_10,3,123.0,0.9349593495934959,0.7065217391304348,0.9727968416046044,0.4327438048403875,0.6669413692082029,0.13310850917821804,0.23806613388604939,0.8536585365853658,0.6309782608695652,0.918918918918919,0.9532710280373832,0.8869565217391304,0.4,1.9692905106918603,1.1510463827899222,0.04638748927696612
hungary,switzerland,mirrams_equation9,mirrams,0,"{""d_model"": 64, ""dropout"": 0.1, ""evaluation_interval"": 5, ""learning_rate"": 0.0001, ""max_epochs"": 120, ""mirrams_confidence"": 0.95, ""mirrams_lambda_1"": 15.0, ""mirrams_lambda_2"": 15.0, ""mirrams_mask_rate"": 0.3, ""n_heads"": 4, ""n_layers"": 2, ""patience_evaluations"": 8, ""validation_mask_replicates"": 2, ""weight_decay"": 0.001}",5064,mcar_10,4,123.0,0.9349593495934959,0.7739130434782608,0.9805669284825238,0.4194276882366921,0.6131385895770212,0.12749656638533327,0.21482381318122434,0.8292682926829268,0.6760869565217391,0.9032258064516129,0.9607843137254902,0.8521739130434782,0.591304347826087,1.8160045523425092,1.5923706392139154,0.04009723810379794
hungary,switzerland,mirrams_equation9,mirrams,0,"{""d_model"": 64, ""dropout"": 0.1, ""evaluation_interval"": 5, ""learning_rate"": 0.0001, ""max_epochs"": 120, ""mirrams_confidence"": 0.95, ""mirrams_lambda_1"": 15.0, ""mirrams_lambda_2"": 15.0, ""mirrams_mask_rate"": 0.3, ""n_heads"": 4, ""n_layers"": 2, ""patience_evaluations"": 8, ""validation_mask_replicates"": 2, ""weight_decay"": 0.001}",5064,mcar_30,0,123.0,0.9349593495934959,0.7543478260869566,0.9759464344202144,0.45039809815191234,0.6300546210923604,0.13890270692825113,0.22013245734450182,0.8536585365853658,0.6891304347826087,0.9181818181818182,0.9619047619047619,0.8782608695652174,0.6086956521739131,1.9274927488300686,1.5524640336572493,0.04690325895702831
hungary,switzerland,mirrams_equation9,mirrams,0,"{""d_model"": 64, ""dropout"": 0.1, ""evaluation_interval"": 5, ""learning_rate"": 0.0001, ""max_epochs"": 120, ""mirrams_confidence"": 0.95, ""mirrams_lambda_1"": 15.0, ""mirrams_lambda_2"": 15.0, ""mirrams_mask_rate"": 0.3, ""n_heads"": 4, ""n_layers"": 2, ""patience_evaluations"": 8, ""validation_mask_replicates"": 2, ""weight_decay"": 0.001}",5064,mcar_30,1,123.0,0.9349593495934959,0.7130434782608696,0.9752083741310302,0.4844522198314014,0.6421902067386103,0.15582703582196478,0.2279292446732477,0.7723577235772358,0.5293478260869565,0.8691588785046729,0.9393939393939394,0.808695652173913,0.4608695652173913,2.1896711347280586,1.0956785524312227,0.0754881384516974
hungary,switzerland,mirrams_equation9,mirrams,0,"{""d_model"": 64, ""dropout"": 0.1, ""evaluation_interval"": 5, ""learning_rate"": 0.0001, ""max_epochs"": 120, ""mirrams_confidence"": 0.95, ""mirrams_lambda_1"": 15.0, ""mirrams_lambda_2"": 15.0, ""mirrams_mask_rate"": 0.3, ""n_heads"": 4, ""n_layers"": 2, ""patience_evaluations"": 8, ""validation_mask_replicates"": 2, ""weight_decay"": 0.001}",5064,mcar_30,2,123.0,0.9349593495934959,0.6630434782608695,0.9691582002897287,0.47087342438146,0.6855740250593887,0.14975086698278842,0.2472464109398507,0.8292682926829268,0.6179347826086956,0.9041095890410958,0.9519230769230769,0.8608695652173913,0.43478260869565216,2.224614272606477,0.7854766908982801,0.0711393473810803
hungary,switzerland,mirrams_equation9,mirrams,0,"{""d_model"": 64, ""dropout"": 0.1, ""evaluation_interval"": 5, ""learning_rate"": 0.0001, ""max_epochs"": 120, ""mirrams_confidence"": 0.95, ""mirrams_lambda_1"": 15.0, ""mirrams_lambda_2"": 15.0, ""mirrams_mask_rate"": 0.3, ""n_heads"": 4, ""n_layers"": 2, ""patience_evaluations"": 8, ""validation_mask_replicates"": 2, ""weight_decay"": 0.001}",5064,mcar_30,3,123.0,0.9349593495934959,0.691304347826087,0.9681549970361445,0.4621578894560615,0.6711864853680808,0.14466078106380711,0.238047816282222,0.8373983739837398,0.6222826086956521,0.9090909090909091,0.9523809523809523,0.8695652173913043,0.2608695652173913,2.103875883819426,1.0589612782197733,0.06043715023339001
hungary,switzerland,mirrams_equation9,mirrams,0,"{""d_model"": 64, ""dropout"": 0.1, ""evaluation_interval"": 5, ""learning_rate"": 0.0001, ""max_epochs"": 120, ""mirrams_confidence"": 0.95, ""mirrams_lambda_1"": 15.0, ""mirrams_lambda_2"": 15.0, ""mirrams_mask_rate"": 0.3, ""n_heads"": 4, ""n_layers"": 2, ""patience_evaluations"": 8, ""validation_mask_replicates"": 2, ""weight_decay"": 0.001}",5064,mcar_30,4,123.0,0.9349593495934959,0.7619565217391304,0.9792672871013771,0.4810468120165214,0.6145239508654996,0.15390279090401307,0.2149045506958824,0.7642276422764228,0.6413043478260869,0.861244019138756,0.9574468085106383,0.782608695652174,0.5130434782608696,2.099731186238184,1.5901594829491075,0.06667383322296716
hungary,switzerland,mirrams_equation9,mirrams,0,"{""d_model"": 64, ""dropout"": 0.1, ""evaluation_interval"": 5, ""learning_rate"": 0.0001, ""max_epochs"": 120, ""mirrams_confidence"": 0.95, ""mirrams_lambda_1"": 15.0, ""mirrams_lambda_2"": 15.0, ""mirrams_mask_rate"": 0.3, ""n_heads"": 4, ""n_layers"": 2, ""patience_evaluations"": 8, ""validation_mask_replicates"": 2, ""weight_decay"": 0.001}",5064,mcar_50,0,123.0,0.9349593495934959,0.6000000000000001,0.9370150731128318,0.5758437829787242,0.7237653268648534,0.19495573383531026,0.2575910966906145,0.6829268292682927,0.5978260869565217,0.8040201005025126,0.9523809523809523,0.6956521739130435,0.0782608695652174,2.5237563778752548,0.4404297889519371,0.17533052930596044
hungary,switzerland,mirrams_equation9,mirrams,0,"{""d_model"": 64, ""dropout"": 0.1, ""evaluation_interval"": 5, ""learning_rate"": 0.0001, ""max_epochs"": 120, ""mirrams_confidence"": 0.95, ""mirrams_lambda_1"": 15.0, ""mirrams_lambda_2"": 15.0, ""mirrams_mask_rate"": 0.3, ""n_heads"": 4, ""n_layers"": 2, ""patience_evaluations"": 8, ""validation_mask_replicates"": 2, ""weight_decay"": 0.001}",5064,mcar_50,1,123.0,0.9349593495934959,0.5554347826086957,0.949891256108802,0.5586109466159022,0.7268402545686112,0.18769779112856397,0.26421283368880516,0.7560975609756098,0.5206521739130434,0.8584905660377359,0.9381443298969072,0.7913043478260869,0.2,2.537180505426392,0.32283259621089416,0.14088681037596254
hungary,switzerland,mirrams_equation9,mirrams,0,"{""d_model"": 64, ""dropout"": 0.1, ""evaluation_interval"": 5, ""learning_rate"": 0.0001, ""max_epochs"": 120, ""mirrams_confidence"": 0.95, ""mirrams_lambda_1"": 15.0, ""mirrams_lambda_2"": 15.0, ""mirrams_mask_rate"": 0.3, ""n_heads"": 4, ""n_layers"": 2, ""patience_evaluations"": 8, ""validation_mask_replicates"": 2, ""weight_decay"": 0.001}",5064,mcar_50,2,123.0,0.9349593495934959,0.6978260869565217,0.9712562900190003,0.5337955555776506,0.6330376911183254,0.17632024601698953,0.2226735810515503,0.7642276422764228,0.6413043478260869,0.861244019138756,0.9574468085106383,0.782608695652174,0.40869565217391307,2.3030276657304958,1.423664376263611,0.10283730864695256
hungary,switzerland,mirrams_equation9,mirrams,0,"{""d_model"": 64, ""dropout"": 0.1, ""evaluation_interval"": 5, ""learning_rate"": 0.0001, ""max_epochs"": 120, ""mirrams_confidence"": 0.95, ""mirrams_lambda_1"": 15.0, ""mirrams_lambda_2"": 15.0, ""mirrams_mask_rate"": 0.3, ""n_heads"": 4, ""n_layers"": 2, ""patience_evaluations"": 8, ""validation_mask_replicates"": 2, ""weight_decay"": 0.001}",5064,mcar_50,3,123.0,0.9349593495934959,0.6054347826086957,0.964171654136458,0.5636809311399267,0.6788474906540523,0.191552539058974,0.24563051891411644,0.6341463414634146,0.45543478260869563,0.7715736040609137,0.926829268292683,0.6608695652173913,0.43478260869565216,2.4662756259834437,0.6415362995137901,0.14573069912622455
hungary,switzerland,mirrams_equation9,mirrams,0,"{""d_model"": 64, ""dropout"": 0.1, ""evaluation_interval"": 5, ""learning_rate"": 0.0001, ""max_epochs"": 120, ""mirrams_confidence"": 0.95, ""mirrams_lambda_1"": 15.0, ""mirrams_lambda_2"": 15.0, ""mirrams_mask_rate"": 0.3, ""n_heads"": 4, ""n_layers"": 2, ""patience_evaluations"": 8, ""validation_mask_replicates"": 2, ""weight_decay"": 0.001}",5064,mcar_50,4,123.0,0.9349593495934959,0.8130434782608695,0.9803946977936292,0.5281714649516435,0.5655897778976541,0.17309788691099226,0.18933745427381662,0.7479674796747967,0.7489130434782609,0.8472906403940886,0.9772727272727273,0.7478260869565218,0.6782608695652174,2.484792357148101,2.4672442718486525,0.09691581240565979
hungary,switzerland,mirrams_equation9,mirrams,0,"{""d_model"": 64, ""dropout"": 0.1, ""evaluation_interval"": 5, ""learning_rate"": 0.0001, ""max_epochs"": 120, ""mirrams_confidence"": 0.95, ""mirrams_lambda_1"": 15.0, ""mirrams_lambda_2"": 15.0, ""mirrams_mask_rate"": 0.3, ""n_heads"": 4, ""n_layers"": 2, ""patience_evaluations"": 8, ""validation_mask_replicates"": 2, ""weight_decay"": 0.001}",5064,natural,0,123.0,0.9349593495934959,0.7489130434782609,0.9738049939007427,0.4014439213267949,0.6448473736976246,0.11922782597168428,0.2265110344170322,0.8780487804878049,0.6440217391304348,0.9333333333333333,0.9545454545454546,0.9130434782608695,0.5739130434782609,1.734257954711144,1.4395478503570451,0.037307554194421375
hungary,va_long_beach,mirrams_equation9,mirrams,0,"{""d_model"": 64, ""dropout"": 0.1, ""evaluation_interval"": 5, ""learning_rate"": 0.0001, ""max_epochs"": 120, ""mirrams_confidence"": 0.95, ""mirrams_lambda_1"": 15.0, ""mirrams_lambda_2"": 15.0, ""mirrams_mask_rate"": 0.3, ""n_heads"": 4, ""n_layers"": 2, ""patience_evaluations"": 8, ""validation_mask_replicates"": 2, ""weight_decay"": 0.001}",5062,drop_advanced,0,200.0,0.745,0.6574549282800368,0.8121557323090298,0.5939143678314487,0.6634256304236154,0.2019717057127347,0.23489427634373305,0.74,0.6320568495854717,0.8300653594771242,0.8089171974522293,0.8523489932885906,0.3825503355704698,0.7367291782778689,1.1198697753293094,0.2266810647040332
hungary,va_long_beach,mirrams_equation9,mirrams,0,"{""d_model"": 64, ""dropout"": 0.1, ""evaluation_interval"": 5, ""learning_rate"": 0.0001, ""max_epochs"": 120, ""mirrams_confidence"": 0.95, ""mirrams_lambda_1"": 15.0, ""mirrams_lambda_2"": 15.0, ""mirrams_mask_rate"": 0.3, ""n_heads"": 4, ""n_layers"": 2, ""patience_evaluations"": 8, ""validation_mask_replicates"": 2, ""weight_decay"": 0.001}",5062,drop_exercise,0,200.0,0.745,0.647322016054744,0.8272709566376368,0.6499164807995436,0.6607172870647795,0.22846304986234944,0.23406418460121087,0.68,0.6175812606921963,0.7762237762237763,0.8102189781021898,0.7449664429530202,0.3825503355704698,1.0144451571131374,1.224405342887611,0.3526542847292118
hungary,va_long_beach,mirrams_equation9,mirrams,0,"{""d_model"": 64, ""dropout"": 0.1, ""evaluation_interval"": 5, ""learning_rate"": 0.0001, ""max_epochs"": 120, ""mirrams_confidence"": 0.95, ""mirrams_lambda_1"": 15.0, ""mirrams_lambda_2"": 15.0, ""mirrams_mask_rate"": 0.3, ""n_heads"": 4, ""n_layers"": 2, ""patience_evaluations"": 8, ""validation_mask_replicates"": 2, ""weight_decay"": 0.001}",5062,drop_routine,0,200.0,0.745,0.6635741544940124,0.8303283176022553,0.6202891585049175,0.6507199458563957,0.2143859616674323,0.2290094195114996,0.71,0.6506119226213976,0.7986111111111112,0.8273381294964028,0.7718120805369127,0.30201342281879195,0.9410663442340599,1.0167429891182338,0.3117502739085918
hungary,va_long_beach,mirrams_equation9,mirrams,0,"{""d_model"": 64, ""dropout"": 0.1, ""evaluation_interval"": 5, ""learning_rate"": 0.0001, ""max_epochs"": 120, ""mirrams_confidence"": 0.95, ""mirrams_lambda_1"": 15.0, ""mirrams_lambda_2"": 15.0, ""mirrams_mask_rate"": 0.3, ""n_heads"": 4, ""n_layers"": 2, ""patience_evaluations"": 8, ""validation_mask_replicates"": 2, ""weight_decay"": 0.001}",5062,empirical_source,0,200.0,0.745,0.6516646927227266,0.8113108168616886,0.5967660813054267,0.6632607154317763,0.20337778014619018,0.23489640133687906,0.72,0.6250822476641664,0.8133333333333334,0.8079470198675497,0.8187919463087249,0.35570469798657717,0.7549525451496513,1.111917964847885,0.22762606513033148
hungary,va_long_beach,mirrams_equation9,mirrams,0,"{""d_model"": 64, ""dropout"": 0.1, ""evaluation_interval"": 5, ""learning_rate"": 0.0001, ""max_epochs"": 120, ""mirrams_confidence"": 0.95, ""mirrams_lambda_1"": 15.0, ""mirrams_lambda_2"": 15.0, ""mirrams_mask_rate"": 0.3, ""n_heads"": 4, ""n_layers"": 2, ""patience_evaluations"": 8, ""validation_mask_replicates"": 2, ""weight_decay"": 0.001}",5062,empirical_source,1,200.0,0.745,0.6460060534280826,0.8065002807038018,0.6003622318713852,0.6668098872968986,0.20489916284086931,0.23636881658962433,0.725,0.621989735491512,0.8184818481848185,0.8051948051948052,0.8322147651006712,0.26174496644295303,0.7784241398525991,1.028676593516173,0.24731759388119362
hungary,va_long_beach,mirrams_equation9,mirrams,0,"{""d_model"": 64, ""dropout"": 0.1, ""evaluation_interval"": 5, ""learning_rate"": 0.0001, ""max_epochs"": 120, ""mirrams_confidence"": 0.95, ""mirrams_lambda_1"": 15.0, ""mirrams_lambda_2"": 15.0, ""mirrams_mask_rate"": 0.3, ""n_heads"": 4, ""n_layers"": 2, ""patience_evaluations"": 8, ""validation_mask_replicates"": 2, ""weight_decay"": 0.001}",5062,empirical_source,2,200.0,0.745,0.6691669956573233,0.8259231156130329,0.5918279821947173,0.6566974262263243,0.20104955415406373,0.2317827961052789,0.75,0.6516646927227266,0.8355263157894737,0.8193548387096774,0.8523489932885906,0.37583892617449666,0.7399146966235437,1.1691395002819462,0.21759708163080033
hungary,va_long_beach,mirrams_equation9,mirrams,0,"{""d_model"": 64, ""dropout"": 0.1, ""evaluation_interval"": 5, ""learning_rate"": 0.0001, ""max_epochs"": 120, ""mirrams_confidence"": 0.95, ""mirrams_lambda_1"": 15.0, ""mirrams_lambda_2"": 15.0, ""mirrams_mask_rate"": 0.3, ""n_heads"": 4, ""n_layers"": 2, ""patience_evaluations"": 8, ""validation_mask_replicates"": 2, ""weight_decay"": 0.001}",5062,empirical_source,3,200.0,0.745,0.6491643637320699,0.800141557438994,0.5970897101756417,0.665416850765726,0.2032853001202777,0.23554104851749175,0.735,0.6287011448874852,0.8262295081967214,0.8076923076923077,0.8456375838926175,0.33557046979865773,0.757752318081256,1.0780626628651506,0.2459218008941555
hungary,va_long_beach,mirrams_equation9,mirrams,0,"{""d_model"": 64, ""dropout"": 0.1, ""evaluation_interval"": 5, ""learning_rate"": 0.0001, ""max_epochs"": 120, ""mirrams_confidence"": 0.95, ""mirrams_lambda_1"": 15.0, ""mirrams_lambda_2"": 15.0, ""mirrams_mask_rate"": 0.3, ""n_heads"": 4, ""n_layers"": 2, ""patience_evaluations"": 8, ""validation_mask_replicates"": 2, ""weight_decay"": 0.001}",5062,empirical_source,4,200.0,0.745,0.6592972759573629,0.8083107702914483,0.5963256208399829,0.6616500835142944,0.20300756348953083,0.23384240853409616,0.73,0.6253454401894987,0.8223684210526315,0.8064516129032258,0.8389261744966443,0.3825503355704698,0.7593127230026968,1.1139058869073184,0.23644073297983653
hungary,va_long_beach,mirrams_equation9,mirrams,0,"{""d_model"": 64, ""dropout"": 0.1, ""evaluation_interval"": 5, ""learning_rate"": 0.0001, ""max_epochs"": 120, ""mirrams_confidence"": 0.95, ""mirrams_lambda_1"": 15.0, ""mirrams_lambda_2"": 15.0, ""mirrams_mask_rate"": 0.3, ""n_heads"": 4, ""n_layers"": 2, ""patience_evaluations"": 8, ""validation_mask_replicates"": 2, ""weight_decay"": 0.001}",5062,mar_age_sex_30,0,200.0,0.745,0.6245558626135018,0.7903961174981704,0.6488740305213416,0.6719669109738482,0.22774551277461444,0.238745067330004,0.655,0.6201473878141861,0.7490909090909091,0.8174603174603174,0.6912751677852349,0.2550335570469799,0.9935234033755144,0.8321087828900835,0.3520155985069621
hungary,va_long_beach,mirrams_equation9,mirrams,0,"{""d_model"": 64, ""dropout"": 0.1, ""evaluation_interval"": 5, ""learning_rate"": 0.0001, ""max_epochs"": 120, ""mirrams_confidence"": 0.95, ""mirrams_lambda_1"": 15.0, ""mirrams_lambda_2"": 15.0, ""mirrams_mask_rate"": 0.3, ""n_heads"": 4, ""n_layers"": 2, ""patience_evaluations"": 8, ""validation_mask_replicates"": 2, ""weight_decay"": 0.001}",5062,mar_age_sex_30,1,200.0,0.745,0.6337676010001316,0.8011305585936852,0.6358162540231785,0.6649999584126014,0.221690118085761,0.23570914711063146,0.68,0.636925911304119,0.7714285714285715,0.8244274809160306,0.7248322147651006,0.31543624161073824,0.9567594433673666,0.9770243225816229,0.31272958335506706
hungary,va_long_beach,mirrams_equation9,mirrams,0,"{""d_model"": 64, ""dropout"": 0.1, ""evaluation_interval"": 5, ""learning_rate"": 0.0001, ""max_epochs"": 120, ""mirrams_confidence"": 0.95, ""mirrams_lambda_1"": 15.0, ""mirrams_lambda_2"": 15.0, ""mirrams_mask_rate"": 0.3, ""n_heads"": 4, ""n_layers"": 2, ""patience_evaluations"": 8, ""validation_mask_replicates"": 2, ""weight_decay"": 0.001}",5062,mar_age_sex_30,2,200.0,0.745,0.6396894328201079,0.8114780011701901,0.6430277850692289,0.6646334387648956,0.2252336485781769,0.2356163045950484,0.67,0.6366627187787867,0.7608695652173914,0.8267716535433071,0.7046979865771812,0.31543624161073824,0.9870864689427464,0.9434589800691564,0.3187531863410048
hungary,va_long_beach,mirrams_equation9,mirrams,0,"{""d_model"": 64, ""dropout"": 0.1, ""evaluation_interval"": 5, ""learning_rate"": 0.0001, ""max_epochs"": 120, ""mirrams_confidence"": 0.95, ""mirrams_lambda_1"": 15.0, ""mirrams_lambda_2"": 15.0, ""mirrams_mask_rate"": 0.3, ""n_heads"": 4, ""n_layers"": 2, ""patience_evaluations"": 8, ""validation_mask_replicates"": 2, ""weight_decay"": 0.001}",5062,mar_age_sex_30,3,200.0,0.745,0.6571917357547046,0.8310251745051523,0.6333687838692407,0.6536694251585664,0.2206033507578883,0.2305717027022484,0.69,0.6500855375707331,0.7785714285714286,0.8320610687022901,0.7315436241610739,0.2953020134228188,0.9757944683659137,1.1257766888603113,0.3063102682985176
hungary,va_long_beach,mirrams_equation9,mirrams,0,"{""d_model"": 64, ""dropout"": 0.1, ""evaluation_interval"": 5, ""learning_rate"": 0.0001, ""max_epochs"": 120, ""mirrams_confidence"": 0.95, ""mirrams_lambda_1"": 15.0, ""mirrams_lambda_2"": 15.0, ""mirrams_mask_rate"": 0.3, ""n_heads"": 4, ""n_layers"": 2, ""patience_evaluations"": 8, ""validation_mask_replicates"": 2, ""weight_decay"": 0.001}",5062,mar_age_sex_30,4,200.0,0.745,0.6648901171206739,0.8170802493603778,0.6336977408020659,0.6529332617472318,0.22078694189250456,0.2300811436554141,0.645,0.6069877615475721,0.7418181818181818,0.8095238095238095,0.6845637583892618,0.38926174496644295,0.9773522206705741,1.1747035494162652,0.30427938772348967
hungary,va_long_beach,mirrams_equation9,mirrams,0,"{""d_model"": 64, ""dropout"": 0.1, ""evaluation_interval"": 5, ""learning_rate"": 0.0001, ""max_epochs"": 120, ""mirrams_confidence"": 0.95, ""mirrams_lambda_1"": 15.0, ""mirrams_lambda_2"": 15.0, ""mirrams_mask_rate"": 0.3, ""n_heads"": 4, ""n_layers"": 2, ""patience_evaluations"": 8, ""validation_mask_replicates"": 2, ""weight_decay"": 0.001}",5062,mcar_10,0,200.0,0.745,0.6345571785761284,0.8026333399669536,0.6046633537103737,0.668822481555215,0.20708268810579664,0.23745289318717655,0.69,0.5920515857349651,0.7919463087248322,0.7919463087248322,0.7919463087248322,0.3221476510067114,0.801116550716872,1.0003580152113412,0.2437945520109647
hungary,va_long_beach,mirrams_equation9,mirrams,0,"{""d_model"": 64, ""dropout"": 0.1, ""evaluation_interval"": 5, ""learning_rate"": 0.0001, ""max_epochs"": 120, ""mirrams_confidence"": 0.95, ""mirrams_lambda_1"": 15.0, ""mirrams_lambda_2"": 15.0, ""mirrams_mask_rate"": 0.3, ""n_heads"": 4, ""n_layers"": 2, ""patience_evaluations"": 8, ""validation_mask_replicates"": 2, ""weight_decay"": 0.001}",5062,mcar_10,1,200.0,0.745,0.6564679563100408,0.8164839666238914,0.6059018808396339,0.6597550232490459,0.20773519009301772,0.23339792601689796,0.705,0.6214633504408474,0.8,0.8082191780821918,0.7919463087248322,0.40939597315436244,0.8162596445634238,1.1144867317694886,0.23444044160435165
hungary,va_long_beach,mirrams_equation9,mirrams,0,"{""d_model"": 64, ""dropout"": 0.1, ""evaluation_interval"": 5, ""learning_rate"": 0.0001, ""max_epochs"": 120, ""mirrams_confidence"": 0.95, ""mirrams_lambda_1"": 15.0, ""mirrams_lambda_2"": 15.0, ""mirrams_mask_rate"": 0.3, ""n_heads"": 4, ""n_layers"": 2, ""patience_evaluations"": 8, ""validation_mask_replicates"": 2, ""weight_decay"": 0.001}",5062,mcar_10,2,200.0,0.745,0.6391630477694433,0.8064850009407811,0.6107414738017657,0.666448981680827,0.20984149318499415,0.23643367630843176,0.725,0.6348861692327938,0.8160535117056856,0.8133333333333334,0.8187919463087249,0.31543624161073824,0.8185890209700382,1.0797321500516472,0.25196407953604183
hungary,va_long_beach,mirrams_equation9,mirrams,0,"{""d_model"": 64, ""dropout"": 0.1, ""evaluation_interval"": 5, ""learning_rate"": 0.0001, ""max_epochs"": 120, ""mirrams_confidence"": 0.95, ""mirrams_lambda_1"": 15.0, ""mirrams_lambda_2"": 15.0, ""mirrams_mask_rate"": 0.3, ""n_heads"": 4, ""n_layers"": 2, ""patience_evaluations"": 8, ""validation_mask_replicates"": 2, ""weight_decay"": 0.001}",5062,mcar_10,3,200.0,0.745,0.6694301881826556,0.8454743842855219,0.6053274177011246,0.6552707118020588,0.20759042125280505,0.23151874795721744,0.7,0.6245558626135017,0.7945205479452054,0.8111888111888111,0.7785234899328859,0.4429530201342282,0.8087491101029699,1.189350913901641,0.22240870044908884
hungary,va_long_beach,mirrams_equation9,mirrams,0,"{""d_model"": 64, ""dropout"": 0.1, ""evaluation_interval"": 5, ""learning_rate"": 0.0001, ""max_epochs"": 120, ""mirrams_confidence"": 0.95, ""mirrams_lambda_1"": 15.0, ""mirrams_lambda_2"": 15.0, ""mirrams_mask_rate"": 0.3, ""n_heads"": 4, ""n_layers"": 2, ""patience_evaluations"": 8, ""validation_mask_replicates"": 2, ""weight_decay"": 0.001}",5062,mcar_10,4,200.0,0.745,0.6477168048427424,0.8062329558758313,0.6105615338710977,0.6663980626945055,0.20970911107916435,0.23626227644172287,0.715,0.608830109224898,0.8118811881188119,0.7987012987012987,0.825503355704698,0.37583892617449666,0.8273377882247922,1.035969724108458,0.25464088281583513
hungary,va_long_beach,mirrams_equation9,mirrams,0,"{""d_model"": 64, ""dropout"": 0.1, ""evaluation_interval"": 5, ""learning_rate"": 0.0001, ""max_epochs"": 120, ""mirrams_confidence"": 0.95, ""mirrams_lambda_1"": 15.0, ""mirrams_lambda_2"": 15.0, ""mirrams_mask_rate"": 0.3, ""n_heads"": 4, ""n_layers"": 2, ""patience_evaluations"": 8, ""validation_mask_replicates"": 2, ""weight_decay"": 0.001}",5062,mcar_30,0,200.0,0.745,0.6287669430188184,0.7864001993827758,0.6215005472840729,0.6672152784149094,0.21474790494114943,0.23657065225546717,0.69,0.6113962363468878,0.7876712328767124,0.8041958041958042,0.7718120805369127,0.3087248322147651,0.8884474333404333,0.9842654026774651,0.2909193800341373
hungary,va_long_beach,mirrams_equation9,mirrams,0,"{""d_model"": 64, ""dropout"": 0.1, ""evaluation_interval"": 5, ""learning_rate"": 0.0001, ""max_epochs"": 120, ""mirrams_confidence"": 0.95, ""mirrams_lambda_1"": 15.0, ""mirrams_lambda_2"": 15.0, ""mirrams_mask_rate"": 0.3, ""n_heads"": 4, ""n_layers"": 2, ""patience_evaluations"": 8, ""validation_mask_replicates"": 2, ""weight_decay"": 0.001}",5062,mcar_30,1,200.0,0.745,0.6711409395973155,0.8411103999448903,0.6234654013813313,0.6528804458664039,0.21629488923797752,0.2303494125848416,0.665,0.6075141465982365,0.7632508833922261,0.8059701492537313,0.7248322147651006,0.40939597315436244,0.9256462474305174,1.1298269141364679,0.2498426612086177
hungary,va_long_beach,mirrams_equation9,mirrams,0,"{""d_model"": 64, ""dropout"": 0.1, ""evaluation_interval"": 5, ""learning_rate"": 0.0001, ""max_epochs"": 120, ""mirrams_confidence"": 0.95, ""mirrams_lambda_1"": 15.0, ""mirrams_lambda_2"": 15.0, ""mirrams_mask_rate"": 0.3, ""n_heads"": 4, ""n_layers"": 2, ""patience_evaluations"": 8, ""validation_mask_replicates"": 2, ""weight_decay"": 0.001}",5062,mcar_30,2,200.0,0.745,0.6371891038294512,0.8102772359317783,0.6314839858407224,0.6678414483000776,0.21981789113677133,0.23695456378909796,0.65,0.590998815633636,0.75177304964539,0.7969924812030075,0.7114093959731543,0.35570469798657717,0.9363932527828083,0.875204925011009,0.2870877926142659
hungary,va_long_beach,mirrams_equation9,mirrams,0,"{""d_model"": 64, ""dropout"": 0.1, ""evaluation_interval"": 5, ""learning_rate"": 0.0001, ""max_epochs"": 120, ""mirrams_confidence"": 0.95, ""mirrams_lambda_1"": 15.0, ""mirrams_lambda_2"": 15.0, ""mirrams_mask_rate"": 0.3, ""n_heads"": 4, ""n_layers"": 2, ""patience_evaluations"": 8, ""validation_mask_replicates"": 2, ""weight_decay"": 0.001}",5062,mcar_30,3,200.0,0.745,0.6165284905908672,0.794649450930544,0.6409665107879582,0.6766408212407393,0.22422090009620932,0.24130186901427259,0.68,0.6175812606921963,0.7762237762237763,0.8102189781021898,0.7449664429530202,0.2483221476510067,0.953847607540799,0.8129567794756404,0.3100286314151075
hungary,va_long_beach,mirrams_equation9,mirrams,0,"{""d_model"": 64, ""dropout"": 0.1, ""evaluation_interval"": 5, ""learning_rate"": 0.0001, ""max_epochs"": 120, ""mirrams_confidence"": 0.95, ""mirrams_lambda_1"": 15.0, ""mirrams_lambda_2"": 15.0, ""mirrams_mask_rate"": 0.3, ""n_heads"": 4, ""n_layers"": 2, ""patience_evaluations"": 8, ""validation_mask_replicates"": 2, ""weight_decay"": 0.001}",5062,mcar_30,4,200.0,0.745,0.6579813133307013,0.8246569753610256,0.6250795802584677,0.6566623720415041,0.21695431302918017,0.23195579598884425,0.675,0.6271219897354915,0.7686832740213523,0.8181818181818182,0.7248322147651006,0.38926174496644295,0.9284814502946875,1.0841689345096834,0.2618017530036656
hungary,va_long_beach,mirrams_equation9,mirrams,0,"{""d_model"": 64, ""dropout"": 0.1, ""evaluation_interval"": 5, ""learning_rate"": 0.0001, ""max_epochs"": 120, ""mirrams_confidence"": 0.95, ""mirrams_lambda_1"": 15.0, ""mirrams_lambda_2"": 15.0, ""mirrams_mask_rate"": 0.3, ""n_heads"": 4, ""n_layers"": 2, ""patience_evaluations"": 8, ""validation_mask_replicates"": 2, ""weight_decay"": 0.001}",5062,mcar_50,0,200.0,0.745,0.6590340834320306,0.8158843633844717,0.6496543114281643,0.6594123739139577,0.22818711311605944,0.2330624621340947,0.66,0.6299513093828135,0.7518248175182481,0.824,0.6912751677852349,0.48322147651006714,1.0352512564683893,0.9648246471651011,0.3335372800138606
hungary,va_long_beach,mirrams_equation9,mirrams,0,"{""d_model"": 64, ""dropout"": 0.1, ""evaluation_interval"": 5, ""learning_rate"": 0.0001, ""max_epochs"": 120, ""mirrams_confidence"": 0.95, ""mirrams_lambda_1"": 15.0, ""mirrams_lambda_2"": 15.0, ""mirrams_mask_rate"": 0.3, ""n_heads"": 4, ""n_layers"": 2, ""patience_evaluations"": 8, ""validation_mask_replicates"": 2, ""weight_decay"": 0.001}",5062,mcar_50,1,200.0,0.745,0.6034346624555864,0.8038564453032349,0.6809294407028936,0.6804653658375989,0.24363475158441208,0.2435019294024014,0.585,0.5667193051717332,0.6844106463878327,0.7894736842105263,0.6040268456375839,0.3221476510067114,1.0762304783381773,0.6771995270587792,0.3800014974177891
hungary,va_long_beach,mirrams_equation9,mirrams,0,"{""d_model"": 64, ""dropout"": 0.1, ""evaluation_interval"": 5, ""learning_rate"": 0.0001, ""max_epochs"": 120, ""mirrams_confidence"": 0.95, ""mirrams_lambda_1"": 15.0, ""mirrams_lambda_2"": 15.0, ""mirrams_mask_rate"": 0.3, ""n_heads"": 4, ""n_layers"": 2, ""patience_evaluations"": 8, ""validation_mask_replicates"": 2, ""weight_decay"": 0.001}",5062,mcar_50,2,200.0,0.745,0.6412685879721015,0.8354436218097577,0.6582365434454351,0.6638870621515658,0.23274410724939643,0.23566376340935788,0.615,0.5933017502302935,0.7116104868913857,0.8050847457627118,0.6375838926174496,0.4161073825503356,1.04826651023651,0.9228549475579325,0.3426459780157516
hungary,va_long_beach,mirrams_equation9,mirrams,0,"{""d_model"": 64, ""dropout"": 0.1, ""evaluation_interval"": 5, ""learning_rate"": 0.0001, ""max_epochs"": 120, ""mirrams_confidence"": 0.95, ""mirrams_lambda_1"": 15.0, ""mirrams_lambda_2"": 15.0, ""mirrams_mask_rate"": 0.3, ""n_heads"": 4, ""n_layers"": 2, ""patience_evaluations"": 8, ""validation_mask_replicates"": 2, ""weight_decay"": 0.001}",5062,mcar_50,3,200.0,0.745,0.5979076194236084,0.7965899144219709,0.6598526625481134,0.6813548557736862,0.23349678056053164,0.2439001072558721,0.62,0.5837610211869984,0.7205882352941176,0.7967479674796748,0.6577181208053692,0.2684563758389262,1.0127799431572237,0.6882688245214987,0.3441966954887091
hungary,va_long_beach,mirrams_equation9,mirrams,0,"{""d_model"": 64, ""dropout"": 0.1, ""evaluation_interval"": 5, ""learning_rate"": 0.0001, ""max_epochs"": 120, ""mirrams_confidence"": 0.95, ""mirrams_lambda_1"": 15.0, ""mirrams_lambda_2"": 15.0, ""mirrams_mask_rate"": 0.3, ""n_heads"": 4, ""n_layers"": 2, ""patience_evaluations"": 8, ""validation_mask_replicates"": 2, ""weight_decay"": 0.001}",5062,mcar_50,4,200.0,0.745,0.6875904724305829,0.8585872297439623,0.6352014039399425,0.6417112143367176,0.22185246244918566,0.2251411392812676,0.655,0.6394920384261087,0.7434944237918215,0.8333333333333334,0.6711409395973155,0.5033557046979866,1.03171473752961,1.3596099185223491,0.26886972516792473
hungary,va_long_beach,mirrams_equation9,mirrams,0,"{""d_model"": 64, ""dropout"": 0.1, ""evaluation_interval"": 5, ""learning_rate"": 0.0001, ""max_epochs"": 120, ""mirrams_confidence"": 0.95, ""mirrams_lambda_1"": 15.0, ""mirrams_lambda_2"": 15.0, ""mirrams_mask_rate"": 0.3, ""n_heads"": 4, ""n_layers"": 2, ""patience_evaluations"": 8, ""validation_mask_replicates"": 2, ""weight_decay"": 0.001}",5062,natural,0,200.0,0.745,0.6541650217133833,0.8078240135295033,0.5968144285982949,0.662582736451944,0.20325967738425468,0.23447572784878037,0.74,0.6320568495854717,0.8300653594771242,0.8089171974522293,0.8523489932885906,0.3422818791946309,0.7496712404769935,1.1414131666567293,0.23457526305137863
hungary,va_long_beach,mirrams_equation9,mirrams,0,"{""d_model"": 64, ""dropout"": 0.1, ""evaluation_interval"": 5, ""learning_rate"": 0.0001, ""max_epochs"": 120, ""mirrams_confidence"": 0.95, ""mirrams_lambda_1"": 15.0, ""mirrams_lambda_2"": 15.0, ""mirrams_mask_rate"": 0.3, ""n_heads"": 4, ""n_layers"": 2, ""patience_evaluations"": 8, ""validation_mask_replicates"": 2, ""weight_decay"": 0.001}",5063,drop_advanced,0,200.0,0.745,0.5804711146203447,0.7972782700548917,0.5961540619097864,0.7119584598906509,0.20306582658876948,0.25876237748820863,0.715,0.49921042242400315,0.8308605341246291,0.7446808510638298,0.9395973154362416,0.3288590604026846,0.6386662152621657,0.8975586047654546,0.20985550747273585
hungary,va_long_beach,mirrams_equation9,mirrams,0,"{""d_model"": 64, ""dropout"": 0.1, ""evaluation_interval"": 5, ""learning_rate"": 0.0001, ""max_epochs"": 120, ""mirrams_confidence"": 0.95, ""mirrams_lambda_1"": 15.0, ""mirrams_lambda_2"": 15.0, ""mirrams_mask_rate"": 0.3, ""n_heads"": 4, ""n_layers"": 2, ""patience_evaluations"": 8, ""validation_mask_replicates"": 2, ""weight_decay"": 0.001}",5063,drop_exercise,0,200.0,0.745,0.6036320568495854,0.8152136443047617,0.5933968328104814,0.7008000418231706,0.20201789638516268,0.2536054995708551,0.715,0.505658639294644,0.8298507462686567,0.7473118279569892,0.9328859060402684,0.38926174496644295,0.5679191728721875,1.112448089960797,0.1948156802334804
hungary,va_long_beach,mirrams_equation9,mirrams,0,"{""d_model"": 64, ""dropout"": 0.1, ""evaluation_interval"": 5, ""learning_rate"": 0.0001, ""max_epochs"": 120, ""mirrams_confidence"": 0.95, ""mirrams_lambda_1"": 15.0, ""mirrams_lambda_2"": 15.0, ""mirrams_mask_rate"": 0.3, ""n_heads"": 4, ""n_layers"": 2, ""patience_evaluations"": 8, ""validation_mask_replicates"": 2, ""weight_decay"": 0.001}",5063,drop_routine,0,200.0,0.745,0.5139492038426109,0.7553255693099241,0.5807516964468481,0.7508940845310731,0.195529886371986,0.2766809102467149,0.745,0.5,0.8538681948424068,0.745,1.0,0.1476510067114094,0.5910571859414328,0.6899395074731619,0.24552200240583072
hungary,va_long_beach,mirrams_equation9,mirrams,0,"{""d_model"": 64, ""dropout"": 0.1, ""evaluation_interval"": 5, ""learning_rate"": 0.0001, ""max_epochs"": 120, ""mirrams_confidence"": 0.95, ""mirrams_lambda_1"": 15.0, ""mirrams_lambda_2"": 15.0, ""mirrams_mask_rate"": 0.3, ""n_heads"": 4, ""n_layers"": 2, ""patience_evaluations"": 8, ""validation_mask_replicates"": 2, ""weight_decay"": 0.001}",5063,empirical_source,0,200.0,0.745,0.6004079484142651,0.8021773206385837,0.5864527244277299,0.7102245028632739,0.19851485998082805,0.257940402744095,0.72,0.5025661271219897,0.834319526627219,0.746031746031746,0.9463087248322147,0.38926174496644295,0.4553517444572477,1.1886388727795267,0.2040449486914908
hungary,va_long_beach,mirrams_equation9,mirrams,0,"{""d_model"": 64, ""dropout"": 0.1, ""evaluation_interval"": 5, ""learning_rate"": 0.0001, ""max_epochs"": 120, ""mirrams_confidence"": 0.95, ""mirrams_lambda_1"": 15.0, ""mirrams_lambda_2"": 15.0, ""mirrams_mask_rate"": 0.3, ""n_heads"": 4, ""n_layers"": 2, ""patience_evaluations"": 8, ""validation_mask_replicates"": 2, ""weight_decay"": 0.001}",5063,empirical_source,1,200.0,0.745,0.5992893801816029,0.8061763020048953,0.5874786093501576,0.712372744717414,0.19904337295231522,0.2590312189431868,0.725,0.5059218318199763,0.8377581120943953,0.7473684210526316,0.9530201342281879,0.3959731543624161,0.4864207307831247,1.1185896646127584,0.20090903782834516
hungary,va_long_beach,mirrams_equation9,mirrams,0,"{""d_model"": 64, ""dropout"": 0.1, ""evaluation_interval"": 5, ""learning_rate"": 0.0001, ""max_epochs"": 120, ""mirrams_confidence"": 0.95, ""mirrams_lambda_1"": 15.0, ""mirrams_lambda_2"": 15.0, ""mirrams_mask_rate"": 0.3, ""n_heads"": 4, ""n_layers"": 2, ""patience_evaluations"": 8, ""validation_mask_replicates"": 2, ""weight_decay"": 0.001}",5063,empirical_source,2,200.0,0.745,0.5623108303724175,0.7838790228120085,0.5945578536944809,0.7204681964229587,0.2022492284647472,0.26256931423566,0.715,0.49921042242400315,0.8308605341246291,0.7446808510638298,0.9395973154362416,0.348993288590604,0.6864666242322656,0.7387495016231906,0.2222917579286514
hungary,va_long_beach,mirrams_equation9,mirrams,0,"{""d_model"": 64, ""dropout"": 0.1, ""evaluation_interval"": 5, ""learning_rate"": 0.0001, ""max_epochs"": 120, ""mirrams_confidence"": 0.95, ""mirrams_lambda_1"": 15.0, ""mirrams_lambda_2"": 15.0, ""mirrams_mask_rate"": 0.3, ""n_heads"": 4, ""n_layers"": 2, ""patience_evaluations"": 8, ""validation_mask_replicates"": 2, ""weight_decay"": 0.001}",5063,empirical_source,3,200.0,0.745,0.5606000789577577,0.7848712483434485,0.5931963750585237,0.7233515053383972,0.20156887228195106,0.2640793945953636,0.73,0.502829319647322,0.8421052631578947,0.7461139896373057,0.9664429530201343,0.3624161073825503,0.666610052962677,0.752208227796215,0.22044800923121124
hungary,va_long_beach,mirrams_equation9,mirrams,0,"{""d_model"": 64, ""dropout"": 0.1, ""evaluation_interval"": 5, ""learning_rate"": 0.0001, ""max_epochs"": 120, ""mirrams_confidence"": 0.95, ""mirrams_lambda_1"": 15.0, ""mirrams_lambda_2"": 15.0, ""mirrams_mask_rate"": 0.3, ""n_heads"": 4, ""n_layers"": 2, ""patience_evaluations"": 8, ""validation_mask_replicates"": 2, ""weight_decay"": 0.001}",5063,empirical_source,4,200.0,0.745,0.5591525200684301,0.7843620399928068,0.5939332527599677,0.7206593196833894,0.20204286913583544,0.26279724568908747,0.705,0.4860507961573891,0.8249258160237388,0.7393617021276596,0.9328859060402684,0.3288590604026846,0.6777983018299996,0.7490998692413261,0.2214152144395236
hungary,va_long_beach,mirrams_equation9,mirrams,0,"{""d_model"": 64, ""dropout"": 0.1, ""evaluation_interval"": 5, ""learning_rate"": 0.0001, ""max_epochs"": 120, ""mirrams_confidence"": 0.95, ""mirrams_lambda_1"": 15.0, ""mirrams_lambda_2"": 15.0, ""mirrams_mask_rate"": 0.3, ""n_heads"": 4, ""n_layers"": 2, ""patience_evaluations"": 8, ""validation_mask_replicates"": 2, ""weight_decay"": 0.001}",5063,mar_age_sex_30,0,200.0,0.745,0.6109356494275562,0.8005551070859103,0.5783787236978342,0.7153041928957051,0.19454613334386836,0.26018333655132425,0.73,0.4963811027766812,0.8430232558139535,0.7435897435897436,0.9731543624161074,0.2214765100671141,0.19563709119839415,1.530252459299697,0.20431209569696362
hungary,va_long_beach,mirrams_equation9,mirrams,0,"{""d_model"": 64, ""dropout"": 0.1, ""evaluation_interval"": 5, ""learning_rate"": 0.0001, ""max_epochs"": 120, ""mirrams_confidence"": 0.95, ""mirrams_lambda_1"": 15.0, ""mirrams_lambda_2"": 15.0, ""mirrams_mask_rate"": 0.3, ""n_heads"": 4, ""n_layers"": 2, ""patience_evaluations"": 8, ""validation_mask_replicates"": 2, ""weight_decay"": 0.001}",5063,mar_age_sex_30,1,200.0,0.745,0.6273193841294908,0.8101874629392958,0.578217701890766,0.7104066331938672,0.19455405263365463,0.2580106988815649,0.725,0.4930253980786946,0.8396501457725948,0.7422680412371134,0.9664429530201343,0.30201342281879195,0.18706319842895955,1.5927545400385357,0.19548823285685227
hungary,va_long_beach,mirrams_equation9,mirrams,0,"{""d_model"": 64, ""dropout"": 0.1, ""evaluation_interval"": 5, ""learning_rate"": 0.0001, ""max_epochs"": 120, ""mirrams_confidence"": 0.95, ""mirrams_lambda_1"": 15.0, ""mirrams_lambda_2"": 15.0, ""mirrams_mask_rate"": 0.3, ""n_heads"": 4, ""n_layers"": 2, ""patience_evaluations"": 8, ""validation_mask_replicates"": 2, ""weight_decay"": 0.001}",5063,mar_age_sex_30,2,200.0,0.745,0.5428345834978286,0.7838471425322862,0.5928619050892809,0.7264342762645719,0.2014797617394438,0.2656635917510344,0.73,0.502829319647322,0.8421052631578947,0.7461139896373057,0.9664429530201343,0.28187919463087246,0.6977551745454033,0.676958272316395,0.22211913749285483
hungary,va_long_beach,mirrams_equation9,mirrams,0,"{""d_model"": 64, ""dropout"": 0.1, ""evaluation_interval"": 5, ""learning_rate"": 0.0001, ""max_epochs"": 120, ""mirrams_confidence"": 0.95, ""mirrams_lambda_1"": 15.0, ""mirrams_lambda_2"": 15.0, ""mirrams_mask_rate"": 0.3, ""n_heads"": 4, ""n_layers"": 2, ""patience_evaluations"": 8, ""validation_mask_replicates"": 2, ""weight_decay"": 0.001}",5063,mar_age_sex_30,3,200.0,0.745,0.5920515857349651,0.8015443779737668,0.5850691592836346,0.7183816483322408,0.19788734621340928,0.26170089061312296,0.735,0.5061850243453087,0.8454810495626822,0.7474226804123711,0.9731543624161074,0.348993288590604,0.47568197438328247,1.071906185013469,0.20371513927122098
hungary,va_long_beach,mirrams_equation9,mirrams,0,"{""d_model"": 64, ""dropout"": 0.1, ""evaluation_interval"": 5, ""learning_rate"": 0.0001, ""max_epochs"": 120, ""mirrams_confidence"": 0.95, ""mirrams_lambda_1"": 15.0, ""mirrams_lambda_2"": 15.0, ""mirrams_mask_rate"": 0.3, ""n_heads"": 4, ""n_layers"": 2, ""patience_evaluations"": 8, ""validation_mask_replicates"": 2, ""weight_decay"": 0.001}",5063,mar_age_sex_30,4,200.0,0.745,0.5906040268456376,0.7964642360951588,0.5852652188718763,0.7175895324394664,0.1978974168494566,0.26137397102144555,0.73,0.502829319647322,0.8421052631578947,0.7461139896373057,0.9664429530201343,0.2953020134228188,0.4475415011555187,1.1322238975107595,0.2084872888072133
hungary,va_long_beach,mirrams_equation9,mirrams,0,"{""d_model"": 64, ""dropout"": 0.1, ""evaluation_interval"": 5, ""learning_rate"": 0.0001, ""max_epochs"": 120, ""mirrams_confidence"": 0.95, ""mirrams_lambda_1"": 15.0, ""mirrams_lambda_2"": 15.0, ""mirrams_mask_rate"": 0.3, ""n_heads"": 4, ""n_layers"": 2, ""patience_evaluations"": 8, ""validation_mask_replicates"": 2, ""weight_decay"": 0.001}",5063,mcar_10,0,200.0,0.745,0.579813133307014,0.7905188473529063,0.5940790005838096,0.7128343332612967,0.20201043692212323,0.259079918884449,0.725,0.5059218318199763,0.8377581120943953,0.7473684210526316,0.9530201342281879,0.35570469798657717,0.6079340047949859,0.9397641682672887,0.21518286119162067
hungary,va_long_beach,mirrams_equation9,mirrams,0,"{""d_model"": 64, ""dropout"": 0.1, ""evaluation_interval"": 5, ""learning_rate"": 0.0001, ""max_epochs"": 120, ""mirrams_confidence"": 0.95, ""mirrams_lambda_1"": 15.0, ""mirrams_lambda_2"": 15.0, ""mirrams_mask_rate"": 0.3, ""n_heads"": 4, ""n_layers"": 2, ""patience_evaluations"": 8, ""validation_mask_replicates"": 2, ""weight_decay"": 0.001}",5063,mcar_10,1,200.0,0.745,0.5760626398210291,0.7975965093237793,0.6008580401447406,0.7093080295432336,0.20532415627216458,0.25761029990391193,0.705,0.4860507961573891,0.8249258160237388,0.7393617021276596,0.9328859060402684,0.2953020134228188,0.6835950735852423,0.857944487703563,0.21169801729136534
hungary,va_long_beach,mirrams_equation9,mirrams,0,"{""d_model"": 64, ""dropout"": 0.1, ""evaluation_interval"": 5, ""learning_rate"": 0.0001, ""max_epochs"": 120, ""mirrams_confidence"": 0.95, ""mirrams_lambda_1"": 15.0, ""mirrams_lambda_2"": 15.0, ""mirrams_mask_rate"": 0.3, ""n_heads"": 4, ""n_layers"": 2, ""patience_evaluations"": 8, ""validation_mask_replicates"": 2, ""weight_decay"": 0.001}",5063,mcar_10,2,200.0,0.745,0.5794841426503488,0.7968889821967744,0.5987715442880991,0.7102543682084322,0.20433230561793844,0.25808095523809166,0.715,0.49921042242400315,0.8308605341246291,0.7446808510638298,0.9395973154362416,0.30201342281879195,0.6633829828501686,0.8779888323012879,0.21079143684116017
hungary,va_long_beach,mirrams_equation9,mirrams,0,"{""d_model"": 64, ""dropout"": 0.1, ""evaluation_interval"": 5, ""learning_rate"": 0.0001, ""max_epochs"": 120, ""mirrams_confidence"": 0.95, ""mirrams_lambda_1"": 15.0, ""mirrams_lambda_2"": 15.0, ""mirrams_mask_rate"": 0.3, ""n_heads"": 4, ""n_layers"": 2, ""patience_evaluations"": 8, ""validation_mask_replicates"": 2, ""weight_decay"": 0.001}",5063,mcar_10,3,200.0,0.745,0.5611264640084221,0.7679252674044412,0.6064110423977889,0.7161184149683997,0.20772197146402632,0.26034597130339987,0.705,0.5118436636399526,0.8206686930091185,0.75,0.9060402684563759,0.2684563758389262,0.8095838630022694,0.5795578179399463,0.24312779120620462
hungary,va_long_beach,mirrams_equation9,mirrams,0,"{""d_model"": 64, ""dropout"": 0.1, ""evaluation_interval"": 5, ""learning_rate"": 0.0001, ""max_epochs"": 120, ""mirrams_confidence"": 0.95, ""mirrams_lambda_1"": 15.0, ""mirrams_lambda_2"": 15.0, ""mirrams_mask_rate"": 0.3, ""n_heads"": 4, ""n_layers"": 2, ""patience_evaluations"": 8, ""validation_mask_replicates"": 2, ""weight_decay"": 0.001}",5063,mcar_10,4,200.0,0.745,0.6142255559942097,0.7979802409978702,0.5956960454934181,0.701573090770359,0.20267326232910396,0.2537919517629317,0.725,0.5123700486906172,0.8367952522255193,0.75,0.9463087248322147,0.3087248322147651,0.5103076616055734,1.2687930824697464,0.21048028048080134
hungary,va_long_beach,mirrams_equation9,mirrams,0,"{""d_model"": 64, ""dropout"": 0.1, ""evaluation_interval"": 5, ""learning_rate"": 0.0001, ""max_epochs"": 120, ""mirrams_confidence"": 0.95, ""mirrams_lambda_1"": 15.0, ""mirrams_lambda_2"": 15.0, ""mirrams_mask_rate"": 0.3, ""n_heads"": 4, ""n_layers"": 2, ""patience_evaluations"": 8, ""validation_mask_replicates"": 2, ""weight_decay"": 0.001}",5063,mcar_30,0,200.0,0.745,0.5770496117910251,0.8013582106332696,0.6067655977289457,0.702734874429278,0.20826129603809765,0.25466963861561154,0.705,0.5053954467693118,0.8217522658610272,0.7472527472527473,0.912751677852349,0.28859060402684567,0.7064505770899682,0.9078943586981038,0.21012270384659126
hungary,va_long_beach,mirrams_equation9,mirrams,0,"{""d_model"": 64, ""dropout"": 0.1, ""evaluation_interval"": 5, ""learning_rate"": 0.0001, ""max_epochs"": 120, ""mirrams_confidence"": 0.95, ""mirrams_lambda_1"": 15.0, ""mirrams_lambda_2"": 15.0, ""mirrams_mask_rate"": 0.3, ""n_heads"": 4, ""n_layers"": 2, ""patience_evaluations"": 8, ""validation_mask_replicates"": 2, ""weight_decay"": 0.001}",5063,mcar_30,1,200.0,0.745,0.5598105013817608,0.8017598861713517,0.6159237359903373,0.7071705325580853,0.21261439050323375,0.25678844854544675,0.7,0.514936175812607,0.8159509202453987,0.751412429378531,0.8926174496644296,0.21476510067114093,0.8459050326702543,0.5905009746867461,0.22537862640337777
hungary,va_long_beach,mirrams_equation9,mirrams,0,"{""d_model"": 64, ""dropout"": 0.1, ""evaluation_interval"": 5, ""learning_rate"": 0.0001, ""max_epochs"": 120, ""mirrams_confidence"": 0.95, ""mirrams_lambda_1"": 15.0, ""mirrams_lambda_2"": 15.0, ""mirrams_mask_rate"": 0.3, ""n_heads"": 4, ""n_layers"": 2, ""patience_evaluations"": 8, ""validation_mask_replicates"": 2, ""weight_decay"": 0.001}",5063,mcar_30,2,200.0,0.745,0.6417949730227662,0.8145948964902718,0.6003070301755827,0.6862379164673179,0.20478679408576228,0.24634391984714002,0.74,0.567574680879063,0.8404907975460123,0.7740112994350282,0.9194630872483222,0.40939597315436244,0.5538697862252489,1.4265236308248679,0.19953232518656266
hungary,va_long_beach,mirrams_equation9,mirrams,0,"{""d_model"": 64, ""dropout"": 0.1, ""evaluation_interval"": 5, ""learning_rate"": 0.0001, ""max_epochs"": 120, ""mirrams_confidence"": 0.95, ""mirrams_lambda_1"": 15.0, ""mirrams_lambda_2"": 15.0, ""mirrams_mask_rate"": 0.3, ""n_heads"": 4, ""n_layers"": 2, ""patience_evaluations"": 8, ""validation_mask_replicates"": 2, ""weight_decay"": 0.001}",5063,mcar_30,3,200.0,0.745,0.5521779181471247,0.7665689422782116,0.6169245569781439,0.7068064381924227,0.2127291232109132,0.256026495568106,0.72,0.5477036452164759,0.8271604938271605,0.7657142857142857,0.8993288590604027,0.2080536912751678,0.8398853609047484,0.6286047114496195,0.25000639670040786
hungary,va_long_beach,mirrams_equation9,mirrams,0,"{""d_model"": 64, ""dropout"": 0.1, ""evaluation_interval"": 5, ""learning_rate"": 0.0001, ""max_epochs"": 120, ""mirrams_confidence"": 0.95, ""mirrams_lambda_1"": 15.0, ""mirrams_lambda_2"": 15.0, ""mirrams_mask_rate"": 0.3, ""n_heads"": 4, ""n_layers"": 2, ""patience_evaluations"": 8, ""validation_mask_replicates"": 2, ""weight_decay"": 0.001}",5063,mcar_30,4,200.0,0.745,0.5032241084353205,0.7384411371838022,0.6224925828074717,0.7243187253893338,0.2152355141773856,0.2642110774628095,0.705,0.5311883142518753,0.8173374613003096,0.7586206896551724,0.8859060402684564,0.1610738255033557,1.0013825604314561,0.1718219622010571,0.2794155015763514
hungary,va_long_beach,mirrams_equation9,mirrams,0,"{""d_model"": 64, ""dropout"": 0.1, ""evaluation_interval"": 5, ""learning_rate"": 0.0001, ""max_epochs"": 120, ""mirrams_confidence"": 0.95, ""mirrams_lambda_1"": 15.0, ""mirrams_lambda_2"": 15.0, ""mirrams_mask_rate"": 0.3, ""n_heads"": 4, ""n_layers"": 2, ""patience_evaluations"": 8, ""validation_mask_replicates"": 2, ""weight_decay"": 0.001}",5063,mcar_50,0,200.0,0.745,0.5584287406237662,0.8042156065688276,0.62805313465777,0.6939026361609342,0.21846620070612624,0.25048907081169347,0.685,0.5500065798131333,0.7961165048543689,0.76875,0.825503355704698,0.2550335570469799,0.859124023372895,0.7701286137493895,0.23475034321156638
hungary,va_long_beach,mirrams_equation9,mirrams,0,"{""d_model"": 64, ""dropout"": 0.1, ""evaluation_interval"": 5, ""learning_rate"": 0.0001, ""max_epochs"": 120, ""mirrams_confidence"": 0.95, ""mirrams_lambda_1"": 15.0, ""mirrams_lambda_2"": 15.0, ""mirrams_mask_rate"": 0.3, ""n_heads"": 4, ""n_layers"": 2, ""patience_evaluations"": 8, ""validation_mask_replicates"": 2, ""weight_decay"": 0.001}",5063,mcar_50,1,200.0,0.745,0.5407290432951705,0.7657406179263919,0.633178010591399,0.7090387391499355,0.22063289596708166,0.2572645813267319,0.67,0.520594815107251,0.7884615384615384,0.754601226993865,0.825503355704698,0.2348993288590604,0.9579787822662211,0.3661703938883704,0.2675421919431685
hungary,va_long_beach,mirrams_equation9,mirrams,0,"{""d_model"": 64, ""dropout"": 0.1, ""evaluation_interval"": 5, ""learning_rate"": 0.0001, ""max_epochs"": 120, ""mirrams_confidence"": 0.95, ""mirrams_lambda_1"": 15.0, ""mirrams_lambda_2"": 15.0, ""mirrams_mask_rate"": 0.3, ""n_heads"": 4, ""n_layers"": 2, ""patience_evaluations"": 8, ""validation_mask_replicates"": 2, ""weight_decay"": 0.001}",5063,mcar_50,2,200.0,0.745,0.5601394920384261,0.80778141161529,0.6268222838677474,0.6935499728836729,0.21774126578330447,0.2503450167503815,0.7,0.5342808264245296,0.8125,0.7602339181286549,0.87248322147651,0.3087248322147651,0.8374101077228409,0.8338179597346164,0.23092574087937418
hungary,va_long_beach,mirrams_equation9,mirrams,0,"{""d_model"": 64, ""dropout"": 0.1, ""evaluation_interval"": 5, ""learning_rate"": 0.0001, ""max_epochs"": 120, ""mirrams_confidence"": 0.95, ""mirrams_lambda_1"": 15.0, ""mirrams_lambda_2"": 15.0, ""mirrams_mask_rate"": 0.3, ""n_heads"": 4, ""n_layers"": 2, ""patience_evaluations"": 8, ""validation_mask_replicates"": 2, ""weight_decay"": 0.001}",5063,mcar_50,3,200.0,0.745,0.6163968943282011,0.8026376325975775,0.6193665783570375,0.6870416705145451,0.21408416174771486,0.2467407121114112,0.68,0.5402026582445059,0.7935483870967742,0.7639751552795031,0.825503355704698,0.4899328859060403,0.7951268379582338,0.9720720645689094,0.23314843489487158
hungary,va_long_beach,mirrams_equation9,mirrams,0,"{""d_model"": 64, ""dropout"": 0.1, ""evaluation_interval"": 5, ""learning_rate"": 0.0001, ""max_epochs"": 120, ""mirrams_confidence"": 0.95, ""mirrams_lambda_1"": 15.0, ""mirrams_lambda_2"": 15.0, ""mirrams_mask_rate"": 0.3, ""n_heads"": 4, ""n_layers"": 2, ""patience_evaluations"": 8, ""validation_mask_replicates"": 2, ""weight_decay"": 0.001}",5063,mcar_50,4,200.0,0.745,0.4488748519542045,0.7318137701123779,0.64448048246076,0.7343326325548457,0.2262180835817491,0.2697283751670332,0.66,0.48164232135807344,0.7875,0.7368421052631579,0.8456375838926175,0.14093959731543623,1.2482796614204699,-0.48234801932977217,0.30173117638739805
hungary,va_long_beach,mirrams_equation9,mirrams,0,"{""d_model"": 64, ""dropout"": 0.1, ""evaluation_interval"": 5, ""learning_rate"": 0.0001, ""max_epochs"": 120, ""mirrams_confidence"": 0.95, ""mirrams_lambda_1"": 15.0, ""mirrams_lambda_2"": 15.0, ""mirrams_mask_rate"": 0.3, ""n_heads"": 4, ""n_layers"": 2, ""patience_evaluations"": 8, ""validation_mask_replicates"": 2, ""weight_decay"": 0.001}",5063,natural,0,200.0,0.745,0.5875773128043165,0.7989814451578523,0.5931535486437589,0.7099618930954721,0.20164743821145792,0.25780471396124877,0.715,0.49921042242400315,0.8308605341246291,0.7446808510638298,0.9395973154362416,0.33557046979865773,0.5794336065238223,1.0089848593199575,0.20813500976010135
hungary,va_long_beach,mirrams_equation9,mirrams,0,"{""d_model"": 64, ""dropout"": 0.1, ""evaluation_interval"": 5, ""learning_rate"": 0.0001, ""max_epochs"": 120, ""mirrams_confidence"": 0.95, ""mirrams_lambda_1"": 15.0, ""mirrams_lambda_2"": 15.0, ""mirrams_mask_rate"": 0.3, ""n_heads"": 4, ""n_layers"": 2, ""patience_evaluations"": 8, ""validation_mask_replicates"": 2, ""weight_decay"": 0.001}",5064,drop_advanced,0,200.0,0.745,0.6238978813001711,0.8302373320782698,0.5883276664286125,0.6948051730523854,0.19985296781152206,0.250829715631326,0.705,0.5182918805105935,0.8195718654434251,0.7528089887640449,0.8993288590604027,0.4429530201342282,0.5582246643313397,1.1281121840936845,0.18440371956557788
hungary,va_long_beach,mirrams_equation9,mirrams,0,"{""d_model"": 64, ""dropout"": 0.1, ""evaluation_interval"": 5, ""learning_rate"": 0.0001, ""max_epochs"": 120, ""mirrams_confidence"": 0.95, ""mirrams_lambda_1"": 15.0, ""mirrams_lambda_2"": 15.0, ""mirrams_mask_rate"": 0.3, ""n_heads"": 4, ""n_layers"": 2, ""patience_evaluations"": 8, ""validation_mask_replicates"": 2, ""weight_decay"": 0.001}",5064,drop_exercise,0,200.0,0.745,0.6131069877615475,0.8357571480900338,0.6089724525703152,0.6879966728175309,0.20957396029281072,0.24764535301130597,0.675,0.5303987366758784,0.7909967845659164,0.7592592592592593,0.825503355704698,0.4161073825503356,0.7398074419986803,0.9798784215939113,0.19614743145683528
hungary,va_long_beach,mirrams_equation9,mirrams,0,"{""d_model"": 64, ""dropout"": 0.1, ""evaluation_interval"": 5, ""learning_rate"": 0.0001, ""max_epochs"": 120, ""mirrams_confidence"": 0.95, ""mirrams_lambda_1"": 15.0, ""mirrams_lambda_2"": 15.0, ""mirrams_mask_rate"": 0.3, ""n_heads"": 4, ""n_layers"": 2, ""patience_evaluations"": 8, ""validation_mask_replicates"": 2, ""weight_decay"": 0.001}",5064,drop_routine,0,200.0,0.745,0.6544940123700487,0.8305897678931451,0.5693219258321848,0.6992024077869459,0.19123024365550126,0.2526253391059973,0.725,0.5317146993025398,0.8338368580060423,0.7582417582417582,0.9261744966442953,0.4161073825503356,0.431059257369825,1.138954845221446,0.1812548201722434
hungary,va_long_beach,mirrams_equation9,mirrams,0,"{""d_model"": 64, ""dropout"": 0.1, ""evaluation_interval"": 5, ""learning_rate"": 0.0001, ""max_epochs"": 120, ""mirrams_confidence"": 0.95, ""mirrams_lambda_1"": 15.0, ""mirrams_lambda_2"": 15.0, ""mirrams_mask_rate"": 0.3, ""n_heads"": 4, ""n_layers"": 2, ""patience_evaluations"": 8, ""validation_mask_replicates"": 2, ""weight_decay"": 0.001}",5064,empirical_source,0,200.0,0.745,0.6050796157389131,0.8205113238645916,0.5878279122878471,0.7058882840256158,0.19970648302015673,0.25589750911513,0.72,0.534807211475194,0.8292682926829268,0.7597765363128491,0.912751677852349,0.4429530201342282,0.6047280180866638,0.9326284085113097,0.19244714132795232
hungary,va_long_beach,mirrams_equation9,mirrams,0,"{""d_model"": 64, ""dropout"": 0.1, ""evaluation_interval"": 5, ""learning_rate"": 0.0001, ""max_epochs"": 120, ""mirrams_confidence"": 0.95, ""mirrams_lambda_1"": 15.0, ""mirrams_lambda_2"": 15.0, ""mirrams_mask_rate"": 0.3, ""n_heads"": 4, ""n_layers"": 2, ""patience_evaluations"": 8, ""validation_mask_replicates"": 2, ""weight_decay"": 0.001}",5064,empirical_source,1,200.0,0.745,0.5998157652322673,0.8279503419051955,0.5905763840510135,0.7078840250971632,0.20114644140349694,0.2570881898328754,0.705,0.5182918805105935,0.8195718654434251,0.7528089887640449,0.8993288590604027,0.37583892617449666,0.6446041121818145,0.8570608041487634,0.18820060382700465
hungary,va_long_beach,mirrams_equation9,mirrams,0,"{""d_model"": 64, ""dropout"": 0.1, ""evaluation_interval"": 5, ""learning_rate"": 0.0001, ""max_epochs"": 120, ""mirrams_confidence"": 0.95, ""mirrams_lambda_1"": 15.0, ""mirrams_lambda_2"": 15.0, ""mirrams_mask_rate"": 0.3, ""n_heads"": 4, ""n_layers"": 2, ""patience_evaluations"": 8, ""validation_mask_replicates"": 2, ""weight_decay"": 0.001}",5064,empirical_source,2,200.0,0.745,0.6085011185682327,0.8142819968599927,0.5868626420832623,0.7067900977844133,0.19917661573495857,0.25604534017634817,0.72,0.534807211475194,0.8292682926829268,0.7597765363128491,0.912751677852349,0.37583892617449666,0.6043864084108337,0.9201998045988756,0.19691360496498933
hungary,va_long_beach,mirrams_equation9,mirrams,0,"{""d_model"": 64, ""dropout"": 0.1, ""evaluation_interval"": 5, ""learning_rate"": 0.0001, ""max_epochs"": 120, ""mirrams_confidence"": 0.95, ""mirrams_lambda_1"": 15.0, ""mirrams_lambda_2"": 15.0, ""mirrams_mask_rate"": 0.3, ""n_heads"": 4, ""n_layers"": 2, ""patience_evaluations"": 8, ""validation_mask_replicates"": 2, ""weight_decay"": 0.001}",5064,empirical_source,3,200.0,0.745,0.6266614028161601,0.8417565002947698,0.5830759855568893,0.7019515411943035,0.1976406145233242,0.2544238977126292,0.71,0.5216475852085801,0.823170731707317,0.7541899441340782,0.9060402684563759,0.4966442953020134,0.5283928158630665,1.0672321210784619,0.1738983472474856
hungary,va_long_beach,mirrams_equation9,mirrams,0,"{""d_model"": 64, ""dropout"": 0.1, ""evaluation_interval"": 5, ""learning_rate"": 0.0001, ""max_epochs"": 120, ""mirrams_confidence"": 0.95, ""mirrams_lambda_1"": 15.0, ""mirrams_lambda_2"": 15.0, ""mirrams_mask_rate"": 0.3, ""n_heads"": 4, ""n_layers"": 2, ""patience_evaluations"": 8, ""validation_mask_replicates"": 2, ""weight_decay"": 0.001}",5064,empirical_source,4,200.0,0.745,0.6381102776681143,0.8451546752073091,0.57909440192199,0.6927809751521931,0.19573028220319028,0.2499334484799561,0.72,0.5283589946045533,0.8303030303030303,0.7569060773480663,0.9194630872483222,0.4697986577181208,0.45853372146804067,1.2529223465800867,0.169445225240814
hungary,va_long_beach,mirrams_equation9,mirrams,0,"{""d_model"": 64, ""dropout"": 0.1, ""evaluation_interval"": 5, ""learning_rate"": 0.0001, ""max_epochs"": 120, ""mirrams_confidence"": 0.95, ""mirrams_lambda_1"": 15.0, ""mirrams_lambda_2"": 15.0, ""mirrams_mask_rate"": 0.3, ""n_heads"": 4, ""n_layers"": 2, ""patience_evaluations"": 8, ""validation_mask_replicates"": 2, ""weight_decay"": 0.001}",5064,mar_age_sex_30,0,200.0,0.745,0.6099486774575602,0.8257881505464508,0.595250135262956,0.7008398741524082,0.20360250499634855,0.25373267965622587,0.69,0.5211212001579155,0.80625,0.7543859649122807,0.8657718120805369,0.40268456375838924,0.7015065030760247,0.8157992259831937,0.19721650309354125
hungary,va_long_beach,mirrams_equation9,mirrams,0,"{""d_model"": 64, ""dropout"": 0.1, ""evaluation_interval"": 5, ""learning_rate"": 0.0001, ""max_epochs"": 120, ""mirrams_confidence"": 0.95, ""mirrams_lambda_1"": 15.0, ""mirrams_lambda_2"": 15.0, ""mirrams_mask_rate"": 0.3, ""n_heads"": 4, ""n_layers"": 2, ""patience_evaluations"": 8, ""validation_mask_replicates"": 2, ""weight_decay"": 0.001}",5064,mar_age_sex_30,1,200.0,0.745,0.6128437952362155,0.8248606357772109,0.5917970610759806,0.7017119542267164,0.20177765083856078,0.2539173804145193,0.68,0.5079615738913015,0.8,0.7485380116959064,0.8590604026845637,0.40939597315436244,0.6705987452426763,0.8534295020489508,0.19404546444295784
hungary,va_long_beach,mirrams_equation9,mirrams,0,"{""d_model"": 64, ""dropout"": 0.1, ""evaluation_interval"": 5, ""learning_rate"": 0.0001, ""max_epochs"": 120, ""mirrams_confidence"": 0.95, ""mirrams_lambda_1"": 15.0, ""mirrams_lambda_2"": 15.0, ""mirrams_mask_rate"": 0.3, ""n_heads"": 4, ""n_layers"": 2, ""patience_evaluations"": 8, ""validation_mask_replicates"": 2, ""weight_decay"": 0.001}",5064,mar_age_sex_30,2,200.0,0.745,0.6540992235820502,0.8607030963947238,0.5799680430446615,0.6857721634638159,0.19666887553258697,0.24703097127293377,0.705,0.5182918805105935,0.8195718654434251,0.7528089887640449,0.8993288590604027,0.436241610738255,0.5401051482921246,1.1440466588050333,0.16239772997777047
hungary,va_long_beach,mirrams_equation9,mirrams,0,"{""d_model"": 64, ""dropout"": 0.1, ""evaluation_interval"": 5, ""learning_rate"": 0.0001, ""max_epochs"": 120, ""mirrams_confidence"": 0.95, ""mirrams_lambda_1"": 15.0, ""mirrams_lambda_2"": 15.0, ""mirrams_mask_rate"": 0.3, ""n_heads"": 4, ""n_layers"": 2, ""patience_evaluations"": 8, ""validation_mask_replicates"": 2, ""weight_decay"": 0.001}",5064,mar_age_sex_30,3,200.0,0.745,0.6572575338860377,0.8541155139129573,0.5749727639608794,0.6833552212522613,0.19402687209336505,0.2453817299414498,0.73,0.554415054612449,0.8343558282208589,0.768361581920904,0.912751677852349,0.42953020134228187,0.4777202277957403,1.2590818380183082,0.16231460452591612
hungary,va_long_beach,mirrams_equation9,mirrams,0,"{""d_model"": 64, ""dropout"": 0.1, ""evaluation_interval"": 5, ""learning_rate"": 0.0001, ""max_epochs"": 120, ""mirrams_confidence"": 0.95, ""mirrams_lambda_1"": 15.0, ""mirrams_lambda_2"": 15.0, ""mirrams_mask_rate"": 0.3, ""n_heads"": 4, ""n_layers"": 2, ""patience_evaluations"": 8, ""validation_mask_replicates"": 2, ""weight_decay"": 0.001}",5064,mar_age_sex_30,4,200.0,0.745,0.6537702329253849,0.8408693777443217,0.5848835808773463,0.6867541577015468,0.19865832876208528,0.24709733176743748,0.68,0.5015133570206606,0.8012422360248447,0.7456647398843931,0.8657718120805369,0.47651006711409394,0.5674052479454615,1.1336396746666777,0.18147667716146204
hungary,va_long_beach,mirrams_equation9,mirrams,0,"{""d_model"": 64, ""dropout"": 0.1, ""evaluation_interval"": 5, ""learning_rate"": 0.0001, ""max_epochs"": 120, ""mirrams_confidence"": 0.95, ""mirrams_lambda_1"": 15.0, ""mirrams_lambda_2"": 15.0, ""mirrams_mask_rate"": 0.3, ""n_heads"": 4, ""n_layers"": 2, ""patience_evaluations"": 8, ""validation_mask_replicates"": 2, ""weight_decay"": 0.001}",5064,mcar_10,0,200.0,0.745,0.6082379260429004,0.8268340573831238,0.5956327239033845,0.6999838738667541,0.20336558900517876,0.25332354334891466,0.67,0.4819055138834057,0.7962962962962963,0.7371428571428571,0.8657718120805369,0.4161073825503356,0.6649832610902824,0.9170690205447392,0.19093112339941215
hungary,va_long_beach,mirrams_equation9,mirrams,0,"{""d_model"": 64, ""dropout"": 0.1, ""evaluation_interval"": 5, ""learning_rate"": 0.0001, ""max_epochs"": 120, ""mirrams_confidence"": 0.95, ""mirrams_lambda_1"": 15.0, ""mirrams_lambda_2"": 15.0, ""mirrams_mask_rate"": 0.3, ""n_heads"": 4, ""n_layers"": 2, ""patience_evaluations"": 8, ""validation_mask_replicates"": 2, ""weight_decay"": 0.001}",5064,mcar_10,1,200.0,0.745,0.6131069877615476,0.808073023680268,0.5959280217260254,0.6957688572257046,0.2031554864090589,0.25087343494313363,0.7,0.5278326095538887,0.8136645962732919,0.7572254335260116,0.8791946308724832,0.2684563758389262,0.646091433059947,1.0065598693478695,0.20701289455005445
hungary,va_long_beach,mirrams_equation9,mirrams,0,"{""d_model"": 64, ""dropout"": 0.1, ""evaluation_interval"": 5, ""learning_rate"": 0.0001, ""max_epochs"": 120, ""mirrams_confidence"": 0.95, ""mirrams_lambda_1"": 15.0, ""mirrams_lambda_2"": 15.0, ""mirrams_mask_rate"": 0.3, ""n_heads"": 4, ""n_layers"": 2, ""patience_evaluations"": 8, ""validation_mask_replicates"": 2, ""weight_decay"": 0.001}",5064,mcar_10,2,200.0,0.745,0.6410053954467694,0.8181657379610929,0.5942298754397028,0.6951538069581101,0.20224533832670324,0.25000166772909893,0.7,0.5342808264245296,0.8125,0.7602339181286549,0.87248322147651,0.4966442953020134,0.6535443149123,0.9726893766292679,0.20061895671896057
hungary,va_long_beach,mirrams_equation9,mirrams,0,"{""d_model"": 64, ""dropout"": 0.1, ""evaluation_interval"": 5, ""learning_rate"": 0.0001, ""max_epochs"": 120, ""mirrams_confidence"": 0.95, ""mirrams_lambda_1"": 15.0, ""mirrams_lambda_2"": 15.0, ""mirrams_mask_rate"": 0.3, ""n_heads"": 4, ""n_layers"": 2, ""patience_evaluations"": 8, ""validation_mask_replicates"": 2, ""weight_decay"": 0.001}",5064,mcar_10,3,200.0,0.745,0.608764311093565,0.8037160872146216,0.6001419493454749,0.6999073523087969,0.20517181879652446,0.25270291423688584,0.695,0.5180286879852611,0.8111455108359134,0.7528735632183908,0.8791946308724832,0.3691275167785235,0.7061598659622099,0.8673660883912776,0.21490724103243197
hungary,va_long_beach,mirrams_equation9,mirrams,0,"{""d_model"": 64, ""dropout"": 0.1, ""evaluation_interval"": 5, ""learning_rate"": 0.0001, ""max_epochs"": 120, ""mirrams_confidence"": 0.95, ""mirrams_lambda_1"": 15.0, ""mirrams_lambda_2"": 15.0, ""mirrams_mask_rate"": 0.3, ""n_heads"": 4, ""n_layers"": 2, ""patience_evaluations"": 8, ""validation_mask_replicates"": 2, ""weight_decay"": 0.001}",5064,mcar_10,4,200.0,0.745,0.6240294775628372,0.8390920232409669,0.5973902423065277,0.6948388212829819,0.20429937111171984,0.2510507051140167,0.685,0.4984208448480063,0.8061538461538461,0.7443181818181818,0.8791946308724832,0.4161073825503356,0.6707338077348103,0.9565948860720648,0.1852205392439132
hungary,va_long_beach,mirrams_equation9,mirrams,0,"{""d_model"": 64, ""dropout"": 0.1, ""evaluation_interval"": 5, ""learning_rate"": 0.0001, ""max_epochs"": 120, ""mirrams_confidence"": 0.95, ""mirrams_lambda_1"": 15.0, ""mirrams_lambda_2"": 15.0, ""mirrams_mask_rate"": 0.3, ""n_heads"": 4, ""n_layers"": 2, ""patience_evaluations"": 8, ""validation_mask_replicates"": 2, ""weight_decay"": 0.001}",5064,mcar_30,0,200.0,0.745,0.5812606921963417,0.8135769904309619,0.6169506289279076,0.7079268408769183,0.2137007361705843,0.2572407715825092,0.63,0.4744045269114357,0.7612903225806451,0.7329192546583851,0.7919463087248322,0.348993288590604,0.8712580195468209,0.5157076238976563,0.22177133661762116
hungary,va_long_beach,mirrams_equation9,mirrams,0,"{""d_model"": 64, ""dropout"": 0.1, ""evaluation_interval"": 5, ""learning_rate"": 0.0001, ""max_epochs"": 120, ""mirrams_confidence"": 0.95, ""mirrams_lambda_1"": 15.0, ""mirrams_lambda_2"": 15.0, ""mirrams_mask_rate"": 0.3, ""n_heads"": 4, ""n_layers"": 2, ""patience_evaluations"": 8, ""validation_mask_replicates"": 2, ""weight_decay"": 0.001}",5064,mcar_30,1,200.0,0.745,0.5563232004211082,0.7981276914078135,0.6150720978946,0.7087620890053457,0.21246510324897103,0.25746695211135473,0.69,0.5146729832872746,0.8074534161490683,0.7514450867052023,0.87248322147651,0.31543624161073824,0.8524610925362558,0.560410919725081,0.22541648099604655
hungary,va_long_beach,mirrams_equation9,mirrams,0,"{""d_model"": 64, ""dropout"": 0.1, ""evaluation_interval"": 5, ""learning_rate"": 0.0001, ""max_epochs"": 120, ""mirrams_confidence"": 0.95, ""mirrams_lambda_1"": 15.0, ""mirrams_lambda_2"": 15.0, ""mirrams_mask_rate"": 0.3, ""n_heads"": 4, ""n_layers"": 2, ""patience_evaluations"": 8, ""validation_mask_replicates"": 2, ""weight_decay"": 0.001}",5064,mcar_30,2,200.0,0.745,0.5612580602710884,0.7621588931869399,0.6205099691496273,0.7130489660753634,0.21448976082003304,0.2583878620413111,0.695,0.5567179892091065,0.8038585209003215,0.7716049382716049,0.8389261744966443,0.19463087248322147,0.8997236096087541,0.4521623940815697,0.2629635132179794
hungary,va_long_beach,mirrams_equation9,mirrams,0,"{""d_model"": 64, ""dropout"": 0.1, ""evaluation_interval"": 5, ""learning_rate"": 0.0001, ""max_epochs"": 120, ""mirrams_confidence"": 0.95, ""mirrams_lambda_1"": 15.0, ""mirrams_lambda_2"": 15.0, ""mirrams_mask_rate"": 0.3, ""n_heads"": 4, ""n_layers"": 2, ""patience_evaluations"": 8, ""validation_mask_replicates"": 2, ""weight_decay"": 0.001}",5064,mcar_30,3,200.0,0.745,0.529016975917884,0.7873483959761766,0.6305259543181474,0.7217510260650501,0.22004698804186568,0.26364341710339,0.65,0.5071719963153046,0.7727272727272727,0.7484276729559748,0.7986577181208053,0.30201342281879195,0.9939918189056332,0.20474490881037835,0.2522856369092303
hungary,va_long_beach,mirrams_equation9,mirrams,0,"{""d_model"": 64, ""dropout"": 0.1, ""evaluation_interval"": 5, ""learning_rate"": 0.0001, ""max_epochs"": 120, ""mirrams_confidence"": 0.95, ""mirrams_lambda_1"": 15.0, ""mirrams_lambda_2"": 15.0, ""mirrams_mask_rate"": 0.3, ""n_heads"": 4, ""n_layers"": 2, ""patience_evaluations"": 8, ""validation_mask_replicates"": 2, ""weight_decay"": 0.001}",5064,mcar_30,4,200.0,0.745,0.5711277799710489,0.7651195214979846,0.6185800890027832,0.7099178629562638,0.2135824124841342,0.2569817339325621,0.675,0.5239505198052375,0.792332268370607,0.7560975609756098,0.8322147651006712,0.3288590604026846,0.8751985366779076,0.5227797636766404,0.26205592269316735
hungary,va_long_beach,mirrams_equation9,mirrams,0,"{""d_model"": 64, ""dropout"": 0.1, ""evaluation_interval"": 5, ""learning_rate"": 0.0001, ""max_epochs"": 120, ""mirrams_confidence"": 0.95, ""mirrams_lambda_1"": 15.0, ""mirrams_lambda_2"": 15.0, ""mirrams_mask_rate"": 0.3, ""n_heads"": 4, ""n_layers"": 2, ""patience_evaluations"": 8, ""validation_mask_replicates"": 2, ""weight_decay"": 0.001}",5064,mcar_50,0,200.0,0.745,0.6124490064482169,0.8096807615445429,0.6105797944172039,0.6886540134313709,0.21037001123725382,0.24748265480593484,0.64,0.5133570206606133,0.7615894039735099,0.7516339869281046,0.7718120805369127,0.35570469798657717,0.7797516871569492,0.8730797039696903,0.22223209458946644
hungary,va_long_beach,mirrams_equation9,mirrams,0,"{""d_model"": 64, ""dropout"": 0.1, ""evaluation_interval"": 5, ""learning_rate"": 0.0001, ""max_epochs"": 120, ""mirrams_confidence"": 0.95, ""mirrams_lambda_1"": 15.0, ""mirrams_lambda_2"": 15.0, ""mirrams_mask_rate"": 0.3, ""n_heads"": 4, ""n_layers"": 2, ""patience_evaluations"": 8, ""validation_mask_replicates"": 2, ""weight_decay"": 0.001}",5064,mcar_50,1,200.0,0.745,0.6350835636267929,0.8395311305444355,0.6085337750009266,0.6809398842262566,0.2095279996721345,0.2441140860116183,0.67,0.5399394657191736,0.7843137254901961,0.7643312101910829,0.8053691275167785,0.37583892617449666,0.781265677250634,0.9126004220794185,0.20765963103077015
hungary,va_long_beach,mirrams_equation9,mirrams,0,"{""d_model"": 64, ""dropout"": 0.1, ""evaluation_interval"": 5, ""learning_rate"": 0.0001, ""max_epochs"": 120, ""mirrams_confidence"": 0.95, ""mirrams_lambda_1"": 15.0, ""mirrams_lambda_2"": 15.0, ""mirrams_mask_rate"": 0.3, ""n_heads"": 4, ""n_layers"": 2, ""patience_evaluations"": 8, ""validation_mask_replicates"": 2, ""weight_decay"": 0.001}",5064,mcar_50,2,200.0,0.745,0.5465850769838138,0.7804671908242495,0.6275147002212083,0.7069694061256968,0.21825312810901565,0.2561736393143995,0.66,0.5267798394525596,0.7777777777777778,0.7579617834394905,0.7986577181208053,0.31543624161073824,0.9110387985972074,0.4921308621351141,0.2560022482132448
hungary,va_long_beach,mirrams_equation9,mirrams,0,"{""d_model"": 64, ""dropout"": 0.1, ""evaluation_interval"": 5, ""learning_rate"": 0.0001, ""max_epochs"": 120, ""mirrams_confidence"": 0.95, ""mirrams_lambda_1"": 15.0, ""mirrams_lambda_2"": 15.0, ""mirrams_mask_rate"": 0.3, ""n_heads"": 4, ""n_layers"": 2, ""patience_evaluations"": 8, ""validation_mask_replicates"": 2, ""weight_decay"": 0.001}",5064,mcar_50,3,200.0,0.745,0.6117910251348861,0.8210954774622385,0.6149511246392187,0.6865751430853861,0.21261220889368854,0.24666940336930737,0.66,0.5396762731938413,0.7748344370860927,0.7647058823529411,0.785234899328859,0.28187919463087246,0.7980942437588476,0.8929466522398308,0.2155864480197752
hungary,va_long_beach,mirrams_equation9,mirrams,0,"{""d_model"": 64, ""dropout"": 0.1, ""evaluation_interval"": 5, ""learning_rate"": 0.0001, ""max_epochs"": 120, ""mirrams_confidence"": 0.95, ""mirrams_lambda_1"": 15.0, ""mirrams_lambda_2"": 15.0, ""mirrams_mask_rate"": 0.3, ""n_heads"": 4, ""n_layers"": 2, ""patience_evaluations"": 8, ""validation_mask_replicates"": 2, ""weight_decay"": 0.001}",5064,mcar_50,4,200.0,0.745,0.5330964600605343,0.7638575324643349,0.6355910414790799,0.7194931365107003,0.2221145737086483,0.26191417541316436,0.66,0.5461244900644822,0.7733333333333333,0.7682119205298014,0.7785234899328859,0.22818791946308725,0.985032207252386,0.2515027418695312,0.28237685670952745
hungary,va_long_beach,mirrams_equation9,mirrams,0,"{""d_model"": 64, ""dropout"": 0.1, ""evaluation_interval"": 5, ""learning_rate"": 0.0001, ""max_epochs"": 120, ""mirrams_confidence"": 0.95, ""mirrams_lambda_1"": 15.0, ""mirrams_lambda_2"": 15.0, ""mirrams_mask_rate"": 0.3, ""n_heads"": 4, ""n_layers"": 2, ""patience_evaluations"": 8, ""validation_mask_replicates"": 2, ""weight_decay"": 0.001}",5064,natural,0,200.0,0.745,0.6256086327148309,0.8289761214491131,0.5876958398910007,0.6968540108541945,0.19954007045441913,0.25179158551890757,0.705,0.5182918805105935,0.8195718654434251,0.7528089887640449,0.8993288590604027,0.46308724832214765,0.5526965105182243,1.1131127799897698,0.18521058243313904
switzerland,cleveland,mirrams_equation9,mirrams,0,"{""d_model"": 64, ""dropout"": 0.1, ""evaluation_interval"": 5, ""learning_rate"": 0.0001, ""max_epochs"": 120, ""mirrams_confidence"": 0.95, ""mirrams_lambda_1"": 15.0, ""mirrams_lambda_2"": 15.0, ""mirrams_mask_rate"": 0.3, ""n_heads"": 4, ""n_layers"": 2, ""patience_evaluations"": 8, ""validation_mask_replicates"": 2, ""weight_decay"": 0.001}",5062,drop_advanced,0,303.0,0.45874587458745875,0.8577381996841551,0.8585693208380345,0.47420751296584723,0.4829441988464038,0.15406146809745427,0.15727654911256725,0.7788778877887789,0.7748947183716441,0.7509293680297398,0.7769230769230769,0.7266187050359713,0.7553956834532374,0.07791655248484596,0.8551821703493099,0.10550042756346895
switzerland,cleveland,mirrams_equation9,mirrams,0,"{""d_model"": 64, ""dropout"": 0.1, ""evaluation_interval"": 5, ""learning_rate"": 0.0001, ""max_epochs"": 120, ""mirrams_confidence"": 0.95, ""mirrams_lambda_1"": 15.0, ""mirrams_lambda_2"": 15.0, ""mirrams_mask_rate"": 0.3, ""n_heads"": 4, ""n_layers"": 2, ""patience_evaluations"": 8, ""validation_mask_replicates"": 2, ""weight_decay"": 0.001}",5062,drop_exercise,0,303.0,0.45874587458745875,0.8447095981751184,0.8290197771037693,0.5425571619205957,0.526507521077159,0.183258114702011,0.17639972604149573,0.7326732673267327,0.7442753114581506,0.7522935779816514,0.6542553191489362,0.8848920863309353,0.7338129496402878,-0.9531513905019833,1.4211602416801654,0.15047699522259791
switzerland,cleveland,mirrams_equation9,mirrams,0,"{""d_model"": 64, ""dropout"": 0.1, ""evaluation_interval"": 5, ""learning_rate"": 0.0001, ""max_epochs"": 120, ""mirrams_confidence"": 0.95, ""mirrams_lambda_1"": 15.0, ""mirrams_lambda_2"": 15.0, ""mirrams_mask_rate"": 0.3, ""n_heads"": 4, ""n_layers"": 2, ""patience_evaluations"": 8, ""validation_mask_replicates"": 2, ""weight_decay"": 0.001}",5062,drop_routine,0,303.0,0.45874587458745875,0.8670380768555888,0.8698818446149528,0.46149659271208837,0.4603051315800494,0.14995256913050548,0.14948392019996937,0.7821782178217822,0.7834269170029831,0.7708333333333334,0.7449664429530202,0.7985611510791367,0.7769784172661871,-0.2771449295075438,1.022686970083682,0.0991923118935384
switzerland,cleveland,mirrams_equation9,mirrams,0,"{""d_model"": 64, ""dropout"": 0.1, ""evaluation_interval"": 5, ""learning_rate"": 0.0001, ""max_epochs"": 120, ""mirrams_confidence"": 0.95, ""mirrams_lambda_1"": 15.0, ""mirrams_lambda_2"": 15.0, ""mirrams_mask_rate"": 0.3, ""n_heads"": 4, ""n_layers"": 2, ""patience_evaluations"": 8, ""validation_mask_replicates"": 2, ""weight_decay"": 0.001}",5062,empirical_source,0,303.0,0.45874587458745875,0.8499298122477627,0.8511816806733482,0.4807114405017872,0.4886593404731725,0.1565633113307628,0.15952823670781308,0.7788778877887789,0.7743463765572907,0.7490636704119851,0.78125,0.7194244604316546,0.7482014388489209,0.0487221699593429,0.8725063246414517,0.11397089646991342
switzerland,cleveland,mirrams_equation9,mirrams,0,"{""d_model"": 64, ""dropout"": 0.1, ""evaluation_interval"": 5, ""learning_rate"": 0.0001, ""max_epochs"": 120, ""mirrams_confidence"": 0.95, ""mirrams_lambda_1"": 15.0, ""mirrams_lambda_2"": 15.0, ""mirrams_mask_rate"": 0.3, ""n_heads"": 4, ""n_layers"": 2, ""patience_evaluations"": 8, ""validation_mask_replicates"": 2, ""weight_decay"": 0.001}",5062,empirical_source,1,303.0,0.45874587458745875,0.8608966485348307,0.8666771211080657,0.4673949200872671,0.4732933344000974,0.15187714809144814,0.1539044643049202,0.7821782178217822,0.7806852079312161,0.762589928057554,0.762589928057554,0.762589928057554,0.762589928057554,-0.015071061429183045,0.8868358903554436,0.10406737304889502
switzerland,cleveland,mirrams_equation9,mirrams,0,"{""d_model"": 64, ""dropout"": 0.1, ""evaluation_interval"": 5, ""learning_rate"": 0.0001, ""max_epochs"": 120, ""mirrams_confidence"": 0.95, ""mirrams_lambda_1"": 15.0, ""mirrams_lambda_2"": 15.0, ""mirrams_mask_rate"": 0.3, ""n_heads"": 4, ""n_layers"": 2, ""patience_evaluations"": 8, ""validation_mask_replicates"": 2, ""weight_decay"": 0.001}",5062,empirical_source,2,303.0,0.45874587458745875,0.8490524653447973,0.8447189027236384,0.48562326476893475,0.4919507274354952,0.1578565125371867,0.16005584063388356,0.7854785478547854,0.7831856466046675,0.7636363636363637,0.7720588235294118,0.7553956834532374,0.7553956834532374,0.008750673507145585,0.85706685729537,0.12085590075127216
switzerland,cleveland,mirrams_equation9,mirrams,0,"{""d_model"": 64, ""dropout"": 0.1, ""evaluation_interval"": 5, ""learning_rate"": 0.0001, ""max_epochs"": 120, ""mirrams_confidence"": 0.95, ""mirrams_lambda_1"": 15.0, ""mirrams_lambda_2"": 15.0, ""mirrams_mask_rate"": 0.3, ""n_heads"": 4, ""n_layers"": 2, ""patience_evaluations"": 8, ""validation_mask_replicates"": 2, ""weight_decay"": 0.001}",5062,empirical_source,3,303.0,0.45874587458745875,0.8472977715388664,0.8423358773304839,0.49177143043980315,0.5003760216750662,0.16122025618782404,0.1643723929880542,0.7623762376237624,0.758554132303913,0.7333333333333333,0.7557251908396947,0.7122302158273381,0.7122302158273381,0.07679977969132877,0.8422176092307676,0.1159389784547607
switzerland,cleveland,mirrams_equation9,mirrams,0,"{""d_model"": 64, ""dropout"": 0.1, ""evaluation_interval"": 5, ""learning_rate"": 0.0001, ""max_epochs"": 120, ""mirrams_confidence"": 0.95, ""mirrams_lambda_1"": 15.0, ""mirrams_lambda_2"": 15.0, ""mirrams_mask_rate"": 0.3, ""n_heads"": 4, ""n_layers"": 2, ""patience_evaluations"": 8, ""validation_mask_replicates"": 2, ""weight_decay"": 0.001}",5062,empirical_source,4,303.0,0.45874587458745875,0.843349710475522,0.8468007820772364,0.4920852822946942,0.5008069574053434,0.16086106347136522,0.1641057370744924,0.7722772277227723,0.7682488155816809,0.7434944237918215,0.7692307692307693,0.7194244604316546,0.7338129496402878,0.05448514945937803,0.8398812909013539,0.11437828305944897
switzerland,cleveland,mirrams_equation9,mirrams,0,"{""d_model"": 64, ""dropout"": 0.1, ""evaluation_interval"": 5, ""learning_rate"": 0.0001, ""max_epochs"": 120, ""mirrams_confidence"": 0.95, ""mirrams_lambda_1"": 15.0, ""mirrams_lambda_2"": 15.0, ""mirrams_mask_rate"": 0.3, ""n_heads"": 4, ""n_layers"": 2, ""patience_evaluations"": 8, ""validation_mask_replicates"": 2, ""weight_decay"": 0.001}",5062,mar_age_sex_30,0,303.0,0.45874587458745875,0.8589226180031583,0.8437858893807797,0.4773894945964456,0.4764057375173665,0.1570510780183365,0.15654668088324086,0.7656765676567657,0.7670863309352518,0.754325259515571,0.7266666666666667,0.7841726618705036,0.7697841726618705,-0.22020488542212818,0.9513648485498808,0.10252329632805239
switzerland,cleveland,mirrams_equation9,mirrams,0,"{""d_model"": 64, ""dropout"": 0.1, ""evaluation_interval"": 5, ""learning_rate"": 0.0001, ""max_epochs"": 120, ""mirrams_confidence"": 0.95, ""mirrams_lambda_1"": 15.0, ""mirrams_lambda_2"": 15.0, ""mirrams_mask_rate"": 0.3, ""n_heads"": 4, ""n_layers"": 2, ""patience_evaluations"": 8, ""validation_mask_replicates"": 2, ""weight_decay"": 0.001}",5062,mar_age_sex_30,1,303.0,0.45874587458745875,0.8403667310054396,0.8288190856321241,0.50206789019311,0.5016850797451282,0.16486167999542695,0.16446752064367587,0.759075907590759,0.7620854535883488,0.752542372881356,0.7115384615384616,0.7985611510791367,0.7410071942446043,-0.22709694562497124,0.9062431480477053,0.13079861513021768
switzerland,cleveland,mirrams_equation9,mirrams,0,"{""d_model"": 64, ""dropout"": 0.1, ""evaluation_interval"": 5, ""learning_rate"": 0.0001, ""max_epochs"": 120, ""mirrams_confidence"": 0.95, ""mirrams_lambda_1"": 15.0, ""mirrams_lambda_2"": 15.0, ""mirrams_mask_rate"": 0.3, ""n_heads"": 4, ""n_layers"": 2, ""patience_evaluations"": 8, ""validation_mask_replicates"": 2, ""weight_decay"": 0.001}",5062,mar_age_sex_30,2,303.0,0.45874587458745875,0.8495350061414283,0.8411213391178626,0.48791495167402893,0.48776643251444973,0.16085114993220784,0.16053272543168298,0.768976897689769,0.7701351114230567,0.7569444444444444,0.7315436241610739,0.7841726618705036,0.7338129496402878,-0.19527210447384327,0.9327870962226056,0.11279084035088141
switzerland,cleveland,mirrams_equation9,mirrams,0,"{""d_model"": 64, ""dropout"": 0.1, ""evaluation_interval"": 5, ""learning_rate"": 0.0001, ""max_epochs"": 120, ""mirrams_confidence"": 0.95, ""mirrams_lambda_1"": 15.0, ""mirrams_lambda_2"": 15.0, ""mirrams_mask_rate"": 0.3, ""n_heads"": 4, ""n_layers"": 2, ""patience_evaluations"": 8, ""validation_mask_replicates"": 2, ""weight_decay"": 0.001}",5062,mar_age_sex_30,3,303.0,0.45874587458745875,0.8450166695911563,0.8390935218994793,0.4974394510244324,0.49732521804106444,0.16732980290463623,0.1672532726352932,0.7392739273927392,0.738857694332339,0.7208480565371025,0.7083333333333334,0.7338129496402878,0.6906474820143885,-0.17994670486736825,0.8826517449918356,0.10522403088962784
switzerland,cleveland,mirrams_equation9,mirrams,0,"{""d_model"": 64, ""dropout"": 0.1, ""evaluation_interval"": 5, ""learning_rate"": 0.0001, ""max_epochs"": 120, ""mirrams_confidence"": 0.95, ""mirrams_lambda_1"": 15.0, ""mirrams_lambda_2"": 15.0, ""mirrams_mask_rate"": 0.3, ""n_heads"": 4, ""n_layers"": 2, ""patience_evaluations"": 8, ""validation_mask_replicates"": 2, ""weight_decay"": 0.001}",5062,mar_age_sex_30,4,303.0,0.45874587458745875,0.8623442709247237,0.8598941924332495,0.47266137715467543,0.47108759175085113,0.15580254480682576,0.15503651785078773,0.7557755775577558,0.7579399894718372,0.7465753424657534,0.7124183006535948,0.7841726618705036,0.7553956834532374,-0.25557725552942656,0.9811894093171992,0.09922484205175533
switzerland,cleveland,mirrams_equation9,mirrams,0,"{""d_model"": 64, ""dropout"": 0.1, ""evaluation_interval"": 5, ""learning_rate"": 0.0001, ""max_epochs"": 120, ""mirrams_confidence"": 0.95, ""mirrams_lambda_1"": 15.0, ""mirrams_lambda_2"": 15.0, ""mirrams_mask_rate"": 0.3, ""n_heads"": 4, ""n_layers"": 2, ""patience_evaluations"": 8, ""validation_mask_replicates"": 2, ""weight_decay"": 0.001}",5062,mcar_10,0,303.0,0.45874587458745875,0.8647569749078786,0.8766918243289086,0.4572351851009223,0.4653791779277361,0.14838980143796507,0.1514535810058864,0.801980198019802,0.797332865414985,0.7744360902255639,0.8110236220472441,0.7410071942446043,0.7553956834532374,0.06133606210662355,0.9554661925429065,0.09476034392958013
switzerland,cleveland,mirrams_equation9,mirrams,0,"{""d_model"": 64, ""dropout"": 0.1, ""evaluation_interval"": 5, ""learning_rate"": 0.0001, ""max_epochs"": 120, ""mirrams_confidence"": 0.95, ""mirrams_lambda_1"": 15.0, ""mirrams_lambda_2"": 15.0, ""mirrams_mask_rate"": 0.3, ""n_heads"": 4, ""n_layers"": 2, ""patience_evaluations"": 8, ""validation_mask_replicates"": 2, ""weight_decay"": 0.001}",5062,mcar_10,1,303.0,0.45874587458745875,0.8626513423407614,0.8665784395701139,0.45992898716111213,0.4668947569211558,0.14857814613769355,0.15113149808390902,0.7920792079207921,0.7887348657659239,0.7675276752767528,0.7878787878787878,0.7482014388489209,0.7482014388489209,0.03145250435882768,0.940009988302962,0.10057304552405333
switzerland,cleveland,mirrams_equation9,mirrams,0,"{""d_model"": 64, ""dropout"": 0.1, ""evaluation_interval"": 5, ""learning_rate"": 0.0001, ""max_epochs"": 120, ""mirrams_confidence"": 0.95, ""mirrams_lambda_1"": 15.0, ""mirrams_lambda_2"": 15.0, ""mirrams_mask_rate"": 0.3, ""n_heads"": 4, ""n_layers"": 2, ""patience_evaluations"": 8, ""validation_mask_replicates"": 2, ""weight_decay"": 0.001}",5062,mcar_10,2,303.0,0.45874587458745875,0.8500614142832077,0.8548944389546198,0.483187775221497,0.49035579489429776,0.15870287177761513,0.16134553933849313,0.7788778877887789,0.7759914020003509,0.7545787545787546,0.7686567164179104,0.7410071942446043,0.7482014388489209,0.02281546112759145,0.8928944919174099,0.11035524854066057
switzerland,cleveland,mirrams_equation9,mirrams,0,"{""d_model"": 64, ""dropout"": 0.1, ""evaluation_interval"": 5, ""learning_rate"": 0.0001, ""max_epochs"": 120, ""mirrams_confidence"": 0.95, ""mirrams_lambda_1"": 15.0, ""mirrams_lambda_2"": 15.0, ""mirrams_mask_rate"": 0.3, ""n_heads"": 4, ""n_layers"": 2, ""patience_evaluations"": 8, ""validation_mask_replicates"": 2, ""weight_decay"": 0.001}",5062,mcar_10,3,303.0,0.45874587458745875,0.8569485874714862,0.8577906068255617,0.47738028737574467,0.4834799681210985,0.1568963991183601,0.15906940558737237,0.7788778877887789,0.7770880856290577,0.7581227436823105,0.7608695652173914,0.7553956834532374,0.7553956834532374,0.006555350040519609,0.9027979461661093,0.10278790100979468
switzerland,cleveland,mirrams_equation9,mirrams,0,"{""d_model"": 64, ""dropout"": 0.1, ""evaluation_interval"": 5, ""learning_rate"": 0.0001, ""max_epochs"": 120, ""mirrams_confidence"": 0.95, ""mirrams_lambda_1"": 15.0, ""mirrams_lambda_2"": 15.0, ""mirrams_mask_rate"": 0.3, ""n_heads"": 4, ""n_layers"": 2, ""patience_evaluations"": 8, ""validation_mask_replicates"": 2, ""weight_decay"": 0.001}",5062,mcar_10,4,303.0,0.45874587458745875,0.8673890156167748,0.8691897571764649,0.4560473463615597,0.4619589617137362,0.14901582289887705,0.1513445903376589,0.7821782178217822,0.7784918406738024,0.7555555555555555,0.7786259541984732,0.7338129496402878,0.7769784172661871,0.015364918197746167,0.9455038535971945,0.08888789697960689
switzerland,cleveland,mirrams_equation9,mirrams,0,"{""d_model"": 64, ""dropout"": 0.1, ""evaluation_interval"": 5, ""learning_rate"": 0.0001, ""max_epochs"": 120, ""mirrams_confidence"": 0.95, ""mirrams_lambda_1"": 15.0, ""mirrams_lambda_2"": 15.0, ""mirrams_mask_rate"": 0.3, ""n_heads"": 4, ""n_layers"": 2, ""patience_evaluations"": 8, ""validation_mask_replicates"": 2, ""weight_decay"": 0.001}",5062,mcar_30,0,303.0,0.45874587458745875,0.8530882610984384,0.858648967625025,0.47731790443062144,0.4811331120027402,0.1573333835063977,0.15885157955766022,0.768976897689769,0.7668450605369364,0.7463768115942029,0.7518248175182481,0.7410071942446043,0.7194244604316546,-0.07842342622171647,0.976735081828747,0.10351699826112923
switzerland,cleveland,mirrams_equation9,mirrams,0,"{""d_model"": 64, ""dropout"": 0.1, ""evaluation_interval"": 5, ""learning_rate"": 0.0001, ""max_epochs"": 120, ""mirrams_confidence"": 0.95, ""mirrams_lambda_1"": 15.0, ""mirrams_lambda_2"": 15.0, ""mirrams_mask_rate"": 0.3, ""n_heads"": 4, ""n_layers"": 2, ""patience_evaluations"": 8, ""validation_mask_replicates"": 2, ""weight_decay"": 0.001}",5062,mcar_30,1,303.0,0.45874587458745875,0.8379978943674329,0.8458165961998383,0.49653471330073107,0.5017043452075598,0.16440201306686703,0.16628074637898593,0.7755775577557755,0.7740393051412529,0.7553956834532374,0.7553956834532374,0.7553956834532374,0.697841726618705,-0.050465394520779035,0.9158985356471762,0.1146319944433182
switzerland,cleveland,mirrams_equation9,mirrams,0,"{""d_model"": 64, ""dropout"": 0.1, ""evaluation_interval"": 5, ""learning_rate"": 0.0001, ""max_epochs"": 120, ""mirrams_confidence"": 0.95, ""mirrams_lambda_1"": 15.0, ""mirrams_lambda_2"": 15.0, ""mirrams_mask_rate"": 0.3, ""n_heads"": 4, ""n_layers"": 2, ""patience_evaluations"": 8, ""validation_mask_replicates"": 2, ""weight_decay"": 0.001}",5062,mcar_30,2,303.0,0.45874587458745875,0.8611598526057203,0.861012081607352,0.4615488038269068,0.46681628187332896,0.15093575755996558,0.15317210387819516,0.768976897689769,0.7646516932795226,0.7388059701492538,0.7674418604651163,0.7122302158273381,0.7482014388489209,0.002617162341642767,1.0502289798439388,0.09406026860249662
switzerland,cleveland,mirrams_equation9,mirrams,0,"{""d_model"": 64, ""dropout"": 0.1, ""evaluation_interval"": 5, ""learning_rate"": 0.0001, ""max_epochs"": 120, ""mirrams_confidence"": 0.95, ""mirrams_lambda_1"": 15.0, ""mirrams_lambda_2"": 15.0, ""mirrams_mask_rate"": 0.3, ""n_heads"": 4, ""n_layers"": 2, ""patience_evaluations"": 8, ""validation_mask_replicates"": 2, ""weight_decay"": 0.001}",5062,mcar_30,3,303.0,0.45874587458745875,0.8358483944551676,0.8141702185606096,0.5028555297237197,0.5057995950461851,0.16454624734933435,0.165629528751393,0.759075907590759,0.7571503772591683,0.7364620938628159,0.7391304347826086,0.7338129496402878,0.7266187050359713,-0.08251706843126418,0.8791483902953647,0.1390243854697053
switzerland,cleveland,mirrams_equation9,mirrams,0,"{""d_model"": 64, ""dropout"": 0.1, ""evaluation_interval"": 5, ""learning_rate"": 0.0001, ""max_epochs"": 120, ""mirrams_confidence"": 0.95, ""mirrams_lambda_1"": 15.0, ""mirrams_lambda_2"": 15.0, ""mirrams_mask_rate"": 0.3, ""n_heads"": 4, ""n_layers"": 2, ""patience_evaluations"": 8, ""validation_mask_replicates"": 2, ""weight_decay"": 0.001}",5062,mcar_30,4,303.0,0.45874587458745875,0.8414195472889981,0.8496332137896757,0.48652775779479335,0.49227730667780406,0.15784124179916237,0.1599149170733146,0.7887788778877888,0.7856860852781189,0.7647058823529411,0.7819548872180451,0.7482014388489209,0.7553956834532374,-0.048259842047477526,0.9537505895448285,0.1245433322156978
switzerland,cleveland,mirrams_equation9,mirrams,0,"{""d_model"": 64, ""dropout"": 0.1, ""evaluation_interval"": 5, ""learning_rate"": 0.0001, ""max_epochs"": 120, ""mirrams_confidence"": 0.95, ""mirrams_lambda_1"": 15.0, ""mirrams_lambda_2"": 15.0, ""mirrams_mask_rate"": 0.3, ""n_heads"": 4, ""n_layers"": 2, ""patience_evaluations"": 8, ""validation_mask_replicates"": 2, ""weight_decay"": 0.001}",5062,mcar_50,0,303.0,0.45874587458745875,0.7764958764695561,0.7660616726877494,0.5828301208226329,0.582033988718051,0.19842376449054672,0.1978519647021207,0.7029702970297029,0.7058694507808387,0.6959459459459459,0.6560509554140127,0.7410071942446043,0.6330935251798561,-0.21602411311882658,0.7547261770101619,0.18351528401910605
switzerland,cleveland,mirrams_equation9,mirrams,0,"{""d_model"": 64, ""dropout"": 0.1, ""evaluation_interval"": 5, ""learning_rate"": 0.0001, ""max_epochs"": 120, ""mirrams_confidence"": 0.95, ""mirrams_lambda_1"": 15.0, ""mirrams_lambda_2"": 15.0, ""mirrams_mask_rate"": 0.3, ""n_heads"": 4, ""n_layers"": 2, ""patience_evaluations"": 8, ""validation_mask_replicates"": 2, ""weight_decay"": 0.001}",5062,mcar_50,1,303.0,0.45874587458745875,0.8204070889629759,0.8061986797071098,0.5262730212120591,0.5254969530101105,0.17744903184148283,0.17695424709587304,0.7524752475247525,0.7554395507983857,0.7457627118644068,0.7051282051282052,0.7913669064748201,0.697841726618705,-0.2002952785164926,0.9352126977747368,0.13407069597741664
switzerland,cleveland,mirrams_equation9,mirrams,0,"{""d_model"": 64, ""dropout"": 0.1, ""evaluation_interval"": 5, ""learning_rate"": 0.0001, ""max_epochs"": 120, ""mirrams_confidence"": 0.95, ""mirrams_lambda_1"": 15.0, ""mirrams_lambda_2"": 15.0, ""mirrams_mask_rate"": 0.3, ""n_heads"": 4, ""n_layers"": 2, ""patience_evaluations"": 8, ""validation_mask_replicates"": 2, ""weight_decay"": 0.001}",5062,mcar_50,2,303.0,0.45874587458745875,0.811063344446394,0.8065651484951061,0.536169291063849,0.5368944591252766,0.1783984158163491,0.1784411650407921,0.7326732673267327,0.733856816985436,0.7197231833910035,0.6933333333333334,0.7482014388489209,0.6906474820143885,-0.1928254101408218,0.8840376302327944,0.1671766514449302
switzerland,cleveland,mirrams_equation9,mirrams,0,"{""d_model"": 64, ""dropout"": 0.1, ""evaluation_interval"": 5, ""learning_rate"": 0.0001, ""max_epochs"": 120, ""mirrams_confidence"": 0.95, ""mirrams_lambda_1"": 15.0, ""mirrams_lambda_2"": 15.0, ""mirrams_mask_rate"": 0.3, ""n_heads"": 4, ""n_layers"": 2, ""patience_evaluations"": 8, ""validation_mask_replicates"": 2, ""weight_decay"": 0.001}",5062,mcar_50,3,303.0,0.45874587458745875,0.7743463765572908,0.7822581426701085,0.5804818151980135,0.5820367525222361,0.199096141478906,0.19961793767790595,0.6831683168316832,0.6820933497104755,0.6595744680851063,0.6503496503496503,0.6690647482014388,0.5899280575539568,-0.16750810314205664,0.7538058768914133,0.18035628278990323
switzerland,cleveland,mirrams_equation9,mirrams,0,"{""d_model"": 64, ""dropout"": 0.1, ""evaluation_interval"": 5, ""learning_rate"": 0.0001, ""max_epochs"": 120, ""mirrams_confidence"": 0.95, ""mirrams_lambda_1"": 15.0, ""mirrams_lambda_2"": 15.0, ""mirrams_mask_rate"": 0.3, ""n_heads"": 4, ""n_layers"": 2, ""patience_evaluations"": 8, ""validation_mask_replicates"": 2, ""weight_decay"": 0.001}",5062,mcar_50,4,303.0,0.45874587458745875,0.7749166520442182,0.770015247238971,0.5791996290714281,0.5829175547110006,0.1972540052476536,0.19849053355516422,0.6963696369636964,0.6948368134760484,0.6714285714285714,0.6666666666666666,0.6762589928057554,0.5683453237410072,-0.10461109503836107,0.7449046311162635,0.1834346416733476
switzerland,cleveland,mirrams_equation9,mirrams,0,"{""d_model"": 64, ""dropout"": 0.1, ""evaluation_interval"": 5, ""learning_rate"": 0.0001, ""max_epochs"": 120, ""mirrams_confidence"": 0.95, ""mirrams_lambda_1"": 15.0, ""mirrams_lambda_2"": 15.0, ""mirrams_mask_rate"": 0.3, ""n_heads"": 4, ""n_layers"": 2, ""patience_evaluations"": 8, ""validation_mask_replicates"": 2, ""weight_decay"": 0.001}",5062,natural,0,303.0,0.45874587458745875,0.8701965257062643,0.8770973040494566,0.451291494369221,0.45968742900016146,0.14582250090688947,0.1489160112335282,0.7920792079207921,0.7887348657659239,0.7675276752767528,0.7878787878787878,0.7482014388489209,0.7697841726618705,0.08616934670698423,0.9407633991712224,0.09228367922473213
switzerland,cleveland,mirrams_equation9,mirrams,0,"{""d_model"": 64, ""dropout"": 0.1, ""evaluation_interval"": 5, ""learning_rate"": 0.0001, ""max_epochs"": 120, ""mirrams_confidence"": 0.95, ""mirrams_lambda_1"": 15.0, ""mirrams_lambda_2"": 15.0, ""mirrams_mask_rate"": 0.3, ""n_heads"": 4, ""n_layers"": 2, ""patience_evaluations"": 8, ""validation_mask_replicates"": 2, ""weight_decay"": 0.001}",5063,drop_advanced,0,303.0,0.45874587458745875,0.8508510264958763,0.8575086330708613,0.4840779525037064,0.4991231146368341,0.15606726382489053,0.16152017232850663,0.7953795379537953,0.7868485699245482,0.753968253968254,0.8407079646017699,0.6834532374100719,0.7338129496402878,0.290361780458458,0.8784171806083259,0.11877975038919758
switzerland,cleveland,mirrams_equation9,mirrams,0,"{""d_model"": 64, ""dropout"": 0.1, ""evaluation_interval"": 5, ""learning_rate"": 0.0001, ""max_epochs"": 120, ""mirrams_confidence"": 0.95, ""mirrams_lambda_1"": 15.0, ""mirrams_lambda_2"": 15.0, ""mirrams_mask_rate"": 0.3, ""n_heads"": 4, ""n_layers"": 2, ""patience_evaluations"": 8, ""validation_mask_replicates"": 2, ""weight_decay"": 0.001}",5063,drop_exercise,0,303.0,0.45874587458745875,0.7037199508685734,0.621405211219898,0.6337421276190885,0.6308686661833238,0.22073774110481853,0.21928216850282795,0.6468646864686468,0.6534918406738024,0.6559485530546624,0.5930232558139535,0.7338129496402878,0.49640287769784175,-0.23470625024037997,0.9541566228831341,0.2830829038484648
switzerland,cleveland,mirrams_equation9,mirrams,0,"{""d_model"": 64, ""dropout"": 0.1, ""evaluation_interval"": 5, ""learning_rate"": 0.0001, ""max_epochs"": 120, ""mirrams_confidence"": 0.95, ""mirrams_lambda_1"": 15.0, ""mirrams_lambda_2"": 15.0, ""mirrams_mask_rate"": 0.3, ""n_heads"": 4, ""n_layers"": 2, ""patience_evaluations"": 8, ""validation_mask_replicates"": 2, ""weight_decay"": 0.001}",5063,drop_routine,0,303.0,0.45874587458745875,0.8282593437445166,0.8202731957537337,0.5700785796261448,0.5521480344931446,0.19225802033708206,0.18547073324210778,0.7161716171617162,0.7257413581330058,0.73125,0.6464088397790055,0.841726618705036,0.6906474820143885,-0.8117746154875825,0.9457648590237403,0.17201665899035642
switzerland,cleveland,mirrams_equation9,mirrams,0,"{""d_model"": 64, ""dropout"": 0.1, ""evaluation_interval"": 5, ""learning_rate"": 0.0001, ""max_epochs"": 120, ""mirrams_confidence"": 0.95, ""mirrams_lambda_1"": 15.0, ""mirrams_lambda_2"": 15.0, ""mirrams_mask_rate"": 0.3, ""n_heads"": 4, ""n_layers"": 2, ""patience_evaluations"": 8, ""validation_mask_replicates"": 2, ""weight_decay"": 0.001}",5063,empirical_source,0,303.0,0.45874587458745875,0.8343130373749781,0.8464598712105393,0.5145098922658101,0.5348016878426662,0.1633861500156785,0.17056937914031306,0.7887788778877888,0.7780092998771715,0.7377049180327869,0.8571428571428571,0.6474820143884892,0.7410071942446043,0.4081221682878359,0.8419643370269828,0.14643371908291408
switzerland,cleveland,mirrams_equation9,mirrams,0,"{""d_model"": 64, ""dropout"": 0.1, ""evaluation_interval"": 5, ""learning_rate"": 0.0001, ""max_epochs"": 120, ""mirrams_confidence"": 0.95, ""mirrams_lambda_1"": 15.0, ""mirrams_lambda_2"": 15.0, ""mirrams_mask_rate"": 0.3, ""n_heads"": 4, ""n_layers"": 2, ""patience_evaluations"": 8, ""validation_mask_replicates"": 2, ""weight_decay"": 0.001}",5063,empirical_source,1,303.0,0.45874587458745875,0.8268117213546236,0.8315398008029461,0.5236062420096387,0.5429196461353988,0.16700136216216363,0.17374111228234543,0.7755775577557755,0.7669108615546587,0.7301587301587301,0.8141592920353983,0.6618705035971223,0.7338129496402878,0.34977692331562177,0.8145572117837974,0.1603764372641579
switzerland,cleveland,mirrams_equation9,mirrams,0,"{""d_model"": 64, ""dropout"": 0.1, ""evaluation_interval"": 5, ""learning_rate"": 0.0001, ""max_epochs"": 120, ""mirrams_confidence"": 0.95, ""mirrams_lambda_1"": 15.0, ""mirrams_lambda_2"": 15.0, ""mirrams_mask_rate"": 0.3, ""n_heads"": 4, ""n_layers"": 2, ""patience_evaluations"": 8, ""validation_mask_replicates"": 2, ""weight_decay"": 0.001}",5063,empirical_source,2,303.0,0.45874587458745875,0.8409808738375153,0.8361232506016152,0.5068060210512737,0.5237775036049576,0.16415661349315733,0.1701211656820209,0.7722772277227723,0.7644104228812072,0.7294117647058823,0.8017241379310345,0.6690647482014388,0.7050359712230215,0.36243489066335605,0.8672454618690634,0.1389565300140044
switzerland,cleveland,mirrams_equation9,mirrams,0,"{""d_model"": 64, ""dropout"": 0.1, ""evaluation_interval"": 5, ""learning_rate"": 0.0001, ""max_epochs"": 120, ""mirrams_confidence"": 0.95, ""mirrams_lambda_1"": 15.0, ""mirrams_lambda_2"": 15.0, ""mirrams_mask_rate"": 0.3, ""n_heads"": 4, ""n_layers"": 2, ""patience_evaluations"": 8, ""validation_mask_replicates"": 2, ""weight_decay"": 0.001}",5063,empirical_source,3,303.0,0.45874587458745875,0.8340937006492366,0.8364126102502693,0.5176152708947572,0.5381237158112799,0.1662432469135286,0.17363008331403817,0.7887788778877888,0.777460958062818,0.7355371900826446,0.8640776699029126,0.6402877697841727,0.7122302158273381,0.4428778991007228,0.8634112912815578,0.14912916587834874
switzerland,cleveland,mirrams_equation9,mirrams,0,"{""d_model"": 64, ""dropout"": 0.1, ""evaluation_interval"": 5, ""learning_rate"": 0.0001, ""max_epochs"": 120, ""mirrams_confidence"": 0.95, ""mirrams_lambda_1"": 15.0, ""mirrams_lambda_2"": 15.0, ""mirrams_mask_rate"": 0.3, ""n_heads"": 4, ""n_layers"": 2, ""patience_evaluations"": 8, ""validation_mask_replicates"": 2, ""weight_decay"": 0.001}",5063,empirical_source,4,303.0,0.45874587458745875,0.8372960168450605,0.8457666236027858,0.5087056155403602,0.5276733951169402,0.1633434428384148,0.17010277433343138,0.7788778877887789,0.7688629584137567,0.728744939271255,0.8333333333333334,0.6474820143884892,0.7122302158273381,0.38456508770307746,0.8565729477646556,0.13810738949984674
switzerland,cleveland,mirrams_equation9,mirrams,0,"{""d_model"": 64, ""dropout"": 0.1, ""evaluation_interval"": 5, ""learning_rate"": 0.0001, ""max_epochs"": 120, ""mirrams_confidence"": 0.95, ""mirrams_lambda_1"": 15.0, ""mirrams_lambda_2"": 15.0, ""mirrams_mask_rate"": 0.3, ""n_heads"": 4, ""n_layers"": 2, ""patience_evaluations"": 8, ""validation_mask_replicates"": 2, ""weight_decay"": 0.001}",5063,mar_age_sex_30,0,303.0,0.45874587458745875,0.8015879978943674,0.7829665507035414,0.558173877319493,0.5576596505688782,0.18495492154216334,0.18424499768568886,0.735973597359736,0.738550622916301,0.7278911564625851,0.6903225806451613,0.7697841726618705,0.6834532374100719,-0.22346277582078536,0.7858922635143851,0.18052995053729806
switzerland,cleveland,mirrams_equation9,mirrams,0,"{""d_model"": 64, ""dropout"": 0.1, ""evaluation_interval"": 5, ""learning_rate"": 0.0001, ""max_epochs"": 120, ""mirrams_confidence"": 0.95, ""mirrams_lambda_1"": 15.0, ""mirrams_lambda_2"": 15.0, ""mirrams_mask_rate"": 0.3, ""n_heads"": 4, ""n_layers"": 2, ""patience_evaluations"": 8, ""validation_mask_replicates"": 2, ""weight_decay"": 0.001}",5063,mar_age_sex_30,1,303.0,0.45874587458745875,0.8193981400245658,0.7927359965946388,0.5266804569807712,0.5261251118103932,0.1754805647988219,0.17501819108411518,0.7425742574257426,0.743551500263204,0.7291666666666666,0.7046979865771812,0.7553956834532374,0.697841726618705,-0.20120393616381788,0.8969914192073256,0.15009585381311719
switzerland,cleveland,mirrams_equation9,mirrams,0,"{""d_model"": 64, ""dropout"": 0.1, ""evaluation_interval"": 5, ""learning_rate"": 0.0001, ""max_epochs"": 120, ""mirrams_confidence"": 0.95, ""mirrams_lambda_1"": 15.0, ""mirrams_lambda_2"": 15.0, ""mirrams_mask_rate"": 0.3, ""n_heads"": 4, ""n_layers"": 2, ""patience_evaluations"": 8, ""validation_mask_replicates"": 2, ""weight_decay"": 0.001}",5063,mar_age_sex_30,2,303.0,0.45874587458745875,0.8193981400245658,0.8171977713620504,0.525480733145402,0.5251133633522597,0.17557665070929754,0.1752288233251126,0.7458745874587459,0.7466002807510089,0.7317073170731707,0.7094594594594594,0.7553956834532374,0.6906474820143885,-0.22296985150025941,0.9177854022534582,0.14331965746625241
switzerland,cleveland,mirrams_equation9,mirrams,0,"{""d_model"": 64, ""dropout"": 0.1, ""evaluation_interval"": 5, ""learning_rate"": 0.0001, ""max_epochs"": 120, ""mirrams_confidence"": 0.95, ""mirrams_lambda_1"": 15.0, ""mirrams_lambda_2"": 15.0, ""mirrams_mask_rate"": 0.3, ""n_heads"": 4, ""n_layers"": 2, ""patience_evaluations"": 8, ""validation_mask_replicates"": 2, ""weight_decay"": 0.001}",5063,mar_age_sex_30,3,303.0,0.45874587458745875,0.7969380593086506,0.7830003738201929,0.5591865593369747,0.5577330701505466,0.18940012523099778,0.18842733480275864,0.7062706270627063,0.7100149148973505,0.7023411371237458,0.65625,0.7553956834532374,0.6187050359712231,-0.22406639671338535,0.8010616467962568,0.16846152548407767
switzerland,cleveland,mirrams_equation9,mirrams,0,"{""d_model"": 64, ""dropout"": 0.1, ""evaluation_interval"": 5, ""learning_rate"": 0.0001, ""max_epochs"": 120, ""mirrams_confidence"": 0.95, ""mirrams_lambda_1"": 15.0, ""mirrams_lambda_2"": 15.0, ""mirrams_mask_rate"": 0.3, ""n_heads"": 4, ""n_layers"": 2, ""patience_evaluations"": 8, ""validation_mask_replicates"": 2, ""weight_decay"": 0.001}",5063,mar_age_sex_30,4,303.0,0.45874587458745875,0.8119845586945078,0.7983205856057917,0.5398679111946257,0.5382255974182784,0.18187356681428712,0.18098090975146736,0.7260726072607261,0.7283075978241796,0.7167235494880546,0.6818181818181818,0.7553956834532374,0.6690647482014388,-0.23296163500601486,0.8375605553862424,0.1504088569159416
switzerland,cleveland,mirrams_equation9,mirrams,0,"{""d_model"": 64, ""dropout"": 0.1, ""evaluation_interval"": 5, ""learning_rate"": 0.0001, ""max_epochs"": 120, ""mirrams_confidence"": 0.95, ""mirrams_lambda_1"": 15.0, ""mirrams_lambda_2"": 15.0, ""mirrams_mask_rate"": 0.3, ""n_heads"": 4, ""n_layers"": 2, ""patience_evaluations"": 8, ""validation_mask_replicates"": 2, ""weight_decay"": 0.001}",5063,mcar_10,0,303.0,0.45874587458745875,0.8168977013511143,0.7984279517681342,0.5268697310219026,0.5280273758807245,0.17429349223012808,0.17452136325359982,0.759075907590759,0.7604404281452887,0.7474048442906575,0.72,0.7769784172661871,0.697841726618705,-0.16545324583740023,0.8597418740120896,0.15105936457540772
switzerland,cleveland,mirrams_equation9,mirrams,0,"{""d_model"": 64, ""dropout"": 0.1, ""evaluation_interval"": 5, ""learning_rate"": 0.0001, ""max_epochs"": 120, ""mirrams_confidence"": 0.95, ""mirrams_lambda_1"": 15.0, ""mirrams_lambda_2"": 15.0, ""mirrams_mask_rate"": 0.3, ""n_heads"": 4, ""n_layers"": 2, ""patience_evaluations"": 8, ""validation_mask_replicates"": 2, ""weight_decay"": 0.001}",5063,mcar_10,1,303.0,0.45874587458745875,0.7931654676258992,0.8004481781903227,0.5653966938312497,0.5669060158604986,0.1901698814116783,0.19041816315589863,0.7095709570957096,0.7092253026846815,0.6901408450704225,0.6758620689655173,0.7050359712230215,0.6834532374100719,-0.19657731001951936,0.7509951748689094,0.1823870918852915
switzerland,cleveland,mirrams_equation9,mirrams,0,"{""d_model"": 64, ""dropout"": 0.1, ""evaluation_interval"": 5, ""learning_rate"": 0.0001, ""max_epochs"": 120, ""mirrams_confidence"": 0.95, ""mirrams_lambda_1"": 15.0, ""mirrams_lambda_2"": 15.0, ""mirrams_mask_rate"": 0.3, ""n_heads"": 4, ""n_layers"": 2, ""patience_evaluations"": 8, ""validation_mask_replicates"": 2, ""weight_decay"": 0.001}",5063,mcar_10,2,303.0,0.45874587458745875,0.801061589752588,0.8050043841923373,0.5551417533524635,0.5548326687097538,0.18788378248149043,0.18751856442617176,0.7095709570957096,0.711418669942095,0.6986301369863014,0.6666666666666666,0.7338129496402878,0.6618705035971223,-0.21623206808845452,0.7885522034351699,0.159514004677084
switzerland,cleveland,mirrams_equation9,mirrams,0,"{""d_model"": 64, ""dropout"": 0.1, ""evaluation_interval"": 5, ""learning_rate"": 0.0001, ""max_epochs"": 120, ""mirrams_confidence"": 0.95, ""mirrams_lambda_1"": 15.0, ""mirrams_lambda_2"": 15.0, ""mirrams_mask_rate"": 0.3, ""n_heads"": 4, ""n_layers"": 2, ""patience_evaluations"": 8, ""validation_mask_replicates"": 2, ""weight_decay"": 0.001}",5063,mcar_10,3,303.0,0.45874587458745875,0.8229513949815757,0.8246516675629444,0.5208521849693396,0.5205093515171634,0.17379675867707947,0.17361858235555871,0.7491749174917491,0.7480040357957536,0.7285714285714285,0.723404255319149,0.7338129496402878,0.697841726618705,-0.220087031674676,0.8978753211167367,0.13797933182293717
switzerland,cleveland,mirrams_equation9,mirrams,0,"{""d_model"": 64, ""dropout"": 0.1, ""evaluation_interval"": 5, ""learning_rate"": 0.0001, ""max_epochs"": 120, ""mirrams_confidence"": 0.95, ""mirrams_lambda_1"": 15.0, ""mirrams_lambda_2"": 15.0, ""mirrams_mask_rate"": 0.3, ""n_heads"": 4, ""n_layers"": 2, ""patience_evaluations"": 8, ""validation_mask_replicates"": 2, ""weight_decay"": 0.001}",5063,mcar_10,4,303.0,0.45874587458745875,0.819442007369714,0.8151157630027479,0.5300150097476091,0.5297523954571027,0.17830593644708367,0.1780725457438554,0.7260726072607261,0.7277592560098263,0.7147766323024055,0.6842105263157895,0.7482014388489209,0.6834532374100719,-0.19536580682153723,0.8326608269070923,0.13814697977842674
switzerland,cleveland,mirrams_equation9,mirrams,0,"{""d_model"": 64, ""dropout"": 0.1, ""evaluation_interval"": 5, ""learning_rate"": 0.0001, ""max_epochs"": 120, ""mirrams_confidence"": 0.95, ""mirrams_lambda_1"": 15.0, ""mirrams_lambda_2"": 15.0, ""mirrams_mask_rate"": 0.3, ""n_heads"": 4, ""n_layers"": 2, ""patience_evaluations"": 8, ""validation_mask_replicates"": 2, ""weight_decay"": 0.001}",5063,mcar_30,0,303.0,0.45874587458745875,0.7913230391296717,0.7722803703279632,0.5732608089111453,0.5663295058133481,0.19507928534679314,0.19218548074678588,0.7062706270627063,0.7133049657834708,0.7138263665594855,0.6453488372093024,0.7985611510791367,0.6330935251798561,-0.37468345819608645,0.8142136761876839,0.17382228730450608
switzerland,cleveland,mirrams_equation9,mirrams,0,"{""d_model"": 64, ""dropout"": 0.1, ""evaluation_interval"": 5, ""learning_rate"": 0.0001, ""max_epochs"": 120, ""mirrams_confidence"": 0.95, ""mirrams_lambda_1"": 15.0, ""mirrams_lambda_2"": 15.0, ""mirrams_mask_rate"": 0.3, ""n_heads"": 4, ""n_layers"": 2, ""patience_evaluations"": 8, ""validation_mask_replicates"": 2, ""weight_decay"": 0.001}",5063,mcar_30,1,303.0,0.45874587458745875,0.786497631163362,0.7817309842295111,0.5884947827704552,0.5807413605147519,0.19954097555182604,0.19595893144935006,0.693069306930693,0.7005615020178979,0.7028753993610224,0.632183908045977,0.7913669064748201,0.6330935251798561,-0.4042865381663815,0.7951455323413096,0.2005683669290271
switzerland,cleveland,mirrams_equation9,mirrams,0,"{""d_model"": 64, ""dropout"": 0.1, ""evaluation_interval"": 5, ""learning_rate"": 0.0001, ""max_epochs"": 120, ""mirrams_confidence"": 0.95, ""mirrams_lambda_1"": 15.0, ""mirrams_lambda_2"": 15.0, ""mirrams_mask_rate"": 0.3, ""n_heads"": 4, ""n_layers"": 2, ""patience_evaluations"": 8, ""validation_mask_replicates"": 2, ""weight_decay"": 0.001}",5063,mcar_30,2,303.0,0.45874587458745875,0.7906211616072996,0.7683153501130157,0.5659408661726407,0.5606204568776099,0.19248477679400797,0.19007789110732243,0.7227722772277227,0.7280005264081417,0.7236842105263158,0.6666666666666666,0.7913669064748201,0.60431654676259,-0.31142651883917616,0.8298285908863876,0.16875784783357647
switzerland,cleveland,mirrams_equation9,mirrams,0,"{""d_model"": 64, ""dropout"": 0.1, ""evaluation_interval"": 5, ""learning_rate"": 0.0001, ""max_epochs"": 120, ""mirrams_confidence"": 0.95, ""mirrams_lambda_1"": 15.0, ""mirrams_lambda_2"": 15.0, ""mirrams_mask_rate"": 0.3, ""n_heads"": 4, ""n_layers"": 2, ""patience_evaluations"": 8, ""validation_mask_replicates"": 2, ""weight_decay"": 0.001}",5063,mcar_30,3,303.0,0.45874587458745875,0.7680733462010879,0.7583324441025776,0.5984196513373757,0.5939331800171288,0.20432138351489476,0.20231658081127335,0.6864686468646864,0.690077206527461,0.6822742474916388,0.6375,0.7338129496402878,0.6115107913669064,-0.29977930028443295,0.7354134707449383,0.2040751358201347
switzerland,cleveland,mirrams_equation9,mirrams,0,"{""d_model"": 64, ""dropout"": 0.1, ""evaluation_interval"": 5, ""learning_rate"": 0.0001, ""max_epochs"": 120, ""mirrams_confidence"": 0.95, ""mirrams_lambda_1"": 15.0, ""mirrams_lambda_2"": 15.0, ""mirrams_mask_rate"": 0.3, ""n_heads"": 4, ""n_layers"": 2, ""patience_evaluations"": 8, ""validation_mask_replicates"": 2, ""weight_decay"": 0.001}",5063,mcar_30,4,303.0,0.45874587458745875,0.7778557641691525,0.7554062289481283,0.5846710535364471,0.5778790646480886,0.2002793363533484,0.19741615698999998,0.7029702970297029,0.7086111598526057,0.7058823529411765,0.6467065868263473,0.7769784172661871,0.5899280575539568,-0.3626838071434528,0.8120689178114443,0.1917808161397408
switzerland,cleveland,mirrams_equation9,mirrams,0,"{""d_model"": 64, ""dropout"": 0.1, ""evaluation_interval"": 5, ""learning_rate"": 0.0001, ""max_epochs"": 120, ""mirrams_confidence"": 0.95, ""mirrams_lambda_1"": 15.0, ""mirrams_lambda_2"": 15.0, ""mirrams_mask_rate"": 0.3, ""n_heads"": 4, ""n_layers"": 2, ""patience_evaluations"": 8, ""validation_mask_replicates"": 2, ""weight_decay"": 0.001}",5063,mcar_50,0,303.0,0.45874587458745875,0.7602210914195473,0.7620793924328507,0.6217342241617091,0.6082251845404063,0.21844764605076564,0.21254913279032064,0.66996699669967,0.6819617476750307,0.696969696969697,0.6020942408376964,0.8273381294964028,0.5611510791366906,-0.5217183649644612,0.8006733666727157,0.20446737959223626
switzerland,cleveland,mirrams_equation9,mirrams,0,"{""d_model"": 64, ""dropout"": 0.1, ""evaluation_interval"": 5, ""learning_rate"": 0.0001, ""max_epochs"": 120, ""mirrams_confidence"": 0.95, ""mirrams_lambda_1"": 15.0, ""mirrams_lambda_2"": 15.0, ""mirrams_mask_rate"": 0.3, ""n_heads"": 4, ""n_layers"": 2, ""patience_evaluations"": 8, ""validation_mask_replicates"": 2, ""weight_decay"": 0.001}",5063,mcar_50,1,303.0,0.45874587458745875,0.7342954904369188,0.7159713974752073,0.6428260217351818,0.6335513110112438,0.22159240496492955,0.21757310804322122,0.66996699669967,0.6775750131602035,0.6815286624203821,0.6114285714285714,0.7697841726618705,0.5539568345323741,-0.3851563300182367,0.6856549418796343,0.2525353480190426
switzerland,cleveland,mirrams_equation9,mirrams,0,"{""d_model"": 64, ""dropout"": 0.1, ""evaluation_interval"": 5, ""learning_rate"": 0.0001, ""max_epochs"": 120, ""mirrams_confidence"": 0.95, ""mirrams_lambda_1"": 15.0, ""mirrams_lambda_2"": 15.0, ""mirrams_mask_rate"": 0.3, ""n_heads"": 4, ""n_layers"": 2, ""patience_evaluations"": 8, ""validation_mask_replicates"": 2, ""weight_decay"": 0.001}",5063,mcar_50,2,303.0,0.45874587458745875,0.7562730303562027,0.7349664240117822,0.6223514370653423,0.6114900013439349,0.2155250312540634,0.21085915692612317,0.6402640264026402,0.6506843305843131,0.6646153846153846,0.5806451612903226,0.7769784172661871,0.5971223021582733,-0.4368636856400365,0.7587736685617669,0.22450756436663233
switzerland,cleveland,mirrams_equation9,mirrams,0,"{""d_model"": 64, ""dropout"": 0.1, ""evaluation_interval"": 5, ""learning_rate"": 0.0001, ""max_epochs"": 120, ""mirrams_confidence"": 0.95, ""mirrams_lambda_1"": 15.0, ""mirrams_lambda_2"": 15.0, ""mirrams_mask_rate"": 0.3, ""n_heads"": 4, ""n_layers"": 2, ""patience_evaluations"": 8, ""validation_mask_replicates"": 2, ""weight_decay"": 0.001}",5063,mcar_50,3,303.0,0.45874587458745875,0.7494735918582206,0.7187530478309319,0.6236100504392937,0.6128822066800026,0.21535170631669512,0.21073826576441623,0.6633663366336634,0.6720257939989471,0.6792452830188679,0.6033519553072626,0.7769784172661871,0.5899280575539568,-0.4251681166383694,0.770656583535228,0.23222844872700715
switzerland,cleveland,mirrams_equation9,mirrams,0,"{""d_model"": 64, ""dropout"": 0.1, ""evaluation_interval"": 5, ""learning_rate"": 0.0001, ""max_epochs"": 120, ""mirrams_confidence"": 0.95, ""mirrams_lambda_1"": 15.0, ""mirrams_lambda_2"": 15.0, ""mirrams_mask_rate"": 0.3, ""n_heads"": 4, ""n_layers"": 2, ""patience_evaluations"": 8, ""validation_mask_replicates"": 2, ""weight_decay"": 0.001}",5063,mcar_50,4,303.0,0.45874587458745875,0.7570626425688717,0.7463656826172453,0.620658616861241,0.6106983220899707,0.21547417480328174,0.21113635980927978,0.6567656765676567,0.6659282330233375,0.675,0.5966850828729282,0.7769784172661871,0.5827338129496403,-0.4428665721239097,0.7808677465042233,0.22893549529138454
switzerland,cleveland,mirrams_equation9,mirrams,0,"{""d_model"": 64, ""dropout"": 0.1, ""evaluation_interval"": 5, ""learning_rate"": 0.0001, ""max_epochs"": 120, ""mirrams_confidence"": 0.95, ""mirrams_lambda_1"": 15.0, ""mirrams_lambda_2"": 15.0, ""mirrams_mask_rate"": 0.3, ""n_heads"": 4, ""n_layers"": 2, ""patience_evaluations"": 8, ""validation_mask_replicates"": 2, ""weight_decay"": 0.001}",5063,natural,0,303.0,0.45874587458745875,0.8248376908229514,0.829225303537605,0.5238115268857503,0.5265173755605359,0.17516255460571853,0.17597493212907744,0.7260726072607261,0.726114230566766,0.7087719298245614,0.6917808219178082,0.7266187050359713,0.697841726618705,-0.13254594971767528,0.8196734965149209,0.1313018215864038
switzerland,cleveland,mirrams_equation9,mirrams,0,"{""d_model"": 64, ""dropout"": 0.1, ""evaluation_interval"": 5, ""learning_rate"": 0.0001, ""max_epochs"": 120, ""mirrams_confidence"": 0.95, ""mirrams_lambda_1"": 15.0, ""mirrams_lambda_2"": 15.0, ""mirrams_mask_rate"": 0.3, ""n_heads"": 4, ""n_layers"": 2, ""patience_evaluations"": 8, ""validation_mask_replicates"": 2, ""weight_decay"": 0.001}",5064,drop_advanced,0,303.0,0.45874587458745875,0.8527373223372521,0.8502143572898003,0.5011338477470759,0.49603057058228295,0.16629573729567956,0.16445827247497613,0.7491749174917491,0.7518424284962274,0.7414965986394558,0.7032258064516129,0.7841726618705036,0.7410071942446043,-0.3863700439907559,0.8994671606530433,0.11338092504806371
switzerland,cleveland,mirrams_equation9,mirrams,0,"{""d_model"": 64, ""dropout"": 0.1, ""evaluation_interval"": 5, ""learning_rate"": 0.0001, ""max_epochs"": 120, ""mirrams_confidence"": 0.95, ""mirrams_lambda_1"": 15.0, ""mirrams_lambda_2"": 15.0, ""mirrams_mask_rate"": 0.3, ""n_heads"": 4, ""n_layers"": 2, ""patience_evaluations"": 8, ""validation_mask_replicates"": 2, ""weight_decay"": 0.001}",5064,drop_exercise,0,303.0,0.45874587458745875,0.8091770486050184,0.7649822096661216,0.5446804221404872,0.5417556738521323,0.18275621392422517,0.18130553530975443,0.7095709570957096,0.712515353570802,0.7027027027027027,0.6624203821656051,0.7482014388489209,0.6690647482014388,-0.28281555521099605,1.2725018219278594,0.15288792253633854
switzerland,cleveland,mirrams_equation9,mirrams,0,"{""d_model"": 64, ""dropout"": 0.1, ""evaluation_interval"": 5, ""learning_rate"": 0.0001, ""max_epochs"": 120, ""mirrams_confidence"": 0.95, ""mirrams_lambda_1"": 15.0, ""mirrams_lambda_2"": 15.0, ""mirrams_mask_rate"": 0.3, ""n_heads"": 4, ""n_layers"": 2, ""patience_evaluations"": 8, ""validation_mask_replicates"": 2, ""weight_decay"": 0.001}",5064,drop_routine,0,303.0,0.45874587458745875,0.8623004035795753,0.8606357382204133,0.46607383332087504,0.4654108804135537,0.1502191967702609,0.15021152273390817,0.7821782178217822,0.7806852079312161,0.762589928057554,0.762589928057554,0.762589928057554,0.762589928057554,-0.24514051447347204,1.1498914402933174,0.10286053882615304
switzerland,cleveland,mirrams_equation9,mirrams,0,"{""d_model"": 64, ""dropout"": 0.1, ""evaluation_interval"": 5, ""learning_rate"": 0.0001, ""max_epochs"": 120, ""mirrams_confidence"": 0.95, ""mirrams_lambda_1"": 15.0, ""mirrams_lambda_2"": 15.0, ""mirrams_mask_rate"": 0.3, ""n_heads"": 4, ""n_layers"": 2, ""patience_evaluations"": 8, ""validation_mask_replicates"": 2, ""weight_decay"": 0.001}",5064,empirical_source,0,303.0,0.45874587458745875,0.844797332865415,0.8436824444675719,0.5032270737050807,0.4997667541633631,0.16729596435893007,0.1659011754769544,0.7293729372937293,0.7324530619406913,0.722972972972973,0.6815286624203821,0.7697841726618705,0.7122302158273381,-0.3275344180844956,0.9490936484782843,0.11385841221779507
switzerland,cleveland,mirrams_equation9,mirrams,0,"{""d_model"": 64, ""dropout"": 0.1, ""evaluation_interval"": 5, ""learning_rate"": 0.0001, ""max_epochs"": 120, ""mirrams_confidence"": 0.95, ""mirrams_lambda_1"": 15.0, ""mirrams_lambda_2"": 15.0, ""mirrams_mask_rate"": 0.3, ""n_heads"": 4, ""n_layers"": 2, ""patience_evaluations"": 8, ""validation_mask_replicates"": 2, ""weight_decay"": 0.001}",5064,empirical_source,1,303.0,0.45874587458745875,0.8357167924197227,0.8236027455717615,0.5156887782629942,0.5115073602094551,0.1722177895392836,0.17058319250344672,0.7260726072607261,0.72995262326724,0.7224080267558528,0.675,0.7769784172661871,0.7266187050359713,-0.3414817035033981,0.9267815068156209,0.127515961479277
switzerland,cleveland,mirrams_equation9,mirrams,0,"{""d_model"": 64, ""dropout"": 0.1, ""evaluation_interval"": 5, ""learning_rate"": 0.0001, ""max_epochs"": 120, ""mirrams_confidence"": 0.95, ""mirrams_lambda_1"": 15.0, ""mirrams_lambda_2"": 15.0, ""mirrams_mask_rate"": 0.3, ""n_heads"": 4, ""n_layers"": 2, ""patience_evaluations"": 8, ""validation_mask_replicates"": 2, ""weight_decay"": 0.001}",5064,empirical_source,2,303.0,0.45874587458745875,0.8346639761361643,0.8402400656783984,0.5117525466553398,0.5091841333114201,0.17080294649573083,0.16981643202258512,0.7425742574257426,0.7440998420775575,0.7310344827586207,0.7019867549668874,0.762589928057554,0.7050359712230215,-0.3182767332764752,0.9358777691036954,0.12183067568501396
switzerland,cleveland,mirrams_equation9,mirrams,0,"{""d_model"": 64, ""dropout"": 0.1, ""evaluation_interval"": 5, ""learning_rate"": 0.0001, ""max_epochs"": 120, ""mirrams_confidence"": 0.95, ""mirrams_lambda_1"": 15.0, ""mirrams_lambda_2"": 15.0, ""mirrams_mask_rate"": 0.3, ""n_heads"": 4, ""n_layers"": 2, ""patience_evaluations"": 8, ""validation_mask_replicates"": 2, ""weight_decay"": 0.001}",5064,empirical_source,3,303.0,0.45874587458745875,0.842077557466222,0.8283661505101139,0.5015227541929609,0.4976807722948732,0.16627603067727237,0.16485510386517516,0.7425742574257426,0.7446481838919108,0.7328767123287672,0.6993464052287581,0.7697841726618705,0.6906474820143885,-0.3368050450725005,0.9717866337380971,0.12135733296475654
switzerland,cleveland,mirrams_equation9,mirrams,0,"{""d_model"": 64, ""dropout"": 0.1, ""evaluation_interval"": 5, ""learning_rate"": 0.0001, ""max_epochs"": 120, ""mirrams_confidence"": 0.95, ""mirrams_lambda_1"": 15.0, ""mirrams_lambda_2"": 15.0, ""mirrams_mask_rate"": 0.3, ""n_heads"": 4, ""n_layers"": 2, ""patience_evaluations"": 8, ""validation_mask_replicates"": 2, ""weight_decay"": 0.001}",5064,empirical_source,4,303.0,0.45874587458745875,0.8408931391472187,0.8373270837266752,0.512134400091315,0.5086741842499756,0.1711525106198961,0.169826026238317,0.7458745874587459,0.7476969643797158,0.7353951890034365,0.7039473684210527,0.7697841726618705,0.697841726618705,-0.3282351261206326,0.9090318016018156,0.11922384650811395
switzerland,cleveland,mirrams_equation9,mirrams,0,"{""d_model"": 64, ""dropout"": 0.1, ""evaluation_interval"": 5, ""learning_rate"": 0.0001, ""max_epochs"": 120, ""mirrams_confidence"": 0.95, ""mirrams_lambda_1"": 15.0, ""mirrams_lambda_2"": 15.0, ""mirrams_mask_rate"": 0.3, ""n_heads"": 4, ""n_layers"": 2, ""patience_evaluations"": 8, ""validation_mask_replicates"": 2, ""weight_decay"": 0.001}",5064,mar_age_sex_30,0,303.0,0.45874587458745875,0.8462010879101597,0.8331565956031675,0.49988852121416005,0.49520283855231345,0.16485184828200292,0.16292614330556332,0.7623762376237624,0.7667792595192139,0.76,0.7080745341614907,0.8201438848920863,0.7338129496402878,-0.37247946205001764,1.0514710058414694,0.12134451081386084
switzerland,cleveland,mirrams_equation9,mirrams,0,"{""d_model"": 64, ""dropout"": 0.1, ""evaluation_interval"": 5, ""learning_rate"": 0.0001, ""max_epochs"": 120, ""mirrams_confidence"": 0.95, ""mirrams_lambda_1"": 15.0, ""mirrams_lambda_2"": 15.0, ""mirrams_mask_rate"": 0.3, ""n_heads"": 4, ""n_layers"": 2, ""patience_evaluations"": 8, ""validation_mask_replicates"": 2, ""weight_decay"": 0.001}",5064,mar_age_sex_30,1,303.0,0.45874587458745875,0.8482189857869801,0.8368233868173408,0.4990203374268075,0.49476233181518425,0.1653733006724066,0.1637081092996211,0.7524752475247525,0.7554395507983857,0.7457627118644068,0.7051282051282052,0.7913669064748201,0.7410071942446043,-0.357002214607472,1.0249013451092965,0.1174713526902403
switzerland,cleveland,mirrams_equation9,mirrams,0,"{""d_model"": 64, ""dropout"": 0.1, ""evaluation_interval"": 5, ""learning_rate"": 0.0001, ""max_epochs"": 120, ""mirrams_confidence"": 0.95, ""mirrams_lambda_1"": 15.0, ""mirrams_lambda_2"": 15.0, ""mirrams_mask_rate"": 0.3, ""n_heads"": 4, ""n_layers"": 2, ""patience_evaluations"": 8, ""validation_mask_replicates"": 2, ""weight_decay"": 0.001}",5064,mar_age_sex_30,2,303.0,0.45874587458745875,0.8462010879101597,0.8247796931158123,0.49794738436895397,0.4934761294910569,0.1634272734858626,0.1617157805662905,0.768976897689769,0.7712317950517635,0.7602739726027398,0.7254901960784313,0.7985611510791367,0.7553956834532374,-0.3478218194165752,1.0462386104258523,0.12251859195857911
switzerland,cleveland,mirrams_equation9,mirrams,0,"{""d_model"": 64, ""dropout"": 0.1, ""evaluation_interval"": 5, ""learning_rate"": 0.0001, ""max_epochs"": 120, ""mirrams_confidence"": 0.95, ""mirrams_lambda_1"": 15.0, ""mirrams_lambda_2"": 15.0, ""mirrams_mask_rate"": 0.3, ""n_heads"": 4, ""n_layers"": 2, ""patience_evaluations"": 8, ""validation_mask_replicates"": 2, ""weight_decay"": 0.001}",5064,mar_age_sex_30,3,303.0,0.45874587458745875,0.8362870679066502,0.8213481757925453,0.5053934027828197,0.5027348741097387,0.16648440657363855,0.16554567858850422,0.7656765676567657,0.7665379891208984,0.7526132404181185,0.7297297297297297,0.7769784172661871,0.7050359712230215,-0.289360134564185,0.9963536243055189,0.12853268984914
switzerland,cleveland,mirrams_equation9,mirrams,0,"{""d_model"": 64, ""dropout"": 0.1, ""evaluation_interval"": 5, ""learning_rate"": 0.0001, ""max_epochs"": 120, ""mirrams_confidence"": 0.95, ""mirrams_lambda_1"": 15.0, ""mirrams_lambda_2"": 15.0, ""mirrams_mask_rate"": 0.3, ""n_heads"": 4, ""n_layers"": 2, ""patience_evaluations"": 8, ""validation_mask_replicates"": 2, ""weight_decay"": 0.001}",5064,mar_age_sex_30,4,303.0,0.45874587458745875,0.8514651693279522,0.8205248120116834,0.4854386818866604,0.48258853088136033,0.15766744508291744,0.1566724365606822,0.768976897689769,0.7712317950517635,0.7602739726027398,0.7254901960784313,0.7985611510791367,0.7553956834532374,-0.29195344988049665,1.0693058695746742,0.1228791615997685
switzerland,cleveland,mirrams_equation9,mirrams,0,"{""d_model"": 64, ""dropout"": 0.1, ""evaluation_interval"": 5, ""learning_rate"": 0.0001, ""max_epochs"": 120, ""mirrams_confidence"": 0.95, ""mirrams_lambda_1"": 15.0, ""mirrams_lambda_2"": 15.0, ""mirrams_mask_rate"": 0.3, ""n_heads"": 4, ""n_layers"": 2, ""patience_evaluations"": 8, ""validation_mask_replicates"": 2, ""weight_decay"": 0.001}",5064,mcar_10,0,303.0,0.45874587458745875,0.8578259343744516,0.8458385524434363,0.4714156733042662,0.4719794169780013,0.1515583144945313,0.1519842719650319,0.7854785478547854,0.7837339884190209,0.7653429602888087,0.7681159420289855,0.762589928057554,0.7769784172661871,-0.17072940618873975,1.0584579211210972,0.11049341938866213
switzerland,cleveland,mirrams_equation9,mirrams,0,"{""d_model"": 64, ""dropout"": 0.1, ""evaluation_interval"": 5, ""learning_rate"": 0.0001, ""max_epochs"": 120, ""mirrams_confidence"": 0.95, ""mirrams_lambda_1"": 15.0, ""mirrams_lambda_2"": 15.0, ""mirrams_mask_rate"": 0.3, ""n_heads"": 4, ""n_layers"": 2, ""patience_evaluations"": 8, ""validation_mask_replicates"": 2, ""weight_decay"": 0.001}",5064,mcar_10,1,303.0,0.45874587458745875,0.8489208633093526,0.8508853322761518,0.4845538923135835,0.48676137812535347,0.15835609914627238,0.1594229281192697,0.7656765676567657,0.7621512546060712,0.7380073800738007,0.7575757575757576,0.7194244604316546,0.7194244604316546,-0.1262438427233443,1.0174888394278794,0.10566244305139053
switzerland,cleveland,mirrams_equation9,mirrams,0,"{""d_model"": 64, ""dropout"": 0.1, ""evaluation_interval"": 5, ""learning_rate"": 0.0001, ""max_epochs"": 120, ""mirrams_confidence"": 0.95, ""mirrams_lambda_1"": 15.0, ""mirrams_lambda_2"": 15.0, ""mirrams_mask_rate"": 0.3, ""n_heads"": 4, ""n_layers"": 2, ""patience_evaluations"": 8, ""validation_mask_replicates"": 2, ""weight_decay"": 0.001}",5064,mcar_10,2,303.0,0.45874587458745875,0.8571240568520793,0.8472516398627504,0.4701768934385794,0.47283570528287805,0.15193754838399626,0.15326789300124968,0.7920792079207921,0.787638182137217,0.7640449438202247,0.796875,0.7338129496402878,0.762589928057554,-0.09397136786354991,1.0617289614894414,0.10470665318755017
switzerland,cleveland,mirrams_equation9,mirrams,0,"{""d_model"": 64, ""dropout"": 0.1, ""evaluation_interval"": 5, ""learning_rate"": 0.0001, ""max_epochs"": 120, ""mirrams_confidence"": 0.95, ""mirrams_lambda_1"": 15.0, ""mirrams_lambda_2"": 15.0, ""mirrams_mask_rate"": 0.3, ""n_heads"": 4, ""n_layers"": 2, ""patience_evaluations"": 8, ""validation_mask_replicates"": 2, ""weight_decay"": 0.001}",5064,mcar_10,3,303.0,0.45874587458745875,0.844314792068784,0.8411661610801882,0.4858681001216946,0.48931689572419185,0.15898263046811922,0.16059242123061862,0.7722772277227723,0.7682488155816809,0.7434944237918215,0.7692307692307693,0.7194244604316546,0.7410071942446043,-0.08974784253028079,1.0207546340017926,0.11168164412807952
switzerland,cleveland,mirrams_equation9,mirrams,0,"{""d_model"": 64, ""dropout"": 0.1, ""evaluation_interval"": 5, ""learning_rate"": 0.0001, ""max_epochs"": 120, ""mirrams_confidence"": 0.95, ""mirrams_lambda_1"": 15.0, ""mirrams_lambda_2"": 15.0, ""mirrams_mask_rate"": 0.3, ""n_heads"": 4, ""n_layers"": 2, ""patience_evaluations"": 8, ""validation_mask_replicates"": 2, ""weight_decay"": 0.001}",5064,mcar_10,4,303.0,0.45874587458745875,0.8539656080014038,0.8413409000028645,0.47590745593397954,0.47773780332701055,0.15425329377223077,0.15522464138654757,0.7854785478547854,0.7820889629759606,0.7601476014760148,0.7803030303030303,0.7410071942446043,0.7769784172661871,-0.13064579428327627,1.03638620294537,0.11040286792567548
switzerland,cleveland,mirrams_equation9,mirrams,0,"{""d_model"": 64, ""dropout"": 0.1, ""evaluation_interval"": 5, ""learning_rate"": 0.0001, ""max_epochs"": 120, ""mirrams_confidence"": 0.95, ""mirrams_lambda_1"": 15.0, ""mirrams_lambda_2"": 15.0, ""mirrams_mask_rate"": 0.3, ""n_heads"": 4, ""n_layers"": 2, ""patience_evaluations"": 8, ""validation_mask_replicates"": 2, ""weight_decay"": 0.001}",5064,mcar_30,0,303.0,0.45874587458745875,0.8557641691524829,0.8491463485128846,0.4773995837659431,0.480814514434015,0.15603518575200373,0.15759277758400872,0.7887788778877888,0.7851377434637655,0.762962962962963,0.7862595419847328,0.7410071942446043,0.762589928057554,-0.027667260371577757,1.2252890291110956,0.09890873035521804
switzerland,cleveland,mirrams_equation9,mirrams,0,"{""d_model"": 64, ""dropout"": 0.1, ""evaluation_interval"": 5, ""learning_rate"": 0.0001, ""max_epochs"": 120, ""mirrams_confidence"": 0.95, ""mirrams_lambda_1"": 15.0, ""mirrams_lambda_2"": 15.0, ""mirrams_mask_rate"": 0.3, ""n_heads"": 4, ""n_layers"": 2, ""patience_evaluations"": 8, ""validation_mask_replicates"": 2, ""weight_decay"": 0.001}",5064,mcar_30,1,303.0,0.45874587458745875,0.8272503948061063,0.7941200505307908,0.5096451398020797,0.5108517041921913,0.1665251908246499,0.16714994588248044,0.7722772277227723,0.7704421828390946,0.7509025270758123,0.7536231884057971,0.7482014388489209,0.7266187050359713,-0.13191671651284262,1.030684218026595,0.14808115304653877
switzerland,cleveland,mirrams_equation9,mirrams,0,"{""d_model"": 64, ""dropout"": 0.1, ""evaluation_interval"": 5, ""learning_rate"": 0.0001, ""max_epochs"": 120, ""mirrams_confidence"": 0.95, ""mirrams_lambda_1"": 15.0, ""mirrams_lambda_2"": 15.0, ""mirrams_mask_rate"": 0.3, ""n_heads"": 4, ""n_layers"": 2, ""patience_evaluations"": 8, ""validation_mask_replicates"": 2, ""weight_decay"": 0.001}",5064,mcar_30,2,303.0,0.45874587458745875,0.8136953851552904,0.8273350330313879,0.5230139874168128,0.5260949874491656,0.17407465092044644,0.1753504260639503,0.7425742574257426,0.7419064748201438,0.723404255319149,0.7132867132867133,0.7338129496402878,0.7122302158273381,-0.1345175815796905,0.9479483573522555,0.13443221223967183
switzerland,cleveland,mirrams_equation9,mirrams,0,"{""d_model"": 64, ""dropout"": 0.1, ""evaluation_interval"": 5, ""learning_rate"": 0.0001, ""max_epochs"": 120, ""mirrams_confidence"": 0.95, ""mirrams_lambda_1"": 15.0, ""mirrams_lambda_2"": 15.0, ""mirrams_mask_rate"": 0.3, ""n_heads"": 4, ""n_layers"": 2, ""patience_evaluations"": 8, ""validation_mask_replicates"": 2, ""weight_decay"": 0.001}",5064,mcar_30,3,303.0,0.45874587458745875,0.8254079663098789,0.7788502607716403,0.5119502914702319,0.5130798625333495,0.1675568183899052,0.1682073067421664,0.7755775577557755,0.7740393051412529,0.7553956834532374,0.7553956834532374,0.7553956834532374,0.7122302158273381,-0.135338999606042,1.016326800510564,0.15847965072560186
switzerland,cleveland,mirrams_equation9,mirrams,0,"{""d_model"": 64, ""dropout"": 0.1, ""evaluation_interval"": 5, ""learning_rate"": 0.0001, ""max_epochs"": 120, ""mirrams_confidence"": 0.95, ""mirrams_lambda_1"": 15.0, ""mirrams_lambda_2"": 15.0, ""mirrams_mask_rate"": 0.3, ""n_heads"": 4, ""n_layers"": 2, ""patience_evaluations"": 8, ""validation_mask_replicates"": 2, ""weight_decay"": 0.001}",5064,mcar_30,4,303.0,0.45874587458745875,0.8301456395858923,0.808597542496303,0.5031774852264079,0.5065512988338436,0.16476774319314902,0.166436192891072,0.7623762376237624,0.7574574486752061,0.7293233082706767,0.7637795275590551,0.697841726618705,0.7050359712230215,-0.08050173141487464,0.9888859100300079,0.13472206948059023
switzerland,cleveland,mirrams_equation9,mirrams,0,"{""d_model"": 64, ""dropout"": 0.1, ""evaluation_interval"": 5, ""learning_rate"": 0.0001, ""max_epochs"": 120, ""mirrams_confidence"": 0.95, ""mirrams_lambda_1"": 15.0, ""mirrams_lambda_2"": 15.0, ""mirrams_mask_rate"": 0.3, ""n_heads"": 4, ""n_layers"": 2, ""patience_evaluations"": 8, ""validation_mask_replicates"": 2, ""weight_decay"": 0.001}",5064,mcar_50,0,303.0,0.45874587458745875,0.7853570801895069,0.7791375366841392,0.5524115128048908,0.5563532127046686,0.18523332434208872,0.18710500680148556,0.7425742574257426,0.7386164239340236,0.7111111111111111,0.732824427480916,0.6906474820143885,0.6546762589928058,-0.08820261196518615,0.914611936986269,0.1722656957905812
switzerland,cleveland,mirrams_equation9,mirrams,0,"{""d_model"": 64, ""dropout"": 0.1, ""evaluation_interval"": 5, ""learning_rate"": 0.0001, ""max_epochs"": 120, ""mirrams_confidence"": 0.95, ""mirrams_lambda_1"": 15.0, ""mirrams_lambda_2"": 15.0, ""mirrams_mask_rate"": 0.3, ""n_heads"": 4, ""n_layers"": 2, ""patience_evaluations"": 8, ""validation_mask_replicates"": 2, ""weight_decay"": 0.001}",5064,mcar_50,1,303.0,0.45874587458745875,0.7685120196525707,0.7405708655984171,0.5757303640398571,0.5776818277490712,0.19513547151964147,0.19606082408912376,0.693069306930693,0.6917880329882435,0.6690391459074733,0.6619718309859155,0.6762589928057554,0.6330935251798561,-0.14792624558775014,0.862416436791716,0.2049849264377822
switzerland,cleveland,mirrams_equation9,mirrams,0,"{""d_model"": 64, ""dropout"": 0.1, ""evaluation_interval"": 5, ""learning_rate"": 0.0001, ""max_epochs"": 120, ""mirrams_confidence"": 0.95, ""mirrams_lambda_1"": 15.0, ""mirrams_lambda_2"": 15.0, ""mirrams_mask_rate"": 0.3, ""n_heads"": 4, ""n_layers"": 2, ""patience_evaluations"": 8, ""validation_mask_replicates"": 2, ""weight_decay"": 0.001}",5064,mcar_50,2,303.0,0.45874587458745875,0.8129496402877697,0.7580428189428495,0.5323669889030062,0.5319984743758679,0.1771056147955311,0.17711227611079816,0.7326732673267327,0.7322117915423758,0.7137809187279152,0.7013888888888888,0.7266187050359713,0.6618705035971223,-0.1650480997320169,0.9951690380513919,0.1680659515666083
switzerland,cleveland,mirrams_equation9,mirrams,0,"{""d_model"": 64, ""dropout"": 0.1, ""evaluation_interval"": 5, ""learning_rate"": 0.0001, ""max_epochs"": 120, ""mirrams_confidence"": 0.95, ""mirrams_lambda_1"": 15.0, ""mirrams_lambda_2"": 15.0, ""mirrams_mask_rate"": 0.3, ""n_heads"": 4, ""n_layers"": 2, ""patience_evaluations"": 8, ""validation_mask_replicates"": 2, ""weight_decay"": 0.001}",5064,mcar_50,3,303.0,0.45874587458745875,0.7954027022284611,0.7550401844577179,0.5496587621508662,0.5523225682712058,0.1844473563864315,0.18574907167250376,0.7128712871287128,0.7106290577294262,0.6859205776173285,0.6884057971014492,0.6834532374100719,0.6187050359712231,-0.08721875146637341,0.9694792536360468,0.17990264296148845
switzerland,cleveland,mirrams_equation9,mirrams,0,"{""d_model"": 64, ""dropout"": 0.1, ""evaluation_interval"": 5, ""learning_rate"": 0.0001, ""max_epochs"": 120, ""mirrams_confidence"": 0.95, ""mirrams_lambda_1"": 15.0, ""mirrams_lambda_2"": 15.0, ""mirrams_mask_rate"": 0.3, ""n_heads"": 4, ""n_layers"": 2, ""patience_evaluations"": 8, ""validation_mask_replicates"": 2, ""weight_decay"": 0.001}",5064,mcar_50,4,303.0,0.45874587458745875,0.7880768555886998,0.7754639347738769,0.5513593760479141,0.5529271729396915,0.18459042682488766,0.18534407819283366,0.7293729372937293,0.7258729601684506,0.6985294117647058,0.7142857142857143,0.6834532374100719,0.6474820143884892,-0.14930566458748562,0.9663069838850079,0.17628649444398514
switzerland,cleveland,mirrams_equation9,mirrams,0,"{""d_model"": 64, ""dropout"": 0.1, ""evaluation_interval"": 5, ""learning_rate"": 0.0001, ""max_epochs"": 120, ""mirrams_confidence"": 0.95, ""mirrams_lambda_1"": 15.0, ""mirrams_lambda_2"": 15.0, ""mirrams_mask_rate"": 0.3, ""n_heads"": 4, ""n_layers"": 2, ""patience_evaluations"": 8, ""validation_mask_replicates"": 2, ""weight_decay"": 0.001}",5064,natural,0,303.0,0.45874587458745875,0.8680470257939988,0.8655954950382357,0.45572609367880557,0.45817676944040414,0.14699672323493376,0.14824286090199956,0.7788778877887789,0.7754430601859975,0.7527675276752768,0.7727272727272727,0.7338129496402878,0.7697841726618705,-0.10890499493881918,1.0926740657386014,0.0911621414286499
switzerland,hungary,mirrams_equation9,mirrams,0,"{""d_model"": 64, ""dropout"": 0.1, ""evaluation_interval"": 5, ""learning_rate"": 0.0001, ""max_epochs"": 120, ""mirrams_confidence"": 0.95, ""mirrams_lambda_1"": 15.0, ""mirrams_lambda_2"": 15.0, ""mirrams_mask_rate"": 0.3, ""n_heads"": 4, ""n_layers"": 2, ""patience_evaluations"": 8, ""validation_mask_replicates"": 2, ""weight_decay"": 0.001}",5062,drop_advanced,0,294.0,0.36054421768707484,0.8924628663187475,0.8390507541909132,0.44284958229233023,0.4293339917000585,0.13098730027937452,0.13079041855643295,0.8299319727891157,0.8197009233239663,0.7685185185185185,0.7545454545454545,0.7830188679245284,0.8490566037735849,-0.8049853001032006,0.756014620198058,0.10833868928963074
switzerland,hungary,mirrams_equation9,mirrams,0,"{""d_model"": 64, ""dropout"": 0.1, ""evaluation_interval"": 5, ""learning_rate"": 0.0001, ""max_epochs"": 120, ""mirrams_confidence"": 0.95, ""mirrams_lambda_1"": 15.0, ""mirrams_lambda_2"": 15.0, ""mirrams_mask_rate"": 0.3, ""n_heads"": 4, ""n_layers"": 2, ""patience_evaluations"": 8, ""validation_mask_replicates"": 2, ""weight_decay"": 0.001}",5062,drop_exercise,0,294.0,0.36054421768707484,0.8432356483340026,0.7260601377219955,0.5170240727016959,0.4943247693759217,0.16575157364372214,0.1586551255700676,0.7891156462585034,0.8001304696908872,0.7416666666666667,0.664179104477612,0.839622641509434,0.7358490566037735,-0.7580039963277073,0.8757973135935395,0.16295628053021027
switzerland,hungary,mirrams_equation9,mirrams,0,"{""d_model"": 64, ""dropout"": 0.1, ""evaluation_interval"": 5, ""learning_rate"": 0.0001, ""max_epochs"": 120, ""mirrams_confidence"": 0.95, ""mirrams_lambda_1"": 15.0, ""mirrams_lambda_2"": 15.0, ""mirrams_mask_rate"": 0.3, ""n_heads"": 4, ""n_layers"": 2, ""patience_evaluations"": 8, ""validation_mask_replicates"": 2, ""weight_decay"": 0.001}",5062,drop_routine,0,294.0,0.36054421768707484,0.898735447611401,0.848964257972359,0.4598726232134886,0.42718889847062935,0.13973309773803103,0.13147456965872578,0.8231292517006803,0.830841027699719,0.7777777777777778,0.7109375,0.8584905660377359,0.8584905660377359,-1.0394478888622058,0.8110063552452581,0.11052287486486811
switzerland,hungary,mirrams_equation9,mirrams,0,"{""d_model"": 64, ""dropout"": 0.1, ""evaluation_interval"": 5, ""learning_rate"": 0.0001, ""max_epochs"": 120, ""mirrams_confidence"": 0.95, ""mirrams_lambda_1"": 15.0, ""mirrams_lambda_2"": 15.0, ""mirrams_mask_rate"": 0.3, ""n_heads"": 4, ""n_layers"": 2, ""patience_evaluations"": 8, ""validation_mask_replicates"": 2, ""weight_decay"": 0.001}",5062,empirical_source,0,294.0,0.36054421768707484,0.8961260537936571,0.8405707919704822,0.43447850555142825,0.41989099638074434,0.13006414537892444,0.12866879117946242,0.8367346938775511,0.8291348855881173,0.7798165137614679,0.7589285714285714,0.8018867924528302,0.8679245283018868,-0.8112858269483251,0.7955820262017385,0.10479799847311466
switzerland,hungary,mirrams_equation9,mirrams,0,"{""d_model"": 64, ""dropout"": 0.1, ""evaluation_interval"": 5, ""learning_rate"": 0.0001, ""max_epochs"": 120, ""mirrams_confidence"": 0.95, ""mirrams_lambda_1"": 15.0, ""mirrams_lambda_2"": 15.0, ""mirrams_mask_rate"": 0.3, ""n_heads"": 4, ""n_layers"": 2, ""patience_evaluations"": 8, ""validation_mask_replicates"": 2, ""weight_decay"": 0.001}",5062,empirical_source,1,294.0,0.36054421768707484,0.8869429947812124,0.8220656169912628,0.4525334037874751,0.43875814812163194,0.13483178348271746,0.13418422300949476,0.8231292517006803,0.8123243677238057,0.7592592592592593,0.7454545454545455,0.7735849056603774,0.8679245283018868,-0.7630487946103217,0.774162631480878,0.11623746740439209
switzerland,hungary,mirrams_equation9,mirrams,0,"{""d_model"": 64, ""dropout"": 0.1, ""evaluation_interval"": 5, ""learning_rate"": 0.0001, ""max_epochs"": 120, ""mirrams_confidence"": 0.95, ""mirrams_lambda_1"": 15.0, ""mirrams_lambda_2"": 15.0, ""mirrams_mask_rate"": 0.3, ""n_heads"": 4, ""n_layers"": 2, ""patience_evaluations"": 8, ""validation_mask_replicates"": 2, ""weight_decay"": 0.001}",5062,empirical_source,2,294.0,0.36054421768707484,0.8931653954235247,0.8311248958137318,0.43414643088809224,0.42403201613801195,0.13150233983471382,0.13200389566707943,0.8197278911564626,0.8117221999197111,0.7579908675799086,0.7345132743362832,0.7830188679245284,0.8490566037735849,-0.7646695524010917,0.7971908342180559,0.10334306037076568
switzerland,hungary,mirrams_equation9,mirrams,0,"{""d_model"": 64, ""dropout"": 0.1, ""evaluation_interval"": 5, ""learning_rate"": 0.0001, ""max_epochs"": 120, ""mirrams_confidence"": 0.95, ""mirrams_lambda_1"": 15.0, ""mirrams_lambda_2"": 15.0, ""mirrams_mask_rate"": 0.3, ""n_heads"": 4, ""n_layers"": 2, ""patience_evaluations"": 8, ""validation_mask_replicates"": 2, ""weight_decay"": 0.001}",5062,empirical_source,3,294.0,0.36054421768707484,0.890806904857487,0.8328774515923623,0.44604565879496144,0.4313953481173232,0.13172547680210125,0.1303756809974284,0.826530612244898,0.8190987555198715,0.7671232876712328,0.7433628318584071,0.7924528301886793,0.8773584905660378,-0.7743111783852433,0.7788224115400681,0.11203329505667296
switzerland,hungary,mirrams_equation9,mirrams,0,"{""d_model"": 64, ""dropout"": 0.1, ""evaluation_interval"": 5, ""learning_rate"": 0.0001, ""max_epochs"": 120, ""mirrams_confidence"": 0.95, ""mirrams_lambda_1"": 15.0, ""mirrams_lambda_2"": 15.0, ""mirrams_mask_rate"": 0.3, ""n_heads"": 4, ""n_layers"": 2, ""patience_evaluations"": 8, ""validation_mask_replicates"": 2, ""weight_decay"": 0.001}",5062,empirical_source,4,294.0,0.36054421768707484,0.8971798474508229,0.835901711522753,0.43274200552784436,0.4155636316253439,0.12816805157741923,0.12623667846678588,0.8333333333333334,0.8285327177840225,0.7782805429864253,0.7478260869565218,0.8113207547169812,0.8679245283018868,-0.8292251405452218,0.8042677071126632,0.1064345428721577
switzerland,hungary,mirrams_equation9,mirrams,0,"{""d_model"": 64, ""dropout"": 0.1, ""evaluation_interval"": 5, ""learning_rate"": 0.0001, ""max_epochs"": 120, ""mirrams_confidence"": 0.95, ""mirrams_lambda_1"": 15.0, ""mirrams_lambda_2"": 15.0, ""mirrams_mask_rate"": 0.3, ""n_heads"": 4, ""n_layers"": 2, ""patience_evaluations"": 8, ""validation_mask_replicates"": 2, ""weight_decay"": 0.001}",5062,mar_age_sex_30,0,294.0,0.36054421768707484,0.8893516659975913,0.838822397294557,0.45304530520915576,0.43641333393503007,0.139488553884713,0.13694767286385934,0.8231292517006803,0.8184965877157768,0.7657657657657657,0.7327586206896551,0.8018867924528302,0.839622641509434,-0.8649673524107635,0.7883175328011857,0.10894473607234811
switzerland,hungary,mirrams_equation9,mirrams,0,"{""d_model"": 64, ""dropout"": 0.1, ""evaluation_interval"": 5, ""learning_rate"": 0.0001, ""max_epochs"": 120, ""mirrams_confidence"": 0.95, ""mirrams_lambda_1"": 15.0, ""mirrams_lambda_2"": 15.0, ""mirrams_mask_rate"": 0.3, ""n_heads"": 4, ""n_layers"": 2, ""patience_evaluations"": 8, ""validation_mask_replicates"": 2, ""weight_decay"": 0.001}",5062,mar_age_sex_30,1,294.0,0.36054421768707484,0.8826274588518667,0.8048668737687438,0.47361773668800833,0.44981452278394357,0.14477560924518554,0.1399652698405095,0.8095238095238095,0.8078582898434363,0.7522123893805309,0.7083333333333334,0.8018867924528302,0.8113207547169812,-0.8859189188572054,0.7638266267417246,0.12617060845808403
switzerland,hungary,mirrams_equation9,mirrams,0,"{""d_model"": 64, ""dropout"": 0.1, ""evaluation_interval"": 5, ""learning_rate"": 0.0001, ""max_epochs"": 120, ""mirrams_confidence"": 0.95, ""mirrams_lambda_1"": 15.0, ""mirrams_lambda_2"": 15.0, ""mirrams_mask_rate"": 0.3, ""n_heads"": 4, ""n_layers"": 2, ""patience_evaluations"": 8, ""validation_mask_replicates"": 2, ""weight_decay"": 0.001}",5062,mar_age_sex_30,2,294.0,0.36054421768707484,0.885989562424729,0.8226726355384109,0.46451862320025744,0.44469703740078326,0.1429194001397374,0.1393038913314202,0.7925170068027211,0.7945604175030109,0.7359307359307359,0.68,0.8018867924528302,0.8018867924528302,-0.8279267719455918,0.7681505417464872,0.11467180344642297
switzerland,hungary,mirrams_equation9,mirrams,0,"{""d_model"": 64, ""dropout"": 0.1, ""evaluation_interval"": 5, ""learning_rate"": 0.0001, ""max_epochs"": 120, ""mirrams_confidence"": 0.95, ""mirrams_lambda_1"": 15.0, ""mirrams_lambda_2"": 15.0, ""mirrams_mask_rate"": 0.3, ""n_heads"": 4, ""n_layers"": 2, ""patience_evaluations"": 8, ""validation_mask_replicates"": 2, ""weight_decay"": 0.001}",5062,mar_age_sex_30,3,294.0,0.36054421768707484,0.9031513448414292,0.8663136414650257,0.4176088496566471,0.4028775206825381,0.12758633299154262,0.12539296641219888,0.8299319727891157,0.823815736651947,0.7727272727272727,0.7456140350877193,0.8018867924528302,0.8584905660377359,-0.8455597290489109,0.8632562285418628,0.0897609811252966
switzerland,hungary,mirrams_equation9,mirrams,0,"{""d_model"": 64, ""dropout"": 0.1, ""evaluation_interval"": 5, ""learning_rate"": 0.0001, ""max_epochs"": 120, ""mirrams_confidence"": 0.95, ""mirrams_lambda_1"": 15.0, ""mirrams_lambda_2"": 15.0, ""mirrams_mask_rate"": 0.3, ""n_heads"": 4, ""n_layers"": 2, ""patience_evaluations"": 8, ""validation_mask_replicates"": 2, ""weight_decay"": 0.001}",5062,mar_age_sex_30,4,294.0,0.36054421768707484,0.8990867121637897,0.8415453475650909,0.42111299100744665,0.40780795036990736,0.12615366338501863,0.1247945406519492,0.826530612244898,0.8232135688478524,0.7713004484304933,0.7350427350427351,0.8113207547169812,0.8584905660377359,-0.7957303634092785,0.8469093796545505,0.1008057503751128
switzerland,hungary,mirrams_equation9,mirrams,0,"{""d_model"": 64, ""dropout"": 0.1, ""evaluation_interval"": 5, ""learning_rate"": 0.0001, ""max_epochs"": 120, ""mirrams_confidence"": 0.95, ""mirrams_lambda_1"": 15.0, ""mirrams_lambda_2"": 15.0, ""mirrams_mask_rate"": 0.3, ""n_heads"": 4, ""n_layers"": 2, ""patience_evaluations"": 8, ""validation_mask_replicates"": 2, ""weight_decay"": 0.001}",5062,mcar_10,0,294.0,0.36054421768707484,0.8965274989963871,0.8458018612252113,0.4334777941918149,0.41732153146622675,0.13035436506206607,0.12838572329851522,0.826530612244898,0.8252709755118426,0.7733333333333333,0.7310924369747899,0.8207547169811321,0.839622641509434,-0.8473990266885676,0.8108318105382551,0.10156371399311717
switzerland,hungary,mirrams_equation9,mirrams,0,"{""d_model"": 64, ""dropout"": 0.1, ""evaluation_interval"": 5, ""learning_rate"": 0.0001, ""max_epochs"": 120, ""mirrams_confidence"": 0.95, ""mirrams_lambda_1"": 15.0, ""mirrams_lambda_2"": 15.0, ""mirrams_mask_rate"": 0.3, ""n_heads"": 4, ""n_layers"": 2, ""patience_evaluations"": 8, ""validation_mask_replicates"": 2, ""weight_decay"": 0.001}",5062,mcar_10,1,294.0,0.36054421768707484,0.8893516659975914,0.8336883400368874,0.45203718616059374,0.4316970035479378,0.13556867451834853,0.13208619702378346,0.8299319727891157,0.8299879566439181,0.7787610619469026,0.7333333333333333,0.8301886792452831,0.839622641509434,-0.8878266656413921,0.774975771173273,0.11271038626740124
switzerland,hungary,mirrams_equation9,mirrams,0,"{""d_model"": 64, ""dropout"": 0.1, ""evaluation_interval"": 5, ""learning_rate"": 0.0001, ""max_epochs"": 120, ""mirrams_confidence"": 0.95, ""mirrams_lambda_1"": 15.0, ""mirrams_lambda_2"": 15.0, ""mirrams_mask_rate"": 0.3, ""n_heads"": 4, ""n_layers"": 2, ""patience_evaluations"": 8, ""validation_mask_replicates"": 2, ""weight_decay"": 0.001}",5062,mcar_10,2,294.0,0.36054421768707484,0.8875953432356483,0.8424977897864342,0.4532821662079848,0.43756889788465725,0.13767327717181826,0.13619538730963693,0.8163265306122449,0.8111200321156162,0.7567567567567568,0.7241379310344828,0.7924528301886793,0.8301886792452831,-0.8536973944807322,0.7656950978194483,0.1054997308698922
switzerland,hungary,mirrams_equation9,mirrams,0,"{""d_model"": 64, ""dropout"": 0.1, ""evaluation_interval"": 5, ""learning_rate"": 0.0001, ""max_epochs"": 120, ""mirrams_confidence"": 0.95, ""mirrams_lambda_1"": 15.0, ""mirrams_lambda_2"": 15.0, ""mirrams_mask_rate"": 0.3, ""n_heads"": 4, ""n_layers"": 2, ""patience_evaluations"": 8, ""validation_mask_replicates"": 2, ""weight_decay"": 0.001}",5062,mcar_10,3,294.0,0.36054421768707484,0.8978823765556002,0.830933870487381,0.4345407185379979,0.4160539910715431,0.127907586035463,0.12594194414689885,0.8503401360544217,0.8459454034524287,0.8,0.7719298245614035,0.8301886792452831,0.8490566037735849,-0.8357791788287644,0.8083478745413112,0.10935424632389187
switzerland,hungary,mirrams_equation9,mirrams,0,"{""d_model"": 64, ""dropout"": 0.1, ""evaluation_interval"": 5, ""learning_rate"": 0.0001, ""max_epochs"": 120, ""mirrams_confidence"": 0.95, ""mirrams_lambda_1"": 15.0, ""mirrams_lambda_2"": 15.0, ""mirrams_mask_rate"": 0.3, ""n_heads"": 4, ""n_layers"": 2, ""patience_evaluations"": 8, ""validation_mask_replicates"": 2, ""weight_decay"": 0.001}",5062,mcar_10,4,294.0,0.36054421768707484,0.8833801686069851,0.8303035815787352,0.4562547298125382,0.44211868737410154,0.13763186335495414,0.13655681447781365,0.8367346938775511,0.8291348855881173,0.7798165137614679,0.7589285714285714,0.8018867924528302,0.8207547169811321,-0.8320230663531378,0.7611646519562436,0.1120627297545137
switzerland,hungary,mirrams_equation9,mirrams,0,"{""d_model"": 64, ""dropout"": 0.1, ""evaluation_interval"": 5, ""learning_rate"": 0.0001, ""max_epochs"": 120, ""mirrams_confidence"": 0.95, ""mirrams_lambda_1"": 15.0, ""mirrams_lambda_2"": 15.0, ""mirrams_mask_rate"": 0.3, ""n_heads"": 4, ""n_layers"": 2, ""patience_evaluations"": 8, ""validation_mask_replicates"": 2, ""weight_decay"": 0.001}",5062,mcar_30,0,294.0,0.36054421768707484,0.867272179847451,0.7947585027437853,0.5024398723185459,0.47639070095022973,0.1572350817991714,0.15097787701285892,0.7687074829931972,0.7738859895624248,0.711864406779661,0.6461538461538462,0.7924528301886793,0.7735849056603774,-0.9224140163560691,0.7657264598427073,0.13992594469720654
switzerland,hungary,mirrams_equation9,mirrams,0,"{""d_model"": 64, ""dropout"": 0.1, ""evaluation_interval"": 5, ""learning_rate"": 0.0001, ""max_epochs"": 120, ""mirrams_confidence"": 0.95, ""mirrams_lambda_1"": 15.0, ""mirrams_lambda_2"": 15.0, ""mirrams_mask_rate"": 0.3, ""n_heads"": 4, ""n_layers"": 2, ""patience_evaluations"": 8, ""validation_mask_replicates"": 2, ""weight_decay"": 0.001}",5062,mcar_30,1,294.0,0.36054421768707484,0.8839321557607387,0.8152324834547563,0.465762995558727,0.4393155210037558,0.14475015124040516,0.13795326030965915,0.7993197278911565,0.8060517864311522,0.7489361702127659,0.6821705426356589,0.8301886792452831,0.8301886792452831,-0.992162899226736,0.8603474346774992,0.12333238792038674
switzerland,hungary,mirrams_equation9,mirrams,0,"{""d_model"": 64, ""dropout"": 0.1, ""evaluation_interval"": 5, ""learning_rate"": 0.0001, ""max_epochs"": 120, ""mirrams_confidence"": 0.95, ""mirrams_lambda_1"": 15.0, ""mirrams_lambda_2"": 15.0, ""mirrams_mask_rate"": 0.3, ""n_heads"": 4, ""n_layers"": 2, ""patience_evaluations"": 8, ""validation_mask_replicates"": 2, ""weight_decay"": 0.001}",5062,mcar_30,2,294.0,0.36054421768707484,0.8733440385387395,0.7989946673306784,0.5080019509550365,0.474039224699619,0.15804476353806451,0.14952700367658453,0.7857142857142857,0.7933560818948213,0.7341772151898734,0.6641221374045801,0.8207547169811321,0.7830188679245284,-0.9409425030111506,0.7604887644349256,0.13952005349853813
switzerland,hungary,mirrams_equation9,mirrams,0,"{""d_model"": 64, ""dropout"": 0.1, ""evaluation_interval"": 5, ""learning_rate"": 0.0001, ""max_epochs"": 120, ""mirrams_confidence"": 0.95, ""mirrams_lambda_1"": 15.0, ""mirrams_lambda_2"": 15.0, ""mirrams_mask_rate"": 0.3, ""n_heads"": 4, ""n_layers"": 2, ""patience_evaluations"": 8, ""validation_mask_replicates"": 2, ""weight_decay"": 0.001}",5062,mcar_30,3,294.0,0.36054421768707484,0.8767061421116017,0.7812203775649689,0.5012611799715085,0.46506286384907247,0.1529617031741887,0.14434052089051877,0.7891156462585034,0.7960156563629065,0.7372881355932204,0.6692307692307692,0.8207547169811321,0.8207547169811321,-0.9849513266797785,0.7721976190807953,0.14510808576217757
switzerland,hungary,mirrams_equation9,mirrams,0,"{""d_model"": 64, ""dropout"": 0.1, ""evaluation_interval"": 5, ""learning_rate"": 0.0001, ""max_epochs"": 120, ""mirrams_confidence"": 0.95, ""mirrams_lambda_1"": 15.0, ""mirrams_lambda_2"": 15.0, ""mirrams_mask_rate"": 0.3, ""n_heads"": 4, ""n_layers"": 2, ""patience_evaluations"": 8, ""validation_mask_replicates"": 2, ""weight_decay"": 0.001}",5062,mcar_30,4,294.0,0.36054421768707484,0.8594439983942191,0.803357215728161,0.5448264366950735,0.5101862257377187,0.1731194823010572,0.1637462487795075,0.7517006802721088,0.7605881172219993,0.6970954356846473,0.6222222222222222,0.7924528301886793,0.7452830188679245,-0.9273296256693698,0.7020986871264168,0.14555007986717125
switzerland,hungary,mirrams_equation9,mirrams,0,"{""d_model"": 64, ""dropout"": 0.1, ""evaluation_interval"": 5, ""learning_rate"": 0.0001, ""max_epochs"": 120, ""mirrams_confidence"": 0.95, ""mirrams_lambda_1"": 15.0, ""mirrams_lambda_2"": 15.0, ""mirrams_mask_rate"": 0.3, ""n_heads"": 4, ""n_layers"": 2, ""patience_evaluations"": 8, ""validation_mask_replicates"": 2, ""weight_decay"": 0.001}",5062,mcar_50,0,294.0,0.36054421768707484,0.8466981132075472,0.7389865061184782,0.5788896551915967,0.5256883413029882,0.18729160389779648,0.1702670838594389,0.7278911564625851,0.7481433159373745,0.6850393700787402,0.5878378378378378,0.8207547169811321,0.7264150943396226,-1.085518600454015,0.7854403212019734,0.18933142837367148
switzerland,hungary,mirrams_equation9,mirrams,0,"{""d_model"": 64, ""dropout"": 0.1, ""evaluation_interval"": 5, ""learning_rate"": 0.0001, ""max_epochs"": 120, ""mirrams_confidence"": 0.95, ""mirrams_lambda_1"": 15.0, ""mirrams_lambda_2"": 15.0, ""mirrams_mask_rate"": 0.3, ""n_heads"": 4, ""n_layers"": 2, ""patience_evaluations"": 8, ""validation_mask_replicates"": 2, ""weight_decay"": 0.001}",5062,mcar_50,1,294.0,0.36054421768707484,0.8206543556804498,0.747152804943087,0.6229913541342211,0.5709543117784931,0.20549487247541012,0.188615085321944,0.6938775510204082,0.7194901645925331,0.6564885496183206,0.5512820512820513,0.8113207547169812,0.6981132075471698,-1.0410960275330179,0.6913331527502995,0.19510403913608554
switzerland,hungary,mirrams_equation9,mirrams,0,"{""d_model"": 64, ""dropout"": 0.1, ""evaluation_interval"": 5, ""learning_rate"": 0.0001, ""max_epochs"": 120, ""mirrams_confidence"": 0.95, ""mirrams_lambda_1"": 15.0, ""mirrams_lambda_2"": 15.0, ""mirrams_mask_rate"": 0.3, ""n_heads"": 4, ""n_layers"": 2, ""patience_evaluations"": 8, ""validation_mask_replicates"": 2, ""weight_decay"": 0.001}",5062,mcar_50,2,294.0,0.36054421768707484,0.869731031714171,0.7873714164133642,0.5452757503288942,0.4912136060190674,0.17229040085684277,0.15516357158306504,0.7755102040816326,0.7915495784825372,0.7317073170731707,0.6428571428571429,0.8490566037735849,0.7735849056603774,-1.146620187726179,0.8193290539339108,0.16223227517065197
switzerland,hungary,mirrams_equation9,mirrams,0,"{""d_model"": 64, ""dropout"": 0.1, ""evaluation_interval"": 5, ""learning_rate"": 0.0001, ""max_epochs"": 120, ""mirrams_confidence"": 0.95, ""mirrams_lambda_1"": 15.0, ""mirrams_lambda_2"": 15.0, ""mirrams_mask_rate"": 0.3, ""n_heads"": 4, ""n_layers"": 2, ""patience_evaluations"": 8, ""validation_mask_replicates"": 2, ""weight_decay"": 0.001}",5062,mcar_50,3,294.0,0.36054421768707484,0.8423825772782015,0.7803032003099812,0.5713587703806446,0.526790461659943,0.18713223174645474,0.1735089435391397,0.7210884353741497,0.740766760337214,0.6771653543307087,0.581081081081081,0.8113207547169812,0.7641509433962265,-1.0893698562350316,0.7706679151097937,0.1666891557459932
switzerland,hungary,mirrams_equation9,mirrams,0,"{""d_model"": 64, ""dropout"": 0.1, ""evaluation_interval"": 5, ""learning_rate"": 0.0001, ""max_epochs"": 120, ""mirrams_confidence"": 0.95, ""mirrams_lambda_1"": 15.0, ""mirrams_lambda_2"": 15.0, ""mirrams_mask_rate"": 0.3, ""n_heads"": 4, ""n_layers"": 2, ""patience_evaluations"": 8, ""validation_mask_replicates"": 2, ""weight_decay"": 0.001}",5062,mcar_50,4,294.0,0.36054421768707484,0.7964171015656363,0.7135443384168363,0.6383684161065102,0.5973773132666431,0.20772456225953195,0.19657069031425994,0.7040816326530612,0.7151244480128462,0.6477732793522267,0.5673758865248227,0.7547169811320755,0.6698113207547169,-0.9290915085728484,0.6225045459074267,0.2115757819720281
switzerland,hungary,mirrams_equation9,mirrams,0,"{""d_model"": 64, ""dropout"": 0.1, ""evaluation_interval"": 5, ""learning_rate"": 0.0001, ""max_epochs"": 120, ""mirrams_confidence"": 0.95, ""mirrams_lambda_1"": 15.0, ""mirrams_lambda_2"": 15.0, ""mirrams_mask_rate"": 0.3, ""n_heads"": 4, ""n_layers"": 2, ""patience_evaluations"": 8, ""validation_mask_replicates"": 2, ""weight_decay"": 0.001}",5062,natural,0,294.0,0.36054421768707484,0.8980329185066239,0.8466079910258201,0.43285410291565113,0.41733111779653553,0.12794919907988958,0.12669940386872075,0.8367346938775511,0.8291348855881173,0.7798165137614679,0.7589285714285714,0.8018867924528302,0.8773584905660378,-0.8289248280445636,0.7778887091576863,0.10321129409340517
switzerland,hungary,mirrams_equation9,mirrams,0,"{""d_model"": 64, ""dropout"": 0.1, ""evaluation_interval"": 5, ""learning_rate"": 0.0001, ""max_epochs"": 120, ""mirrams_confidence"": 0.95, ""mirrams_lambda_1"": 15.0, ""mirrams_lambda_2"": 15.0, ""mirrams_mask_rate"": 0.3, ""n_heads"": 4, ""n_layers"": 2, ""patience_evaluations"": 8, ""validation_mask_replicates"": 2, ""weight_decay"": 0.001}",5063,drop_advanced,0,294.0,0.36054421768707484,0.8903050983540746,0.8443886055555675,0.41753785844706487,0.4181510697839146,0.1306124642621361,0.13196336502801506,0.8367346938775511,0.8291348855881173,0.7798165137614679,0.7589285714285714,0.8018867924528302,0.8207547169811321,-0.6174169858361788,1.0221376129212891,0.08530837622953433
switzerland,hungary,mirrams_equation9,mirrams,0,"{""d_model"": 64, ""dropout"": 0.1, ""evaluation_interval"": 5, ""learning_rate"": 0.0001, ""max_epochs"": 120, ""mirrams_confidence"": 0.95, ""mirrams_lambda_1"": 15.0, ""mirrams_lambda_2"": 15.0, ""mirrams_mask_rate"": 0.3, ""n_heads"": 4, ""n_layers"": 2, ""patience_evaluations"": 8, ""validation_mask_replicates"": 2, ""weight_decay"": 0.001}",5063,drop_exercise,0,294.0,0.36054421768707484,0.8583400240867122,0.7345454751173303,0.5208425076707642,0.4851720432209139,0.16909615425390528,0.1551389767558014,0.7721088435374149,0.788890004014452,0.728744939271255,0.6382978723404256,0.8490566037735849,0.8113207547169812,-1.0616073428235944,1.2820451033504774,0.1819765922761286
switzerland,hungary,mirrams_equation9,mirrams,0,"{""d_model"": 64, ""dropout"": 0.1, ""evaluation_interval"": 5, ""learning_rate"": 0.0001, ""max_epochs"": 120, ""mirrams_confidence"": 0.95, ""mirrams_lambda_1"": 15.0, ""mirrams_lambda_2"": 15.0, ""mirrams_mask_rate"": 0.3, ""n_heads"": 4, ""n_layers"": 2, ""patience_evaluations"": 8, ""validation_mask_replicates"": 2, ""weight_decay"": 0.001}",5063,drop_routine,0,294.0,0.36054421768707484,0.8945202729827378,0.8487548124118965,0.403185510797774,0.4096365582024955,0.12435270325416302,0.1288821723793664,0.8367346938775511,0.8188478522681655,0.7692307692307693,0.7843137254901961,0.7547169811320755,0.7924528301886793,-0.5230933700216335,1.0795842309229438,0.08463157442074522
switzerland,hungary,mirrams_equation9,mirrams,0,"{""d_model"": 64, ""dropout"": 0.1, ""evaluation_interval"": 5, ""learning_rate"": 0.0001, ""max_epochs"": 120, ""mirrams_confidence"": 0.95, ""mirrams_lambda_1"": 15.0, ""mirrams_lambda_2"": 15.0, ""mirrams_mask_rate"": 0.3, ""n_heads"": 4, ""n_layers"": 2, ""patience_evaluations"": 8, ""validation_mask_replicates"": 2, ""weight_decay"": 0.001}",5063,empirical_source,0,294.0,0.36054421768707484,0.8910578081091931,0.8375309389985126,0.4173591612118794,0.4142442806833918,0.12976981349868497,0.12942419709820288,0.8401360544217688,0.8359092733841831,0.7873303167420814,0.7565217391304347,0.8207547169811321,0.839622641509434,-0.6564836162309403,1.0494556385054397,0.08958238335446445
switzerland,hungary,mirrams_equation9,mirrams,0,"{""d_model"": 64, ""dropout"": 0.1, ""evaluation_interval"": 5, ""learning_rate"": 0.0001, ""max_epochs"": 120, ""mirrams_confidence"": 0.95, ""mirrams_lambda_1"": 15.0, ""mirrams_lambda_2"": 15.0, ""mirrams_mask_rate"": 0.3, ""n_heads"": 4, ""n_layers"": 2, ""patience_evaluations"": 8, ""validation_mask_replicates"": 2, ""weight_decay"": 0.001}",5063,empirical_source,1,294.0,0.36054421768707484,0.8900541951023685,0.8518969650384491,0.4112293692677775,0.41187165574876894,0.12737044425187663,0.12861884258102874,0.8435374149659864,0.8385688478522682,0.7909090909090909,0.7631578947368421,0.8207547169811321,0.839622641509434,-0.6350365184385485,1.0830415153984632,0.08488009569519725
switzerland,hungary,mirrams_equation9,mirrams,0,"{""d_model"": 64, ""dropout"": 0.1, ""evaluation_interval"": 5, ""learning_rate"": 0.0001, ""max_epochs"": 120, ""mirrams_confidence"": 0.95, ""mirrams_lambda_1"": 15.0, ""mirrams_lambda_2"": 15.0, ""mirrams_mask_rate"": 0.3, ""n_heads"": 4, ""n_layers"": 2, ""patience_evaluations"": 8, ""validation_mask_replicates"": 2, ""weight_decay"": 0.001}",5063,empirical_source,2,294.0,0.36054421768707484,0.8959253311922923,0.8515254411353329,0.4048428147867904,0.4071652823195827,0.12546116726539766,0.12750942140879426,0.8435374149659864,0.8365114411882778,0.7889908256880734,0.7678571428571429,0.8113207547169812,0.8490566037735849,-0.5958749324972529,1.072463673958801,0.07921889823467898
switzerland,hungary,mirrams_equation9,mirrams,0,"{""d_model"": 64, ""dropout"": 0.1, ""evaluation_interval"": 5, ""learning_rate"": 0.0001, ""max_epochs"": 120, ""mirrams_confidence"": 0.95, ""mirrams_lambda_1"": 15.0, ""mirrams_lambda_2"": 15.0, ""mirrams_mask_rate"": 0.3, ""n_heads"": 4, ""n_layers"": 2, ""patience_evaluations"": 8, ""validation_mask_replicates"": 2, ""weight_decay"": 0.001}",5063,empirical_source,3,294.0,0.36054421768707484,0.8912083500602167,0.8343058672381172,0.4173270883159389,0.41335444011791866,0.1292854707311648,0.12859484761468182,0.8401360544217688,0.8379666800481734,0.7892376681614349,0.7521367521367521,0.8301886792452831,0.839622641509434,-0.6574987083134053,1.0734771655171684,0.09244322119514156
switzerland,hungary,mirrams_equation9,mirrams,0,"{""d_model"": 64, ""dropout"": 0.1, ""evaluation_interval"": 5, ""learning_rate"": 0.0001, ""max_epochs"": 120, ""mirrams_confidence"": 0.95, ""mirrams_lambda_1"": 15.0, ""mirrams_lambda_2"": 15.0, ""mirrams_mask_rate"": 0.3, ""n_heads"": 4, ""n_layers"": 2, ""patience_evaluations"": 8, ""validation_mask_replicates"": 2, ""weight_decay"": 0.001}",5063,empirical_source,4,294.0,0.36054421768707484,0.8749498193496588,0.8300930040551666,0.43708007712475927,0.4426088356094818,0.13843662847802307,0.14171145031906754,0.8231292517006803,0.8143817743877961,0.7614678899082569,0.7410714285714286,0.7830188679245284,0.8018867924528302,-0.5782062775564587,0.9902416080911591,0.0934737668601445
switzerland,hungary,mirrams_equation9,mirrams,0,"{""d_model"": 64, ""dropout"": 0.1, ""evaluation_interval"": 5, ""learning_rate"": 0.0001, ""max_epochs"": 120, ""mirrams_confidence"": 0.95, ""mirrams_lambda_1"": 15.0, ""mirrams_lambda_2"": 15.0, ""mirrams_mask_rate"": 0.3, ""n_heads"": 4, ""n_layers"": 2, ""patience_evaluations"": 8, ""validation_mask_replicates"": 2, ""weight_decay"": 0.001}",5063,mar_age_sex_30,0,294.0,0.36054421768707484,0.8739963869931755,0.8181331500105158,0.4444812907832937,0.44331230531618776,0.14181425439770123,0.14218980326387753,0.7891156462585034,0.7857286230429547,0.7256637168141593,0.6833333333333333,0.7735849056603774,0.7735849056603774,-0.6405704880680311,1.0010255435921493,0.10288096368214365
switzerland,hungary,mirrams_equation9,mirrams,0,"{""d_model"": 64, ""dropout"": 0.1, ""evaluation_interval"": 5, ""learning_rate"": 0.0001, ""max_epochs"": 120, ""mirrams_confidence"": 0.95, ""mirrams_lambda_1"": 15.0, ""mirrams_lambda_2"": 15.0, ""mirrams_mask_rate"": 0.3, ""n_heads"": 4, ""n_layers"": 2, ""patience_evaluations"": 8, ""validation_mask_replicates"": 2, ""weight_decay"": 0.001}",5063,mar_age_sex_30,1,294.0,0.36054421768707484,0.8799678843837817,0.8176290111094496,0.4436794867156599,0.44340142562138307,0.1421880831803969,0.14315109458947542,0.7925170068027211,0.7883881975110398,0.7288888888888889,0.6890756302521008,0.7735849056603774,0.7735849056603774,-0.6212318600067644,0.9865973401442253,0.10016298682689437
switzerland,hungary,mirrams_equation9,mirrams,0,"{""d_model"": 64, ""dropout"": 0.1, ""evaluation_interval"": 5, ""learning_rate"": 0.0001, ""max_epochs"": 120, ""mirrams_confidence"": 0.95, ""mirrams_lambda_1"": 15.0, ""mirrams_lambda_2"": 15.0, ""mirrams_mask_rate"": 0.3, ""n_heads"": 4, ""n_layers"": 2, ""patience_evaluations"": 8, ""validation_mask_replicates"": 2, ""weight_decay"": 0.001}",5063,mar_age_sex_30,2,294.0,0.36054421768707484,0.884559413890004,0.8286995650171418,0.4381005031993373,0.43137698129770224,0.13899544610455575,0.13716141376047264,0.8129251700680272,0.8105178643115215,0.7555555555555555,0.7142857142857143,0.8018867924528302,0.8113207547169812,-0.6815363837342137,1.031083911791855,0.09638826311614027
switzerland,hungary,mirrams_equation9,mirrams,0,"{""d_model"": 64, ""dropout"": 0.1, ""evaluation_interval"": 5, ""learning_rate"": 0.0001, ""max_epochs"": 120, ""mirrams_confidence"": 0.95, ""mirrams_lambda_1"": 15.0, ""mirrams_lambda_2"": 15.0, ""mirrams_mask_rate"": 0.3, ""n_heads"": 4, ""n_layers"": 2, ""patience_evaluations"": 8, ""validation_mask_replicates"": 2, ""weight_decay"": 0.001}",5063,mar_age_sex_30,3,294.0,0.36054421768707484,0.8944700923323966,0.8387956960900107,0.41736225875563454,0.4179205516817448,0.1318721928820766,0.1329042401923007,0.8163265306122449,0.8131774387796067,0.7589285714285714,0.7203389830508474,0.8018867924528302,0.8018867924528302,-0.5987825644031568,1.1028411019025084,0.08199564351636116
switzerland,hungary,mirrams_equation9,mirrams,0,"{""d_model"": 64, ""dropout"": 0.1, ""evaluation_interval"": 5, ""learning_rate"": 0.0001, ""max_epochs"": 120, ""mirrams_confidence"": 0.95, ""mirrams_lambda_1"": 15.0, ""mirrams_lambda_2"": 15.0, ""mirrams_mask_rate"": 0.3, ""n_heads"": 4, ""n_layers"": 2, ""patience_evaluations"": 8, ""validation_mask_replicates"": 2, ""weight_decay"": 0.001}",5063,mar_age_sex_30,4,294.0,0.36054421768707484,0.8764552388598956,0.8003117943478617,0.44674689578635207,0.4401715591627857,0.14129193252120084,0.1402141473541424,0.8163265306122449,0.8152348454435969,0.7610619469026548,0.7166666666666667,0.8113207547169812,0.8207547169811321,-0.6911308449165036,0.9939648341141037,0.1123338150217981
switzerland,hungary,mirrams_equation9,mirrams,0,"{""d_model"": 64, ""dropout"": 0.1, ""evaluation_interval"": 5, ""learning_rate"": 0.0001, ""max_epochs"": 120, ""mirrams_confidence"": 0.95, ""mirrams_lambda_1"": 15.0, ""mirrams_lambda_2"": 15.0, ""mirrams_mask_rate"": 0.3, ""n_heads"": 4, ""n_layers"": 2, ""patience_evaluations"": 8, ""validation_mask_replicates"": 2, ""weight_decay"": 0.001}",5063,mcar_10,0,294.0,0.36054421768707484,0.8801184263348053,0.8261650958174721,0.4351106029277008,0.4310225821994615,0.13637737727902524,0.13567544406327237,0.8299319727891157,0.8279305499799278,0.7767857142857143,0.7372881355932204,0.8207547169811321,0.8301886792452831,-0.6771863046741176,1.0114296767774362,0.10162756582819818
switzerland,hungary,mirrams_equation9,mirrams,0,"{""d_model"": 64, ""dropout"": 0.1, ""evaluation_interval"": 5, ""learning_rate"": 0.0001, ""max_epochs"": 120, ""mirrams_confidence"": 0.95, ""mirrams_lambda_1"": 15.0, ""mirrams_lambda_2"": 15.0, ""mirrams_mask_rate"": 0.3, ""n_heads"": 4, ""n_layers"": 2, ""patience_evaluations"": 8, ""validation_mask_replicates"": 2, ""weight_decay"": 0.001}",5063,mcar_10,1,294.0,0.36054421768707484,0.8843837816138096,0.8398158351979399,0.43626653683400834,0.4293611572525757,0.1370285572850372,0.13536701814688729,0.8197278911564626,0.8178944199116821,0.7644444444444445,0.7226890756302521,0.8113207547169812,0.8207547169811321,-0.7093549753237332,1.0487571798909903,0.09693587196187739
switzerland,hungary,mirrams_equation9,mirrams,0,"{""d_model"": 64, ""dropout"": 0.1, ""evaluation_interval"": 5, ""learning_rate"": 0.0001, ""max_epochs"": 120, ""mirrams_confidence"": 0.95, ""mirrams_lambda_1"": 15.0, ""mirrams_lambda_2"": 15.0, ""mirrams_mask_rate"": 0.3, ""n_heads"": 4, ""n_layers"": 2, ""patience_evaluations"": 8, ""validation_mask_replicates"": 2, ""weight_decay"": 0.001}",5063,mcar_10,2,294.0,0.36054421768707484,0.8787133681252509,0.8278831636709124,0.443157887375592,0.4364247411967469,0.14062550025751228,0.1385868297446796,0.8027210884353742,0.8045965475712565,0.7478260869565218,0.6935483870967742,0.8113207547169812,0.8113207547169812,-0.7038013461056533,1.0236741546488333,0.10080177623150609
switzerland,hungary,mirrams_equation9,mirrams,0,"{""d_model"": 64, ""dropout"": 0.1, ""evaluation_interval"": 5, ""learning_rate"": 0.0001, ""max_epochs"": 120, ""mirrams_confidence"": 0.95, ""mirrams_lambda_1"": 15.0, ""mirrams_lambda_2"": 15.0, ""mirrams_mask_rate"": 0.3, ""n_heads"": 4, ""n_layers"": 2, ""patience_evaluations"": 8, ""validation_mask_replicates"": 2, ""weight_decay"": 0.001}",5063,mcar_10,3,294.0,0.36054421768707484,0.8919610598153352,0.8421461358383168,0.42379956288097087,0.417445094973386,0.13173312940260332,0.1301651465515592,0.8333333333333334,0.8264753111200321,0.776255707762557,0.7522123893805309,0.8018867924528302,0.8773584905660378,-0.6978490005091081,1.084278771269603,0.09316284404827552
switzerland,hungary,mirrams_equation9,mirrams,0,"{""d_model"": 64, ""dropout"": 0.1, ""evaluation_interval"": 5, ""learning_rate"": 0.0001, ""max_epochs"": 120, ""mirrams_confidence"": 0.95, ""mirrams_lambda_1"": 15.0, ""mirrams_lambda_2"": 15.0, ""mirrams_mask_rate"": 0.3, ""n_heads"": 4, ""n_layers"": 2, ""patience_evaluations"": 8, ""validation_mask_replicates"": 2, ""weight_decay"": 0.001}",5063,mcar_10,4,294.0,0.36054421768707484,0.8851364913689282,0.826895023870477,0.4379203548857342,0.42903775961251356,0.13814507709041451,0.13571773812193072,0.8095238095238095,0.8099156965074268,0.7543859649122807,0.7049180327868853,0.8113207547169812,0.8113207547169812,-0.7120946457232529,1.0376420977349357,0.10218012605062554
switzerland,hungary,mirrams_equation9,mirrams,0,"{""d_model"": 64, ""dropout"": 0.1, ""evaluation_interval"": 5, ""learning_rate"": 0.0001, ""max_epochs"": 120, ""mirrams_confidence"": 0.95, ""mirrams_lambda_1"": 15.0, ""mirrams_lambda_2"": 15.0, ""mirrams_mask_rate"": 0.3, ""n_heads"": 4, ""n_layers"": 2, ""patience_evaluations"": 8, ""validation_mask_replicates"": 2, ""weight_decay"": 0.001}",5063,mcar_30,0,294.0,0.36054421768707484,0.8470493777599358,0.7932851335609423,0.4860435884580655,0.48324897934826766,0.15697987561646534,0.15641460280954936,0.7891156462585034,0.787786029706945,0.7280701754385965,0.680327868852459,0.7830188679245284,0.7735849056603774,-0.6684409175498099,0.9694773283456385,0.12596550364598721
switzerland,hungary,mirrams_equation9,mirrams,0,"{""d_model"": 64, ""dropout"": 0.1, ""evaluation_interval"": 5, ""learning_rate"": 0.0001, ""max_epochs"": 120, ""mirrams_confidence"": 0.95, ""mirrams_lambda_1"": 15.0, ""mirrams_lambda_2"": 15.0, ""mirrams_mask_rate"": 0.3, ""n_heads"": 4, ""n_layers"": 2, ""patience_evaluations"": 8, ""validation_mask_replicates"": 2, ""weight_decay"": 0.001}",5063,mcar_30,1,294.0,0.36054421768707484,0.8458952228020875,0.7801949009314659,0.5004582219681469,0.4888971368786729,0.16468842903331296,0.16111233379156517,0.7482993197278912,0.7538137294259334,0.6890756302521008,0.6212121212121212,0.7735849056603774,0.7452830188679245,-0.7837844251838766,0.9726263863618627,0.1359632980284534
switzerland,hungary,mirrams_equation9,mirrams,0,"{""d_model"": 64, ""dropout"": 0.1, ""evaluation_interval"": 5, ""learning_rate"": 0.0001, ""max_epochs"": 120, ""mirrams_confidence"": 0.95, ""mirrams_lambda_1"": 15.0, ""mirrams_lambda_2"": 15.0, ""mirrams_mask_rate"": 0.3, ""n_heads"": 4, ""n_layers"": 2, ""patience_evaluations"": 8, ""validation_mask_replicates"": 2, ""weight_decay"": 0.001}",5063,mcar_30,2,294.0,0.36054421768707484,0.8572862304295463,0.7910676979825564,0.5063768994951239,0.48332777503671726,0.16686746756940965,0.15907062640697164,0.7551020408163265,0.7653050983540747,0.7024793388429752,0.625,0.8018867924528302,0.7452830188679245,-0.8727664046580855,0.965795053958307,0.133883690743802
switzerland,hungary,mirrams_equation9,mirrams,0,"{""d_model"": 64, ""dropout"": 0.1, ""evaluation_interval"": 5, ""learning_rate"": 0.0001, ""max_epochs"": 120, ""mirrams_confidence"": 0.95, ""mirrams_lambda_1"": 15.0, ""mirrams_lambda_2"": 15.0, ""mirrams_mask_rate"": 0.3, ""n_heads"": 4, ""n_layers"": 2, ""patience_evaluations"": 8, ""validation_mask_replicates"": 2, ""weight_decay"": 0.001}",5063,mcar_30,3,294.0,0.36054421768707484,0.8613508631071859,0.8026811826193334,0.4806373579273681,0.4681711452069449,0.15616549321815712,0.15198493755442333,0.7755102040816326,0.7833199518265757,0.7226890756302521,0.6515151515151515,0.8113207547169812,0.7830188679245284,-0.7590422197849517,1.0297810658262385,0.11604046741714936
switzerland,hungary,mirrams_equation9,mirrams,0,"{""d_model"": 64, ""dropout"": 0.1, ""evaluation_interval"": 5, ""learning_rate"": 0.0001, ""max_epochs"": 120, ""mirrams_confidence"": 0.95, ""mirrams_lambda_1"": 15.0, ""mirrams_lambda_2"": 15.0, ""mirrams_mask_rate"": 0.3, ""n_heads"": 4, ""n_layers"": 2, ""patience_evaluations"": 8, ""validation_mask_replicates"": 2, ""weight_decay"": 0.001}",5063,mcar_30,4,294.0,0.36054421768707484,0.8725411481332798,0.806691948083863,0.47136526415393226,0.45042829622071195,0.15123270780934384,0.14422504783649878,0.7857142857142857,0.7933560818948213,0.7341772151898734,0.6641221374045801,0.8207547169811321,0.8113207547169812,-0.8871670936241921,1.0741719396621228,0.12006068820987861
switzerland,hungary,mirrams_equation9,mirrams,0,"{""d_model"": 64, ""dropout"": 0.1, ""evaluation_interval"": 5, ""learning_rate"": 0.0001, ""max_epochs"": 120, ""mirrams_confidence"": 0.95, ""mirrams_lambda_1"": 15.0, ""mirrams_lambda_2"": 15.0, ""mirrams_mask_rate"": 0.3, ""n_heads"": 4, ""n_layers"": 2, ""patience_evaluations"": 8, ""validation_mask_replicates"": 2, ""weight_decay"": 0.001}",5063,mcar_50,0,294.0,0.36054421768707484,0.7806101967081492,0.6791735965930733,0.6038532311280345,0.5783941301189414,0.20677643010382774,0.1966551063044977,0.6904761904761905,0.7044861501405059,0.6374501992031872,0.5517241379310345,0.7547169811320755,0.5754716981132075,-0.7781970361242729,0.7980741473186164,0.209399954864989
switzerland,hungary,mirrams_equation9,mirrams,0,"{""d_model"": 64, ""dropout"": 0.1, ""evaluation_interval"": 5, ""learning_rate"": 0.0001, ""max_epochs"": 120, ""mirrams_confidence"": 0.95, ""mirrams_lambda_1"": 15.0, ""mirrams_lambda_2"": 15.0, ""mirrams_mask_rate"": 0.3, ""n_heads"": 4, ""n_layers"": 2, ""patience_evaluations"": 8, ""validation_mask_replicates"": 2, ""weight_decay"": 0.001}",5063,mcar_50,1,294.0,0.36054421768707484,0.8282316338819751,0.7419970679784893,0.5516430302734584,0.5213930929629703,0.18523643863031217,0.17400636158886879,0.7346938775510204,0.7472902448815737,0.6829268292682927,0.6,0.7924528301886793,0.6981132075471698,-0.90506186110079,0.9598767839976161,0.17042542974786298
switzerland,hungary,mirrams_equation9,mirrams,0,"{""d_model"": 64, ""dropout"": 0.1, ""evaluation_interval"": 5, ""learning_rate"": 0.0001, ""max_epochs"": 120, ""mirrams_confidence"": 0.95, ""mirrams_lambda_1"": 15.0, ""mirrams_lambda_2"": 15.0, ""mirrams_mask_rate"": 0.3, ""n_heads"": 4, ""n_layers"": 2, ""patience_evaluations"": 8, ""validation_mask_replicates"": 2, ""weight_decay"": 0.001}",5063,mcar_50,2,294.0,0.36054421768707484,0.8041700120433561,0.7248442851783008,0.5679215133991368,0.5481204928701213,0.18997475126883434,0.1825969041677702,0.7244897959183674,0.7290244881573664,0.6610878661087866,0.5939849624060151,0.7452830188679245,0.6792452830188679,-0.7981712942673359,0.8762752879434978,0.19378536752178704
switzerland,hungary,mirrams_equation9,mirrams,0,"{""d_model"": 64, ""dropout"": 0.1, ""evaluation_interval"": 5, ""learning_rate"": 0.0001, ""max_epochs"": 120, ""mirrams_confidence"": 0.95, ""mirrams_lambda_1"": 15.0, ""mirrams_lambda_2"": 15.0, ""mirrams_mask_rate"": 0.3, ""n_heads"": 4, ""n_layers"": 2, ""patience_evaluations"": 8, ""validation_mask_replicates"": 2, ""weight_decay"": 0.001}",5063,mcar_50,3,294.0,0.36054421768707484,0.8119229225210758,0.7258119354018493,0.5767776180334357,0.5444962159551885,0.19391649513548045,0.1810088505859322,0.7210884353741497,0.7448815736651947,0.6821705426356589,0.5789473684210527,0.8301886792452831,0.6981132075471698,-0.8896478900900318,0.9064641107690374,0.18892507450654233
switzerland,hungary,mirrams_equation9,mirrams,0,"{""d_model"": 64, ""dropout"": 0.1, ""evaluation_interval"": 5, ""learning_rate"": 0.0001, ""max_epochs"": 120, ""mirrams_confidence"": 0.95, ""mirrams_lambda_1"": 15.0, ""mirrams_lambda_2"": 15.0, ""mirrams_mask_rate"": 0.3, ""n_heads"": 4, ""n_layers"": 2, ""patience_evaluations"": 8, ""validation_mask_replicates"": 2, ""weight_decay"": 0.001}",5063,mcar_50,4,294.0,0.36054421768707484,0.8433861902850261,0.7825747253554916,0.5360233803842974,0.5057015052726943,0.17927211503551332,0.1673296359203793,0.7414965986394558,0.7608390204737054,0.6984126984126984,0.6027397260273972,0.8301886792452831,0.7169811320754716,-0.9762272553221162,1.0578643715807798,0.1558532559309418
switzerland,hungary,mirrams_equation9,mirrams,0,"{""d_model"": 64, ""dropout"": 0.1, ""evaluation_interval"": 5, ""learning_rate"": 0.0001, ""max_epochs"": 120, ""mirrams_confidence"": 0.95, ""mirrams_lambda_1"": 15.0, ""mirrams_lambda_2"": 15.0, ""mirrams_mask_rate"": 0.3, ""n_heads"": 4, ""n_layers"": 2, ""patience_evaluations"": 8, ""validation_mask_replicates"": 2, ""weight_decay"": 0.001}",5063,natural,0,294.0,0.36054421768707484,0.8939181051786431,0.8502225818805408,0.41139237980957455,0.4105113194443145,0.12814160014074796,0.12887867852891915,0.8401360544217688,0.8338518667201927,0.7853881278538812,0.7610619469026548,0.8113207547169812,0.8301886792452831,-0.6401340040588683,1.041415208389466,0.08287029768104276
switzerland,hungary,mirrams_equation9,mirrams,0,"{""d_model"": 64, ""dropout"": 0.1, ""evaluation_interval"": 5, ""learning_rate"": 0.0001, ""max_epochs"": 120, ""mirrams_confidence"": 0.95, ""mirrams_lambda_1"": 15.0, ""mirrams_lambda_2"": 15.0, ""mirrams_mask_rate"": 0.3, ""n_heads"": 4, ""n_layers"": 2, ""patience_evaluations"": 8, ""validation_mask_replicates"": 2, ""weight_decay"": 0.001}",5064,drop_advanced,0,294.0,0.36054421768707484,0.8941690084303493,0.8514192750587574,0.4429416151104619,0.4302944106937121,0.13278095550463087,0.13032032574969843,0.826530612244898,0.827328382175833,0.775330396475771,0.7272727272727273,0.8301886792452831,0.8584905660377359,-0.7753071655075842,0.7423725436210272,0.0954098063448128
switzerland,hungary,mirrams_equation9,mirrams,0,"{""d_model"": 64, ""dropout"": 0.1, ""evaluation_interval"": 5, ""learning_rate"": 0.0001, ""max_epochs"": 120, ""mirrams_confidence"": 0.95, ""mirrams_lambda_1"": 15.0, ""mirrams_lambda_2"": 15.0, ""mirrams_mask_rate"": 0.3, ""n_heads"": 4, ""n_layers"": 2, ""patience_evaluations"": 8, ""validation_mask_replicates"": 2, ""weight_decay"": 0.001}",5064,drop_exercise,0,294.0,0.36054421768707484,0.8471999197109595,0.7379295188928285,0.5521326648976399,0.5083807143609264,0.17907547280290134,0.1637688179256352,0.7551020408163265,0.7776495383380169,0.7165354330708661,0.6148648648648649,0.8584905660377359,0.7641509433962265,-0.9624002611655341,0.7933444517919968,0.1522219071088965
switzerland,hungary,mirrams_equation9,mirrams,0,"{""d_model"": 64, ""dropout"": 0.1, ""evaluation_interval"": 5, ""learning_rate"": 0.0001, ""max_epochs"": 120, ""mirrams_confidence"": 0.95, ""mirrams_lambda_1"": 15.0, ""mirrams_lambda_2"": 15.0, ""mirrams_mask_rate"": 0.3, ""n_heads"": 4, ""n_layers"": 2, ""patience_evaluations"": 8, ""validation_mask_replicates"": 2, ""weight_decay"": 0.001}",5064,drop_routine,0,294.0,0.36054421768707484,0.8964271376957046,0.8379563513756693,0.4263988576674619,0.4169138956957338,0.1306955803177469,0.1289105067090354,0.8231292517006803,0.8205539943797672,0.7678571428571429,0.7288135593220338,0.8113207547169812,0.8207547169811321,-0.7534021706611869,0.8169755098110122,0.09379294736231227
switzerland,hungary,mirrams_equation9,mirrams,0,"{""d_model"": 64, ""dropout"": 0.1, ""evaluation_interval"": 5, ""learning_rate"": 0.0001, ""max_epochs"": 120, ""mirrams_confidence"": 0.95, ""mirrams_lambda_1"": 15.0, ""mirrams_lambda_2"": 15.0, ""mirrams_mask_rate"": 0.3, ""n_heads"": 4, ""n_layers"": 2, ""patience_evaluations"": 8, ""validation_mask_replicates"": 2, ""weight_decay"": 0.001}",5064,empirical_source,0,294.0,0.36054421768707484,0.8809714973906062,0.8375331379347017,0.4636874357390066,0.45599010052595756,0.14152167048923278,0.14007898799955126,0.8163265306122449,0.8172922521075874,0.7631578947368421,0.7131147540983607,0.8207547169811321,0.839622641509434,-0.7325070506681763,0.720263357451323,0.10020663412765171
switzerland,hungary,mirrams_equation9,mirrams,0,"{""d_model"": 64, ""dropout"": 0.1, ""evaluation_interval"": 5, ""learning_rate"": 0.0001, ""max_epochs"": 120, ""mirrams_confidence"": 0.95, ""mirrams_lambda_1"": 15.0, ""mirrams_lambda_2"": 15.0, ""mirrams_mask_rate"": 0.3, ""n_heads"": 4, ""n_layers"": 2, ""patience_evaluations"": 8, ""validation_mask_replicates"": 2, ""weight_decay"": 0.001}",5064,empirical_source,1,294.0,0.36054421768707484,0.8910076274588519,0.8433695147313732,0.44306220005831753,0.43000177801807543,0.1340142027376671,0.1307049473090952,0.826530612244898,0.8293857888398234,0.777292576419214,0.7235772357723578,0.839622641509434,0.8679245283018868,-0.771752756838386,0.7755322327920326,0.09790605686516111
switzerland,hungary,mirrams_equation9,mirrams,0,"{""d_model"": 64, ""dropout"": 0.1, ""evaluation_interval"": 5, ""learning_rate"": 0.0001, ""max_epochs"": 120, ""mirrams_confidence"": 0.95, ""mirrams_lambda_1"": 15.0, ""mirrams_lambda_2"": 15.0, ""mirrams_mask_rate"": 0.3, ""n_heads"": 4, ""n_layers"": 2, ""patience_evaluations"": 8, ""validation_mask_replicates"": 2, ""weight_decay"": 0.001}",5064,empirical_source,2,294.0,0.36054421768707484,0.8939682858289844,0.8452718384841891,0.444883379319474,0.4263253968448625,0.1335908290434254,0.1284773585985902,0.8197278911564626,0.8261240465676436,0.7725321888412017,0.7086614173228346,0.8490566037735849,0.8773584905660378,-0.8322946399770634,0.7757060826370347,0.10025146257560336
switzerland,hungary,mirrams_equation9,mirrams,0,"{""d_model"": 64, ""dropout"": 0.1, ""evaluation_interval"": 5, ""learning_rate"": 0.0001, ""max_epochs"": 120, ""mirrams_confidence"": 0.95, ""mirrams_lambda_1"": 15.0, ""mirrams_lambda_2"": 15.0, ""mirrams_mask_rate"": 0.3, ""n_heads"": 4, ""n_layers"": 2, ""patience_evaluations"": 8, ""validation_mask_replicates"": 2, ""weight_decay"": 0.001}",5064,empirical_source,3,294.0,0.36054421768707484,0.9077177840224808,0.8674750802249767,0.41391683528535406,0.3960910679129151,0.12534329509792239,0.12058177907514922,0.8401360544217688,0.8461963067041349,0.7965367965367965,0.736,0.8679245283018868,0.8773584905660378,-0.8578837083420103,0.8314827537892744,0.08175070417839048
switzerland,hungary,mirrams_equation9,mirrams,0,"{""d_model"": 64, ""dropout"": 0.1, ""evaluation_interval"": 5, ""learning_rate"": 0.0001, ""max_epochs"": 120, ""mirrams_confidence"": 0.95, ""mirrams_lambda_1"": 15.0, ""mirrams_lambda_2"": 15.0, ""mirrams_mask_rate"": 0.3, ""n_heads"": 4, ""n_layers"": 2, ""patience_evaluations"": 8, ""validation_mask_replicates"": 2, ""weight_decay"": 0.001}",5064,empirical_source,4,294.0,0.36054421768707484,0.8946708149337615,0.8454065787490322,0.44611264827517555,0.4278408279572211,0.13523894266857325,0.13076424651030333,0.8197278911564626,0.8240666399036531,0.7705627705627706,0.712,0.839622641509434,0.8584905660377359,-0.8125322239735044,0.7690029052250259,0.09602477823062393
switzerland,hungary,mirrams_equation9,mirrams,0,"{""d_model"": 64, ""dropout"": 0.1, ""evaluation_interval"": 5, ""learning_rate"": 0.0001, ""max_epochs"": 120, ""mirrams_confidence"": 0.95, ""mirrams_lambda_1"": 15.0, ""mirrams_lambda_2"": 15.0, ""mirrams_mask_rate"": 0.3, ""n_heads"": 4, ""n_layers"": 2, ""patience_evaluations"": 8, ""validation_mask_replicates"": 2, ""weight_decay"": 0.001}",5064,mar_age_sex_30,0,294.0,0.36054421768707484,0.8831794460056203,0.8035553713032365,0.47324296434713525,0.4497238897285904,0.1438226252451682,0.13740746070338863,0.8027210884353742,0.8066539542352469,0.75,0.6904761904761905,0.8207547169811321,0.8207547169811321,-0.8235963259250092,0.7388583608547176,0.11855947490233563
switzerland,hungary,mirrams_equation9,mirrams,0,"{""d_model"": 64, ""dropout"": 0.1, ""evaluation_interval"": 5, ""learning_rate"": 0.0001, ""max_epochs"": 120, ""mirrams_confidence"": 0.95, ""mirrams_lambda_1"": 15.0, ""mirrams_lambda_2"": 15.0, ""mirrams_mask_rate"": 0.3, ""n_heads"": 4, ""n_layers"": 2, ""patience_evaluations"": 8, ""validation_mask_replicates"": 2, ""weight_decay"": 0.001}",5064,mar_age_sex_30,1,294.0,0.36054421768707484,0.8916097952629466,0.8498981284466189,0.45198179696787305,0.4351181695936919,0.13939965961530293,0.13375598017916868,0.8163265306122449,0.8255218787635488,0.7711864406779662,0.7,0.8584905660377359,0.8301886792452831,-0.8294931100088808,0.7695905601571185,0.09591453831842908
switzerland,hungary,mirrams_equation9,mirrams,0,"{""d_model"": 64, ""dropout"": 0.1, ""evaluation_interval"": 5, ""learning_rate"": 0.0001, ""max_epochs"": 120, ""mirrams_confidence"": 0.95, ""mirrams_lambda_1"": 15.0, ""mirrams_lambda_2"": 15.0, ""mirrams_mask_rate"": 0.3, ""n_heads"": 4, ""n_layers"": 2, ""patience_evaluations"": 8, ""validation_mask_replicates"": 2, ""weight_decay"": 0.001}",5064,mar_age_sex_30,2,294.0,0.36054421768707484,0.8992372541148133,0.8623097464199019,0.42700774525633234,0.41386851362489985,0.13376330876419593,0.129900457625752,0.8095238095238095,0.8160879164993978,0.7606837606837606,0.6953125,0.839622641509434,0.8207547169811321,-0.7997971058075268,0.8182854996742149,0.08098818603568046
switzerland,hungary,mirrams_equation9,mirrams,0,"{""d_model"": 64, ""dropout"": 0.1, ""evaluation_interval"": 5, ""learning_rate"": 0.0001, ""max_epochs"": 120, ""mirrams_confidence"": 0.95, ""mirrams_lambda_1"": 15.0, ""mirrams_lambda_2"": 15.0, ""mirrams_mask_rate"": 0.3, ""n_heads"": 4, ""n_layers"": 2, ""patience_evaluations"": 8, ""validation_mask_replicates"": 2, ""weight_decay"": 0.001}",5064,mar_age_sex_30,3,294.0,0.36054421768707484,0.8865917302288239,0.7991918363487343,0.45380875492812933,0.43637879386607537,0.13892015462212604,0.133571942910911,0.8095238095238095,0.8202027298273786,0.7647058823529411,0.6893939393939394,0.8584905660377359,0.8584905660377359,-0.7860467644706789,0.7658034477485692,0.11467458550948305
switzerland,hungary,mirrams_equation9,mirrams,0,"{""d_model"": 64, ""dropout"": 0.1, ""evaluation_interval"": 5, ""learning_rate"": 0.0001, ""max_epochs"": 120, ""mirrams_confidence"": 0.95, ""mirrams_lambda_1"": 15.0, ""mirrams_lambda_2"": 15.0, ""mirrams_mask_rate"": 0.3, ""n_heads"": 4, ""n_layers"": 2, ""patience_evaluations"": 8, ""validation_mask_replicates"": 2, ""weight_decay"": 0.001}",5064,mar_age_sex_30,4,294.0,0.36054421768707484,0.8957747892412686,0.8516983866289959,0.43868369874602936,0.42172801004724514,0.13738207463661004,0.13206525720959106,0.8163265306122449,0.8234644720995584,0.7692307692307693,0.703125,0.8490566037735849,0.8490566037735849,-0.832832247907353,0.8163586495589478,0.08783090278891756
switzerland,hungary,mirrams_equation9,mirrams,0,"{""d_model"": 64, ""dropout"": 0.1, ""evaluation_interval"": 5, ""learning_rate"": 0.0001, ""max_epochs"": 120, ""mirrams_confidence"": 0.95, ""mirrams_lambda_1"": 15.0, ""mirrams_lambda_2"": 15.0, ""mirrams_mask_rate"": 0.3, ""n_heads"": 4, ""n_layers"": 2, ""patience_evaluations"": 8, ""validation_mask_replicates"": 2, ""weight_decay"": 0.001}",5064,mcar_10,0,294.0,0.36054421768707484,0.8782617422721799,0.84548209659072,0.46414109952091226,0.4563998054757813,0.1422016483180727,0.14040042386975088,0.8129251700680272,0.8166900843034925,0.7619047619047619,0.704,0.8301886792452831,0.8490566037735849,-0.7856508379461251,0.7333206961443194,0.0994625402157948
switzerland,hungary,mirrams_equation9,mirrams,0,"{""d_model"": 64, ""dropout"": 0.1, ""evaluation_interval"": 5, ""learning_rate"": 0.0001, ""max_epochs"": 120, ""mirrams_confidence"": 0.95, ""mirrams_lambda_1"": 15.0, ""mirrams_lambda_2"": 15.0, ""mirrams_mask_rate"": 0.3, ""n_heads"": 4, ""n_layers"": 2, ""patience_evaluations"": 8, ""validation_mask_replicates"": 2, ""weight_decay"": 0.001}",5064,mcar_10,1,294.0,0.36054421768707484,0.8984845443596948,0.8593691534592718,0.44265827396211094,0.4230728432170967,0.1352669133043053,0.12919757973072768,0.826530612244898,0.8314431955038137,0.7792207792207793,0.72,0.8490566037735849,0.8584905660377359,-0.889911538476811,0.790785468097045,0.09181392120604372
switzerland,hungary,mirrams_equation9,mirrams,0,"{""d_model"": 64, ""dropout"": 0.1, ""evaluation_interval"": 5, ""learning_rate"": 0.0001, ""max_epochs"": 120, ""mirrams_confidence"": 0.95, ""mirrams_lambda_1"": 15.0, ""mirrams_lambda_2"": 15.0, ""mirrams_mask_rate"": 0.3, ""n_heads"": 4, ""n_layers"": 2, ""patience_evaluations"": 8, ""validation_mask_replicates"": 2, ""weight_decay"": 0.001}",5064,mcar_10,2,294.0,0.36054421768707484,0.8864411882778002,0.8426658762042579,0.4495840770422911,0.4401038822811406,0.13753770092381423,0.1358555445194938,0.8197278911564626,0.8199518265756724,0.7665198237885462,0.71900826446281,0.8207547169811321,0.839622641509434,-0.7744707923254679,0.7461603598159932,0.097415805649012
switzerland,hungary,mirrams_equation9,mirrams,0,"{""d_model"": 64, ""dropout"": 0.1, ""evaluation_interval"": 5, ""learning_rate"": 0.0001, ""max_epochs"": 120, ""mirrams_confidence"": 0.95, ""mirrams_lambda_1"": 15.0, ""mirrams_lambda_2"": 15.0, ""mirrams_mask_rate"": 0.3, ""n_heads"": 4, ""n_layers"": 2, ""patience_evaluations"": 8, ""validation_mask_replicates"": 2, ""weight_decay"": 0.001}",5064,mcar_10,3,294.0,0.36054421768707484,0.894971898835809,0.8420282970595675,0.43507475752380315,0.42114946462981995,0.1321809416145862,0.12911968456897882,0.8299319727891157,0.8299879566439181,0.7787610619469026,0.7333333333333333,0.8301886792452831,0.839622641509434,-0.7928477556305233,0.7864578254766694,0.09661419519045056
switzerland,hungary,mirrams_equation9,mirrams,0,"{""d_model"": 64, ""dropout"": 0.1, ""evaluation_interval"": 5, ""learning_rate"": 0.0001, ""max_epochs"": 120, ""mirrams_confidence"": 0.95, ""mirrams_lambda_1"": 15.0, ""mirrams_lambda_2"": 15.0, ""mirrams_mask_rate"": 0.3, ""n_heads"": 4, ""n_layers"": 2, ""patience_evaluations"": 8, ""validation_mask_replicates"": 2, ""weight_decay"": 0.001}",5064,mcar_10,4,294.0,0.36054421768707484,0.888849859494179,0.8505768670979581,0.4551722896257975,0.44027404944341336,0.1418089097087505,0.138290244594576,0.8027210884353742,0.8045965475712565,0.7478260869565218,0.6935483870967742,0.8113207547169812,0.8113207547169812,-0.8175095646092033,0.7566297006080134,0.09345923941570686
switzerland,hungary,mirrams_equation9,mirrams,0,"{""d_model"": 64, ""dropout"": 0.1, ""evaluation_interval"": 5, ""learning_rate"": 0.0001, ""max_epochs"": 120, ""mirrams_confidence"": 0.95, ""mirrams_lambda_1"": 15.0, ""mirrams_lambda_2"": 15.0, ""mirrams_mask_rate"": 0.3, ""n_heads"": 4, ""n_layers"": 2, ""patience_evaluations"": 8, ""validation_mask_replicates"": 2, ""weight_decay"": 0.001}",5064,mcar_30,0,294.0,0.36054421768707484,0.877207948615014,0.8078689793259242,0.47714717841708393,0.4558408995165356,0.15057520008554925,0.14553239421665168,0.782312925170068,0.7865816940987556,0.7264957264957265,0.6640625,0.8018867924528302,0.7924528301886793,-0.8434601218318488,0.7674150917000676,0.11639237965776807
switzerland,hungary,mirrams_equation9,mirrams,0,"{""d_model"": 64, ""dropout"": 0.1, ""evaluation_interval"": 5, ""learning_rate"": 0.0001, ""max_epochs"": 120, ""mirrams_confidence"": 0.95, ""mirrams_lambda_1"": 15.0, ""mirrams_lambda_2"": 15.0, ""mirrams_mask_rate"": 0.3, ""n_heads"": 4, ""n_layers"": 2, ""patience_evaluations"": 8, ""validation_mask_replicates"": 2, ""weight_decay"": 0.001}",5064,mcar_30,1,294.0,0.36054421768707484,0.8868426334805299,0.8403583076872887,0.45939698754202674,0.4385013434377679,0.14433571778902438,0.13800196059918318,0.7857142857142857,0.7954134885588118,0.7364016736401674,0.6616541353383458,0.8301886792452831,0.8301886792452831,-0.9103859184826406,0.8183005687979666,0.10333408176798706
switzerland,hungary,mirrams_equation9,mirrams,0,"{""d_model"": 64, ""dropout"": 0.1, ""evaluation_interval"": 5, ""learning_rate"": 0.0001, ""max_epochs"": 120, ""mirrams_confidence"": 0.95, ""mirrams_lambda_1"": 15.0, ""mirrams_lambda_2"": 15.0, ""mirrams_mask_rate"": 0.3, ""n_heads"": 4, ""n_layers"": 2, ""patience_evaluations"": 8, ""validation_mask_replicates"": 2, ""weight_decay"": 0.001}",5064,mcar_30,2,294.0,0.36054421768707484,0.8711862705740666,0.8177310284137884,0.5045331471798199,0.47997807709388496,0.1595598779825263,0.15237405858139125,0.7687074829931972,0.7759433962264151,0.7142857142857143,0.6439393939393939,0.8018867924528302,0.7924528301886793,-0.8907567353739052,0.7276282235114715,0.11813565000196787
switzerland,hungary,mirrams_equation9,mirrams,0,"{""d_model"": 64, ""dropout"": 0.1, ""evaluation_interval"": 5, ""learning_rate"": 0.0001, ""max_epochs"": 120, ""mirrams_confidence"": 0.95, ""mirrams_lambda_1"": 15.0, ""mirrams_lambda_2"": 15.0, ""mirrams_mask_rate"": 0.3, ""n_heads"": 4, ""n_layers"": 2, ""patience_evaluations"": 8, ""validation_mask_replicates"": 2, ""weight_decay"": 0.001}",5064,mcar_30,3,294.0,0.36054421768707484,0.8854877559213167,0.8252578571538995,0.4813495961365033,0.44905542850691893,0.14812819154684126,0.13876848049886903,0.8197278911564626,0.8322962665596146,0.7782426778242678,0.6992481203007519,0.8773584905660378,0.8584905660377359,-0.9488182074360644,0.7923568666255821,0.11408097378967556
switzerland,hungary,mirrams_equation9,mirrams,0,"{""d_model"": 64, ""dropout"": 0.1, ""evaluation_interval"": 5, ""learning_rate"": 0.0001, ""max_epochs"": 120, ""mirrams_confidence"": 0.95, ""mirrams_lambda_1"": 15.0, ""mirrams_lambda_2"": 15.0, ""mirrams_mask_rate"": 0.3, ""n_heads"": 4, ""n_layers"": 2, ""patience_evaluations"": 8, ""validation_mask_replicates"": 2, ""weight_decay"": 0.001}",5064,mcar_30,4,294.0,0.36054421768707484,0.8654656764351666,0.8065257484147852,0.49986825742389096,0.48329464885907836,0.15382041320755688,0.14924311764587106,0.7959183673469388,0.803392211963067,0.7457627118644068,0.676923076923077,0.8301886792452831,0.8113207547169812,-0.8040814157876045,0.7122136651825078,0.12816299432924613
switzerland,hungary,mirrams_equation9,mirrams,0,"{""d_model"": 64, ""dropout"": 0.1, ""evaluation_interval"": 5, ""learning_rate"": 0.0001, ""max_epochs"": 120, ""mirrams_confidence"": 0.95, ""mirrams_lambda_1"": 15.0, ""mirrams_lambda_2"": 15.0, ""mirrams_mask_rate"": 0.3, ""n_heads"": 4, ""n_layers"": 2, ""patience_evaluations"": 8, ""validation_mask_replicates"": 2, ""weight_decay"": 0.001}",5064,mcar_50,0,294.0,0.36054421768707484,0.8606985146527499,0.8149096365174764,0.507093681183597,0.48322075192600206,0.167559176584716,0.1599140328993375,0.7448979591836735,0.755268968285829,0.691358024691358,0.6131386861313869,0.7924528301886793,0.7358490566037735,-0.8615079541203127,0.8027929215442663,0.11640488920352078
switzerland,hungary,mirrams_equation9,mirrams,0,"{""d_model"": 64, ""dropout"": 0.1, ""evaluation_interval"": 5, ""learning_rate"": 0.0001, ""max_epochs"": 120, ""mirrams_confidence"": 0.95, ""mirrams_lambda_1"": 15.0, ""mirrams_lambda_2"": 15.0, ""mirrams_mask_rate"": 0.3, ""n_heads"": 4, ""n_layers"": 2, ""patience_evaluations"": 8, ""validation_mask_replicates"": 2, ""weight_decay"": 0.001}",5064,mcar_50,1,294.0,0.36054421768707484,0.8518667201926937,0.7926115903493623,0.54395336374897,0.5072329268771407,0.1762793579688485,0.1640136897095428,0.7414965986394558,0.7567242071457246,0.6935483870967742,0.6056338028169014,0.8113207547169812,0.7358490566037735,-0.9715178418485529,0.7766920923960279,0.14384252740827214
switzerland,hungary,mirrams_equation9,mirrams,0,"{""d_model"": 64, ""dropout"": 0.1, ""evaluation_interval"": 5, ""learning_rate"": 0.0001, ""max_epochs"": 120, ""mirrams_confidence"": 0.95, ""mirrams_lambda_1"": 15.0, ""mirrams_lambda_2"": 15.0, ""mirrams_mask_rate"": 0.3, ""n_heads"": 4, ""n_layers"": 2, ""patience_evaluations"": 8, ""validation_mask_replicates"": 2, ""weight_decay"": 0.001}",5064,mcar_50,2,294.0,0.36054421768707484,0.8483540746688076,0.7947195063360989,0.5235710692357595,0.5031350227376226,0.1690387937457037,0.16277662552319952,0.7551020408163265,0.7591328783621036,0.6949152542372882,0.6307692307692307,0.7735849056603774,0.7452830188679245,-0.8717946475934296,0.775061579717759,0.1416502401463514
switzerland,hungary,mirrams_equation9,mirrams,0,"{""d_model"": 64, ""dropout"": 0.1, ""evaluation_interval"": 5, ""learning_rate"": 0.0001, ""max_epochs"": 120, ""mirrams_confidence"": 0.95, ""mirrams_lambda_1"": 15.0, ""mirrams_lambda_2"": 15.0, ""mirrams_mask_rate"": 0.3, ""n_heads"": 4, ""n_layers"": 2, ""patience_evaluations"": 8, ""validation_mask_replicates"": 2, ""weight_decay"": 0.001}",5064,mcar_50,3,294.0,0.36054421768707484,0.8441890806904858,0.7955344349359261,0.5797808487335628,0.5394756694511726,0.19174130241294748,0.17633533397592502,0.7312925170068028,0.7590325170614212,0.6973180076628352,0.5870967741935483,0.8584905660377359,0.7358490566037735,-1.025150756709595,0.7372445279174132,0.15385337947388458
switzerland,hungary,mirrams_equation9,mirrams,0,"{""d_model"": 64, ""dropout"": 0.1, ""evaluation_interval"": 5, ""learning_rate"": 0.0001, ""max_epochs"": 120, ""mirrams_confidence"": 0.95, ""mirrams_lambda_1"": 15.0, ""mirrams_lambda_2"": 15.0, ""mirrams_mask_rate"": 0.3, ""n_heads"": 4, ""n_layers"": 2, ""patience_evaluations"": 8, ""validation_mask_replicates"": 2, ""weight_decay"": 0.001}",5064,mcar_50,4,294.0,0.36054421768707484,0.8544008430349257,0.7888822460693713,0.5440321899091718,0.507398578592062,0.17267928509895955,0.1600578594769418,0.7755102040816326,0.795664391810518,0.736,0.6388888888888888,0.8679245283018868,0.7924528301886793,-0.9834331528859905,0.7660203123127286,0.15015993505187608
switzerland,hungary,mirrams_equation9,mirrams,0,"{""d_model"": 64, ""dropout"": 0.1, ""evaluation_interval"": 5, ""learning_rate"": 0.0001, ""max_epochs"": 120, ""mirrams_confidence"": 0.95, ""mirrams_lambda_1"": 15.0, ""mirrams_lambda_2"": 15.0, ""mirrams_mask_rate"": 0.3, ""n_heads"": 4, ""n_layers"": 2, ""patience_evaluations"": 8, ""validation_mask_replicates"": 2, ""weight_decay"": 0.001}",5064,natural,0,294.0,0.36054421768707484,0.900040144520273,0.857412805615246,0.428753098437599,0.41392156173295536,0.1282590584069607,0.12469459853085656,0.8333333333333334,0.836762344439984,0.7860262008733624,0.7317073170731707,0.8490566037735849,0.8867924528301887,-0.8031001742601952,0.7754574991010028,0.09082271362735286
switzerland,va_long_beach,mirrams_equation9,mirrams,0,"{""d_model"": 64, ""dropout"": 0.1, ""evaluation_interval"": 5, ""learning_rate"": 0.0001, ""max_epochs"": 120, ""mirrams_confidence"": 0.95, ""mirrams_lambda_1"": 15.0, ""mirrams_lambda_2"": 15.0, ""mirrams_mask_rate"": 0.3, ""n_heads"": 4, ""n_layers"": 2, ""patience_evaluations"": 8, ""validation_mask_replicates"": 2, ""weight_decay"": 0.001}",5062,drop_advanced,0,200.0,0.745,0.7199631530464535,0.8827896139392789,0.5779835771765742,0.6255960403396934,0.19630602883455603,0.21736274243838857,0.725,0.6993683379392026,0.8028673835125448,0.8615384615384616,0.7516778523489933,0.5302013422818792,0.8755506907769098,0.8055732483722563,0.20183310815147987
switzerland,va_long_beach,mirrams_equation9,mirrams,0,"{""d_model"": 64, ""dropout"": 0.1, ""evaluation_interval"": 5, ""learning_rate"": 0.0001, ""max_epochs"": 120, ""mirrams_confidence"": 0.95, ""mirrams_lambda_1"": 15.0, ""mirrams_lambda_2"": 15.0, ""mirrams_mask_rate"": 0.3, ""n_heads"": 4, ""n_layers"": 2, ""patience_evaluations"": 8, ""validation_mask_replicates"": 2, ""weight_decay"": 0.001}",5062,drop_exercise,0,200.0,0.745,0.6858797210159232,0.8517302524528271,0.5889485269607829,0.6465693090726139,0.20025958138887495,0.2274951781648753,0.72,0.6573233320173707,0.8068965517241379,0.8297872340425532,0.785234899328859,0.3691275167785235,0.6964329117828192,1.5024835318540433,0.17655340999756655
switzerland,va_long_beach,mirrams_equation9,mirrams,0,"{""d_model"": 64, ""dropout"": 0.1, ""evaluation_interval"": 5, ""learning_rate"": 0.0001, ""max_epochs"": 120, ""mirrams_confidence"": 0.95, ""mirrams_lambda_1"": 15.0, ""mirrams_lambda_2"": 15.0, ""mirrams_mask_rate"": 0.3, ""n_heads"": 4, ""n_layers"": 2, ""patience_evaluations"": 8, ""validation_mask_replicates"": 2, ""weight_decay"": 0.001}",5062,drop_routine,0,200.0,0.745,0.732662192393736,0.8745892907498967,0.5343808631962772,0.6320447399057497,0.1772189496562458,0.21903108432869464,0.725,0.6348861692327938,0.8160535117056856,0.8133333333333334,0.8187919463087249,0.6040268456375839,0.6462296962376297,0.87879009308082,0.15861254779725442
switzerland,va_long_beach,mirrams_equation9,mirrams,0,"{""d_model"": 64, ""dropout"": 0.1, ""evaluation_interval"": 5, ""learning_rate"": 0.0001, ""max_epochs"": 120, ""mirrams_confidence"": 0.95, ""mirrams_lambda_1"": 15.0, ""mirrams_lambda_2"": 15.0, ""mirrams_mask_rate"": 0.3, ""n_heads"": 4, ""n_layers"": 2, ""patience_evaluations"": 8, ""validation_mask_replicates"": 2, ""weight_decay"": 0.001}",5062,empirical_source,0,200.0,0.745,0.7156204763784709,0.8799156802726434,0.5811907824492322,0.6303756003434701,0.19785297758961626,0.2195500792298692,0.71,0.676404790103961,0.7928571428571428,0.8473282442748091,0.7449664429530202,0.5369127516778524,0.8795269517031428,0.782586792260406,0.20271783868392412
switzerland,va_long_beach,mirrams_equation9,mirrams,0,"{""d_model"": 64, ""dropout"": 0.1, ""evaluation_interval"": 5, ""learning_rate"": 0.0001, ""max_epochs"": 120, ""mirrams_confidence"": 0.95, ""mirrams_lambda_1"": 15.0, ""mirrams_lambda_2"": 15.0, ""mirrams_mask_rate"": 0.3, ""n_heads"": 4, ""n_layers"": 2, ""patience_evaluations"": 8, ""validation_mask_replicates"": 2, ""weight_decay"": 0.001}",5062,empirical_source,1,200.0,0.745,0.7218055007237795,0.8815114194074687,0.5772420379684055,0.6253957982308742,0.19559550770476875,0.21726855740212964,0.715,0.6797604948019476,0.797153024911032,0.8484848484848485,0.7516778523489933,0.5436241610738255,0.8754126506660744,0.8012920748373217,0.20945479573881765
switzerland,va_long_beach,mirrams_equation9,mirrams,0,"{""d_model"": 64, ""dropout"": 0.1, ""evaluation_interval"": 5, ""learning_rate"": 0.0001, ""max_epochs"": 120, ""mirrams_confidence"": 0.95, ""mirrams_lambda_1"": 15.0, ""mirrams_lambda_2"": 15.0, ""mirrams_mask_rate"": 0.3, ""n_heads"": 4, ""n_layers"": 2, ""patience_evaluations"": 8, ""validation_mask_replicates"": 2, ""weight_decay"": 0.001}",5062,empirical_source,2,200.0,0.745,0.7328595867877352,0.8924004272970387,0.5776030952426702,0.6168960798965003,0.19588422503084768,0.21366245188187705,0.72,0.696012633241216,0.7985611510791367,0.8604651162790697,0.7449664429530202,0.5503355704697986,0.8914977442768898,0.8289466494569859,0.21269640435671144
switzerland,va_long_beach,mirrams_equation9,mirrams,0,"{""d_model"": 64, ""dropout"": 0.1, ""evaluation_interval"": 5, ""learning_rate"": 0.0001, ""max_epochs"": 120, ""mirrams_confidence"": 0.95, ""mirrams_lambda_1"": 15.0, ""mirrams_lambda_2"": 15.0, ""mirrams_mask_rate"": 0.3, ""n_heads"": 4, ""n_layers"": 2, ""patience_evaluations"": 8, ""validation_mask_replicates"": 2, ""weight_decay"": 0.001}",5062,empirical_source,3,200.0,0.745,0.7136465324384788,0.8753801588192365,0.5845109014430445,0.6268938415331234,0.19895221785175363,0.21791104162994349,0.71,0.6893012238452428,0.7898550724637681,0.8582677165354331,0.7315436241610739,0.5369127516778524,0.9051237861129199,0.7920879815048578,0.21563852530143235
switzerland,va_long_beach,mirrams_equation9,mirrams,0,"{""d_model"": 64, ""dropout"": 0.1, ""evaluation_interval"": 5, ""learning_rate"": 0.0001, ""max_epochs"": 120, ""mirrams_confidence"": 0.95, ""mirrams_lambda_1"": 15.0, ""mirrams_lambda_2"": 15.0, ""mirrams_mask_rate"": 0.3, ""n_heads"": 4, ""n_layers"": 2, ""patience_evaluations"": 8, ""validation_mask_replicates"": 2, ""weight_decay"": 0.001}",5062,empirical_source,4,200.0,0.745,0.7191735754704566,0.8809176985220663,0.5807586481005829,0.626191121236765,0.19732757180202357,0.21753661594272383,0.72,0.696012633241216,0.7985611510791367,0.8604651162790697,0.7449664429530202,0.5302013422818792,0.8842183123710623,0.811516119223789,0.2108218263777944
switzerland,va_long_beach,mirrams_equation9,mirrams,0,"{""d_model"": 64, ""dropout"": 0.1, ""evaluation_interval"": 5, ""learning_rate"": 0.0001, ""max_epochs"": 120, ""mirrams_confidence"": 0.95, ""mirrams_lambda_1"": 15.0, ""mirrams_lambda_2"": 15.0, ""mirrams_mask_rate"": 0.3, ""n_heads"": 4, ""n_layers"": 2, ""patience_evaluations"": 8, ""validation_mask_replicates"": 2, ""weight_decay"": 0.001}",5062,mar_age_sex_30,0,200.0,0.745,0.7145677062771417,0.8729844794748247,0.5693589271142934,0.6314806790439167,0.19120979113031752,0.2195693347935057,0.74,0.6836425845505987,0.8206896551724138,0.8439716312056738,0.7986577181208053,0.40939597315436244,0.8218319250434956,0.8469355718490715,0.20289435633789105
switzerland,va_long_beach,mirrams_equation9,mirrams,0,"{""d_model"": 64, ""dropout"": 0.1, ""evaluation_interval"": 5, ""learning_rate"": 0.0001, ""max_epochs"": 120, ""mirrams_confidence"": 0.95, ""mirrams_lambda_1"": 15.0, ""mirrams_lambda_2"": 15.0, ""mirrams_mask_rate"": 0.3, ""n_heads"": 4, ""n_layers"": 2, ""patience_evaluations"": 8, ""validation_mask_replicates"": 2, ""weight_decay"": 0.001}",5062,mar_age_sex_30,1,200.0,0.745,0.665087511514673,0.8274734642621017,0.5888968835686089,0.6716046992423725,0.19992311960211745,0.23637304384330476,0.71,0.6441637057507567,0.8,0.8226950354609929,0.7785234899328859,0.28187919463087246,0.8345757306209929,0.6741327013136625,0.2271213535382641
switzerland,va_long_beach,mirrams_equation9,mirrams,0,"{""d_model"": 64, ""dropout"": 0.1, ""evaluation_interval"": 5, ""learning_rate"": 0.0001, ""max_epochs"": 120, ""mirrams_confidence"": 0.95, ""mirrams_lambda_1"": 15.0, ""mirrams_lambda_2"": 15.0, ""mirrams_mask_rate"": 0.3, ""n_heads"": 4, ""n_layers"": 2, ""patience_evaluations"": 8, ""validation_mask_replicates"": 2, ""weight_decay"": 0.001}",5062,mar_age_sex_30,2,200.0,0.745,0.7365442821423871,0.879329086024552,0.5566381608246257,0.6122416562863248,0.18568116076603872,0.21100618294815313,0.755,0.6872614817739177,0.8338983050847457,0.8424657534246576,0.825503355704698,0.5302013422818792,0.808393656474017,0.9484123360760237,0.19046831216256646
switzerland,va_long_beach,mirrams_equation9,mirrams,0,"{""d_model"": 64, ""dropout"": 0.1, ""evaluation_interval"": 5, ""learning_rate"": 0.0001, ""max_epochs"": 120, ""mirrams_confidence"": 0.95, ""mirrams_lambda_1"": 15.0, ""mirrams_lambda_2"": 15.0, ""mirrams_mask_rate"": 0.3, ""n_heads"": 4, ""n_layers"": 2, ""patience_evaluations"": 8, ""validation_mask_replicates"": 2, ""weight_decay"": 0.001}",5062,mar_age_sex_30,3,200.0,0.745,0.7252270035530991,0.8740934860846553,0.5719185734774587,0.6265852509184686,0.19202584527464456,0.21754058054571732,0.735,0.6673904461113305,0.8191126279863481,0.8333333333333334,0.8053691275167785,0.4899328859060403,0.8416177406549153,0.8556616951518509,0.21140875118978614
switzerland,va_long_beach,mirrams_equation9,mirrams,0,"{""d_model"": 64, ""dropout"": 0.1, ""evaluation_interval"": 5, ""learning_rate"": 0.0001, ""max_epochs"": 120, ""mirrams_confidence"": 0.95, ""mirrams_lambda_1"": 15.0, ""mirrams_lambda_2"": 15.0, ""mirrams_mask_rate"": 0.3, ""n_heads"": 4, ""n_layers"": 2, ""patience_evaluations"": 8, ""validation_mask_replicates"": 2, ""weight_decay"": 0.001}",5062,mar_age_sex_30,4,200.0,0.745,0.6846295565205948,0.8513857768500108,0.5844096327311071,0.6671355265989154,0.1961608876191867,0.2335184917395961,0.725,0.6477826029740755,0.8135593220338984,0.821917808219178,0.8053691275167785,0.40268456375838924,0.8141080474955139,0.6557947719501862,0.2413594645472974
switzerland,va_long_beach,mirrams_equation9,mirrams,0,"{""d_model"": 64, ""dropout"": 0.1, ""evaluation_interval"": 5, ""learning_rate"": 0.0001, ""max_epochs"": 120, ""mirrams_confidence"": 0.95, ""mirrams_lambda_1"": 15.0, ""mirrams_lambda_2"": 15.0, ""mirrams_mask_rate"": 0.3, ""n_heads"": 4, ""n_layers"": 2, ""patience_evaluations"": 8, ""validation_mask_replicates"": 2, ""weight_decay"": 0.001}",5062,mcar_10,0,200.0,0.745,0.7214107119357811,0.8808137370018247,0.5730307462461756,0.6226893024594438,0.19516736854771075,0.2172476984339647,0.705,0.6730490854059745,0.7885304659498208,0.8461538461538461,0.738255033557047,0.5503355704697986,0.8648033690841428,0.8422901323832852,0.1830712497960894
switzerland,va_long_beach,mirrams_equation9,mirrams,0,"{""d_model"": 64, ""dropout"": 0.1, ""evaluation_interval"": 5, ""learning_rate"": 0.0001, ""max_epochs"": 120, ""mirrams_confidence"": 0.95, ""mirrams_lambda_1"": 15.0, ""mirrams_lambda_2"": 15.0, ""mirrams_mask_rate"": 0.3, ""n_heads"": 4, ""n_layers"": 2, ""patience_evaluations"": 8, ""validation_mask_replicates"": 2, ""weight_decay"": 0.001}",5062,mcar_10,1,200.0,0.745,0.6900250032899066,0.8727768651520117,0.5947090202480716,0.651220792732683,0.2049724694481393,0.23020862609307574,0.69,0.6436373207000922,0.7801418439716312,0.8270676691729323,0.738255033557047,0.5167785234899329,0.8755813858525406,0.7111891929311861,0.19996641374823163
switzerland,va_long_beach,mirrams_equation9,mirrams,0,"{""d_model"": 64, ""dropout"": 0.1, ""evaluation_interval"": 5, ""learning_rate"": 0.0001, ""max_epochs"": 120, ""mirrams_confidence"": 0.95, ""mirrams_lambda_1"": 15.0, ""mirrams_lambda_2"": 15.0, ""mirrams_mask_rate"": 0.3, ""n_heads"": 4, ""n_layers"": 2, ""patience_evaluations"": 8, ""validation_mask_replicates"": 2, ""weight_decay"": 0.001}",5062,mcar_10,2,200.0,0.745,0.7074615080931702,0.8788682654327928,0.5875503792688856,0.6434816236299726,0.20035801169223627,0.22588328130525054,0.695,0.6405448085274379,0.7859649122807018,0.8235294117647058,0.7516778523489933,0.5369127516778524,0.8708602964734615,0.7211056186778627,0.21252283855784115
switzerland,va_long_beach,mirrams_equation9,mirrams,0,"{""d_model"": 64, ""dropout"": 0.1, ""evaluation_interval"": 5, ""learning_rate"": 0.0001, ""max_epochs"": 120, ""mirrams_confidence"": 0.95, ""mirrams_lambda_1"": 15.0, ""mirrams_lambda_2"": 15.0, ""mirrams_mask_rate"": 0.3, ""n_heads"": 4, ""n_layers"": 2, ""patience_evaluations"": 8, ""validation_mask_replicates"": 2, ""weight_decay"": 0.001}",5062,mcar_10,3,200.0,0.745,0.707198315567838,0.8679130916879962,0.5719469819142744,0.6328761769954596,0.19421433140905742,0.22095524290692692,0.715,0.6733122779313068,0.7985865724381626,0.8432835820895522,0.7583892617449665,0.5302013422818792,0.8299156796628163,0.8585660152726697,0.1838960482277905
switzerland,va_long_beach,mirrams_equation9,mirrams,0,"{""d_model"": 64, ""dropout"": 0.1, ""evaluation_interval"": 5, ""learning_rate"": 0.0001, ""max_epochs"": 120, ""mirrams_confidence"": 0.95, ""mirrams_lambda_1"": 15.0, ""mirrams_lambda_2"": 15.0, ""mirrams_mask_rate"": 0.3, ""n_heads"": 4, ""n_layers"": 2, ""patience_evaluations"": 8, ""validation_mask_replicates"": 2, ""weight_decay"": 0.001}",5062,mcar_10,4,200.0,0.745,0.7272009474930912,0.8778595997881992,0.5713140019359381,0.6208567634027625,0.1933181206548619,0.21508491291691376,0.715,0.6733122779313068,0.7985865724381626,0.8432835820895522,0.7583892617449665,0.5570469798657718,0.8530882114258551,0.8546375059442601,0.20034289323417992
switzerland,va_long_beach,mirrams_equation9,mirrams,0,"{""d_model"": 64, ""dropout"": 0.1, ""evaluation_interval"": 5, ""learning_rate"": 0.0001, ""max_epochs"": 120, ""mirrams_confidence"": 0.95, ""mirrams_lambda_1"": 15.0, ""mirrams_lambda_2"": 15.0, ""mirrams_mask_rate"": 0.3, ""n_heads"": 4, ""n_layers"": 2, ""patience_evaluations"": 8, ""validation_mask_replicates"": 2, ""weight_decay"": 0.001}",5062,mcar_30,0,200.0,0.745,0.674430846163969,0.8415646062562713,0.610742725577398,0.6641387673592193,0.20903854232462316,0.23337075620445497,0.71,0.6377154888801158,0.8013698630136986,0.8181818181818182,0.785234899328859,0.5033557046979866,0.9117836182823416,0.6659248183140494,0.26906923702842855
switzerland,va_long_beach,mirrams_equation9,mirrams,0,"{""d_model"": 64, ""dropout"": 0.1, ""evaluation_interval"": 5, ""learning_rate"": 0.0001, ""max_epochs"": 120, ""mirrams_confidence"": 0.95, ""mirrams_lambda_1"": 15.0, ""mirrams_lambda_2"": 15.0, ""mirrams_mask_rate"": 0.3, ""n_heads"": 4, ""n_layers"": 2, ""patience_evaluations"": 8, ""validation_mask_replicates"": 2, ""weight_decay"": 0.001}",5062,mcar_30,1,200.0,0.745,0.6062639821029082,0.8073128053762249,0.6600819729556193,0.7156116414492286,0.23243374622694415,0.2575719636552281,0.62,0.5708645874457166,0.7246376811594203,0.7874015748031497,0.6711409395973155,0.3959731543624161,0.9774252419379884,0.4062222617762636,0.3081878120348448
switzerland,va_long_beach,mirrams_equation9,mirrams,0,"{""d_model"": 64, ""dropout"": 0.1, ""evaluation_interval"": 5, ""learning_rate"": 0.0001, ""max_epochs"": 120, ""mirrams_confidence"": 0.95, ""mirrams_lambda_1"": 15.0, ""mirrams_lambda_2"": 15.0, ""mirrams_mask_rate"": 0.3, ""n_heads"": 4, ""n_layers"": 2, ""patience_evaluations"": 8, ""validation_mask_replicates"": 2, ""weight_decay"": 0.001}",5062,mcar_30,2,200.0,0.745,0.7089090669824977,0.8483399574318393,0.5890732081690602,0.6250749935973389,0.20054071435071855,0.2164040793426898,0.7,0.6696933807079879,0.7841726618705036,0.8449612403100775,0.7315436241610739,0.5436241610738255,0.9440866895059297,0.87697260361152,0.22196906793426446
switzerland,va_long_beach,mirrams_equation9,mirrams,0,"{""d_model"": 64, ""dropout"": 0.1, ""evaluation_interval"": 5, ""learning_rate"": 0.0001, ""max_epochs"": 120, ""mirrams_confidence"": 0.95, ""mirrams_lambda_1"": 15.0, ""mirrams_lambda_2"": 15.0, ""mirrams_mask_rate"": 0.3, ""n_heads"": 4, ""n_layers"": 2, ""patience_evaluations"": 8, ""validation_mask_replicates"": 2, ""weight_decay"": 0.001}",5062,mcar_30,3,200.0,0.745,0.7048295828398474,0.8726423052936324,0.5914315945562936,0.6365925244030552,0.20210220654820063,0.22296506873143287,0.67,0.617318068166864,0.7659574468085106,0.8120300751879699,0.7248322147651006,0.5570469798657718,0.897521760374297,0.7830633407587297,0.2196487235269728
switzerland,va_long_beach,mirrams_equation9,mirrams,0,"{""d_model"": 64, ""dropout"": 0.1, ""evaluation_interval"": 5, ""learning_rate"": 0.0001, ""max_epochs"": 120, ""mirrams_confidence"": 0.95, ""mirrams_lambda_1"": 15.0, ""mirrams_lambda_2"": 15.0, ""mirrams_mask_rate"": 0.3, ""n_heads"": 4, ""n_layers"": 2, ""patience_evaluations"": 8, ""validation_mask_replicates"": 2, ""weight_decay"": 0.001}",5062,mcar_30,4,200.0,0.745,0.6699565732333201,0.8509784011629706,0.6052535173731068,0.6611424863822091,0.20863296047512953,0.234300684666736,0.675,0.6206737728648506,0.7703180212014135,0.8134328358208955,0.7315436241610739,0.42953020134228187,0.9110744924824021,0.6768043933822319,0.23048920511654225
switzerland,va_long_beach,mirrams_equation9,mirrams,0,"{""d_model"": 64, ""dropout"": 0.1, ""evaluation_interval"": 5, ""learning_rate"": 0.0001, ""max_epochs"": 120, ""mirrams_confidence"": 0.95, ""mirrams_lambda_1"": 15.0, ""mirrams_lambda_2"": 15.0, ""mirrams_mask_rate"": 0.3, ""n_heads"": 4, ""n_layers"": 2, ""patience_evaluations"": 8, ""validation_mask_replicates"": 2, ""weight_decay"": 0.001}",5062,mcar_50,0,200.0,0.745,0.6723253059613107,0.8622899993845989,0.6375948023980246,0.6543019934707791,0.22249574354063853,0.23077276673535718,0.65,0.6232398999868404,0.7426470588235294,0.8211382113821138,0.6778523489932886,0.4228187919463087,1.0060070474351848,0.6793720383644536,0.2837283271264208
switzerland,va_long_beach,mirrams_equation9,mirrams,0,"{""d_model"": 64, ""dropout"": 0.1, ""evaluation_interval"": 5, ""learning_rate"": 0.0001, ""max_epochs"": 120, ""mirrams_confidence"": 0.95, ""mirrams_lambda_1"": 15.0, ""mirrams_lambda_2"": 15.0, ""mirrams_mask_rate"": 0.3, ""n_heads"": 4, ""n_layers"": 2, ""patience_evaluations"": 8, ""validation_mask_replicates"": 2, ""weight_decay"": 0.001}",5062,mcar_50,1,200.0,0.745,0.6433083300434268,0.8271433676017899,0.6365567584914481,0.6685843929308782,0.22385189369326497,0.23804138327140362,0.62,0.59665745492828,0.7164179104477612,0.8067226890756303,0.6442953020134228,0.3691275167785235,0.9859996284555886,0.6652692696884227,0.26222385545987703
switzerland,va_long_beach,mirrams_equation9,mirrams,0,"{""d_model"": 64, ""dropout"": 0.1, ""evaluation_interval"": 5, ""learning_rate"": 0.0001, ""max_epochs"": 120, ""mirrams_confidence"": 0.95, ""mirrams_lambda_1"": 15.0, ""mirrams_lambda_2"": 15.0, ""mirrams_mask_rate"": 0.3, ""n_heads"": 4, ""n_layers"": 2, ""patience_evaluations"": 8, ""validation_mask_replicates"": 2, ""weight_decay"": 0.001}",5062,mcar_50,2,200.0,0.745,0.6315304645348072,0.8258602805785422,0.6594322918112908,0.6882000341951598,0.23110182674405222,0.24461054430133194,0.62,0.59665745492828,0.7164179104477612,0.8067226890756303,0.6442953020134228,0.3825503355704698,1.0039337529876882,0.5092920251546491,0.33019382262083397
switzerland,va_long_beach,mirrams_equation9,mirrams,0,"{""d_model"": 64, ""dropout"": 0.1, ""evaluation_interval"": 5, ""learning_rate"": 0.0001, ""max_epochs"": 120, ""mirrams_confidence"": 0.95, ""mirrams_lambda_1"": 15.0, ""mirrams_lambda_2"": 15.0, ""mirrams_mask_rate"": 0.3, ""n_heads"": 4, ""n_layers"": 2, ""patience_evaluations"": 8, ""validation_mask_replicates"": 2, ""weight_decay"": 0.001}",5062,mcar_50,3,200.0,0.745,0.6671272535859982,0.8477868430410767,0.6124202866537581,0.6553686165837072,0.21078196039374128,0.2315838724970148,0.655,0.5943545203316225,0.7561837455830389,0.7985074626865671,0.7181208053691275,0.3825503355704698,0.9382538158424736,0.7194408566820801,0.25107500338532834
switzerland,va_long_beach,mirrams_equation9,mirrams,0,"{""d_model"": 64, ""dropout"": 0.1, ""evaluation_interval"": 5, ""learning_rate"": 0.0001, ""max_epochs"": 120, ""mirrams_confidence"": 0.95, ""mirrams_lambda_1"": 15.0, ""mirrams_lambda_2"": 15.0, ""mirrams_mask_rate"": 0.3, ""n_heads"": 4, ""n_layers"": 2, ""patience_evaluations"": 8, ""validation_mask_replicates"": 2, ""weight_decay"": 0.001}",5062,mcar_50,4,200.0,0.745,0.651138307672062,0.8456061929629871,0.6452218566024208,0.6782973748932444,0.22493217533558293,0.24089931683226037,0.66,0.6235030925121727,0.7536231884057971,0.8188976377952756,0.697986577181208,0.40268456375838924,0.9802154414700442,0.551100142825262,0.30934830693047655
switzerland,va_long_beach,mirrams_equation9,mirrams,0,"{""d_model"": 64, ""dropout"": 0.1, ""evaluation_interval"": 5, ""learning_rate"": 0.0001, ""max_epochs"": 120, ""mirrams_confidence"": 0.95, ""mirrams_lambda_1"": 15.0, ""mirrams_lambda_2"": 15.0, ""mirrams_mask_rate"": 0.3, ""n_heads"": 4, ""n_layers"": 2, ""patience_evaluations"": 8, ""validation_mask_replicates"": 2, ""weight_decay"": 0.001}",5062,natural,0,200.0,0.745,0.7190419792077906,0.8777150219815226,0.568094491736423,0.6235765537156805,0.19228617020615155,0.21641245984323,0.72,0.6895644163705751,0.8,0.8549618320610687,0.7516778523489933,0.5570469798657718,0.8423404061676243,0.8420915454431429,0.1840680314859748
switzerland,va_long_beach,mirrams_equation9,mirrams,0,"{""d_model"": 64, ""dropout"": 0.1, ""evaluation_interval"": 5, ""learning_rate"": 0.0001, ""max_epochs"": 120, ""mirrams_confidence"": 0.95, ""mirrams_lambda_1"": 15.0, ""mirrams_lambda_2"": 15.0, ""mirrams_mask_rate"": 0.3, ""n_heads"": 4, ""n_layers"": 2, ""patience_evaluations"": 8, ""validation_mask_replicates"": 2, ""weight_decay"": 0.001}",5063,drop_advanced,0,200.0,0.745,0.7216739044611133,0.870755725323601,0.6142759917746665,0.6165187208246996,0.21178343474569686,0.21336196839169624,0.675,0.6722595078299776,0.7565543071161048,0.8559322033898306,0.6778523489932886,0.5503355704697986,1.0578854011631684,0.9561285588988587,0.27303725513390437
switzerland,va_long_beach,mirrams_equation9,mirrams,0,"{""d_model"": 64, ""dropout"": 0.1, ""evaluation_interval"": 5, ""learning_rate"": 0.0001, ""max_epochs"": 120, ""mirrams_confidence"": 0.95, ""mirrams_lambda_1"": 15.0, ""mirrams_lambda_2"": 15.0, ""mirrams_mask_rate"": 0.3, ""n_heads"": 4, ""n_layers"": 2, ""patience_evaluations"": 8, ""validation_mask_replicates"": 2, ""weight_decay"": 0.001}",5063,drop_exercise,0,200.0,0.745,0.6281089617054876,0.8337486382743695,0.6786504500188318,0.6726953165424312,0.24126490334145648,0.2393251512003245,0.61,0.5899460455323069,0.706766917293233,0.8034188034188035,0.6308724832214765,0.3825503355704698,1.0845568175329314,0.6824513003752185,0.401232595001622
switzerland,va_long_beach,mirrams_equation9,mirrams,0,"{""d_model"": 64, ""dropout"": 0.1, ""evaluation_interval"": 5, ""learning_rate"": 0.0001, ""max_epochs"": 120, ""mirrams_confidence"": 0.95, ""mirrams_lambda_1"": 15.0, ""mirrams_lambda_2"": 15.0, ""mirrams_mask_rate"": 0.3, ""n_heads"": 4, ""n_layers"": 2, ""patience_evaluations"": 8, ""validation_mask_replicates"": 2, ""weight_decay"": 0.001}",5063,drop_routine,0,200.0,0.745,0.6972627977365444,0.8521893119071524,0.6108511919027962,0.6396184783886353,0.2091713220191192,0.22337304103441466,0.705,0.6859455191472562,0.7854545454545454,0.8571428571428571,0.7248322147651006,0.4966442953020134,0.9686892198491314,0.7468418774887614,0.271806316643588
switzerland,va_long_beach,mirrams_equation9,mirrams,0,"{""d_model"": 64, ""dropout"": 0.1, ""evaluation_interval"": 5, ""learning_rate"": 0.0001, ""max_epochs"": 120, ""mirrams_confidence"": 0.95, ""mirrams_lambda_1"": 15.0, ""mirrams_lambda_2"": 15.0, ""mirrams_mask_rate"": 0.3, ""n_heads"": 4, ""n_layers"": 2, ""patience_evaluations"": 8, ""validation_mask_replicates"": 2, ""weight_decay"": 0.001}",5063,empirical_source,0,200.0,0.745,0.7156204763784708,0.8738179016090515,0.6202153541908395,0.6214466239727203,0.21413764638500374,0.2154303934059348,0.67,0.668903803131991,0.7518796992481203,0.8547008547008547,0.6711409395973155,0.5570469798657718,1.0629133297286715,0.8956797206353629,0.2854683486085708
switzerland,va_long_beach,mirrams_equation9,mirrams,0,"{""d_model"": 64, ""dropout"": 0.1, ""evaluation_interval"": 5, ""learning_rate"": 0.0001, ""max_epochs"": 120, ""mirrams_confidence"": 0.95, ""mirrams_lambda_1"": 15.0, ""mirrams_lambda_2"": 15.0, ""mirrams_mask_rate"": 0.3, ""n_heads"": 4, ""n_layers"": 2, ""patience_evaluations"": 8, ""validation_mask_replicates"": 2, ""weight_decay"": 0.001}",5063,empirical_source,1,200.0,0.745,0.7206211343597841,0.8733372402400801,0.6140367812089553,0.6149431767840926,0.211544243685128,0.21255953871750902,0.685,0.6854191340965916,0.7640449438202247,0.864406779661017,0.6845637583892618,0.5570469798657718,1.0639223375798639,0.9716201502765293,0.2757775494943473
switzerland,va_long_beach,mirrams_equation9,mirrams,0,"{""d_model"": 64, ""dropout"": 0.1, ""evaluation_interval"": 5, ""learning_rate"": 0.0001, ""max_epochs"": 120, ""mirrams_confidence"": 0.95, ""mirrams_lambda_1"": 15.0, ""mirrams_lambda_2"": 15.0, ""mirrams_mask_rate"": 0.3, ""n_heads"": 4, ""n_layers"": 2, ""patience_evaluations"": 8, ""validation_mask_replicates"": 2, ""weight_decay"": 0.001}",5063,empirical_source,2,200.0,0.745,0.7203579418344519,0.8825305616390792,0.6163039011861048,0.6189915276972919,0.21235530206967315,0.2143944996832967,0.675,0.6722595078299776,0.7565543071161048,0.8559322033898306,0.6778523489932886,0.5369127516778524,1.0524762221877146,0.9161181543813988,0.2786652575332761
switzerland,va_long_beach,mirrams_equation9,mirrams,0,"{""d_model"": 64, ""dropout"": 0.1, ""evaluation_interval"": 5, ""learning_rate"": 0.0001, ""max_epochs"": 120, ""mirrams_confidence"": 0.95, ""mirrams_lambda_1"": 15.0, ""mirrams_lambda_2"": 15.0, ""mirrams_mask_rate"": 0.3, ""n_heads"": 4, ""n_layers"": 2, ""patience_evaluations"": 8, ""validation_mask_replicates"": 2, ""weight_decay"": 0.001}",5063,empirical_source,3,200.0,0.745,0.7218055007237795,0.8722560603929166,0.6151110558036232,0.6168408553527168,0.21195743011210247,0.21346176643770998,0.675,0.6722595078299776,0.7565543071161048,0.8559322033898306,0.6778523489932886,0.5436241610738255,1.0585371714316942,0.9385875350790953,0.27968493115193027
switzerland,va_long_beach,mirrams_equation9,mirrams,0,"{""d_model"": 64, ""dropout"": 0.1, ""evaluation_interval"": 5, ""learning_rate"": 0.0001, ""max_epochs"": 120, ""mirrams_confidence"": 0.95, ""mirrams_lambda_1"": 15.0, ""mirrams_lambda_2"": 15.0, ""mirrams_mask_rate"": 0.3, ""n_heads"": 4, ""n_layers"": 2, ""patience_evaluations"": 8, ""validation_mask_replicates"": 2, ""weight_decay"": 0.001}",5063,empirical_source,4,200.0,0.745,0.7199631530464534,0.8828315745492132,0.6212765669387289,0.618323297533701,0.2151957575342196,0.2145850512854885,0.665,0.6655480984340045,0.7471698113207547,0.853448275862069,0.6644295302013423,0.5302013422818792,1.0804908936873283,0.928945690650021,0.2754976338501301
switzerland,va_long_beach,mirrams_equation9,mirrams,0,"{""d_model"": 64, ""dropout"": 0.1, ""evaluation_interval"": 5, ""learning_rate"": 0.0001, ""max_epochs"": 120, ""mirrams_confidence"": 0.95, ""mirrams_lambda_1"": 15.0, ""mirrams_lambda_2"": 15.0, ""mirrams_mask_rate"": 0.3, ""n_heads"": 4, ""n_layers"": 2, ""patience_evaluations"": 8, ""validation_mask_replicates"": 2, ""weight_decay"": 0.001}",5063,mar_age_sex_30,0,200.0,0.745,0.681866035004606,0.870423350809417,0.6506946820916848,0.6490122594239914,0.22747328561311014,0.22794251991244419,0.665,0.6397552309514409,0.7545787545787546,0.8306451612903226,0.6912751677852349,0.47651006711409394,1.0636092854664536,0.7461442355105152,0.34466462246069496
switzerland,va_long_beach,mirrams_equation9,mirrams,0,"{""d_model"": 64, ""dropout"": 0.1, ""evaluation_interval"": 5, ""learning_rate"": 0.0001, ""max_epochs"": 120, ""mirrams_confidence"": 0.95, ""mirrams_lambda_1"": 15.0, ""mirrams_lambda_2"": 15.0, ""mirrams_mask_rate"": 0.3, ""n_heads"": 4, ""n_layers"": 2, ""patience_evaluations"": 8, ""validation_mask_replicates"": 2, ""weight_decay"": 0.001}",5063,mar_age_sex_30,1,200.0,0.745,0.7137781287011449,0.8726618500642545,0.6156299597421712,0.6187769141252242,0.21256147892745184,0.21469290592954482,0.7,0.6825898144492697,0.781021897810219,0.856,0.7181208053691275,0.436241610738255,1.058475851933719,1.0207737446939693,0.2603126538116623
switzerland,va_long_beach,mirrams_equation9,mirrams,0,"{""d_model"": 64, ""dropout"": 0.1, ""evaluation_interval"": 5, ""learning_rate"": 0.0001, ""max_epochs"": 120, ""mirrams_confidence"": 0.95, ""mirrams_lambda_1"": 15.0, ""mirrams_lambda_2"": 15.0, ""mirrams_mask_rate"": 0.3, ""n_heads"": 4, ""n_layers"": 2, ""patience_evaluations"": 8, ""validation_mask_replicates"": 2, ""weight_decay"": 0.001}",5063,mar_age_sex_30,2,200.0,0.745,0.65666535070404,0.8155194533582646,0.6567061837237815,0.6607796078607999,0.23010830103662205,0.23295127694153844,0.655,0.6330438215554679,0.7453874538745388,0.8278688524590164,0.6778523489932886,0.28187919463087246,1.0707417827390424,0.7083534817810003,0.34738656314616656
switzerland,va_long_beach,mirrams_equation9,mirrams,0,"{""d_model"": 64, ""dropout"": 0.1, ""evaluation_interval"": 5, ""learning_rate"": 0.0001, ""max_epochs"": 120, ""mirrams_confidence"": 0.95, ""mirrams_lambda_1"": 15.0, ""mirrams_lambda_2"": 15.0, ""mirrams_mask_rate"": 0.3, ""n_heads"": 4, ""n_layers"": 2, ""patience_evaluations"": 8, ""validation_mask_replicates"": 2, ""weight_decay"": 0.001}",5063,mar_age_sex_30,3,200.0,0.745,0.688511646269246,0.8569537146362729,0.6325390385635441,0.6408994259929732,0.21943621947718733,0.22430856841325736,0.68,0.6562705619160416,0.7664233576642335,0.84,0.7046979865771812,0.47651006711409394,1.037632232700136,0.8145451523070428,0.3115601190484024
switzerland,va_long_beach,mirrams_equation9,mirrams,0,"{""d_model"": 64, ""dropout"": 0.1, ""evaluation_interval"": 5, ""learning_rate"": 0.0001, ""max_epochs"": 120, ""mirrams_confidence"": 0.95, ""mirrams_lambda_1"": 15.0, ""mirrams_lambda_2"": 15.0, ""mirrams_mask_rate"": 0.3, ""n_heads"": 4, ""n_layers"": 2, ""patience_evaluations"": 8, ""validation_mask_replicates"": 2, ""weight_decay"": 0.001}",5063,mar_age_sex_30,4,200.0,0.745,0.6512699039347283,0.8264637705038961,0.6514391493613025,0.6616570481659586,0.22757658057726854,0.2330862584841993,0.665,0.6590998815633636,0.7490636704119851,0.847457627118644,0.6711409395973155,0.2483221476510067,1.0484027211397446,0.6936854055502961,0.3396915278564926
switzerland,va_long_beach,mirrams_equation9,mirrams,0,"{""d_model"": 64, ""dropout"": 0.1, ""evaluation_interval"": 5, ""learning_rate"": 0.0001, ""max_epochs"": 120, ""mirrams_confidence"": 0.95, ""mirrams_lambda_1"": 15.0, ""mirrams_lambda_2"": 15.0, ""mirrams_mask_rate"": 0.3, ""n_heads"": 4, ""n_layers"": 2, ""patience_evaluations"": 8, ""validation_mask_replicates"": 2, ""weight_decay"": 0.001}",5063,mcar_10,0,200.0,0.745,0.7256217923410976,0.8690314442325933,0.6157473863123093,0.615715214870322,0.21254537069694446,0.21295468774242685,0.645,0.658573496512699,0.7258687258687259,0.8545454545454545,0.6308724832214765,0.5033557046979866,1.0749400004618503,0.9708801583067429,0.26837475290975193
switzerland,va_long_beach,mirrams_equation9,mirrams,0,"{""d_model"": 64, ""dropout"": 0.1, ""evaluation_interval"": 5, ""learning_rate"": 0.0001, ""max_epochs"": 120, ""mirrams_confidence"": 0.95, ""mirrams_lambda_1"": 15.0, ""mirrams_lambda_2"": 15.0, ""mirrams_mask_rate"": 0.3, ""n_heads"": 4, ""n_layers"": 2, ""patience_evaluations"": 8, ""validation_mask_replicates"": 2, ""weight_decay"": 0.001}",5063,mcar_10,1,200.0,0.745,0.7122647716804844,0.8645528904914783,0.6164200361115357,0.623931541394861,0.21247665931696538,0.21662586639603204,0.665,0.6590998815633636,0.7490636704119851,0.847457627118644,0.6711409395973155,0.5369127516778524,1.0339163916324265,0.8975267908300584,0.2807387644550189
switzerland,va_long_beach,mirrams_equation9,mirrams,0,"{""d_model"": 64, ""dropout"": 0.1, ""evaluation_interval"": 5, ""learning_rate"": 0.0001, ""max_epochs"": 120, ""mirrams_confidence"": 0.95, ""mirrams_lambda_1"": 15.0, ""mirrams_lambda_2"": 15.0, ""mirrams_mask_rate"": 0.3, ""n_heads"": 4, ""n_layers"": 2, ""patience_evaluations"": 8, ""validation_mask_replicates"": 2, ""weight_decay"": 0.001}",5063,mcar_10,2,200.0,0.745,0.7310830372417424,0.8742669780066197,0.608530606170283,0.6084004046313287,0.20897783433474806,0.2095145246475162,0.69,0.6887748387945782,0.7686567164179104,0.865546218487395,0.6912751677852349,0.5503355704697986,1.0695941632606965,1.0112154504601445,0.26961863784138274
switzerland,va_long_beach,mirrams_equation9,mirrams,0,"{""d_model"": 64, ""dropout"": 0.1, ""evaluation_interval"": 5, ""learning_rate"": 0.0001, ""max_epochs"": 120, ""mirrams_confidence"": 0.95, ""mirrams_lambda_1"": 15.0, ""mirrams_lambda_2"": 15.0, ""mirrams_mask_rate"": 0.3, ""n_heads"": 4, ""n_layers"": 2, ""patience_evaluations"": 8, ""validation_mask_replicates"": 2, ""weight_decay"": 0.001}",5063,mcar_10,3,200.0,0.745,0.7071983155678379,0.8681728542341731,0.6143643462631323,0.626613405581153,0.21210714233350256,0.21840319447260031,0.685,0.666074483484669,0.7692307692307693,0.8467741935483871,0.7046979865771812,0.4697986577181208,1.0265172955016266,0.9117891350502829,0.2667582047889531
switzerland,va_long_beach,mirrams_equation9,mirrams,0,"{""d_model"": 64, ""dropout"": 0.1, ""evaluation_interval"": 5, ""learning_rate"": 0.0001, ""max_epochs"": 120, ""mirrams_confidence"": 0.95, ""mirrams_lambda_1"": 15.0, ""mirrams_lambda_2"": 15.0, ""mirrams_mask_rate"": 0.3, ""n_heads"": 4, ""n_layers"": 2, ""patience_evaluations"": 8, ""validation_mask_replicates"": 2, ""weight_decay"": 0.001}",5063,mcar_10,4,200.0,0.745,0.7046321884458482,0.8688992850245212,0.6251221740076431,0.6317067282843458,0.21716253217716935,0.2206857098200577,0.65,0.6490327674694039,0.7348484848484849,0.8434782608695652,0.6510067114093959,0.5100671140939598,1.0433072476302359,0.8584957310510036,0.2740287083418849
switzerland,va_long_beach,mirrams_equation9,mirrams,0,"{""d_model"": 64, ""dropout"": 0.1, ""evaluation_interval"": 5, ""learning_rate"": 0.0001, ""max_epochs"": 120, ""mirrams_confidence"": 0.95, ""mirrams_lambda_1"": 15.0, ""mirrams_lambda_2"": 15.0, ""mirrams_mask_rate"": 0.3, ""n_heads"": 4, ""n_layers"": 2, ""patience_evaluations"": 8, ""validation_mask_replicates"": 2, ""weight_decay"": 0.001}",5063,mcar_30,0,200.0,0.745,0.6740360573759705,0.8539900303297392,0.6387085448473406,0.6484493420981277,0.223174970045627,0.22815287028430814,0.68,0.6562705619160416,0.7664233576642335,0.84,0.7046979865771812,0.40939597315436244,1.0340720093033446,0.8005974328567574,0.3001977898403957
switzerland,va_long_beach,mirrams_equation9,mirrams,0,"{""d_model"": 64, ""dropout"": 0.1, ""evaluation_interval"": 5, ""learning_rate"": 0.0001, ""max_epochs"": 120, ""mirrams_confidence"": 0.95, ""mirrams_lambda_1"": 15.0, ""mirrams_lambda_2"": 15.0, ""mirrams_mask_rate"": 0.3, ""n_heads"": 4, ""n_layers"": 2, ""patience_evaluations"": 8, ""validation_mask_replicates"": 2, ""weight_decay"": 0.001}",5063,mcar_30,1,200.0,0.745,0.6631135675746808,0.8394344869355478,0.6526755168610266,0.6558909297046782,0.2303981966017912,0.2324861968566885,0.62,0.6160021055402026,0.7099236641221374,0.8230088495575221,0.6241610738255033,0.4228187919463087,1.0694760507187715,0.7610189171849084,0.3007769044327398
switzerland,va_long_beach,mirrams_equation9,mirrams,0,"{""d_model"": 64, ""dropout"": 0.1, ""evaluation_interval"": 5, ""learning_rate"": 0.0001, ""max_epochs"": 120, ""mirrams_confidence"": 0.95, ""mirrams_lambda_1"": 15.0, ""mirrams_lambda_2"": 15.0, ""mirrams_mask_rate"": 0.3, ""n_heads"": 4, ""n_layers"": 2, ""patience_evaluations"": 8, ""validation_mask_replicates"": 2, ""weight_decay"": 0.001}",5063,mcar_30,2,200.0,0.745,0.6499539413080668,0.849538162911676,0.6582875764755822,0.6665900177834488,0.23177571488329313,0.23648605797947703,0.635,0.6002763521515989,0.7326007326007326,0.8064516129032258,0.6711409395973155,0.436241610738255,1.0412274204445322,0.6512852784594506,0.33969323335076507
switzerland,va_long_beach,mirrams_equation9,mirrams,0,"{""d_model"": 64, ""dropout"": 0.1, ""evaluation_interval"": 5, ""learning_rate"": 0.0001, ""max_epochs"": 120, ""mirrams_confidence"": 0.95, ""mirrams_lambda_1"": 15.0, ""mirrams_lambda_2"": 15.0, ""mirrams_mask_rate"": 0.3, ""n_heads"": 4, ""n_layers"": 2, ""patience_evaluations"": 8, ""validation_mask_replicates"": 2, ""weight_decay"": 0.001}",5063,mcar_30,3,200.0,0.745,0.7270693512304249,0.8906907479143019,0.6263984496694126,0.6137271945049971,0.21784791618008137,0.21268207646788456,0.635,0.6325174365048032,0.7224334600760456,0.8333333333333334,0.6375838926174496,0.4966442953020134,1.1264259692065874,1.0530330753136212,0.2778855857151683
switzerland,va_long_beach,mirrams_equation9,mirrams,0,"{""d_model"": 64, ""dropout"": 0.1, ""evaluation_interval"": 5, ""learning_rate"": 0.0001, ""max_epochs"": 120, ""mirrams_confidence"": 0.95, ""mirrams_lambda_1"": 15.0, ""mirrams_lambda_2"": 15.0, ""mirrams_mask_rate"": 0.3, ""n_heads"": 4, ""n_layers"": 2, ""patience_evaluations"": 8, ""validation_mask_replicates"": 2, ""weight_decay"": 0.001}",5063,mcar_30,4,200.0,0.745,0.6436373207000922,0.8373167080864332,0.660521368336799,0.6734636685148433,0.23273851445714805,0.23929848100123233,0.645,0.6327806290301355,0.7340823970037453,0.8305084745762712,0.6577181208053692,0.3288590604026846,1.0348387013106115,0.6110792535380244,0.34197643611509543
switzerland,va_long_beach,mirrams_equation9,mirrams,0,"{""d_model"": 64, ""dropout"": 0.1, ""evaluation_interval"": 5, ""learning_rate"": 0.0001, ""max_epochs"": 120, ""mirrams_confidence"": 0.95, ""mirrams_lambda_1"": 15.0, ""mirrams_lambda_2"": 15.0, ""mirrams_mask_rate"": 0.3, ""n_heads"": 4, ""n_layers"": 2, ""patience_evaluations"": 8, ""validation_mask_replicates"": 2, ""weight_decay"": 0.001}",5063,mcar_50,0,200.0,0.745,0.6325174365048033,0.8115024223604594,0.6656895832348362,0.6717346983910454,0.23606860765751894,0.2391803357708973,0.6,0.5896828530069746,0.6946564885496184,0.8053097345132744,0.610738255033557,0.3825503355704698,1.0635646337844165,0.6747117820094056,0.340003176560555
switzerland,va_long_beach,mirrams_equation9,mirrams,0,"{""d_model"": 64, ""dropout"": 0.1, ""evaluation_interval"": 5, ""learning_rate"": 0.0001, ""max_epochs"": 120, ""mirrams_confidence"": 0.95, ""mirrams_lambda_1"": 15.0, ""mirrams_lambda_2"": 15.0, ""mirrams_mask_rate"": 0.3, ""n_heads"": 4, ""n_layers"": 2, ""patience_evaluations"": 8, ""validation_mask_replicates"": 2, ""weight_decay"": 0.001}",5063,mcar_50,1,200.0,0.745,0.6192920121068561,0.8298414137927219,0.675849714425152,0.6840105737571538,0.239753631053461,0.2442098379851239,0.615,0.5933017502302935,0.7116104868913857,0.8050847457627118,0.6375838926174496,0.348993288590604,1.0455742019637957,0.533945206698005,0.3826749689458743
switzerland,va_long_beach,mirrams_equation9,mirrams,0,"{""d_model"": 64, ""dropout"": 0.1, ""evaluation_interval"": 5, ""learning_rate"": 0.0001, ""max_epochs"": 120, ""mirrams_confidence"": 0.95, ""mirrams_lambda_1"": 15.0, ""mirrams_lambda_2"": 15.0, ""mirrams_mask_rate"": 0.3, ""n_heads"": 4, ""n_layers"": 2, ""patience_evaluations"": 8, ""validation_mask_replicates"": 2, ""weight_decay"": 0.001}",5063,mcar_50,2,200.0,0.745,0.6972627977365443,0.8789052944586045,0.6310193159030633,0.6310601764665531,0.22045280267735243,0.22075537720867228,0.63,0.609817081194894,0.7238805970149254,0.8151260504201681,0.6510067114093959,0.5100671140939598,1.0616211206560087,1.0870862349914423,0.2660177669566406
switzerland,va_long_beach,mirrams_equation9,mirrams,0,"{""d_model"": 64, ""dropout"": 0.1, ""evaluation_interval"": 5, ""learning_rate"": 0.0001, ""max_epochs"": 120, ""mirrams_confidence"": 0.95, ""mirrams_lambda_1"": 15.0, ""mirrams_lambda_2"": 15.0, ""mirrams_mask_rate"": 0.3, ""n_heads"": 4, ""n_layers"": 2, ""patience_evaluations"": 8, ""validation_mask_replicates"": 2, ""weight_decay"": 0.001}",5063,mcar_50,3,200.0,0.745,0.655744176865377,0.8159822206863164,0.6488834021062521,0.6609406058273685,0.22734627510240457,0.23329282823582165,0.66,0.6428477431240953,0.7481481481481481,0.8347107438016529,0.6778523489932886,0.40268456375838924,1.0362115149141324,0.7464477775865328,0.3355014877033956
switzerland,va_long_beach,mirrams_equation9,mirrams,0,"{""d_model"": 64, ""dropout"": 0.1, ""evaluation_interval"": 5, ""learning_rate"": 0.0001, ""max_epochs"": 120, ""mirrams_confidence"": 0.95, ""mirrams_lambda_1"": 15.0, ""mirrams_lambda_2"": 15.0, ""mirrams_mask_rate"": 0.3, ""n_heads"": 4, ""n_layers"": 2, ""patience_evaluations"": 8, ""validation_mask_replicates"": 2, ""weight_decay"": 0.001}",5063,mcar_50,4,200.0,0.745,0.5817870772470062,0.8045708579069282,0.6959712193125702,0.7086468189454362,0.24948972373897746,0.25572779638131626,0.59,0.5765232267403606,0.6870229007633588,0.7964601769911505,0.6040268456375839,0.3624161073825503,1.0500188947114508,0.3436092506976272,0.41067355444106035
switzerland,va_long_beach,mirrams_equation9,mirrams,0,"{""d_model"": 64, ""dropout"": 0.1, ""evaluation_interval"": 5, ""learning_rate"": 0.0001, ""max_epochs"": 120, ""mirrams_confidence"": 0.95, ""mirrams_lambda_1"": 15.0, ""mirrams_lambda_2"": 15.0, ""mirrams_mask_rate"": 0.3, ""n_heads"": 4, ""n_layers"": 2, ""patience_evaluations"": 8, ""validation_mask_replicates"": 2, ""weight_decay"": 0.001}",5063,natural,0,200.0,0.745,0.7166732464798,0.8724772332629674,0.6139525554953472,0.6204382854839479,0.211700831384028,0.21517900883976676,0.67,0.668903803131991,0.7518796992481203,0.8547008547008547,0.6711409395973155,0.5637583892617449,1.0397724077450903,0.9043627525455669,0.2697335754482698
switzerland,va_long_beach,mirrams_equation9,mirrams,0,"{""d_model"": 64, ""dropout"": 0.1, ""evaluation_interval"": 5, ""learning_rate"": 0.0001, ""max_epochs"": 120, ""mirrams_confidence"": 0.95, ""mirrams_lambda_1"": 15.0, ""mirrams_lambda_2"": 15.0, ""mirrams_mask_rate"": 0.3, ""n_heads"": 4, ""n_layers"": 2, ""patience_evaluations"": 8, ""validation_mask_replicates"": 2, ""weight_decay"": 0.001}",5064,drop_advanced,0,200.0,0.745,0.6945650743518884,0.8573211232701989,0.6409295861114647,0.6318169965984454,0.22509763976065575,0.22085953553223742,0.655,0.6652849059086722,0.735632183908046,0.8571428571428571,0.6442953020134228,0.3624161073825503,1.1326854981546213,1.2662402887369135,0.2767527888832908
switzerland,va_long_beach,mirrams_equation9,mirrams,0,"{""d_model"": 64, ""dropout"": 0.1, ""evaluation_interval"": 5, ""learning_rate"": 0.0001, ""max_epochs"": 120, ""mirrams_confidence"": 0.95, ""mirrams_lambda_1"": 15.0, ""mirrams_lambda_2"": 15.0, ""mirrams_mask_rate"": 0.3, ""n_heads"": 4, ""n_layers"": 2, ""patience_evaluations"": 8, ""validation_mask_replicates"": 2, ""weight_decay"": 0.001}",5064,drop_exercise,0,200.0,0.745,0.6523226740360574,0.8295985519927147,0.6872618519246303,0.6563684743800708,0.24725484016362656,0.23247162752143313,0.595,0.637912883274115,0.6693877551020408,0.8541666666666666,0.5503355704697986,0.40268456375838924,1.2487384391837055,1.2665236044766002,0.39883789821744375
switzerland,va_long_beach,mirrams_equation9,mirrams,0,"{""d_model"": 64, ""dropout"": 0.1, ""evaluation_interval"": 5, ""learning_rate"": 0.0001, ""max_epochs"": 120, ""mirrams_confidence"": 0.95, ""mirrams_lambda_1"": 15.0, ""mirrams_lambda_2"": 15.0, ""mirrams_mask_rate"": 0.3, ""n_heads"": 4, ""n_layers"": 2, ""patience_evaluations"": 8, ""validation_mask_replicates"": 2, ""weight_decay"": 0.001}",5064,drop_routine,0,200.0,0.745,0.7285827082510856,0.8820657024439859,0.5771544826908039,0.6189189307481121,0.19512819364492043,0.21483670841104502,0.715,0.6668640610606659,0.8,0.8382352941176471,0.7651006711409396,0.5100671140939598,0.8045485618563736,1.385540782845005,0.15932653361080507
switzerland,va_long_beach,mirrams_equation9,mirrams,0,"{""d_model"": 64, ""dropout"": 0.1, ""evaluation_interval"": 5, ""learning_rate"": 0.0001, ""max_epochs"": 120, ""mirrams_confidence"": 0.95, ""mirrams_lambda_1"": 15.0, ""mirrams_lambda_2"": 15.0, ""mirrams_mask_rate"": 0.3, ""n_heads"": 4, ""n_layers"": 2, ""patience_evaluations"": 8, ""validation_mask_replicates"": 2, ""weight_decay"": 0.001}",5064,empirical_source,0,200.0,0.745,0.6966706145545467,0.8566786338621042,0.6347462013117241,0.6291710664556593,0.22242009532960008,0.2197784919510874,0.66,0.6686406106066587,0.7404580152671756,0.8584070796460177,0.6510067114093959,0.3959731543624161,1.1148077559246743,1.265685535996112,0.26869038042456206
switzerland,va_long_beach,mirrams_equation9,mirrams,0,"{""d_model"": 64, ""dropout"": 0.1, ""evaluation_interval"": 5, ""learning_rate"": 0.0001, ""max_epochs"": 120, ""mirrams_confidence"": 0.95, ""mirrams_lambda_1"": 15.0, ""mirrams_lambda_2"": 15.0, ""mirrams_mask_rate"": 0.3, ""n_heads"": 4, ""n_layers"": 2, ""patience_evaluations"": 8, ""validation_mask_replicates"": 2, ""weight_decay"": 0.001}",5064,empirical_source,1,200.0,0.745,0.7037768127385181,0.8624391708759053,0.6357951637549629,0.6257491538905778,0.22281059455681862,0.2181743637897659,0.66,0.6686406106066587,0.7404580152671756,0.8584070796460177,0.6510067114093959,0.37583892617449666,1.143477105432279,1.3433805896442053,0.26729643968717864
switzerland,va_long_beach,mirrams_equation9,mirrams,0,"{""d_model"": 64, ""dropout"": 0.1, ""evaluation_interval"": 5, ""learning_rate"": 0.0001, ""max_epochs"": 120, ""mirrams_confidence"": 0.95, ""mirrams_lambda_1"": 15.0, ""mirrams_lambda_2"": 15.0, ""mirrams_mask_rate"": 0.3, ""n_heads"": 4, ""n_layers"": 2, ""patience_evaluations"": 8, ""validation_mask_replicates"": 2, ""weight_decay"": 0.001}",5064,empirical_source,2,200.0,0.745,0.7052243716278458,0.8693633861899107,0.6333356324492412,0.6236936409065146,0.2218325446035668,0.21735904383052573,0.65,0.6619292012106857,0.7307692307692307,0.8558558558558559,0.6375838926174496,0.38926174496644295,1.1375175588382573,1.3385334332876109,0.2587003958797413
switzerland,va_long_beach,mirrams_equation9,mirrams,0,"{""d_model"": 64, ""dropout"": 0.1, ""evaluation_interval"": 5, ""learning_rate"": 0.0001, ""max_epochs"": 120, ""mirrams_confidence"": 0.95, ""mirrams_lambda_1"": 15.0, ""mirrams_lambda_2"": 15.0, ""mirrams_mask_rate"": 0.3, ""n_heads"": 4, ""n_layers"": 2, ""patience_evaluations"": 8, ""validation_mask_replicates"": 2, ""weight_decay"": 0.001}",5064,empirical_source,3,200.0,0.745,0.702592446374523,0.861134720430001,0.6346515855054995,0.6264779223764017,0.22229173555418974,0.21846931289770793,0.665,0.6784445321752862,0.7432950191570882,0.8660714285714286,0.6510067114093959,0.40939597315436244,1.1337208061177568,1.351441372606566,0.2670857940397503
switzerland,va_long_beach,mirrams_equation9,mirrams,0,"{""d_model"": 64, ""dropout"": 0.1, ""evaluation_interval"": 5, ""learning_rate"": 0.0001, ""max_epochs"": 120, ""mirrams_confidence"": 0.95, ""mirrams_lambda_1"": 15.0, ""mirrams_lambda_2"": 15.0, ""mirrams_mask_rate"": 0.3, ""n_heads"": 4, ""n_layers"": 2, ""patience_evaluations"": 8, ""validation_mask_replicates"": 2, ""weight_decay"": 0.001}",5064,empirical_source,4,200.0,0.745,0.7007500986971971,0.8489695134920843,0.6371819640146414,0.6298633261960997,0.22333537521090413,0.21976869907034952,0.665,0.6784445321752862,0.7432950191570882,0.8660714285714286,0.6510067114093959,0.40268456375838924,1.1294732690857285,1.2906823609103686,0.27889991927354374
switzerland,va_long_beach,mirrams_equation9,mirrams,0,"{""d_model"": 64, ""dropout"": 0.1, ""evaluation_interval"": 5, ""learning_rate"": 0.0001, ""max_epochs"": 120, ""mirrams_confidence"": 0.95, ""mirrams_lambda_1"": 15.0, ""mirrams_lambda_2"": 15.0, ""mirrams_mask_rate"": 0.3, ""n_heads"": 4, ""n_layers"": 2, ""patience_evaluations"": 8, ""validation_mask_replicates"": 2, ""weight_decay"": 0.001}",5064,mar_age_sex_30,0,200.0,0.745,0.6739044611133045,0.834979418619691,0.6301445823123977,0.640086384847649,0.21977578091913877,0.22449877062714876,0.675,0.6593630740886959,0.7601476014760148,0.8442622950819673,0.6912751677852349,0.3288590604026846,1.036478233794096,1.1463756741181683,0.2698892465959648
switzerland,va_long_beach,mirrams_equation9,mirrams,0,"{""d_model"": 64, ""dropout"": 0.1, ""evaluation_interval"": 5, ""learning_rate"": 0.0001, ""max_epochs"": 120, ""mirrams_confidence"": 0.95, ""mirrams_lambda_1"": 15.0, ""mirrams_lambda_2"": 15.0, ""mirrams_mask_rate"": 0.3, ""n_heads"": 4, ""n_layers"": 2, ""patience_evaluations"": 8, ""validation_mask_replicates"": 2, ""weight_decay"": 0.001}",5064,mar_age_sex_30,1,200.0,0.745,0.6786419265692855,0.8382382761904726,0.6378969977928866,0.6424074465180668,0.2234031096549211,0.2253042104119067,0.665,0.6526516646927227,0.7509293680297398,0.8416666666666667,0.6778523489932886,0.5302013422818792,1.057184431277048,1.1078129466461097,0.2884828692894612
switzerland,va_long_beach,mirrams_equation9,mirrams,0,"{""d_model"": 64, ""dropout"": 0.1, ""evaluation_interval"": 5, ""learning_rate"": 0.0001, ""max_epochs"": 120, ""mirrams_confidence"": 0.95, ""mirrams_lambda_1"": 15.0, ""mirrams_lambda_2"": 15.0, ""mirrams_mask_rate"": 0.3, ""n_heads"": 4, ""n_layers"": 2, ""patience_evaluations"": 8, ""validation_mask_replicates"": 2, ""weight_decay"": 0.001}",5064,mar_age_sex_30,2,200.0,0.745,0.6821292275299381,0.8584199933186996,0.6281233343017473,0.6363599911447377,0.21958225533270195,0.22324224927824216,0.66,0.6492959599947361,0.746268656716418,0.8403361344537815,0.6711409395973155,0.4228187919463087,1.0297354982268,1.1321013425018553,0.24860862772114894
switzerland,va_long_beach,mirrams_equation9,mirrams,0,"{""d_model"": 64, ""dropout"": 0.1, ""evaluation_interval"": 5, ""learning_rate"": 0.0001, ""max_epochs"": 120, ""mirrams_confidence"": 0.95, ""mirrams_lambda_1"": 15.0, ""mirrams_lambda_2"": 15.0, ""mirrams_mask_rate"": 0.3, ""n_heads"": 4, ""n_layers"": 2, ""patience_evaluations"": 8, ""validation_mask_replicates"": 2, ""weight_decay"": 0.001}",5064,mar_age_sex_30,3,200.0,0.745,0.6662060797473353,0.8467218699098482,0.6324179458120741,0.6447592382009817,0.2211839960295535,0.22709727875470093,0.655,0.6330438215554679,0.7453874538745388,0.8278688524590164,0.6778523489932886,0.40268456375838924,1.0166022898984106,1.0274350688299687,0.272473306375286
switzerland,va_long_beach,mirrams_equation9,mirrams,0,"{""d_model"": 64, ""dropout"": 0.1, ""evaluation_interval"": 5, ""learning_rate"": 0.0001, ""max_epochs"": 120, ""mirrams_confidence"": 0.95, ""mirrams_lambda_1"": 15.0, ""mirrams_lambda_2"": 15.0, ""mirrams_mask_rate"": 0.3, ""n_heads"": 4, ""n_layers"": 2, ""patience_evaluations"": 8, ""validation_mask_replicates"": 2, ""weight_decay"": 0.001}",5064,mar_age_sex_30,4,200.0,0.745,0.6846953546519279,0.8571539829488947,0.6231892840158193,0.6343831546076948,0.21703180278862166,0.22222060016327114,0.665,0.6526516646927227,0.7509293680297398,0.8416666666666667,0.6778523489932886,0.46308724832214765,1.0158667010255624,1.1855397402077172,0.2517463757430423
switzerland,va_long_beach,mirrams_equation9,mirrams,0,"{""d_model"": 64, ""dropout"": 0.1, ""evaluation_interval"": 5, ""learning_rate"": 0.0001, ""max_epochs"": 120, ""mirrams_confidence"": 0.95, ""mirrams_lambda_1"": 15.0, ""mirrams_lambda_2"": 15.0, ""mirrams_mask_rate"": 0.3, ""n_heads"": 4, ""n_layers"": 2, ""patience_evaluations"": 8, ""validation_mask_replicates"": 2, ""weight_decay"": 0.001}",5064,mcar_10,0,200.0,0.745,0.691406764047901,0.8516284794070678,0.6516276171121129,0.6372513848532906,0.230070137248982,0.22307603866311007,0.62,0.6353467561521253,0.703125,0.8411214953271028,0.6040268456375839,0.5302013422818792,1.1555299021560494,1.2326794075571554,0.3011893921541079
switzerland,va_long_beach,mirrams_equation9,mirrams,0,"{""d_model"": 64, ""dropout"": 0.1, ""evaluation_interval"": 5, ""learning_rate"": 0.0001, ""max_epochs"": 120, ""mirrams_confidence"": 0.95, ""mirrams_lambda_1"": 15.0, ""mirrams_lambda_2"": 15.0, ""mirrams_mask_rate"": 0.3, ""n_heads"": 4, ""n_layers"": 2, ""patience_evaluations"": 8, ""validation_mask_replicates"": 2, ""weight_decay"": 0.001}",5064,mcar_10,1,200.0,0.745,0.6920647453612316,0.8720612191070668,0.6495384608115325,0.6309764903292052,0.22957567715482252,0.22080672565256693,0.64,0.6745624424266351,0.7142857142857143,0.8737864077669902,0.6040268456375839,0.4899328859060403,1.1796539878715029,1.3225816492921854,0.2918879751157739
switzerland,va_long_beach,mirrams_equation9,mirrams,0,"{""d_model"": 64, ""dropout"": 0.1, ""evaluation_interval"": 5, ""learning_rate"": 0.0001, ""max_epochs"": 120, ""mirrams_confidence"": 0.95, ""mirrams_lambda_1"": 15.0, ""mirrams_lambda_2"": 15.0, ""mirrams_mask_rate"": 0.3, ""n_heads"": 4, ""n_layers"": 2, ""patience_evaluations"": 8, ""validation_mask_replicates"": 2, ""weight_decay"": 0.001}",5064,mcar_10,2,200.0,0.745,0.689432820107909,0.8291050250883365,0.6459391280378698,0.6375119684159165,0.2273406859704481,0.22331562922507792,0.63,0.6420581655480984,0.7131782945736435,0.8440366972477065,0.6174496644295302,0.3691275167785235,1.1425795315181517,1.2431716741283747,0.29947061104582795
switzerland,va_long_beach,mirrams_equation9,mirrams,0,"{""d_model"": 64, ""dropout"": 0.1, ""evaluation_interval"": 5, ""learning_rate"": 0.0001, ""max_epochs"": 120, ""mirrams_confidence"": 0.95, ""mirrams_lambda_1"": 15.0, ""mirrams_lambda_2"": 15.0, ""mirrams_mask_rate"": 0.3, ""n_heads"": 4, ""n_layers"": 2, ""patience_evaluations"": 8, ""validation_mask_replicates"": 2, ""weight_decay"": 0.001}",5064,mcar_10,3,200.0,0.745,0.6985129622318726,0.8636335628744162,0.6407093333038497,0.630507660724357,0.2249286336865913,0.22028571534188945,0.645,0.6521252796420581,0.7279693486590039,0.8482142857142857,0.6375838926174496,0.3422818791946309,1.1435912714673135,1.33373215741138,0.27519528304317986
switzerland,va_long_beach,mirrams_equation9,mirrams,0,"{""d_model"": 64, ""dropout"": 0.1, ""evaluation_interval"": 5, ""learning_rate"": 0.0001, ""max_epochs"": 120, ""mirrams_confidence"": 0.95, ""mirrams_lambda_1"": 15.0, ""mirrams_lambda_2"": 15.0, ""mirrams_mask_rate"": 0.3, ""n_heads"": 4, ""n_layers"": 2, ""patience_evaluations"": 8, ""validation_mask_replicates"": 2, ""weight_decay"": 0.001}",5064,mcar_10,4,200.0,0.745,0.7083826819318332,0.849826523654229,0.6444655232423072,0.6331700959101989,0.22644635667397955,0.22078671677936662,0.63,0.6614028161600211,0.7063492063492064,0.8640776699029126,0.5973154362416108,0.4161073825503356,1.1540087009688134,1.3695029573915853,0.2945339160351307
switzerland,va_long_beach,mirrams_equation9,mirrams,0,"{""d_model"": 64, ""dropout"": 0.1, ""evaluation_interval"": 5, ""learning_rate"": 0.0001, ""max_epochs"": 120, ""mirrams_confidence"": 0.95, ""mirrams_lambda_1"": 15.0, ""mirrams_lambda_2"": 15.0, ""mirrams_mask_rate"": 0.3, ""n_heads"": 4, ""n_layers"": 2, ""patience_evaluations"": 8, ""validation_mask_replicates"": 2, ""weight_decay"": 0.001}",5064,mcar_30,0,200.0,0.745,0.7075931043558363,0.8515346968680055,0.6469453717041584,0.6364063082522127,0.22754142171313896,0.2222230523103294,0.625,0.6580471114620345,0.701195219123506,0.8627450980392157,0.5906040268456376,0.47651006711409394,1.150605758777147,1.4052557622614688,0.2988915048775848
switzerland,va_long_beach,mirrams_equation9,mirrams,0,"{""d_model"": 64, ""dropout"": 0.1, ""evaluation_interval"": 5, ""learning_rate"": 0.0001, ""max_epochs"": 120, ""mirrams_confidence"": 0.95, ""mirrams_lambda_1"": 15.0, ""mirrams_lambda_2"": 15.0, ""mirrams_mask_rate"": 0.3, ""n_heads"": 4, ""n_layers"": 2, ""patience_evaluations"": 8, ""validation_mask_replicates"": 2, ""weight_decay"": 0.001}",5064,mcar_30,1,200.0,0.745,0.6205421766021846,0.8134995210740726,0.6772262511579646,0.6722328526914444,0.24218764683186692,0.23975789326748584,0.565,0.5855375707329912,0.6506024096385542,0.81,0.5436241610738255,0.2751677852348993,1.093121821232218,0.8165711316086022,0.36302152031138607
switzerland,va_long_beach,mirrams_equation9,mirrams,0,"{""d_model"": 64, ""dropout"": 0.1, ""evaluation_interval"": 5, ""learning_rate"": 0.0001, ""max_epochs"": 120, ""mirrams_confidence"": 0.95, ""mirrams_lambda_1"": 15.0, ""mirrams_lambda_2"": 15.0, ""mirrams_mask_rate"": 0.3, ""n_heads"": 4, ""n_layers"": 2, ""patience_evaluations"": 8, ""validation_mask_replicates"": 2, ""weight_decay"": 0.001}",5064,mcar_30,2,200.0,0.745,0.6825898144492697,0.849837553557394,0.645435338345529,0.6404681447707818,0.22749295317392826,0.22509745241274354,0.605,0.6252796420581656,0.6877470355731226,0.8365384615384616,0.5838926174496645,0.3422818791946309,1.1115910354910887,1.3038453108242152,0.280178560258541
switzerland,va_long_beach,mirrams_equation9,mirrams,0,"{""d_model"": 64, ""dropout"": 0.1, ""evaluation_interval"": 5, ""learning_rate"": 0.0001, ""max_epochs"": 120, ""mirrams_confidence"": 0.95, ""mirrams_lambda_1"": 15.0, ""mirrams_lambda_2"": 15.0, ""mirrams_mask_rate"": 0.3, ""n_heads"": 4, ""n_layers"": 2, ""patience_evaluations"": 8, ""validation_mask_replicates"": 2, ""weight_decay"": 0.001}",5064,mcar_30,3,200.0,0.745,0.6675878405053296,0.8176964157955187,0.6731916479433496,0.6561407159465064,0.24009187410303703,0.23162160817481642,0.59,0.6345571785761284,0.6639344262295082,0.8526315789473684,0.5436241610738255,0.4697986577181208,1.1753441251103922,1.2042243416754168,0.364397523362049
switzerland,va_long_beach,mirrams_equation9,mirrams,0,"{""d_model"": 64, ""dropout"": 0.1, ""evaluation_interval"": 5, ""learning_rate"": 0.0001, ""max_epochs"": 120, ""mirrams_confidence"": 0.95, ""mirrams_lambda_1"": 15.0, ""mirrams_lambda_2"": 15.0, ""mirrams_mask_rate"": 0.3, ""n_heads"": 4, ""n_layers"": 2, ""patience_evaluations"": 8, ""validation_mask_replicates"": 2, ""weight_decay"": 0.001}",5064,mcar_30,4,200.0,0.745,0.6616660086853534,0.8338643898651487,0.6698218201827844,0.6538332161148277,0.23903744924274406,0.23130050589372514,0.575,0.6051454138702461,0.6558704453441295,0.826530612244898,0.5436241610738255,0.3422818791946309,1.1582778654960955,1.1131451871819196,0.3397624203264669
switzerland,va_long_beach,mirrams_equation9,mirrams,0,"{""d_model"": 64, ""dropout"": 0.1, ""evaluation_interval"": 5, ""learning_rate"": 0.0001, ""max_epochs"": 120, ""mirrams_confidence"": 0.95, ""mirrams_lambda_1"": 15.0, ""mirrams_lambda_2"": 15.0, ""mirrams_mask_rate"": 0.3, ""n_heads"": 4, ""n_layers"": 2, ""patience_evaluations"": 8, ""validation_mask_replicates"": 2, ""weight_decay"": 0.001}",5064,mcar_50,0,200.0,0.745,0.5845505987629951,0.7793243079452211,0.6839242732799079,0.6890668255809949,0.24545772185344425,0.24770181745793934,0.555,0.5594815107250954,0.6482213438735178,0.7884615384615384,0.5503355704697986,0.2684563758389262,1.0690070349872176,0.6093094784796708,0.38256213435041947
switzerland,va_long_beach,mirrams_equation9,mirrams,0,"{""d_model"": 64, ""dropout"": 0.1, ""evaluation_interval"": 5, ""learning_rate"": 0.0001, ""max_epochs"": 120, ""mirrams_confidence"": 0.95, ""mirrams_lambda_1"": 15.0, ""mirrams_lambda_2"": 15.0, ""mirrams_mask_rate"": 0.3, ""n_heads"": 4, ""n_layers"": 2, ""patience_evaluations"": 8, ""validation_mask_replicates"": 2, ""weight_decay"": 0.001}",5064,mcar_50,1,200.0,0.745,0.6835109882879327,0.8655708755101543,0.657558124150949,0.6446689827777112,0.23297593059937455,0.2264245185234673,0.6,0.6541650217133833,0.6694214876033058,0.8709677419354839,0.5436241610738255,0.48322147651006714,1.1404412596941675,1.3650957858512627,0.311675990588129
switzerland,va_long_beach,mirrams_equation9,mirrams,0,"{""d_model"": 64, ""dropout"": 0.1, ""evaluation_interval"": 5, ""learning_rate"": 0.0001, ""max_epochs"": 120, ""mirrams_confidence"": 0.95, ""mirrams_lambda_1"": 15.0, ""mirrams_lambda_2"": 15.0, ""mirrams_mask_rate"": 0.3, ""n_heads"": 4, ""n_layers"": 2, ""patience_evaluations"": 8, ""validation_mask_replicates"": 2, ""weight_decay"": 0.001}",5064,mcar_50,2,200.0,0.745,0.6522568759047244,0.8470831318852128,0.6608367201467701,0.6540135260463085,0.2348706663455596,0.23134138981943128,0.585,0.624753257007501,0.6612244897959184,0.84375,0.5436241610738255,0.3691275167785235,1.1025733811090628,1.126675558568841,0.3143315254809125
switzerland,va_long_beach,mirrams_equation9,mirrams,0,"{""d_model"": 64, ""dropout"": 0.1, ""evaluation_interval"": 5, ""learning_rate"": 0.0001, ""max_epochs"": 120, ""mirrams_confidence"": 0.95, ""mirrams_lambda_1"": 15.0, ""mirrams_lambda_2"": 15.0, ""mirrams_mask_rate"": 0.3, ""n_heads"": 4, ""n_layers"": 2, ""patience_evaluations"": 8, ""validation_mask_replicates"": 2, ""weight_decay"": 0.001}",5064,mcar_50,3,200.0,0.745,0.6816686406106066,0.8359221103795882,0.6623796347832324,0.6440264385505527,0.23508911771521582,0.2262683930712099,0.6,0.6477168048427424,0.6721311475409836,0.8631578947368421,0.5503355704697986,0.4966442953020134,1.1937561938450867,1.361532323649481,0.33756332614421425
switzerland,va_long_beach,mirrams_equation9,mirrams,0,"{""d_model"": 64, ""dropout"": 0.1, ""evaluation_interval"": 5, ""learning_rate"": 0.0001, ""max_epochs"": 120, ""mirrams_confidence"": 0.95, ""mirrams_lambda_1"": 15.0, ""mirrams_lambda_2"": 15.0, ""mirrams_mask_rate"": 0.3, ""n_heads"": 4, ""n_layers"": 2, ""patience_evaluations"": 8, ""validation_mask_replicates"": 2, ""weight_decay"": 0.001}",5064,mcar_50,4,200.0,0.745,0.6241610738255033,0.8219389374902559,0.6800887040334382,0.664470788840919,0.24417677400689564,0.23664638088645246,0.535,0.5654033425450717,0.6172839506172839,0.7978723404255319,0.5033557046979866,0.33557046979865773,1.1535380711862797,1.0968676615245903,0.34909371956596846
switzerland,va_long_beach,mirrams_equation9,mirrams,0,"{""d_model"": 64, ""dropout"": 0.1, ""evaluation_interval"": 5, ""learning_rate"": 0.0001, ""max_epochs"": 120, ""mirrams_confidence"": 0.95, ""mirrams_lambda_1"": 15.0, ""mirrams_lambda_2"": 15.0, ""mirrams_mask_rate"": 0.3, ""n_heads"": 4, ""n_layers"": 2, ""patience_evaluations"": 8, ""validation_mask_replicates"": 2, ""weight_decay"": 0.001}",5064,natural,0,200.0,0.745,0.6990393472825371,0.8626661842431897,0.6378092952002412,0.6273029673229917,0.22377472277626537,0.21896859525705833,0.66,0.6686406106066587,0.7404580152671756,0.8584070796460177,0.6510067114093959,0.38926174496644295,1.1449736449806587,1.336423330917238,0.27105482111687096
va_long_beach,cleveland,mirrams_equation9,mirrams,0,"{""d_model"": 64, ""dropout"": 0.1, ""evaluation_interval"": 5, ""learning_rate"": 0.0001, ""max_epochs"": 120, ""mirrams_confidence"": 0.95, ""mirrams_lambda_1"": 15.0, ""mirrams_lambda_2"": 15.0, ""mirrams_mask_rate"": 0.2, ""n_heads"": 4, ""n_layers"": 2, ""patience_evaluations"": 8, ""validation_mask_replicates"": 2, ""weight_decay"": 0.001}",5062,drop_advanced,0,303.0,0.45874587458745875,0.8584839445516758,0.8276245191160787,0.5321369566527688,0.5161042848723689,0.1771415612605637,0.17042117505726917,0.7392739273927392,0.7520178978768205,0.7613293051359517,0.65625,0.9064748201438849,0.7410071942446043,-0.9614948326708358,1.3976791966775182,0.15500461797854093
va_long_beach,cleveland,mirrams_equation9,mirrams,0,"{""d_model"": 64, ""dropout"": 0.1, ""evaluation_interval"": 5, ""learning_rate"": 0.0001, ""max_epochs"": 120, ""mirrams_confidence"": 0.95, ""mirrams_lambda_1"": 15.0, ""mirrams_lambda_2"": 15.0, ""mirrams_mask_rate"": 0.2, ""n_heads"": 4, ""n_layers"": 2, ""patience_evaluations"": 8, ""validation_mask_replicates"": 2, ""weight_decay"": 0.001}",5062,drop_exercise,0,303.0,0.45874587458745875,0.8191349359536761,0.8051525951140829,0.5712654004638615,0.5594057738962476,0.19417288151692413,0.18880948509236695,0.6996699669966997,0.7121424811370416,0.7250755287009063,0.625,0.8633093525179856,0.6618705035971223,-0.8007308709534015,1.6609468717057965,0.17306967153180386
va_long_beach,cleveland,mirrams_equation9,mirrams,0,"{""d_model"": 64, ""dropout"": 0.1, ""evaluation_interval"": 5, ""learning_rate"": 0.0001, ""max_epochs"": 120, ""mirrams_confidence"": 0.95, ""mirrams_lambda_1"": 15.0, ""mirrams_lambda_2"": 15.0, ""mirrams_mask_rate"": 0.2, ""n_heads"": 4, ""n_layers"": 2, ""patience_evaluations"": 8, ""validation_mask_replicates"": 2, ""weight_decay"": 0.001}",5062,drop_routine,0,303.0,0.45874587458745875,0.8697139849096333,0.85569331073136,0.5750469674960149,0.5514472007570131,0.1955212393041831,0.18552603751293176,0.7128712871287128,0.7303693630461485,0.7507163323782235,0.6238095238095238,0.9424460431654677,0.8129496402877698,-1.643646545924098,1.8172320559290256,0.1794429516530617
va_long_beach,cleveland,mirrams_equation9,mirrams,0,"{""d_model"": 64, ""dropout"": 0.1, ""evaluation_interval"": 5, ""learning_rate"": 0.0001, ""max_epochs"": 120, ""mirrams_confidence"": 0.95, ""mirrams_lambda_1"": 15.0, ""mirrams_lambda_2"": 15.0, ""mirrams_mask_rate"": 0.2, ""n_heads"": 4, ""n_layers"": 2, ""patience_evaluations"": 8, ""validation_mask_replicates"": 2, ""weight_decay"": 0.001}",5062,empirical_source,0,303.0,0.45874587458745875,0.8487015265836112,0.8215206269494071,0.5267932225035759,0.5144019026768032,0.17506569120009,0.16986940806023598,0.7326732673267327,0.7420819442007369,0.7460815047021944,0.6611111111111111,0.8561151079136691,0.7338129496402878,-0.7530267429103871,1.3417302341495145,0.14672974470542627
va_long_beach,cleveland,mirrams_equation9,mirrams,0,"{""d_model"": 64, ""dropout"": 0.1, ""evaluation_interval"": 5, ""learning_rate"": 0.0001, ""max_epochs"": 120, ""mirrams_confidence"": 0.95, ""mirrams_lambda_1"": 15.0, ""mirrams_lambda_2"": 15.0, ""mirrams_mask_rate"": 0.2, ""n_heads"": 4, ""n_layers"": 2, ""patience_evaluations"": 8, ""validation_mask_replicates"": 2, ""weight_decay"": 0.001}",5062,empirical_source,1,303.0,0.45874587458745875,0.8508071591507281,0.7921425492212234,0.5194742494634735,0.5070105507581286,0.171250518873731,0.16599867117167713,0.735973597359736,0.7462274083172487,0.7515527950310559,0.6612021857923497,0.8705035971223022,0.7482014388489209,-0.7451809731339544,1.3492068205334524,0.1560276370074094
va_long_beach,cleveland,mirrams_equation9,mirrams,0,"{""d_model"": 64, ""dropout"": 0.1, ""evaluation_interval"": 5, ""learning_rate"": 0.0001, ""max_epochs"": 120, ""mirrams_confidence"": 0.95, ""mirrams_lambda_1"": 15.0, ""mirrams_lambda_2"": 15.0, ""mirrams_mask_rate"": 0.2, ""n_heads"": 4, ""n_layers"": 2, ""patience_evaluations"": 8, ""validation_mask_replicates"": 2, ""weight_decay"": 0.001}",5062,empirical_source,2,303.0,0.45874587458745875,0.8563344446394104,0.8344352611093062,0.5189257817624819,0.5058639043818052,0.17163984673863408,0.16610271327167453,0.7491749174917491,0.7600675557115284,0.7654320987654321,0.6702702702702703,0.8920863309352518,0.7266187050359713,-0.8099620440540476,1.384809788408872,0.13564275513893842
va_long_beach,cleveland,mirrams_equation9,mirrams,0,"{""d_model"": 64, ""dropout"": 0.1, ""evaluation_interval"": 5, ""learning_rate"": 0.0001, ""max_epochs"": 120, ""mirrams_confidence"": 0.95, ""mirrams_lambda_1"": 15.0, ""mirrams_lambda_2"": 15.0, ""mirrams_mask_rate"": 0.2, ""n_heads"": 4, ""n_layers"": 2, ""patience_evaluations"": 8, ""validation_mask_replicates"": 2, ""weight_decay"": 0.001}",5062,empirical_source,3,303.0,0.45874587458745875,0.8472977715388664,0.8045387655889388,0.5195723161304948,0.5074179489871741,0.17094772239153222,0.16586428414336588,0.7524752475247525,0.7620196525706264,0.7648902821316614,0.6777777777777778,0.8776978417266187,0.7338129496402878,-0.7229443109164372,1.3597814945304314,0.14754305386210337
va_long_beach,cleveland,mirrams_equation9,mirrams,0,"{""d_model"": 64, ""dropout"": 0.1, ""evaluation_interval"": 5, ""learning_rate"": 0.0001, ""max_epochs"": 120, ""mirrams_confidence"": 0.95, ""mirrams_lambda_1"": 15.0, ""mirrams_lambda_2"": 15.0, ""mirrams_mask_rate"": 0.2, ""n_heads"": 4, ""n_layers"": 2, ""patience_evaluations"": 8, ""validation_mask_replicates"": 2, ""weight_decay"": 0.001}",5062,empirical_source,4,303.0,0.45874587458745875,0.850105281628356,0.8152056280087141,0.5204181397083394,0.508631967891322,0.17184677883348576,0.16691097758769988,0.7425742574257426,0.7512282856641517,0.7531645569620253,0.672316384180791,0.8561151079136691,0.7338129496402878,-0.7192266993249797,1.3501496051485242,0.14753269360385035
va_long_beach,cleveland,mirrams_equation9,mirrams,0,"{""d_model"": 64, ""dropout"": 0.1, ""evaluation_interval"": 5, ""learning_rate"": 0.0001, ""max_epochs"": 120, ""mirrams_confidence"": 0.95, ""mirrams_lambda_1"": 15.0, ""mirrams_lambda_2"": 15.0, ""mirrams_mask_rate"": 0.2, ""n_heads"": 4, ""n_layers"": 2, ""patience_evaluations"": 8, ""validation_mask_replicates"": 2, ""weight_decay"": 0.001}",5062,mar_age_sex_30,0,303.0,0.45874587458745875,0.8432181084400772,0.8147795985098525,0.5549958969130897,0.5385644331612273,0.18635150846354331,0.17922720706330955,0.7293729372937293,0.7428715564134059,0.7544910179640718,0.6461538461538462,0.9064748201438849,0.7266187050359713,-1.0288454734688535,1.5741116659023218,0.17306963445449386
va_long_beach,cleveland,mirrams_equation9,mirrams,0,"{""d_model"": 64, ""dropout"": 0.1, ""evaluation_interval"": 5, ""learning_rate"": 0.0001, ""max_epochs"": 120, ""mirrams_confidence"": 0.95, ""mirrams_lambda_1"": 15.0, ""mirrams_lambda_2"": 15.0, ""mirrams_mask_rate"": 0.2, ""n_heads"": 4, ""n_layers"": 2, ""patience_evaluations"": 8, ""validation_mask_replicates"": 2, ""weight_decay"": 0.001}",5062,mar_age_sex_30,1,303.0,0.45874587458745875,0.8484821898578698,0.8293852535123802,0.5441916685780106,0.5298433508394401,0.1820166244262785,0.1757907513187517,0.735973597359736,0.7478724337603089,0.7560975609756098,0.656084656084656,0.8920863309352518,0.7050359712230215,-0.9523567948349441,1.617967460268726,0.15725666162886492
va_long_beach,cleveland,mirrams_equation9,mirrams,0,"{""d_model"": 64, ""dropout"": 0.1, ""evaluation_interval"": 5, ""learning_rate"": 0.0001, ""max_epochs"": 120, ""mirrams_confidence"": 0.95, ""mirrams_lambda_1"": 15.0, ""mirrams_lambda_2"": 15.0, ""mirrams_mask_rate"": 0.2, ""n_heads"": 4, ""n_layers"": 2, ""patience_evaluations"": 8, ""validation_mask_replicates"": 2, ""weight_decay"": 0.001}",5062,mar_age_sex_30,2,303.0,0.45874587458745875,0.8479119143709423,0.8261631566696813,0.5519932175044977,0.5355067030058844,0.18507451187305848,0.17794320285744064,0.7326732673267327,0.7459203369012107,0.7567567567567568,0.6494845360824743,0.9064748201438849,0.7050359712230215,-1.0435502125793543,1.571989013967904,0.16744337164814385
va_long_beach,cleveland,mirrams_equation9,mirrams,0,"{""d_model"": 64, ""dropout"": 0.1, ""evaluation_interval"": 5, ""learning_rate"": 0.0001, ""max_epochs"": 120, ""mirrams_confidence"": 0.95, ""mirrams_lambda_1"": 15.0, ""mirrams_lambda_2"": 15.0, ""mirrams_mask_rate"": 0.2, ""n_heads"": 4, ""n_layers"": 2, ""patience_evaluations"": 8, ""validation_mask_replicates"": 2, ""weight_decay"": 0.001}",5062,mar_age_sex_30,3,303.0,0.45874587458745875,0.8658536585365854,0.835806398221256,0.5346965871814736,0.5179187544003758,0.17735283940984933,0.17012163204273095,0.7557755775577558,0.7694551675732584,0.7784431137724551,0.6666666666666666,0.935251798561151,0.7266187050359713,-1.1651555634587034,1.7333405212278452,0.15439188540839105
va_long_beach,cleveland,mirrams_equation9,mirrams,0,"{""d_model"": 64, ""dropout"": 0.1, ""evaluation_interval"": 5, ""learning_rate"": 0.0001, ""max_epochs"": 120, ""mirrams_confidence"": 0.95, ""mirrams_lambda_1"": 15.0, ""mirrams_lambda_2"": 15.0, ""mirrams_mask_rate"": 0.2, ""n_heads"": 4, ""n_layers"": 2, ""patience_evaluations"": 8, ""validation_mask_replicates"": 2, ""weight_decay"": 0.001}",5062,mar_age_sex_30,4,303.0,0.45874587458745875,0.8603702403930513,0.8449590972167443,0.5386584252018443,0.5231719975275515,0.17985280847436264,0.17311642563639867,0.7392739273927392,0.7520178978768205,0.7613293051359517,0.65625,0.9064748201438849,0.7266187050359713,-1.0859887969408282,1.7268484773331432,0.14905366955504762
va_long_beach,cleveland,mirrams_equation9,mirrams,0,"{""d_model"": 64, ""dropout"": 0.1, ""evaluation_interval"": 5, ""learning_rate"": 0.0001, ""max_epochs"": 120, ""mirrams_confidence"": 0.95, ""mirrams_lambda_1"": 15.0, ""mirrams_lambda_2"": 15.0, ""mirrams_mask_rate"": 0.2, ""n_heads"": 4, ""n_layers"": 2, ""patience_evaluations"": 8, ""validation_mask_replicates"": 2, ""weight_decay"": 0.001}",5062,mcar_10,0,303.0,0.45874587458745875,0.8716880154413055,0.8671728535972191,0.5353073852264868,0.5183021511802772,0.17903121360092858,0.17175604232820382,0.735973597359736,0.749517459203369,0.7604790419161677,0.6512820512820513,0.9136690647482014,0.7697841726618705,-1.1929757964708363,1.7012033510119657,0.14382391102930425
va_long_beach,cleveland,mirrams_equation9,mirrams,0,"{""d_model"": 64, ""dropout"": 0.1, ""evaluation_interval"": 5, ""learning_rate"": 0.0001, ""max_epochs"": 120, ""mirrams_confidence"": 0.95, ""mirrams_lambda_1"": 15.0, ""mirrams_lambda_2"": 15.0, ""mirrams_mask_rate"": 0.2, ""n_heads"": 4, ""n_layers"": 2, ""patience_evaluations"": 8, ""validation_mask_replicates"": 2, ""weight_decay"": 0.001}",5062,mcar_10,1,303.0,0.45874587458745875,0.8636602912791718,0.8547418713175061,0.5433123087751817,0.5262448452571017,0.18267173734702494,0.17531063726524912,0.7260726072607261,0.7403711177399543,0.7537091988130564,0.6414141414141414,0.9136690647482014,0.7194244604316546,-1.1543237704025753,1.6459077478405821,0.1494246326133062
va_long_beach,cleveland,mirrams_equation9,mirrams,0,"{""d_model"": 64, ""dropout"": 0.1, ""evaluation_interval"": 5, ""learning_rate"": 0.0001, ""max_epochs"": 120, ""mirrams_confidence"": 0.95, ""mirrams_lambda_1"": 15.0, ""mirrams_lambda_2"": 15.0, ""mirrams_mask_rate"": 0.2, ""n_heads"": 4, ""n_layers"": 2, ""patience_evaluations"": 8, ""validation_mask_replicates"": 2, ""weight_decay"": 0.001}",5062,mcar_10,2,303.0,0.45874587458745875,0.8361115985260572,0.8195910621361082,0.5644563843280674,0.5476133683934146,0.19138378608066997,0.18424518484808822,0.7029702970297029,0.7151912616248464,0.7272727272727273,0.6282722513089005,0.8633093525179856,0.7122302158273381,-0.9504660885749502,1.388024952567941,0.17494316211659905
va_long_beach,cleveland,mirrams_equation9,mirrams,0,"{""d_model"": 64, ""dropout"": 0.1, ""evaluation_interval"": 5, ""learning_rate"": 0.0001, ""max_epochs"": 120, ""mirrams_confidence"": 0.95, ""mirrams_lambda_1"": 15.0, ""mirrams_lambda_2"": 15.0, ""mirrams_mask_rate"": 0.2, ""n_heads"": 4, ""n_layers"": 2, ""patience_evaluations"": 8, ""validation_mask_replicates"": 2, ""weight_decay"": 0.001}",5062,mcar_10,3,303.0,0.45874587458745875,0.8453237410071943,0.8250147631628962,0.553764050591902,0.5372563733550908,0.1862526924314447,0.17917854190394786,0.7425742574257426,0.7556150201789787,0.7650602409638554,0.6580310880829016,0.9136690647482014,0.7050359712230215,-1.0198242057322948,1.5280337701175761,0.16864705955957676
va_long_beach,cleveland,mirrams_equation9,mirrams,0,"{""d_model"": 64, ""dropout"": 0.1, ""evaluation_interval"": 5, ""learning_rate"": 0.0001, ""max_epochs"": 120, ""mirrams_confidence"": 0.95, ""mirrams_lambda_1"": 15.0, ""mirrams_lambda_2"": 15.0, ""mirrams_mask_rate"": 0.2, ""n_heads"": 4, ""n_layers"": 2, ""patience_evaluations"": 8, ""validation_mask_replicates"": 2, ""weight_decay"": 0.001}",5062,mcar_10,4,303.0,0.45874587458745875,0.8644499034918407,0.8409387401341853,0.5327204560554841,0.5164487256842878,0.17696026184730226,0.1700767812974133,0.7557755775577558,0.7672618003158449,0.7730061349693251,0.6737967914438503,0.9064748201438849,0.7482014388489209,-1.06306972221009,1.5976592576799926,0.15082924089294653
va_long_beach,cleveland,mirrams_equation9,mirrams,0,"{""d_model"": 64, ""dropout"": 0.1, ""evaluation_interval"": 5, ""learning_rate"": 0.0001, ""max_epochs"": 120, ""mirrams_confidence"": 0.95, ""mirrams_lambda_1"": 15.0, ""mirrams_lambda_2"": 15.0, ""mirrams_mask_rate"": 0.2, ""n_heads"": 4, ""n_layers"": 2, ""patience_evaluations"": 8, ""validation_mask_replicates"": 2, ""weight_decay"": 0.001}",5062,mcar_30,0,303.0,0.45874587458745875,0.8329531496753817,0.8241336931087413,0.5536614412630694,0.5407958302208076,0.18662843312793598,0.18107181713059467,0.7194719471947195,0.7287901386208107,0.7335423197492164,0.65,0.841726618705036,0.6834532374100719,-0.7848847764236419,1.4348385600027056,0.16160503994390968
va_long_beach,cleveland,mirrams_equation9,mirrams,0,"{""d_model"": 64, ""dropout"": 0.1, ""evaluation_interval"": 5, ""learning_rate"": 0.0001, ""max_epochs"": 120, ""mirrams_confidence"": 0.95, ""mirrams_lambda_1"": 15.0, ""mirrams_lambda_2"": 15.0, ""mirrams_mask_rate"": 0.2, ""n_heads"": 4, ""n_layers"": 2, ""patience_evaluations"": 8, ""validation_mask_replicates"": 2, ""weight_decay"": 0.001}",5062,mcar_30,1,303.0,0.45874587458745875,0.8492718020705388,0.8413924426346499,0.5471445979839674,0.5337367412158234,0.18363474630885937,0.17776293225762513,0.7227722772277227,0.7362256536234426,0.7485029940119761,0.6410256410256411,0.8992805755395683,0.7266187050359713,-0.9333144866103859,1.7137127413577562,0.15168997991019495
va_long_beach,cleveland,mirrams_equation9,mirrams,0,"{""d_model"": 64, ""dropout"": 0.1, ""evaluation_interval"": 5, ""learning_rate"": 0.0001, ""max_epochs"": 120, ""mirrams_confidence"": 0.95, ""mirrams_lambda_1"": 15.0, ""mirrams_lambda_2"": 15.0, ""mirrams_mask_rate"": 0.2, ""n_heads"": 4, ""n_layers"": 2, ""patience_evaluations"": 8, ""validation_mask_replicates"": 2, ""weight_decay"": 0.001}",5062,mcar_30,2,303.0,0.45874587458745875,0.8473855062291631,0.8309767326343281,0.5368664386409969,0.5253383788634278,0.17895322074203934,0.17393532240482873,0.7491749174917491,0.7573258466397614,0.7579617834394905,0.68,0.8561151079136691,0.7553956834532374,-0.7906352926017896,1.573059670369212,0.14794819926536762
va_long_beach,cleveland,mirrams_equation9,mirrams,0,"{""d_model"": 64, ""dropout"": 0.1, ""evaluation_interval"": 5, ""learning_rate"": 0.0001, ""max_epochs"": 120, ""mirrams_confidence"": 0.95, ""mirrams_lambda_1"": 15.0, ""mirrams_lambda_2"": 15.0, ""mirrams_mask_rate"": 0.2, ""n_heads"": 4, ""n_layers"": 2, ""patience_evaluations"": 8, ""validation_mask_replicates"": 2, ""weight_decay"": 0.001}",5062,mcar_30,3,303.0,0.45874587458745875,0.8228636602912791,0.7685581191266448,0.5646608356425294,0.5498864086517898,0.18951427575724597,0.18309343658372795,0.7260726072607261,0.739822775925601,0.7522388059701492,0.6428571428571429,0.9064748201438849,0.7194244604316546,-0.868671851458301,1.4916181000536346,0.19848437512054806
va_long_beach,cleveland,mirrams_equation9,mirrams,0,"{""d_model"": 64, ""dropout"": 0.1, ""evaluation_interval"": 5, ""learning_rate"": 0.0001, ""max_epochs"": 120, ""mirrams_confidence"": 0.95, ""mirrams_lambda_1"": 15.0, ""mirrams_lambda_2"": 15.0, ""mirrams_mask_rate"": 0.2, ""n_heads"": 4, ""n_layers"": 2, ""patience_evaluations"": 8, ""validation_mask_replicates"": 2, ""weight_decay"": 0.001}",5062,mcar_30,4,303.0,0.45874587458745875,0.837032812774171,0.8254814928064438,0.5541497270557122,0.5411401956936145,0.18688573156757682,0.18117597065803467,0.7194719471947195,0.7320801895069311,0.743202416918429,0.640625,0.8848920863309353,0.6906474820143885,-0.8533327847927542,1.5602747816077869,0.16128102488959703
va_long_beach,cleveland,mirrams_equation9,mirrams,0,"{""d_model"": 64, ""dropout"": 0.1, ""evaluation_interval"": 5, ""learning_rate"": 0.0001, ""max_epochs"": 120, ""mirrams_confidence"": 0.95, ""mirrams_lambda_1"": 15.0, ""mirrams_lambda_2"": 15.0, ""mirrams_mask_rate"": 0.2, ""n_heads"": 4, ""n_layers"": 2, ""patience_evaluations"": 8, ""validation_mask_replicates"": 2, ""weight_decay"": 0.001}",5062,mcar_50,0,303.0,0.45874587458745875,0.7657922442533778,0.7370295661132511,0.5930299045133813,0.5861492030982602,0.20317529441418591,0.20013261364638846,0.6864686468646864,0.6944639410422881,0.6984126984126984,0.625,0.7913669064748201,0.6546762589928058,-0.42949902564076475,1.192924701160762,0.2170798867142028
va_long_beach,cleveland,mirrams_equation9,mirrams,0,"{""d_model"": 64, ""dropout"": 0.1, ""evaluation_interval"": 5, ""learning_rate"": 0.0001, ""max_epochs"": 120, ""mirrams_confidence"": 0.95, ""mirrams_lambda_1"": 15.0, ""mirrams_lambda_2"": 15.0, ""mirrams_mask_rate"": 0.2, ""n_heads"": 4, ""n_layers"": 2, ""patience_evaluations"": 8, ""validation_mask_replicates"": 2, ""weight_decay"": 0.001}",5062,mcar_50,1,303.0,0.45874587458745875,0.7866292331988066,0.7841961157039793,0.5710535232020106,0.5658987208236899,0.1941388407671474,0.19188735740933885,0.7029702970297029,0.7069661344095455,0.7,0.6521739130434783,0.7553956834532374,0.6258992805755396,-0.3821720479869116,1.2782939858774216,0.17348520245255225
va_long_beach,cleveland,mirrams_equation9,mirrams,0,"{""d_model"": 64, ""dropout"": 0.1, ""evaluation_interval"": 5, ""learning_rate"": 0.0001, ""max_epochs"": 120, ""mirrams_confidence"": 0.95, ""mirrams_lambda_1"": 15.0, ""mirrams_lambda_2"": 15.0, ""mirrams_mask_rate"": 0.2, ""n_heads"": 4, ""n_layers"": 2, ""patience_evaluations"": 8, ""validation_mask_replicates"": 2, ""weight_decay"": 0.001}",5062,mcar_50,2,303.0,0.45874587458745875,0.7899631514300753,0.7541390553944427,0.5703749700671522,0.5635260314059924,0.19320433739042728,0.19023811088502846,0.7029702970297029,0.707514476223899,0.7019867549668874,0.6503067484662577,0.762589928057554,0.6690647482014388,-0.4480139889400051,1.3244053465919863,0.18574878709412526
va_long_beach,cleveland,mirrams_equation9,mirrams,0,"{""d_model"": 64, ""dropout"": 0.1, ""evaluation_interval"": 5, ""learning_rate"": 0.0001, ""max_epochs"": 120, ""mirrams_confidence"": 0.95, ""mirrams_lambda_1"": 15.0, ""mirrams_lambda_2"": 15.0, ""mirrams_mask_rate"": 0.2, ""n_heads"": 4, ""n_layers"": 2, ""patience_evaluations"": 8, ""validation_mask_replicates"": 2, ""weight_decay"": 0.001}",5062,mcar_50,3,303.0,0.45874587458745875,0.7762326723986664,0.7528865327569193,0.5840654457450999,0.5766589872153725,0.19956219303708483,0.19626258979173972,0.7128712871287128,0.7199508685734339,0.7202572347266881,0.6511627906976745,0.8057553956834532,0.5179856115107914,-0.4522742444593807,1.2969575471098136,0.19499244319515371
va_long_beach,cleveland,mirrams_equation9,mirrams,0,"{""d_model"": 64, ""dropout"": 0.1, ""evaluation_interval"": 5, ""learning_rate"": 0.0001, ""max_epochs"": 120, ""mirrams_confidence"": 0.95, ""mirrams_lambda_1"": 15.0, ""mirrams_lambda_2"": 15.0, ""mirrams_mask_rate"": 0.2, ""n_heads"": 4, ""n_layers"": 2, ""patience_evaluations"": 8, ""validation_mask_replicates"": 2, ""weight_decay"": 0.001}",5062,mcar_50,4,303.0,0.45874587458745875,0.7771538866467802,0.7692001521368003,0.57846332448728,0.5732785372578372,0.1977837149635233,0.19553619866371477,0.6864686468646864,0.6895288647131076,0.6801346801346801,0.6392405063291139,0.7266187050359713,0.6330935251798561,-0.3678424202938585,1.1946742412188873,0.18091175139748966
va_long_beach,cleveland,mirrams_equation9,mirrams,0,"{""d_model"": 64, ""dropout"": 0.1, ""evaluation_interval"": 5, ""learning_rate"": 0.0001, ""max_epochs"": 120, ""mirrams_confidence"": 0.95, ""mirrams_lambda_1"": 15.0, ""mirrams_lambda_2"": 15.0, ""mirrams_mask_rate"": 0.2, ""n_heads"": 4, ""n_layers"": 2, ""patience_evaluations"": 8, ""validation_mask_replicates"": 2, ""weight_decay"": 0.001}",5062,natural,0,303.0,0.45874587458745875,0.8674328829619231,0.8546986515204684,0.5424291914949856,0.5239294614560273,0.18184214881487315,0.17398060899295686,0.7392739273927392,0.7542112651342341,0.7669616519174042,0.65,0.935251798561151,0.762589928057554,-1.233130844802558,1.6339209315417156,0.1537449889522492
va_long_beach,cleveland,mirrams_equation9,mirrams,0,"{""d_model"": 64, ""dropout"": 0.1, ""evaluation_interval"": 5, ""learning_rate"": 0.0001, ""max_epochs"": 120, ""mirrams_confidence"": 0.95, ""mirrams_lambda_1"": 15.0, ""mirrams_lambda_2"": 15.0, ""mirrams_mask_rate"": 0.2, ""n_heads"": 4, ""n_layers"": 2, ""patience_evaluations"": 8, ""validation_mask_replicates"": 2, ""weight_decay"": 0.001}",5063,drop_advanced,0,303.0,0.45874587458745875,0.8705474644674505,0.8574913958972692,0.4570157542886412,0.462979814060906,0.1475986944339713,0.1502708108264269,0.7887788778877888,0.7829443762063519,0.7557251908396947,0.8048780487804879,0.7122302158273381,0.7553956834532374,0.08829143051577251,1.1035584594765866,0.0951396346320316
va_long_beach,cleveland,mirrams_equation9,mirrams,0,"{""d_model"": 64, ""dropout"": 0.1, ""evaluation_interval"": 5, ""learning_rate"": 0.0001, ""max_epochs"": 120, ""mirrams_confidence"": 0.95, ""mirrams_lambda_1"": 15.0, ""mirrams_lambda_2"": 15.0, ""mirrams_mask_rate"": 0.2, ""n_heads"": 4, ""n_layers"": 2, ""patience_evaluations"": 8, ""validation_mask_replicates"": 2, ""weight_decay"": 0.001}",5063,drop_exercise,0,303.0,0.45874587458745875,0.828478680470258,0.796849368531368,0.5532799969923948,0.540292838655779,0.18574151947681264,0.180270771716582,0.7194719471947195,0.7282417968064573,0.7318611987381703,0.651685393258427,0.8345323741007195,0.7410071942446043,-0.7565976621142194,1.3703071451398867,0.17516662023106772
va_long_beach,cleveland,mirrams_equation9,mirrams,0,"{""d_model"": 64, ""dropout"": 0.1, ""evaluation_interval"": 5, ""learning_rate"": 0.0001, ""max_epochs"": 120, ""mirrams_confidence"": 0.95, ""mirrams_lambda_1"": 15.0, ""mirrams_lambda_2"": 15.0, ""mirrams_mask_rate"": 0.2, ""n_heads"": 4, ""n_layers"": 2, ""patience_evaluations"": 8, ""validation_mask_replicates"": 2, ""weight_decay"": 0.001}",5063,drop_routine,0,303.0,0.45874587458745875,0.8614669240217583,0.8329893364959435,0.5954832703897227,0.5674085136820328,0.2026159301564192,0.19150267996337042,0.7029702970297029,0.720126337954027,0.7413793103448276,0.6172248803827751,0.9280575539568345,0.7410071942446043,-1.5116356238550872,1.327275814477723,0.19308365334531624
va_long_beach,cleveland,mirrams_equation9,mirrams,0,"{""d_model"": 64, ""dropout"": 0.1, ""evaluation_interval"": 5, ""learning_rate"": 0.0001, ""max_epochs"": 120, ""mirrams_confidence"": 0.95, ""mirrams_lambda_1"": 15.0, ""mirrams_lambda_2"": 15.0, ""mirrams_mask_rate"": 0.2, ""n_heads"": 4, ""n_layers"": 2, ""patience_evaluations"": 8, ""validation_mask_replicates"": 2, ""weight_decay"": 0.001}",5063,empirical_source,0,303.0,0.45874587458745875,0.8437445165818565,0.8443863976976729,0.49649972506241885,0.4953306727146803,0.16388397959857648,0.16356181303907802,0.7491749174917491,0.7491007194244604,0.7323943661971831,0.7172413793103448,0.7482014388489209,0.7122302158273381,-0.2528170683666527,0.9878308899199365,0.11796730648248369
va_long_beach,cleveland,mirrams_equation9,mirrams,0,"{""d_model"": 64, ""dropout"": 0.1, ""evaluation_interval"": 5, ""learning_rate"": 0.0001, ""max_epochs"": 120, ""mirrams_confidence"": 0.95, ""mirrams_lambda_1"": 15.0, ""mirrams_lambda_2"": 15.0, ""mirrams_mask_rate"": 0.2, ""n_heads"": 4, ""n_layers"": 2, ""patience_evaluations"": 8, ""validation_mask_replicates"": 2, ""weight_decay"": 0.001}",5063,empirical_source,1,303.0,0.45874587458745875,0.8558080364976312,0.8396249584321528,0.48063076375014635,0.4782872247468599,0.15633315455088315,0.15562772820219994,0.7788778877887789,0.7781847692577646,0.7615658362989324,0.7535211267605634,0.7697841726618705,0.7338129496402878,-0.26371992831280794,1.0401268171923046,0.11111069563866283
va_long_beach,cleveland,mirrams_equation9,mirrams,0,"{""d_model"": 64, ""dropout"": 0.1, ""evaluation_interval"": 5, ""learning_rate"": 0.0001, ""max_epochs"": 120, ""mirrams_confidence"": 0.95, ""mirrams_lambda_1"": 15.0, ""mirrams_lambda_2"": 15.0, ""mirrams_mask_rate"": 0.2, ""n_heads"": 4, ""n_layers"": 2, ""patience_evaluations"": 8, ""validation_mask_replicates"": 2, ""weight_decay"": 0.001}",5063,empirical_source,2,303.0,0.45874587458745875,0.8386997718898052,0.8306453374392417,0.5025688887264113,0.5016445657949922,0.16563044021699178,0.16536452703783094,0.768976897689769,0.7695867696087033,0.7552447552447552,0.7346938775510204,0.7769784172661871,0.7122302158273381,-0.22417154332320213,0.9403507946585687,0.12181267026029376
va_long_beach,cleveland,mirrams_equation9,mirrams,0,"{""d_model"": 64, ""dropout"": 0.1, ""evaluation_interval"": 5, ""learning_rate"": 0.0001, ""max_epochs"": 120, ""mirrams_confidence"": 0.95, ""mirrams_lambda_1"": 15.0, ""mirrams_lambda_2"": 15.0, ""mirrams_mask_rate"": 0.2, ""n_heads"": 4, ""n_layers"": 2, ""patience_evaluations"": 8, ""validation_mask_replicates"": 2, ""weight_decay"": 0.001}",5063,empirical_source,3,303.0,0.45874587458745875,0.8467274960519389,0.8396324972235448,0.4920827064151602,0.4906996157381104,0.16277206634075142,0.162435376054555,0.759075907590759,0.7587954027022284,0.7420494699646644,0.7291666666666666,0.7553956834532374,0.7194244604316546,-0.2520953837796646,0.9869212234684155,0.11365902586433502
va_long_beach,cleveland,mirrams_equation9,mirrams,0,"{""d_model"": 64, ""dropout"": 0.1, ""evaluation_interval"": 5, ""learning_rate"": 0.0001, ""max_epochs"": 120, ""mirrams_confidence"": 0.95, ""mirrams_lambda_1"": 15.0, ""mirrams_lambda_2"": 15.0, ""mirrams_mask_rate"": 0.2, ""n_heads"": 4, ""n_layers"": 2, ""patience_evaluations"": 8, ""validation_mask_replicates"": 2, ""weight_decay"": 0.001}",5063,empirical_source,4,303.0,0.45874587458745875,0.851903842779435,0.8304105873245256,0.48892529497562354,0.48552007587036294,0.1594995956974584,0.15839564691400587,0.7788778877887789,0.7792814528864713,0.7649122807017544,0.7465753424657534,0.7841726618705036,0.7482014388489209,-0.29343075853832606,1.0110282673447315,0.12100389715953537
va_long_beach,cleveland,mirrams_equation9,mirrams,0,"{""d_model"": 64, ""dropout"": 0.1, ""evaluation_interval"": 5, ""learning_rate"": 0.0001, ""max_epochs"": 120, ""mirrams_confidence"": 0.95, ""mirrams_lambda_1"": 15.0, ""mirrams_lambda_2"": 15.0, ""mirrams_mask_rate"": 0.2, ""n_heads"": 4, ""n_layers"": 2, ""patience_evaluations"": 8, ""validation_mask_replicates"": 2, ""weight_decay"": 0.001}",5063,mar_age_sex_30,0,303.0,0.45874587458745875,0.8390945779961396,0.8124275160582477,0.5106986153546721,0.5012615505857065,0.1661735185436085,0.16262816411270692,0.7920792079207921,0.7964116511668714,0.7892976588628763,0.7375,0.8489208633093526,0.7482014388489209,-0.5414620792612405,1.074230233946492,0.15054319979409664
va_long_beach,cleveland,mirrams_equation9,mirrams,0,"{""d_model"": 64, ""dropout"": 0.1, ""evaluation_interval"": 5, ""learning_rate"": 0.0001, ""max_epochs"": 120, ""mirrams_confidence"": 0.95, ""mirrams_lambda_1"": 15.0, ""mirrams_lambda_2"": 15.0, ""mirrams_mask_rate"": 0.2, ""n_heads"": 4, ""n_layers"": 2, ""patience_evaluations"": 8, ""validation_mask_replicates"": 2, ""weight_decay"": 0.001}",5063,mar_age_sex_30,1,303.0,0.45874587458745875,0.8350587822424987,0.803454119059881,0.5219806677874739,0.5121499368161215,0.17148500403538064,0.1677058958065526,0.7623762376237624,0.7673276013335673,0.7615894039735099,0.7055214723926381,0.8273381294964028,0.7122302158273381,-0.5319843915251912,1.0599746115073836,0.153501364961405
va_long_beach,cleveland,mirrams_equation9,mirrams,0,"{""d_model"": 64, ""dropout"": 0.1, ""evaluation_interval"": 5, ""learning_rate"": 0.0001, ""max_epochs"": 120, ""mirrams_confidence"": 0.95, ""mirrams_lambda_1"": 15.0, ""mirrams_lambda_2"": 15.0, ""mirrams_mask_rate"": 0.2, ""n_heads"": 4, ""n_layers"": 2, ""patience_evaluations"": 8, ""validation_mask_replicates"": 2, ""weight_decay"": 0.001}",5063,mar_age_sex_30,2,303.0,0.45874587458745875,0.8480873837515353,0.8379553301544548,0.508086669380859,0.4984884696748882,0.16834453201622715,0.16468238798795629,0.7557755775577558,0.7606816985436041,0.7549668874172185,0.6993865030674846,0.8201438848920863,0.7338129496402878,-0.6025758152433496,1.1683916833243086,0.13127909847879188
va_long_beach,cleveland,mirrams_equation9,mirrams,0,"{""d_model"": 64, ""dropout"": 0.1, ""evaluation_interval"": 5, ""learning_rate"": 0.0001, ""max_epochs"": 120, ""mirrams_confidence"": 0.95, ""mirrams_lambda_1"": 15.0, ""mirrams_lambda_2"": 15.0, ""mirrams_mask_rate"": 0.2, ""n_heads"": 4, ""n_layers"": 2, ""patience_evaluations"": 8, ""validation_mask_replicates"": 2, ""weight_decay"": 0.001}",5063,mar_age_sex_30,3,303.0,0.45874587458745875,0.846113353219863,0.8213833574300877,0.5103261743803468,0.5007370004590845,0.16766137854633964,0.16408534904621147,0.768976897689769,0.773425162309177,0.7666666666666667,0.7142857142857143,0.8273381294964028,0.7410071942446043,-0.552561188178024,1.1046427259669773,0.1407906979668252
va_long_beach,cleveland,mirrams_equation9,mirrams,0,"{""d_model"": 64, ""dropout"": 0.1, ""evaluation_interval"": 5, ""learning_rate"": 0.0001, ""max_epochs"": 120, ""mirrams_confidence"": 0.95, ""mirrams_lambda_1"": 15.0, ""mirrams_lambda_2"": 15.0, ""mirrams_mask_rate"": 0.2, ""n_heads"": 4, ""n_layers"": 2, ""patience_evaluations"": 8, ""validation_mask_replicates"": 2, ""weight_decay"": 0.001}",5063,mar_age_sex_30,4,303.0,0.45874587458745875,0.8528250570275487,0.8211466062277937,0.5032438164571027,0.4921067527679651,0.16395707427997955,0.159683106323851,0.7656765676567657,0.7725697490787857,0.7702265372168284,0.7,0.8561151079136691,0.762589928057554,-0.6384277636486204,1.1620552040194991,0.142396645389201
va_long_beach,cleveland,mirrams_equation9,mirrams,0,"{""d_model"": 64, ""dropout"": 0.1, ""evaluation_interval"": 5, ""learning_rate"": 0.0001, ""max_epochs"": 120, ""mirrams_confidence"": 0.95, ""mirrams_lambda_1"": 15.0, ""mirrams_lambda_2"": 15.0, ""mirrams_mask_rate"": 0.2, ""n_heads"": 4, ""n_layers"": 2, ""patience_evaluations"": 8, ""validation_mask_replicates"": 2, ""weight_decay"": 0.001}",5063,mcar_10,0,303.0,0.45874587458745875,0.8650640463239164,0.8425434688120879,0.4848528273211063,0.4760947844930542,0.15751111704092935,0.15424633519776193,0.7722772277227723,0.7759256009826285,0.7676767676767676,0.7215189873417721,0.8201438848920863,0.7553956834532374,-0.5488687642868803,1.1998122112864862,0.12063170285051274
va_long_beach,cleveland,mirrams_equation9,mirrams,0,"{""d_model"": 64, ""dropout"": 0.1, ""evaluation_interval"": 5, ""learning_rate"": 0.0001, ""max_epochs"": 120, ""mirrams_confidence"": 0.95, ""mirrams_lambda_1"": 15.0, ""mirrams_lambda_2"": 15.0, ""mirrams_mask_rate"": 0.2, ""n_heads"": 4, ""n_layers"": 2, ""patience_evaluations"": 8, ""validation_mask_replicates"": 2, ""weight_decay"": 0.001}",5063,mcar_10,1,303.0,0.45874587458745875,0.8515529040182489,0.832681357647723,0.4986713622337629,0.4912534839358603,0.16244642054590583,0.1597854685564877,0.768976897689769,0.77068345323741,0.7586206896551724,0.7284768211920529,0.7913669064748201,0.7266187050359713,-0.4870628589307427,1.150075786004518,0.13236262087629583
va_long_beach,cleveland,mirrams_equation9,mirrams,0,"{""d_model"": 64, ""dropout"": 0.1, ""evaluation_interval"": 5, ""learning_rate"": 0.0001, ""max_epochs"": 120, ""mirrams_confidence"": 0.95, ""mirrams_lambda_1"": 15.0, ""mirrams_lambda_2"": 15.0, ""mirrams_mask_rate"": 0.2, ""n_heads"": 4, ""n_layers"": 2, ""patience_evaluations"": 8, ""validation_mask_replicates"": 2, ""weight_decay"": 0.001}",5063,mcar_10,2,303.0,0.45874587458745875,0.86370415862432,0.8478340950458905,0.48449347339726784,0.4762505746634511,0.15757848809684555,0.15448787692578703,0.759075907590759,0.7631821372170556,0.7558528428093646,0.70625,0.8129496402877698,0.762589928057554,-0.5548516249859768,1.2294685443554974,0.1178490709559117
va_long_beach,cleveland,mirrams_equation9,mirrams,0,"{""d_model"": 64, ""dropout"": 0.1, ""evaluation_interval"": 5, ""learning_rate"": 0.0001, ""max_epochs"": 120, ""mirrams_confidence"": 0.95, ""mirrams_lambda_1"": 15.0, ""mirrams_lambda_2"": 15.0, ""mirrams_mask_rate"": 0.2, ""n_heads"": 4, ""n_layers"": 2, ""patience_evaluations"": 8, ""validation_mask_replicates"": 2, ""weight_decay"": 0.001}",5063,mcar_10,3,303.0,0.45874587458745875,0.8672574135813301,0.8495046663116101,0.4831692270441592,0.4734828661186591,0.15581473728416095,0.15216183790274035,0.7854785478547854,0.7892174065625548,0.7811447811447811,0.7341772151898734,0.8345323741007195,0.8057553956834532,-0.6272230944171113,1.2709977590886827,0.12208938265519927
va_long_beach,cleveland,mirrams_equation9,mirrams,0,"{""d_model"": 64, ""dropout"": 0.1, ""evaluation_interval"": 5, ""learning_rate"": 0.0001, ""max_epochs"": 120, ""mirrams_confidence"": 0.95, ""mirrams_lambda_1"": 15.0, ""mirrams_lambda_2"": 15.0, ""mirrams_mask_rate"": 0.2, ""n_heads"": 4, ""n_layers"": 2, ""patience_evaluations"": 8, ""validation_mask_replicates"": 2, ""weight_decay"": 0.001}",5063,mcar_10,4,303.0,0.45874587458745875,0.8684418319003334,0.8544049492465959,0.4827438769980588,0.47328796280014485,0.1566494543844966,0.15305980656575882,0.7656765676567657,0.771473065450079,0.7672131147540984,0.7048192771084337,0.841726618705036,0.7769784172661871,-0.612258238566719,1.2385057582982295,0.11678396894602552
va_long_beach,cleveland,mirrams_equation9,mirrams,0,"{""d_model"": 64, ""dropout"": 0.1, ""evaluation_interval"": 5, ""learning_rate"": 0.0001, ""max_epochs"": 120, ""mirrams_confidence"": 0.95, ""mirrams_lambda_1"": 15.0, ""mirrams_lambda_2"": 15.0, ""mirrams_mask_rate"": 0.2, ""n_heads"": 4, ""n_layers"": 2, ""patience_evaluations"": 8, ""validation_mask_replicates"": 2, ""weight_decay"": 0.001}",5063,mcar_30,0,303.0,0.45874587458745875,0.8297947008247061,0.8111419567518019,0.5213540574309139,0.5143980155060984,0.17277524324578145,0.17014896341013885,0.7293729372937293,0.734646429198105,0.7302631578947368,0.6727272727272727,0.7985611510791367,0.7194244604316546,-0.462582452685611,1.1171134953865836,0.14831021602465044
va_long_beach,cleveland,mirrams_equation9,mirrams,0,"{""d_model"": 64, ""dropout"": 0.1, ""evaluation_interval"": 5, ""learning_rate"": 0.0001, ""max_epochs"": 120, ""mirrams_confidence"": 0.95, ""mirrams_lambda_1"": 15.0, ""mirrams_lambda_2"": 15.0, ""mirrams_mask_rate"": 0.2, ""n_heads"": 4, ""n_layers"": 2, ""patience_evaluations"": 8, ""validation_mask_replicates"": 2, ""weight_decay"": 0.001}",5063,mcar_30,1,303.0,0.45874587458745875,0.8386559045446569,0.823604402839906,0.5171559801319398,0.5073607628464163,0.17224018933865332,0.16818939276910916,0.7524752475247525,0.7603746271275662,0.7603833865814696,0.6839080459770115,0.8561151079136691,0.6834532374100719,-0.5759661454076089,1.190456167492147,0.13477385964036526
va_long_beach,cleveland,mirrams_equation9,mirrams,0,"{""d_model"": 64, ""dropout"": 0.1, ""evaluation_interval"": 5, ""learning_rate"": 0.0001, ""max_epochs"": 120, ""mirrams_confidence"": 0.95, ""mirrams_lambda_1"": 15.0, ""mirrams_lambda_2"": 15.0, ""mirrams_mask_rate"": 0.2, ""n_heads"": 4, ""n_layers"": 2, ""patience_evaluations"": 8, ""validation_mask_replicates"": 2, ""weight_decay"": 0.001}",5063,mcar_30,2,303.0,0.45874587458745875,0.833172486401123,0.8025033498171359,0.5237198864464554,0.5158217319106138,0.17430970750716168,0.17127499963660908,0.7326732673267327,0.736598526057203,0.7290969899665551,0.68125,0.7841726618705036,0.6762589928057554,-0.4675719092541325,1.1087572985137204,0.14628849326857585
va_long_beach,cleveland,mirrams_equation9,mirrams,0,"{""d_model"": 64, ""dropout"": 0.1, ""evaluation_interval"": 5, ""learning_rate"": 0.0001, ""max_epochs"": 120, ""mirrams_confidence"": 0.95, ""mirrams_lambda_1"": 15.0, ""mirrams_lambda_2"": 15.0, ""mirrams_mask_rate"": 0.2, ""n_heads"": 4, ""n_layers"": 2, ""patience_evaluations"": 8, ""validation_mask_replicates"": 2, ""weight_decay"": 0.001}",5063,mcar_30,3,303.0,0.45874587458745875,0.8243990173714686,0.7921826630880595,0.5344080305240556,0.5260771273024873,0.1773773000322658,0.1742430525033934,0.7425742574257426,0.7451965257062643,0.7346938775510204,0.6967741935483871,0.7769784172661871,0.697841726618705,-0.47065592608931567,1.0583750728900103,0.1623913393685621
va_long_beach,cleveland,mirrams_equation9,mirrams,0,"{""d_model"": 64, ""dropout"": 0.1, ""evaluation_interval"": 5, ""learning_rate"": 0.0001, ""max_epochs"": 120, ""mirrams_confidence"": 0.95, ""mirrams_lambda_1"": 15.0, ""mirrams_lambda_2"": 15.0, ""mirrams_mask_rate"": 0.2, ""n_heads"": 4, ""n_layers"": 2, ""patience_evaluations"": 8, ""validation_mask_replicates"": 2, ""weight_decay"": 0.001}",5063,mcar_30,4,303.0,0.45874587458745875,0.8265485172837341,0.809171826899034,0.5282569780198229,0.5207360237995822,0.1763897788493934,0.17351078112506607,0.7194719471947195,0.7244034041059835,0.7194719471947195,0.6646341463414634,0.7841726618705036,0.6834532374100719,-0.4713867151877501,1.1236158602483968,0.14791497626749084
va_long_beach,cleveland,mirrams_equation9,mirrams,0,"{""d_model"": 64, ""dropout"": 0.1, ""evaluation_interval"": 5, ""learning_rate"": 0.0001, ""max_epochs"": 120, ""mirrams_confidence"": 0.95, ""mirrams_lambda_1"": 15.0, ""mirrams_lambda_2"": 15.0, ""mirrams_mask_rate"": 0.2, ""n_heads"": 4, ""n_layers"": 2, ""patience_evaluations"": 8, ""validation_mask_replicates"": 2, ""weight_decay"": 0.001}",5063,mcar_50,0,303.0,0.45874587458745875,0.8178189155992279,0.8054498291769163,0.5277638617160968,0.5252090967848819,0.1747083805820094,0.17385586910184328,0.7557755775577558,0.7568433058431303,0.7430555555555556,0.7181208053691275,0.7697841726618705,0.7338129496402878,-0.28269069304697103,1.1314938807542614,0.15115818911861062
va_long_beach,cleveland,mirrams_equation9,mirrams,0,"{""d_model"": 64, ""dropout"": 0.1, ""evaluation_interval"": 5, ""learning_rate"": 0.0001, ""max_epochs"": 120, ""mirrams_confidence"": 0.95, ""mirrams_lambda_1"": 15.0, ""mirrams_lambda_2"": 15.0, ""mirrams_mask_rate"": 0.2, ""n_heads"": 4, ""n_layers"": 2, ""patience_evaluations"": 8, ""validation_mask_replicates"": 2, ""weight_decay"": 0.001}",5063,mcar_50,1,303.0,0.45874587458745875,0.7917178452360063,0.7580977964171984,0.5566427072346183,0.5535943569051986,0.18666422314560618,0.18562002165493763,0.7326732673267327,0.7327601333567293,0.7157894736842105,0.6986301369863014,0.7338129496402878,0.6402877697841727,-0.2806436658531885,1.004398281320836,0.18360108262431857
va_long_beach,cleveland,mirrams_equation9,mirrams,0,"{""d_model"": 64, ""dropout"": 0.1, ""evaluation_interval"": 5, ""learning_rate"": 0.0001, ""max_epochs"": 120, ""mirrams_confidence"": 0.95, ""mirrams_lambda_1"": 15.0, ""mirrams_lambda_2"": 15.0, ""mirrams_mask_rate"": 0.2, ""n_heads"": 4, ""n_layers"": 2, ""patience_evaluations"": 8, ""validation_mask_replicates"": 2, ""weight_decay"": 0.001}",5063,mcar_50,2,303.0,0.45874587458745875,0.7772854886822249,0.7487816213748695,0.5815852955421502,0.575284366907743,0.19830901611855137,0.1959034738903659,0.7029702970297029,0.7058694507808387,0.6959459459459459,0.6560509554140127,0.7410071942446043,0.5539568345323741,-0.3402863869042269,0.839868385169505,0.19372813528219696
va_long_beach,cleveland,mirrams_equation9,mirrams,0,"{""d_model"": 64, ""dropout"": 0.1, ""evaluation_interval"": 5, ""learning_rate"": 0.0001, ""max_epochs"": 120, ""mirrams_confidence"": 0.95, ""mirrams_lambda_1"": 15.0, ""mirrams_lambda_2"": 15.0, ""mirrams_mask_rate"": 0.2, ""n_heads"": 4, ""n_layers"": 2, ""patience_evaluations"": 8, ""validation_mask_replicates"": 2, ""weight_decay"": 0.001}",5063,mcar_50,3,303.0,0.45874587458745875,0.8007983856816986,0.7860974697769614,0.54499799344523,0.541465618155636,0.1831090952920681,0.1818486900843122,0.7260726072607261,0.7272109141954728,0.71280276816609,0.6866666666666666,0.7410071942446043,0.6546762589928058,-0.3098091263789985,1.0373615055436378,0.16051823211264296
va_long_beach,cleveland,mirrams_equation9,mirrams,0,"{""d_model"": 64, ""dropout"": 0.1, ""evaluation_interval"": 5, ""learning_rate"": 0.0001, ""max_epochs"": 120, ""mirrams_confidence"": 0.95, ""mirrams_lambda_1"": 15.0, ""mirrams_lambda_2"": 15.0, ""mirrams_mask_rate"": 0.2, ""n_heads"": 4, ""n_layers"": 2, ""patience_evaluations"": 8, ""validation_mask_replicates"": 2, ""weight_decay"": 0.001}",5063,mcar_50,4,303.0,0.45874587458745875,0.8074662221442358,0.766371247751211,0.5493709151993426,0.5431384058374892,0.18285952845368939,0.1803208584752096,0.7293729372937293,0.731904720126338,0.7210884353741497,0.6838709677419355,0.762589928057554,0.6906474820143885,-0.38641907743911247,1.0734866716694882,0.18355719860154696
va_long_beach,cleveland,mirrams_equation9,mirrams,0,"{""d_model"": 64, ""dropout"": 0.1, ""evaluation_interval"": 5, ""learning_rate"": 0.0001, ""max_epochs"": 120, ""mirrams_confidence"": 0.95, ""mirrams_lambda_1"": 15.0, ""mirrams_lambda_2"": 15.0, ""mirrams_mask_rate"": 0.2, ""n_heads"": 4, ""n_layers"": 2, ""patience_evaluations"": 8, ""validation_mask_replicates"": 2, ""weight_decay"": 0.001}",5063,natural,0,303.0,0.45874587458745875,0.8742323214599051,0.8527353238721446,0.472487891572926,0.4632670056116399,0.15186930557255124,0.14848694369449356,0.7920792079207921,0.795863309352518,0.7878787878787878,0.740506329113924,0.841726618705036,0.7769784172661871,-0.5982970324050315,1.2325276474519138,0.1153024930048586
va_long_beach,cleveland,mirrams_equation9,mirrams,0,"{""d_model"": 64, ""dropout"": 0.1, ""evaluation_interval"": 5, ""learning_rate"": 0.0001, ""max_epochs"": 120, ""mirrams_confidence"": 0.95, ""mirrams_lambda_1"": 15.0, ""mirrams_lambda_2"": 15.0, ""mirrams_mask_rate"": 0.2, ""n_heads"": 4, ""n_layers"": 2, ""patience_evaluations"": 8, ""validation_mask_replicates"": 2, ""weight_decay"": 0.001}",5064,drop_advanced,0,303.0,0.45874587458745875,0.862739077031058,0.849559862347652,0.49442349557353726,0.48650415313724926,0.16377867771943613,0.16057301426493154,0.7656765676567657,0.7709247236357255,0.7656765676567657,0.7073170731707317,0.8345323741007195,0.7482014388489209,-0.503693704521238,1.0074335047379823,0.1114320442390879
va_long_beach,cleveland,mirrams_equation9,mirrams,0,"{""d_model"": 64, ""dropout"": 0.1, ""evaluation_interval"": 5, ""learning_rate"": 0.0001, ""max_epochs"": 120, ""mirrams_confidence"": 0.95, ""mirrams_lambda_1"": 15.0, ""mirrams_lambda_2"": 15.0, ""mirrams_mask_rate"": 0.2, ""n_heads"": 4, ""n_layers"": 2, ""patience_evaluations"": 8, ""validation_mask_replicates"": 2, ""weight_decay"": 0.001}",5064,drop_exercise,0,303.0,0.45874587458745875,0.7947008247060888,0.7592772719060297,0.5609005389613326,0.5539409787370826,0.188508868627532,0.18564298150868064,0.7161716171617162,0.7213546236181787,0.7171052631578947,0.6606060606060606,0.7841726618705036,0.6402877697841727,-0.41869813771271946,1.160159777000358,0.19112848397040882
va_long_beach,cleveland,mirrams_equation9,mirrams,0,"{""d_model"": 64, ""dropout"": 0.1, ""evaluation_interval"": 5, ""learning_rate"": 0.0001, ""max_epochs"": 120, ""mirrams_confidence"": 0.95, ""mirrams_lambda_1"": 15.0, ""mirrams_lambda_2"": 15.0, ""mirrams_mask_rate"": 0.2, ""n_heads"": 4, ""n_layers"": 2, ""patience_evaluations"": 8, ""validation_mask_replicates"": 2, ""weight_decay"": 0.001}",5064,drop_routine,0,303.0,0.45874587458745875,0.861927531145815,0.8598172536210456,0.5655497846967878,0.5432415116468231,0.19268237045109263,0.18378165151090137,0.6963696369636964,0.7101903842779436,0.7261904761904762,0.6192893401015228,0.8776978417266187,0.7553956834532374,-1.1503618237622433,1.1696860861362046,0.15207903078451632
va_long_beach,cleveland,mirrams_equation9,mirrams,0,"{""d_model"": 64, ""dropout"": 0.1, ""evaluation_interval"": 5, ""learning_rate"": 0.0001, ""max_epochs"": 120, ""mirrams_confidence"": 0.95, ""mirrams_lambda_1"": 15.0, ""mirrams_lambda_2"": 15.0, ""mirrams_mask_rate"": 0.2, ""n_heads"": 4, ""n_layers"": 2, ""patience_evaluations"": 8, ""validation_mask_replicates"": 2, ""weight_decay"": 0.001}",5064,empirical_source,0,303.0,0.45874587458745875,0.8440077206527462,0.810199932817277,0.5111539818626176,0.5047594893304546,0.16906700083434986,0.16642386031101847,0.7458745874587459,0.7504386734514827,0.7441860465116279,0.691358024691358,0.8057553956834532,0.7338129496402878,-0.41137255959539526,0.9645290278209002,0.14491646029483624
va_long_beach,cleveland,mirrams_equation9,mirrams,0,"{""d_model"": 64, ""dropout"": 0.1, ""evaluation_interval"": 5, ""learning_rate"": 0.0001, ""max_epochs"": 120, ""mirrams_confidence"": 0.95, ""mirrams_lambda_1"": 15.0, ""mirrams_lambda_2"": 15.0, ""mirrams_mask_rate"": 0.2, ""n_heads"": 4, ""n_layers"": 2, ""patience_evaluations"": 8, ""validation_mask_replicates"": 2, ""weight_decay"": 0.001}",5064,empirical_source,1,303.0,0.45874587458745875,0.8390068433058432,0.8236028465050791,0.5136080015569977,0.5086262795760143,0.1698786070485932,0.16775442238392396,0.7656765676567657,0.768731356378312,0.7593220338983051,0.717948717948718,0.8057553956834532,0.697841726618705,-0.35492511177029085,0.9451228680656231,0.13292741210654563
va_long_beach,cleveland,mirrams_equation9,mirrams,0,"{""d_model"": 64, ""dropout"": 0.1, ""evaluation_interval"": 5, ""learning_rate"": 0.0001, ""max_epochs"": 120, ""mirrams_confidence"": 0.95, ""mirrams_lambda_1"": 15.0, ""mirrams_lambda_2"": 15.0, ""mirrams_mask_rate"": 0.2, ""n_heads"": 4, ""n_layers"": 2, ""patience_evaluations"": 8, ""validation_mask_replicates"": 2, ""weight_decay"": 0.001}",5064,empirical_source,2,303.0,0.45874587458745875,0.829136690647482,0.7761491916577034,0.5255455610440053,0.5181320805972459,0.17367064242579547,0.17073131810174536,0.7458745874587459,0.7504386734514827,0.7441860465116279,0.691358024691358,0.8057553956834532,0.7410071942446043,-0.41583463314530983,0.9254360640268745,0.15918300431664756
va_long_beach,cleveland,mirrams_equation9,mirrams,0,"{""d_model"": 64, ""dropout"": 0.1, ""evaluation_interval"": 5, ""learning_rate"": 0.0001, ""max_epochs"": 120, ""mirrams_confidence"": 0.95, ""mirrams_lambda_1"": 15.0, ""mirrams_lambda_2"": 15.0, ""mirrams_mask_rate"": 0.2, ""n_heads"": 4, ""n_layers"": 2, ""patience_evaluations"": 8, ""validation_mask_replicates"": 2, ""weight_decay"": 0.001}",5064,empirical_source,3,303.0,0.45874587458745875,0.8613353219863134,0.8623914390564039,0.48919453592391265,0.48312422482237327,0.16120394454936704,0.1587103404880964,0.7557755775577558,0.7595850149148973,0.7516778523489933,0.7044025157232704,0.8057553956834532,0.7338129496402878,-0.4482436229113259,1.0426496788805075,0.1101261685838091
va_long_beach,cleveland,mirrams_equation9,mirrams,0,"{""d_model"": 64, ""dropout"": 0.1, ""evaluation_interval"": 5, ""learning_rate"": 0.0001, ""max_epochs"": 120, ""mirrams_confidence"": 0.95, ""mirrams_lambda_1"": 15.0, ""mirrams_lambda_2"": 15.0, ""mirrams_mask_rate"": 0.2, ""n_heads"": 4, ""n_layers"": 2, ""patience_evaluations"": 8, ""validation_mask_replicates"": 2, ""weight_decay"": 0.001}",5064,empirical_source,4,303.0,0.45874587458745875,0.851114230566766,0.8301062901684153,0.4975310416991207,0.4905403969152039,0.16283874823698274,0.16000090672492137,0.7788778877887789,0.783119845586945,0.7759197324414716,0.725,0.8345323741007195,0.7338129496402878,-0.44001016311346014,1.0043188955081892,0.12298906855290627
va_long_beach,cleveland,mirrams_equation9,mirrams,0,"{""d_model"": 64, ""dropout"": 0.1, ""evaluation_interval"": 5, ""learning_rate"": 0.0001, ""max_epochs"": 120, ""mirrams_confidence"": 0.95, ""mirrams_lambda_1"": 15.0, ""mirrams_lambda_2"": 15.0, ""mirrams_mask_rate"": 0.2, ""n_heads"": 4, ""n_layers"": 2, ""patience_evaluations"": 8, ""validation_mask_replicates"": 2, ""weight_decay"": 0.001}",5064,mar_age_sex_30,0,303.0,0.45874587458745875,0.8415950166695911,0.8278169221307611,0.5395239491031862,0.5257843319507213,0.18173922913026833,0.176128931778577,0.7194719471947195,0.7293384804351641,0.735202492211838,0.6483516483516484,0.8489208633093526,0.7553956834532374,-0.7286312039525815,1.080452389251304,0.14577660577889076
va_long_beach,cleveland,mirrams_equation9,mirrams,0,"{""d_model"": 64, ""dropout"": 0.1, ""evaluation_interval"": 5, ""learning_rate"": 0.0001, ""max_epochs"": 120, ""mirrams_confidence"": 0.95, ""mirrams_lambda_1"": 15.0, ""mirrams_lambda_2"": 15.0, ""mirrams_mask_rate"": 0.2, ""n_heads"": 4, ""n_layers"": 2, ""patience_evaluations"": 8, ""validation_mask_replicates"": 2, ""weight_decay"": 0.001}",5064,mar_age_sex_30,1,303.0,0.45874587458745875,0.8601070363221618,0.8237549274899142,0.5194911030740695,0.5065815670711136,0.17441473783127007,0.16918522572896832,0.7161716171617162,0.7257413581330058,0.73125,0.6464088397790055,0.841726618705036,0.8057553956834532,-0.7332506786063114,1.1232999500213794,0.14003549636461066
va_long_beach,cleveland,mirrams_equation9,mirrams,0,"{""d_model"": 64, ""dropout"": 0.1, ""evaluation_interval"": 5, ""learning_rate"": 0.0001, ""max_epochs"": 120, ""mirrams_confidence"": 0.95, ""mirrams_lambda_1"": 15.0, ""mirrams_lambda_2"": 15.0, ""mirrams_mask_rate"": 0.2, ""n_heads"": 4, ""n_layers"": 2, ""patience_evaluations"": 8, ""validation_mask_replicates"": 2, ""weight_decay"": 0.001}",5064,mar_age_sex_30,2,303.0,0.45874587458745875,0.8407615371117739,0.8258272950200936,0.540829270371895,0.5260316239846903,0.18206345990571282,0.17610767774903974,0.735973597359736,0.7451307246885419,0.7484276729559748,0.664804469273743,0.8561151079136691,0.762589928057554,-0.7415296366171901,1.061063576778936,0.1432059492240054
va_long_beach,cleveland,mirrams_equation9,mirrams,0,"{""d_model"": 64, ""dropout"": 0.1, ""evaluation_interval"": 5, ""learning_rate"": 0.0001, ""max_epochs"": 120, ""mirrams_confidence"": 0.95, ""mirrams_lambda_1"": 15.0, ""mirrams_lambda_2"": 15.0, ""mirrams_mask_rate"": 0.2, ""n_heads"": 4, ""n_layers"": 2, ""patience_evaluations"": 8, ""validation_mask_replicates"": 2, ""weight_decay"": 0.001}",5064,mar_age_sex_30,3,303.0,0.45874587458745875,0.8290928233023338,0.8118451257639253,0.5537901414829923,0.5409125203205523,0.18713817217381562,0.18184461959131876,0.7194719471947195,0.7287901386208107,0.7335423197492164,0.65,0.841726618705036,0.7194244604316546,-0.6455552794421513,0.9961864685184476,0.16310496430939608
va_long_beach,cleveland,mirrams_equation9,mirrams,0,"{""d_model"": 64, ""dropout"": 0.1, ""evaluation_interval"": 5, ""learning_rate"": 0.0001, ""max_epochs"": 120, ""mirrams_confidence"": 0.95, ""mirrams_lambda_1"": 15.0, ""mirrams_lambda_2"": 15.0, ""mirrams_mask_rate"": 0.2, ""n_heads"": 4, ""n_layers"": 2, ""patience_evaluations"": 8, ""validation_mask_replicates"": 2, ""weight_decay"": 0.001}",5064,mar_age_sex_30,4,303.0,0.45874587458745875,0.8391823126864362,0.819303728871934,0.5423110700870983,0.5281746854163061,0.18126117009941292,0.17549026201975373,0.7326732673267327,0.7426302860150904,0.7476635514018691,0.6593406593406593,0.8633093525179856,0.7697841726618705,-0.7335114002893093,1.0782384802948133,0.15711162964796058
va_long_beach,cleveland,mirrams_equation9,mirrams,0,"{""d_model"": 64, ""dropout"": 0.1, ""evaluation_interval"": 5, ""learning_rate"": 0.0001, ""max_epochs"": 120, ""mirrams_confidence"": 0.95, ""mirrams_lambda_1"": 15.0, ""mirrams_lambda_2"": 15.0, ""mirrams_mask_rate"": 0.2, ""n_heads"": 4, ""n_layers"": 2, ""patience_evaluations"": 8, ""validation_mask_replicates"": 2, ""weight_decay"": 0.001}",5064,mcar_10,0,303.0,0.45874587458745875,0.858045271100193,0.8407634445592375,0.4888225917041755,0.48161692760536423,0.15876068886030806,0.15587686597577494,0.7854785478547854,0.7892174065625548,0.7811447811447811,0.7341772151898734,0.8345323741007195,0.7985611510791367,-0.5033158510562356,1.1510843383686133,0.1244418955027309
va_long_beach,cleveland,mirrams_equation9,mirrams,0,"{""d_model"": 64, ""dropout"": 0.1, ""evaluation_interval"": 5, ""learning_rate"": 0.0001, ""max_epochs"": 120, ""mirrams_confidence"": 0.95, ""mirrams_lambda_1"": 15.0, ""mirrams_lambda_2"": 15.0, ""mirrams_mask_rate"": 0.2, ""n_heads"": 4, ""n_layers"": 2, ""patience_evaluations"": 8, ""validation_mask_replicates"": 2, ""weight_decay"": 0.001}",5064,mcar_10,1,303.0,0.45874587458745875,0.8328215476399368,0.8364598815076827,0.516780951350166,0.5118662271020104,0.17032207320564569,0.16828903762474973,0.7755775577557755,0.7789743814704334,0.7702702702702703,0.7261146496815286,0.8201438848920863,0.7338129496402878,-0.3971871753482317,1.0328031791590466,0.1388131754811977
va_long_beach,cleveland,mirrams_equation9,mirrams,0,"{""d_model"": 64, ""dropout"": 0.1, ""evaluation_interval"": 5, ""learning_rate"": 0.0001, ""max_epochs"": 120, ""mirrams_confidence"": 0.95, ""mirrams_lambda_1"": 15.0, ""mirrams_lambda_2"": 15.0, ""mirrams_mask_rate"": 0.2, ""n_heads"": 4, ""n_layers"": 2, ""patience_evaluations"": 8, ""validation_mask_replicates"": 2, ""weight_decay"": 0.001}",5064,mcar_10,2,303.0,0.45874587458745875,0.8381294964028777,0.8283120591530762,0.5090567088935121,0.5039654483457376,0.16789081418724566,0.16590110138582853,0.759075907590759,0.7620854535883488,0.752542372881356,0.7115384615384616,0.7985611510791367,0.762589928057554,-0.40707836616851445,1.052447564567014,0.13365300921777076
va_long_beach,cleveland,mirrams_equation9,mirrams,0,"{""d_model"": 64, ""dropout"": 0.1, ""evaluation_interval"": 5, ""learning_rate"": 0.0001, ""max_epochs"": 120, ""mirrams_confidence"": 0.95, ""mirrams_lambda_1"": 15.0, ""mirrams_lambda_2"": 15.0, ""mirrams_mask_rate"": 0.2, ""n_heads"": 4, ""n_layers"": 2, ""patience_evaluations"": 8, ""validation_mask_replicates"": 2, ""weight_decay"": 0.001}",5064,mcar_10,3,303.0,0.45874587458745875,0.8297069661344095,0.8304140109410538,0.5235179952454845,0.5188777755028829,0.17533335297720887,0.1734978334359873,0.7425742574257426,0.7457448675206176,0.7364864864864865,0.6942675159235668,0.7841726618705036,0.7410071942446043,-0.3875018555764891,1.0002457772931261,0.1364599245996144
va_long_beach,cleveland,mirrams_equation9,mirrams,0,"{""d_model"": 64, ""dropout"": 0.1, ""evaluation_interval"": 5, ""learning_rate"": 0.0001, ""max_epochs"": 120, ""mirrams_confidence"": 0.95, ""mirrams_lambda_1"": 15.0, ""mirrams_lambda_2"": 15.0, ""mirrams_mask_rate"": 0.2, ""n_heads"": 4, ""n_layers"": 2, ""patience_evaluations"": 8, ""validation_mask_replicates"": 2, ""weight_decay"": 0.001}",5064,mcar_10,4,303.0,0.45874587458745875,0.8381294964028777,0.8322214384517961,0.5114128189470213,0.5063704419979972,0.16918413278221003,0.1672800580738821,0.7656765676567657,0.7670863309352518,0.754325259515571,0.7266666666666667,0.7841726618705036,0.7122302158273381,-0.39552931447163653,1.0050935356206192,0.1326134225183002
va_long_beach,cleveland,mirrams_equation9,mirrams,0,"{""d_model"": 64, ""dropout"": 0.1, ""evaluation_interval"": 5, ""learning_rate"": 0.0001, ""max_epochs"": 120, ""mirrams_confidence"": 0.95, ""mirrams_lambda_1"": 15.0, ""mirrams_lambda_2"": 15.0, ""mirrams_mask_rate"": 0.2, ""n_heads"": 4, ""n_layers"": 2, ""patience_evaluations"": 8, ""validation_mask_replicates"": 2, ""weight_decay"": 0.001}",5064,mcar_30,0,303.0,0.45874587458745875,0.8273819968415511,0.8126067526979688,0.5142955560557003,0.5125570701473904,0.17222718735277168,0.17160190039490103,0.7227722772277227,0.7230654500789613,0.7062937062937062,0.6870748299319728,0.7266187050359713,0.6402877697841727,-0.22350080016047524,1.0977283350806626,0.12404693620935449
va_long_beach,cleveland,mirrams_equation9,mirrams,0,"{""d_model"": 64, ""dropout"": 0.1, ""evaluation_interval"": 5, ""learning_rate"": 0.0001, ""max_epochs"": 120, ""mirrams_confidence"": 0.95, ""mirrams_lambda_1"": 15.0, ""mirrams_lambda_2"": 15.0, ""mirrams_mask_rate"": 0.2, ""n_heads"": 4, ""n_layers"": 2, ""patience_evaluations"": 8, ""validation_mask_replicates"": 2, ""weight_decay"": 0.001}",5064,mcar_30,1,303.0,0.45874587458745875,0.8164151605544832,0.7994184644817586,0.5329944269300971,0.5295876321811607,0.17683302449601412,0.17536275598727896,0.7392739273927392,0.7426960870328128,0.734006734006734,0.689873417721519,0.7841726618705036,0.6618705035971223,-0.3134996010153476,1.020630377700957,0.16314438163021844
va_long_beach,cleveland,mirrams_equation9,mirrams,0,"{""d_model"": 64, ""dropout"": 0.1, ""evaluation_interval"": 5, ""learning_rate"": 0.0001, ""max_epochs"": 120, ""mirrams_confidence"": 0.95, ""mirrams_lambda_1"": 15.0, ""mirrams_lambda_2"": 15.0, ""mirrams_mask_rate"": 0.2, ""n_heads"": 4, ""n_layers"": 2, ""patience_evaluations"": 8, ""validation_mask_replicates"": 2, ""weight_decay"": 0.001}",5064,mcar_30,2,303.0,0.45874587458745875,0.797332865414985,0.7896953337443124,0.556279417016822,0.553520517242333,0.18683828722938675,0.18561635320452652,0.7194719471947195,0.7233067204772767,0.7157190635451505,0.66875,0.7697841726618705,0.697841726618705,-0.2993675701343641,0.8929030026028308,0.17585142974956003
va_long_beach,cleveland,mirrams_equation9,mirrams,0,"{""d_model"": 64, ""dropout"": 0.1, ""evaluation_interval"": 5, ""learning_rate"": 0.0001, ""max_epochs"": 120, ""mirrams_confidence"": 0.95, ""mirrams_lambda_1"": 15.0, ""mirrams_lambda_2"": 15.0, ""mirrams_mask_rate"": 0.2, ""n_heads"": 4, ""n_layers"": 2, ""patience_evaluations"": 8, ""validation_mask_replicates"": 2, ""weight_decay"": 0.001}",5064,mcar_30,3,303.0,0.45874587458745875,0.8000965081593262,0.781639236829816,0.552700202309724,0.5489433479175273,0.18412773211702776,0.18252891260172927,0.7458745874587459,0.7482453061940691,0.7372013651877133,0.7012987012987013,0.7769784172661871,0.6906474820143885,-0.31248695206092675,0.9312600328284113,0.18646573388721321
va_long_beach,cleveland,mirrams_equation9,mirrams,0,"{""d_model"": 64, ""dropout"": 0.1, ""evaluation_interval"": 5, ""learning_rate"": 0.0001, ""max_epochs"": 120, ""mirrams_confidence"": 0.95, ""mirrams_lambda_1"": 15.0, ""mirrams_lambda_2"": 15.0, ""mirrams_mask_rate"": 0.2, ""n_heads"": 4, ""n_layers"": 2, ""patience_evaluations"": 8, ""validation_mask_replicates"": 2, ""weight_decay"": 0.001}",5064,mcar_30,4,303.0,0.45874587458745875,0.8120722933848044,0.8225772763600295,0.5327393709795126,0.5321150968188215,0.1776600473634835,0.17751480483044013,0.7491749174917491,0.7491007194244604,0.7323943661971831,0.7172413793103448,0.7482014388489209,0.7122302158273381,-0.24837583718908318,0.9365505330349335,0.1534720819719892
va_long_beach,cleveland,mirrams_equation9,mirrams,0,"{""d_model"": 64, ""dropout"": 0.1, ""evaluation_interval"": 5, ""learning_rate"": 0.0001, ""max_epochs"": 120, ""mirrams_confidence"": 0.95, ""mirrams_lambda_1"": 15.0, ""mirrams_lambda_2"": 15.0, ""mirrams_mask_rate"": 0.2, ""n_heads"": 4, ""n_layers"": 2, ""patience_evaluations"": 8, ""validation_mask_replicates"": 2, ""weight_decay"": 0.001}",5064,mcar_50,0,303.0,0.45874587458745875,0.7722407439901737,0.7665151550070546,0.5726375748749334,0.5764367885704471,0.19446400839392394,0.19618131588254642,0.7062706270627063,0.7012414458676961,0.6666666666666666,0.6953125,0.6402877697841727,0.5611510791366906,-0.09633611710673994,0.8397838840617243,0.18820728788420688
va_long_beach,cleveland,mirrams_equation9,mirrams,0,"{""d_model"": 64, ""dropout"": 0.1, ""evaluation_interval"": 5, ""learning_rate"": 0.0001, ""max_epochs"": 120, ""mirrams_confidence"": 0.95, ""mirrams_lambda_1"": 15.0, ""mirrams_lambda_2"": 15.0, ""mirrams_mask_rate"": 0.2, ""n_heads"": 4, ""n_layers"": 2, ""patience_evaluations"": 8, ""validation_mask_replicates"": 2, ""weight_decay"": 0.001}",5064,mcar_50,1,303.0,0.45874587458745875,0.736269520968591,0.705507271097072,0.6149396671092157,0.6183053267366507,0.2121733375049894,0.21380904434438533,0.6633663366336634,0.6583172486401123,0.6194029850746269,0.6434108527131783,0.5971223021582733,0.5179856115107914,-0.11090286875339884,0.7007986643944939,0.22462639921597743
va_long_beach,cleveland,mirrams_equation9,mirrams,0,"{""d_model"": 64, ""dropout"": 0.1, ""evaluation_interval"": 5, ""learning_rate"": 0.0001, ""max_epochs"": 120, ""mirrams_confidence"": 0.95, ""mirrams_lambda_1"": 15.0, ""mirrams_lambda_2"": 15.0, ""mirrams_mask_rate"": 0.2, ""n_heads"": 4, ""n_layers"": 2, ""patience_evaluations"": 8, ""validation_mask_replicates"": 2, ""weight_decay"": 0.001}",5064,mcar_50,2,303.0,0.45874587458745875,0.7985611510791366,0.7846712942715955,0.542746454411322,0.5437648019088451,0.18080740911534052,0.1813371580140739,0.7458745874587459,0.7444069134935953,0.7240143369175627,0.7214285714285714,0.7266187050359713,0.697841726618705,-0.149735558876018,0.986160442205253,0.16635603994389475
va_long_beach,cleveland,mirrams_equation9,mirrams,0,"{""d_model"": 64, ""dropout"": 0.1, ""evaluation_interval"": 5, ""learning_rate"": 0.0001, ""max_epochs"": 120, ""mirrams_confidence"": 0.95, ""mirrams_lambda_1"": 15.0, ""mirrams_lambda_2"": 15.0, ""mirrams_mask_rate"": 0.2, ""n_heads"": 4, ""n_layers"": 2, ""patience_evaluations"": 8, ""validation_mask_replicates"": 2, ""weight_decay"": 0.001}",5064,mcar_50,3,303.0,0.45874587458745875,0.7879013862081067,0.7351055171883843,0.55943128700064,0.5605019807143562,0.18795852228847074,0.18856009473792756,0.7227722772277227,0.7219687664502544,0.7021276595744681,0.6923076923076923,0.7122302158273381,0.6402877697841727,-0.12214634090033206,0.9369419401379211,0.18938115861491733
va_long_beach,cleveland,mirrams_equation9,mirrams,0,"{""d_model"": 64, ""dropout"": 0.1, ""evaluation_interval"": 5, ""learning_rate"": 0.0001, ""max_epochs"": 120, ""mirrams_confidence"": 0.95, ""mirrams_lambda_1"": 15.0, ""mirrams_lambda_2"": 15.0, ""mirrams_mask_rate"": 0.2, ""n_heads"": 4, ""n_layers"": 2, ""patience_evaluations"": 8, ""validation_mask_replicates"": 2, ""weight_decay"": 0.001}",5064,mcar_50,4,303.0,0.45874587458745875,0.779566590629935,0.7779691588357127,0.5605660081818125,0.5632330692341555,0.18896561853355576,0.19009498484511284,0.7260726072607261,0.7244692051237058,0.7025089605734767,0.7,0.7050359712230215,0.6474820143884892,-0.1315509023821579,0.944805539880116,0.1794393969645282
va_long_beach,cleveland,mirrams_equation9,mirrams,0,"{""d_model"": 64, ""dropout"": 0.1, ""evaluation_interval"": 5, ""learning_rate"": 0.0001, ""max_epochs"": 120, ""mirrams_confidence"": 0.95, ""mirrams_lambda_1"": 15.0, ""mirrams_lambda_2"": 15.0, ""mirrams_mask_rate"": 0.2, ""n_heads"": 4, ""n_layers"": 2, ""patience_evaluations"": 8, ""validation_mask_replicates"": 2, ""weight_decay"": 0.001}",5064,natural,0,303.0,0.45874587458745875,0.8595367608352343,0.8498227334262061,0.4905183425729254,0.483793306937194,0.16150165039056194,0.15884566182596838,0.7788778877887789,0.783119845586945,0.7759197324414716,0.725,0.8345323741007195,0.7338129496402878,-0.4919822109696565,1.1248193458467175,0.11480677846796584
va_long_beach,hungary,mirrams_equation9,mirrams,0,"{""d_model"": 64, ""dropout"": 0.1, ""evaluation_interval"": 5, ""learning_rate"": 0.0001, ""max_epochs"": 120, ""mirrams_confidence"": 0.95, ""mirrams_lambda_1"": 15.0, ""mirrams_lambda_2"": 15.0, ""mirrams_mask_rate"": 0.2, ""n_heads"": 4, ""n_layers"": 2, ""patience_evaluations"": 8, ""validation_mask_replicates"": 2, ""weight_decay"": 0.001}",5062,drop_advanced,0,294.0,0.36054421768707484,0.878061019670815,0.8276782672155875,0.5134264403088679,0.46978318626075527,0.16638298467338042,0.15054410785069638,0.7789115646258503,0.7962665596146126,0.7368421052631579,0.6453900709219859,0.8584905660377359,0.8113207547169812,-1.2097693308417212,1.1740461513456721,0.1509316168985087
va_long_beach,hungary,mirrams_equation9,mirrams,0,"{""d_model"": 64, ""dropout"": 0.1, ""evaluation_interval"": 5, ""learning_rate"": 0.0001, ""max_epochs"": 120, ""mirrams_confidence"": 0.95, ""mirrams_lambda_1"": 15.0, ""mirrams_lambda_2"": 15.0, ""mirrams_mask_rate"": 0.2, ""n_heads"": 4, ""n_layers"": 2, ""patience_evaluations"": 8, ""validation_mask_replicates"": 2, ""weight_decay"": 0.001}",5062,drop_exercise,0,294.0,0.36054421768707484,0.8182456844640708,0.7015648568246731,0.7152169693013158,0.6162586260432564,0.25190322175012275,0.21216300505416924,0.6020408163265306,0.6682557205941388,0.6213592233009708,0.4729064039408867,0.9056603773584906,0.7547169811320755,-1.8221860562975092,1.277735086093776,0.3198803208905233
va_long_beach,hungary,mirrams_equation9,mirrams,0,"{""d_model"": 64, ""dropout"": 0.1, ""evaluation_interval"": 5, ""learning_rate"": 0.0001, ""max_epochs"": 120, ""mirrams_confidence"": 0.95, ""mirrams_lambda_1"": 15.0, ""mirrams_lambda_2"": 15.0, ""mirrams_mask_rate"": 0.2, ""n_heads"": 4, ""n_layers"": 2, ""patience_evaluations"": 8, ""validation_mask_replicates"": 2, ""weight_decay"": 0.001}",5062,drop_routine,0,294.0,0.36054421768707484,0.8689281413087114,0.8222949770102608,0.7404623824643797,0.6194664534350025,0.2539673901153834,0.2087915442415928,0.6326530612244898,0.6963067041348856,0.6447368421052632,0.494949494949495,0.9245283018867925,0.8018867924528302,-2.2255578632206374,1.2247039903904535,0.25564398218596573
va_long_beach,hungary,mirrams_equation9,mirrams,0,"{""d_model"": 64, ""dropout"": 0.1, ""evaluation_interval"": 5, ""learning_rate"": 0.0001, ""max_epochs"": 120, ""mirrams_confidence"": 0.95, ""mirrams_lambda_1"": 15.0, ""mirrams_lambda_2"": 15.0, ""mirrams_mask_rate"": 0.2, ""n_heads"": 4, ""n_layers"": 2, ""patience_evaluations"": 8, ""validation_mask_replicates"": 2, ""weight_decay"": 0.001}",5062,empirical_source,0,294.0,0.36054421768707484,0.8777599357687677,0.8276535011414514,0.5397065924336222,0.4830851336596223,0.1769226178985864,0.15606014185269318,0.7551020408163265,0.7817643516659976,0.7209302325581395,0.6118421052631579,0.8773584905660378,0.8301886792452831,-1.4225826154485282,1.2097325733351745,0.16444023979669864
va_long_beach,hungary,mirrams_equation9,mirrams,0,"{""d_model"": 64, ""dropout"": 0.1, ""evaluation_interval"": 5, ""learning_rate"": 0.0001, ""max_epochs"": 120, ""mirrams_confidence"": 0.95, ""mirrams_lambda_1"": 15.0, ""mirrams_lambda_2"": 15.0, ""mirrams_mask_rate"": 0.2, ""n_heads"": 4, ""n_layers"": 2, ""patience_evaluations"": 8, ""validation_mask_replicates"": 2, ""weight_decay"": 0.001}",5062,empirical_source,1,294.0,0.36054421768707484,0.8664692894419912,0.8196372576186873,0.5612042459473934,0.5028948045619156,0.18706612329845634,0.16506431242560204,0.7346938775510204,0.7658069048574869,0.7045454545454546,0.5886075949367089,0.8773584905660378,0.7830188679245284,-1.3790686408494275,1.1368659440077473,0.17335054178753356
va_long_beach,hungary,mirrams_equation9,mirrams,0,"{""d_model"": 64, ""dropout"": 0.1, ""evaluation_interval"": 5, ""learning_rate"": 0.0001, ""max_epochs"": 120, ""mirrams_confidence"": 0.95, ""mirrams_lambda_1"": 15.0, ""mirrams_lambda_2"": 15.0, ""mirrams_mask_rate"": 0.2, ""n_heads"": 4, ""n_layers"": 2, ""patience_evaluations"": 8, ""validation_mask_replicates"": 2, ""weight_decay"": 0.001}",5062,empirical_source,2,294.0,0.36054421768707484,0.8713368125250903,0.8029987457026435,0.5379198336341455,0.48471019584468,0.17528743073449748,0.15596625312636747,0.7619047619047619,0.7870835006021678,0.7265625,0.62,0.8773584905660378,0.8301886792452831,-1.3353232707355132,1.1593983635322131,0.17171466157859916
va_long_beach,hungary,mirrams_equation9,mirrams,0,"{""d_model"": 64, ""dropout"": 0.1, ""evaluation_interval"": 5, ""learning_rate"": 0.0001, ""max_epochs"": 120, ""mirrams_confidence"": 0.95, ""mirrams_lambda_1"": 15.0, ""mirrams_lambda_2"": 15.0, ""mirrams_mask_rate"": 0.2, ""n_heads"": 4, ""n_layers"": 2, ""patience_evaluations"": 8, ""validation_mask_replicates"": 2, ""weight_decay"": 0.001}",5062,empirical_source,3,294.0,0.36054421768707484,0.8900541951023686,0.836580285998372,0.5214120809343193,0.4642590927441229,0.16873811145040424,0.14764194813566564,0.7687074829931972,0.7944600562023284,0.734375,0.6266666666666667,0.8867924528301887,0.8679245283018868,-1.4815809955710768,1.2801480122546847,0.15437467929334478
va_long_beach,hungary,mirrams_equation9,mirrams,0,"{""d_model"": 64, ""dropout"": 0.1, ""evaluation_interval"": 5, ""learning_rate"": 0.0001, ""max_epochs"": 120, ""mirrams_confidence"": 0.95, ""mirrams_lambda_1"": 15.0, ""mirrams_lambda_2"": 15.0, ""mirrams_mask_rate"": 0.2, ""n_heads"": 4, ""n_layers"": 2, ""patience_evaluations"": 8, ""validation_mask_replicates"": 2, ""weight_decay"": 0.001}",5062,empirical_source,4,294.0,0.36054421768707484,0.8753010839020473,0.8165591018268638,0.5379996123882407,0.48477961530709757,0.1770618171990326,0.15728003837174567,0.7448979591836735,0.7717282215977519,0.7104247104247104,0.6013071895424836,0.8679245283018868,0.8301886792452831,-1.3577816055448162,1.1919472819617483,0.1657468759703492
va_long_beach,hungary,mirrams_equation9,mirrams,0,"{""d_model"": 64, ""dropout"": 0.1, ""evaluation_interval"": 5, ""learning_rate"": 0.0001, ""max_epochs"": 120, ""mirrams_confidence"": 0.95, ""mirrams_lambda_1"": 15.0, ""mirrams_lambda_2"": 15.0, ""mirrams_mask_rate"": 0.2, ""n_heads"": 4, ""n_layers"": 2, ""patience_evaluations"": 8, ""validation_mask_replicates"": 2, ""weight_decay"": 0.001}",5062,mar_age_sex_30,0,294.0,0.36054421768707484,0.8509132878362103,0.7590375293606164,0.6065485873629243,0.5354504356282348,0.20343187960345277,0.17674267571854432,0.7108843537414966,0.7492472902448816,0.6886446886446886,0.562874251497006,0.8867924528301887,0.7735849056603774,-1.454080926697864,1.0836543567246097,0.219687447375067
va_long_beach,hungary,mirrams_equation9,mirrams,0,"{""d_model"": 64, ""dropout"": 0.1, ""evaluation_interval"": 5, ""learning_rate"": 0.0001, ""max_epochs"": 120, ""mirrams_confidence"": 0.95, ""mirrams_lambda_1"": 15.0, ""mirrams_lambda_2"": 15.0, ""mirrams_mask_rate"": 0.2, ""n_heads"": 4, ""n_layers"": 2, ""patience_evaluations"": 8, ""validation_mask_replicates"": 2, ""weight_decay"": 0.001}",5062,mar_age_sex_30,1,294.0,0.36054421768707484,0.8429345644319551,0.7434481842209547,0.6113670267236503,0.5425954767943046,0.20540177011775496,0.17954106484364135,0.7040816326530612,0.7377559213167403,0.6765799256505576,0.558282208588957,0.8584905660377359,0.7452830188679245,-1.3926156450610758,1.0551213149463359,0.2276137331667139
va_long_beach,hungary,mirrams_equation9,mirrams,0,"{""d_model"": 64, ""dropout"": 0.1, ""evaluation_interval"": 5, ""learning_rate"": 0.0001, ""max_epochs"": 120, ""mirrams_confidence"": 0.95, ""mirrams_lambda_1"": 15.0, ""mirrams_lambda_2"": 15.0, ""mirrams_mask_rate"": 0.2, ""n_heads"": 4, ""n_layers"": 2, ""patience_evaluations"": 8, ""validation_mask_replicates"": 2, ""weight_decay"": 0.001}",5062,mar_age_sex_30,2,294.0,0.36054421768707484,0.8540244881573666,0.748598864741175,0.6038637995230964,0.5307529219469896,0.20197484616483175,0.17432265073544784,0.7108843537414966,0.7513046969088719,0.6909090909090909,0.5621301775147929,0.8962264150943396,0.8207547169811321,-1.521386952614629,1.1373804499545523,0.22478980615898353
va_long_beach,hungary,mirrams_equation9,mirrams,0,"{""d_model"": 64, ""dropout"": 0.1, ""evaluation_interval"": 5, ""learning_rate"": 0.0001, ""max_epochs"": 120, ""mirrams_confidence"": 0.95, ""mirrams_lambda_1"": 15.0, ""mirrams_lambda_2"": 15.0, ""mirrams_mask_rate"": 0.2, ""n_heads"": 4, ""n_layers"": 2, ""patience_evaluations"": 8, ""validation_mask_replicates"": 2, ""weight_decay"": 0.001}",5062,mar_age_sex_30,3,294.0,0.36054421768707484,0.8673223604977921,0.8066304848527703,0.5789151981154335,0.5105096694337408,0.1930314046670485,0.16711315581029704,0.7312925170068028,0.7652047370533922,0.704119850187266,0.5838509316770186,0.8867924528301887,0.8301886792452831,-1.5535506040191025,1.2224063557725244,0.19132817131242047
va_long_beach,hungary,mirrams_equation9,mirrams,0,"{""d_model"": 64, ""dropout"": 0.1, ""evaluation_interval"": 5, ""learning_rate"": 0.0001, ""max_epochs"": 120, ""mirrams_confidence"": 0.95, ""mirrams_lambda_1"": 15.0, ""mirrams_lambda_2"": 15.0, ""mirrams_mask_rate"": 0.2, ""n_heads"": 4, ""n_layers"": 2, ""patience_evaluations"": 8, ""validation_mask_replicates"": 2, ""weight_decay"": 0.001}",5062,mar_age_sex_30,4,294.0,0.36054421768707484,0.8594941790445605,0.7673667935376216,0.5891989680031124,0.5201966159989057,0.19588369055381732,0.16998549716739977,0.7244897959183674,0.7619429947812124,0.7011070110701108,0.5757575757575758,0.8962264150943396,0.7924528301886793,-1.4932460418465225,1.1677422211149207,0.2109130931616447
va_long_beach,hungary,mirrams_equation9,mirrams,0,"{""d_model"": 64, ""dropout"": 0.1, ""evaluation_interval"": 5, ""learning_rate"": 0.0001, ""max_epochs"": 120, ""mirrams_confidence"": 0.95, ""mirrams_lambda_1"": 15.0, ""mirrams_lambda_2"": 15.0, ""mirrams_mask_rate"": 0.2, ""n_heads"": 4, ""n_layers"": 2, ""patience_evaluations"": 8, ""validation_mask_replicates"": 2, ""weight_decay"": 0.001}",5062,mcar_10,0,294.0,0.36054421768707484,0.8562324367723806,0.8160911947589466,0.5438530648915839,0.49882150168845163,0.17980051115072138,0.16336566691683252,0.7312925170068028,0.7508028904054597,0.6877470355731226,0.5918367346938775,0.8207547169811321,0.8018867924528302,-1.201149844923995,1.1346755313309553,0.16499665285950504
va_long_beach,hungary,mirrams_equation9,mirrams,0,"{""d_model"": 64, ""dropout"": 0.1, ""evaluation_interval"": 5, ""learning_rate"": 0.0001, ""max_epochs"": 120, ""mirrams_confidence"": 0.95, ""mirrams_lambda_1"": 15.0, ""mirrams_lambda_2"": 15.0, ""mirrams_mask_rate"": 0.2, ""n_heads"": 4, ""n_layers"": 2, ""patience_evaluations"": 8, ""validation_mask_replicates"": 2, ""weight_decay"": 0.001}",5062,mcar_10,1,294.0,0.36054421768707484,0.8623042954636693,0.7987928884862255,0.53417394945951,0.48793236876266965,0.17453933522307996,0.15743440767340472,0.7619047619047619,0.7850260939381775,0.7244094488188977,0.6216216216216216,0.8679245283018868,0.7924528301886793,-1.205650118185699,1.1319833820183245,0.17033944562167472
va_long_beach,hungary,mirrams_equation9,mirrams,0,"{""d_model"": 64, ""dropout"": 0.1, ""evaluation_interval"": 5, ""learning_rate"": 0.0001, ""max_epochs"": 120, ""mirrams_confidence"": 0.95, ""mirrams_lambda_1"": 15.0, ""mirrams_lambda_2"": 15.0, ""mirrams_mask_rate"": 0.2, ""n_heads"": 4, ""n_layers"": 2, ""patience_evaluations"": 8, ""validation_mask_replicates"": 2, ""weight_decay"": 0.001}",5062,mcar_10,2,294.0,0.36054421768707484,0.8551786431152147,0.7854854338099,0.5411857509276065,0.4975847095223349,0.1787890049678395,0.1626926003614219,0.7517006802721088,0.7708751505419511,0.7091633466135459,0.6137931034482759,0.839622641509434,0.7735849056603774,-1.167484291701813,1.1205344891459612,0.17235972277208542
va_long_beach,hungary,mirrams_equation9,mirrams,0,"{""d_model"": 64, ""dropout"": 0.1, ""evaluation_interval"": 5, ""learning_rate"": 0.0001, ""max_epochs"": 120, ""mirrams_confidence"": 0.95, ""mirrams_lambda_1"": 15.0, ""mirrams_lambda_2"": 15.0, ""mirrams_mask_rate"": 0.2, ""n_heads"": 4, ""n_layers"": 2, ""patience_evaluations"": 8, ""validation_mask_replicates"": 2, ""weight_decay"": 0.001}",5062,mcar_10,3,294.0,0.36054421768707484,0.8547270172621438,0.7744097712323738,0.550841800731385,0.5014193600677206,0.18127058973811536,0.16273308140307052,0.7551020408163265,0.7797069450020073,0.71875,0.6133333333333333,0.8679245283018868,0.7547169811320755,-1.2069709442494923,1.1308556272045491,0.1835516126549145
va_long_beach,hungary,mirrams_equation9,mirrams,0,"{""d_model"": 64, ""dropout"": 0.1, ""evaluation_interval"": 5, ""learning_rate"": 0.0001, ""max_epochs"": 120, ""mirrams_confidence"": 0.95, ""mirrams_lambda_1"": 15.0, ""mirrams_lambda_2"": 15.0, ""mirrams_mask_rate"": 0.2, ""n_heads"": 4, ""n_layers"": 2, ""patience_evaluations"": 8, ""validation_mask_replicates"": 2, ""weight_decay"": 0.001}",5062,mcar_10,4,294.0,0.36054421768707484,0.8532215977519069,0.7917280280196146,0.5395925570465536,0.4971765877473701,0.17797576065457452,0.16239314799252744,0.7551020408163265,0.7776495383380169,0.7165354330708661,0.6148648648648649,0.8584905660377359,0.7735849056603774,-1.142054544532548,1.1004004617485834,0.16958300313921318
va_long_beach,hungary,mirrams_equation9,mirrams,0,"{""d_model"": 64, ""dropout"": 0.1, ""evaluation_interval"": 5, ""learning_rate"": 0.0001, ""max_epochs"": 120, ""mirrams_confidence"": 0.95, ""mirrams_lambda_1"": 15.0, ""mirrams_lambda_2"": 15.0, ""mirrams_mask_rate"": 0.2, ""n_heads"": 4, ""n_layers"": 2, ""patience_evaluations"": 8, ""validation_mask_replicates"": 2, ""weight_decay"": 0.001}",5062,mcar_30,0,294.0,0.36054421768707484,0.8355078281814532,0.7761472506416321,0.5801498530363958,0.5300842245132159,0.19655542333330395,0.17701297117275705,0.717687074829932,0.7463368125250903,0.6844106463878327,0.5732484076433121,0.8490566037735849,0.7830188679245284,-1.2172443821429493,1.1387032315130319,0.1914146746682861
va_long_beach,hungary,mirrams_equation9,mirrams,0,"{""d_model"": 64, ""dropout"": 0.1, ""evaluation_interval"": 5, ""learning_rate"": 0.0001, ""max_epochs"": 120, ""mirrams_confidence"": 0.95, ""mirrams_lambda_1"": 15.0, ""mirrams_lambda_2"": 15.0, ""mirrams_mask_rate"": 0.2, ""n_heads"": 4, ""n_layers"": 2, ""patience_evaluations"": 8, ""validation_mask_replicates"": 2, ""weight_decay"": 0.001}",5062,mcar_30,1,294.0,0.36054421768707484,0.8355078281814533,0.7407518888027035,0.6003302587273502,0.5416542420641277,0.20387888474295254,0.18052603161956826,0.7040816326530612,0.7439281413087113,0.6836363636363636,0.5562130177514792,0.8867924528301887,0.7169811320754716,-1.3298460318949683,1.2037823549161837,0.22467940703541583
va_long_beach,hungary,mirrams_equation9,mirrams,0,"{""d_model"": 64, ""dropout"": 0.1, ""evaluation_interval"": 5, ""learning_rate"": 0.0001, ""max_epochs"": 120, ""mirrams_confidence"": 0.95, ""mirrams_lambda_1"": 15.0, ""mirrams_lambda_2"": 15.0, ""mirrams_mask_rate"": 0.2, ""n_heads"": 4, ""n_layers"": 2, ""patience_evaluations"": 8, ""validation_mask_replicates"": 2, ""weight_decay"": 0.001}",5062,mcar_30,2,294.0,0.36054421768707484,0.8294359694901645,0.7098685932888782,0.6066580289743009,0.5455282088947051,0.2043077478635919,0.18051671145534248,0.7142857142857143,0.7519068647129667,0.6911764705882353,0.5662650602409639,0.8867924528301887,0.6981132075471698,-1.2558309368868121,1.1054420133538063,0.23660412472931874
va_long_beach,hungary,mirrams_equation9,mirrams,0,"{""d_model"": 64, ""dropout"": 0.1, ""evaluation_interval"": 5, ""learning_rate"": 0.0001, ""max_epochs"": 120, ""mirrams_confidence"": 0.95, ""mirrams_lambda_1"": 15.0, ""mirrams_lambda_2"": 15.0, ""mirrams_mask_rate"": 0.2, ""n_heads"": 4, ""n_layers"": 2, ""patience_evaluations"": 8, ""validation_mask_replicates"": 2, ""weight_decay"": 0.001}",5062,mcar_30,3,294.0,0.36054421768707484,0.8270774789241269,0.7104815146895894,0.6083577157777103,0.5470055736192809,0.20549773278107075,0.1816753613432942,0.717687074829932,0.7504516258530711,0.6891385767790262,0.5714285714285714,0.8679245283018868,0.7547169811320755,-1.2821440582038333,1.1035146959826376,0.23862708532923246
va_long_beach,hungary,mirrams_equation9,mirrams,0,"{""d_model"": 64, ""dropout"": 0.1, ""evaluation_interval"": 5, ""learning_rate"": 0.0001, ""max_epochs"": 120, ""mirrams_confidence"": 0.95, ""mirrams_lambda_1"": 15.0, ""mirrams_lambda_2"": 15.0, ""mirrams_mask_rate"": 0.2, ""n_heads"": 4, ""n_layers"": 2, ""patience_evaluations"": 8, ""validation_mask_replicates"": 2, ""weight_decay"": 0.001}",5062,mcar_30,4,294.0,0.36054421768707484,0.8107687675632276,0.6865517244820302,0.6334230311935446,0.5706594013987718,0.2149385714678908,0.19048824273129455,0.6904761904761905,0.7271176234443999,0.6666666666666666,0.5449101796407185,0.8584905660377359,0.6981132075471698,-1.2241099600089005,1.015214295717757,0.2614877146114657
va_long_beach,hungary,mirrams_equation9,mirrams,0,"{""d_model"": 64, ""dropout"": 0.1, ""evaluation_interval"": 5, ""learning_rate"": 0.0001, ""max_epochs"": 120, ""mirrams_confidence"": 0.95, ""mirrams_lambda_1"": 15.0, ""mirrams_lambda_2"": 15.0, ""mirrams_mask_rate"": 0.2, ""n_heads"": 4, ""n_layers"": 2, ""patience_evaluations"": 8, ""validation_mask_replicates"": 2, ""weight_decay"": 0.001}",5062,mcar_50,0,294.0,0.36054421768707484,0.7857286230429547,0.7196464387843886,0.6935684039024754,0.6156879924868763,0.2477681442381834,0.21547217730097357,0.5782312925170068,0.637294259333601,0.5921052631578947,0.45454545454545453,0.8490566037735849,0.5849056603773585,-1.3847050800970415,1.06445656578624,0.2831673748821365
va_long_beach,hungary,mirrams_equation9,mirrams,0,"{""d_model"": 64, ""dropout"": 0.1, ""evaluation_interval"": 5, ""learning_rate"": 0.0001, ""max_epochs"": 120, ""mirrams_confidence"": 0.95, ""mirrams_lambda_1"": 15.0, ""mirrams_lambda_2"": 15.0, ""mirrams_mask_rate"": 0.2, ""n_heads"": 4, ""n_layers"": 2, ""patience_evaluations"": 8, ""validation_mask_replicates"": 2, ""weight_decay"": 0.001}",5062,mcar_50,1,294.0,0.36054421768707484,0.7753914090726616,0.6748776754930094,0.7105366015502181,0.6293043282620782,0.2509261254689587,0.21794511124748356,0.6020408163265306,0.6600260939381775,0.6112956810631229,0.4717948717948718,0.8679245283018868,0.6226415094339622,-1.3255896982187763,0.9774379112502367,0.31360012506202495
va_long_beach,hungary,mirrams_equation9,mirrams,0,"{""d_model"": 64, ""dropout"": 0.1, ""evaluation_interval"": 5, ""learning_rate"": 0.0001, ""max_epochs"": 120, ""mirrams_confidence"": 0.95, ""mirrams_lambda_1"": 15.0, ""mirrams_lambda_2"": 15.0, ""mirrams_mask_rate"": 0.2, ""n_heads"": 4, ""n_layers"": 2, ""patience_evaluations"": 8, ""validation_mask_replicates"": 2, ""weight_decay"": 0.001}",5062,mcar_50,2,294.0,0.36054421768707484,0.8188478522681654,0.7336784405372536,0.6565863728414489,0.5800557292303504,0.2277436306304274,0.1964577777330032,0.6768707482993197,0.7288237655560016,0.671280276816609,0.5300546448087432,0.9150943396226415,0.6886792452830188,-1.4665926520163521,1.1651109276699483,0.2600247463025897
va_long_beach,hungary,mirrams_equation9,mirrams,0,"{""d_model"": 64, ""dropout"": 0.1, ""evaluation_interval"": 5, ""learning_rate"": 0.0001, ""max_epochs"": 120, ""mirrams_confidence"": 0.95, ""mirrams_lambda_1"": 15.0, ""mirrams_lambda_2"": 15.0, ""mirrams_mask_rate"": 0.2, ""n_heads"": 4, ""n_layers"": 2, ""patience_evaluations"": 8, ""validation_mask_replicates"": 2, ""weight_decay"": 0.001}",5062,mcar_50,3,294.0,0.36054421768707484,0.7896427137695704,0.6688886081611871,0.6943002936966749,0.6143145189778818,0.2418379544531271,0.20975261490097846,0.6462585034013606,0.700772782015255,0.6462585034013606,0.5053191489361702,0.8962264150943396,0.6415094339622641,-1.3327027566796474,0.9794637314646645,0.30279305581063776
va_long_beach,hungary,mirrams_equation9,mirrams,0,"{""d_model"": 64, ""dropout"": 0.1, ""evaluation_interval"": 5, ""learning_rate"": 0.0001, ""max_epochs"": 120, ""mirrams_confidence"": 0.95, ""mirrams_lambda_1"": 15.0, ""mirrams_lambda_2"": 15.0, ""mirrams_mask_rate"": 0.2, ""n_heads"": 4, ""n_layers"": 2, ""patience_evaluations"": 8, ""validation_mask_replicates"": 2, ""weight_decay"": 0.001}",5062,mcar_50,4,294.0,0.36054421768707484,0.7379064632677639,0.6614952759031753,0.7122635058781274,0.6495108944886744,0.2526449318946465,0.22791670444373213,0.6054421768707483,0.6421116017663588,0.5857142857142857,0.47126436781609193,0.7735849056603774,0.6320754716981132,-1.0399451745934096,0.7550135138600838,0.3073486342925506
va_long_beach,hungary,mirrams_equation9,mirrams,0,"{""d_model"": 64, ""dropout"": 0.1, ""evaluation_interval"": 5, ""learning_rate"": 0.0001, ""max_epochs"": 120, ""mirrams_confidence"": 0.95, ""mirrams_lambda_1"": 15.0, ""mirrams_lambda_2"": 15.0, ""mirrams_mask_rate"": 0.2, ""n_heads"": 4, ""n_layers"": 2, ""patience_evaluations"": 8, ""validation_mask_replicates"": 2, ""weight_decay"": 0.001}",5062,natural,0,294.0,0.36054421768707484,0.8796668004817343,0.832564102420038,0.5049362624297622,0.46375124182651806,0.16331604405042086,0.1484639645254416,0.7755102040816326,0.7915495784825372,0.7317073170731707,0.6428571428571429,0.8490566037735849,0.8301886792452831,-1.1985097597190424,1.193441253819737,0.1433379949819889
va_long_beach,hungary,mirrams_equation9,mirrams,0,"{""d_model"": 64, ""dropout"": 0.1, ""evaluation_interval"": 5, ""learning_rate"": 0.0001, ""max_epochs"": 120, ""mirrams_confidence"": 0.95, ""mirrams_lambda_1"": 15.0, ""mirrams_lambda_2"": 15.0, ""mirrams_mask_rate"": 0.2, ""n_heads"": 4, ""n_layers"": 2, ""patience_evaluations"": 8, ""validation_mask_replicates"": 2, ""weight_decay"": 0.001}",5063,drop_advanced,0,294.0,0.36054421768707484,0.8821256523484545,0.8442316837923908,0.632471691402206,0.5447532390934309,0.2200395265154039,0.18474181982379081,0.6802721088435374,0.7376555600160578,0.6802721088435374,0.5319148936170213,0.9433962264150944,0.8207547169811321,-2.087591488189358,1.5659467443046415,0.22070433751176982
va_long_beach,hungary,mirrams_equation9,mirrams,0,"{""d_model"": 64, ""dropout"": 0.1, ""evaluation_interval"": 5, ""learning_rate"": 0.0001, ""max_epochs"": 120, ""mirrams_confidence"": 0.95, ""mirrams_lambda_1"": 15.0, ""mirrams_lambda_2"": 15.0, ""mirrams_mask_rate"": 0.2, ""n_heads"": 4, ""n_layers"": 2, ""patience_evaluations"": 8, ""validation_mask_replicates"": 2, ""weight_decay"": 0.001}",5063,drop_exercise,0,294.0,0.36054421768707484,0.7939582496989162,0.6831668819465359,0.5698345661540108,0.5633980567072197,0.19153089993016062,0.1891700294295307,0.7312925170068028,0.7343436370935368,0.6666666666666666,0.6030534351145038,0.7452830188679245,0.6698113207547169,-0.6487659348674463,1.4092310871360947,0.19353248744362947
va_long_beach,hungary,mirrams_equation9,mirrams,0,"{""d_model"": 64, ""dropout"": 0.1, ""evaluation_interval"": 5, ""learning_rate"": 0.0001, ""max_epochs"": 120, ""mirrams_confidence"": 0.95, ""mirrams_lambda_1"": 15.0, ""mirrams_lambda_2"": 15.0, ""mirrams_mask_rate"": 0.2, ""n_heads"": 4, ""n_layers"": 2, ""patience_evaluations"": 8, ""validation_mask_replicates"": 2, ""weight_decay"": 0.001}",5063,drop_routine,0,294.0,0.36054421768707484,0.8772581292653553,0.7961334256952078,0.7604071593659905,0.6376051891292864,0.2777491705107266,0.22595364714475763,0.5068027210884354,0.6081894821356885,0.5868945868945868,0.4204081632653061,0.9716981132075472,0.839622641509434,-3.160219096913385,2.1637769752830374,0.3310074468954728
va_long_beach,hungary,mirrams_equation9,mirrams,0,"{""d_model"": 64, ""dropout"": 0.1, ""evaluation_interval"": 5, ""learning_rate"": 0.0001, ""max_epochs"": 120, ""mirrams_confidence"": 0.95, ""mirrams_lambda_1"": 15.0, ""mirrams_lambda_2"": 15.0, ""mirrams_mask_rate"": 0.2, ""n_heads"": 4, ""n_layers"": 2, ""patience_evaluations"": 8, ""validation_mask_replicates"": 2, ""weight_decay"": 0.001}",5063,empirical_source,0,294.0,0.36054421768707484,0.875652348454436,0.8328742825244931,0.6708112153313486,0.572623886248487,0.23652963977854316,0.19666702581188877,0.6428571428571429,0.7084002408671216,0.6557377049180327,0.5025125628140703,0.9433962264150944,0.8113207547169812,-2.250256392012535,1.5970691172084432,0.24822400006455297
va_long_beach,hungary,mirrams_equation9,mirrams,0,"{""d_model"": 64, ""dropout"": 0.1, ""evaluation_interval"": 5, ""learning_rate"": 0.0001, ""max_epochs"": 120, ""mirrams_confidence"": 0.95, ""mirrams_lambda_1"": 15.0, ""mirrams_lambda_2"": 15.0, ""mirrams_mask_rate"": 0.2, ""n_heads"": 4, ""n_layers"": 2, ""patience_evaluations"": 8, ""validation_mask_replicates"": 2, ""weight_decay"": 0.001}",5063,empirical_source,1,294.0,0.36054421768707484,0.8803693295865113,0.840493702882019,0.6620087022878804,0.5654844933997247,0.23272039948289835,0.19361653945714463,0.6462585034013606,0.7131172219991971,0.6601307189542484,0.505,0.9528301886792453,0.8301886792452831,-2.270968649082679,1.6194738112160407,0.24048138731785607
va_long_beach,hungary,mirrams_equation9,mirrams,0,"{""d_model"": 64, ""dropout"": 0.1, ""evaluation_interval"": 5, ""learning_rate"": 0.0001, ""max_epochs"": 120, ""mirrams_confidence"": 0.95, ""mirrams_lambda_1"": 15.0, ""mirrams_lambda_2"": 15.0, ""mirrams_mask_rate"": 0.2, ""n_heads"": 4, ""n_layers"": 2, ""patience_evaluations"": 8, ""validation_mask_replicates"": 2, ""weight_decay"": 0.001}",5063,empirical_source,2,294.0,0.36054421768707484,0.8901545564030509,0.8459171146723555,0.6546283808841568,0.5573522118341251,0.2303623331271055,0.1906411713366571,0.6496598639455783,0.719891609795263,0.6666666666666666,0.5073891625615764,0.9716981132075472,0.8113207547169812,-2.405796696538554,1.7346113952420252,0.23593980220932284
va_long_beach,hungary,mirrams_equation9,mirrams,0,"{""d_model"": 64, ""dropout"": 0.1, ""evaluation_interval"": 5, ""learning_rate"": 0.0001, ""max_epochs"": 120, ""mirrams_confidence"": 0.95, ""mirrams_lambda_1"": 15.0, ""mirrams_lambda_2"": 15.0, ""mirrams_mask_rate"": 0.2, ""n_heads"": 4, ""n_layers"": 2, ""patience_evaluations"": 8, ""validation_mask_replicates"": 2, ""weight_decay"": 0.001}",5063,empirical_source,3,294.0,0.36054421768707484,0.8784122842232035,0.8261546846873884,0.6804989307403768,0.5781729079955532,0.24134967257840734,0.19950824043383675,0.6224489795918368,0.6965576073865918,0.6476190476190476,0.4880382775119617,0.9622641509433962,0.8113207547169812,-2.4114123163637387,1.686567369282794,0.25658175184654985
va_long_beach,hungary,mirrams_equation9,mirrams,0,"{""d_model"": 64, ""dropout"": 0.1, ""evaluation_interval"": 5, ""learning_rate"": 0.0001, ""max_epochs"": 120, ""mirrams_confidence"": 0.95, ""mirrams_lambda_1"": 15.0, ""mirrams_lambda_2"": 15.0, ""mirrams_mask_rate"": 0.2, ""n_heads"": 4, ""n_layers"": 2, ""patience_evaluations"": 8, ""validation_mask_replicates"": 2, ""weight_decay"": 0.001}",5063,empirical_source,4,294.0,0.36054421768707484,0.8799177037334405,0.8319304071671055,0.679084500276399,0.5767221829739029,0.23979727104537665,0.19828888623360774,0.6156462585034014,0.6891810517864312,0.6412698412698413,0.48325358851674644,0.9528301886792453,0.8301886792452831,-2.388407662913332,1.6498987528048346,0.25143802325244485
va_long_beach,hungary,mirrams_equation9,mirrams,0,"{""d_model"": 64, ""dropout"": 0.1, ""evaluation_interval"": 5, ""learning_rate"": 0.0001, ""max_epochs"": 120, ""mirrams_confidence"": 0.95, ""mirrams_lambda_1"": 15.0, ""mirrams_lambda_2"": 15.0, ""mirrams_mask_rate"": 0.2, ""n_heads"": 4, ""n_layers"": 2, ""patience_evaluations"": 8, ""validation_mask_replicates"": 2, ""weight_decay"": 0.001}",5063,mar_age_sex_30,0,294.0,0.36054421768707484,0.8719389803291852,0.7988815589947487,0.6377236749360541,0.5514293724870509,0.22149443051101,0.18611575465049518,0.6904761904761905,0.7476916900843035,0.689419795221843,0.5401069518716578,0.9528301886792453,0.7830188679245284,-2.06916685348136,1.6446224069742217,0.24170983907514132
va_long_beach,hungary,mirrams_equation9,mirrams,0,"{""d_model"": 64, ""dropout"": 0.1, ""evaluation_interval"": 5, ""learning_rate"": 0.0001, ""max_epochs"": 120, ""mirrams_confidence"": 0.95, ""mirrams_lambda_1"": 15.0, ""mirrams_lambda_2"": 15.0, ""mirrams_mask_rate"": 0.2, ""n_heads"": 4, ""n_layers"": 2, ""patience_evaluations"": 8, ""validation_mask_replicates"": 2, ""weight_decay"": 0.001}",5063,mar_age_sex_30,1,294.0,0.36054421768707484,0.8759032517061421,0.8157419730994739,0.6295449388878372,0.5466174580588123,0.21871308310070306,0.18454412396858752,0.6768707482993197,0.7349959855479726,0.6779661016949152,0.5291005291005291,0.9433962264150944,0.8207547169811321,-2.0457640364099756,1.6794638259349437,0.23184803954608632
va_long_beach,hungary,mirrams_equation9,mirrams,0,"{""d_model"": 64, ""dropout"": 0.1, ""evaluation_interval"": 5, ""learning_rate"": 0.0001, ""max_epochs"": 120, ""mirrams_confidence"": 0.95, ""mirrams_lambda_1"": 15.0, ""mirrams_lambda_2"": 15.0, ""mirrams_mask_rate"": 0.2, ""n_heads"": 4, ""n_layers"": 2, ""patience_evaluations"": 8, ""validation_mask_replicates"": 2, ""weight_decay"": 0.001}",5063,mar_age_sex_30,2,294.0,0.36054421768707484,0.8524437976716178,0.8078535782359826,0.6649944222884862,0.577507399961058,0.23427599148977624,0.19833813064973055,0.6360544217687075,0.6989662786029707,0.6468646864686468,0.49746192893401014,0.9245283018867925,0.7452830188679245,-1.908559783400523,1.4647832836299461,0.2524517690728325
va_long_beach,hungary,mirrams_equation9,mirrams,0,"{""d_model"": 64, ""dropout"": 0.1, ""evaluation_interval"": 5, ""learning_rate"": 0.0001, ""max_epochs"": 120, ""mirrams_confidence"": 0.95, ""mirrams_lambda_1"": 15.0, ""mirrams_lambda_2"": 15.0, ""mirrams_mask_rate"": 0.2, ""n_heads"": 4, ""n_layers"": 2, ""patience_evaluations"": 8, ""validation_mask_replicates"": 2, ""weight_decay"": 0.001}",5063,mar_age_sex_30,3,294.0,0.36054421768707484,0.8693295865114412,0.8043259921169336,0.6373722275664048,0.5529023101680868,0.22232030815164125,0.18770856411934395,0.6530612244897959,0.7143215576073866,0.66,0.5103092783505154,0.9339622641509434,0.8207547169811321,-2.0200094391387946,1.6070564428033391,0.23961503491239916
va_long_beach,hungary,mirrams_equation9,mirrams,0,"{""d_model"": 64, ""dropout"": 0.1, ""evaluation_interval"": 5, ""learning_rate"": 0.0001, ""max_epochs"": 120, ""mirrams_confidence"": 0.95, ""mirrams_lambda_1"": 15.0, ""mirrams_lambda_2"": 15.0, ""mirrams_mask_rate"": 0.2, ""n_heads"": 4, ""n_layers"": 2, ""patience_evaluations"": 8, ""validation_mask_replicates"": 2, ""weight_decay"": 0.001}",5063,mar_age_sex_30,4,294.0,0.36054421768707484,0.8753010839020474,0.8354493828252135,0.6411733758783098,0.5542603969855211,0.2251828836474234,0.18919251217050959,0.6598639455782312,0.7216981132075472,0.6666666666666666,0.5154639175257731,0.9433962264150944,0.7924528301886793,-2.1136349401858348,1.6789788860778192,0.23171990246497773
va_long_beach,hungary,mirrams_equation9,mirrams,0,"{""d_model"": 64, ""dropout"": 0.1, ""evaluation_interval"": 5, ""learning_rate"": 0.0001, ""max_epochs"": 120, ""mirrams_confidence"": 0.95, ""mirrams_lambda_1"": 15.0, ""mirrams_lambda_2"": 15.0, ""mirrams_mask_rate"": 0.2, ""n_heads"": 4, ""n_layers"": 2, ""patience_evaluations"": 8, ""validation_mask_replicates"": 2, ""weight_decay"": 0.001}",5063,mcar_10,0,294.0,0.36054421768707484,0.8684765154556403,0.7964351761338644,0.632900458662639,0.5489391017871899,0.22015930830294755,0.18606068781200386,0.6632653061224489,0.7223002810116419,0.6666666666666666,0.518324607329843,0.9339622641509434,0.8018867924528302,-1.9567801452445936,1.5442910045258849,0.23735259292356226
va_long_beach,hungary,mirrams_equation9,mirrams,0,"{""d_model"": 64, ""dropout"": 0.1, ""evaluation_interval"": 5, ""learning_rate"": 0.0001, ""max_epochs"": 120, ""mirrams_confidence"": 0.95, ""mirrams_lambda_1"": 15.0, ""mirrams_lambda_2"": 15.0, ""mirrams_mask_rate"": 0.2, ""n_heads"": 4, ""n_layers"": 2, ""patience_evaluations"": 8, ""validation_mask_replicates"": 2, ""weight_decay"": 0.001}",5063,mcar_10,1,294.0,0.36054421768707484,0.8669710959454034,0.8139322551946592,0.6286486465641176,0.5479886421882056,0.21837078793673256,0.18537518437662748,0.6836734693877551,0.740315134484143,0.6825938566552902,0.5347593582887701,0.9433962264150944,0.7830188679245284,-1.879573439195075,1.5487704501829507,0.2290176193709672
va_long_beach,hungary,mirrams_equation9,mirrams,0,"{""d_model"": 64, ""dropout"": 0.1, ""evaluation_interval"": 5, ""learning_rate"": 0.0001, ""max_epochs"": 120, ""mirrams_confidence"": 0.95, ""mirrams_lambda_1"": 15.0, ""mirrams_lambda_2"": 15.0, ""mirrams_mask_rate"": 0.2, ""n_heads"": 4, ""n_layers"": 2, ""patience_evaluations"": 8, ""validation_mask_replicates"": 2, ""weight_decay"": 0.001}",5063,mcar_10,2,294.0,0.36054421768707484,0.8626555600160579,0.7983504250476035,0.6373480582740098,0.5531661451287968,0.22131876285675553,0.18704835709604875,0.6836734693877551,0.7382577278201525,0.6804123711340206,0.5351351351351351,0.9339622641509434,0.7924528301886793,-1.9315457287949505,1.5340867020474505,0.24143729270479602
va_long_beach,hungary,mirrams_equation9,mirrams,0,"{""d_model"": 64, ""dropout"": 0.1, ""evaluation_interval"": 5, ""learning_rate"": 0.0001, ""max_epochs"": 120, ""mirrams_confidence"": 0.95, ""mirrams_lambda_1"": 15.0, ""mirrams_lambda_2"": 15.0, ""mirrams_mask_rate"": 0.2, ""n_heads"": 4, ""n_layers"": 2, ""patience_evaluations"": 8, ""validation_mask_replicates"": 2, ""weight_decay"": 0.001}",5063,mcar_10,3,294.0,0.36054421768707484,0.8698815736651947,0.8132886848864307,0.6208287146194291,0.5420147662876054,0.2165732149312582,0.18424680897365614,0.6496598639455783,0.7075471698113207,0.6531986531986532,0.5078534031413613,0.9150943396226415,0.8018867924528302,-1.939029802229911,1.6184141451563647,0.22669736644401206
va_long_beach,hungary,mirrams_equation9,mirrams,0,"{""d_model"": 64, ""dropout"": 0.1, ""evaluation_interval"": 5, ""learning_rate"": 0.0001, ""max_epochs"": 120, ""mirrams_confidence"": 0.95, ""mirrams_lambda_1"": 15.0, ""mirrams_lambda_2"": 15.0, ""mirrams_mask_rate"": 0.2, ""n_heads"": 4, ""n_layers"": 2, ""patience_evaluations"": 8, ""validation_mask_replicates"": 2, ""weight_decay"": 0.001}",5063,mcar_10,4,294.0,0.36054421768707484,0.8864913689281413,0.8445124216033733,0.6114103935906191,0.530985465738006,0.21197705264905306,0.17890737344535124,0.6870748299319728,0.7450321156162184,0.6870748299319728,0.5372340425531915,0.9528301886792453,0.8113207547169812,-2.1016249535777196,1.74900419718266,0.2129391178038774
va_long_beach,hungary,mirrams_equation9,mirrams,0,"{""d_model"": 64, ""dropout"": 0.1, ""evaluation_interval"": 5, ""learning_rate"": 0.0001, ""max_epochs"": 120, ""mirrams_confidence"": 0.95, ""mirrams_lambda_1"": 15.0, ""mirrams_lambda_2"": 15.0, ""mirrams_mask_rate"": 0.2, ""n_heads"": 4, ""n_layers"": 2, ""patience_evaluations"": 8, ""validation_mask_replicates"": 2, ""weight_decay"": 0.001}",5063,mcar_30,0,294.0,0.36054421768707484,0.7970192693697312,0.7276897074815122,0.6534515578959806,0.5905661096697508,0.2293439008533101,0.203535995344334,0.6632653061224489,0.7017262143717382,0.6425992779783394,0.52046783625731,0.839622641509434,0.660377358490566,-1.2932039364062113,1.1488855038817007,0.2675550505867913
va_long_beach,hungary,mirrams_equation9,mirrams,0,"{""d_model"": 64, ""dropout"": 0.1, ""evaluation_interval"": 5, ""learning_rate"": 0.0001, ""max_epochs"": 120, ""mirrams_confidence"": 0.95, ""mirrams_lambda_1"": 15.0, ""mirrams_lambda_2"": 15.0, ""mirrams_mask_rate"": 0.2, ""n_heads"": 4, ""n_layers"": 2, ""patience_evaluations"": 8, ""validation_mask_replicates"": 2, ""weight_decay"": 0.001}",5063,mcar_30,1,294.0,0.36054421768707484,0.8170915295062223,0.7409348750379555,0.6531702312567417,0.5815396423727126,0.2298824440317166,0.20019970802759374,0.6360544217687075,0.6866218386190286,0.6323024054982818,0.4972972972972973,0.8679245283018868,0.7264150943396226,-1.5499955915701717,1.353955595721077,0.2721984579033548
va_long_beach,hungary,mirrams_equation9,mirrams,0,"{""d_model"": 64, ""dropout"": 0.1, ""evaluation_interval"": 5, ""learning_rate"": 0.0001, ""max_epochs"": 120, ""mirrams_confidence"": 0.95, ""mirrams_lambda_1"": 15.0, ""mirrams_lambda_2"": 15.0, ""mirrams_mask_rate"": 0.2, ""n_heads"": 4, ""n_layers"": 2, ""patience_evaluations"": 8, ""validation_mask_replicates"": 2, ""weight_decay"": 0.001}",5063,mcar_30,2,294.0,0.36054421768707484,0.813930148534725,0.7797299640336388,0.6367376831119529,0.5744406284806056,0.22421224429589506,0.19856785216950096,0.6190476190476191,0.6650943396226415,0.6111111111111112,0.4835164835164835,0.8301886792452831,0.7169811320754716,-1.4197295231035252,1.2690696037628932,0.24082386299202296
va_long_beach,hungary,mirrams_equation9,mirrams,0,"{""d_model"": 64, ""dropout"": 0.1, ""evaluation_interval"": 5, ""learning_rate"": 0.0001, ""max_epochs"": 120, ""mirrams_confidence"": 0.95, ""mirrams_lambda_1"": 15.0, ""mirrams_lambda_2"": 15.0, ""mirrams_mask_rate"": 0.2, ""n_heads"": 4, ""n_layers"": 2, ""patience_evaluations"": 8, ""validation_mask_replicates"": 2, ""weight_decay"": 0.001}",5063,mcar_30,3,294.0,0.36054421768707484,0.8170413488558812,0.7419941705664023,0.6458627360210885,0.5809438215423866,0.2263642033774481,0.1988979279042519,0.6360544217687075,0.6907366519470093,0.6372881355932203,0.4973544973544973,0.8867924528301887,0.7547169811320755,-1.4635185092782526,1.3752750155280857,0.26563330335388424
va_long_beach,hungary,mirrams_equation9,mirrams,0,"{""d_model"": 64, ""dropout"": 0.1, ""evaluation_interval"": 5, ""learning_rate"": 0.0001, ""max_epochs"": 120, ""mirrams_confidence"": 0.95, ""mirrams_lambda_1"": 15.0, ""mirrams_lambda_2"": 15.0, ""mirrams_mask_rate"": 0.2, ""n_heads"": 4, ""n_layers"": 2, ""patience_evaluations"": 8, ""validation_mask_replicates"": 2, ""weight_decay"": 0.001}",5063,mcar_30,4,294.0,0.36054421768707484,0.8439381774387796,0.7654069165128146,0.6222733390052152,0.5533085580726937,0.21630610904546246,0.18767455405866068,0.673469387755102,0.717934564431955,0.6595744680851063,0.5284090909090909,0.8773584905660378,0.7641509433962265,-1.6378960209557005,1.5061805380699653,0.24159849154574106
va_long_beach,hungary,mirrams_equation9,mirrams,0,"{""d_model"": 64, ""dropout"": 0.1, ""evaluation_interval"": 5, ""learning_rate"": 0.0001, ""max_epochs"": 120, ""mirrams_confidence"": 0.95, ""mirrams_lambda_1"": 15.0, ""mirrams_lambda_2"": 15.0, ""mirrams_mask_rate"": 0.2, ""n_heads"": 4, ""n_layers"": 2, ""patience_evaluations"": 8, ""validation_mask_replicates"": 2, ""weight_decay"": 0.001}",5063,mcar_50,0,294.0,0.36054421768707484,0.7784524287434765,0.6884702189005844,0.648896137321127,0.5960243911622054,0.2274711011298964,0.2048445137204981,0.6530612244897959,0.6958048976314732,0.6382978723404256,0.5113636363636364,0.8490566037735849,0.6132075471698113,-1.171411538656127,1.20374255993081,0.28192762748152533
va_long_beach,hungary,mirrams_equation9,mirrams,0,"{""d_model"": 64, ""dropout"": 0.1, ""evaluation_interval"": 5, ""learning_rate"": 0.0001, ""max_epochs"": 120, ""mirrams_confidence"": 0.95, ""mirrams_lambda_1"": 15.0, ""mirrams_lambda_2"": 15.0, ""mirrams_mask_rate"": 0.2, ""n_heads"": 4, ""n_layers"": 2, ""patience_evaluations"": 8, ""validation_mask_replicates"": 2, ""weight_decay"": 0.001}",5063,mcar_50,1,294.0,0.36054421768707484,0.7632476916900843,0.6839491475966112,0.6595862117444287,0.6053027410695788,0.23307864742010867,0.21020992785504775,0.6190476190476191,0.6609795262946607,0.6056338028169014,0.48314606741573035,0.8113207547169812,0.6132075471698113,-1.1479893870522297,1.1277201358828994,0.2900015258140992
va_long_beach,hungary,mirrams_equation9,mirrams,0,"{""d_model"": 64, ""dropout"": 0.1, ""evaluation_interval"": 5, ""learning_rate"": 0.0001, ""max_epochs"": 120, ""mirrams_confidence"": 0.95, ""mirrams_lambda_1"": 15.0, ""mirrams_lambda_2"": 15.0, ""mirrams_mask_rate"": 0.2, ""n_heads"": 4, ""n_layers"": 2, ""patience_evaluations"": 8, ""validation_mask_replicates"": 2, ""weight_decay"": 0.001}",5063,mcar_50,2,294.0,0.36054421768707484,0.7348203532717784,0.6629253915190573,0.6665932041244594,0.6205625395894667,0.23638004309988503,0.21695510383178973,0.6190476190476191,0.65686471296668,0.6,0.4827586206896552,0.7924528301886793,0.5471698113207547,-1.006727592316661,1.0126588412747368,0.2971169860526794
va_long_beach,hungary,mirrams_equation9,mirrams,0,"{""d_model"": 64, ""dropout"": 0.1, ""evaluation_interval"": 5, ""learning_rate"": 0.0001, ""max_epochs"": 120, ""mirrams_confidence"": 0.95, ""mirrams_lambda_1"": 15.0, ""mirrams_lambda_2"": 15.0, ""mirrams_mask_rate"": 0.2, ""n_heads"": 4, ""n_layers"": 2, ""patience_evaluations"": 8, ""validation_mask_replicates"": 2, ""weight_decay"": 0.001}",5063,mcar_50,3,294.0,0.36054421768707484,0.8173424327579286,0.7056968976993891,0.6261806485043253,0.5710732145476927,0.2167373701847808,0.19312239314243118,0.6802721088435374,0.7253111200321156,0.6666666666666666,0.5340909090909091,0.8867924528301887,0.7169811320754716,-1.337580090576011,1.4598744180580716,0.26458089985399125
va_long_beach,hungary,mirrams_equation9,mirrams,0,"{""d_model"": 64, ""dropout"": 0.1, ""evaluation_interval"": 5, ""learning_rate"": 0.0001, ""max_epochs"": 120, ""mirrams_confidence"": 0.95, ""mirrams_lambda_1"": 15.0, ""mirrams_lambda_2"": 15.0, ""mirrams_mask_rate"": 0.2, ""n_heads"": 4, ""n_layers"": 2, ""patience_evaluations"": 8, ""validation_mask_replicates"": 2, ""weight_decay"": 0.001}",5063,mcar_50,4,294.0,0.36054421768707484,0.8185969490164593,0.7787362993139954,0.6038619097210923,0.5540147839588329,0.21006832975997625,0.18900040639746596,0.6768707482993197,0.714421918908069,0.6545454545454545,0.5325443786982249,0.8490566037735849,0.6698113207547169,-1.3028421568159727,1.4416265355923255,0.21630252873072361
va_long_beach,hungary,mirrams_equation9,mirrams,0,"{""d_model"": 64, ""dropout"": 0.1, ""evaluation_interval"": 5, ""learning_rate"": 0.0001, ""max_epochs"": 120, ""mirrams_confidence"": 0.95, ""mirrams_lambda_1"": 15.0, ""mirrams_lambda_2"": 15.0, ""mirrams_mask_rate"": 0.2, ""n_heads"": 4, ""n_layers"": 2, ""patience_evaluations"": 8, ""validation_mask_replicates"": 2, ""weight_decay"": 0.001}",5063,natural,0,294.0,0.36054421768707484,0.8853372139702931,0.84707068445538,0.6267227299982299,0.5397191467453364,0.21809049697668947,0.18294911658467733,0.6836734693877551,0.740315134484143,0.6825938566552902,0.5347593582887701,0.9433962264150944,0.8207547169811321,-2.137853226084544,1.6171761958580533,0.21804146197137422
va_long_beach,hungary,mirrams_equation9,mirrams,0,"{""d_model"": 64, ""dropout"": 0.1, ""evaluation_interval"": 5, ""learning_rate"": 0.0001, ""max_epochs"": 120, ""mirrams_confidence"": 0.95, ""mirrams_lambda_1"": 15.0, ""mirrams_lambda_2"": 15.0, ""mirrams_mask_rate"": 0.2, ""n_heads"": 4, ""n_layers"": 2, ""patience_evaluations"": 8, ""validation_mask_replicates"": 2, ""weight_decay"": 0.001}",5064,drop_advanced,0,294.0,0.36054421768707484,0.8476515455640306,0.7808371076355987,0.7017540095226424,0.6029640956689306,0.24009859924628757,0.20410172293323378,0.6462585034013606,0.6987153753512645,0.6438356164383562,0.5053763440860215,0.8867924528301887,0.7641509433962265,-1.6840445053418402,0.9659325302977263,0.2469877077462202
va_long_beach,hungary,mirrams_equation9,mirrams,0,"{""d_model"": 64, ""dropout"": 0.1, ""evaluation_interval"": 5, ""learning_rate"": 0.0001, ""max_epochs"": 120, ""mirrams_confidence"": 0.95, ""mirrams_lambda_1"": 15.0, ""mirrams_lambda_2"": 15.0, ""mirrams_mask_rate"": 0.2, ""n_heads"": 4, ""n_layers"": 2, ""patience_evaluations"": 8, ""validation_mask_replicates"": 2, ""weight_decay"": 0.001}",5064,drop_exercise,0,294.0,0.36054421768707484,0.7859293456443196,0.6236310882954065,0.5659680814889545,0.5611356277454278,0.1892246000838229,0.18741360159471498,0.7517006802721088,0.7585307105580088,0.694560669456067,0.6240601503759399,0.7830188679245284,0.5849056603773585,-0.5950452308635618,1.1199420304652092,0.2143216792425751
va_long_beach,hungary,mirrams_equation9,mirrams,0,"{""d_model"": 64, ""dropout"": 0.1, ""evaluation_interval"": 5, ""learning_rate"": 0.0001, ""max_epochs"": 120, ""mirrams_confidence"": 0.95, ""mirrams_lambda_1"": 15.0, ""mirrams_lambda_2"": 15.0, ""mirrams_mask_rate"": 0.2, ""n_heads"": 4, ""n_layers"": 2, ""patience_evaluations"": 8, ""validation_mask_replicates"": 2, ""weight_decay"": 0.001}",5064,drop_routine,0,294.0,0.36054421768707484,0.873243677238057,0.8278723932320988,0.7904476477385814,0.6523705685286625,0.27597447744566034,0.2241608309728169,0.5748299319727891,0.6552087515054195,0.6153846153846154,0.45662100456621,0.9433962264150944,0.7735849056603774,-2.543797040742666,1.2783676761974416,0.2735013115291224
va_long_beach,hungary,mirrams_equation9,mirrams,0,"{""d_model"": 64, ""dropout"": 0.1, ""evaluation_interval"": 5, ""learning_rate"": 0.0001, ""max_epochs"": 120, ""mirrams_confidence"": 0.95, ""mirrams_lambda_1"": 15.0, ""mirrams_lambda_2"": 15.0, ""mirrams_mask_rate"": 0.2, ""n_heads"": 4, ""n_layers"": 2, ""patience_evaluations"": 8, ""validation_mask_replicates"": 2, ""weight_decay"": 0.001}",5064,empirical_source,0,294.0,0.36054421768707484,0.8501605780810919,0.7925352151712716,0.7199948725394048,0.6143992624993853,0.24877477713189255,0.2098822794032892,0.6292517006802721,0.685417503010839,0.632996632996633,0.49214659685863876,0.8867924528301887,0.7547169811320755,-1.8072459408399015,1.0092431678782057,0.25102361927066896
va_long_beach,hungary,mirrams_equation9,mirrams,0,"{""d_model"": 64, ""dropout"": 0.1, ""evaluation_interval"": 5, ""learning_rate"": 0.0001, ""max_epochs"": 120, ""mirrams_confidence"": 0.95, ""mirrams_lambda_1"": 15.0, ""mirrams_lambda_2"": 15.0, ""mirrams_mask_rate"": 0.2, ""n_heads"": 4, ""n_layers"": 2, ""patience_evaluations"": 8, ""validation_mask_replicates"": 2, ""weight_decay"": 0.001}",5064,empirical_source,1,294.0,0.36054421768707484,0.8552790044158973,0.7858093485587166,0.7265164489854317,0.6158210339596258,0.25007646876419576,0.2090558059098978,0.6360544217687075,0.6969088719389803,0.6445182724252492,0.49743589743589745,0.9150943396226415,0.7641509433962265,-1.9224726644991934,1.0566760192502536,0.25834460000333254
va_long_beach,hungary,mirrams_equation9,mirrams,0,"{""d_model"": 64, ""dropout"": 0.1, ""evaluation_interval"": 5, ""learning_rate"": 0.0001, ""max_epochs"": 120, ""mirrams_confidence"": 0.95, ""mirrams_lambda_1"": 15.0, ""mirrams_lambda_2"": 15.0, ""mirrams_mask_rate"": 0.2, ""n_heads"": 4, ""n_layers"": 2, ""patience_evaluations"": 8, ""validation_mask_replicates"": 2, ""weight_decay"": 0.001}",5064,empirical_source,2,294.0,0.36054421768707484,0.8544259333600963,0.7848645722011864,0.7186642133600898,0.6096878053213426,0.2483632846454407,0.20764364477813607,0.6326530612244898,0.6963067041348856,0.6447368421052632,0.494949494949495,0.9245283018867925,0.7547169811320755,-1.8997140201753873,1.0684890740528379,0.25481769312099006
va_long_beach,hungary,mirrams_equation9,mirrams,0,"{""d_model"": 64, ""dropout"": 0.1, ""evaluation_interval"": 5, ""learning_rate"": 0.0001, ""max_epochs"": 120, ""mirrams_confidence"": 0.95, ""mirrams_lambda_1"": 15.0, ""mirrams_lambda_2"": 15.0, ""mirrams_mask_rate"": 0.2, ""n_heads"": 4, ""n_layers"": 2, ""patience_evaluations"": 8, ""validation_mask_replicates"": 2, ""weight_decay"": 0.001}",5064,empirical_source,3,294.0,0.36054421768707484,0.8650140505820956,0.8027377641751313,0.7143691203800762,0.6018696357272864,0.24724804986961432,0.20532327611432594,0.6156462585034014,0.6788940184664793,0.6295081967213115,0.4824120603015075,0.9056603773584906,0.7735849056603774,-2.082657256485665,1.155376676493654,0.24810394034966987
va_long_beach,hungary,mirrams_equation9,mirrams,0,"{""d_model"": 64, ""dropout"": 0.1, ""evaluation_interval"": 5, ""learning_rate"": 0.0001, ""max_epochs"": 120, ""mirrams_confidence"": 0.95, ""mirrams_lambda_1"": 15.0, ""mirrams_lambda_2"": 15.0, ""mirrams_mask_rate"": 0.2, ""n_heads"": 4, ""n_layers"": 2, ""patience_evaluations"": 8, ""validation_mask_replicates"": 2, ""weight_decay"": 0.001}",5064,empirical_source,4,294.0,0.36054421768707484,0.8474006423123244,0.7956594275365403,0.7362407795451497,0.6247158251935931,0.2541144120492479,0.21298303442960875,0.6224489795918368,0.6821557607386592,0.6312292358803987,0.48717948717948717,0.8962264150943396,0.7452830188679245,-1.844945436766274,1.013863860012974,0.25705349659709337
va_long_beach,hungary,mirrams_equation9,mirrams,0,"{""d_model"": 64, ""dropout"": 0.1, ""evaluation_interval"": 5, ""learning_rate"": 0.0001, ""max_epochs"": 120, ""mirrams_confidence"": 0.95, ""mirrams_lambda_1"": 15.0, ""mirrams_lambda_2"": 15.0, ""mirrams_mask_rate"": 0.2, ""n_heads"": 4, ""n_layers"": 2, ""patience_evaluations"": 8, ""validation_mask_replicates"": 2, ""weight_decay"": 0.001}",5064,mar_age_sex_30,0,294.0,0.36054421768707484,0.837866318747491,0.7649576309157443,0.6808333575155021,0.5899529634737954,0.23299751604995017,0.19906082192351804,0.6530612244897959,0.7019771176234444,0.6458333333333334,0.510989010989011,0.8773584905660378,0.7452830188679245,-1.6029961056396247,1.0012480242801685,0.24692322394901361
va_long_beach,hungary,mirrams_equation9,mirrams,0,"{""d_model"": 64, ""dropout"": 0.1, ""evaluation_interval"": 5, ""learning_rate"": 0.0001, ""max_epochs"": 120, ""mirrams_confidence"": 0.95, ""mirrams_lambda_1"": 15.0, ""mirrams_lambda_2"": 15.0, ""mirrams_mask_rate"": 0.2, ""n_heads"": 4, ""n_layers"": 2, ""patience_evaluations"": 8, ""validation_mask_replicates"": 2, ""weight_decay"": 0.001}",5064,mar_age_sex_30,1,294.0,0.36054421768707484,0.8368627057406665,0.7592024196548548,0.6846461151738026,0.5940751998665956,0.23537591964674306,0.2013751904993904,0.6394557823129252,0.691338819751104,0.636986301369863,0.5,0.8773584905660378,0.7735849056603774,-1.6075421093288622,1.0060715552447363,0.25196889706511627
va_long_beach,hungary,mirrams_equation9,mirrams,0,"{""d_model"": 64, ""dropout"": 0.1, ""evaluation_interval"": 5, ""learning_rate"": 0.0001, ""max_epochs"": 120, ""mirrams_confidence"": 0.95, ""mirrams_lambda_1"": 15.0, ""mirrams_lambda_2"": 15.0, ""mirrams_mask_rate"": 0.2, ""n_heads"": 4, ""n_layers"": 2, ""patience_evaluations"": 8, ""validation_mask_replicates"": 2, ""weight_decay"": 0.001}",5064,mar_age_sex_30,2,294.0,0.36054421768707484,0.8390204737053393,0.7836344291006793,0.6891074236173905,0.5941374901237956,0.23732310976879034,0.2013076927981326,0.6496598639455783,0.70343235648334,0.6484641638225256,0.5080213903743316,0.8962264150943396,0.7075471698113207,-1.6172209648519402,1.0100774428390509,0.24308046462075394
va_long_beach,hungary,mirrams_equation9,mirrams,0,"{""d_model"": 64, ""dropout"": 0.1, ""evaluation_interval"": 5, ""learning_rate"": 0.0001, ""max_epochs"": 120, ""mirrams_confidence"": 0.95, ""mirrams_lambda_1"": 15.0, ""mirrams_lambda_2"": 15.0, ""mirrams_mask_rate"": 0.2, ""n_heads"": 4, ""n_layers"": 2, ""patience_evaluations"": 8, ""validation_mask_replicates"": 2, ""weight_decay"": 0.001}",5064,mar_age_sex_30,3,294.0,0.36054421768707484,0.8230128462464874,0.7338910561560973,0.701024299909672,0.6098073523905199,0.24113049406695072,0.20716548395460183,0.6292517006802721,0.6833600963468487,0.6305084745762712,0.49206349206349204,0.8773584905660378,0.6981132075471698,-1.49732388320156,0.9129727364818967,0.2635516609534397
va_long_beach,hungary,mirrams_equation9,mirrams,0,"{""d_model"": 64, ""dropout"": 0.1, ""evaluation_interval"": 5, ""learning_rate"": 0.0001, ""max_epochs"": 120, ""mirrams_confidence"": 0.95, ""mirrams_lambda_1"": 15.0, ""mirrams_lambda_2"": 15.0, ""mirrams_mask_rate"": 0.2, ""n_heads"": 4, ""n_layers"": 2, ""patience_evaluations"": 8, ""validation_mask_replicates"": 2, ""weight_decay"": 0.001}",5064,mar_age_sex_30,4,294.0,0.36054421768707484,0.8082597350461662,0.7056431193860938,0.7034969483026933,0.6136295196927123,0.2404757804773555,0.2070378641295002,0.6326530612244898,0.6819048574869531,0.6275862068965518,0.4945652173913043,0.8584905660377359,0.6509433962264151,-1.3798333650502999,0.8665101227279809,0.2771246900500531
va_long_beach,hungary,mirrams_equation9,mirrams,0,"{""d_model"": 64, ""dropout"": 0.1, ""evaluation_interval"": 5, ""learning_rate"": 0.0001, ""max_epochs"": 120, ""mirrams_confidence"": 0.95, ""mirrams_lambda_1"": 15.0, ""mirrams_lambda_2"": 15.0, ""mirrams_mask_rate"": 0.2, ""n_heads"": 4, ""n_layers"": 2, ""patience_evaluations"": 8, ""validation_mask_replicates"": 2, ""weight_decay"": 0.001}",5064,mcar_10,0,294.0,0.36054421768707484,0.8275792854275391,0.7695489446116662,0.7183199819314285,0.6233261003972976,0.24793139398205197,0.2128527078733892,0.6360544217687075,0.6845644319550381,0.629757785467128,0.4972677595628415,0.8584905660377359,0.7264150943396226,-1.5388284556339635,0.896666815524829,0.25954393981825175
va_long_beach,hungary,mirrams_equation9,mirrams,0,"{""d_model"": 64, ""dropout"": 0.1, ""evaluation_interval"": 5, ""learning_rate"": 0.0001, ""max_epochs"": 120, ""mirrams_confidence"": 0.95, ""mirrams_lambda_1"": 15.0, ""mirrams_lambda_2"": 15.0, ""mirrams_mask_rate"": 0.2, ""n_heads"": 4, ""n_layers"": 2, ""patience_evaluations"": 8, ""validation_mask_replicates"": 2, ""weight_decay"": 0.001}",5064,mcar_10,1,294.0,0.36054421768707484,0.8384684865515858,0.7676268402423845,0.7044240258535492,0.6076890116230234,0.24219676078505756,0.20631815794205785,0.6428571428571429,0.6939983942191891,0.6391752577319587,0.5027027027027027,0.8773584905660378,0.7075471698113207,-1.6198814511534927,0.9571058151712831,0.2541677978127981
va_long_beach,hungary,mirrams_equation9,mirrams,0,"{""d_model"": 64, ""dropout"": 0.1, ""evaluation_interval"": 5, ""learning_rate"": 0.0001, ""max_epochs"": 120, ""mirrams_confidence"": 0.95, ""mirrams_lambda_1"": 15.0, ""mirrams_lambda_2"": 15.0, ""mirrams_mask_rate"": 0.2, ""n_heads"": 4, ""n_layers"": 2, ""patience_evaluations"": 8, ""validation_mask_replicates"": 2, ""weight_decay"": 0.001}",5064,mcar_10,2,294.0,0.36054421768707484,0.8343034925732637,0.7580945253245043,0.7122921311428496,0.6159433806376059,0.24595185694322516,0.21052612009444635,0.6258503401360545,0.6786431152147732,0.6258503401360545,0.48936170212765956,0.8679245283018868,0.7452830188679245,-1.5994995306032176,0.9256818137081911,0.25768126164415595
va_long_beach,hungary,mirrams_equation9,mirrams,0,"{""d_model"": 64, ""dropout"": 0.1, ""evaluation_interval"": 5, ""learning_rate"": 0.0001, ""max_epochs"": 120, ""mirrams_confidence"": 0.95, ""mirrams_lambda_1"": 15.0, ""mirrams_lambda_2"": 15.0, ""mirrams_mask_rate"": 0.2, ""n_heads"": 4, ""n_layers"": 2, ""patience_evaluations"": 8, ""validation_mask_replicates"": 2, ""weight_decay"": 0.001}",5064,mcar_10,3,294.0,0.36054421768707484,0.8409775190686472,0.7678237060894029,0.699817650138628,0.6004254008379576,0.24175288787036223,0.20431254986481878,0.6394557823129252,0.6954536330790847,0.6418918918918919,0.5,0.8962264150943396,0.7452830188679245,-1.703210590247914,1.0225428149142723,0.25351369286410363
va_long_beach,hungary,mirrams_equation9,mirrams,0,"{""d_model"": 64, ""dropout"": 0.1, ""evaluation_interval"": 5, ""learning_rate"": 0.0001, ""max_epochs"": 120, ""mirrams_confidence"": 0.95, ""mirrams_lambda_1"": 15.0, ""mirrams_lambda_2"": 15.0, ""mirrams_mask_rate"": 0.2, ""n_heads"": 4, ""n_layers"": 2, ""patience_evaluations"": 8, ""validation_mask_replicates"": 2, ""weight_decay"": 0.001}",5064,mcar_10,4,294.0,0.36054421768707484,0.8418807707747893,0.7909349708934378,0.6974465732504319,0.6015193549576616,0.2409310873596038,0.20527679262813456,0.6394557823129252,0.6933962264150944,0.6394557823129252,0.5,0.8867924528301887,0.7264150943396226,-1.6410225831469438,0.9795101063339482,0.24332530811930364
va_long_beach,hungary,mirrams_equation9,mirrams,0,"{""d_model"": 64, ""dropout"": 0.1, ""evaluation_interval"": 5, ""learning_rate"": 0.0001, ""max_epochs"": 120, ""mirrams_confidence"": 0.95, ""mirrams_lambda_1"": 15.0, ""mirrams_lambda_2"": 15.0, ""mirrams_mask_rate"": 0.2, ""n_heads"": 4, ""n_layers"": 2, ""patience_evaluations"": 8, ""validation_mask_replicates"": 2, ""weight_decay"": 0.001}",5064,mcar_30,0,294.0,0.36054421768707484,0.798775592131674,0.738434041289039,0.7299727028879034,0.6365227305466987,0.2548568429240228,0.2197889465590636,0.6190476190476191,0.6692091529506222,0.6164383561643836,0.4838709677419355,0.8490566037735849,0.660377358490566,-1.3954350915075426,0.8520024978175976,0.279965529281108
va_long_beach,hungary,mirrams_equation9,mirrams,0,"{""d_model"": 64, ""dropout"": 0.1, ""evaluation_interval"": 5, ""learning_rate"": 0.0001, ""max_epochs"": 120, ""mirrams_confidence"": 0.95, ""mirrams_lambda_1"": 15.0, ""mirrams_lambda_2"": 15.0, ""mirrams_mask_rate"": 0.2, ""n_heads"": 4, ""n_layers"": 2, ""patience_evaluations"": 8, ""validation_mask_replicates"": 2, ""weight_decay"": 0.001}",5064,mcar_30,1,294.0,0.36054421768707484,0.8247691690084303,0.7502306378596185,0.6813629865968496,0.5942009878678995,0.23481296303182314,0.20134371650408783,0.6530612244897959,0.7040345242874348,0.6482758620689655,0.5108695652173914,0.8867924528301887,0.6415094339622641,-1.4831002594673344,0.9812395884762115,0.2551687528285854
va_long_beach,hungary,mirrams_equation9,mirrams,0,"{""d_model"": 64, ""dropout"": 0.1, ""evaluation_interval"": 5, ""learning_rate"": 0.0001, ""max_epochs"": 120, ""mirrams_confidence"": 0.95, ""mirrams_lambda_1"": 15.0, ""mirrams_lambda_2"": 15.0, ""mirrams_mask_rate"": 0.2, ""n_heads"": 4, ""n_layers"": 2, ""patience_evaluations"": 8, ""validation_mask_replicates"": 2, ""weight_decay"": 0.001}",5064,mcar_30,2,294.0,0.36054421768707484,0.7901445202729827,0.7370163848253545,0.7403437800371244,0.6480341897309576,0.2581591586654072,0.22361679190184727,0.6156462585034014,0.6624347651545565,0.6089965397923875,0.4808743169398907,0.8301886792452831,0.6415094339622641,-1.3405784107113847,0.8041925237562134,0.2823120039526729
va_long_beach,hungary,mirrams_equation9,mirrams,0,"{""d_model"": 64, ""dropout"": 0.1, ""evaluation_interval"": 5, ""learning_rate"": 0.0001, ""max_epochs"": 120, ""mirrams_confidence"": 0.95, ""mirrams_lambda_1"": 15.0, ""mirrams_lambda_2"": 15.0, ""mirrams_mask_rate"": 0.2, ""n_heads"": 4, ""n_layers"": 2, ""patience_evaluations"": 8, ""validation_mask_replicates"": 2, ""weight_decay"": 0.001}",5064,mcar_30,3,294.0,0.36054421768707484,0.8256222400642311,0.7510479323843531,0.7099570484750322,0.6134083937310051,0.24599519087624167,0.20912086475102704,0.6530612244897959,0.7081493376154155,0.6530612244897959,0.5106382978723404,0.9056603773584906,0.7075471698113207,-1.6036361974383047,0.9940395912985689,0.26945510033852516
va_long_beach,hungary,mirrams_equation9,mirrams,0,"{""d_model"": 64, ""dropout"": 0.1, ""evaluation_interval"": 5, ""learning_rate"": 0.0001, ""max_epochs"": 120, ""mirrams_confidence"": 0.95, ""mirrams_lambda_1"": 15.0, ""mirrams_lambda_2"": 15.0, ""mirrams_mask_rate"": 0.2, ""n_heads"": 4, ""n_layers"": 2, ""patience_evaluations"": 8, ""validation_mask_replicates"": 2, ""weight_decay"": 0.001}",5064,mcar_30,4,294.0,0.36054421768707484,0.8003813729425934,0.7054479117523212,0.7038377293392789,0.6165952027344788,0.24181010705682726,0.20923267949564944,0.6530612244897959,0.693747490967483,0.6357142857142857,0.5114942528735632,0.839622641509434,0.6132075471698113,-1.3164170297668616,0.8497682310853972,0.27988981628717535
va_long_beach,hungary,mirrams_equation9,mirrams,0,"{""d_model"": 64, ""dropout"": 0.1, ""evaluation_interval"": 5, ""learning_rate"": 0.0001, ""max_epochs"": 120, ""mirrams_confidence"": 0.95, ""mirrams_lambda_1"": 15.0, ""mirrams_lambda_2"": 15.0, ""mirrams_mask_rate"": 0.2, ""n_heads"": 4, ""n_layers"": 2, ""patience_evaluations"": 8, ""validation_mask_replicates"": 2, ""weight_decay"": 0.001}",5064,mcar_50,0,294.0,0.36054421768707484,0.7859795262946607,0.6903693094596152,0.7094683543535474,0.622121226167208,0.24556244928345247,0.2118477757151735,0.6258503401360545,0.6786431152147732,0.6258503401360545,0.48936170212765956,0.8679245283018868,0.6037735849056604,-1.3259309160383996,0.90044993589949,0.29404518279999814
va_long_beach,hungary,mirrams_equation9,mirrams,0,"{""d_model"": 64, ""dropout"": 0.1, ""evaluation_interval"": 5, ""learning_rate"": 0.0001, ""max_epochs"": 120, ""mirrams_confidence"": 0.95, ""mirrams_lambda_1"": 15.0, ""mirrams_lambda_2"": 15.0, ""mirrams_mask_rate"": 0.2, ""n_heads"": 4, ""n_layers"": 2, ""patience_evaluations"": 8, ""validation_mask_replicates"": 2, ""weight_decay"": 0.001}",5064,mcar_50,1,294.0,0.36054421768707484,0.7772480931352871,0.7100283255653064,0.7097625883120907,0.628838037691841,0.24967534315256606,0.2181312178219109,0.6156462585034014,0.6603773584905661,0.6062717770034843,0.48066298342541436,0.8207547169811321,0.5754716981132075,-1.2625147481854133,0.8692123702137887,0.29014419611467673
va_long_beach,hungary,mirrams_equation9,mirrams,0,"{""d_model"": 64, ""dropout"": 0.1, ""evaluation_interval"": 5, ""learning_rate"": 0.0001, ""max_epochs"": 120, ""mirrams_confidence"": 0.95, ""mirrams_lambda_1"": 15.0, ""mirrams_lambda_2"": 15.0, ""mirrams_mask_rate"": 0.2, ""n_heads"": 4, ""n_layers"": 2, ""patience_evaluations"": 8, ""validation_mask_replicates"": 2, ""weight_decay"": 0.001}",5064,mcar_50,2,294.0,0.36054421768707484,0.7560718586912887,0.6785584034918372,0.7238172438773631,0.6466644085781068,0.2530786923054324,0.22363396210482103,0.6258503401360545,0.6642412685668406,0.6071428571428571,0.4885057471264368,0.8018867924528302,0.5754716981132075,-1.1808878527399114,0.7921462966291475,0.30906021709441167
va_long_beach,hungary,mirrams_equation9,mirrams,0,"{""d_model"": 64, ""dropout"": 0.1, ""evaluation_interval"": 5, ""learning_rate"": 0.0001, ""max_epochs"": 120, ""mirrams_confidence"": 0.95, ""mirrams_lambda_1"": 15.0, ""mirrams_lambda_2"": 15.0, ""mirrams_mask_rate"": 0.2, ""n_heads"": 4, ""n_layers"": 2, ""patience_evaluations"": 8, ""validation_mask_replicates"": 2, ""weight_decay"": 0.001}",5064,mcar_50,3,294.0,0.36054421768707484,0.7886892814130871,0.7211798729327433,0.7159684641545685,0.6274545823601101,0.2522646250161591,0.21732176122455626,0.6122448979591837,0.6659474106784424,0.6148648648648649,0.4789473684210526,0.8584905660377359,0.6132075471698113,-1.3856502022458974,0.9455806738348876,0.29230367252928796
va_long_beach,hungary,mirrams_equation9,mirrams,0,"{""d_model"": 64, ""dropout"": 0.1, ""evaluation_interval"": 5, ""learning_rate"": 0.0001, ""max_epochs"": 120, ""mirrams_confidence"": 0.95, ""mirrams_lambda_1"": 15.0, ""mirrams_lambda_2"": 15.0, ""mirrams_mask_rate"": 0.2, ""n_heads"": 4, ""n_layers"": 2, ""patience_evaluations"": 8, ""validation_mask_replicates"": 2, ""weight_decay"": 0.001}",5064,mcar_50,4,294.0,0.36054421768707484,0.7803342031312727,0.6833866573651677,0.7038298667042513,0.6241877105295122,0.24156105503438335,0.21131745077541125,0.6394557823129252,0.6872240064231232,0.6319444444444444,0.5,0.8584905660377359,0.6226415094339622,-1.2611663088064542,0.8647572241236056,0.2965589914331404
va_long_beach,hungary,mirrams_equation9,mirrams,0,"{""d_model"": 64, ""dropout"": 0.1, ""evaluation_interval"": 5, ""learning_rate"": 0.0001, ""max_epochs"": 120, ""mirrams_confidence"": 0.95, ""mirrams_lambda_1"": 15.0, ""mirrams_lambda_2"": 15.0, ""mirrams_mask_rate"": 0.2, ""n_heads"": 4, ""n_layers"": 2, ""patience_evaluations"": 8, ""validation_mask_replicates"": 2, ""weight_decay"": 0.001}",5064,natural,0,294.0,0.36054421768707484,0.8517663588920112,0.7865409337927917,0.6931414753572653,0.5962437957856137,0.23870760755040812,0.20304900317218,0.6394557823129252,0.691338819751104,0.636986301369863,0.5,0.8773584905660378,0.7735849056603774,-1.714745410922029,0.9954646392939704,0.24026776465944855
va_long_beach,switzerland,mirrams_equation9,mirrams,0,"{""d_model"": 64, ""dropout"": 0.1, ""evaluation_interval"": 5, ""learning_rate"": 0.0001, ""max_epochs"": 120, ""mirrams_confidence"": 0.95, ""mirrams_lambda_1"": 15.0, ""mirrams_lambda_2"": 15.0, ""mirrams_mask_rate"": 0.2, ""n_heads"": 4, ""n_layers"": 2, ""patience_evaluations"": 8, ""validation_mask_replicates"": 2, ""weight_decay"": 0.001}",5062,drop_advanced,0,123.0,0.9349593495934959,0.6086956521739131,0.9487849445213441,0.8124161041886131,0.7012591401839512,0.3047095862045088,0.2545421213028605,0.3983739837398374,0.503804347826087,0.5432098765432098,0.9361702127659575,0.3826086956521739,0.12173913043478261,2.863450361291421,0.6547491800264104,0.613386377898541
va_long_beach,switzerland,mirrams_equation9,mirrams,0,"{""d_model"": 64, ""dropout"": 0.1, ""evaluation_interval"": 5, ""learning_rate"": 0.0001, ""max_epochs"": 120, ""mirrams_confidence"": 0.95, ""mirrams_lambda_1"": 15.0, ""mirrams_lambda_2"": 15.0, ""mirrams_mask_rate"": 0.2, ""n_heads"": 4, ""n_layers"": 2, ""patience_evaluations"": 8, ""validation_mask_replicates"": 2, ""weight_decay"": 0.001}",5062,drop_exercise,0,123.0,0.9349593495934959,0.6217391304347826,0.9567302094779231,0.5927007267169334,0.6777136542355952,0.20135157838380408,0.24231446760955458,0.7073170731707317,0.5527173913043478,0.8235294117647058,0.9438202247191011,0.7304347826086957,0.2782608695652174,2.4152824667107655,1.2561311518065688,0.12359706837516864
va_long_beach,switzerland,mirrams_equation9,mirrams,0,"{""d_model"": 64, ""dropout"": 0.1, ""evaluation_interval"": 5, ""learning_rate"": 0.0001, ""max_epochs"": 120, ""mirrams_confidence"": 0.95, ""mirrams_lambda_1"": 15.0, ""mirrams_lambda_2"": 15.0, ""mirrams_mask_rate"": 0.2, ""n_heads"": 4, ""n_layers"": 2, ""patience_evaluations"": 8, ""validation_mask_replicates"": 2, ""weight_decay"": 0.001}",5062,drop_routine,0,123.0,0.9349593495934959,0.6521739130434783,0.9571864910413626,0.6991885915949958,0.656519601277347,0.252581744571382,0.23376102119950992,0.5203252032520326,0.5690217391304349,0.6666666666666666,0.9516129032258065,0.5130434782608696,0.23478260869565218,2.834010854343189,1.1896995609752432,0.42170762463121747
va_long_beach,switzerland,mirrams_equation9,mirrams,0,"{""d_model"": 64, ""dropout"": 0.1, ""evaluation_interval"": 5, ""learning_rate"": 0.0001, ""max_epochs"": 120, ""mirrams_confidence"": 0.95, ""mirrams_lambda_1"": 15.0, ""mirrams_lambda_2"": 15.0, ""mirrams_mask_rate"": 0.2, ""n_heads"": 4, ""n_layers"": 2, ""patience_evaluations"": 8, ""validation_mask_replicates"": 2, ""weight_decay"": 0.001}",5062,empirical_source,0,123.0,0.9349593495934959,0.5706521739130435,0.9430112174893485,0.8110355574693601,0.7171925913571844,0.3040526275623509,0.2613188013850611,0.42276422764227645,0.5168478260869566,0.5696969696969697,0.94,0.40869565217391307,0.08695652173913043,2.7720008830320366,0.4286559360858722,0.6258216931447459
va_long_beach,switzerland,mirrams_equation9,mirrams,0,"{""d_model"": 64, ""dropout"": 0.1, ""evaluation_interval"": 5, ""learning_rate"": 0.0001, ""max_epochs"": 120, ""mirrams_confidence"": 0.95, ""mirrams_lambda_1"": 15.0, ""mirrams_lambda_2"": 15.0, ""mirrams_mask_rate"": 0.2, ""n_heads"": 4, ""n_layers"": 2, ""patience_evaluations"": 8, ""validation_mask_replicates"": 2, ""weight_decay"": 0.001}",5062,empirical_source,1,123.0,0.9349593495934959,0.5554347826086956,0.9427826944459148,0.7948847646772307,0.7254210987865248,0.29673581826888445,0.26552648197435746,0.43089430894308944,0.46304347826086956,0.5833333333333334,0.9245283018867925,0.4260869565217391,0.10434782608695652,2.723981307549203,0.312188473780402,0.5943817863047713
va_long_beach,switzerland,mirrams_equation9,mirrams,0,"{""d_model"": 64, ""dropout"": 0.1, ""evaluation_interval"": 5, ""learning_rate"": 0.0001, ""max_epochs"": 120, ""mirrams_confidence"": 0.95, ""mirrams_lambda_1"": 15.0, ""mirrams_lambda_2"": 15.0, ""mirrams_mask_rate"": 0.2, ""n_heads"": 4, ""n_layers"": 2, ""patience_evaluations"": 8, ""validation_mask_replicates"": 2, ""weight_decay"": 0.001}",5062,empirical_source,2,123.0,0.9349593495934959,0.6086956521739131,0.9492317677254529,0.8098691055861583,0.7029914570358002,0.30311071712420073,0.25412598243022344,0.4065040650406504,0.566304347826087,0.546583850931677,0.9565217391304348,0.3826086956521739,0.09565217391304348,2.825586072324773,0.573110999153233,0.6167021230271443
va_long_beach,switzerland,mirrams_equation9,mirrams,0,"{""d_model"": 64, ""dropout"": 0.1, ""evaluation_interval"": 5, ""learning_rate"": 0.0001, ""max_epochs"": 120, ""mirrams_confidence"": 0.95, ""mirrams_lambda_1"": 15.0, ""mirrams_lambda_2"": 15.0, ""mirrams_mask_rate"": 0.2, ""n_heads"": 4, ""n_layers"": 2, ""patience_evaluations"": 8, ""validation_mask_replicates"": 2, ""weight_decay"": 0.001}",5062,empirical_source,3,123.0,0.9349593495934959,0.5793478260869565,0.9483303030183878,0.8077826780805833,0.7102307359371463,0.3027890232212951,0.25881781385580416,0.4065040650406504,0.45,0.5575757575757576,0.92,0.4,0.24347826086956523,2.7897686947548967,0.4880434762514249,0.6158778034666236
va_long_beach,switzerland,mirrams_equation9,mirrams,0,"{""d_model"": 64, ""dropout"": 0.1, ""evaluation_interval"": 5, ""learning_rate"": 0.0001, ""max_epochs"": 120, ""mirrams_confidence"": 0.95, ""mirrams_lambda_1"": 15.0, ""mirrams_lambda_2"": 15.0, ""mirrams_mask_rate"": 0.2, ""n_heads"": 4, ""n_layers"": 2, ""patience_evaluations"": 8, ""validation_mask_replicates"": 2, ""weight_decay"": 0.001}",5062,empirical_source,4,123.0,0.9349593495934959,0.6141304347826086,0.9524364036874069,0.8041163498614561,0.6937818121773516,0.30118874953783015,0.2510318072200065,0.3821138211382114,0.4951086956521739,0.525,0.9333333333333333,0.3652173913043478,0.23478260869565218,2.871051304912721,0.7015789098636553,0.5981660392320661
va_long_beach,switzerland,mirrams_equation9,mirrams,0,"{""d_model"": 64, ""dropout"": 0.1, ""evaluation_interval"": 5, ""learning_rate"": 0.0001, ""max_epochs"": 120, ""mirrams_confidence"": 0.95, ""mirrams_lambda_1"": 15.0, ""mirrams_lambda_2"": 15.0, ""mirrams_mask_rate"": 0.2, ""n_heads"": 4, ""n_layers"": 2, ""patience_evaluations"": 8, ""validation_mask_replicates"": 2, ""weight_decay"": 0.001}",5062,mar_age_sex_30,0,123.0,0.9349593495934959,0.5771739130434783,0.9551712972792475,0.6864344709315857,0.6809950427478995,0.24619705703009057,0.24570157311822374,0.5447154471544715,0.4657608695652174,0.6956521739130435,0.927536231884058,0.5565217391304348,0.2956521739130435,2.689387534110851,0.7366458919403776,0.3915736475202771
va_long_beach,switzerland,mirrams_equation9,mirrams,0,"{""d_model"": 64, ""dropout"": 0.1, ""evaluation_interval"": 5, ""learning_rate"": 0.0001, ""max_epochs"": 120, ""mirrams_confidence"": 0.95, ""mirrams_lambda_1"": 15.0, ""mirrams_lambda_2"": 15.0, ""mirrams_mask_rate"": 0.2, ""n_heads"": 4, ""n_layers"": 2, ""patience_evaluations"": 8, ""validation_mask_replicates"": 2, ""weight_decay"": 0.001}",5062,mar_age_sex_30,1,123.0,0.9349593495934959,0.6380434782608695,0.9556243552591921,0.7054957259095237,0.6612737669891092,0.2553592279798209,0.23566904782168396,0.5447154471544715,0.5820652173913043,0.6888888888888889,0.9538461538461539,0.5391304347826087,0.1565217391304348,2.8188641778603483,1.0913891340162638,0.430750535337393
va_long_beach,switzerland,mirrams_equation9,mirrams,0,"{""d_model"": 64, ""dropout"": 0.1, ""evaluation_interval"": 5, ""learning_rate"": 0.0001, ""max_epochs"": 120, ""mirrams_confidence"": 0.95, ""mirrams_lambda_1"": 15.0, ""mirrams_lambda_2"": 15.0, ""mirrams_mask_rate"": 0.2, ""n_heads"": 4, ""n_layers"": 2, ""patience_evaluations"": 8, ""validation_mask_replicates"": 2, ""weight_decay"": 0.001}",5062,mar_age_sex_30,2,123.0,0.9349593495934959,0.692391304347826,0.9717286080061203,0.6939093179995296,0.631552060105676,0.2498302830693924,0.2220545577251563,0.5365853658536586,0.5195652173913043,0.6850828729281768,0.9393939393939394,0.5391304347826087,0.5217391304347826,2.891237544463682,1.332143782852349,0.4009401949355874
va_long_beach,switzerland,mirrams_equation9,mirrams,0,"{""d_model"": 64, ""dropout"": 0.1, ""evaluation_interval"": 5, ""learning_rate"": 0.0001, ""max_epochs"": 120, ""mirrams_confidence"": 0.95, ""mirrams_lambda_1"": 15.0, ""mirrams_lambda_2"": 15.0, ""mirrams_mask_rate"": 0.2, ""n_heads"": 4, ""n_layers"": 2, ""patience_evaluations"": 8, ""validation_mask_replicates"": 2, ""weight_decay"": 0.001}",5062,mar_age_sex_30,3,123.0,0.9349593495934959,0.6391304347826088,0.9520058577599901,0.6938564595340603,0.6593642775019979,0.24973751980245826,0.234906416199523,0.5528455284552846,0.5282608695652173,0.6994535519125683,0.9411764705882353,0.5565217391304348,0.26956521739130435,2.804503673024014,1.1365013689267978,0.40985097902098216
va_long_beach,switzerland,mirrams_equation9,mirrams,0,"{""d_model"": 64, ""dropout"": 0.1, ""evaluation_interval"": 5, ""learning_rate"": 0.0001, ""max_epochs"": 120, ""mirrams_confidence"": 0.95, ""mirrams_lambda_1"": 15.0, ""mirrams_lambda_2"": 15.0, ""mirrams_mask_rate"": 0.2, ""n_heads"": 4, ""n_layers"": 2, ""patience_evaluations"": 8, ""validation_mask_replicates"": 2, ""weight_decay"": 0.001}",5062,mar_age_sex_30,4,123.0,0.9349593495934959,0.5739130434782609,0.945446847795135,0.7158612807550068,0.6922868316023727,0.25951740001107254,0.2501040722375408,0.5447154471544715,0.5239130434782608,0.6923076923076923,0.9402985074626866,0.5478260869565217,0.14782608695652175,2.7167949633803246,0.6231476827671265,0.476996815731051
va_long_beach,switzerland,mirrams_equation9,mirrams,0,"{""d_model"": 64, ""dropout"": 0.1, ""evaluation_interval"": 5, ""learning_rate"": 0.0001, ""max_epochs"": 120, ""mirrams_confidence"": 0.95, ""mirrams_lambda_1"": 15.0, ""mirrams_lambda_2"": 15.0, ""mirrams_mask_rate"": 0.2, ""n_heads"": 4, ""n_layers"": 2, ""patience_evaluations"": 8, ""validation_mask_replicates"": 2, ""weight_decay"": 0.001}",5062,mcar_10,0,123.0,0.9349593495934959,0.6206521739130435,0.9504608831414166,0.7523822970106365,0.6825787499922358,0.277165969815292,0.245315474227637,0.44715447154471544,0.529891304347826,0.5952380952380952,0.9433962264150944,0.43478260869565216,0.13043478260869565,2.8227703911902653,0.7910402261533553,0.5193030559683283
va_long_beach,switzerland,mirrams_equation9,mirrams,0,"{""d_model"": 64, ""dropout"": 0.1, ""evaluation_interval"": 5, ""learning_rate"": 0.0001, ""max_epochs"": 120, ""mirrams_confidence"": 0.95, ""mirrams_lambda_1"": 15.0, ""mirrams_lambda_2"": 15.0, ""mirrams_mask_rate"": 0.2, ""n_heads"": 4, ""n_layers"": 2, ""patience_evaluations"": 8, ""validation_mask_replicates"": 2, ""weight_decay"": 0.001}",5062,mcar_10,1,123.0,0.9349593495934959,0.6021739130434782,0.946934050413726,0.7659043098201122,0.6902966318788565,0.28300837622687564,0.2486084346992914,0.45528455284552843,0.5342391304347827,0.6035502958579881,0.9444444444444444,0.4434782608695652,0.08695652173913043,2.807212972727793,0.6808412425438378,0.5612846910579354
va_long_beach,switzerland,mirrams_equation9,mirrams,0,"{""d_model"": 64, ""dropout"": 0.1, ""evaluation_interval"": 5, ""learning_rate"": 0.0001, ""max_epochs"": 120, ""mirrams_confidence"": 0.95, ""mirrams_lambda_1"": 15.0, ""mirrams_lambda_2"": 15.0, ""mirrams_mask_rate"": 0.2, ""n_heads"": 4, ""n_layers"": 2, ""patience_evaluations"": 8, ""validation_mask_replicates"": 2, ""weight_decay"": 0.001}",5062,mcar_10,2,123.0,0.9349593495934959,0.5793478260869565,0.9438497916182256,0.7674022368580657,0.7034307297658208,0.2841481859110072,0.2552199338061765,0.44715447154471544,0.529891304347826,0.5952380952380952,0.9433962264150944,0.43478260869565216,0.11304347826086956,2.7673345627118207,0.5575823131869017,0.5673052665814262
va_long_beach,switzerland,mirrams_equation9,mirrams,0,"{""d_model"": 64, ""dropout"": 0.1, ""evaluation_interval"": 5, ""learning_rate"": 0.0001, ""max_epochs"": 120, ""mirrams_confidence"": 0.95, ""mirrams_lambda_1"": 15.0, ""mirrams_lambda_2"": 15.0, ""mirrams_mask_rate"": 0.2, ""n_heads"": 4, ""n_layers"": 2, ""patience_evaluations"": 8, ""validation_mask_replicates"": 2, ""weight_decay"": 0.001}",5062,mcar_10,3,123.0,0.9349593495934959,0.6271739130434782,0.9529598479991981,0.7630001842364924,0.6760679237439742,0.2820098643918322,0.24361566179733482,0.44715447154471544,0.529891304347826,0.5952380952380952,0.9433962264150944,0.43478260869565216,0.1565217391304348,2.914061958069358,0.942447440106634,0.5327794989823033
va_long_beach,switzerland,mirrams_equation9,mirrams,0,"{""d_model"": 64, ""dropout"": 0.1, ""evaluation_interval"": 5, ""learning_rate"": 0.0001, ""max_epochs"": 120, ""mirrams_confidence"": 0.95, ""mirrams_lambda_1"": 15.0, ""mirrams_lambda_2"": 15.0, ""mirrams_mask_rate"": 0.2, ""n_heads"": 4, ""n_layers"": 2, ""patience_evaluations"": 8, ""validation_mask_replicates"": 2, ""weight_decay"": 0.001}",5062,mcar_10,4,123.0,0.9349593495934959,0.5891304347826087,0.9442839029956811,0.7582322855561392,0.7037697707908004,0.2795686561902338,0.2548620993310843,0.4959349593495935,0.5559782608695653,0.6436781609195402,0.9491525423728814,0.48695652173913045,0.17391304347826086,2.7471402619373264,0.521745363307023,0.5309775319431915
va_long_beach,switzerland,mirrams_equation9,mirrams,0,"{""d_model"": 64, ""dropout"": 0.1, ""evaluation_interval"": 5, ""learning_rate"": 0.0001, ""max_epochs"": 120, ""mirrams_confidence"": 0.95, ""mirrams_lambda_1"": 15.0, ""mirrams_lambda_2"": 15.0, ""mirrams_mask_rate"": 0.2, ""n_heads"": 4, ""n_layers"": 2, ""patience_evaluations"": 8, ""validation_mask_replicates"": 2, ""weight_decay"": 0.001}",5062,mcar_30,0,123.0,0.9349593495934959,0.5978260869565217,0.9523215765091552,0.7316085899116311,0.6880186138815875,0.26756200594585444,0.24849931646604262,0.4959349593495935,0.49782608695652175,0.6477272727272727,0.9344262295081968,0.4956521739130435,0.23478260869565218,2.7588537538793787,0.705844645075056,0.48963771402715744
va_long_beach,switzerland,mirrams_equation9,mirrams,0,"{""d_model"": 64, ""dropout"": 0.1, ""evaluation_interval"": 5, ""learning_rate"": 0.0001, ""max_epochs"": 120, ""mirrams_confidence"": 0.95, ""mirrams_lambda_1"": 15.0, ""mirrams_lambda_2"": 15.0, ""mirrams_mask_rate"": 0.2, ""n_heads"": 4, ""n_layers"": 2, ""patience_evaluations"": 8, ""validation_mask_replicates"": 2, ""weight_decay"": 0.001}",5062,mcar_30,1,123.0,0.9349593495934959,0.6641304347826087,0.9677653930638794,0.7049756725355651,0.652591114487624,0.2541399121590718,0.23171058946567338,0.5447154471544715,0.5239130434782608,0.6923076923076923,0.9402985074626866,0.5478260869565217,0.4,2.795179948683339,0.9330671676208132,0.4319525571778558
va_long_beach,switzerland,mirrams_equation9,mirrams,0,"{""d_model"": 64, ""dropout"": 0.1, ""evaluation_interval"": 5, ""learning_rate"": 0.0001, ""max_epochs"": 120, ""mirrams_confidence"": 0.95, ""mirrams_lambda_1"": 15.0, ""mirrams_lambda_2"": 15.0, ""mirrams_mask_rate"": 0.2, ""n_heads"": 4, ""n_layers"": 2, ""patience_evaluations"": 8, ""validation_mask_replicates"": 2, ""weight_decay"": 0.001}",5062,mcar_30,2,123.0,0.9349593495934959,0.6228260869565218,0.9604736370743697,0.7484265254840804,0.6755536037181168,0.275070320618923,0.24160359879677218,0.4796747967479675,0.6054347826086957,0.6235294117647059,0.9636363636363636,0.4608695652173913,0.22608695652173913,2.8013121127208076,0.7490975585043402,0.5241356586239266
va_long_beach,switzerland,mirrams_equation9,mirrams,0,"{""d_model"": 64, ""dropout"": 0.1, ""evaluation_interval"": 5, ""learning_rate"": 0.0001, ""max_epochs"": 120, ""mirrams_confidence"": 0.95, ""mirrams_lambda_1"": 15.0, ""mirrams_lambda_2"": 15.0, ""mirrams_mask_rate"": 0.2, ""n_heads"": 4, ""n_layers"": 2, ""patience_evaluations"": 8, ""validation_mask_replicates"": 2, ""weight_decay"": 0.001}",5062,mcar_30,3,123.0,0.9349593495934959,0.6467391304347826,0.964578897538821,0.7692377581792649,0.6637460254291859,0.28410731791706206,0.23756169814591022,0.5121951219512195,0.5646739130434782,0.6590909090909091,0.9508196721311475,0.5043478260869565,0.34782608695652173,2.944700120308349,0.9732141123046987,0.5628919166990398
va_long_beach,switzerland,mirrams_equation9,mirrams,0,"{""d_model"": 64, ""dropout"": 0.1, ""evaluation_interval"": 5, ""learning_rate"": 0.0001, ""max_epochs"": 120, ""mirrams_confidence"": 0.95, ""mirrams_lambda_1"": 15.0, ""mirrams_lambda_2"": 15.0, ""mirrams_mask_rate"": 0.2, ""n_heads"": 4, ""n_layers"": 2, ""patience_evaluations"": 8, ""validation_mask_replicates"": 2, ""weight_decay"": 0.001}",5062,mcar_30,4,123.0,0.9349593495934959,0.4858695652173913,0.9383075782614682,0.7598283010004637,0.7439061208433184,0.2802712074268576,0.273626559657592,0.4796747967479675,0.43097826086956526,0.6363636363636364,0.9180327868852459,0.48695652173913045,0.14782608695652175,2.6637535125759517,-0.04975233062394795,0.5491445441959882
va_long_beach,switzerland,mirrams_equation9,mirrams,0,"{""d_model"": 64, ""dropout"": 0.1, ""evaluation_interval"": 5, ""learning_rate"": 0.0001, ""max_epochs"": 120, ""mirrams_confidence"": 0.95, ""mirrams_lambda_1"": 15.0, ""mirrams_lambda_2"": 15.0, ""mirrams_mask_rate"": 0.2, ""n_heads"": 4, ""n_layers"": 2, ""patience_evaluations"": 8, ""validation_mask_replicates"": 2, ""weight_decay"": 0.001}",5062,mcar_50,0,123.0,0.9349593495934959,0.6663043478260869,0.9700875154953152,0.7403221714016452,0.6535798527586899,0.2697609868972962,0.23051339880805014,0.5284552845528455,0.6315217391304349,0.6704545454545454,0.9672131147540983,0.5130434782608696,0.4782608695652174,2.832497313651512,0.8357326041696072,0.5143654304755344
va_long_beach,switzerland,mirrams_equation9,mirrams,0,"{""d_model"": 64, ""dropout"": 0.1, ""evaluation_interval"": 5, ""learning_rate"": 0.0001, ""max_epochs"": 120, ""mirrams_confidence"": 0.95, ""mirrams_lambda_1"": 15.0, ""mirrams_lambda_2"": 15.0, ""mirrams_mask_rate"": 0.2, ""n_heads"": 4, ""n_layers"": 2, ""patience_evaluations"": 8, ""validation_mask_replicates"": 2, ""weight_decay"": 0.001}",5062,mcar_50,1,123.0,0.9349593495934959,0.6130434782608696,0.9478170697109377,0.7222221834451528,0.6883450672188177,0.2627775472881756,0.24702995810905648,0.4959349593495935,0.5559782608695653,0.6436781609195402,0.9491525423728814,0.48695652173913045,0.2608695652173913,2.735680609233731,0.6672930562097231,0.46117650041342484
va_long_beach,switzerland,mirrams_equation9,mirrams,0,"{""d_model"": 64, ""dropout"": 0.1, ""evaluation_interval"": 5, ""learning_rate"": 0.0001, ""max_epochs"": 120, ""mirrams_confidence"": 0.95, ""mirrams_lambda_1"": 15.0, ""mirrams_lambda_2"": 15.0, ""mirrams_mask_rate"": 0.2, ""n_heads"": 4, ""n_layers"": 2, ""patience_evaluations"": 8, ""validation_mask_replicates"": 2, ""weight_decay"": 0.001}",5062,mcar_50,2,123.0,0.9349593495934959,0.6010869565217392,0.9485119703908083,0.7166310160010548,0.6877613612019072,0.2595728000326345,0.24659812112685234,0.5447154471544715,0.5820652173913043,0.6888888888888889,0.9538461538461539,0.5391304347826087,0.11304347826086956,2.72575992031062,0.6431674591691625,0.4508466506869409
va_long_beach,switzerland,mirrams_equation9,mirrams,0,"{""d_model"": 64, ""dropout"": 0.1, ""evaluation_interval"": 5, ""learning_rate"": 0.0001, ""max_epochs"": 120, ""mirrams_confidence"": 0.95, ""mirrams_lambda_1"": 15.0, ""mirrams_lambda_2"": 15.0, ""mirrams_mask_rate"": 0.2, ""n_heads"": 4, ""n_layers"": 2, ""patience_evaluations"": 8, ""validation_mask_replicates"": 2, ""weight_decay"": 0.001}",5062,mcar_50,3,123.0,0.9349593495934959,0.5293478260869565,0.9485575850211098,0.7391395018900462,0.7261724212837369,0.270164394799334,0.26609723475257535,0.5203252032520326,0.45271739130434785,0.6740331491712708,0.9242424242424242,0.5304347826086957,0.22608695652173913,2.6712782319924973,0.1674034389559574,0.5191032625872716
va_long_beach,switzerland,mirrams_equation9,mirrams,0,"{""d_model"": 64, ""dropout"": 0.1, ""evaluation_interval"": 5, ""learning_rate"": 0.0001, ""max_epochs"": 120, ""mirrams_confidence"": 0.95, ""mirrams_lambda_1"": 15.0, ""mirrams_lambda_2"": 15.0, ""mirrams_mask_rate"": 0.2, ""n_heads"": 4, ""n_layers"": 2, ""patience_evaluations"": 8, ""validation_mask_replicates"": 2, ""weight_decay"": 0.001}",5062,mcar_50,4,123.0,0.9349593495934959,0.5934782608695652,0.9395872529911546,0.7245001450858605,0.7057504201115604,0.2631149233181947,0.2532643496450469,0.5691056910569106,0.6532608695652173,0.7071823204419889,0.9696969696969697,0.5565217391304348,0.043478260869565216,2.691153915311213,0.42776149140759695,0.48133703180242554
va_long_beach,switzerland,mirrams_equation9,mirrams,0,"{""d_model"": 64, ""dropout"": 0.1, ""evaluation_interval"": 5, ""learning_rate"": 0.0001, ""max_epochs"": 120, ""mirrams_confidence"": 0.95, ""mirrams_lambda_1"": 15.0, ""mirrams_lambda_2"": 15.0, ""mirrams_mask_rate"": 0.2, ""n_heads"": 4, ""n_layers"": 2, ""patience_evaluations"": 8, ""validation_mask_replicates"": 2, ""weight_decay"": 0.001}",5062,natural,0,123.0,0.9349593495934959,0.616304347826087,0.9491053217899785,0.7705815598863156,0.6885682561335704,0.2856378267845036,0.24851765028429632,0.43089430894308944,0.5211956521739131,0.5783132530120482,0.9411764705882353,0.41739130434782606,0.10434782608695652,2.845799080498308,0.7640641532607687,0.5471159988182283
va_long_beach,switzerland,mirrams_equation9,mirrams,0,"{""d_model"": 64, ""dropout"": 0.1, ""evaluation_interval"": 5, ""learning_rate"": 0.0001, ""max_epochs"": 120, ""mirrams_confidence"": 0.95, ""mirrams_lambda_1"": 15.0, ""mirrams_lambda_2"": 15.0, ""mirrams_mask_rate"": 0.2, ""n_heads"": 4, ""n_layers"": 2, ""patience_evaluations"": 8, ""validation_mask_replicates"": 2, ""weight_decay"": 0.001}",5063,drop_advanced,0,123.0,0.9349593495934959,0.7434782608695651,0.9717501556919634,0.615755918273319,0.5958021645813915,0.2130392103854659,0.20587418727920262,0.6666666666666666,0.6472826086956522,0.7897435897435897,0.9625,0.6695652173913044,0.5826086956521739,2.77979421410603,0.9235125726096818,0.23328210948352493
va_long_beach,switzerland,mirrams_equation9,mirrams,0,"{""d_model"": 64, ""dropout"": 0.1, ""evaluation_interval"": 5, ""learning_rate"": 0.0001, ""max_epochs"": 120, ""mirrams_confidence"": 0.95, ""mirrams_lambda_1"": 15.0, ""mirrams_lambda_2"": 15.0, ""mirrams_mask_rate"": 0.2, ""n_heads"": 4, ""n_layers"": 2, ""patience_evaluations"": 8, ""validation_mask_replicates"": 2, ""weight_decay"": 0.001}",5063,drop_exercise,0,123.0,0.9349593495934959,0.65,0.9564268691564408,0.6859609471480026,0.6563324431942784,0.24257970148265182,0.23409699032054954,0.6341463414634146,0.629891304347826,0.7643979057591623,0.9605263157894737,0.6347826086956522,0.19130434782608696,2.786466135509192,0.8528597538728495,0.39544240607085873
va_long_beach,switzerland,mirrams_equation9,mirrams,0,"{""d_model"": 64, ""dropout"": 0.1, ""evaluation_interval"": 5, ""learning_rate"": 0.0001, ""max_epochs"": 120, ""mirrams_confidence"": 0.95, ""mirrams_lambda_1"": 15.0, ""mirrams_lambda_2"": 15.0, ""mirrams_mask_rate"": 0.2, ""n_heads"": 4, ""n_layers"": 2, ""patience_evaluations"": 8, ""validation_mask_replicates"": 2, ""weight_decay"": 0.001}",5063,drop_routine,0,123.0,0.9349593495934959,0.7141304347826087,0.9597347084366268,0.5468109179745987,0.6200951567969933,0.1836166508887391,0.21426299192031628,0.6991869918699187,0.6065217391304347,0.8159203980099502,0.9534883720930233,0.7130434782608696,0.4956521739130435,2.5281387541587685,0.9778667977288988,0.1626929898830067
va_long_beach,switzerland,mirrams_equation9,mirrams,0,"{""d_model"": 64, ""dropout"": 0.1, ""evaluation_interval"": 5, ""learning_rate"": 0.0001, ""max_epochs"": 120, ""mirrams_confidence"": 0.95, ""mirrams_lambda_1"": 15.0, ""mirrams_lambda_2"": 15.0, ""mirrams_mask_rate"": 0.2, ""n_heads"": 4, ""n_layers"": 2, ""patience_evaluations"": 8, ""validation_mask_replicates"": 2, ""weight_decay"": 0.001}",5063,empirical_source,0,123.0,0.9349593495934959,0.7054347826086957,0.9678900555768317,0.7021172470042135,0.6333896181706666,0.2504140888260559,0.22348507603817414,0.5772357723577236,0.5994565217391304,0.717391304347826,0.9565217391304348,0.5739130434782609,0.4956521739130435,2.874728535209229,0.8190769039077955,0.3431783159956245
va_long_beach,switzerland,mirrams_equation9,mirrams,0,"{""d_model"": 64, ""dropout"": 0.1, ""evaluation_interval"": 5, ""learning_rate"": 0.0001, ""max_epochs"": 120, ""mirrams_confidence"": 0.95, ""mirrams_lambda_1"": 15.0, ""mirrams_lambda_2"": 15.0, ""mirrams_mask_rate"": 0.2, ""n_heads"": 4, ""n_layers"": 2, ""patience_evaluations"": 8, ""validation_mask_replicates"": 2, ""weight_decay"": 0.001}",5063,empirical_source,1,123.0,0.9349593495934959,0.7315217391304347,0.9674759774058719,0.697305913623585,0.6161487344696598,0.2463464070921894,0.2130582879697136,0.6097560975609756,0.675,0.7419354838709677,0.971830985915493,0.6,0.5130434782608696,2.935552855435544,0.8836620771744301,0.34821215829996144
va_long_beach,switzerland,mirrams_equation9,mirrams,0,"{""d_model"": 64, ""dropout"": 0.1, ""evaluation_interval"": 5, ""learning_rate"": 0.0001, ""max_epochs"": 120, ""mirrams_confidence"": 0.95, ""mirrams_lambda_1"": 15.0, ""mirrams_lambda_2"": 15.0, ""mirrams_mask_rate"": 0.2, ""n_heads"": 4, ""n_layers"": 2, ""patience_evaluations"": 8, ""validation_mask_replicates"": 2, ""weight_decay"": 0.001}",5063,empirical_source,2,123.0,0.9349593495934959,0.7304347826086957,0.968987109261686,0.6937143226073899,0.614700135343901,0.2448713698378782,0.21121437097948434,0.6016260162601627,0.6706521739130435,0.7351351351351352,0.9714285714285714,0.591304347826087,0.5826086956521739,2.8990961935382895,0.8591101462128409,0.34099445724606237
va_long_beach,switzerland,mirrams_equation9,mirrams,0,"{""d_model"": 64, ""dropout"": 0.1, ""evaluation_interval"": 5, ""learning_rate"": 0.0001, ""max_epochs"": 120, ""mirrams_confidence"": 0.95, ""mirrams_lambda_1"": 15.0, ""mirrams_lambda_2"": 15.0, ""mirrams_mask_rate"": 0.2, ""n_heads"": 4, ""n_layers"": 2, ""patience_evaluations"": 8, ""validation_mask_replicates"": 2, ""weight_decay"": 0.001}",5063,empirical_source,3,123.0,0.9349593495934959,0.7184782608695652,0.967163678022505,0.679489297564968,0.6259361123504976,0.2397996650338632,0.21958022116215348,0.5853658536585366,0.6038043478260869,0.7243243243243244,0.9571428571428572,0.5826086956521739,0.5217391304347826,2.878003174909086,0.8654520012021026,0.3172948610819433
va_long_beach,switzerland,mirrams_equation9,mirrams,0,"{""d_model"": 64, ""dropout"": 0.1, ""evaluation_interval"": 5, ""learning_rate"": 0.0001, ""max_epochs"": 120, ""mirrams_confidence"": 0.95, ""mirrams_lambda_1"": 15.0, ""mirrams_lambda_2"": 15.0, ""mirrams_mask_rate"": 0.2, ""n_heads"": 4, ""n_layers"": 2, ""patience_evaluations"": 8, ""validation_mask_replicates"": 2, ""weight_decay"": 0.001}",5063,empirical_source,4,123.0,0.9349593495934959,0.7489130434782609,0.9727097970431738,0.6644565309316559,0.5902622194000009,0.2344454797771745,0.20417985484013423,0.5934959349593496,0.6081521739130435,0.7311827956989247,0.9577464788732394,0.591304347826087,0.5826086956521739,2.9506141527741594,1.019483712013949,0.290950464018594
va_long_beach,switzerland,mirrams_equation9,mirrams,0,"{""d_model"": 64, ""dropout"": 0.1, ""evaluation_interval"": 5, ""learning_rate"": 0.0001, ""max_epochs"": 120, ""mirrams_confidence"": 0.95, ""mirrams_lambda_1"": 15.0, ""mirrams_lambda_2"": 15.0, ""mirrams_mask_rate"": 0.2, ""n_heads"": 4, ""n_layers"": 2, ""patience_evaluations"": 8, ""validation_mask_replicates"": 2, ""weight_decay"": 0.001}",5063,mar_age_sex_30,0,123.0,0.9349593495934959,0.6217391304347826,0.9543783620708872,0.6339923695545336,0.6976001122818078,0.21990935136214113,0.25144172232154366,0.6585365853658537,0.5847826086956522,0.7857142857142857,0.9506172839506173,0.6695652173913044,0.28695652173913044,2.629549202954676,0.613522575696272,0.27664916393246397
va_long_beach,switzerland,mirrams_equation9,mirrams,0,"{""d_model"": 64, ""dropout"": 0.1, ""evaluation_interval"": 5, ""learning_rate"": 0.0001, ""max_epochs"": 120, ""mirrams_confidence"": 0.95, ""mirrams_lambda_1"": 15.0, ""mirrams_lambda_2"": 15.0, ""mirrams_mask_rate"": 0.2, ""n_heads"": 4, ""n_layers"": 2, ""patience_evaluations"": 8, ""validation_mask_replicates"": 2, ""weight_decay"": 0.001}",5063,mar_age_sex_30,1,123.0,0.9349593495934959,0.7413043478260869,0.9665499484153071,0.617521386090533,0.6010580678114948,0.2094063342984641,0.20415284451496785,0.6666666666666666,0.7054347826086956,0.7875647668393783,0.9743589743589743,0.6608695652173913,0.6434782608695652,2.7249060007381556,0.8592634482701774,0.29662312310923883
va_long_beach,switzerland,mirrams_equation9,mirrams,0,"{""d_model"": 64, ""dropout"": 0.1, ""evaluation_interval"": 5, ""learning_rate"": 0.0001, ""max_epochs"": 120, ""mirrams_confidence"": 0.95, ""mirrams_lambda_1"": 15.0, ""mirrams_lambda_2"": 15.0, ""mirrams_mask_rate"": 0.2, ""n_heads"": 4, ""n_layers"": 2, ""patience_evaluations"": 8, ""validation_mask_replicates"": 2, ""weight_decay"": 0.001}",5063,mar_age_sex_30,2,123.0,0.9349593495934959,0.6858695652173914,0.9558525140525309,0.6238420025264022,0.6498743054503079,0.2150928085405072,0.22707594009494897,0.6829268292682927,0.6559782608695652,0.8020304568527918,0.9634146341463414,0.6869565217391305,0.46956521739130436,2.644683036482643,0.7188741987180337,0.26634553422717827
va_long_beach,switzerland,mirrams_equation9,mirrams,0,"{""d_model"": 64, ""dropout"": 0.1, ""evaluation_interval"": 5, ""learning_rate"": 0.0001, ""max_epochs"": 120, ""mirrams_confidence"": 0.95, ""mirrams_lambda_1"": 15.0, ""mirrams_lambda_2"": 15.0, ""mirrams_mask_rate"": 0.2, ""n_heads"": 4, ""n_layers"": 2, ""patience_evaluations"": 8, ""validation_mask_replicates"": 2, ""weight_decay"": 0.001}",5063,mar_age_sex_30,3,123.0,0.9349593495934959,0.7456521739130435,0.9713216603315669,0.5892050222215284,0.5945992779416845,0.20000875699610698,0.2023149321967911,0.6666666666666666,0.7054347826086956,0.7875647668393783,0.9743589743589743,0.6608695652173913,0.6,2.669858512132495,0.9078229054057062,0.2326274918795022
va_long_beach,switzerland,mirrams_equation9,mirrams,0,"{""d_model"": 64, ""dropout"": 0.1, ""evaluation_interval"": 5, ""learning_rate"": 0.0001, ""max_epochs"": 120, ""mirrams_confidence"": 0.95, ""mirrams_lambda_1"": 15.0, ""mirrams_lambda_2"": 15.0, ""mirrams_mask_rate"": 0.2, ""n_heads"": 4, ""n_layers"": 2, ""patience_evaluations"": 8, ""validation_mask_replicates"": 2, ""weight_decay"": 0.001}",5063,mar_age_sex_30,4,123.0,0.9349593495934959,0.6880434782608695,0.9620736961616377,0.5785355501908935,0.6393894898727807,0.19505235008529542,0.2229527410300644,0.7317073170731707,0.6820652173913043,0.8374384236453202,0.9659090909090909,0.7391304347826086,0.20869565217391303,2.603330169696096,0.7875221575955411,0.2256557746069211
va_long_beach,switzerland,mirrams_equation9,mirrams,0,"{""d_model"": 64, ""dropout"": 0.1, ""evaluation_interval"": 5, ""learning_rate"": 0.0001, ""max_epochs"": 120, ""mirrams_confidence"": 0.95, ""mirrams_lambda_1"": 15.0, ""mirrams_lambda_2"": 15.0, ""mirrams_mask_rate"": 0.2, ""n_heads"": 4, ""n_layers"": 2, ""patience_evaluations"": 8, ""validation_mask_replicates"": 2, ""weight_decay"": 0.001}",5063,mcar_10,0,123.0,0.9349593495934959,0.7228260869565217,0.9683363610567677,0.6234393095590763,0.609666363044046,0.2173822507301311,0.2125876337271904,0.6260162601626016,0.6255434782608695,0.7578947368421053,0.96,0.6260869565217392,0.5391304347826087,2.7774679273424536,0.949796411578496,0.23412215749130474
va_long_beach,switzerland,mirrams_equation9,mirrams,0,"{""d_model"": 64, ""dropout"": 0.1, ""evaluation_interval"": 5, ""learning_rate"": 0.0001, ""max_epochs"": 120, ""mirrams_confidence"": 0.95, ""mirrams_lambda_1"": 15.0, ""mirrams_lambda_2"": 15.0, ""mirrams_mask_rate"": 0.2, ""n_heads"": 4, ""n_layers"": 2, ""patience_evaluations"": 8, ""validation_mask_replicates"": 2, ""weight_decay"": 0.001}",5063,mcar_10,1,123.0,0.9349593495934959,0.767391304347826,0.9786508597765291,0.687871619707788,0.5839417978605043,0.24261649649566033,0.20271672231007615,0.5934959349593496,0.6081521739130435,0.7311827956989247,0.9577464788732394,0.591304347826087,0.5043478260869565,3.011804808697973,0.9971515358554323,0.344011475153658
va_long_beach,switzerland,mirrams_equation9,mirrams,0,"{""d_model"": 64, ""dropout"": 0.1, ""evaluation_interval"": 5, ""learning_rate"": 0.0001, ""max_epochs"": 120, ""mirrams_confidence"": 0.95, ""mirrams_lambda_1"": 15.0, ""mirrams_lambda_2"": 15.0, ""mirrams_mask_rate"": 0.2, ""n_heads"": 4, ""n_layers"": 2, ""patience_evaluations"": 8, ""validation_mask_replicates"": 2, ""weight_decay"": 0.001}",5063,mcar_10,2,123.0,0.9349593495934959,0.7402173913043479,0.9675777760949156,0.6623510585680794,0.603428158462766,0.23269305867801596,0.2091858986964245,0.6422764227642277,0.6342391304347825,0.7708333333333334,0.961038961038961,0.6434782608695652,0.6347826086956522,2.9200843515968478,0.9780751750093458,0.2991816215518811
va_long_beach,switzerland,mirrams_equation9,mirrams,0,"{""d_model"": 64, ""dropout"": 0.1, ""evaluation_interval"": 5, ""learning_rate"": 0.0001, ""max_epochs"": 120, ""mirrams_confidence"": 0.95, ""mirrams_lambda_1"": 15.0, ""mirrams_lambda_2"": 15.0, ""mirrams_mask_rate"": 0.2, ""n_heads"": 4, ""n_layers"": 2, ""patience_evaluations"": 8, ""validation_mask_replicates"": 2, ""weight_decay"": 0.001}",5063,mcar_10,3,123.0,0.9349593495934959,0.7271739130434782,0.9692767411225581,0.6348766758072072,0.6007348560327775,0.2224503385530541,0.2094888398724385,0.6260162601626016,0.6255434782608695,0.7578947368421053,0.96,0.6260869565217392,0.5565217391304348,2.8406924856289546,1.0222476501378033,0.2605942190663039
va_long_beach,switzerland,mirrams_equation9,mirrams,0,"{""d_model"": 64, ""dropout"": 0.1, ""evaluation_interval"": 5, ""learning_rate"": 0.0001, ""max_epochs"": 120, ""mirrams_confidence"": 0.95, ""mirrams_lambda_1"": 15.0, ""mirrams_lambda_2"": 15.0, ""mirrams_mask_rate"": 0.2, ""n_heads"": 4, ""n_layers"": 2, ""patience_evaluations"": 8, ""validation_mask_replicates"": 2, ""weight_decay"": 0.001}",5063,mcar_10,4,123.0,0.9349593495934959,0.6902173913043479,0.9617157294651336,0.6690707575664787,0.6541533640612908,0.23410821964503647,0.23130564439710305,0.6260162601626016,0.6255434782608695,0.7578947368421053,0.96,0.6260869565217392,0.4956521739130435,2.750874503905901,0.7160053551732075,0.32454816815026644
va_long_beach,switzerland,mirrams_equation9,mirrams,0,"{""d_model"": 64, ""dropout"": 0.1, ""evaluation_interval"": 5, ""learning_rate"": 0.0001, ""max_epochs"": 120, ""mirrams_confidence"": 0.95, ""mirrams_lambda_1"": 15.0, ""mirrams_lambda_2"": 15.0, ""mirrams_mask_rate"": 0.2, ""n_heads"": 4, ""n_layers"": 2, ""patience_evaluations"": 8, ""validation_mask_replicates"": 2, ""weight_decay"": 0.001}",5063,mcar_30,0,123.0,0.9349593495934959,0.6706521739130435,0.9566752062139912,0.7168633205129777,0.6712421679687528,0.2551960355688598,0.2359179002135651,0.5853658536585366,0.6038043478260869,0.7243243243243244,0.9571428571428572,0.5826086956521739,0.4434782608695652,2.782910213191607,0.6657733986204001,0.3956872490554306
va_long_beach,switzerland,mirrams_equation9,mirrams,0,"{""d_model"": 64, ""dropout"": 0.1, ""evaluation_interval"": 5, ""learning_rate"": 0.0001, ""max_epochs"": 120, ""mirrams_confidence"": 0.95, ""mirrams_lambda_1"": 15.0, ""mirrams_lambda_2"": 15.0, ""mirrams_mask_rate"": 0.2, ""n_heads"": 4, ""n_layers"": 2, ""patience_evaluations"": 8, ""validation_mask_replicates"": 2, ""weight_decay"": 0.001}",5063,mcar_30,1,123.0,0.9349593495934959,0.7271739130434782,0.9741725064380282,0.6896252729707103,0.6057537102846905,0.2455685085098529,0.2124113698368354,0.5934959349593496,0.6081521739130435,0.7311827956989247,0.9577464788732394,0.591304347826087,0.391304347826087,2.930752311769567,0.9965152242887416,0.3476486703654478
va_long_beach,switzerland,mirrams_equation9,mirrams,0,"{""d_model"": 64, ""dropout"": 0.1, ""evaluation_interval"": 5, ""learning_rate"": 0.0001, ""max_epochs"": 120, ""mirrams_confidence"": 0.95, ""mirrams_lambda_1"": 15.0, ""mirrams_lambda_2"": 15.0, ""mirrams_mask_rate"": 0.2, ""n_heads"": 4, ""n_layers"": 2, ""patience_evaluations"": 8, ""validation_mask_replicates"": 2, ""weight_decay"": 0.001}",5063,mcar_30,2,123.0,0.9349593495934959,0.6434782608695653,0.9414432404770847,0.736793950692427,0.6899351604067706,0.26548764180689816,0.2469203608611527,0.5528455284552846,0.5282608695652173,0.6994535519125683,0.9411764705882353,0.5565217391304348,0.3652173913043478,2.810917389062994,0.6658439382412401,0.42953952081869495
va_long_beach,switzerland,mirrams_equation9,mirrams,0,"{""d_model"": 64, ""dropout"": 0.1, ""evaluation_interval"": 5, ""learning_rate"": 0.0001, ""max_epochs"": 120, ""mirrams_confidence"": 0.95, ""mirrams_lambda_1"": 15.0, ""mirrams_lambda_2"": 15.0, ""mirrams_mask_rate"": 0.2, ""n_heads"": 4, ""n_layers"": 2, ""patience_evaluations"": 8, ""validation_mask_replicates"": 2, ""weight_decay"": 0.001}",5063,mcar_30,3,123.0,0.9349593495934959,0.6239130434782609,0.9557986438245194,0.7561036610400059,0.7073874700846822,0.2711116476743753,0.2555807489988961,0.5365853658536586,0.5195652173913043,0.6850828729281768,0.9393939393939394,0.5391304347826087,0.16521739130434782,2.7760564516107595,0.5442263673694315,0.45776213741853494
va_long_beach,switzerland,mirrams_equation9,mirrams,0,"{""d_model"": 64, ""dropout"": 0.1, ""evaluation_interval"": 5, ""learning_rate"": 0.0001, ""max_epochs"": 120, ""mirrams_confidence"": 0.95, ""mirrams_lambda_1"": 15.0, ""mirrams_lambda_2"": 15.0, ""mirrams_mask_rate"": 0.2, ""n_heads"": 4, ""n_layers"": 2, ""patience_evaluations"": 8, ""validation_mask_replicates"": 2, ""weight_decay"": 0.001}",5063,mcar_30,4,123.0,0.9349593495934959,0.7206521739130435,0.9668440753691325,0.6851228630924056,0.623546029525188,0.24173491750745632,0.21521708913773793,0.6097560975609756,0.675,0.7419354838709677,0.971830985915493,0.6,0.5478260869565217,2.8307270287810513,0.885614358504556,0.3823678237071436
va_long_beach,switzerland,mirrams_equation9,mirrams,0,"{""d_model"": 64, ""dropout"": 0.1, ""evaluation_interval"": 5, ""learning_rate"": 0.0001, ""max_epochs"": 120, ""mirrams_confidence"": 0.95, ""mirrams_lambda_1"": 15.0, ""mirrams_lambda_2"": 15.0, ""mirrams_mask_rate"": 0.2, ""n_heads"": 4, ""n_layers"": 2, ""patience_evaluations"": 8, ""validation_mask_replicates"": 2, ""weight_decay"": 0.001}",5063,mcar_50,0,123.0,0.9349593495934959,0.6152173913043478,0.9389651620027076,0.7447925664201603,0.7000366165890779,0.2701238554174544,0.2513209385805653,0.5365853658536586,0.5195652173913043,0.6850828729281768,0.9393939393939394,0.5391304347826087,0.4260869565217391,2.7700572963467907,0.5875586363595828,0.4424743398089516
va_long_beach,switzerland,mirrams_equation9,mirrams,0,"{""d_model"": 64, ""dropout"": 0.1, ""evaluation_interval"": 5, ""learning_rate"": 0.0001, ""max_epochs"": 120, ""mirrams_confidence"": 0.95, ""mirrams_lambda_1"": 15.0, ""mirrams_lambda_2"": 15.0, ""mirrams_mask_rate"": 0.2, ""n_heads"": 4, ""n_layers"": 2, ""patience_evaluations"": 8, ""validation_mask_replicates"": 2, ""weight_decay"": 0.001}",5063,mcar_50,1,123.0,0.9349593495934959,0.6891304347826087,0.9716686553749987,0.778128688121329,0.6477609294504723,0.28093909622394686,0.22657909126393358,0.6097560975609756,0.675,0.7419354838709677,0.971830985915493,0.6,0.6,2.8945075452840157,0.7084266877187471,0.5137842016800005
va_long_beach,switzerland,mirrams_equation9,mirrams,0,"{""d_model"": 64, ""dropout"": 0.1, ""evaluation_interval"": 5, ""learning_rate"": 0.0001, ""max_epochs"": 120, ""mirrams_confidence"": 0.95, ""mirrams_lambda_1"": 15.0, ""mirrams_lambda_2"": 15.0, ""mirrams_mask_rate"": 0.2, ""n_heads"": 4, ""n_layers"": 2, ""patience_evaluations"": 8, ""validation_mask_replicates"": 2, ""weight_decay"": 0.001}",5063,mcar_50,2,123.0,0.9349593495934959,0.49782608695652175,0.9273368717729285,0.8500706986667185,0.8156951494870364,0.3126626421276477,0.301142217305387,0.5121951219512195,0.5065217391304349,0.6629213483146067,0.9365079365079365,0.5130434782608696,0.12173913043478261,2.6704547083624095,0.03631015683790861,0.5827484157176985
va_long_beach,switzerland,mirrams_equation9,mirrams,0,"{""d_model"": 64, ""dropout"": 0.1, ""evaluation_interval"": 5, ""learning_rate"": 0.0001, ""max_epochs"": 120, ""mirrams_confidence"": 0.95, ""mirrams_lambda_1"": 15.0, ""mirrams_lambda_2"": 15.0, ""mirrams_mask_rate"": 0.2, ""n_heads"": 4, ""n_layers"": 2, ""patience_evaluations"": 8, ""validation_mask_replicates"": 2, ""weight_decay"": 0.001}",5063,mcar_50,3,123.0,0.9349593495934959,0.692391304347826,0.9503735008771864,0.7508837156748398,0.664830700460701,0.27066982415674007,0.23366952114774545,0.5853658536585366,0.6619565217391304,0.7213114754098361,0.9705882352941176,0.5739130434782609,0.3652173913043478,2.9056775179392353,0.807719546038315,0.4705319894482828
va_long_beach,switzerland,mirrams_equation9,mirrams,0,"{""d_model"": 64, ""dropout"": 0.1, ""evaluation_interval"": 5, ""learning_rate"": 0.0001, ""max_epochs"": 120, ""mirrams_confidence"": 0.95, ""mirrams_lambda_1"": 15.0, ""mirrams_lambda_2"": 15.0, ""mirrams_mask_rate"": 0.2, ""n_heads"": 4, ""n_layers"": 2, ""patience_evaluations"": 8, ""validation_mask_replicates"": 2, ""weight_decay"": 0.001}",5063,mcar_50,4,123.0,0.9349593495934959,0.6760869565217391,0.973059530702888,0.7607224205708354,0.6505098596984811,0.27455076432177455,0.22612857166114234,0.5609756097560976,0.6489130434782608,0.7,0.9692307692307692,0.5478260869565217,0.5130434782608696,2.7840938389458336,0.5730178126484827,0.5071343188200441
va_long_beach,switzerland,mirrams_equation9,mirrams,0,"{""d_model"": 64, ""dropout"": 0.1, ""evaluation_interval"": 5, ""learning_rate"": 0.0001, ""max_epochs"": 120, ""mirrams_confidence"": 0.95, ""mirrams_lambda_1"": 15.0, ""mirrams_lambda_2"": 15.0, ""mirrams_mask_rate"": 0.2, ""n_heads"": 4, ""n_layers"": 2, ""patience_evaluations"": 8, ""validation_mask_replicates"": 2, ""weight_decay"": 0.001}",5063,natural,0,123.0,0.9349593495934959,0.7282608695652174,0.9682168817915988,0.6415878666742789,0.6079233489222092,0.224276136467631,0.21144185062322962,0.6178861788617886,0.621195652173913,0.7513227513227513,0.9594594594594594,0.6173913043478261,0.5391304347826087,2.8317651200222653,0.9318765173323988,0.2642489399163966
va_long_beach,switzerland,mirrams_equation9,mirrams,0,"{""d_model"": 64, ""dropout"": 0.1, ""evaluation_interval"": 5, ""learning_rate"": 0.0001, ""max_epochs"": 120, ""mirrams_confidence"": 0.95, ""mirrams_lambda_1"": 15.0, ""mirrams_lambda_2"": 15.0, ""mirrams_mask_rate"": 0.2, ""n_heads"": 4, ""n_layers"": 2, ""patience_evaluations"": 8, ""validation_mask_replicates"": 2, ""weight_decay"": 0.001}",5064,drop_advanced,0,123.0,0.9349593495934959,0.8119565217391305,0.9825999721351844,0.6492359904666379,0.5570483999747294,0.2275126731017481,0.18716078420567775,0.6504065040650406,0.6967391304347825,0.774869109947644,0.9736842105263158,0.6434782608695652,0.6260869565217392,3.1644771223541106,1.766824760815224,0.3323502027265136
va_long_beach,switzerland,mirrams_equation9,mirrams,0,"{""d_model"": 64, ""dropout"": 0.1, ""evaluation_interval"": 5, ""learning_rate"": 0.0001, ""max_epochs"": 120, ""mirrams_confidence"": 0.95, ""mirrams_lambda_1"": 15.0, ""mirrams_lambda_2"": 15.0, ""mirrams_mask_rate"": 0.2, ""n_heads"": 4, ""n_layers"": 2, ""patience_evaluations"": 8, ""validation_mask_replicates"": 2, ""weight_decay"": 0.001}",5064,drop_exercise,0,123.0,0.9349593495934959,0.7532608695652173,0.969531827045008,0.5214191535324837,0.5837409328654749,0.16861111110396107,0.1959278119622555,0.8211382113821138,0.7880434782608696,0.8962264150943396,0.979381443298969,0.8260869565217391,0.4434782608695652,2.4191406338186083,1.4796629811548472,0.13518136424331217
va_long_beach,switzerland,mirrams_equation9,mirrams,0,"{""d_model"": 64, ""dropout"": 0.1, ""evaluation_interval"": 5, ""learning_rate"": 0.0001, ""max_epochs"": 120, ""mirrams_confidence"": 0.95, ""mirrams_lambda_1"": 15.0, ""mirrams_lambda_2"": 15.0, ""mirrams_mask_rate"": 0.2, ""n_heads"": 4, ""n_layers"": 2, ""patience_evaluations"": 8, ""validation_mask_replicates"": 2, ""weight_decay"": 0.001}",5064,drop_routine,0,123.0,0.9349593495934959,0.8434782608695652,0.9864559545452048,0.6655839887373914,0.538902975492986,0.23530321958957703,0.17925373546196352,0.6341463414634146,0.746195652173913,0.7593582887700535,0.9861111111111112,0.6173913043478261,0.7130434782608696,3.4086270771137777,1.8573809499410587,0.326021235117934
va_long_beach,switzerland,mirrams_equation9,mirrams,0,"{""d_model"": 64, ""dropout"": 0.1, ""evaluation_interval"": 5, ""learning_rate"": 0.0001, ""max_epochs"": 120, ""mirrams_confidence"": 0.95, ""mirrams_lambda_1"": 15.0, ""mirrams_lambda_2"": 15.0, ""mirrams_mask_rate"": 0.2, ""n_heads"": 4, ""n_layers"": 2, ""patience_evaluations"": 8, ""validation_mask_replicates"": 2, ""weight_decay"": 0.001}",5064,empirical_source,0,123.0,0.9349593495934959,0.8010869565217391,0.9822152221675344,0.6551579528213932,0.5633085739701699,0.2309149760397782,0.19039504244501815,0.6504065040650406,0.754891304347826,0.7724867724867724,0.9864864864864865,0.6347826086956522,0.6695652173913044,3.1280346944743767,1.648455163932042,0.3225766877739633
va_long_beach,switzerland,mirrams_equation9,mirrams,0,"{""d_model"": 64, ""dropout"": 0.1, ""evaluation_interval"": 5, ""learning_rate"": 0.0001, ""max_epochs"": 120, ""mirrams_confidence"": 0.95, ""mirrams_lambda_1"": 15.0, ""mirrams_lambda_2"": 15.0, ""mirrams_mask_rate"": 0.2, ""n_heads"": 4, ""n_layers"": 2, ""patience_evaluations"": 8, ""validation_mask_replicates"": 2, ""weight_decay"": 0.001}",5064,empirical_source,1,123.0,0.9349593495934959,0.7630434782608695,0.9790735185741837,0.6724357650950774,0.5887484613551204,0.23859084162496277,0.20212509119064181,0.6260162601626016,0.7418478260869565,0.7526881720430108,0.9859154929577465,0.6086956521739131,0.6434782608695652,2.9745489654285837,1.303136467292855,0.3517613611159764
va_long_beach,switzerland,mirrams_equation9,mirrams,0,"{""d_model"": 64, ""dropout"": 0.1, ""evaluation_interval"": 5, ""learning_rate"": 0.0001, ""max_epochs"": 120, ""mirrams_confidence"": 0.95, ""mirrams_lambda_1"": 15.0, ""mirrams_lambda_2"": 15.0, ""mirrams_mask_rate"": 0.2, ""n_heads"": 4, ""n_layers"": 2, ""patience_evaluations"": 8, ""validation_mask_replicates"": 2, ""weight_decay"": 0.001}",5064,empirical_source,2,123.0,0.9349593495934959,0.8032608695652175,0.9815378173583852,0.6662500241619737,0.5635756792258679,0.2357671539584346,0.18979108549915907,0.6341463414634146,0.746195652173913,0.7593582887700535,0.9861111111111112,0.6173913043478261,0.6956521739130435,3.1878268803714978,1.7017730216704288,0.34446998173443133
va_long_beach,switzerland,mirrams_equation9,mirrams,0,"{""d_model"": 64, ""dropout"": 0.1, ""evaluation_interval"": 5, ""learning_rate"": 0.0001, ""max_epochs"": 120, ""mirrams_confidence"": 0.95, ""mirrams_lambda_1"": 15.0, ""mirrams_lambda_2"": 15.0, ""mirrams_mask_rate"": 0.2, ""n_heads"": 4, ""n_layers"": 2, ""patience_evaluations"": 8, ""validation_mask_replicates"": 2, ""weight_decay"": 0.001}",5064,empirical_source,3,123.0,0.9349593495934959,0.7934782608695652,0.9795644592964342,0.662148203050848,0.5671069816148718,0.23437433679998287,0.1919001929702338,0.6585365853658537,0.7592391304347825,0.7789473684210526,0.9866666666666667,0.6434782608695652,0.6782608695652174,3.1816467042924454,1.6829320460729236,0.31566586232837285
va_long_beach,switzerland,mirrams_equation9,mirrams,0,"{""d_model"": 64, ""dropout"": 0.1, ""evaluation_interval"": 5, ""learning_rate"": 0.0001, ""max_epochs"": 120, ""mirrams_confidence"": 0.95, ""mirrams_lambda_1"": 15.0, ""mirrams_lambda_2"": 15.0, ""mirrams_mask_rate"": 0.2, ""n_heads"": 4, ""n_layers"": 2, ""patience_evaluations"": 8, ""validation_mask_replicates"": 2, ""weight_decay"": 0.001}",5064,empirical_source,4,123.0,0.9349593495934959,0.8054347826086956,0.9804739630123078,0.6672236999576869,0.5652182416697275,0.2367181398192999,0.19090917524975745,0.6260162601626016,0.7418478260869565,0.7526881720430108,0.9859154929577465,0.6086956521739131,0.6434782608695652,3.22113099418385,1.7151858931762558,0.3349124526272839
va_long_beach,switzerland,mirrams_equation9,mirrams,0,"{""d_model"": 64, ""dropout"": 0.1, ""evaluation_interval"": 5, ""learning_rate"": 0.0001, ""max_epochs"": 120, ""mirrams_confidence"": 0.95, ""mirrams_lambda_1"": 15.0, ""mirrams_lambda_2"": 15.0, ""mirrams_mask_rate"": 0.2, ""n_heads"": 4, ""n_layers"": 2, ""patience_evaluations"": 8, ""validation_mask_replicates"": 2, ""weight_decay"": 0.001}",5064,mar_age_sex_30,0,123.0,0.9349593495934959,0.8065217391304349,0.9829123037840362,0.6349271625555721,0.5690525262452705,0.22070300281967803,0.19191115599155456,0.6991869918699187,0.7228260869565217,0.8121827411167513,0.975609756097561,0.6956521739130435,0.6782608695652174,2.9249215044372265,1.4274100104304948,0.31541852932118497
va_long_beach,switzerland,mirrams_equation9,mirrams,0,"{""d_model"": 64, ""dropout"": 0.1, ""evaluation_interval"": 5, ""learning_rate"": 0.0001, ""max_epochs"": 120, ""mirrams_confidence"": 0.95, ""mirrams_lambda_1"": 15.0, ""mirrams_lambda_2"": 15.0, ""mirrams_mask_rate"": 0.2, ""n_heads"": 4, ""n_layers"": 2, ""patience_evaluations"": 8, ""validation_mask_replicates"": 2, ""weight_decay"": 0.001}",5064,mar_age_sex_30,1,123.0,0.9349593495934959,0.8478260869565217,0.9848178142695506,0.6356871784561635,0.5384753766058911,0.22282720285587035,0.1783286742323573,0.6341463414634146,0.746195652173913,0.7593582887700535,0.9861111111111112,0.6173913043478261,0.8608695652173913,3.461173220648905,2.39279061202822,0.2612111518180104
va_long_beach,switzerland,mirrams_equation9,mirrams,0,"{""d_model"": 64, ""dropout"": 0.1, ""evaluation_interval"": 5, ""learning_rate"": 0.0001, ""max_epochs"": 120, ""mirrams_confidence"": 0.95, ""mirrams_lambda_1"": 15.0, ""mirrams_lambda_2"": 15.0, ""mirrams_mask_rate"": 0.2, ""n_heads"": 4, ""n_layers"": 2, ""patience_evaluations"": 8, ""validation_mask_replicates"": 2, ""weight_decay"": 0.001}",5064,mar_age_sex_30,2,123.0,0.9349593495934959,0.7380434782608696,0.9641953998190604,0.641020130683279,0.607313656803999,0.2242057732950115,0.2090570758069939,0.6422764227642277,0.692391304347826,0.7684210526315789,0.9733333333333334,0.6347826086956522,0.30434782608695654,2.8506236541488454,1.2521682525656892,0.30574298606481637
va_long_beach,switzerland,mirrams_equation9,mirrams,0,"{""d_model"": 64, ""dropout"": 0.1, ""evaluation_interval"": 5, ""learning_rate"": 0.0001, ""max_epochs"": 120, ""mirrams_confidence"": 0.95, ""mirrams_lambda_1"": 15.0, ""mirrams_lambda_2"": 15.0, ""mirrams_mask_rate"": 0.2, ""n_heads"": 4, ""n_layers"": 2, ""patience_evaluations"": 8, ""validation_mask_replicates"": 2, ""weight_decay"": 0.001}",5064,mar_age_sex_30,3,123.0,0.9349593495934959,0.8489130434782609,0.9873352958477504,0.610926651506153,0.52548740814392,0.2109070794180558,0.1739752294680506,0.6585365853658537,0.6429347826086956,0.7835051546391752,0.9620253164556962,0.6608695652173913,0.6086956521739131,3.27762120275645,2.095765395123827,0.2377300190883363
va_long_beach,switzerland,mirrams_equation9,mirrams,0,"{""d_model"": 64, ""dropout"": 0.1, ""evaluation_interval"": 5, ""learning_rate"": 0.0001, ""max_epochs"": 120, ""mirrams_confidence"": 0.95, ""mirrams_lambda_1"": 15.0, ""mirrams_lambda_2"": 15.0, ""mirrams_mask_rate"": 0.2, ""n_heads"": 4, ""n_layers"": 2, ""patience_evaluations"": 8, ""validation_mask_replicates"": 2, ""weight_decay"": 0.001}",5064,mar_age_sex_30,4,123.0,0.9349593495934959,0.775,0.9781156854192572,0.6026119790199009,0.5710818284731289,0.20707363559578346,0.19458963196510548,0.6829268292682927,0.6559782608695652,0.8020304568527918,0.9634146341463414,0.6869565217391305,0.3826086956521739,2.8515492353117304,1.5411483618791992,0.23042295820587128
va_long_beach,switzerland,mirrams_equation9,mirrams,0,"{""d_model"": 64, ""dropout"": 0.1, ""evaluation_interval"": 5, ""learning_rate"": 0.0001, ""max_epochs"": 120, ""mirrams_confidence"": 0.95, ""mirrams_lambda_1"": 15.0, ""mirrams_lambda_2"": 15.0, ""mirrams_mask_rate"": 0.2, ""n_heads"": 4, ""n_layers"": 2, ""patience_evaluations"": 8, ""validation_mask_replicates"": 2, ""weight_decay"": 0.001}",5064,mcar_10,0,123.0,0.9349593495934959,0.7565217391304347,0.9773119405219344,0.6571115463254081,0.5816933704918293,0.23324827075596577,0.19972528497473996,0.5934959349593496,0.7244565217391304,0.7252747252747253,0.9850746268656716,0.5739130434782609,0.6,3.024154402194179,1.5240152783261607,0.29583717065973103
va_long_beach,switzerland,mirrams_equation9,mirrams,0,"{""d_model"": 64, ""dropout"": 0.1, ""evaluation_interval"": 5, ""learning_rate"": 0.0001, ""max_epochs"": 120, ""mirrams_confidence"": 0.95, ""mirrams_lambda_1"": 15.0, ""mirrams_lambda_2"": 15.0, ""mirrams_mask_rate"": 0.2, ""n_heads"": 4, ""n_layers"": 2, ""patience_evaluations"": 8, ""validation_mask_replicates"": 2, ""weight_decay"": 0.001}",5064,mcar_10,1,123.0,0.9349593495934959,0.816304347826087,0.9848290807879245,0.6260812922597007,0.5489286881298164,0.21757871737391385,0.18374670471991522,0.6504065040650406,0.754891304347826,0.7724867724867724,0.9864864864864865,0.6347826086956522,0.6608695652173913,3.0361568491357773,1.6259896138256131,0.27329288164695215
va_long_beach,switzerland,mirrams_equation9,mirrams,0,"{""d_model"": 64, ""dropout"": 0.1, ""evaluation_interval"": 5, ""learning_rate"": 0.0001, ""max_epochs"": 120, ""mirrams_confidence"": 0.95, ""mirrams_lambda_1"": 15.0, ""mirrams_lambda_2"": 15.0, ""mirrams_mask_rate"": 0.2, ""n_heads"": 4, ""n_layers"": 2, ""patience_evaluations"": 8, ""validation_mask_replicates"": 2, ""weight_decay"": 0.001}",5064,mcar_10,2,123.0,0.9349593495934959,0.8499999999999999,0.9869575658684999,0.6350685535522615,0.5287871426189248,0.22166388804303438,0.17429837751749744,0.6260162601626016,0.7418478260869565,0.7526881720430108,0.9859154929577465,0.6086956521739131,0.7391304347826086,3.326630290626994,1.9365950434950305,0.2866472759306089
va_long_beach,switzerland,mirrams_equation9,mirrams,0,"{""d_model"": 64, ""dropout"": 0.1, ""evaluation_interval"": 5, ""learning_rate"": 0.0001, ""max_epochs"": 120, ""mirrams_confidence"": 0.95, ""mirrams_lambda_1"": 15.0, ""mirrams_lambda_2"": 15.0, ""mirrams_mask_rate"": 0.2, ""n_heads"": 4, ""n_layers"": 2, ""patience_evaluations"": 8, ""validation_mask_replicates"": 2, ""weight_decay"": 0.001}",5064,mcar_10,3,123.0,0.9349593495934959,0.8184782608695652,0.9844872979870302,0.6312530202009915,0.5474122595760755,0.21962344975219164,0.18280916463532218,0.6422764227642277,0.7505434782608695,0.7659574468085106,0.9863013698630136,0.6260869565217392,0.7130434782608696,3.0569366295220104,1.5863717663288641,0.2917066045229009
va_long_beach,switzerland,mirrams_equation9,mirrams,0,"{""d_model"": 64, ""dropout"": 0.1, ""evaluation_interval"": 5, ""learning_rate"": 0.0001, ""max_epochs"": 120, ""mirrams_confidence"": 0.95, ""mirrams_lambda_1"": 15.0, ""mirrams_lambda_2"": 15.0, ""mirrams_mask_rate"": 0.2, ""n_heads"": 4, ""n_layers"": 2, ""patience_evaluations"": 8, ""validation_mask_replicates"": 2, ""weight_decay"": 0.001}",5064,mcar_10,4,123.0,0.9349593495934959,0.7739130434782608,0.9781850385815742,0.6407387769745383,0.5794363492475338,0.22347271618924316,0.19757871992121012,0.6829268292682927,0.7141304347826087,0.8,0.975,0.6782608695652174,0.5478260869565217,2.911380965513838,1.3064320601130184,0.3135542873615905
va_long_beach,switzerland,mirrams_equation9,mirrams,0,"{""d_model"": 64, ""dropout"": 0.1, ""evaluation_interval"": 5, ""learning_rate"": 0.0001, ""max_epochs"": 120, ""mirrams_confidence"": 0.95, ""mirrams_lambda_1"": 15.0, ""mirrams_lambda_2"": 15.0, ""mirrams_mask_rate"": 0.2, ""n_heads"": 4, ""n_layers"": 2, ""patience_evaluations"": 8, ""validation_mask_replicates"": 2, ""weight_decay"": 0.001}",5064,mcar_30,0,123.0,0.9349593495934959,0.7695652173913043,0.9771338672792182,0.6620083133764072,0.5869331318126071,0.23435929375347886,0.20177923935102432,0.6016260162601627,0.6706521739130435,0.7351351351351352,0.9714285714285714,0.591304347826087,0.4956521739130435,3.0172351011844736,1.4839678005196442,0.3238709618359213
va_long_beach,switzerland,mirrams_equation9,mirrams,0,"{""d_model"": 64, ""dropout"": 0.1, ""evaluation_interval"": 5, ""learning_rate"": 0.0001, ""max_epochs"": 120, ""mirrams_confidence"": 0.95, ""mirrams_lambda_1"": 15.0, ""mirrams_lambda_2"": 15.0, ""mirrams_mask_rate"": 0.2, ""n_heads"": 4, ""n_layers"": 2, ""patience_evaluations"": 8, ""validation_mask_replicates"": 2, ""weight_decay"": 0.001}",5064,mcar_30,1,123.0,0.9349593495934959,0.7663043478260869,0.9784166334634788,0.7022662980275873,0.5926511283134008,0.25163326935205793,0.20360674048128433,0.5934959349593496,0.6663043478260869,0.7282608695652174,0.9710144927536232,0.5826086956521739,0.43478260869565216,3.046478297732818,1.2603906152703312,0.40832703155811867
va_long_beach,switzerland,mirrams_equation9,mirrams,0,"{""d_model"": 64, ""dropout"": 0.1, ""evaluation_interval"": 5, ""learning_rate"": 0.0001, ""max_epochs"": 120, ""mirrams_confidence"": 0.95, ""mirrams_lambda_1"": 15.0, ""mirrams_lambda_2"": 15.0, ""mirrams_mask_rate"": 0.2, ""n_heads"": 4, ""n_layers"": 2, ""patience_evaluations"": 8, ""validation_mask_replicates"": 2, ""weight_decay"": 0.001}",5064,mcar_30,2,123.0,0.9349593495934959,0.7543478260869565,0.9760299578218895,0.6999301265245547,0.6094798324244908,0.25057808898534584,0.21236674288728466,0.5853658536585366,0.6619565217391304,0.7213114754098361,0.9705882352941176,0.5739130434782609,0.4608695652173913,2.9814095111321097,1.1485490562187481,0.39001187827430606
va_long_beach,switzerland,mirrams_equation9,mirrams,0,"{""d_model"": 64, ""dropout"": 0.1, ""evaluation_interval"": 5, ""learning_rate"": 0.0001, ""max_epochs"": 120, ""mirrams_confidence"": 0.95, ""mirrams_lambda_1"": 15.0, ""mirrams_lambda_2"": 15.0, ""mirrams_mask_rate"": 0.2, ""n_heads"": 4, ""n_layers"": 2, ""patience_evaluations"": 8, ""validation_mask_replicates"": 2, ""weight_decay"": 0.001}",5064,mcar_30,3,123.0,0.9349593495934959,0.8445652173913044,0.9849396744488554,0.6668274539144836,0.5416332430660746,0.23614608455015493,0.18095409902982346,0.6341463414634146,0.746195652173913,0.7593582887700535,0.9861111111111112,0.6173913043478261,0.7130434782608696,3.5192406847566318,2.0418097834574866,0.34320224036402736
va_long_beach,switzerland,mirrams_equation9,mirrams,0,"{""d_model"": 64, ""dropout"": 0.1, ""evaluation_interval"": 5, ""learning_rate"": 0.0001, ""max_epochs"": 120, ""mirrams_confidence"": 0.95, ""mirrams_lambda_1"": 15.0, ""mirrams_lambda_2"": 15.0, ""mirrams_mask_rate"": 0.2, ""n_heads"": 4, ""n_layers"": 2, ""patience_evaluations"": 8, ""validation_mask_replicates"": 2, ""weight_decay"": 0.001}",5064,mcar_30,4,123.0,0.9349593495934959,0.816304347826087,0.9843626204715602,0.6922804861757673,0.5544609725183072,0.24682835451730148,0.18449559393862677,0.6260162601626016,0.7418478260869565,0.7526881720430108,0.9859154929577465,0.6086956521739131,0.8,3.3219340595818934,1.6789147173082717,0.4088881663736207
va_long_beach,switzerland,mirrams_equation9,mirrams,0,"{""d_model"": 64, ""dropout"": 0.1, ""evaluation_interval"": 5, ""learning_rate"": 0.0001, ""max_epochs"": 120, ""mirrams_confidence"": 0.95, ""mirrams_lambda_1"": 15.0, ""mirrams_lambda_2"": 15.0, ""mirrams_mask_rate"": 0.2, ""n_heads"": 4, ""n_layers"": 2, ""patience_evaluations"": 8, ""validation_mask_replicates"": 2, ""weight_decay"": 0.001}",5064,mcar_50,0,123.0,0.9349593495934959,0.8869565217391304,0.9909531886874212,0.768382254680081,0.5540713556639355,0.28371089500863367,0.18629360516500434,0.4959349593495935,0.7304347826086957,0.6309523809523809,1.0,0.4608695652173913,0.7652173913043478,5.141527756927216,3.469883174061822,0.4930941787611369
va_long_beach,switzerland,mirrams_equation9,mirrams,0,"{""d_model"": 64, ""dropout"": 0.1, ""evaluation_interval"": 5, ""learning_rate"": 0.0001, ""max_epochs"": 120, ""mirrams_confidence"": 0.95, ""mirrams_lambda_1"": 15.0, ""mirrams_lambda_2"": 15.0, ""mirrams_mask_rate"": 0.2, ""n_heads"": 4, ""n_layers"": 2, ""patience_evaluations"": 8, ""validation_mask_replicates"": 2, ""weight_decay"": 0.001}",5064,mcar_50,1,123.0,0.9349593495934959,0.7913043478260869,0.981187518063636,0.7247739901870743,0.5822256948455792,0.2612433297174406,0.19694343917948648,0.5772357723577236,0.7157608695652173,0.7111111111111111,0.9846153846153847,0.5565217391304348,0.7565217391304347,3.254180761824365,1.5181576802360195,0.48339920236624073
va_long_beach,switzerland,mirrams_equation9,mirrams,0,"{""d_model"": 64, ""dropout"": 0.1, ""evaluation_interval"": 5, ""learning_rate"": 0.0001, ""max_epochs"": 120, ""mirrams_confidence"": 0.95, ""mirrams_lambda_1"": 15.0, ""mirrams_lambda_2"": 15.0, ""mirrams_mask_rate"": 0.2, ""n_heads"": 4, ""n_layers"": 2, ""patience_evaluations"": 8, ""validation_mask_replicates"": 2, ""weight_decay"": 0.001}",5064,mcar_50,2,123.0,0.9349593495934959,0.5923913043478262,0.9623379346396136,0.7849030881234211,0.6919786034724887,0.28987915757424204,0.24703600303239123,0.5040650406504065,0.6766304347826086,0.6432748538011696,0.9821428571428571,0.4782608695652174,0.5130434782608696,2.735226437400715,0.3886369580944343,0.5638518549608825
va_long_beach,switzerland,mirrams_equation9,mirrams,0,"{""d_model"": 64, ""dropout"": 0.1, ""evaluation_interval"": 5, ""learning_rate"": 0.0001, ""max_epochs"": 120, ""mirrams_confidence"": 0.95, ""mirrams_lambda_1"": 15.0, ""mirrams_lambda_2"": 15.0, ""mirrams_mask_rate"": 0.2, ""n_heads"": 4, ""n_layers"": 2, ""patience_evaluations"": 8, ""validation_mask_replicates"": 2, ""weight_decay"": 0.001}",5064,mcar_50,3,123.0,0.9349593495934959,0.7195652173913043,0.9729673036964499,0.7727300691515142,0.6319371053244421,0.28500267567968446,0.2214881116403376,0.4878048780487805,0.6097826086956522,0.631578947368421,0.9642857142857143,0.46956521739130436,0.40869565217391307,3.1123193825155915,1.1768419169193862,0.5256700950132075
va_long_beach,switzerland,mirrams_equation9,mirrams,0,"{""d_model"": 64, ""dropout"": 0.1, ""evaluation_interval"": 5, ""learning_rate"": 0.0001, ""max_epochs"": 120, ""mirrams_confidence"": 0.95, ""mirrams_lambda_1"": 15.0, ""mirrams_lambda_2"": 15.0, ""mirrams_mask_rate"": 0.2, ""n_heads"": 4, ""n_layers"": 2, ""patience_evaluations"": 8, ""validation_mask_replicates"": 2, ""weight_decay"": 0.001}",5064,mcar_50,4,123.0,0.9349593495934959,0.675,0.9708863670164622,0.7910877402171621,0.6483422930385394,0.29126585233823027,0.2269070081708257,0.4959349593495935,0.6141304347826086,0.6395348837209303,0.9649122807017544,0.4782608695652174,0.4608695652173913,2.938249221329361,0.8184643571801214,0.5703968529173904
va_long_beach,switzerland,mirrams_equation9,mirrams,0,"{""d_model"": 64, ""dropout"": 0.1, ""evaluation_interval"": 5, ""learning_rate"": 0.0001, ""max_epochs"": 120, ""mirrams_confidence"": 0.95, ""mirrams_lambda_1"": 15.0, ""mirrams_lambda_2"": 15.0, ""mirrams_mask_rate"": 0.2, ""n_heads"": 4, ""n_layers"": 2, ""patience_evaluations"": 8, ""validation_mask_replicates"": 2, ""weight_decay"": 0.001}",5064,natural,0,123.0,0.9349593495934959,0.816304347826087,0.9841070541664041,0.6207216487431108,0.5448926374413492,0.2150156852514067,0.18189237824080207,0.6910569105691057,0.7766304347826087,0.8041237113402062,0.9873417721518988,0.6782608695652174,0.6869565217391305,3.047968921909965,1.643174704663985,0.2693526210091199
