outer_target,experiment,variant,epochs,config_sha256,policy,mask_replicate,diagnostic_mode,calibration_intercept,calibration_slope,estimated_target_prevalence_mlls,estimated_target_prevalence_soft_bbse,diagnostic_best_prior,diagnostic_best_statistic,diagnostic_p_value,diagnostic_accepted_interval_low,diagnostic_accepted_interval_high,mask_support_passed,mask_all_feature_states_supported,mask_exact_pattern_support_rate,mask_nearest_hamming_fraction_q95,mask_nearest_hamming_fraction_max,adaptation_allowed
cleveland,v2_prior_separated,v2,10,be0549617bb8b478de0037a7d30026ad8a37acf124c4f7170c0029656ff8d54f,drop_advanced,0.0,composite_multiview_v3,-0.1967588923726425,0.7034665418414503,0.1963735197971279,0.3192393551074864,0.4,0.0663054170337721,0.005,,,True,True,1.0,0.0,0.0,False
cleveland,v2_prior_separated,v2,10,be0549617bb8b478de0037a7d30026ad8a37acf124c4f7170c0029656ff8d54f,drop_exercise,0.0,composite_multiview_v3,-0.1137830501414153,0.6665993401293464,0.3333885637468424,0.4884656656567203,0.6,0.465908276853104,0.005,,,True,True,1.0,0.0,0.0,False
cleveland,v2_prior_separated,v2,10,be0549617bb8b478de0037a7d30026ad8a37acf124c4f7170c0029656ff8d54f,drop_routine,0.0,composite_multiview_v3,-0.1758268982684227,0.6830522345132178,0.3432755942610254,0.4841134222133777,0.5,0.4439970298115366,0.005,,,True,True,1.0,0.0,0.0,False
cleveland,v2_prior_separated,v2,10,be0549617bb8b478de0037a7d30026ad8a37acf124c4f7170c0029656ff8d54f,empirical_source,0.0,composite_multiview_v3,-0.1677674107560017,0.6627706243554036,0.1476677976194672,0.3195130511555464,0.35,0.0196549376707867,0.005,,,False,False,0.976897689768977,0.0,0.0769230769230769,False
cleveland,v2_prior_separated,v2,10,be0549617bb8b478de0037a7d30026ad8a37acf124c4f7170c0029656ff8d54f,empirical_source,1.0,composite_multiview_v3,-0.1412416497933369,0.6822876671373589,0.2015288499750016,0.3284389438794888,0.4,0.0300347100858614,0.005,,,False,False,0.9702970297029704,0.0,0.0769230769230769,False
cleveland,v2_prior_separated,v2,10,be0549617bb8b478de0037a7d30026ad8a37acf124c4f7170c0029656ff8d54f,empirical_source,2.0,composite_multiview_v3,-0.1403646280843934,0.6716655613509828,0.2168146010809972,0.3400766307519666,0.35,0.0265931669840739,0.005,,,False,False,0.9504950495049505,0.0,0.0769230769230769,False
cleveland,v2_prior_separated,v2,10,be0549617bb8b478de0037a7d30026ad8a37acf124c4f7170c0029656ff8d54f,empirical_source,3.0,composite_multiview_v3,-0.1294420498303929,0.6662331673144607,0.1877885990352203,0.3180157054761692,0.4,0.0247871896300795,0.005,,,True,True,0.943894389438944,0.0769230769230769,0.1538461538461538,False
cleveland,v2_prior_separated,v2,10,be0549617bb8b478de0037a7d30026ad8a37acf124c4f7170c0029656ff8d54f,empirical_source,4.0,composite_multiview_v3,-0.1387876967516591,0.6797346731587091,0.1734329233525489,0.3061784690517595,0.35,0.0209068643885045,0.005,,,False,False,0.9735973597359736,0.0,0.0769230769230769,False
cleveland,v2_prior_separated,v2,10,be0549617bb8b478de0037a7d30026ad8a37acf124c4f7170c0029656ff8d54f,empirical_source,5.0,composite_multiview_v3,-0.1504130126729045,0.6844776314150123,0.1606668611904122,0.3150761975462099,0.35,0.0291119300806681,0.005,,,False,False,0.9603960396039604,0.0,0.0769230769230769,False
cleveland,v2_prior_separated,v2,10,be0549617bb8b478de0037a7d30026ad8a37acf124c4f7170c0029656ff8d54f,empirical_source,6.0,composite_multiview_v3,-0.1106983397591441,0.7209366433857319,0.2252356122092089,0.3211701748064059,0.35,0.0239594578781898,0.005,,,False,False,0.9801980198019802,0.0,0.0769230769230769,False
cleveland,v2_prior_separated,v2,10,be0549617bb8b478de0037a7d30026ad8a37acf124c4f7170c0029656ff8d54f,empirical_source,7.0,composite_multiview_v3,-0.1341933030812787,0.6715522393526322,0.1878571771466729,0.3194241417840347,0.4,0.0262785487395761,0.005,,,True,True,0.9702970297029704,0.0,0.0769230769230769,False
cleveland,v2_prior_separated,v2,10,be0549617bb8b478de0037a7d30026ad8a37acf124c4f7170c0029656ff8d54f,empirical_source,8.0,composite_multiview_v3,-0.121783459670957,0.716615715227281,0.2481723481803164,0.3360704500344338,0.35,0.0277453864043459,0.005,,,False,False,0.9174917491749176,0.0769230769230769,0.1538461538461538,False
cleveland,v2_prior_separated,v2,10,be0549617bb8b478de0037a7d30026ad8a37acf124c4f7170c0029656ff8d54f,empirical_source,9.0,composite_multiview_v3,-0.1236494413838471,0.7214436639993004,0.2195321628095999,0.3161986600302469,0.35,0.0239944759644163,0.005,,,True,True,0.9801980198019802,0.0,0.0769230769230769,False
cleveland,v2_prior_separated,v2,10,be0549617bb8b478de0037a7d30026ad8a37acf124c4f7170c0029656ff8d54f,mar_age_sex_30,0.0,composite_multiview_v3,-0.1265489146114844,0.715154341960138,0.2916193426239249,0.4070282775366071,0.45,0.2308621648534104,0.005,,,True,True,0.165016501650165,0.1538461538461538,0.2307692307692307,False
cleveland,v2_prior_separated,v2,10,be0549617bb8b478de0037a7d30026ad8a37acf124c4f7170c0029656ff8d54f,mar_age_sex_30,1.0,composite_multiview_v3,-0.1392471426066474,0.6870083660411371,0.2999365066968991,0.4395125130168001,0.5,0.2002780710246293,0.005,,,True,True,0.1815181518151815,0.1538461538461538,0.2307692307692307,False
cleveland,v2_prior_separated,v2,10,be0549617bb8b478de0037a7d30026ad8a37acf124c4f7170c0029656ff8d54f,mar_age_sex_30,2.0,composite_multiview_v3,-0.1634714378106981,0.6923042302509411,0.2819365085311688,0.4234359577002365,0.45,0.2053434266538085,0.005,,,True,True,0.2343234323432343,0.1538461538461538,0.2307692307692307,False
cleveland,v2_prior_separated,v2,10,be0549617bb8b478de0037a7d30026ad8a37acf124c4f7170c0029656ff8d54f,mar_age_sex_30,3.0,composite_multiview_v3,-0.1459782320264588,0.7214600274734329,0.2944908513535653,0.4101437596883646,0.45,0.2033395683028277,0.005,,,True,True,0.1551155115511551,0.1538461538461538,0.2307692307692307,False
cleveland,v2_prior_separated,v2,10,be0549617bb8b478de0037a7d30026ad8a37acf124c4f7170c0029656ff8d54f,mar_age_sex_30,4.0,composite_multiview_v3,-0.1003621328700274,0.7305439281897288,0.3481510322269929,0.4470205750975688,0.45,0.1626359297853621,0.005,,,True,True,0.1914191419141914,0.1538461538461538,0.2307692307692307,False
cleveland,v2_prior_separated,v2,10,be0549617bb8b478de0037a7d30026ad8a37acf124c4f7170c0029656ff8d54f,mar_age_sex_30,5.0,composite_multiview_v3,-0.1306209865599507,0.6581628587453945,0.2705012706023967,0.4194625999464202,0.5,0.1946757091095252,0.005,,,True,True,0.1584158415841584,0.1538461538461538,0.2307692307692307,False
cleveland,v2_prior_separated,v2,10,be0549617bb8b478de0037a7d30026ad8a37acf124c4f7170c0029656ff8d54f,mar_age_sex_30,6.0,composite_multiview_v3,-0.1137376684460494,0.7481635652092012,0.3355764422422048,0.4183713347256616,0.45,0.1553987603526958,0.005,,,True,True,0.2145214521452145,0.1538461538461538,0.2307692307692307,False
cleveland,v2_prior_separated,v2,10,be0549617bb8b478de0037a7d30026ad8a37acf124c4f7170c0029656ff8d54f,mar_age_sex_30,7.0,composite_multiview_v3,-0.1283024109722855,0.7249298613139799,0.2982188997470115,0.4253124982951312,0.45,0.233400813945581,0.005,,,True,True,0.1452145214521452,0.1538461538461538,0.2307692307692307,False
cleveland,v2_prior_separated,v2,10,be0549617bb8b478de0037a7d30026ad8a37acf124c4f7170c0029656ff8d54f,mar_age_sex_30,8.0,composite_multiview_v3,-0.136840813477525,0.7626356350032625,0.3217781450022799,0.4296677746108875,0.45,0.1775142707716743,0.005,,,True,True,0.1881188118811881,0.1538461538461538,0.2307692307692307,False
cleveland,v2_prior_separated,v2,10,be0549617bb8b478de0037a7d30026ad8a37acf124c4f7170c0029656ff8d54f,mar_age_sex_30,9.0,composite_multiview_v3,-0.148686046040713,0.7765104865543564,0.2979165682556218,0.4106360148993962,0.45,0.1853159348015034,0.005,,,True,True,0.1782178217821782,0.1538461538461538,0.2307692307692307,False
cleveland,v2_prior_separated,v2,10,be0549617bb8b478de0037a7d30026ad8a37acf124c4f7170c0029656ff8d54f,mcar_10,0.0,composite_multiview_v3,-0.1802437451665331,0.6351337882041891,0.2711452583365525,0.4356043089393234,0.5,0.2689833284478963,0.005,,,True,True,0.1386138613861386,0.1538461538461538,0.2307692307692307,False
cleveland,v2_prior_separated,v2,10,be0549617bb8b478de0037a7d30026ad8a37acf124c4f7170c0029656ff8d54f,mcar_10,1.0,composite_multiview_v3,-0.1481545453010227,0.7141990048904925,0.325755370915913,0.4409951509343175,0.5,0.2823057647581363,0.005,,,True,True,0.3531353135313531,0.1538461538461538,0.2307692307692307,False
cleveland,v2_prior_separated,v2,10,be0549617bb8b478de0037a7d30026ad8a37acf124c4f7170c0029656ff8d54f,mcar_10,2.0,composite_multiview_v3,-0.122301017731135,0.6161406005194527,0.3301577698265293,0.4703167728949531,0.6,0.2937766741477062,0.005,,,True,True,0.3597359735973597,0.1538461538461538,0.2307692307692307,False
cleveland,v2_prior_separated,v2,10,be0549617bb8b478de0037a7d30026ad8a37acf124c4f7170c0029656ff8d54f,mcar_10,3.0,composite_multiview_v3,-0.1320713489881295,0.672776220272807,0.3341565575903946,0.4605589781656239,0.5,0.2873395687723452,0.005,,,True,True,0.1089108910891089,0.1538461538461538,0.2307692307692307,False
cleveland,v2_prior_separated,v2,10,be0549617bb8b478de0037a7d30026ad8a37acf124c4f7170c0029656ff8d54f,mcar_10,4.0,composite_multiview_v3,-0.1519560076702626,0.6719629190305725,0.299807206392314,0.4459198225340975,0.5,0.3052761867629395,0.005,,,True,True,0.0759075907590759,0.1538461538461538,0.2307692307692307,False
cleveland,v2_prior_separated,v2,10,be0549617bb8b478de0037a7d30026ad8a37acf124c4f7170c0029656ff8d54f,mcar_10,5.0,composite_multiview_v3,-0.1244630455340057,0.7891404501497394,0.345310478152305,0.428878174530586,0.5,0.2934646644096725,0.005,,,True,True,0.3102310231023102,0.1538461538461538,0.2307692307692307,False
cleveland,v2_prior_separated,v2,10,be0549617bb8b478de0037a7d30026ad8a37acf124c4f7170c0029656ff8d54f,mcar_10,6.0,composite_multiview_v3,-0.1271545323820014,0.6704812793318201,0.3323463160091805,0.4484829773019782,0.5,0.2601905823619042,0.005,,,True,True,0.3762376237623762,0.1538461538461538,0.2307692307692307,False
cleveland,v2_prior_separated,v2,10,be0549617bb8b478de0037a7d30026ad8a37acf124c4f7170c0029656ff8d54f,mcar_10,7.0,composite_multiview_v3,-0.1417717565966742,0.6612588185975478,0.3251802789410006,0.4632968781935147,0.55,0.2220090605307642,0.005,,,True,True,0.3762376237623762,0.1538461538461538,0.2307692307692307,False
cleveland,v2_prior_separated,v2,10,be0549617bb8b478de0037a7d30026ad8a37acf124c4f7170c0029656ff8d54f,mcar_10,8.0,composite_multiview_v3,-0.1672676936243712,0.6715221030019551,0.2894013423237604,0.4276850680642665,0.45,0.2358739224165222,0.005,,,True,True,0.0825082508250825,0.1538461538461538,0.2307692307692307,False
cleveland,v2_prior_separated,v2,10,be0549617bb8b478de0037a7d30026ad8a37acf124c4f7170c0029656ff8d54f,mcar_10,9.0,composite_multiview_v3,-0.1534449509338536,0.6788149498728028,0.3058080044788875,0.4447167136600551,0.45,0.2522343002192626,0.005,,,True,True,0.3663366336633663,0.1538461538461538,0.2307692307692307,False
cleveland,v2_prior_separated,v2,10,be0549617bb8b478de0037a7d30026ad8a37acf124c4f7170c0029656ff8d54f,mcar_30,0.0,composite_multiview_v3,-0.0331634159791855,0.611412205393833,0.2950572265689223,0.4391191325737646,0.55,0.1661954866045353,0.005,,,True,True,0.1584158415841584,0.1538461538461538,0.2307692307692307,False
cleveland,v2_prior_separated,v2,10,be0549617bb8b478de0037a7d30026ad8a37acf124c4f7170c0029656ff8d54f,mcar_30,1.0,composite_multiview_v3,-0.0555609306087365,0.6551184980973203,0.3643233540604236,0.4763987170879351,0.5,0.1778254996120011,0.005,,,True,True,0.1089108910891089,0.2307692307692307,0.2307692307692307,False
cleveland,v2_prior_separated,v2,10,be0549617bb8b478de0037a7d30026ad8a37acf124c4f7170c0029656ff8d54f,mcar_30,2.0,composite_multiview_v3,-0.0328685223357269,0.6190043603112946,0.3899399920249539,0.5177054153181477,0.6,0.1738487819689394,0.005,,,True,True,0.1155115511551155,0.2307692307692307,0.2307692307692307,False
cleveland,v2_prior_separated,v2,10,be0549617bb8b478de0037a7d30026ad8a37acf124c4f7170c0029656ff8d54f,mcar_30,3.0,composite_multiview_v3,0.0251100919220704,0.6626781791774727,0.4490966039937283,0.534446609408502,0.6,0.1277032896210974,0.005,,,True,True,0.165016501650165,0.1538461538461538,0.2307692307692307,False
cleveland,v2_prior_separated,v2,10,be0549617bb8b478de0037a7d30026ad8a37acf124c4f7170c0029656ff8d54f,mcar_30,4.0,composite_multiview_v3,-0.0586345058192269,0.6469850017335782,0.3587144320269448,0.5131767496021645,0.6,0.1761831614760546,0.005,,,True,True,0.1287128712871287,0.2307692307692307,0.2307692307692307,False
cleveland,v2_prior_separated,v2,10,be0549617bb8b478de0037a7d30026ad8a37acf124c4f7170c0029656ff8d54f,mcar_30,5.0,composite_multiview_v3,-0.0495225514389174,0.6307630819024916,0.3802223533894538,0.5035744660005813,0.55,0.1417713042944246,0.005,,,True,True,0.1122112211221122,0.1538461538461538,0.2307692307692307,False
cleveland,v2_prior_separated,v2,10,be0549617bb8b478de0037a7d30026ad8a37acf124c4f7170c0029656ff8d54f,mcar_30,6.0,composite_multiview_v3,-0.0126693675344482,0.6383487993933038,0.4197160840139508,0.507288727593231,0.55,0.1849155681459173,0.005,,,True,True,0.099009900990099,0.1538461538461538,0.2307692307692307,False
cleveland,v2_prior_separated,v2,10,be0549617bb8b478de0037a7d30026ad8a37acf124c4f7170c0029656ff8d54f,mcar_30,7.0,composite_multiview_v3,-0.0490502626569046,0.6755533279893068,0.4135142829056521,0.5184959332812118,0.6,0.1783552620564775,0.005,,,True,True,0.1056105610561056,0.2307692307692307,0.2307692307692307,False
cleveland,v2_prior_separated,v2,10,be0549617bb8b478de0037a7d30026ad8a37acf124c4f7170c0029656ff8d54f,mcar_30,8.0,composite_multiview_v3,-0.0307748695475497,0.6265806571568975,0.3439780161453655,0.4861698656992704,0.5,0.2065589508431856,0.005,,,True,True,0.1254125412541254,0.1538461538461538,0.2307692307692307,False
cleveland,v2_prior_separated,v2,10,be0549617bb8b478de0037a7d30026ad8a37acf124c4f7170c0029656ff8d54f,mcar_30,9.0,composite_multiview_v3,0.0080217962527001,0.6431691268476939,0.4037559934813273,0.5002747868163215,0.5,0.1927272780824654,0.005,,,True,True,0.1155115511551155,0.1538461538461538,0.2307692307692307,False
cleveland,v2_prior_separated,v2,10,be0549617bb8b478de0037a7d30026ad8a37acf124c4f7170c0029656ff8d54f,mcar_50,0.0,composite_multiview_v3,0.0796456144931066,0.6955930092516822,0.5359351223200451,0.5546409485222961,0.6,0.0979467436674742,0.005,,,True,True,0.2376237623762376,0.1538461538461538,0.2307692307692307,False
cleveland,v2_prior_separated,v2,10,be0549617bb8b478de0037a7d30026ad8a37acf124c4f7170c0029656ff8d54f,mcar_50,1.0,composite_multiview_v3,-0.0029011811506125,0.5755370740794813,0.4092978944234327,0.5560197928459978,0.65,0.1320172064715308,0.005,,,True,True,0.2343234323432343,0.1538461538461538,0.2307692307692307,False
cleveland,v2_prior_separated,v2,10,be0549617bb8b478de0037a7d30026ad8a37acf124c4f7170c0029656ff8d54f,mcar_50,2.0,composite_multiview_v3,0.0444258322731111,0.5890651043850962,0.3743142010752925,0.4848464377829717,0.55,0.0931786007799619,0.005,,,True,True,0.264026402640264,0.1538461538461538,0.3076923076923077,False
cleveland,v2_prior_separated,v2,10,be0549617bb8b478de0037a7d30026ad8a37acf124c4f7170c0029656ff8d54f,mcar_50,3.0,composite_multiview_v3,0.0631688735975055,0.592302552927596,0.5328500773203974,0.6073634351936923,0.7,0.0829926108678732,0.005,,,True,True,0.2739273927392739,0.1538461538461538,0.2307692307692307,False
cleveland,v2_prior_separated,v2,10,be0549617bb8b478de0037a7d30026ad8a37acf124c4f7170c0029656ff8d54f,mcar_50,4.0,composite_multiview_v3,0.1376661261261749,0.6816086453102704,0.6284055649195601,0.6122498249368689,0.65,0.0940902842283325,0.005,,,True,True,0.3168316831683168,0.1538461538461538,0.2307692307692307,False
cleveland,v2_prior_separated,v2,10,be0549617bb8b478de0037a7d30026ad8a37acf124c4f7170c0029656ff8d54f,mcar_50,5.0,composite_multiview_v3,0.0338795183184425,0.54826773158127,0.4173211947955103,0.5149449354563637,0.6,0.1429912217975982,0.005,,,True,True,0.2574257425742574,0.1538461538461538,0.2307692307692307,False
cleveland,v2_prior_separated,v2,10,be0549617bb8b478de0037a7d30026ad8a37acf124c4f7170c0029656ff8d54f,mcar_50,6.0,composite_multiview_v3,0.0592799776216708,0.6391258293720319,0.4780143718871916,0.5922891984514003,0.65,0.0849623589245814,0.005,,,True,True,0.2772277227722772,0.1538461538461538,0.2307692307692307,False
cleveland,v2_prior_separated,v2,10,be0549617bb8b478de0037a7d30026ad8a37acf124c4f7170c0029656ff8d54f,mcar_50,7.0,composite_multiview_v3,0.0025004370968681,0.4628008348753012,0.3570532534360972,0.5607868476586337,0.6,0.0891360419598355,0.005,,,True,True,0.2343234323432343,0.1538461538461538,0.2307692307692307,False
cleveland,v2_prior_separated,v2,10,be0549617bb8b478de0037a7d30026ad8a37acf124c4f7170c0029656ff8d54f,mcar_50,8.0,composite_multiview_v3,0.164782716371338,0.69503122561515,0.6747942715803544,0.6654618836511542,0.75,0.0995226875591207,0.005,,,True,True,0.2607260726072607,0.1538461538461538,0.2307692307692307,False
cleveland,v2_prior_separated,v2,10,be0549617bb8b478de0037a7d30026ad8a37acf124c4f7170c0029656ff8d54f,mcar_50,9.0,composite_multiview_v3,0.0612450370617957,0.6035003464772074,0.4367004334889712,0.5424210905287254,0.6,0.1074196403422118,0.005,,,True,True,0.2937293729372937,0.1538461538461538,0.2307692307692307,False
cleveland,v2_prior_separated,v2,10,be0549617bb8b478de0037a7d30026ad8a37acf124c4f7170c0029656ff8d54f,natural,0.0,composite_multiview_v3,-0.1906645399935599,0.7005600009647517,0.2960205366250333,0.4224678982814147,0.45,0.4883834570206383,0.005,,,True,True,0.9933993399339934,0.0,0.0769230769230769,False
cleveland,v5_mask_only_dro,v5_mask,10,be0549617bb8b478de0037a7d30026ad8a37acf124c4f7170c0029656ff8d54f,drop_advanced,0.0,composite_multiview_v3,-0.1783600050078767,0.662940711102204,0.1625901092228257,0.3462801719056492,0.4,0.0659458378807885,0.005,,,True,True,1.0,0.0,0.0,False
cleveland,v5_mask_only_dro,v5_mask,10,be0549617bb8b478de0037a7d30026ad8a37acf124c4f7170c0029656ff8d54f,drop_exercise,0.0,composite_multiview_v3,-0.0704851055685263,0.6810640619789925,0.1718891202071426,0.4248772311633306,0.55,0.4759781554513788,0.005,,,True,True,1.0,0.0,0.0,False
cleveland,v5_mask_only_dro,v5_mask,10,be0549617bb8b478de0037a7d30026ad8a37acf124c4f7170c0029656ff8d54f,drop_routine,0.0,composite_multiview_v3,-0.1125895334835392,0.6345949727041951,0.2547259341607474,0.4588315030609461,0.5,0.4497024206296309,0.005,,,True,True,1.0,0.0,0.0,False
cleveland,v5_mask_only_dro,v5_mask,10,be0549617bb8b478de0037a7d30026ad8a37acf124c4f7170c0029656ff8d54f,empirical_source,0.0,composite_multiview_v3,-0.130657351796138,0.6542189340395267,0.1276788467706386,0.3326077229760119,0.4,0.0201057699172904,0.005,,,False,False,0.976897689768977,0.0,0.0769230769230769,False
cleveland,v5_mask_only_dro,v5_mask,10,be0549617bb8b478de0037a7d30026ad8a37acf124c4f7170c0029656ff8d54f,empirical_source,1.0,composite_multiview_v3,-0.1164283817781427,0.645790044103327,0.1646111939624157,0.345839064022727,0.4,0.0303828485861677,0.005,,,False,False,0.9702970297029704,0.0,0.0769230769230769,False
cleveland,v5_mask_only_dro,v5_mask,10,be0549617bb8b478de0037a7d30026ad8a37acf124c4f7170c0029656ff8d54f,empirical_source,2.0,composite_multiview_v3,-0.1250038499574113,0.6385867800462968,0.1623327934102066,0.3428007889959771,0.4,0.0269856923799301,0.005,,,False,False,0.9504950495049505,0.0,0.0769230769230769,False
cleveland,v5_mask_only_dro,v5_mask,10,be0549617bb8b478de0037a7d30026ad8a37acf124c4f7170c0029656ff8d54f,empirical_source,3.0,composite_multiview_v3,-0.12083658716392,0.6378159906440508,0.1443841451976784,0.3369601954688963,0.4,0.0250540186098595,0.005,,,True,True,0.943894389438944,0.0769230769230769,0.1538461538461538,False
cleveland,v5_mask_only_dro,v5_mask,10,be0549617bb8b478de0037a7d30026ad8a37acf124c4f7170c0029656ff8d54f,empirical_source,4.0,composite_multiview_v3,-0.1151048684227815,0.6289482611101987,0.1256290156577324,0.3294982974770259,0.35,0.0219338272861541,0.005,,,False,False,0.9735973597359736,0.0,0.0769230769230769,False
cleveland,v5_mask_only_dro,v5_mask,10,be0549617bb8b478de0037a7d30026ad8a37acf124c4f7170c0029656ff8d54f,empirical_source,5.0,composite_multiview_v3,-0.1271287292828912,0.6334676920551485,0.1118422001087634,0.3394273281353823,0.4,0.0302060736998846,0.005,,,False,False,0.9603960396039604,0.0,0.0769230769230769,False
cleveland,v5_mask_only_dro,v5_mask,10,be0549617bb8b478de0037a7d30026ad8a37acf124c4f7170c0029656ff8d54f,empirical_source,6.0,composite_multiview_v3,-0.0734711503278066,0.6856311249014658,0.2075459722988747,0.3498253131722239,0.4,0.0247212820232597,0.005,,,False,False,0.9801980198019802,0.0,0.0769230769230769,False
cleveland,v5_mask_only_dro,v5_mask,10,be0549617bb8b478de0037a7d30026ad8a37acf124c4f7170c0029656ff8d54f,empirical_source,7.0,composite_multiview_v3,-0.1125497973050086,0.653002142536951,0.1480068160078742,0.3325309256266682,0.4,0.0271101817629756,0.005,,,True,True,0.9702970297029704,0.0,0.0769230769230769,False
cleveland,v5_mask_only_dro,v5_mask,10,be0549617bb8b478de0037a7d30026ad8a37acf124c4f7170c0029656ff8d54f,empirical_source,8.0,composite_multiview_v3,-0.0883623218640246,0.6759652743165349,0.2199725608152126,0.3544933865923884,0.4,0.0279092149156106,0.005,,,False,False,0.9174917491749176,0.0769230769230769,0.1538461538461538,False
cleveland,v5_mask_only_dro,v5_mask,10,be0549617bb8b478de0037a7d30026ad8a37acf124c4f7170c0029656ff8d54f,empirical_source,9.0,composite_multiview_v3,-0.1152614160757975,0.6644643054691683,0.1634885971432943,0.3250310306903133,0.4,0.0248977793719496,0.005,,,True,True,0.9801980198019802,0.0,0.0769230769230769,False
cleveland,v5_mask_only_dro,v5_mask,10,be0549617bb8b478de0037a7d30026ad8a37acf124c4f7170c0029656ff8d54f,mar_age_sex_30,0.0,composite_multiview_v3,-0.1100161119640735,0.6547819277111159,0.1868194589520586,0.4001595137976456,0.45,0.2346216452851482,0.005,,,True,True,0.165016501650165,0.1538461538461538,0.2307692307692307,False
cleveland,v5_mask_only_dro,v5_mask,10,be0549617bb8b478de0037a7d30026ad8a37acf124c4f7170c0029656ff8d54f,mar_age_sex_30,1.0,composite_multiview_v3,-0.1092850319068441,0.6940172018776822,0.2184025556035181,0.4182990269614007,0.5,0.2063514459027587,0.005,,,True,True,0.1815181518151815,0.1538461538461538,0.2307692307692307,False
cleveland,v5_mask_only_dro,v5_mask,10,be0549617bb8b478de0037a7d30026ad8a37acf124c4f7170c0029656ff8d54f,mar_age_sex_30,2.0,composite_multiview_v3,-0.1243527874416703,0.6773269262214907,0.2040036085562681,0.4121536592735842,0.45,0.209394352035277,0.005,,,True,True,0.2343234323432343,0.1538461538461538,0.2307692307692307,False
cleveland,v5_mask_only_dro,v5_mask,10,be0549617bb8b478de0037a7d30026ad8a37acf124c4f7170c0029656ff8d54f,mar_age_sex_30,3.0,composite_multiview_v3,-0.1150403443219432,0.690318485105743,0.2032019459986513,0.4024468074512186,0.45,0.2092709964751746,0.005,,,True,True,0.1551155115511551,0.1538461538461538,0.2307692307692307,False
cleveland,v5_mask_only_dro,v5_mask,10,be0549617bb8b478de0037a7d30026ad8a37acf124c4f7170c0029656ff8d54f,mar_age_sex_30,4.0,composite_multiview_v3,-0.075890198475624,0.6719438248944442,0.2376689552898619,0.4147201092472753,0.45,0.1660548844252304,0.005,,,True,True,0.1914191419141914,0.1538461538461538,0.2307692307692307,False
cleveland,v5_mask_only_dro,v5_mask,10,be0549617bb8b478de0037a7d30026ad8a37acf124c4f7170c0029656ff8d54f,mar_age_sex_30,5.0,composite_multiview_v3,-0.1095698433208896,0.5933097239960926,0.1426716239015133,0.4035952724450367,0.5,0.2021807255510526,0.005,,,True,True,0.1584158415841584,0.1538461538461538,0.2307692307692307,False
cleveland,v5_mask_only_dro,v5_mask,10,be0549617bb8b478de0037a7d30026ad8a37acf124c4f7170c0029656ff8d54f,mar_age_sex_30,6.0,composite_multiview_v3,-0.0963866980124464,0.6666719178225011,0.207656530807519,0.3984149316539372,0.45,0.1602232333110161,0.005,,,True,True,0.2145214521452145,0.1538461538461538,0.2307692307692307,False
cleveland,v5_mask_only_dro,v5_mask,10,be0549617bb8b478de0037a7d30026ad8a37acf124c4f7170c0029656ff8d54f,mar_age_sex_30,7.0,composite_multiview_v3,-0.1045464950682202,0.6862558239202958,0.1786252263923406,0.4012904769161997,0.45,0.2404403225802959,0.005,,,True,True,0.1452145214521452,0.1538461538461538,0.2307692307692307,False
cleveland,v5_mask_only_dro,v5_mask,10,be0549617bb8b478de0037a7d30026ad8a37acf124c4f7170c0029656ff8d54f,mar_age_sex_30,8.0,composite_multiview_v3,-0.1110601518265691,0.6891659504324352,0.2125081257411315,0.4079220610795924,0.4,0.1816900117551876,0.005,,,True,True,0.1881188118811881,0.1538461538461538,0.2307692307692307,False
cleveland,v5_mask_only_dro,v5_mask,10,be0549617bb8b478de0037a7d30026ad8a37acf124c4f7170c0029656ff8d54f,mar_age_sex_30,9.0,composite_multiview_v3,-0.126498787088102,0.6996011103693767,0.2122529843866138,0.4104392932854209,0.45,0.1902198559880983,0.005,,,True,True,0.1782178217821782,0.1538461538461538,0.2307692307692307,False
cleveland,v5_mask_only_dro,v5_mask,10,be0549617bb8b478de0037a7d30026ad8a37acf124c4f7170c0029656ff8d54f,mcar_10,0.0,composite_multiview_v3,-0.1958453084513236,0.6187002981312477,0.0819408607159604,0.3710632242994665,0.45,0.2752366261330544,0.005,,,True,True,0.1386138613861386,0.1538461538461538,0.2307692307692307,False
cleveland,v5_mask_only_dro,v5_mask,10,be0549617bb8b478de0037a7d30026ad8a37acf124c4f7170c0029656ff8d54f,mcar_10,1.0,composite_multiview_v3,-0.1645786109311592,0.6880025906118389,0.1518775505347073,0.3720459307769743,0.45,0.2885361647214178,0.005,,,True,True,0.3531353135313531,0.1538461538461538,0.2307692307692307,False
cleveland,v5_mask_only_dro,v5_mask,10,be0549617bb8b478de0037a7d30026ad8a37acf124c4f7170c0029656ff8d54f,mcar_10,2.0,composite_multiview_v3,-0.1325731463839022,0.5959477505857228,0.1377354559058032,0.392119931967371,0.55,0.3009469046344595,0.005,,,True,True,0.3597359735973597,0.1538461538461538,0.2307692307692307,False
cleveland,v5_mask_only_dro,v5_mask,10,be0549617bb8b478de0037a7d30026ad8a37acf124c4f7170c0029656ff8d54f,mcar_10,3.0,composite_multiview_v3,-0.1581499188472041,0.6389473951320168,0.1368183267332261,0.3823245439927502,0.45,0.2931161420296352,0.005,,,True,True,0.1089108910891089,0.1538461538461538,0.2307692307692307,False
cleveland,v5_mask_only_dro,v5_mask,10,be0549617bb8b478de0037a7d30026ad8a37acf124c4f7170c0029656ff8d54f,mcar_10,4.0,composite_multiview_v3,-0.1691741561786962,0.6511524969905758,0.1121199748931771,0.3743196224800978,0.45,0.3107272248764597,0.005,,,True,True,0.0759075907590759,0.1538461538461538,0.2307692307692307,False
cleveland,v5_mask_only_dro,v5_mask,10,be0549617bb8b478de0037a7d30026ad8a37acf124c4f7170c0029656ff8d54f,mcar_10,5.0,composite_multiview_v3,-0.1480558186592006,0.7494168852748387,0.1983075447795143,0.3680592275941589,0.45,0.2979919138865066,0.005,,,True,True,0.3102310231023102,0.1538461538461538,0.2307692307692307,False
cleveland,v5_mask_only_dro,v5_mask,10,be0549617bb8b478de0037a7d30026ad8a37acf124c4f7170c0029656ff8d54f,mcar_10,6.0,composite_multiview_v3,-0.1425041346843779,0.6197356194790341,0.1337591972412475,0.3770578498697154,0.45,0.2671410820024227,0.005,,,True,True,0.3762376237623762,0.1538461538461538,0.2307692307692307,False
cleveland,v5_mask_only_dro,v5_mask,10,be0549617bb8b478de0037a7d30026ad8a37acf124c4f7170c0029656ff8d54f,mcar_10,7.0,composite_multiview_v3,-0.1469530744493243,0.6546531258276509,0.1606871218531884,0.3902886246371354,0.5,0.2275053309796504,0.005,,,True,True,0.3762376237623762,0.1538461538461538,0.2307692307692307,False
cleveland,v5_mask_only_dro,v5_mask,10,be0549617bb8b478de0037a7d30026ad8a37acf124c4f7170c0029656ff8d54f,mcar_10,8.0,composite_multiview_v3,-0.1810365868068217,0.6618496648518886,0.1118755685070137,0.3602541601387997,0.4,0.2426107601797278,0.005,,,True,True,0.0825082508250825,0.1538461538461538,0.2307692307692307,False
cleveland,v5_mask_only_dro,v5_mask,10,be0549617bb8b478de0037a7d30026ad8a37acf124c4f7170c0029656ff8d54f,mcar_10,9.0,composite_multiview_v3,-0.1713628257271593,0.6382935531446168,0.1033890592894639,0.3651019705725719,0.4,0.256776453785684,0.005,,,True,True,0.3663366336633663,0.1538461538461538,0.2307692307692307,False
cleveland,v5_mask_only_dro,v5_mask,10,be0549617bb8b478de0037a7d30026ad8a37acf124c4f7170c0029656ff8d54f,mcar_30,0.0,composite_multiview_v3,-0.088033901812217,0.5786007717979218,0.0262919711118576,0.3382369339053012,0.45,0.1708174982137441,0.005,,,True,True,0.1584158415841584,0.1538461538461538,0.2307692307692307,False
cleveland,v5_mask_only_dro,v5_mask,10,be0549617bb8b478de0037a7d30026ad8a37acf124c4f7170c0029656ff8d54f,mcar_30,1.0,composite_multiview_v3,-0.0945714913352878,0.6790081049567502,0.1625280787593115,0.3563574210128218,0.4,0.1803890859094389,0.005,,,True,True,0.1089108910891089,0.2307692307692307,0.2307692307692307,False
cleveland,v5_mask_only_dro,v5_mask,10,be0549617bb8b478de0037a7d30026ad8a37acf124c4f7170c0029656ff8d54f,mcar_30,2.0,composite_multiview_v3,-0.0754937639226586,0.6155363736871129,0.1456843215936983,0.4100855131412694,0.5,0.180116939944741,0.005,,,True,True,0.1155115511551155,0.2307692307692307,0.2307692307692307,False
cleveland,v5_mask_only_dro,v5_mask,10,be0549617bb8b478de0037a7d30026ad8a37acf124c4f7170c0029656ff8d54f,mcar_30,3.0,composite_multiview_v3,-0.0179584747795069,0.641633743641486,0.2274458530110626,0.4047876932829304,0.5,0.1317103810281445,0.005,,,True,True,0.165016501650165,0.1538461538461538,0.2307692307692307,False
cleveland,v5_mask_only_dro,v5_mask,10,be0549617bb8b478de0037a7d30026ad8a37acf124c4f7170c0029656ff8d54f,mcar_30,4.0,composite_multiview_v3,-0.0825284696604323,0.623770666149025,0.1386850976627732,0.3953809718694244,0.5,0.1809977368276855,0.005,,,True,True,0.1287128712871287,0.2307692307692307,0.2307692307692307,False
cleveland,v5_mask_only_dro,v5_mask,10,be0549617bb8b478de0037a7d30026ad8a37acf124c4f7170c0029656ff8d54f,mcar_30,5.0,composite_multiview_v3,-0.0888223022221887,0.6518047559071558,0.1234932982117128,0.3410895582866803,0.4,0.1451267564585789,0.005,,,True,True,0.1122112211221122,0.1538461538461538,0.2307692307692307,False
cleveland,v5_mask_only_dro,v5_mask,10,be0549617bb8b478de0037a7d30026ad8a37acf124c4f7170c0029656ff8d54f,mcar_30,6.0,composite_multiview_v3,-0.0498450241256132,0.652264041296702,0.2019856572094795,0.373161733914981,0.45,0.1903722677336104,0.005,,,True,True,0.099009900990099,0.1538461538461538,0.2307692307692307,False
cleveland,v5_mask_only_dro,v5_mask,10,be0549617bb8b478de0037a7d30026ad8a37acf124c4f7170c0029656ff8d54f,mcar_30,7.0,composite_multiview_v3,-0.0978527080271478,0.659104967866103,0.1823797922426031,0.4032559850364832,0.5,0.1850543535208333,0.005,,,True,True,0.1056105610561056,0.2307692307692307,0.2307692307692307,False
cleveland,v5_mask_only_dro,v5_mask,10,be0549617bb8b478de0037a7d30026ad8a37acf124c4f7170c0029656ff8d54f,mcar_30,8.0,composite_multiview_v3,-0.0660276942374501,0.5745690029256533,0.0929114796977351,0.3701749604280555,0.4,0.2126073086456949,0.005,,,True,True,0.1254125412541254,0.1538461538461538,0.2307692307692307,False
cleveland,v5_mask_only_dro,v5_mask,10,be0549617bb8b478de0037a7d30026ad8a37acf124c4f7170c0029656ff8d54f,mcar_30,9.0,composite_multiview_v3,-0.0300259758733077,0.6588876374675678,0.2367664885757429,0.390356464356872,0.45,0.1962682755257044,0.005,,,True,True,0.1155115511551155,0.1538461538461538,0.2307692307692307,False
cleveland,v5_mask_only_dro,v5_mask,10,be0549617bb8b478de0037a7d30026ad8a37acf124c4f7170c0029656ff8d54f,mcar_50,0.0,composite_multiview_v3,0.0372706700545477,0.6992580237549456,0.2442988798755029,0.3544956796670052,0.45,0.101772799756228,0.005,,,True,True,0.2376237623762376,0.1538461538461538,0.2307692307692307,False
cleveland,v5_mask_only_dro,v5_mask,10,be0549617bb8b478de0037a7d30026ad8a37acf124c4f7170c0029656ff8d54f,mcar_50,1.0,composite_multiview_v3,-0.0425777057247435,0.5310233128193171,0.0100005188026695,0.3029834823144866,0.4,0.137582647312651,0.005,,,True,True,0.2343234323432343,0.1538461538461538,0.2307692307692307,False
cleveland,v5_mask_only_dro,v5_mask,10,be0549617bb8b478de0037a7d30026ad8a37acf124c4f7170c0029656ff8d54f,mcar_50,2.0,composite_multiview_v3,-0.0163310468312207,0.632243700723631,0.0318860277632959,0.2330862791305878,0.25,0.098493494706421,0.005,,,True,True,0.264026402640264,0.1538461538461538,0.3076923076923077,False
cleveland,v5_mask_only_dro,v5_mask,10,be0549617bb8b478de0037a7d30026ad8a37acf124c4f7170c0029656ff8d54f,mcar_50,3.0,composite_multiview_v3,0.0482975824251347,0.6300914877640984,0.2905877230480865,0.4173607178001858,0.55,0.0889415551715869,0.005,,,True,True,0.2739273927392739,0.1538461538461538,0.2307692307692307,False
cleveland,v5_mask_only_dro,v5_mask,10,be0549617bb8b478de0037a7d30026ad8a37acf124c4f7170c0029656ff8d54f,mcar_50,4.0,composite_multiview_v3,0.0534303791874558,0.6377493635077303,0.3146440791768203,0.3976949721527734,0.45,0.0971992102025314,0.005,,,True,True,0.3168316831683168,0.1538461538461538,0.2307692307692307,False
cleveland,v5_mask_only_dro,v5_mask,10,be0549617bb8b478de0037a7d30026ad8a37acf124c4f7170c0029656ff8d54f,mcar_50,5.0,composite_multiview_v3,-0.0178764029035842,0.5514055347411403,0.0591589922227793,0.2612629954742897,0.35,0.1489399786683283,0.005,,,True,True,0.2574257425742574,0.1538461538461538,0.2307692307692307,False
cleveland,v5_mask_only_dro,v5_mask,10,be0549617bb8b478de0037a7d30026ad8a37acf124c4f7170c0029656ff8d54f,mcar_50,6.0,composite_multiview_v3,0.0161269012760705,0.6424357980836125,0.2111694309079922,0.3885339821117666,0.45,0.087249956784018,0.005,,,True,True,0.2772277227722772,0.1538461538461538,0.2307692307692307,False
cleveland,v5_mask_only_dro,v5_mask,10,be0549617bb8b478de0037a7d30026ad8a37acf124c4f7170c0029656ff8d54f,mcar_50,7.0,composite_multiview_v3,-0.0395033182897821,0.5129682360187426,0.0100005188026695,0.3228367213151319,0.4,0.0918980733688582,0.005,,,True,True,0.2343234323432343,0.1538461538461538,0.2307692307692307,False
cleveland,v5_mask_only_dro,v5_mask,10,be0549617bb8b478de0037a7d30026ad8a37acf124c4f7170c0029656ff8d54f,mcar_50,8.0,composite_multiview_v3,0.074951990345633,0.6732989694381618,0.3028248004880503,0.4069105693253081,0.55,0.1045009512390194,0.005,,,True,True,0.2607260726072607,0.1538461538461538,0.2307692307692307,False
cleveland,v5_mask_only_dro,v5_mask,10,be0549617bb8b478de0037a7d30026ad8a37acf124c4f7170c0029656ff8d54f,mcar_50,9.0,composite_multiview_v3,0.0173897566744602,0.5915426609442397,0.1077669502695631,0.3045313808015681,0.35,0.1097808748106025,0.005,,,True,True,0.2937293729372937,0.1538461538461538,0.2307692307692307,False
cleveland,v5_mask_only_dro,v5_mask,10,be0549617bb8b478de0037a7d30026ad8a37acf124c4f7170c0029656ff8d54f,natural,0.0,composite_multiview_v3,-0.1893824399659193,0.6616739752588239,0.1416144991001391,0.3802394465102032,0.45,0.4954003167129848,0.005,,,True,True,0.9933993399339934,0.0,0.0769230769230769,False
hungary,v2_prior_separated,v2,5,be0549617bb8b478de0037a7d30026ad8a37acf124c4f7170c0029656ff8d54f,drop_advanced,0.0,composite_multiview_v3,-0.1038839680148561,0.7325867973692979,0.1123862121030432,0.180244505458499,0.15,0.0609535982498959,0.005,,,True,True,0.9931972789115646,0.0,0.1538461538461538,False
hungary,v2_prior_separated,v2,5,be0549617bb8b478de0037a7d30026ad8a37acf124c4f7170c0029656ff8d54f,drop_exercise,0.0,composite_multiview_v3,-0.0432430569136776,0.5879428511041673,0.0100005188026695,0.01,0.25,0.1120475820265117,0.005,,,True,True,0.9897959183673468,0.0,0.0769230769230769,False
hungary,v2_prior_separated,v2,5,be0549617bb8b478de0037a7d30026ad8a37acf124c4f7170c0029656ff8d54f,drop_routine,0.0,composite_multiview_v3,-0.2929413608940043,0.7104378979811528,0.0745240485247504,0.2122439772590244,0.5,0.2010528488754798,0.005,,,True,True,0.9965986394557824,0.0,0.1538461538461538,False
hungary,v2_prior_separated,v2,5,be0549617bb8b478de0037a7d30026ad8a37acf124c4f7170c0029656ff8d54f,empirical_source,0.0,composite_multiview_v3,-0.1355260408106186,0.7237130559612849,0.0660464680854159,0.145390177872562,0.2,0.0649143874321766,0.005,,,True,True,0.9591836734693876,0.0,0.0769230769230769,False
hungary,v2_prior_separated,v2,5,be0549617bb8b478de0037a7d30026ad8a37acf124c4f7170c0029656ff8d54f,empirical_source,1.0,composite_multiview_v3,-0.1291182860461875,0.6860586871058229,0.0427295828070107,0.1484735284403582,0.25,0.0636205252611644,0.005,,,True,True,0.9829931972789115,0.0,0.1538461538461538,False
hungary,v2_prior_separated,v2,5,be0549617bb8b478de0037a7d30026ad8a37acf124c4f7170c0029656ff8d54f,empirical_source,2.0,composite_multiview_v3,-0.1388308572742458,0.7044241351004182,0.084608788078143,0.173623488358119,0.2,0.0676653542402314,0.005,,,True,True,0.9863945578231292,0.0,0.1538461538461538,False
hungary,v2_prior_separated,v2,5,be0549617bb8b478de0037a7d30026ad8a37acf124c4f7170c0029656ff8d54f,empirical_source,3.0,composite_multiview_v3,-0.1196793795799222,0.6744315359519644,0.042038222967894,0.1387589830224705,0.15,0.0577953709283412,0.005,,,True,True,0.979591836734694,0.0,0.1538461538461538,False
hungary,v2_prior_separated,v2,5,be0549617bb8b478de0037a7d30026ad8a37acf124c4f7170c0029656ff8d54f,empirical_source,4.0,composite_multiview_v3,-0.1132551674943449,0.7149754267264029,0.0701710211578934,0.1420424939200142,0.2,0.0643898407196918,0.005,,,True,True,0.979591836734694,0.0,0.0769230769230769,False
hungary,v2_prior_separated,v2,5,be0549617bb8b478de0037a7d30026ad8a37acf124c4f7170c0029656ff8d54f,empirical_source,5.0,composite_multiview_v3,-0.1050894876121371,0.7839240699316677,0.1212924594239772,0.1637921166329575,0.25,0.0640238049579091,0.005,,,True,True,0.9829931972789115,0.0,0.0769230769230769,False
hungary,v2_prior_separated,v2,5,be0549617bb8b478de0037a7d30026ad8a37acf124c4f7170c0029656ff8d54f,empirical_source,6.0,composite_multiview_v3,-0.1309778752957566,0.6833253517775655,0.0505994521766169,0.1459761913500484,0.2,0.0718267641547999,0.005,,,True,True,0.979591836734694,0.0,0.0769230769230769,False
hungary,v2_prior_separated,v2,5,be0549617bb8b478de0037a7d30026ad8a37acf124c4f7170c0029656ff8d54f,empirical_source,7.0,composite_multiview_v3,-0.1103267230263839,0.7377913446977596,0.1105409260285633,0.1570731988228454,0.2,0.0666156174868698,0.005,,,True,True,0.9863945578231292,0.0,0.1538461538461538,False
hungary,v2_prior_separated,v2,5,be0549617bb8b478de0037a7d30026ad8a37acf124c4f7170c0029656ff8d54f,empirical_source,8.0,composite_multiview_v3,-0.1239867774213166,0.7331709493322229,0.0844858580560449,0.1507359310647912,0.2,0.0591183629758159,0.005,,,True,True,0.9727891156462584,0.0,0.1538461538461538,False
hungary,v2_prior_separated,v2,5,be0549617bb8b478de0037a7d30026ad8a37acf124c4f7170c0029656ff8d54f,empirical_source,9.0,composite_multiview_v3,-0.1166172100005245,0.7101876821980931,0.0890490953843,0.144072579889024,0.2,0.0717328448601018,0.005,,,True,True,0.9727891156462584,0.0,0.1538461538461538,False
hungary,v2_prior_separated,v2,5,be0549617bb8b478de0037a7d30026ad8a37acf124c4f7170c0029656ff8d54f,mar_age_sex_30,0.0,composite_multiview_v3,-0.1477232751582102,0.6878592273845608,0.0122714889524342,0.1316524077613838,0.2,0.058328686587732,0.005,,,True,True,0.5204081632653061,0.0769230769230769,0.0769230769230769,False
hungary,v2_prior_separated,v2,5,be0549617bb8b478de0037a7d30026ad8a37acf124c4f7170c0029656ff8d54f,mar_age_sex_30,1.0,composite_multiview_v3,-0.1506459921375329,0.7167588565461903,0.0449000076729366,0.1463648158935658,0.15,0.051493821786854,0.005,,,True,True,0.7142857142857143,0.0769230769230769,0.0769230769230769,False
hungary,v2_prior_separated,v2,5,be0549617bb8b478de0037a7d30026ad8a37acf124c4f7170c0029656ff8d54f,mar_age_sex_30,2.0,composite_multiview_v3,-0.1147868270685425,0.6971525742383031,0.046530618540032,0.1368506558788877,0.2,0.0515503778875939,0.005,,,True,True,0.7210884353741497,0.0769230769230769,0.0769230769230769,False
hungary,v2_prior_separated,v2,5,be0549617bb8b478de0037a7d30026ad8a37acf124c4f7170c0029656ff8d54f,mar_age_sex_30,3.0,composite_multiview_v3,-0.1440349791167476,0.8473843216500476,0.1273948226982818,0.1602373504692482,0.25,0.0608665841920047,0.005,,,True,True,0.5612244897959183,0.0769230769230769,0.0769230769230769,False
hungary,v2_prior_separated,v2,5,be0549617bb8b478de0037a7d30026ad8a37acf124c4f7170c0029656ff8d54f,mar_age_sex_30,4.0,composite_multiview_v3,-0.1274754480489098,0.6676088154887402,0.0335909827680674,0.1631139888430524,0.25,0.0509171235779465,0.005,,,True,True,0.6666666666666666,0.0769230769230769,0.0769230769230769,False
hungary,v2_prior_separated,v2,5,be0549617bb8b478de0037a7d30026ad8a37acf124c4f7170c0029656ff8d54f,mar_age_sex_30,5.0,composite_multiview_v3,-0.1356621113062115,0.6111092598928903,0.0100005188026695,0.1062516897769794,0.2,0.0548798641087494,0.005,,,True,True,0.6666666666666666,0.0769230769230769,0.1538461538461538,False
hungary,v2_prior_separated,v2,5,be0549617bb8b478de0037a7d30026ad8a37acf124c4f7170c0029656ff8d54f,mar_age_sex_30,6.0,composite_multiview_v3,-0.1496169642802303,0.5899942896987568,0.0100005188026695,0.1096660437201618,0.15,0.0623179247234828,0.005,,,True,True,0.7006802721088435,0.0769230769230769,0.1538461538461538,False
hungary,v2_prior_separated,v2,5,be0549617bb8b478de0037a7d30026ad8a37acf124c4f7170c0029656ff8d54f,mar_age_sex_30,7.0,composite_multiview_v3,-0.1400988856795009,0.8329611220017,0.1281179518986094,0.1519038235404605,0.2,0.0587298857059576,0.005,,,True,True,0.7142857142857143,0.0769230769230769,0.0769230769230769,False
hungary,v2_prior_separated,v2,5,be0549617bb8b478de0037a7d30026ad8a37acf124c4f7170c0029656ff8d54f,mar_age_sex_30,8.0,composite_multiview_v3,-0.1296114083890785,0.6661392317103949,0.018139858225917,0.142899941652982,0.2,0.054872413175193,0.005,,,True,True,0.7517006802721088,0.0769230769230769,0.0769230769230769,False
hungary,v2_prior_separated,v2,5,be0549617bb8b478de0037a7d30026ad8a37acf124c4f7170c0029656ff8d54f,mar_age_sex_30,9.0,composite_multiview_v3,-0.1552092029429843,0.6938383857585259,0.0350148247091817,0.1378214322010164,0.2,0.0551425500950498,0.005,,,True,True,0.6972789115646258,0.0769230769230769,0.0769230769230769,False
hungary,v2_prior_separated,v2,5,be0549617bb8b478de0037a7d30026ad8a37acf124c4f7170c0029656ff8d54f,mcar_10,0.0,composite_multiview_v3,-0.1342032245905875,0.681029682132889,0.0209913067904466,0.1142339185117039,0.25,0.0529182279610248,0.005,,,True,True,0.7006802721088435,0.0769230769230769,0.1538461538461538,False
hungary,v2_prior_separated,v2,5,be0549617bb8b478de0037a7d30026ad8a37acf124c4f7170c0029656ff8d54f,mcar_10,1.0,composite_multiview_v3,-0.1129163674246246,0.6868521393334421,0.0623385268470934,0.1342038322200848,0.25,0.0516204228439528,0.005,,,True,True,0.6938775510204082,0.0769230769230769,0.1538461538461538,False
hungary,v2_prior_separated,v2,5,be0549617bb8b478de0037a7d30026ad8a37acf124c4f7170c0029656ff8d54f,mcar_10,2.0,composite_multiview_v3,-0.1155747460801794,0.7394763478717697,0.0760944488604278,0.140386010333716,0.3,0.0576475560426268,0.005,,,True,True,0.7006802721088435,0.0769230769230769,0.1538461538461538,False
hungary,v2_prior_separated,v2,5,be0549617bb8b478de0037a7d30026ad8a37acf124c4f7170c0029656ff8d54f,mcar_10,3.0,composite_multiview_v3,-0.1095586762010212,0.7320939238188626,0.0922472402671614,0.1408375075532507,0.35,0.0684329214152201,0.005,,,True,True,0.6224489795918368,0.0769230769230769,0.1538461538461538,False
hungary,v2_prior_separated,v2,5,be0549617bb8b478de0037a7d30026ad8a37acf124c4f7170c0029656ff8d54f,mcar_10,4.0,composite_multiview_v3,-0.1461881911356049,0.7077601331010916,0.067180881843555,0.1709000803234051,0.25,0.0493758678218007,0.005,,,True,True,0.7006802721088435,0.1538461538461538,0.1538461538461538,False
hungary,v2_prior_separated,v2,5,be0549617bb8b478de0037a7d30026ad8a37acf124c4f7170c0029656ff8d54f,mcar_10,5.0,composite_multiview_v3,-0.1472782540988618,0.7195959262719395,0.0375061488687333,0.1267103673962144,0.25,0.0573776217662543,0.005,,,True,True,0.7278911564625851,0.0769230769230769,0.1538461538461538,False
hungary,v2_prior_separated,v2,5,be0549617bb8b478de0037a7d30026ad8a37acf124c4f7170c0029656ff8d54f,mcar_10,6.0,composite_multiview_v3,-0.1002107279029911,0.7964988877740264,0.1316654399837373,0.14096322906658,0.4,0.0650643991482148,0.005,,,True,True,0.6904761904761905,0.0769230769230769,0.1538461538461538,False
hungary,v2_prior_separated,v2,5,be0549617bb8b478de0037a7d30026ad8a37acf124c4f7170c0029656ff8d54f,mcar_10,7.0,composite_multiview_v3,-0.1341749005175641,0.7170253137721829,0.0498879652151038,0.1106362070268773,0.25,0.055461179134949,0.005,,,True,True,0.7142857142857143,0.0769230769230769,0.1538461538461538,False
hungary,v2_prior_separated,v2,5,be0549617bb8b478de0037a7d30026ad8a37acf124c4f7170c0029656ff8d54f,mcar_10,8.0,composite_multiview_v3,-0.1489501811376958,0.7392315017698894,0.061171570409927,0.1383116534311729,0.3,0.0564458483188583,0.005,,,True,True,0.6904761904761905,0.0769230769230769,0.1538461538461538,False
hungary,v2_prior_separated,v2,5,be0549617bb8b478de0037a7d30026ad8a37acf124c4f7170c0029656ff8d54f,mcar_10,9.0,composite_multiview_v3,-0.131553376675502,0.6293796434722181,0.0100005188026695,0.1397281691901183,0.25,0.050276301872468,0.005,,,True,True,0.7210884353741497,0.0769230769230769,0.1538461538461538,False
hungary,v2_prior_separated,v2,5,be0549617bb8b478de0037a7d30026ad8a37acf124c4f7170c0029656ff8d54f,mcar_30,0.0,composite_multiview_v3,-0.0684054116489212,0.6842052110612533,0.0100005188026695,0.0804881737888028,0.2,0.0266398442582378,0.005,,,True,True,0.4217687074829932,0.1538461538461538,0.2307692307692307,False
hungary,v2_prior_separated,v2,5,be0549617bb8b478de0037a7d30026ad8a37acf124c4f7170c0029656ff8d54f,mcar_30,1.0,composite_multiview_v3,-0.0902430457346558,0.5856466599495438,0.0100005188026695,0.0902890394097436,0.2,0.0301888867920767,0.005,,,True,True,0.4047619047619047,0.1538461538461538,0.1538461538461538,False
hungary,v2_prior_separated,v2,5,be0549617bb8b478de0037a7d30026ad8a37acf124c4f7170c0029656ff8d54f,mcar_30,2.0,composite_multiview_v3,-0.0726841035363971,0.6055574082222621,0.0100005188026695,0.0980820177106701,0.15,0.0322873113764852,0.005,,,True,True,0.4081632653061224,0.1538461538461538,0.1538461538461538,False
hungary,v2_prior_separated,v2,5,be0549617bb8b478de0037a7d30026ad8a37acf124c4f7170c0029656ff8d54f,mcar_30,3.0,composite_multiview_v3,-0.0465637651147353,0.7463489306613262,0.0822450641465271,0.1658302274333828,0.3,0.0352934923897358,0.005,,,True,True,0.3333333333333333,0.1538461538461538,0.1538461538461538,False
hungary,v2_prior_separated,v2,5,be0549617bb8b478de0037a7d30026ad8a37acf124c4f7170c0029656ff8d54f,mcar_30,4.0,composite_multiview_v3,-0.0444497472619584,0.6303126732746753,0.0100005188026695,0.054831118400162,0.25,0.0308573972946594,0.005,,,True,True,0.4047619047619047,0.1538461538461538,0.1538461538461538,False
hungary,v2_prior_separated,v2,5,be0549617bb8b478de0037a7d30026ad8a37acf124c4f7170c0029656ff8d54f,mcar_30,5.0,composite_multiview_v3,-0.0857579417817273,0.5928790858271333,0.0100005188026695,0.1075593615956051,0.3,0.041802308809809,0.005,,,True,True,0.3979591836734694,0.1538461538461538,0.1538461538461538,False
hungary,v2_prior_separated,v2,5,be0549617bb8b478de0037a7d30026ad8a37acf124c4f7170c0029656ff8d54f,mcar_30,6.0,composite_multiview_v3,-0.1106901098504744,0.5390536936488491,0.0100005188026695,0.110344631660942,0.25,0.0283936083341724,0.005,,,True,True,0.3435374149659864,0.1538461538461538,0.1538461538461538,False
hungary,v2_prior_separated,v2,5,be0549617bb8b478de0037a7d30026ad8a37acf124c4f7170c0029656ff8d54f,mcar_30,7.0,composite_multiview_v3,-0.0979928796645036,0.7000013510269927,0.0100005188026695,0.1040061819486,0.3,0.0315907024112401,0.005,,,True,True,0.3979591836734694,0.1538461538461538,0.1538461538461538,False
hungary,v2_prior_separated,v2,5,be0549617bb8b478de0037a7d30026ad8a37acf124c4f7170c0029656ff8d54f,mcar_30,8.0,composite_multiview_v3,-0.0335984661109254,0.8340882973569816,0.133786285117831,0.1864818416671631,0.3,0.0313389118976256,0.005,,,True,True,0.4081632653061224,0.1538461538461538,0.1538461538461538,False
hungary,v2_prior_separated,v2,5,be0549617bb8b478de0037a7d30026ad8a37acf124c4f7170c0029656ff8d54f,mcar_30,9.0,composite_multiview_v3,-0.068132897490387,0.545304795180825,0.0100005188026695,0.0628435974244562,0.25,0.0386088022424465,0.005,,,True,True,0.4047619047619047,0.1538461538461538,0.1538461538461538,False
hungary,v2_prior_separated,v2,5,be0549617bb8b478de0037a7d30026ad8a37acf124c4f7170c0029656ff8d54f,mcar_50,0.0,composite_multiview_v3,0.0167061294935754,0.7230348932527829,0.0702464911445084,0.14969238718727,0.25,0.0248841556626012,0.005,,,True,True,0.4931972789115646,0.0769230769230769,0.1538461538461538,False
hungary,v2_prior_separated,v2,5,be0549617bb8b478de0037a7d30026ad8a37acf124c4f7170c0029656ff8d54f,mcar_50,1.0,composite_multiview_v3,-0.0488229180200514,0.4880573797405213,0.0100005188026695,0.0507556765688283,0.2,0.0192392365500956,0.005,,,True,True,0.5102040816326531,0.0769230769230769,0.1538461538461538,False
hungary,v2_prior_separated,v2,5,be0549617bb8b478de0037a7d30026ad8a37acf124c4f7170c0029656ff8d54f,mcar_50,2.0,composite_multiview_v3,-0.0578830864868436,0.6343541490966228,0.0100005188026695,0.0917006251432958,0.2,0.0202670446161467,0.005,,,True,True,0.5068027210884354,0.1538461538461538,0.1538461538461538,False
hungary,v2_prior_separated,v2,5,be0549617bb8b478de0037a7d30026ad8a37acf124c4f7170c0029656ff8d54f,mcar_50,3.0,composite_multiview_v3,-0.0077717038800755,0.5698396252034593,0.0108912263378909,0.1412454683647507,0.2,0.0234803058689173,0.005,,,True,True,0.4931972789115646,0.0769230769230769,0.1538461538461538,False
hungary,v2_prior_separated,v2,5,be0549617bb8b478de0037a7d30026ad8a37acf124c4f7170c0029656ff8d54f,mcar_50,4.0,composite_multiview_v3,-0.0059446895039998,0.5889391612589175,0.0100005188026695,0.1159822040091376,0.25,0.0261423132123783,0.005,,,True,True,0.4489795918367347,0.0769230769230769,0.1538461538461538,False
hungary,v2_prior_separated,v2,5,be0549617bb8b478de0037a7d30026ad8a37acf124c4f7170c0029656ff8d54f,mcar_50,5.0,composite_multiview_v3,-0.024856911984405,0.7145161644140283,0.0248071148293458,0.1669342365876906,0.3,0.024348647898007,0.005,,,True,True,0.4693877551020408,0.0769230769230769,0.1538461538461538,False
hungary,v2_prior_separated,v2,5,be0549617bb8b478de0037a7d30026ad8a37acf124c4f7170c0029656ff8d54f,mcar_50,6.0,composite_multiview_v3,-0.0096051629528436,0.6629929576655504,0.0100005188026695,0.1492220844194662,0.25,0.018674435682785,0.005,,,True,True,0.5068027210884354,0.0769230769230769,0.1538461538461538,False
hungary,v2_prior_separated,v2,5,be0549617bb8b478de0037a7d30026ad8a37acf124c4f7170c0029656ff8d54f,mcar_50,7.0,composite_multiview_v3,0.0531059568348517,0.7867997253819689,0.089239120996034,0.06685089869623,0.2,0.0208501008922454,0.005,,,True,True,0.4863945578231292,0.0769230769230769,0.1538461538461538,False
hungary,v2_prior_separated,v2,5,be0549617bb8b478de0037a7d30026ad8a37acf124c4f7170c0029656ff8d54f,mcar_50,8.0,composite_multiview_v3,-0.0754375890917532,0.5892890178593035,0.0100005188026695,0.0446386408766312,0.1,0.0192759101053539,0.005,,,True,True,0.4863945578231292,0.0769230769230769,0.1538461538461538,False
hungary,v2_prior_separated,v2,5,be0549617bb8b478de0037a7d30026ad8a37acf124c4f7170c0029656ff8d54f,mcar_50,9.0,composite_multiview_v3,-0.0380162864801586,0.6241719641529269,0.0100005188026695,0.0406351633924192,0.2,0.0172338825636043,0.005,,,True,True,0.4557823129251701,0.0769230769230769,0.1538461538461538,False
hungary,v2_prior_separated,v2,5,be0549617bb8b478de0037a7d30026ad8a37acf124c4f7170c0029656ff8d54f,natural,0.0,composite_multiview_v3,-0.1553928437410108,0.7222599089232323,0.0765548117251171,0.1480302051730665,0.35,0.1314423785846051,0.005,,,True,True,0.9829931972789115,0.0,0.1538461538461538,False
hungary,v5_mask_only_dro,v5_mask,5,be0549617bb8b478de0037a7d30026ad8a37acf124c4f7170c0029656ff8d54f,drop_advanced,0.0,composite_multiview_v3,-0.1890070131638652,1.029500871895069,0.1835061127416338,0.200021023139771,0.2,0.0600383885422572,0.005,,,True,True,0.9931972789115646,0.0,0.1538461538461538,False
hungary,v5_mask_only_dro,v5_mask,5,be0549617bb8b478de0037a7d30026ad8a37acf124c4f7170c0029656ff8d54f,drop_exercise,0.0,composite_multiview_v3,-0.2896014056817593,0.98502535781018,0.0100005188026695,0.01,0.25,0.1112167507381327,0.005,,,True,True,0.9897959183673468,0.0,0.0769230769230769,False
hungary,v5_mask_only_dro,v5_mask,5,be0549617bb8b478de0037a7d30026ad8a37acf124c4f7170c0029656ff8d54f,drop_routine,0.0,composite_multiview_v3,-0.1896583925980282,0.9840470244699888,0.1315848298580576,0.0868363550267886,0.5,0.2129326363551439,0.005,,,True,True,0.9965986394557824,0.0,0.1538461538461538,False
hungary,v5_mask_only_dro,v5_mask,5,be0549617bb8b478de0037a7d30026ad8a37acf124c4f7170c0029656ff8d54f,empirical_source,0.0,composite_multiview_v3,-0.2191098286726119,1.0112143752537062,0.1223664092355836,0.1238206053422189,0.2,0.0649497209286901,0.005,,,True,True,0.9591836734693876,0.0,0.0769230769230769,False
hungary,v5_mask_only_dro,v5_mask,5,be0549617bb8b478de0037a7d30026ad8a37acf124c4f7170c0029656ff8d54f,empirical_source,1.0,composite_multiview_v3,-0.2075468783484012,1.0009559589168495,0.1152982375885909,0.1305654846148226,0.25,0.0666414577455468,0.005,,,True,True,0.9829931972789115,0.0,0.1538461538461538,False
hungary,v5_mask_only_dro,v5_mask,5,be0549617bb8b478de0037a7d30026ad8a37acf124c4f7170c0029656ff8d54f,empirical_source,2.0,composite_multiview_v3,-0.2146437784830108,0.9876187895743987,0.1209647820459622,0.1382959442922001,0.2,0.0669615236763526,0.005,,,True,True,0.9863945578231292,0.0,0.1538461538461538,False
hungary,v5_mask_only_dro,v5_mask,5,be0549617bb8b478de0037a7d30026ad8a37acf124c4f7170c0029656ff8d54f,empirical_source,3.0,composite_multiview_v3,-0.2069286917271683,1.0115083178518325,0.1206993076356023,0.1347497407296599,0.15,0.0559141602971546,0.005,,,True,True,0.979591836734694,0.0,0.1538461538461538,False
hungary,v5_mask_only_dro,v5_mask,5,be0549617bb8b478de0037a7d30026ad8a37acf124c4f7170c0029656ff8d54f,empirical_source,4.0,composite_multiview_v3,-0.1952616808591824,1.0348409006596593,0.1290711981914916,0.122351065786518,0.2,0.0643647985532652,0.005,,,True,True,0.979591836734694,0.0,0.0769230769230769,False
hungary,v5_mask_only_dro,v5_mask,5,be0549617bb8b478de0037a7d30026ad8a37acf124c4f7170c0029656ff8d54f,empirical_source,5.0,composite_multiview_v3,-0.2008471996707637,1.0466891260771432,0.1424136964911887,0.1332679908382422,0.25,0.0655135729503786,0.005,,,True,True,0.9829931972789115,0.0,0.0769230769230769,False
hungary,v5_mask_only_dro,v5_mask,5,be0549617bb8b478de0037a7d30026ad8a37acf124c4f7170c0029656ff8d54f,empirical_source,6.0,composite_multiview_v3,-0.2162089670515977,1.0051711184187588,0.1111625409148067,0.118032704249723,0.2,0.0736878091061288,0.005,,,True,True,0.979591836734694,0.0,0.0769230769230769,False
hungary,v5_mask_only_dro,v5_mask,5,be0549617bb8b478de0037a7d30026ad8a37acf124c4f7170c0029656ff8d54f,empirical_source,7.0,composite_multiview_v3,-0.1938878558393284,1.019532491300521,0.1494272868064734,0.1234901513737021,0.2,0.0674614650004865,0.005,,,True,True,0.9863945578231292,0.0,0.1538461538461538,False
hungary,v5_mask_only_dro,v5_mask,5,be0549617bb8b478de0037a7d30026ad8a37acf124c4f7170c0029656ff8d54f,empirical_source,8.0,composite_multiview_v3,-0.2002246344610509,1.0458026728832228,0.141723040099332,0.1257314109119532,0.2,0.0605173578476355,0.005,,,True,True,0.9727891156462584,0.0,0.1538461538461538,False
hungary,v5_mask_only_dro,v5_mask,5,be0549617bb8b478de0037a7d30026ad8a37acf124c4f7170c0029656ff8d54f,empirical_source,9.0,composite_multiview_v3,-0.2177999170191299,0.9885116969788652,0.1217767717073808,0.1354647983993651,0.2,0.0711823287094434,0.005,,,True,True,0.9727891156462584,0.0,0.1538461538461538,False
hungary,v5_mask_only_dro,v5_mask,5,be0549617bb8b478de0037a7d30026ad8a37acf124c4f7170c0029656ff8d54f,mar_age_sex_30,0.0,composite_multiview_v3,-0.1957410162948082,0.9891066493908152,0.0878102528462509,0.0972925712170411,0.2,0.0611017253890054,0.005,,,True,True,0.5204081632653061,0.0769230769230769,0.0769230769230769,False
hungary,v5_mask_only_dro,v5_mask,5,be0549617bb8b478de0037a7d30026ad8a37acf124c4f7170c0029656ff8d54f,mar_age_sex_30,1.0,composite_multiview_v3,-0.2297978919941853,1.0004957487329955,0.0555637279644584,0.1046121349190033,0.15,0.0517496474055289,0.005,,,True,True,0.7142857142857143,0.0769230769230769,0.0769230769230769,False
hungary,v5_mask_only_dro,v5_mask,5,be0549617bb8b478de0037a7d30026ad8a37acf124c4f7170c0029656ff8d54f,mar_age_sex_30,2.0,composite_multiview_v3,-0.1819161124246673,1.023539725654422,0.0978808098118676,0.1061440334420744,0.15,0.0513671862256645,0.005,,,True,True,0.7210884353741497,0.0769230769230769,0.0769230769230769,False
hungary,v5_mask_only_dro,v5_mask,5,be0549617bb8b478de0037a7d30026ad8a37acf124c4f7170c0029656ff8d54f,mar_age_sex_30,3.0,composite_multiview_v3,-0.2033264385303116,1.079350874813624,0.1104444755460313,0.1099158876401119,0.2,0.0622722784476308,0.005,,,True,True,0.5612244897959183,0.0769230769230769,0.0769230769230769,False
hungary,v5_mask_only_dro,v5_mask,5,be0549617bb8b478de0037a7d30026ad8a37acf124c4f7170c0029656ff8d54f,mar_age_sex_30,4.0,composite_multiview_v3,-0.1986985650137015,0.925710883153948,0.0472168024837261,0.1210772269022032,0.25,0.0512709311306577,0.005,,,True,True,0.6666666666666666,0.0769230769230769,0.0769230769230769,False
hungary,v5_mask_only_dro,v5_mask,5,be0549617bb8b478de0037a7d30026ad8a37acf124c4f7170c0029656ff8d54f,mar_age_sex_30,5.0,composite_multiview_v3,-0.1945279869728616,0.9771452393653028,0.0368183349961318,0.0531753398529539,0.2,0.0547638408362727,0.005,,,True,True,0.6666666666666666,0.0769230769230769,0.1538461538461538,False
hungary,v5_mask_only_dro,v5_mask,5,be0549617bb8b478de0037a7d30026ad8a37acf124c4f7170c0029656ff8d54f,mar_age_sex_30,6.0,composite_multiview_v3,-0.2037842625643262,0.8990929962675744,0.0146696909484998,0.0918963374439012,0.15,0.0627100233660948,0.005,,,True,True,0.7006802721088435,0.0769230769230769,0.1538461538461538,False
hungary,v5_mask_only_dro,v5_mask,5,be0549617bb8b478de0037a7d30026ad8a37acf124c4f7170c0029656ff8d54f,mar_age_sex_30,7.0,composite_multiview_v3,-0.2069908587319613,1.067572537409816,0.1181864753762838,0.1194423825195266,0.2,0.057713735869397,0.005,,,True,True,0.7142857142857143,0.0769230769230769,0.0769230769230769,False
hungary,v5_mask_only_dro,v5_mask,5,be0549617bb8b478de0037a7d30026ad8a37acf124c4f7170c0029656ff8d54f,mar_age_sex_30,8.0,composite_multiview_v3,-0.2097063939483376,0.986348368158235,0.0805054139735008,0.1093351067460653,0.2,0.0550185358209353,0.005,,,True,True,0.7517006802721088,0.0769230769230769,0.0769230769230769,False
hungary,v5_mask_only_dro,v5_mask,5,be0549617bb8b478de0037a7d30026ad8a37acf124c4f7170c0029656ff8d54f,mar_age_sex_30,9.0,composite_multiview_v3,-0.2141808760094762,1.0882746413471336,0.1257435920677688,0.1337713491332133,0.2,0.0560328557440772,0.005,,,True,True,0.6972789115646258,0.0769230769230769,0.0769230769230769,False
hungary,v5_mask_only_dro,v5_mask,5,be0549617bb8b478de0037a7d30026ad8a37acf124c4f7170c0029656ff8d54f,mcar_10,0.0,composite_multiview_v3,-0.1877023283385192,0.9635391510397032,0.1280988842491031,0.1687470130870922,0.3,0.0479839767061783,0.005,,,True,True,0.7006802721088435,0.0769230769230769,0.1538461538461538,False
hungary,v5_mask_only_dro,v5_mask,5,be0549617bb8b478de0037a7d30026ad8a37acf124c4f7170c0029656ff8d54f,mcar_10,1.0,composite_multiview_v3,-0.1850846599859674,0.9593139771512972,0.1392630411707666,0.1546247557306763,0.3,0.0465060921459046,0.005,,,True,True,0.6938775510204082,0.0769230769230769,0.1538461538461538,False
hungary,v5_mask_only_dro,v5_mask,5,be0549617bb8b478de0037a7d30026ad8a37acf124c4f7170c0029656ff8d54f,mcar_10,2.0,composite_multiview_v3,-0.1833470260508132,1.0469740198857376,0.1603185279812392,0.1608200692330825,0.35,0.0535958866972732,0.005,,,True,True,0.7006802721088435,0.0769230769230769,0.1538461538461538,False
hungary,v5_mask_only_dro,v5_mask,5,be0549617bb8b478de0037a7d30026ad8a37acf124c4f7170c0029656ff8d54f,mcar_10,3.0,composite_multiview_v3,-0.1880933184903144,1.1388434021969789,0.200117218848678,0.1857778013309998,0.35,0.06322356113071,0.005,,,True,True,0.6224489795918368,0.0769230769230769,0.1538461538461538,False
hungary,v5_mask_only_dro,v5_mask,5,be0549617bb8b478de0037a7d30026ad8a37acf124c4f7170c0029656ff8d54f,mcar_10,4.0,composite_multiview_v3,-0.1998815417549262,1.032684960182155,0.1715597277112203,0.1971248344733062,0.3,0.0456226980056158,0.005,,,True,True,0.7006802721088435,0.1538461538461538,0.1538461538461538,False
hungary,v5_mask_only_dro,v5_mask,5,be0549617bb8b478de0037a7d30026ad8a37acf124c4f7170c0029656ff8d54f,mcar_10,5.0,composite_multiview_v3,-0.2020894545753621,1.042156000048544,0.1371271171457241,0.1650313073154563,0.3,0.0527893233254794,0.005,,,True,True,0.7278911564625851,0.0769230769230769,0.1538461538461538,False
hungary,v5_mask_only_dro,v5_mask,5,be0549617bb8b478de0037a7d30026ad8a37acf124c4f7170c0029656ff8d54f,mcar_10,6.0,composite_multiview_v3,-0.1762543641320842,1.0376515966652406,0.18449611555932,0.1830480471352246,0.4,0.0590843181204219,0.005,,,True,True,0.6904761904761905,0.0769230769230769,0.1538461538461538,False
hungary,v5_mask_only_dro,v5_mask,5,be0549617bb8b478de0037a7d30026ad8a37acf124c4f7170c0029656ff8d54f,mcar_10,7.0,composite_multiview_v3,-0.2107733087777125,0.9923400108771698,0.1049348108072051,0.1487203014753695,0.3,0.0445020648082623,0.005,,,True,True,0.7142857142857143,0.0769230769230769,0.1538461538461538,False
hungary,v5_mask_only_dro,v5_mask,5,be0549617bb8b478de0037a7d30026ad8a37acf124c4f7170c0029656ff8d54f,mcar_10,8.0,composite_multiview_v3,-0.1989768256365069,1.0346141162163052,0.16164982261587,0.1617895353418819,0.3,0.0539251633556071,0.005,,,True,True,0.6904761904761905,0.0769230769230769,0.1538461538461538,False
hungary,v5_mask_only_dro,v5_mask,5,be0549617bb8b478de0037a7d30026ad8a37acf124c4f7170c0029656ff8d54f,mcar_10,9.0,composite_multiview_v3,-0.1879578267078517,0.879233404404599,0.0988952642413178,0.1732349043472577,0.25,0.0451532464908476,0.005,,,True,True,0.7210884353741497,0.0769230769230769,0.1538461538461538,False
hungary,v5_mask_only_dro,v5_mask,5,be0549617bb8b478de0037a7d30026ad8a37acf124c4f7170c0029656ff8d54f,mcar_30,0.0,composite_multiview_v3,-0.1125317919919282,0.9001570450440501,0.086770826729049,0.1732167297242052,0.3,0.022675762799105,0.005,,,True,True,0.4217687074829932,0.1538461538461538,0.2307692307692307,False
hungary,v5_mask_only_dro,v5_mask,5,be0549617bb8b478de0037a7d30026ad8a37acf124c4f7170c0029656ff8d54f,mcar_30,1.0,composite_multiview_v3,-0.1279691065498826,0.956579490063216,0.1004470098487424,0.1747966159778692,0.3,0.0254109781573271,0.005,,,True,True,0.4047619047619047,0.1538461538461538,0.1538461538461538,False
hungary,v5_mask_only_dro,v5_mask,5,be0549617bb8b478de0037a7d30026ad8a37acf124c4f7170c0029656ff8d54f,mcar_30,2.0,composite_multiview_v3,-0.100738505595895,0.9323262370923364,0.0825018046348823,0.1307343583320682,0.2,0.0275505227299747,0.005,,,True,True,0.4081632653061224,0.1538461538461538,0.1538461538461538,False
hungary,v5_mask_only_dro,v5_mask,5,be0549617bb8b478de0037a7d30026ad8a37acf124c4f7170c0029656ff8d54f,mcar_30,3.0,composite_multiview_v3,-0.0936729881458937,1.039483918661938,0.1993055122768149,0.2213433284889743,0.35,0.031667379865682,0.005,,,True,True,0.3333333333333333,0.1538461538461538,0.1538461538461538,False
hungary,v5_mask_only_dro,v5_mask,5,be0549617bb8b478de0037a7d30026ad8a37acf124c4f7170c0029656ff8d54f,mcar_30,4.0,composite_multiview_v3,-0.0768360944941384,0.8677261460770449,0.0685580121884974,0.1195452865665615,0.3,0.0259692650518534,0.005,,,True,True,0.4047619047619047,0.1538461538461538,0.1538461538461538,False
hungary,v5_mask_only_dro,v5_mask,5,be0549617bb8b478de0037a7d30026ad8a37acf124c4f7170c0029656ff8d54f,mcar_30,5.0,composite_multiview_v3,-0.117062566862581,0.9050229709234664,0.1011316511210424,0.1552386750639066,0.3,0.0340870439276708,0.005,,,True,True,0.3979591836734694,0.1538461538461538,0.1538461538461538,False
hungary,v5_mask_only_dro,v5_mask,5,be0549617bb8b478de0037a7d30026ad8a37acf124c4f7170c0029656ff8d54f,mcar_30,6.0,composite_multiview_v3,-0.1545368825959947,0.840259516199176,0.0346942563281723,0.1787422882417729,0.35,0.0263291870084854,0.005,,,True,True,0.3435374149659864,0.1538461538461538,0.1538461538461538,False
hungary,v5_mask_only_dro,v5_mask,5,be0549617bb8b478de0037a7d30026ad8a37acf124c4f7170c0029656ff8d54f,mcar_30,7.0,composite_multiview_v3,-0.1655959612543291,1.0271449719567982,0.098800937716521,0.1684141521391766,0.35,0.0277973191656133,0.005,,,True,True,0.3979591836734694,0.1538461538461538,0.1538461538461538,False
hungary,v5_mask_only_dro,v5_mask,5,be0549617bb8b478de0037a7d30026ad8a37acf124c4f7170c0029656ff8d54f,mcar_30,8.0,composite_multiview_v3,-0.1379360171301759,1.2495205555802782,0.222778571048046,0.2359475691080333,0.35,0.0286163544655839,0.005,,,True,True,0.4081632653061224,0.1538461538461538,0.1538461538461538,False
hungary,v5_mask_only_dro,v5_mask,5,be0549617bb8b478de0037a7d30026ad8a37acf124c4f7170c0029656ff8d54f,mcar_30,9.0,composite_multiview_v3,-0.125358657403441,0.9319392167106944,0.0931514468413731,0.1301188585107147,0.3,0.0336016395121174,0.005,,,True,True,0.4047619047619047,0.1538461538461538,0.1538461538461538,False
hungary,v5_mask_only_dro,v5_mask,5,be0549617bb8b478de0037a7d30026ad8a37acf124c4f7170c0029656ff8d54f,mcar_50,0.0,composite_multiview_v3,0.0019370347894888,1.1855895945692891,0.2300181410497927,0.2255098159116415,0.3,0.0185843815956532,0.005,,,True,True,0.4931972789115646,0.0769230769230769,0.1538461538461538,False
hungary,v5_mask_only_dro,v5_mask,5,be0549617bb8b478de0037a7d30026ad8a37acf124c4f7170c0029656ff8d54f,mcar_50,1.0,composite_multiview_v3,-0.0632603750699802,0.7138089613885072,0.0100005188026695,0.1376089732228677,0.3,0.0153881872458506,0.005,,,True,True,0.5102040816326531,0.0769230769230769,0.1538461538461538,False
hungary,v5_mask_only_dro,v5_mask,5,be0549617bb8b478de0037a7d30026ad8a37acf124c4f7170c0029656ff8d54f,mcar_50,2.0,composite_multiview_v3,-0.0983933415437703,0.7773736980887934,0.0100005188026695,0.1626091146157902,0.3,0.0148416357620983,0.005,,,True,True,0.5068027210884354,0.1538461538461538,0.1538461538461538,False
hungary,v5_mask_only_dro,v5_mask,5,be0549617bb8b478de0037a7d30026ad8a37acf124c4f7170c0029656ff8d54f,mcar_50,3.0,composite_multiview_v3,-0.0179808814030091,0.8420016883473811,0.1866780427560306,0.2636103792751778,0.4,0.016517125562847,0.005,,,True,True,0.4931972789115646,0.0769230769230769,0.1538461538461538,False
hungary,v5_mask_only_dro,v5_mask,5,be0549617bb8b478de0037a7d30026ad8a37acf124c4f7170c0029656ff8d54f,mcar_50,4.0,composite_multiview_v3,-0.0145159262783019,0.9705274073192164,0.1579838871872885,0.2178960886113981,0.4,0.0181181977436637,0.005,,,True,True,0.4489795918367347,0.0769230769230769,0.1538461538461538,False
hungary,v5_mask_only_dro,v5_mask,5,be0549617bb8b478de0037a7d30026ad8a37acf124c4f7170c0029656ff8d54f,mcar_50,5.0,composite_multiview_v3,-0.0218544519569298,1.0516038744293772,0.1902735658135864,0.2526518918826477,0.35,0.0172753406368659,0.005,,,True,True,0.4693877551020408,0.0769230769230769,0.1538461538461538,False
hungary,v5_mask_only_dro,v5_mask,5,be0549617bb8b478de0037a7d30026ad8a37acf124c4f7170c0029656ff8d54f,mcar_50,6.0,composite_multiview_v3,-0.0574031007453366,1.0201914534330252,0.1544919942261858,0.2837603092622647,0.4,0.0154762591402312,0.005,,,True,True,0.5068027210884354,0.0769230769230769,0.1538461538461538,False
hungary,v5_mask_only_dro,v5_mask,5,be0549617bb8b478de0037a7d30026ad8a37acf124c4f7170c0029656ff8d54f,mcar_50,7.0,composite_multiview_v3,-0.0136129974910281,0.9251427158643188,0.1338165199827592,0.1902269909610382,0.3,0.0120810189987234,0.005,,,True,True,0.4863945578231292,0.0769230769230769,0.1538461538461538,False
hungary,v5_mask_only_dro,v5_mask,5,be0549617bb8b478de0037a7d30026ad8a37acf124c4f7170c0029656ff8d54f,mcar_50,8.0,composite_multiview_v3,-0.1144785679901319,0.8606920604527919,0.0100005188026695,0.1523347589362778,0.25,0.0155601729972748,0.005,,,True,True,0.4863945578231292,0.0769230769230769,0.1538461538461538,False
hungary,v5_mask_only_dro,v5_mask,5,be0549617bb8b478de0037a7d30026ad8a37acf124c4f7170c0029656ff8d54f,mcar_50,9.0,composite_multiview_v3,-0.0684661843507716,0.9272928194199588,0.0524367178869698,0.1820499484088686,0.35,0.0123534383431754,0.005,,,True,True,0.4557823129251701,0.0769230769230769,0.1538461538461538,False
hungary,v5_mask_only_dro,v5_mask,5,be0549617bb8b478de0037a7d30026ad8a37acf124c4f7170c0029656ff8d54f,natural,0.0,composite_multiview_v3,-0.2143985246305549,1.006677923257853,0.159973019599659,0.1669739302731608,0.35,0.1271149243907364,0.005,,,True,True,0.9829931972789115,0.0,0.1538461538461538,False
switzerland,v2_prior_separated,v2,5,be0549617bb8b478de0037a7d30026ad8a37acf124c4f7170c0029656ff8d54f,drop_advanced,0.0,composite_multiview_v3,-0.3421044989528485,0.7221369184617906,0.6787917132208798,0.6601563066361132,0.8,0.2589559114222709,0.005,,,True,True,0.8617886178861789,0.0769230769230769,0.2307692307692307,False
switzerland,v2_prior_separated,v2,5,be0549617bb8b478de0037a7d30026ad8a37acf124c4f7170c0029656ff8d54f,drop_exercise,0.0,composite_multiview_v3,-0.2197659826650246,0.5829641988942983,0.989999495733054,0.9477966702962172,0.95,0.2743498059222,0.005,,,True,True,0.7398373983739838,0.0769230769230769,0.0769230769230769,False
switzerland,v2_prior_separated,v2,5,be0549617bb8b478de0037a7d30026ad8a37acf124c4f7170c0029656ff8d54f,drop_routine,0.0,composite_multiview_v3,-0.344746156358176,0.6609164621652796,0.6258184520893082,0.6598431606729332,0.8,0.0387688253905278,0.005,,,True,True,1.0,0.0,0.0,False
switzerland,v2_prior_separated,v2,5,be0549617bb8b478de0037a7d30026ad8a37acf124c4f7170c0029656ff8d54f,empirical_source,0.0,composite_multiview_v3,-0.2887540357552947,0.7041303353561994,0.6839804153217102,0.6682742813584995,0.8,0.1442556492424134,0.005,,,True,True,0.8536585365853658,0.0769230769230769,0.1538461538461538,False
switzerland,v2_prior_separated,v2,5,be0549617bb8b478de0037a7d30026ad8a37acf124c4f7170c0029656ff8d54f,empirical_source,1.0,composite_multiview_v3,-0.3017542890893749,0.7176136789430199,0.7319077199516963,0.6924530931881338,0.85,0.1451702644048309,0.005,,,True,True,0.8292682926829268,0.0769230769230769,0.1538461538461538,False
switzerland,v2_prior_separated,v2,5,be0549617bb8b478de0037a7d30026ad8a37acf124c4f7170c0029656ff8d54f,empirical_source,2.0,composite_multiview_v3,-0.2908643828267513,0.702075952018393,0.7224868203510006,0.6829974793080618,0.8,0.154021366805159,0.005,,,True,True,0.8455284552845529,0.0769230769230769,0.1538461538461538,False
switzerland,v2_prior_separated,v2,5,be0549617bb8b478de0037a7d30026ad8a37acf124c4f7170c0029656ff8d54f,empirical_source,3.0,composite_multiview_v3,-0.2980756121751923,0.6951160386964901,0.7053513596889461,0.6831257484810811,0.85,0.1689952958556314,0.005,,,True,True,0.8211382113821138,0.0769230769230769,0.1538461538461538,False
switzerland,v2_prior_separated,v2,5,be0549617bb8b478de0037a7d30026ad8a37acf124c4f7170c0029656ff8d54f,empirical_source,4.0,composite_multiview_v3,-0.2911604135566275,0.7065089869522101,0.7276954634559526,0.6952198624394075,0.85,0.1411305958625507,0.005,,,True,True,0.8211382113821138,0.0769230769230769,0.1538461538461538,False
switzerland,v2_prior_separated,v2,5,be0549617bb8b478de0037a7d30026ad8a37acf124c4f7170c0029656ff8d54f,empirical_source,5.0,composite_multiview_v3,-0.2889515471263817,0.6830129258504833,0.756777823334349,0.7004321977524554,0.85,0.1597149119778615,0.005,,,True,True,0.8373983739837398,0.0769230769230769,0.2307692307692307,False
switzerland,v2_prior_separated,v2,5,be0549617bb8b478de0037a7d30026ad8a37acf124c4f7170c0029656ff8d54f,empirical_source,6.0,composite_multiview_v3,-0.2969268072798486,0.7001358540091742,0.7792036966662237,0.7119569440613573,0.85,0.1121591440072001,0.005,,,True,True,0.8373983739837398,0.0769230769230769,0.1538461538461538,False
switzerland,v2_prior_separated,v2,5,be0549617bb8b478de0037a7d30026ad8a37acf124c4f7170c0029656ff8d54f,empirical_source,7.0,composite_multiview_v3,-0.3038959915350957,0.7273179798989928,0.6940225724342406,0.6759471137017141,0.8,0.1373801528028285,0.005,,,True,True,0.7642276422764228,0.0769230769230769,0.2307692307692307,False
switzerland,v2_prior_separated,v2,5,be0549617bb8b478de0037a7d30026ad8a37acf124c4f7170c0029656ff8d54f,empirical_source,8.0,composite_multiview_v3,-0.2729163855397928,0.6771335417039039,0.7399528451190426,0.6976339614892308,0.85,0.1187809831254561,0.005,,,True,True,0.8292682926829268,0.0769230769230769,0.1538461538461538,False
switzerland,v2_prior_separated,v2,5,be0549617bb8b478de0037a7d30026ad8a37acf124c4f7170c0029656ff8d54f,empirical_source,9.0,composite_multiview_v3,-0.2769336969841232,0.7030793092002728,0.7758836193755669,0.7140860333654568,0.9,0.1613742694300586,0.005,,,True,True,0.8699186991869918,0.0769230769230769,0.2307692307692307,False
switzerland,v2_prior_separated,v2,5,be0549617bb8b478de0037a7d30026ad8a37acf124c4f7170c0029656ff8d54f,mar_age_sex_30,0.0,composite_multiview_v3,-0.3041856466416196,0.6624517908646999,0.7707932876557507,0.7133407949562527,0.9,0.0474507227272667,0.005,,,True,True,0.6504065040650406,0.0769230769230769,0.1538461538461538,False
switzerland,v2_prior_separated,v2,5,be0549617bb8b478de0037a7d30026ad8a37acf124c4f7170c0029656ff8d54f,mar_age_sex_30,1.0,composite_multiview_v3,-0.2873393053559226,0.6971318052321183,0.8342471987357104,0.7553615108715969,0.9,0.0350224849520415,0.005,,,True,True,0.5447154471544715,0.0769230769230769,0.0769230769230769,False
switzerland,v2_prior_separated,v2,5,be0549617bb8b478de0037a7d30026ad8a37acf124c4f7170c0029656ff8d54f,mar_age_sex_30,2.0,composite_multiview_v3,-0.2817765416459598,0.6712867510478983,0.7242111294358371,0.7060673186442646,0.85,0.0367589202741791,0.005,,,True,True,0.6585365853658537,0.0769230769230769,0.0769230769230769,False
switzerland,v2_prior_separated,v2,5,be0549617bb8b478de0037a7d30026ad8a37acf124c4f7170c0029656ff8d54f,mar_age_sex_30,3.0,composite_multiview_v3,-0.2740340791509308,0.6457532444968065,0.848974579057378,0.754368498871676,0.9,0.0390927781855954,0.005,,,True,True,0.5772357723577236,0.0769230769230769,0.1538461538461538,False
switzerland,v2_prior_separated,v2,5,be0549617bb8b478de0037a7d30026ad8a37acf124c4f7170c0029656ff8d54f,mar_age_sex_30,4.0,composite_multiview_v3,-0.3297614060337894,0.7028891751937005,0.766067370648338,0.7150560254399257,0.9,0.0401699314532231,0.005,,,True,True,0.6829268292682927,0.0769230769230769,0.1538461538461538,False
switzerland,v2_prior_separated,v2,5,be0549617bb8b478de0037a7d30026ad8a37acf124c4f7170c0029656ff8d54f,mar_age_sex_30,5.0,composite_multiview_v3,-0.322695994556267,0.6940968439769462,0.7970897686875316,0.7412452137609575,0.85,0.041697309390494,0.005,,,True,True,0.5691056910569106,0.0769230769230769,0.1538461538461538,False
switzerland,v2_prior_separated,v2,5,be0549617bb8b478de0037a7d30026ad8a37acf124c4f7170c0029656ff8d54f,mar_age_sex_30,6.0,composite_multiview_v3,-0.3179501048963657,0.6870454712684658,0.8152424483234911,0.7368806631671411,0.9,0.0586380453716036,0.005,,,True,True,0.6016260162601627,0.0769230769230769,0.0769230769230769,False
switzerland,v2_prior_separated,v2,5,be0549617bb8b478de0037a7d30026ad8a37acf124c4f7170c0029656ff8d54f,mar_age_sex_30,7.0,composite_multiview_v3,-0.2787319060927566,0.6481855247740496,0.6702271352493752,0.672772460761285,0.8,0.0446576401516139,0.005,,,True,True,0.4227642276422764,0.0769230769230769,0.0769230769230769,False
switzerland,v2_prior_separated,v2,5,be0549617bb8b478de0037a7d30026ad8a37acf124c4f7170c0029656ff8d54f,mar_age_sex_30,8.0,composite_multiview_v3,-0.305551944902707,0.6715428929687098,0.7364478908997438,0.7166539852294449,0.85,0.0393709970475515,0.005,,,True,True,0.5691056910569106,0.0769230769230769,0.0769230769230769,False
switzerland,v2_prior_separated,v2,5,be0549617bb8b478de0037a7d30026ad8a37acf124c4f7170c0029656ff8d54f,mar_age_sex_30,9.0,composite_multiview_v3,-0.2880032653767668,0.6281626000895517,0.7494202683057445,0.7123751915743699,0.85,0.049164956302253,0.005,,,True,True,0.4634146341463415,0.0769230769230769,0.0769230769230769,False
switzerland,v2_prior_separated,v2,5,be0549617bb8b478de0037a7d30026ad8a37acf124c4f7170c0029656ff8d54f,mcar_10,0.0,composite_multiview_v3,-0.3057631751741816,0.7354184714342268,0.6959006849645041,0.6768882135065005,0.75,0.0561315759895102,0.005,,,True,True,0.4390243902439024,0.1538461538461538,0.1538461538461538,False
switzerland,v2_prior_separated,v2,5,be0549617bb8b478de0037a7d30026ad8a37acf124c4f7170c0029656ff8d54f,mcar_10,1.0,composite_multiview_v3,-0.3028648496523026,0.7555263590336337,0.7533290963760326,0.709160161612621,0.8,0.0834645752939171,0.005,,,True,True,0.4796747967479675,0.1538461538461538,0.2307692307692307,False
switzerland,v2_prior_separated,v2,5,be0549617bb8b478de0037a7d30026ad8a37acf124c4f7170c0029656ff8d54f,mcar_10,2.0,composite_multiview_v3,-0.2955600251829643,0.7314030279891061,0.7650581899348938,0.7044427643323132,0.8,0.0570648866287809,0.005,,,True,True,0.4471544715447154,0.1538461538461538,0.1538461538461538,False
switzerland,v2_prior_separated,v2,5,be0549617bb8b478de0037a7d30026ad8a37acf124c4f7170c0029656ff8d54f,mcar_10,3.0,composite_multiview_v3,-0.3158705338714067,0.7347077576750465,0.7192593464509386,0.6865634804032238,0.8,0.0684072849416593,0.005,,,True,True,0.4552845528455284,0.1538461538461538,0.1538461538461538,False
switzerland,v2_prior_separated,v2,5,be0549617bb8b478de0037a7d30026ad8a37acf124c4f7170c0029656ff8d54f,mcar_10,4.0,composite_multiview_v3,-0.2996722316429682,0.7343326673493201,0.7081093595956965,0.6884115943672297,0.8,0.0899342151510921,0.005,,,True,True,0.4552845528455284,0.1538461538461538,0.2307692307692307,False
switzerland,v2_prior_separated,v2,5,be0549617bb8b478de0037a7d30026ad8a37acf124c4f7170c0029656ff8d54f,mcar_10,5.0,composite_multiview_v3,-0.2886308103035842,0.707501326144785,0.7522257091664888,0.7108490246739628,0.8,0.0687669085694173,0.005,,,True,True,0.5528455284552846,0.1538461538461538,0.1538461538461538,False
switzerland,v2_prior_separated,v2,5,be0549617bb8b478de0037a7d30026ad8a37acf124c4f7170c0029656ff8d54f,mcar_10,6.0,composite_multiview_v3,-0.3025103493564325,0.7143918906490219,0.6445102196175693,0.6557431831309793,0.8,0.0660445603875724,0.005,,,True,True,0.4634146341463415,0.1538461538461538,0.1538461538461538,False
switzerland,v2_prior_separated,v2,5,be0549617bb8b478de0037a7d30026ad8a37acf124c4f7170c0029656ff8d54f,mcar_10,7.0,composite_multiview_v3,-0.2965502666308999,0.7399873599701015,0.7275789288497263,0.685644828710545,0.8,0.0650547551670623,0.005,,,True,True,0.5040650406504065,0.1538461538461538,0.1538461538461538,False
switzerland,v2_prior_separated,v2,5,be0549617bb8b478de0037a7d30026ad8a37acf124c4f7170c0029656ff8d54f,mcar_10,8.0,composite_multiview_v3,-0.2770914829542198,0.7290375282774648,0.7082694157764432,0.6773775018444776,0.8,0.0743964932216173,0.005,,,True,True,0.4227642276422764,0.1538461538461538,0.2307692307692307,False
switzerland,v2_prior_separated,v2,5,be0549617bb8b478de0037a7d30026ad8a37acf124c4f7170c0029656ff8d54f,mcar_10,9.0,composite_multiview_v3,-0.3220947469468617,0.7459153577519736,0.7276290742957767,0.6939416819493578,0.8,0.0586655609144984,0.005,,,True,True,0.5203252032520326,0.1538461538461538,0.2307692307692307,False
switzerland,v2_prior_separated,v2,5,be0549617bb8b478de0037a7d30026ad8a37acf124c4f7170c0029656ff8d54f,mcar_30,0.0,composite_multiview_v3,-0.2245966400305453,0.6952708296527161,0.7358675515798533,0.7125228569793033,0.8,0.0214594612188384,0.005,,,True,True,0.2601626016260163,0.1538461538461538,0.1538461538461538,False
switzerland,v2_prior_separated,v2,5,be0549617bb8b478de0037a7d30026ad8a37acf124c4f7170c0029656ff8d54f,mcar_30,1.0,composite_multiview_v3,-0.2136091918915336,0.7058218779802593,0.8124041591403918,0.7463376907046407,0.8,0.0277153443875524,0.005,,,True,True,0.2845528455284553,0.1538461538461538,0.2307692307692307,False
switzerland,v2_prior_separated,v2,5,be0549617bb8b478de0037a7d30026ad8a37acf124c4f7170c0029656ff8d54f,mcar_30,2.0,composite_multiview_v3,-0.2572197723340724,0.8041785015603141,0.747987803705961,0.6935227441307713,0.75,0.0377446930715641,0.005,,,True,True,0.3089430894308943,0.1538461538461538,0.1538461538461538,False
switzerland,v2_prior_separated,v2,5,be0549617bb8b478de0037a7d30026ad8a37acf124c4f7170c0029656ff8d54f,mcar_30,3.0,composite_multiview_v3,-0.2098999659685429,0.7149395646252411,0.8318330736852465,0.7384622891857494,0.8,0.0409546403989891,0.005,,,True,True,0.3495934959349593,0.1538461538461538,0.1538461538461538,False
switzerland,v2_prior_separated,v2,5,be0549617bb8b478de0037a7d30026ad8a37acf124c4f7170c0029656ff8d54f,mcar_30,4.0,composite_multiview_v3,-0.2079328824200868,0.8485153172892739,0.8610418205263545,0.7668637341619776,0.8,0.0301476371905506,0.005,,,True,True,0.2764227642276423,0.1538461538461538,0.1538461538461538,False
switzerland,v2_prior_separated,v2,5,be0549617bb8b478de0037a7d30026ad8a37acf124c4f7170c0029656ff8d54f,mcar_30,5.0,composite_multiview_v3,-0.221959498778218,0.7264059769878854,0.7785299572482332,0.7259801553576867,0.75,0.0387822466669776,0.005,,,True,True,0.3089430894308943,0.1538461538461538,0.1538461538461538,False
switzerland,v2_prior_separated,v2,5,be0549617bb8b478de0037a7d30026ad8a37acf124c4f7170c0029656ff8d54f,mcar_30,6.0,composite_multiview_v3,-0.1846660388542147,0.6523341344001221,0.8291437290192502,0.7511197432452218,0.8,0.044802633691457,0.005,,,True,True,0.3414634146341463,0.1538461538461538,0.1538461538461538,False
switzerland,v2_prior_separated,v2,5,be0549617bb8b478de0037a7d30026ad8a37acf124c4f7170c0029656ff8d54f,mcar_30,7.0,composite_multiview_v3,-0.2462273026931111,0.7650967628392551,0.7114238681537949,0.7025982082963502,0.8,0.0313910171332344,0.005,,,True,True,0.2601626016260163,0.1538461538461538,0.1538461538461538,False
switzerland,v2_prior_separated,v2,5,be0549617bb8b478de0037a7d30026ad8a37acf124c4f7170c0029656ff8d54f,mcar_30,8.0,composite_multiview_v3,-0.2239204882454671,0.7732291279172105,0.7503228834390696,0.7133967441235641,0.8,0.0383410472046509,0.005,,,True,True,0.2764227642276423,0.1538461538461538,0.2307692307692307,False
switzerland,v2_prior_separated,v2,5,be0549617bb8b478de0037a7d30026ad8a37acf124c4f7170c0029656ff8d54f,mcar_30,9.0,composite_multiview_v3,-0.2052039058192527,0.6711045522372612,0.6452438041571873,0.6717377047173552,0.75,0.0366895639056377,0.005,,,True,True,0.3089430894308943,0.1538461538461538,0.1538461538461538,False
switzerland,v2_prior_separated,v2,5,be0549617bb8b478de0037a7d30026ad8a37acf124c4f7170c0029656ff8d54f,mcar_50,0.0,composite_multiview_v3,-0.1771769423700935,0.749016756033196,0.989999495733054,0.8459598025739021,0.95,0.0254012459801492,0.005,,,True,True,0.4634146341463415,0.1538461538461538,0.1538461538461538,False
switzerland,v2_prior_separated,v2,5,be0549617bb8b478de0037a7d30026ad8a37acf124c4f7170c0029656ff8d54f,mcar_50,1.0,composite_multiview_v3,-0.1484689192961489,0.6946663007924379,0.989999495733054,0.830078820440747,0.95,0.0167660402425074,0.005,,,True,True,0.4796747967479675,0.1538461538461538,0.1538461538461538,False
switzerland,v2_prior_separated,v2,5,be0549617bb8b478de0037a7d30026ad8a37acf124c4f7170c0029656ff8d54f,mcar_50,2.0,composite_multiview_v3,-0.1431947890084149,0.7021427084675466,0.8331407488749178,0.7703057034465676,0.8,0.0188532379799873,0.005,,,True,True,0.4715447154471545,0.1538461538461538,0.1538461538461538,False
switzerland,v2_prior_separated,v2,5,be0549617bb8b478de0037a7d30026ad8a37acf124c4f7170c0029656ff8d54f,mcar_50,3.0,composite_multiview_v3,-0.1065758240324009,0.6716980003136613,0.8274776405949349,0.7777337171843626,0.85,0.0193513253648515,0.005,,,True,True,0.4065040650406504,0.1538461538461538,0.1538461538461538,False
switzerland,v2_prior_separated,v2,5,be0549617bb8b478de0037a7d30026ad8a37acf124c4f7170c0029656ff8d54f,mcar_50,4.0,composite_multiview_v3,-0.0832698588403833,0.6383688514398244,0.8944372991521006,0.8145700306882752,0.9,0.0168360304516988,0.005,,,True,True,0.3902439024390244,0.1538461538461538,0.1538461538461538,False
switzerland,v2_prior_separated,v2,5,be0549617bb8b478de0037a7d30026ad8a37acf124c4f7170c0029656ff8d54f,mcar_50,5.0,composite_multiview_v3,-0.1950255257661121,0.7236492224792008,0.7660705990559562,0.7215194323916629,0.8,0.0207207404445337,0.005,,,True,True,0.4065040650406504,0.0769230769230769,0.1538461538461538,False
switzerland,v2_prior_separated,v2,5,be0549617bb8b478de0037a7d30026ad8a37acf124c4f7170c0029656ff8d54f,mcar_50,6.0,composite_multiview_v3,-0.1692250322957483,0.7065191812425564,0.840744390125136,0.7669381139008515,0.9,0.0212491188876432,0.005,,,True,True,0.4390243902439024,0.0769230769230769,0.1538461538461538,False
switzerland,v2_prior_separated,v2,5,be0549617bb8b478de0037a7d30026ad8a37acf124c4f7170c0029656ff8d54f,mcar_50,7.0,composite_multiview_v3,-0.1028330881871713,0.6536278094944373,0.6923905256983196,0.6871285610345704,0.75,0.0172033972183243,0.005,,,True,True,0.3414634146341463,0.0769230769230769,0.1538461538461538,False
switzerland,v2_prior_separated,v2,5,be0549617bb8b478de0037a7d30026ad8a37acf124c4f7170c0029656ff8d54f,mcar_50,8.0,composite_multiview_v3,-0.1341523782672989,0.6063153977882632,0.8797043089287211,0.7651360591909048,0.85,0.022000021021581,0.005,,,True,True,0.4552845528455284,0.1538461538461538,0.1538461538461538,False
switzerland,v2_prior_separated,v2,5,be0549617bb8b478de0037a7d30026ad8a37acf124c4f7170c0029656ff8d54f,mcar_50,9.0,composite_multiview_v3,-0.1442367036709206,0.7204765655795392,0.8130513203739719,0.7311878546768487,0.85,0.0271165510784669,0.005,,,True,True,0.3983739837398374,0.0769230769230769,0.1538461538461538,False
switzerland,v2_prior_separated,v2,5,be0549617bb8b478de0037a7d30026ad8a37acf124c4f7170c0029656ff8d54f,natural,0.0,composite_multiview_v3,-0.3325050198577661,0.7371370397035304,0.7173443248264696,0.685776390405984,0.85,0.2278563756607813,0.005,,,True,True,0.7235772357723578,0.0769230769230769,0.2307692307692307,False
switzerland,v5_mask_only_dro,v5_mask,10,be0549617bb8b478de0037a7d30026ad8a37acf124c4f7170c0029656ff8d54f,drop_advanced,0.0,composite_multiview_v3,-0.1955958350046593,0.7231063040499632,0.9404465294886571,0.8383096271110355,0.95,0.2412185580373952,0.005,,,True,True,0.8617886178861789,0.0769230769230769,0.2307692307692307,False
switzerland,v5_mask_only_dro,v5_mask,10,be0549617bb8b478de0037a7d30026ad8a37acf124c4f7170c0029656ff8d54f,drop_exercise,0.0,composite_multiview_v3,-0.0245124091354037,0.6297499915725588,0.989999495733054,0.99,0.95,0.2726409902196698,0.005,,,True,True,0.7398373983739838,0.0769230769230769,0.0769230769230769,False
switzerland,v5_mask_only_dro,v5_mask,10,be0549617bb8b478de0037a7d30026ad8a37acf124c4f7170c0029656ff8d54f,drop_routine,0.0,composite_multiview_v3,-0.2168116128384373,0.6773980989247438,0.926173628217609,0.8646323817032572,0.95,0.0254475939002741,0.005,,,True,True,1.0,0.0,0.0,False
switzerland,v5_mask_only_dro,v5_mask,10,be0549617bb8b478de0037a7d30026ad8a37acf124c4f7170c0029656ff8d54f,empirical_source,0.0,composite_multiview_v3,-0.1444204432978142,0.7046904562279915,0.9116141733687184,0.8274406600238492,0.9,0.1302267255868717,0.005,,,True,True,0.8536585365853658,0.0769230769230769,0.1538461538461538,False
switzerland,v5_mask_only_dro,v5_mask,10,be0549617bb8b478de0037a7d30026ad8a37acf124c4f7170c0029656ff8d54f,empirical_source,1.0,composite_multiview_v3,-0.1466145779329159,0.7228790825724959,0.9565718048150448,0.8755488611229153,0.95,0.1308850803093749,0.005,,,True,True,0.8292682926829268,0.0769230769230769,0.1538461538461538,False
switzerland,v5_mask_only_dro,v5_mask,10,be0549617bb8b478de0037a7d30026ad8a37acf124c4f7170c0029656ff8d54f,empirical_source,2.0,composite_multiview_v3,-0.143687948825498,0.7146202577219937,0.9514155270762624,0.8577289729023182,0.95,0.1394510671172974,0.005,,,True,True,0.8455284552845529,0.0769230769230769,0.1538461538461538,False
switzerland,v5_mask_only_dro,v5_mask,10,be0549617bb8b478de0037a7d30026ad8a37acf124c4f7170c0029656ff8d54f,empirical_source,3.0,composite_multiview_v3,-0.1532844811616764,0.6946191028970758,0.9420942189546128,0.8572533109500562,0.95,0.1531592600516931,0.005,,,True,True,0.8211382113821138,0.0769230769230769,0.1538461538461538,False
switzerland,v5_mask_only_dro,v5_mask,10,be0549617bb8b478de0037a7d30026ad8a37acf124c4f7170c0029656ff8d54f,empirical_source,4.0,composite_multiview_v3,-0.1473172267440694,0.71229753111718,0.9586980712891068,0.8642724039468875,0.95,0.1265678459453096,0.005,,,True,True,0.8211382113821138,0.0769230769230769,0.1538461538461538,False
switzerland,v5_mask_only_dro,v5_mask,10,be0549617bb8b478de0037a7d30026ad8a37acf124c4f7170c0029656ff8d54f,empirical_source,5.0,composite_multiview_v3,-0.1508439626042754,0.7050773903011057,0.9388137835693904,0.8607033019915774,0.95,0.1426544512392808,0.005,,,True,True,0.8373983739837398,0.0769230769230769,0.2307692307692307,False
switzerland,v5_mask_only_dro,v5_mask,10,be0549617bb8b478de0037a7d30026ad8a37acf124c4f7170c0029656ff8d54f,empirical_source,6.0,composite_multiview_v3,-0.1465010997258801,0.7072071448838829,0.989999495733054,0.8997997308368165,0.95,0.097329426290751,0.005,,,True,True,0.8373983739837398,0.0769230769230769,0.1538461538461538,False
switzerland,v5_mask_only_dro,v5_mask,10,be0549617bb8b478de0037a7d30026ad8a37acf124c4f7170c0029656ff8d54f,empirical_source,7.0,composite_multiview_v3,-0.1394221405841708,0.7271371570044938,0.9200284561833918,0.8501375165638851,0.9,0.121395779114027,0.005,,,True,True,0.7642276422764228,0.0769230769230769,0.2307692307692307,False
switzerland,v5_mask_only_dro,v5_mask,10,be0549617bb8b478de0037a7d30026ad8a37acf124c4f7170c0029656ff8d54f,empirical_source,8.0,composite_multiview_v3,-0.1407251183595069,0.6919549017759271,0.982536076227012,0.8715379106909622,0.95,0.1070786634559893,0.005,,,True,True,0.8292682926829268,0.0769230769230769,0.1538461538461538,False
switzerland,v5_mask_only_dro,v5_mask,10,be0549617bb8b478de0037a7d30026ad8a37acf124c4f7170c0029656ff8d54f,empirical_source,9.0,composite_multiview_v3,-0.1335347657058992,0.6970821801153408,0.989999495733054,0.8903169656066131,0.95,0.1444279761181841,0.005,,,True,True,0.8699186991869918,0.0769230769230769,0.2307692307692307,False
switzerland,v5_mask_only_dro,v5_mask,10,be0549617bb8b478de0037a7d30026ad8a37acf124c4f7170c0029656ff8d54f,mar_age_sex_30,0.0,composite_multiview_v3,-0.1625315217064195,0.6810629890025672,0.989999495733054,0.8877960979873821,0.95,0.0365351460530845,0.005,,,True,True,0.6504065040650406,0.0769230769230769,0.1538461538461538,False
switzerland,v5_mask_only_dro,v5_mask,10,be0549617bb8b478de0037a7d30026ad8a37acf124c4f7170c0029656ff8d54f,mar_age_sex_30,1.0,composite_multiview_v3,-0.1230105732624309,0.7261714499852785,0.989999495733054,0.9466115980066826,0.95,0.0230023349641454,0.005,,,True,True,0.5447154471544715,0.0769230769230769,0.0769230769230769,False
switzerland,v5_mask_only_dro,v5_mask,10,be0549617bb8b478de0037a7d30026ad8a37acf124c4f7170c0029656ff8d54f,mar_age_sex_30,2.0,composite_multiview_v3,-0.1298276865059983,0.6973026741763831,0.9386460713288092,0.8732304202700426,0.95,0.027258670929214,0.005,,,True,True,0.6585365853658537,0.0769230769230769,0.0769230769230769,False
switzerland,v5_mask_only_dro,v5_mask,10,be0549617bb8b478de0037a7d30026ad8a37acf124c4f7170c0029656ff8d54f,mar_age_sex_30,3.0,composite_multiview_v3,-0.1378390236122913,0.6596273616681527,0.989999495733054,0.9474847852239032,0.95,0.0271513893128201,0.005,,,True,True,0.5772357723577236,0.0769230769230769,0.1538461538461538,False
switzerland,v5_mask_only_dro,v5_mask,10,be0549617bb8b478de0037a7d30026ad8a37acf124c4f7170c0029656ff8d54f,mar_age_sex_30,4.0,composite_multiview_v3,-0.1676141079635454,0.7238231789285269,0.9732473965772516,0.90384835568591,0.95,0.0272298076801601,0.005,,,True,True,0.6829268292682927,0.0769230769230769,0.1538461538461538,False
switzerland,v5_mask_only_dro,v5_mask,10,be0549617bb8b478de0037a7d30026ad8a37acf124c4f7170c0029656ff8d54f,mar_age_sex_30,5.0,composite_multiview_v3,-0.1457229786876676,0.7255040686721934,0.989999495733054,0.92989919663702,0.95,0.0311712045127154,0.005,,,True,True,0.5691056910569106,0.0769230769230769,0.1538461538461538,False
switzerland,v5_mask_only_dro,v5_mask,10,be0549617bb8b478de0037a7d30026ad8a37acf124c4f7170c0029656ff8d54f,mar_age_sex_30,6.0,composite_multiview_v3,-0.1611626980822647,0.6845387577564203,0.989999495733054,0.9184544067238036,0.95,0.044501465099106,0.005,,,True,True,0.6016260162601627,0.0769230769230769,0.0769230769230769,False
switzerland,v5_mask_only_dro,v5_mask,10,be0549617bb8b478de0037a7d30026ad8a37acf124c4f7170c0029656ff8d54f,mar_age_sex_30,7.0,composite_multiview_v3,-0.1434150604833795,0.6685009840045351,0.9329142497574124,0.8478857387090298,0.95,0.0331036698011035,0.005,,,True,True,0.4227642276422764,0.0769230769230769,0.0769230769230769,False
switzerland,v5_mask_only_dro,v5_mask,10,be0549617bb8b478de0037a7d30026ad8a37acf124c4f7170c0029656ff8d54f,mar_age_sex_30,8.0,composite_multiview_v3,-0.1431953958631288,0.6825285406303744,0.9722671853350768,0.9076566900831622,0.95,0.0284558256712871,0.005,,,True,True,0.5691056910569106,0.0769230769230769,0.0769230769230769,False
switzerland,v5_mask_only_dro,v5_mask,10,be0549617bb8b478de0037a7d30026ad8a37acf124c4f7170c0029656ff8d54f,mar_age_sex_30,9.0,composite_multiview_v3,-0.1554750386862504,0.6441383056609767,0.987842015026126,0.9011888473024086,0.95,0.034297286804259,0.005,,,True,True,0.4634146341463415,0.0769230769230769,0.0769230769230769,False
switzerland,v5_mask_only_dro,v5_mask,10,be0549617bb8b478de0037a7d30026ad8a37acf124c4f7170c0029656ff8d54f,mcar_10,0.0,composite_multiview_v3,-0.1369401994109364,0.7442280866087596,0.9435537584235396,0.8806897935555111,0.9,0.0427426747345458,0.005,,,True,True,0.4390243902439024,0.1538461538461538,0.1538461538461538,False
switzerland,v5_mask_only_dro,v5_mask,10,be0549617bb8b478de0037a7d30026ad8a37acf124c4f7170c0029656ff8d54f,mcar_10,1.0,composite_multiview_v3,-0.1436887791957633,0.7211436513427565,0.9530513908464622,0.8941416590013719,0.9,0.0711910167161078,0.005,,,True,True,0.4796747967479675,0.1538461538461538,0.2307692307692307,False
switzerland,v5_mask_only_dro,v5_mask,10,be0549617bb8b478de0037a7d30026ad8a37acf124c4f7170c0029656ff8d54f,mcar_10,2.0,composite_multiview_v3,-0.1384402982242698,0.7152182370197909,0.9854466103602992,0.9000959885789808,0.95,0.0462432730860075,0.005,,,True,True,0.4471544715447154,0.1538461538461538,0.1538461538461538,False
switzerland,v5_mask_only_dro,v5_mask,10,be0549617bb8b478de0037a7d30026ad8a37acf124c4f7170c0029656ff8d54f,mcar_10,3.0,composite_multiview_v3,-0.1495908413641488,0.7164170831140223,0.9414097447627858,0.8700939471615007,0.9,0.0579240047921712,0.005,,,True,True,0.4552845528455284,0.1538461538461538,0.1538461538461538,False
switzerland,v5_mask_only_dro,v5_mask,10,be0549617bb8b478de0037a7d30026ad8a37acf124c4f7170c0029656ff8d54f,mcar_10,4.0,composite_multiview_v3,-0.1536153740242035,0.7166917267235501,0.9124726614984344,0.8718372676315322,0.95,0.0756614590875944,0.005,,,True,True,0.4552845528455284,0.1538461538461538,0.2307692307692307,False
switzerland,v5_mask_only_dro,v5_mask,10,be0549617bb8b478de0037a7d30026ad8a37acf124c4f7170c0029656ff8d54f,mcar_10,5.0,composite_multiview_v3,-0.1349424955886105,0.6965475134044966,0.9846250146683118,0.91351697171503,0.95,0.0554456283543738,0.005,,,True,True,0.5528455284552846,0.1538461538461538,0.1538461538461538,False
switzerland,v5_mask_only_dro,v5_mask,10,be0549617bb8b478de0037a7d30026ad8a37acf124c4f7170c0029656ff8d54f,mcar_10,6.0,composite_multiview_v3,-0.146983531663367,0.7282536985152389,0.91356127968864,0.868620878155616,0.95,0.0548019394368035,0.005,,,True,True,0.4634146341463415,0.1538461538461538,0.1538461538461538,False
switzerland,v5_mask_only_dro,v5_mask,10,be0549617bb8b478de0037a7d30026ad8a37acf124c4f7170c0029656ff8d54f,mcar_10,7.0,composite_multiview_v3,-0.1438568441099702,0.7327804204686028,0.9522908824608298,0.8707887421648058,0.9,0.0486406093024615,0.005,,,True,True,0.5040650406504065,0.1538461538461538,0.1538461538461538,False
switzerland,v5_mask_only_dro,v5_mask,10,be0549617bb8b478de0037a7d30026ad8a37acf124c4f7170c0029656ff8d54f,mcar_10,8.0,composite_multiview_v3,-0.1308164659085578,0.7109875326875356,0.9769213727550524,0.8683019884060076,0.95,0.0610167845579656,0.005,,,True,True,0.4227642276422764,0.1538461538461538,0.2307692307692307,False
switzerland,v5_mask_only_dro,v5_mask,10,be0549617bb8b478de0037a7d30026ad8a37acf124c4f7170c0029656ff8d54f,mcar_10,9.0,composite_multiview_v3,-0.162628558173092,0.731813797758887,0.948794702238334,0.8969156184517724,0.95,0.0444690420510765,0.005,,,True,True,0.5203252032520326,0.1538461538461538,0.2307692307692307,False
switzerland,v5_mask_only_dro,v5_mask,10,be0549617bb8b478de0037a7d30026ad8a37acf124c4f7170c0029656ff8d54f,mcar_30,0.0,composite_multiview_v3,-0.0676885127911804,0.6805894439829783,0.9275971758580376,0.8952253770002065,0.9,0.015941925465985,0.005,,,True,True,0.2601626016260163,0.1538461538461538,0.1538461538461538,False
switzerland,v5_mask_only_dro,v5_mask,10,be0549617bb8b478de0037a7d30026ad8a37acf124c4f7170c0029656ff8d54f,mcar_30,1.0,composite_multiview_v3,-0.0592290073747609,0.7008810549962288,0.989999495733054,0.938877473326428,0.95,0.020680528078137,0.005,,,True,True,0.2845528455284553,0.1538461538461538,0.2307692307692307,False
switzerland,v5_mask_only_dro,v5_mask,10,be0549617bb8b478de0037a7d30026ad8a37acf124c4f7170c0029656ff8d54f,mcar_30,2.0,composite_multiview_v3,-0.0849173645098085,0.7795361031544268,0.9637853797203748,0.8621337845799918,0.9,0.0272789104738798,0.005,,,True,True,0.3089430894308943,0.1538461538461538,0.1538461538461538,False
switzerland,v5_mask_only_dro,v5_mask,10,be0549617bb8b478de0037a7d30026ad8a37acf124c4f7170c0029656ff8d54f,mcar_30,3.0,composite_multiview_v3,-0.0557930790824282,0.7263938644389956,0.987562036091524,0.8954004252729175,0.95,0.0278850764547794,0.005,,,True,True,0.3495934959349593,0.1538461538461538,0.1538461538461538,False
switzerland,v5_mask_only_dro,v5_mask,10,be0549617bb8b478de0037a7d30026ad8a37acf124c4f7170c0029656ff8d54f,mcar_30,4.0,composite_multiview_v3,-0.0144994147523505,0.8044779718161382,0.967185319187152,0.906972339265852,0.95,0.0224976186092511,0.005,,,True,True,0.2764227642276423,0.1538461538461538,0.1538461538461538,False
switzerland,v5_mask_only_dro,v5_mask,10,be0549617bb8b478de0037a7d30026ad8a37acf124c4f7170c0029656ff8d54f,mcar_30,5.0,composite_multiview_v3,-0.0611899991544295,0.706296173923203,0.9225761866963684,0.8883266161060054,0.9,0.0303285792895125,0.005,,,True,True,0.3089430894308943,0.1538461538461538,0.1538461538461538,False
switzerland,v5_mask_only_dro,v5_mask,10,be0549617bb8b478de0037a7d30026ad8a37acf124c4f7170c0029656ff8d54f,mcar_30,6.0,composite_multiview_v3,-0.0502966961733831,0.6469225909394519,0.9678121780202346,0.8899346043558303,0.9,0.0343314310370754,0.005,,,True,True,0.3414634146341463,0.1538461538461538,0.1538461538461538,False
switzerland,v5_mask_only_dro,v5_mask,10,be0549617bb8b478de0037a7d30026ad8a37acf124c4f7170c0029656ff8d54f,mcar_30,7.0,composite_multiview_v3,-0.0939136674011829,0.7080722825815495,0.8889613646237111,0.8495021516261695,0.9,0.0263727427593912,0.005,,,True,True,0.2601626016260163,0.1538461538461538,0.1538461538461538,False
switzerland,v5_mask_only_dro,v5_mask,10,be0549617bb8b478de0037a7d30026ad8a37acf124c4f7170c0029656ff8d54f,mcar_30,8.0,composite_multiview_v3,-0.0575131085390118,0.7689527475241341,0.8930440786810772,0.8473956548970124,0.9,0.032044808394971,0.005,,,True,True,0.2764227642276423,0.1538461538461538,0.2307692307692307,False
switzerland,v5_mask_only_dro,v5_mask,10,be0549617bb8b478de0037a7d30026ad8a37acf124c4f7170c0029656ff8d54f,mcar_30,9.0,composite_multiview_v3,-0.0668142415749597,0.6804454182161968,0.8378653968953844,0.8272481285944506,0.85,0.0295138915464349,0.005,,,True,True,0.3089430894308943,0.1538461538461538,0.1538461538461538,False
switzerland,v5_mask_only_dro,v5_mask,10,be0549617bb8b478de0037a7d30026ad8a37acf124c4f7170c0029656ff8d54f,mcar_50,0.0,composite_multiview_v3,0.0126297691943195,0.7160810221161853,0.989999495733054,0.9882106149368728,0.95,0.0140365304052776,0.005,,,True,True,0.4634146341463415,0.1538461538461538,0.1538461538461538,False
switzerland,v5_mask_only_dro,v5_mask,10,be0549617bb8b478de0037a7d30026ad8a37acf124c4f7170c0029656ff8d54f,mcar_50,1.0,composite_multiview_v3,-0.005025213026765,0.6221459131027597,0.989999495733054,0.9529826494438272,0.95,0.0080055420039351,0.03,,,True,True,0.4796747967479675,0.1538461538461538,0.1538461538461538,False
switzerland,v5_mask_only_dro,v5_mask,10,be0549617bb8b478de0037a7d30026ad8a37acf124c4f7170c0029656ff8d54f,mcar_50,2.0,composite_multiview_v3,0.0131437572986527,0.6679296360388421,0.9195698344767572,0.8716180485343239,0.9,0.0121578724613474,0.005,,,True,True,0.4715447154471545,0.1538461538461538,0.1538461538461538,False
switzerland,v5_mask_only_dro,v5_mask,10,be0549617bb8b478de0037a7d30026ad8a37acf124c4f7170c0029656ff8d54f,mcar_50,3.0,composite_multiview_v3,0.0502781757886302,0.6780130598787999,0.9032042626245612,0.8957489542143029,0.9,0.0151526868293211,0.005,,,True,True,0.4065040650406504,0.1538461538461538,0.1538461538461538,False
switzerland,v5_mask_only_dro,v5_mask,10,be0549617bb8b478de0037a7d30026ad8a37acf124c4f7170c0029656ff8d54f,mcar_50,4.0,composite_multiview_v3,0.0668386241361161,0.6256307061778007,0.8845700446681608,0.8659887268480668,0.85,0.0120213688361816,0.005,,,True,True,0.3902439024390244,0.1538461538461538,0.1538461538461538,False
switzerland,v5_mask_only_dro,v5_mask,10,be0549617bb8b478de0037a7d30026ad8a37acf124c4f7170c0029656ff8d54f,mcar_50,5.0,composite_multiview_v3,-0.0307256797016888,0.7096001990856925,0.8498042236692642,0.8389182727526351,0.85,0.0133141594576441,0.005,,,True,True,0.4065040650406504,0.0769230769230769,0.1538461538461538,False
switzerland,v5_mask_only_dro,v5_mask,10,be0549617bb8b478de0037a7d30026ad8a37acf124c4f7170c0029656ff8d54f,mcar_50,6.0,composite_multiview_v3,0.0186797323443862,0.7425874850396206,0.9207430264533932,0.8795382797613843,0.9,0.0145021980386599,0.005,,,True,True,0.4390243902439024,0.0769230769230769,0.1538461538461538,False
switzerland,v5_mask_only_dro,v5_mask,10,be0549617bb8b478de0037a7d30026ad8a37acf124c4f7170c0029656ff8d54f,mcar_50,7.0,composite_multiview_v3,0.0518350858383691,0.6543277568054857,0.8620809219154467,0.8298237501017321,0.85,0.0110399012417124,0.005,,,True,True,0.3414634146341463,0.0769230769230769,0.1538461538461538,False
switzerland,v5_mask_only_dro,v5_mask,10,be0549617bb8b478de0037a7d30026ad8a37acf124c4f7170c0029656ff8d54f,mcar_50,8.0,composite_multiview_v3,0.0022407137679306,0.5833969112261168,0.9780157916887352,0.8680713579871785,0.9,0.0148994551100586,0.005,,,True,True,0.4552845528455284,0.1538461538461538,0.1538461538461538,False
switzerland,v5_mask_only_dro,v5_mask,10,be0549617bb8b478de0037a7d30026ad8a37acf124c4f7170c0029656ff8d54f,mcar_50,9.0,composite_multiview_v3,0.0228141077211299,0.7032757237860653,0.8578972575444475,0.8201652951276543,0.85,0.0165237543622803,0.005,,,True,True,0.3983739837398374,0.0769230769230769,0.1538461538461538,False
switzerland,v5_mask_only_dro,v5_mask,10,be0549617bb8b478de0037a7d30026ad8a37acf124c4f7170c0029656ff8d54f,natural,0.0,composite_multiview_v3,-0.1710353938864109,0.7208476559254781,0.9689635329426765,0.8951179841679222,0.95,0.2114009872817575,0.005,,,True,True,0.7235772357723578,0.0769230769230769,0.2307692307692307,False
va_long_beach,v2_prior_separated,v2,5,be0549617bb8b478de0037a7d30026ad8a37acf124c4f7170c0029656ff8d54f,drop_advanced,0.0,composite_multiview_v3,-0.0760290608121053,1.1284212707878134,0.989999495733054,0.99,0.95,0.0745198656079146,0.005,,,True,True,0.76,0.0769230769230769,0.0769230769230769,False
va_long_beach,v2_prior_separated,v2,5,be0549617bb8b478de0037a7d30026ad8a37acf124c4f7170c0029656ff8d54f,drop_exercise,0.0,composite_multiview_v3,-1.1455360656526363,1.848332911429449,0.8552670423639005,0.815400678920647,0.85,0.0779454348909709,0.005,,,True,True,0.935,0.0769230769230769,0.0769230769230769,False
va_long_beach,v2_prior_separated,v2,5,be0549617bb8b478de0037a7d30026ad8a37acf124c4f7170c0029656ff8d54f,drop_routine,0.0,composite_multiview_v3,0.0678705004000476,1.1385330539744984,0.989999495733054,0.99,0.95,0.0849176528625373,0.005,,,True,True,0.74,0.0769230769230769,0.0769230769230769,False
va_long_beach,v2_prior_separated,v2,5,be0549617bb8b478de0037a7d30026ad8a37acf124c4f7170c0029656ff8d54f,empirical_source,0.0,composite_multiview_v3,-0.0496033516814865,1.1731970920420267,0.989999495733054,0.99,0.95,0.0658551838363145,0.005,,,True,True,0.8,0.0769230769230769,0.0769230769230769,False
va_long_beach,v2_prior_separated,v2,5,be0549617bb8b478de0037a7d30026ad8a37acf124c4f7170c0029656ff8d54f,empirical_source,1.0,composite_multiview_v3,-0.1027402315557799,1.0709346151850276,0.989999495733054,0.99,0.95,0.0698985239833197,0.005,,,True,True,0.705,0.1538461538461538,0.1538461538461538,False
va_long_beach,v2_prior_separated,v2,5,be0549617bb8b478de0037a7d30026ad8a37acf124c4f7170c0029656ff8d54f,empirical_source,2.0,composite_multiview_v3,-0.0804622208583958,1.0799686985670822,0.989999495733054,0.99,0.95,0.0619490267390727,0.005,,,True,True,0.81,0.0769230769230769,0.0769230769230769,False
va_long_beach,v2_prior_separated,v2,5,be0549617bb8b478de0037a7d30026ad8a37acf124c4f7170c0029656ff8d54f,empirical_source,3.0,composite_multiview_v3,-0.0788501621238227,1.1384906423544752,0.989999495733054,0.99,0.95,0.0597155268992173,0.005,,,True,True,0.7,0.1538461538461538,0.1538461538461538,False
va_long_beach,v2_prior_separated,v2,5,be0549617bb8b478de0037a7d30026ad8a37acf124c4f7170c0029656ff8d54f,empirical_source,4.0,composite_multiview_v3,-0.0747418392343093,1.09548328638823,0.989999495733054,0.99,0.95,0.0716126111355552,0.005,,,True,True,0.76,0.0769230769230769,0.0769230769230769,False
va_long_beach,v2_prior_separated,v2,5,be0549617bb8b478de0037a7d30026ad8a37acf124c4f7170c0029656ff8d54f,empirical_source,5.0,composite_multiview_v3,-0.0494379039376006,1.1248224108391496,0.989999495733054,0.99,0.95,0.0575889955284446,0.005,,,True,True,0.705,0.1538461538461538,0.1538461538461538,False
va_long_beach,v2_prior_separated,v2,5,be0549617bb8b478de0037a7d30026ad8a37acf124c4f7170c0029656ff8d54f,empirical_source,6.0,composite_multiview_v3,-0.0825011602059501,1.0793121929968523,0.989999495733054,0.99,0.95,0.0638175439548284,0.005,,,True,True,0.705,0.1538461538461538,0.1538461538461538,False
va_long_beach,v2_prior_separated,v2,5,be0549617bb8b478de0037a7d30026ad8a37acf124c4f7170c0029656ff8d54f,empirical_source,7.0,composite_multiview_v3,-0.0821742528777603,1.103972559080134,0.989999495733054,0.99,0.95,0.0681409815849165,0.005,,,True,True,0.71,0.1538461538461538,0.2307692307692307,False
va_long_beach,v2_prior_separated,v2,5,be0549617bb8b478de0037a7d30026ad8a37acf124c4f7170c0029656ff8d54f,empirical_source,8.0,composite_multiview_v3,-0.0676065026589683,1.1499907565307044,0.989999495733054,0.99,0.95,0.0629091572380512,0.005,,,True,True,0.705,0.1538461538461538,0.1538461538461538,False
va_long_beach,v2_prior_separated,v2,5,be0549617bb8b478de0037a7d30026ad8a37acf124c4f7170c0029656ff8d54f,empirical_source,9.0,composite_multiview_v3,-0.0796261795213821,1.1284668847147965,0.989999495733054,0.99,0.95,0.0580815786423713,0.005,,,True,True,0.765,0.0769230769230769,0.1538461538461538,False
va_long_beach,v2_prior_separated,v2,5,be0549617bb8b478de0037a7d30026ad8a37acf124c4f7170c0029656ff8d54f,mar_age_sex_30,0.0,composite_multiview_v3,-0.2318139406056555,1.0528331627594054,0.989999495733054,0.9667212059598508,0.95,0.0421890181108622,0.005,,,True,True,0.545,0.0769230769230769,0.1538461538461538,False
va_long_beach,v2_prior_separated,v2,5,be0549617bb8b478de0037a7d30026ad8a37acf124c4f7170c0029656ff8d54f,mar_age_sex_30,1.0,composite_multiview_v3,-0.2406546304615442,1.1156882745717314,0.989999495733054,0.961364698030831,0.95,0.052840297441653,0.005,,,True,True,0.6,0.0769230769230769,0.1538461538461538,False
va_long_beach,v2_prior_separated,v2,5,be0549617bb8b478de0037a7d30026ad8a37acf124c4f7170c0029656ff8d54f,mar_age_sex_30,2.0,composite_multiview_v3,-0.1881982641475377,1.2462427358656252,0.989999495733054,0.9510664983525337,0.95,0.0453331782043106,0.005,,,True,True,0.605,0.0769230769230769,0.0769230769230769,False
va_long_beach,v2_prior_separated,v2,5,be0549617bb8b478de0037a7d30026ad8a37acf124c4f7170c0029656ff8d54f,mar_age_sex_30,3.0,composite_multiview_v3,-0.1757010366948188,1.4586910425094866,0.989999495733054,0.988130869264167,0.95,0.0418639347521268,0.005,,,True,True,0.65,0.0769230769230769,0.1538461538461538,False
va_long_beach,v2_prior_separated,v2,5,be0549617bb8b478de0037a7d30026ad8a37acf124c4f7170c0029656ff8d54f,mar_age_sex_30,4.0,composite_multiview_v3,-0.2017056361881072,1.0676169845166064,0.989999495733054,0.99,0.95,0.0397339382691349,0.005,,,True,True,0.555,0.0769230769230769,0.1538461538461538,False
va_long_beach,v2_prior_separated,v2,5,be0549617bb8b478de0037a7d30026ad8a37acf124c4f7170c0029656ff8d54f,mar_age_sex_30,5.0,composite_multiview_v3,-0.1800835206597618,1.19846653130494,0.989999495733054,0.969963927276762,0.95,0.045435029413786,0.005,,,True,True,0.595,0.0769230769230769,0.1538461538461538,False
va_long_beach,v2_prior_separated,v2,5,be0549617bb8b478de0037a7d30026ad8a37acf124c4f7170c0029656ff8d54f,mar_age_sex_30,6.0,composite_multiview_v3,-0.2210483356372387,1.2666039747877238,0.989999495733054,0.9656626576526088,0.95,0.0391671984499305,0.005,,,True,True,0.64,0.0769230769230769,0.0769230769230769,False
va_long_beach,v2_prior_separated,v2,5,be0549617bb8b478de0037a7d30026ad8a37acf124c4f7170c0029656ff8d54f,mar_age_sex_30,7.0,composite_multiview_v3,-0.272472878569117,1.2748505254963318,0.989999495733054,0.8860126302776989,0.95,0.0497517106789059,0.005,,,True,True,0.535,0.1538461538461538,0.1538461538461538,False
va_long_beach,v2_prior_separated,v2,5,be0549617bb8b478de0037a7d30026ad8a37acf124c4f7170c0029656ff8d54f,mar_age_sex_30,8.0,composite_multiview_v3,-0.2133006420885788,1.1787149957930063,0.989999495733054,0.927060469945498,0.95,0.0562554056778878,0.005,,,True,True,0.545,0.0769230769230769,0.1538461538461538,False
va_long_beach,v2_prior_separated,v2,5,be0549617bb8b478de0037a7d30026ad8a37acf124c4f7170c0029656ff8d54f,mar_age_sex_30,9.0,composite_multiview_v3,-0.2011473314116108,1.231508877191538,0.989999495733054,0.9592541652998088,0.95,0.0353645124874884,0.005,,,True,True,0.61,0.0769230769230769,0.0769230769230769,False
va_long_beach,v2_prior_separated,v2,5,be0549617bb8b478de0037a7d30026ad8a37acf124c4f7170c0029656ff8d54f,mcar_10,0.0,composite_multiview_v3,-0.1120250456423562,1.203949932635795,0.989999495733054,0.99,0.95,0.0450094797072955,0.005,,,True,True,0.58,0.1538461538461538,0.2307692307692307,False
va_long_beach,v2_prior_separated,v2,5,be0549617bb8b478de0037a7d30026ad8a37acf124c4f7170c0029656ff8d54f,mcar_10,1.0,composite_multiview_v3,-0.1916670209243794,1.1109772392528068,0.989999495733054,0.9538493051358996,0.95,0.0340890488847915,0.005,,,True,True,0.515,0.2307692307692307,0.3076923076923077,False
va_long_beach,v2_prior_separated,v2,5,be0549617bb8b478de0037a7d30026ad8a37acf124c4f7170c0029656ff8d54f,mcar_10,2.0,composite_multiview_v3,-0.1534888488723548,1.1346267405314716,0.989999495733054,0.99,0.95,0.0343133209086323,0.005,,,True,True,0.59,0.1538461538461538,0.2307692307692307,False
va_long_beach,v2_prior_separated,v2,5,be0549617bb8b478de0037a7d30026ad8a37acf124c4f7170c0029656ff8d54f,mcar_10,3.0,composite_multiview_v3,-0.1732990312678953,1.2469495948587184,0.989999495733054,0.9751209727692532,0.95,0.0401438915483118,0.005,,,True,True,0.55,0.2307692307692307,0.3076923076923077,False
va_long_beach,v2_prior_separated,v2,5,be0549617bb8b478de0037a7d30026ad8a37acf124c4f7170c0029656ff8d54f,mcar_10,4.0,composite_multiview_v3,-0.17820376897975,1.207982668333364,0.989999495733054,0.99,0.95,0.038416771227823,0.005,,,True,True,0.605,0.1538461538461538,0.2307692307692307,False
va_long_beach,v2_prior_separated,v2,5,be0549617bb8b478de0037a7d30026ad8a37acf124c4f7170c0029656ff8d54f,mcar_10,5.0,composite_multiview_v3,-0.1425508638687634,1.174248756074185,0.989999495733054,0.99,0.95,0.035561817242562,0.005,,,True,True,0.57,0.2307692307692307,0.2307692307692307,False
va_long_beach,v2_prior_separated,v2,5,be0549617bb8b478de0037a7d30026ad8a37acf124c4f7170c0029656ff8d54f,mcar_10,6.0,composite_multiview_v3,-0.1015917372617212,1.2802180154774718,0.989999495733054,0.99,0.95,0.04090322544762,0.005,,,True,True,0.605,0.1538461538461538,0.2307692307692307,False
va_long_beach,v2_prior_separated,v2,5,be0549617bb8b478de0037a7d30026ad8a37acf124c4f7170c0029656ff8d54f,mcar_10,7.0,composite_multiview_v3,-0.1940149785970123,1.1813506533973812,0.989999495733054,0.9605069200777192,0.95,0.0424966403088056,0.005,,,True,True,0.6,0.1538461538461538,0.3076923076923077,False
va_long_beach,v2_prior_separated,v2,5,be0549617bb8b478de0037a7d30026ad8a37acf124c4f7170c0029656ff8d54f,mcar_10,8.0,composite_multiview_v3,-0.1646050895234037,1.1800157136399307,0.989999495733054,0.99,0.95,0.0345951507650132,0.005,,,True,True,0.59,0.2307692307692307,0.2307692307692307,False
va_long_beach,v2_prior_separated,v2,5,be0549617bb8b478de0037a7d30026ad8a37acf124c4f7170c0029656ff8d54f,mcar_10,9.0,composite_multiview_v3,-0.1198591877481168,1.2013422718087603,0.989999495733054,0.99,0.95,0.0400072677760417,0.005,,,True,True,0.59,0.1538461538461538,0.3076923076923077,False
va_long_beach,v2_prior_separated,v2,5,be0549617bb8b478de0037a7d30026ad8a37acf124c4f7170c0029656ff8d54f,mcar_30,0.0,composite_multiview_v3,-0.0638661461999447,1.243540790814209,0.989999495733054,0.98778413947241,0.95,0.021680654940354,0.005,,,True,True,0.445,0.1538461538461538,0.1538461538461538,False
va_long_beach,v2_prior_separated,v2,5,be0549617bb8b478de0037a7d30026ad8a37acf124c4f7170c0029656ff8d54f,mcar_30,1.0,composite_multiview_v3,-0.1627935432224429,1.1087791602042094,0.989999495733054,0.9471674140734254,0.95,0.0193150723167811,0.005,,,True,True,0.47,0.1538461538461538,0.1538461538461538,False
va_long_beach,v2_prior_separated,v2,5,be0549617bb8b478de0037a7d30026ad8a37acf124c4f7170c0029656ff8d54f,mcar_30,2.0,composite_multiview_v3,-0.1743441519582044,1.247980802614936,0.989999495733054,0.99,0.95,0.0198189011726787,0.005,,,True,True,0.475,0.1538461538461538,0.1538461538461538,False
va_long_beach,v2_prior_separated,v2,5,be0549617bb8b478de0037a7d30026ad8a37acf124c4f7170c0029656ff8d54f,mcar_30,3.0,composite_multiview_v3,-0.1667764263447829,1.039540942123561,0.989999495733054,0.985398940499051,0.95,0.0251591511239457,0.005,,,True,True,0.515,0.1538461538461538,0.2307692307692307,False
va_long_beach,v2_prior_separated,v2,5,be0549617bb8b478de0037a7d30026ad8a37acf124c4f7170c0029656ff8d54f,mcar_30,4.0,composite_multiview_v3,-0.1560676268072416,1.1125026905857232,0.989999495733054,0.99,0.95,0.0279147858618994,0.005,,,True,True,0.45,0.1538461538461538,0.2307692307692307,False
va_long_beach,v2_prior_separated,v2,5,be0549617bb8b478de0037a7d30026ad8a37acf124c4f7170c0029656ff8d54f,mcar_30,5.0,composite_multiview_v3,-0.105478420192899,1.107846454412862,0.989999495733054,0.9863911747617368,0.95,0.0209723516370069,0.005,,,True,True,0.46,0.1538461538461538,0.2307692307692307,False
va_long_beach,v2_prior_separated,v2,5,be0549617bb8b478de0037a7d30026ad8a37acf124c4f7170c0029656ff8d54f,mcar_30,6.0,composite_multiview_v3,-0.1854977893671024,1.106091510276369,0.989999495733054,0.9428672761218062,0.95,0.0171921881024881,0.005,,,True,True,0.45,0.1538461538461538,0.1538461538461538,False
va_long_beach,v2_prior_separated,v2,5,be0549617bb8b478de0037a7d30026ad8a37acf124c4f7170c0029656ff8d54f,mcar_30,7.0,composite_multiview_v3,-0.158287630463257,1.071160580036836,0.989999495733054,0.975723432984578,0.95,0.0167073712809727,0.005,,,True,True,0.485,0.1538461538461538,0.2307692307692307,False
va_long_beach,v2_prior_separated,v2,5,be0549617bb8b478de0037a7d30026ad8a37acf124c4f7170c0029656ff8d54f,mcar_30,8.0,composite_multiview_v3,-0.164194986557985,1.3103169912297168,0.989999495733054,0.976789455556266,0.95,0.0197262972134185,0.005,,,True,True,0.48,0.1538461538461538,0.1538461538461538,False
va_long_beach,v2_prior_separated,v2,5,be0549617bb8b478de0037a7d30026ad8a37acf124c4f7170c0029656ff8d54f,mcar_30,9.0,composite_multiview_v3,-0.1487720209931579,1.163170406452715,0.989999495733054,0.974603734282795,0.95,0.0215234426375825,0.005,,,True,True,0.405,0.1538461538461538,0.2307692307692307,False
va_long_beach,v2_prior_separated,v2,5,be0549617bb8b478de0037a7d30026ad8a37acf124c4f7170c0029656ff8d54f,mcar_50,0.0,composite_multiview_v3,-0.0956896446771553,1.0110270018299743,0.989999495733054,0.9153677511611028,0.95,0.0184547185215431,0.005,,,True,True,0.585,0.0769230769230769,0.1538461538461538,False
va_long_beach,v2_prior_separated,v2,5,be0549617bb8b478de0037a7d30026ad8a37acf124c4f7170c0029656ff8d54f,mcar_50,1.0,composite_multiview_v3,-0.1549082991302895,1.2184648088814718,0.989999495733054,0.9079522997757244,0.95,0.0169561447852387,0.005,,,True,True,0.645,0.0769230769230769,0.1538461538461538,False
va_long_beach,v2_prior_separated,v2,5,be0549617bb8b478de0037a7d30026ad8a37acf124c4f7170c0029656ff8d54f,mcar_50,2.0,composite_multiview_v3,-0.0822508407486809,1.3369342320609354,0.989999495733054,0.8829883576429532,0.9,0.0143606885088777,0.005,,,True,True,0.65,0.0769230769230769,0.1538461538461538,False
va_long_beach,v2_prior_separated,v2,5,be0549617bb8b478de0037a7d30026ad8a37acf124c4f7170c0029656ff8d54f,mcar_50,3.0,composite_multiview_v3,-0.1364522370271422,1.548865115980632,0.9668083882066156,0.8598361184351239,0.85,0.0159065429369472,0.005,,,True,True,0.61,0.0769230769230769,0.1538461538461538,False
va_long_beach,v2_prior_separated,v2,5,be0549617bb8b478de0037a7d30026ad8a37acf124c4f7170c0029656ff8d54f,mcar_50,4.0,composite_multiview_v3,-0.2149665066817717,0.9602653942923164,0.950121124419631,0.8504871260129357,0.85,0.0190404217915735,0.005,,,True,True,0.535,0.0769230769230769,0.1538461538461538,False
va_long_beach,v2_prior_separated,v2,5,be0549617bb8b478de0037a7d30026ad8a37acf124c4f7170c0029656ff8d54f,mcar_50,5.0,composite_multiview_v3,-0.1667153475422007,1.393902065291919,0.989999495733054,0.9225674708968952,0.95,0.010031433281438,0.005,,,True,True,0.6,0.0769230769230769,0.1538461538461538,False
va_long_beach,v2_prior_separated,v2,5,be0549617bb8b478de0037a7d30026ad8a37acf124c4f7170c0029656ff8d54f,mcar_50,6.0,composite_multiview_v3,-0.10376044547206,1.158673156691369,0.989999495733054,0.9170616519184231,0.95,0.0161664378055595,0.005,,,True,True,0.585,0.0769230769230769,0.1538461538461538,False
va_long_beach,v2_prior_separated,v2,5,be0549617bb8b478de0037a7d30026ad8a37acf124c4f7170c0029656ff8d54f,mcar_50,7.0,composite_multiview_v3,-0.1508750367122633,1.3092696906981351,0.989999495733054,0.8928829832760081,0.9,0.0154316654080632,0.005,,,True,True,0.57,0.0769230769230769,0.1538461538461538,False
va_long_beach,v2_prior_separated,v2,5,be0549617bb8b478de0037a7d30026ad8a37acf124c4f7170c0029656ff8d54f,mcar_50,8.0,composite_multiview_v3,-0.1461150463777902,0.9432703900714002,0.989999495733054,0.9363698778179064,0.95,0.0215846549900965,0.005,,,True,True,0.56,0.1538461538461538,0.1538461538461538,False
va_long_beach,v2_prior_separated,v2,5,be0549617bb8b478de0037a7d30026ad8a37acf124c4f7170c0029656ff8d54f,mcar_50,9.0,composite_multiview_v3,-0.2508922164438674,1.285564414905683,0.9251538737202496,0.834377735750174,0.85,0.0133886652044856,0.005,,,True,True,0.62,0.0769230769230769,0.1538461538461538,False
va_long_beach,v2_prior_separated,v2,5,be0549617bb8b478de0037a7d30026ad8a37acf124c4f7170c0029656ff8d54f,natural,0.0,composite_multiview_v3,-0.1454805525902548,1.1688619746389732,0.989999495733054,0.99,0.95,0.0867862343944979,0.005,,,True,True,0.705,0.1538461538461538,0.1538461538461538,False
va_long_beach,v5_mask_only_dro,v5_mask,5,be0549617bb8b478de0037a7d30026ad8a37acf124c4f7170c0029656ff8d54f,drop_advanced,0.0,composite_multiview_v3,-0.0162786045292612,1.2482402132707349,0.989999495733054,0.9580182968861404,0.95,0.0623831732031398,0.005,,,True,True,0.76,0.0769230769230769,0.0769230769230769,False
va_long_beach,v5_mask_only_dro,v5_mask,5,be0549617bb8b478de0037a7d30026ad8a37acf124c4f7170c0029656ff8d54f,drop_exercise,0.0,composite_multiview_v3,-0.5135502949074047,1.5633737885507677,0.7880695342078639,0.7975330730047318,0.85,0.0760933041220526,0.005,,,True,True,0.935,0.0769230769230769,0.0769230769230769,False
va_long_beach,v5_mask_only_dro,v5_mask,5,be0549617bb8b478de0037a7d30026ad8a37acf124c4f7170c0029656ff8d54f,drop_routine,0.0,composite_multiview_v3,-0.2726610394957305,1.298022103669791,0.989999495733054,0.976390862704854,0.95,0.0815238361351023,0.005,,,True,True,0.74,0.0769230769230769,0.0769230769230769,False
va_long_beach,v5_mask_only_dro,v5_mask,5,be0549617bb8b478de0037a7d30026ad8a37acf124c4f7170c0029656ff8d54f,empirical_source,0.0,composite_multiview_v3,-0.0282053576975588,1.3036136239316902,0.989999495733054,0.9624229818811956,0.95,0.0583061968056008,0.005,,,True,True,0.8,0.0769230769230769,0.0769230769230769,False
va_long_beach,v5_mask_only_dro,v5_mask,5,be0549617bb8b478de0037a7d30026ad8a37acf124c4f7170c0029656ff8d54f,empirical_source,1.0,composite_multiview_v3,-0.0664825900004157,1.2416994304927431,0.989999495733054,0.966727800476824,0.95,0.0581947300970477,0.005,,,True,True,0.705,0.1538461538461538,0.1538461538461538,False
va_long_beach,v5_mask_only_dro,v5_mask,5,be0549617bb8b478de0037a7d30026ad8a37acf124c4f7170c0029656ff8d54f,empirical_source,2.0,composite_multiview_v3,-0.0474661105302343,1.2769767441064674,0.989999495733054,0.978697116773897,0.95,0.0474983030729359,0.005,,,True,True,0.81,0.0769230769230769,0.0769230769230769,False
va_long_beach,v5_mask_only_dro,v5_mask,5,be0549617bb8b478de0037a7d30026ad8a37acf124c4f7170c0029656ff8d54f,empirical_source,3.0,composite_multiview_v3,-0.0553566623783989,1.2693762751930713,0.989999495733054,0.9698210157617486,0.95,0.0511353462559612,0.005,,,True,True,0.7,0.1538461538461538,0.1538461538461538,False
va_long_beach,v5_mask_only_dro,v5_mask,5,be0549617bb8b478de0037a7d30026ad8a37acf124c4f7170c0029656ff8d54f,empirical_source,4.0,composite_multiview_v3,-0.0566961851739739,1.2396263180247145,0.989999495733054,0.97686806670005,0.95,0.0582464339464212,0.005,,,True,True,0.76,0.0769230769230769,0.0769230769230769,False
va_long_beach,v5_mask_only_dro,v5_mask,5,be0549617bb8b478de0037a7d30026ad8a37acf124c4f7170c0029656ff8d54f,empirical_source,5.0,composite_multiview_v3,-0.0325535388261252,1.2757932202671878,0.989999495733054,0.9840151158693538,0.95,0.048637609673149,0.005,,,True,True,0.705,0.1538461538461538,0.1538461538461538,False
va_long_beach,v5_mask_only_dro,v5_mask,5,be0549617bb8b478de0037a7d30026ad8a37acf124c4f7170c0029656ff8d54f,empirical_source,6.0,composite_multiview_v3,-0.0428685360118347,1.2573532278991748,0.989999495733054,0.984489163536357,0.95,0.0551995388389576,0.005,,,True,True,0.705,0.1538461538461538,0.1538461538461538,False
va_long_beach,v5_mask_only_dro,v5_mask,5,be0549617bb8b478de0037a7d30026ad8a37acf124c4f7170c0029656ff8d54f,empirical_source,7.0,composite_multiview_v3,-0.0703134434560299,1.2488136374504497,0.989999495733054,0.9765482206050164,0.95,0.0585858517967283,0.005,,,True,True,0.71,0.1538461538461538,0.2307692307692307,False
va_long_beach,v5_mask_only_dro,v5_mask,5,be0549617bb8b478de0037a7d30026ad8a37acf124c4f7170c0029656ff8d54f,empirical_source,8.0,composite_multiview_v3,-0.0518909282221091,1.26491420686891,0.989999495733054,0.973431789739612,0.95,0.0548996450492549,0.005,,,True,True,0.705,0.1538461538461538,0.1538461538461538,False
va_long_beach,v5_mask_only_dro,v5_mask,5,be0549617bb8b478de0037a7d30026ad8a37acf124c4f7170c0029656ff8d54f,empirical_source,9.0,composite_multiview_v3,-0.0525907080744587,1.2556630664079806,0.989999495733054,0.9739758105525526,0.95,0.0489023251390912,0.005,,,True,True,0.765,0.0769230769230769,0.1538461538461538,False
va_long_beach,v5_mask_only_dro,v5_mask,5,be0549617bb8b478de0037a7d30026ad8a37acf124c4f7170c0029656ff8d54f,mar_age_sex_30,0.0,composite_multiview_v3,-0.2495833892205567,1.2215538153934824,0.989999495733054,0.9699590014881412,0.95,0.0355339153010329,0.005,,,True,True,0.545,0.0769230769230769,0.1538461538461538,False
va_long_beach,v5_mask_only_dro,v5_mask,5,be0549617bb8b478de0037a7d30026ad8a37acf124c4f7170c0029656ff8d54f,mar_age_sex_30,1.0,composite_multiview_v3,-0.2450095349384728,1.153652217692743,0.989999495733054,0.9481460436152755,0.95,0.0454215438765896,0.005,,,True,True,0.6,0.0769230769230769,0.1538461538461538,False
va_long_beach,v5_mask_only_dro,v5_mask,5,be0549617bb8b478de0037a7d30026ad8a37acf124c4f7170c0029656ff8d54f,mar_age_sex_30,2.0,composite_multiview_v3,-0.198158583360595,1.4067215413626242,0.9620851593131592,0.9514131082202552,0.95,0.0414517001426997,0.005,,,True,True,0.605,0.0769230769230769,0.0769230769230769,False
va_long_beach,v5_mask_only_dro,v5_mask,5,be0549617bb8b478de0037a7d30026ad8a37acf124c4f7170c0029656ff8d54f,mar_age_sex_30,3.0,composite_multiview_v3,-0.1820872520077689,1.5446803051806863,0.989999495733054,0.9677323142244308,0.95,0.0378879713629468,0.005,,,True,True,0.65,0.0769230769230769,0.1538461538461538,False
va_long_beach,v5_mask_only_dro,v5_mask,5,be0549617bb8b478de0037a7d30026ad8a37acf124c4f7170c0029656ff8d54f,mar_age_sex_30,4.0,composite_multiview_v3,-0.2086583597972252,1.2242305158858653,0.989999495733054,0.9659239775440668,0.95,0.0346347144779885,0.005,,,True,True,0.555,0.0769230769230769,0.1538461538461538,False
va_long_beach,v5_mask_only_dro,v5_mask,5,be0549617bb8b478de0037a7d30026ad8a37acf124c4f7170c0029656ff8d54f,mar_age_sex_30,5.0,composite_multiview_v3,-0.2051927194989783,1.2946592869394362,0.989999495733054,0.9667369642336382,0.95,0.0380750817942879,0.005,,,True,True,0.595,0.0769230769230769,0.1538461538461538,False
va_long_beach,v5_mask_only_dro,v5_mask,5,be0549617bb8b478de0037a7d30026ad8a37acf124c4f7170c0029656ff8d54f,mar_age_sex_30,6.0,composite_multiview_v3,-0.2248221775352394,1.338746163573136,0.9894721043645544,0.9301419180317196,0.95,0.0363111482312061,0.005,,,True,True,0.64,0.0769230769230769,0.0769230769230769,False
va_long_beach,v5_mask_only_dro,v5_mask,5,be0549617bb8b478de0037a7d30026ad8a37acf124c4f7170c0029656ff8d54f,mar_age_sex_30,7.0,composite_multiview_v3,-0.2423823765756277,1.3623092942886608,0.9428138545398316,0.8709269236776693,0.95,0.0451550249539024,0.005,,,True,True,0.535,0.1538461538461538,0.1538461538461538,False
va_long_beach,v5_mask_only_dro,v5_mask,5,be0549617bb8b478de0037a7d30026ad8a37acf124c4f7170c0029656ff8d54f,mar_age_sex_30,8.0,composite_multiview_v3,-0.2300453155716266,1.2374646965502072,0.9897725883661506,0.9236998634861128,0.95,0.0508969643574038,0.005,,,True,True,0.545,0.0769230769230769,0.1538461538461538,False
va_long_beach,v5_mask_only_dro,v5_mask,5,be0549617bb8b478de0037a7d30026ad8a37acf124c4f7170c0029656ff8d54f,mar_age_sex_30,9.0,composite_multiview_v3,-0.2416705485738201,1.3660093875922965,0.958981794475643,0.9408495572767904,0.95,0.0299232884152746,0.005,,,True,True,0.61,0.0769230769230769,0.0769230769230769,False
va_long_beach,v5_mask_only_dro,v5_mask,5,be0549617bb8b478de0037a7d30026ad8a37acf124c4f7170c0029656ff8d54f,mcar_10,0.0,composite_multiview_v3,-0.1192597889522144,1.298943801768353,0.989999495733054,0.935734674901719,0.9,0.0366580697162345,0.005,,,True,True,0.58,0.1538461538461538,0.2307692307692307,False
va_long_beach,v5_mask_only_dro,v5_mask,5,be0549617bb8b478de0037a7d30026ad8a37acf124c4f7170c0029656ff8d54f,mcar_10,1.0,composite_multiview_v3,-0.1630069206676912,1.29398086727991,0.9552287871348576,0.931957748058528,0.9,0.0283163307749341,0.005,,,True,True,0.515,0.2307692307692307,0.3076923076923077,False
va_long_beach,v5_mask_only_dro,v5_mask,5,be0549617bb8b478de0037a7d30026ad8a37acf124c4f7170c0029656ff8d54f,mcar_10,2.0,composite_multiview_v3,-0.1538183090893733,1.295447406674126,0.9651931510484332,0.9470769636642544,0.9,0.0274124659725477,0.005,,,True,True,0.59,0.1538461538461538,0.2307692307692307,False
va_long_beach,v5_mask_only_dro,v5_mask,5,be0549617bb8b478de0037a7d30026ad8a37acf124c4f7170c0029656ff8d54f,mcar_10,3.0,composite_multiview_v3,-0.1482052815519416,1.429199731054682,0.9431083009841807,0.9239163927192404,0.9,0.0361871244788834,0.005,,,True,True,0.55,0.2307692307692307,0.3076923076923077,False
va_long_beach,v5_mask_only_dro,v5_mask,5,be0549617bb8b478de0037a7d30026ad8a37acf124c4f7170c0029656ff8d54f,mcar_10,4.0,composite_multiview_v3,-0.1220054972406095,1.38329614789952,0.9854107361369034,0.9503917123257408,0.95,0.0321521721716283,0.005,,,True,True,0.605,0.1538461538461538,0.2307692307692307,False
va_long_beach,v5_mask_only_dro,v5_mask,5,be0549617bb8b478de0037a7d30026ad8a37acf124c4f7170c0029656ff8d54f,mcar_10,5.0,composite_multiview_v3,-0.1299534950603438,1.350378912789148,0.989999495733054,0.9365609020599064,0.9,0.0294810883050242,0.005,,,True,True,0.57,0.2307692307692307,0.2307692307692307,False
va_long_beach,v5_mask_only_dro,v5_mask,5,be0549617bb8b478de0037a7d30026ad8a37acf124c4f7170c0029656ff8d54f,mcar_10,6.0,composite_multiview_v3,-0.0455653158013083,1.456665759128572,0.989999495733054,0.9773695051595368,0.95,0.0340234060621856,0.005,,,True,True,0.605,0.1538461538461538,0.2307692307692307,False
va_long_beach,v5_mask_only_dro,v5_mask,5,be0549617bb8b478de0037a7d30026ad8a37acf124c4f7170c0029656ff8d54f,mcar_10,7.0,composite_multiview_v3,-0.1562217679770377,1.353599291829365,0.9588584255045888,0.9274191921035556,0.9,0.0347058062276373,0.005,,,True,True,0.6,0.1538461538461538,0.3076923076923077,False
va_long_beach,v5_mask_only_dro,v5_mask,5,be0549617bb8b478de0037a7d30026ad8a37acf124c4f7170c0029656ff8d54f,mcar_10,8.0,composite_multiview_v3,-0.1421253856560586,1.3519423474635828,0.9891183730121964,0.9520656301001672,0.95,0.029294558593369,0.005,,,True,True,0.59,0.2307692307692307,0.2307692307692307,False
va_long_beach,v5_mask_only_dro,v5_mask,5,be0549617bb8b478de0037a7d30026ad8a37acf124c4f7170c0029656ff8d54f,mcar_10,9.0,composite_multiview_v3,-0.0969667056106583,1.3465815614737688,0.989999495733054,0.9563319688010944,0.95,0.0308384865293144,0.005,,,True,True,0.59,0.1538461538461538,0.3076923076923077,False
va_long_beach,v5_mask_only_dro,v5_mask,5,be0549617bb8b478de0037a7d30026ad8a37acf124c4f7170c0029656ff8d54f,mcar_30,0.0,composite_multiview_v3,-0.0244191167890317,1.30288674575758,0.989999495733054,0.99,0.95,0.0202543094511965,0.005,,,True,True,0.445,0.1538461538461538,0.1538461538461538,False
va_long_beach,v5_mask_only_dro,v5_mask,5,be0549617bb8b478de0037a7d30026ad8a37acf124c4f7170c0029656ff8d54f,mcar_30,1.0,composite_multiview_v3,-0.1065058149419135,1.3047599518119315,0.989999495733054,0.99,0.95,0.0167135626156149,0.005,,,True,True,0.47,0.1538461538461538,0.1538461538461538,False
va_long_beach,v5_mask_only_dro,v5_mask,5,be0549617bb8b478de0037a7d30026ad8a37acf124c4f7170c0029656ff8d54f,mcar_30,2.0,composite_multiview_v3,-0.1276747024054844,1.3223854199208818,0.989999495733054,0.99,0.95,0.0171573044477987,0.005,,,True,True,0.475,0.1538461538461538,0.1538461538461538,False
va_long_beach,v5_mask_only_dro,v5_mask,5,be0549617bb8b478de0037a7d30026ad8a37acf124c4f7170c0029656ff8d54f,mcar_30,3.0,composite_multiview_v3,-0.115889747213173,1.170221198183304,0.989999495733054,0.99,0.95,0.0196382947253327,0.005,,,True,True,0.515,0.1538461538461538,0.2307692307692307,False
va_long_beach,v5_mask_only_dro,v5_mask,5,be0549617bb8b478de0037a7d30026ad8a37acf124c4f7170c0029656ff8d54f,mcar_30,4.0,composite_multiview_v3,-0.0377268437415031,1.3431949348616925,0.989999495733054,0.99,0.95,0.0213452439121878,0.005,,,True,True,0.45,0.1538461538461538,0.2307692307692307,False
va_long_beach,v5_mask_only_dro,v5_mask,5,be0549617bb8b478de0037a7d30026ad8a37acf124c4f7170c0029656ff8d54f,mcar_30,5.0,composite_multiview_v3,-0.1128779244886795,1.206134747242965,0.989999495733054,0.9616671366622864,0.9,0.0136329280274916,0.005,,,True,True,0.46,0.1538461538461538,0.2307692307692307,False
va_long_beach,v5_mask_only_dro,v5_mask,5,be0549617bb8b478de0037a7d30026ad8a37acf124c4f7170c0029656ff8d54f,mcar_30,6.0,composite_multiview_v3,-0.164037468609572,1.1937418877334027,0.9697829950682896,0.9613230298493404,0.9,0.0137743192323078,0.005,,,True,True,0.45,0.1538461538461538,0.1538461538461538,False
va_long_beach,v5_mask_only_dro,v5_mask,5,be0549617bb8b478de0037a7d30026ad8a37acf124c4f7170c0029656ff8d54f,mcar_30,7.0,composite_multiview_v3,-0.0956677369133052,1.3409566916046478,0.989999495733054,0.99,0.95,0.0133192984331793,0.005,,,True,True,0.485,0.1538461538461538,0.2307692307692307,False
va_long_beach,v5_mask_only_dro,v5_mask,5,be0549617bb8b478de0037a7d30026ad8a37acf124c4f7170c0029656ff8d54f,mcar_30,8.0,composite_multiview_v3,-0.0760102536596847,1.4656613273950916,0.979880031615237,0.99,0.95,0.0172403196336585,0.005,,,True,True,0.48,0.1538461538461538,0.1538461538461538,False
va_long_beach,v5_mask_only_dro,v5_mask,5,be0549617bb8b478de0037a7d30026ad8a37acf124c4f7170c0029656ff8d54f,mcar_30,9.0,composite_multiview_v3,-0.1149044390013899,1.2922612748258355,0.989999495733054,0.99,0.95,0.0134077545464988,0.005,,,True,True,0.405,0.1538461538461538,0.2307692307692307,False
va_long_beach,v5_mask_only_dro,v5_mask,5,be0549617bb8b478de0037a7d30026ad8a37acf124c4f7170c0029656ff8d54f,mcar_50,0.0,composite_multiview_v3,-0.1006787799849545,1.0936804500475965,0.989999495733054,0.99,0.95,0.0119689455898975,0.005,,,True,True,0.585,0.0769230769230769,0.1538461538461538,False
va_long_beach,v5_mask_only_dro,v5_mask,5,be0549617bb8b478de0037a7d30026ad8a37acf124c4f7170c0029656ff8d54f,mcar_50,1.0,composite_multiview_v3,-0.0698209592733954,1.305546668006285,0.989999495733054,0.99,0.95,0.012857856551298,0.005,,,True,True,0.645,0.0769230769230769,0.1538461538461538,False
va_long_beach,v5_mask_only_dro,v5_mask,5,be0549617bb8b478de0037a7d30026ad8a37acf124c4f7170c0029656ff8d54f,mcar_50,2.0,composite_multiview_v3,-0.0417425233438783,1.2131778101392878,0.989999495733054,0.99,0.95,0.0106400361739666,0.005,,,True,True,0.65,0.0769230769230769,0.1538461538461538,False
va_long_beach,v5_mask_only_dro,v5_mask,5,be0549617bb8b478de0037a7d30026ad8a37acf124c4f7170c0029656ff8d54f,mcar_50,3.0,composite_multiview_v3,-0.0483794873692954,1.4324684509120882,0.989999495733054,0.99,0.95,0.0127993105938836,0.005,,,True,True,0.61,0.0769230769230769,0.1538461538461538,False
va_long_beach,v5_mask_only_dro,v5_mask,5,be0549617bb8b478de0037a7d30026ad8a37acf124c4f7170c0029656ff8d54f,mcar_50,4.0,composite_multiview_v3,-0.137506437360079,1.045943446250224,0.989999495733054,0.99,0.95,0.0134637795266302,0.005,,,True,True,0.535,0.0769230769230769,0.1538461538461538,False
va_long_beach,v5_mask_only_dro,v5_mask,5,be0549617bb8b478de0037a7d30026ad8a37acf124c4f7170c0029656ff8d54f,mcar_50,5.0,composite_multiview_v3,-0.1431444803955364,1.3052843163346353,0.989999495733054,0.99,0.95,0.0080900668312433,0.01,,,True,True,0.6,0.0769230769230769,0.1538461538461538,False
va_long_beach,v5_mask_only_dro,v5_mask,5,be0549617bb8b478de0037a7d30026ad8a37acf124c4f7170c0029656ff8d54f,mcar_50,6.0,composite_multiview_v3,0.0017343096825175,1.3546557278128393,0.989999495733054,0.99,0.95,0.0109494825116842,0.01,,,True,True,0.585,0.0769230769230769,0.1538461538461538,False
va_long_beach,v5_mask_only_dro,v5_mask,5,be0549617bb8b478de0037a7d30026ad8a37acf124c4f7170c0029656ff8d54f,mcar_50,7.0,composite_multiview_v3,-0.1093814818192523,1.1940875889661693,0.989999495733054,0.99,0.95,0.0089373259564935,0.01,,,True,True,0.57,0.0769230769230769,0.1538461538461538,False
va_long_beach,v5_mask_only_dro,v5_mask,5,be0549617bb8b478de0037a7d30026ad8a37acf124c4f7170c0029656ff8d54f,mcar_50,8.0,composite_multiview_v3,-0.0851759451877863,1.0850837671974478,0.989999495733054,0.99,0.95,0.0138155840109003,0.005,,,True,True,0.56,0.1538461538461538,0.1538461538461538,False
va_long_beach,v5_mask_only_dro,v5_mask,5,be0549617bb8b478de0037a7d30026ad8a37acf124c4f7170c0029656ff8d54f,mcar_50,9.0,composite_multiview_v3,-0.1716913046936636,1.369568298331812,0.968599629213214,0.99,0.95,0.0096607178911408,0.015,,,True,True,0.62,0.0769230769230769,0.1538461538461538,False
va_long_beach,v5_mask_only_dro,v5_mask,5,be0549617bb8b478de0037a7d30026ad8a37acf124c4f7170c0029656ff8d54f,natural,0.0,composite_multiview_v3,-0.1355885025557574,1.328473336334871,0.976027972350404,0.9242109674772092,0.95,0.0811956624167073,0.005,,,True,True,0.705,0.1538461538461538,0.1538461538461538,False
