outer_target,model,weighting,calibration,policy,mask_replicate,n,prevalence,roc_auc,average_precision,log_loss,balanced_log_loss,brier,balanced_brier,accuracy,balanced_accuracy,f1,precision,recall,sensitivity_at_80_specificity,calibration_intercept,calibration_slope,aurc
cleveland,tabpfn,pooled,raw,drop_advanced,0,303.0,0.45874587458745875,0.876601158097912,0.8709455373012995,0.45449171875113076,0.44961201813514484,0.1472920552576339,0.14517559498024268,0.7887788778877888,0.792814528864713,0.785234899328859,0.7358490566037735,0.841726618705036,0.7841726618705036,-0.43820160591078766,1.0763304540430754,0.09766533228602997
cleveland,tabpfn,pooled,raw,drop_exercise,0,303.0,0.45874587458745875,0.8186085278118969,0.7763942316490813,0.5467760103481836,0.5486491127439254,0.1818085327668004,0.18230537960585835,0.7557755775577558,0.7568433058431303,0.7430555555555556,0.7181208053691275,0.7697841726618705,0.697841726618705,-0.10912374625372874,1.560528051667514,0.1575952915366577
cleveland,tabpfn,pooled,raw,drop_routine,0,303.0,0.45874587458745875,0.8344446394104229,0.7957823523284897,0.8734518835266433,0.8164460427541536,0.3108591123389494,0.28889126050638786,0.4884488448844885,0.5268906825758906,0.6403712296983759,0.4726027397260274,0.9928057553956835,0.7194244604316546,-2.736152104516138,1.4318040487504053,0.29255302621213575
cleveland,tabpfn,pooled,raw,empirical_source,0,303.0,0.45874587458745875,0.830277241621337,0.8073560784897701,0.5506496174424513,0.5372669617279097,0.18489576663527546,0.1796998095472992,0.7029702970297029,0.7124495525530794,0.71875,0.6353591160220995,0.8273381294964028,0.7338129496402878,-0.6076240870640445,0.8505958614771487,0.15401889875660685
cleveland,tabpfn,pooled,raw,empirical_source,1,303.0,0.45874587458745875,0.8372521494999122,0.8129714184671062,0.5505725651235488,0.5375908217722398,0.18112534313443057,0.17579567990197442,0.7095709570957096,0.719643797157396,0.7267080745341615,0.639344262295082,0.841726618705036,0.7553956834532374,-0.6285140420170264,0.8501690986726091,0.1645103542105595
cleveland,tabpfn,pooled,raw,empirical_source,2,303.0,0.45874587458745875,0.8457185471135288,0.8409550464049289,0.5370291291378376,0.5216395124229536,0.1814359897198744,0.17541569742453603,0.7260726072607261,0.7354360414107739,0.7398119122257053,0.6555555555555556,0.8489208633093526,0.7553956834532374,-0.7481545000759658,0.9184293798888297,0.13847009092969292
cleveland,tabpfn,pooled,raw,empirical_source,3,303.0,0.45874587458745875,0.8309791191437095,0.8084682398172703,0.5675208157389343,0.5513581478016883,0.1898011182484728,0.18344214757960942,0.7062706270627063,0.7176917002982979,0.72782874617737,0.6329787234042553,0.8561151079136691,0.7194244604316546,-0.7109466430829793,0.8380993389806386,0.16729059877152808
cleveland,tabpfn,pooled,raw,empirical_source,4,303.0,0.45874587458745875,0.8421652921565187,0.8414141294829154,0.5351873295869051,0.5213492857182812,0.1819158818382089,0.17636216618458272,0.6996699669966997,0.7088524302509212,0.7147335423197492,0.6333333333333333,0.8201438848920863,0.7553956834532374,-0.6906271585414252,0.9095261920652611,0.13829391877017558
cleveland,tabpfn,pooled,raw,empirical_source,5,303.0,0.45874587458745875,0.8109756097560974,0.7928656021881236,0.582563516069417,0.5677367310290289,0.1963430117740826,0.1906022486768799,0.7095709570957096,0.7185471135286892,0.7232704402515723,0.6424581005586593,0.8273381294964028,0.6690647482014388,-0.5874042393217521,0.7546484168115425,0.16948547424532528
cleveland,tabpfn,pooled,raw,empirical_source,6,303.0,0.45874587458745875,0.8502807510089488,0.8376261854680724,0.5178886808847252,0.503765765716008,0.17237271324407713,0.16686501763358055,0.7425742574257426,0.7523249692928584,0.75625,0.6685082872928176,0.8705035971223022,0.7338129496402878,-0.7048957341196607,0.9660959608794457,0.1327801080773418
cleveland,tabpfn,pooled,raw,empirical_source,7,303.0,0.45874587458745875,0.8302772416213371,0.8238413238679101,0.5801234633142804,0.5605686755185624,0.1970518605012907,0.18943036857380677,0.7062706270627063,0.7182400421126514,0.729483282674772,0.631578947368421,0.8633093525179856,0.7338129496402878,-0.8168744211566833,0.8679763378160636,0.16107378674473416
cleveland,tabpfn,pooled,raw,empirical_source,8,303.0,0.45874587458745875,0.8273381294964028,0.8178373979739118,0.5778124926083733,0.5605560443104217,0.19350914855156223,0.1866984246350093,0.7062706270627063,0.7171433584839446,0.7261538461538461,0.6344086021505376,0.8489208633093526,0.7194244604316546,-0.7143750207516306,0.8046790970834317,0.16800603681973314
cleveland,tabpfn,pooled,raw,empirical_source,9,303.0,0.45874587458745875,0.8359361291454641,0.817543799013051,0.5476599541104988,0.5331403678698666,0.1825584528965007,0.17672183021586957,0.7095709570957096,0.7229338480435165,0.7365269461077845,0.6307692307692307,0.8848920863309353,0.7338129496402878,-0.666859942427635,0.8737660234289418,0.1533637890651188
cleveland,tabpfn,pooled,raw,mar_age_sex_30,0,303.0,0.45874587458745875,0.8342253026846814,0.7979991206839603,0.5454790230919162,0.5311272205656037,0.18266903287141156,0.17689659336450456,0.7260726072607261,0.7365327250394806,0.7430340557275542,0.6521739130434783,0.8633093525179856,0.7338129496402878,-0.7506278712398838,1.125348158450163,0.16553768329533375
cleveland,tabpfn,pooled,raw,mar_age_sex_30,1,303.0,0.45874587458745875,0.8269433233900684,0.7872171822203268,0.5607870465251609,0.5445458906587294,0.18705875748205725,0.18050552340011616,0.7293729372937293,0.7423232145990524,0.7530120481927711,0.6476683937823834,0.8992805755395683,0.7122302158273381,-0.7645159148155852,1.0599792050549852,0.18252162833248897
cleveland,tabpfn,pooled,raw,mar_age_sex_30,2,303.0,0.45874587458745875,0.7986927531145815,0.7514335080230422,0.594342023716086,0.5756464225422939,0.19956983796732045,0.1923685730114594,0.7095709570957096,0.7229338480435165,0.7365269461077845,0.6307692307692307,0.8848920863309353,0.6187050359712231,-0.7021439420510087,0.8900682944599754,0.2036530507579781
cleveland,tabpfn,pooled,raw,mar_age_sex_30,3,303.0,0.45874587458745875,0.8460694858747148,0.8099534352703412,0.5354730759737256,0.5203238297679211,0.17764796445871409,0.17140310054490585,0.7458745874587459,0.7586638006667836,0.7673716012084593,0.6614583333333334,0.9136690647482014,0.7410071942446043,-0.8155886214660993,1.2021447144043345,0.16137604260214805
cleveland,tabpfn,pooled,raw,mar_age_sex_30,4,303.0,0.45874587458745875,0.8451921389717494,0.764074431487765,0.5436619170143867,0.5253832263801249,0.1776588300017999,0.17056411363757937,0.7392739273927392,0.7520178978768205,0.7613293051359517,0.65625,0.9064748201438849,0.7410071942446043,-0.8719163416081434,1.1481332957693848,0.18270650776006653
cleveland,tabpfn,pooled,raw,mar_age_sex_30,5,303.0,0.45874587458745875,0.8173363748025969,0.7990008587043828,0.5730797002103831,0.5562808532230327,0.19446186545687877,0.18745402851801796,0.7128712871287128,0.7259826285313213,0.7387387387387387,0.634020618556701,0.8848920863309353,0.6762589928057554,-0.7676127777629786,1.0033620484849903,0.180144075309485
cleveland,tabpfn,pooled,raw,mar_age_sex_30,6,303.0,0.45874587458745875,0.8082997017020529,0.7560251229651893,0.5844997405184462,0.5676083258070226,0.19752666881200487,0.19074992647683262,0.7128712871287128,0.7254342867169679,0.7371601208459214,0.6354166666666666,0.8776978417266187,0.7050359712230215,-0.7254199560412247,0.975885266485116,0.20086733066143564
cleveland,tabpfn,pooled,raw,mar_age_sex_30,7,303.0,0.45874587458745875,0.8319003333918231,0.7792852681984894,0.5587260497465448,0.5419489044110675,0.18545031987604826,0.17892448785732767,0.7293729372937293,0.7417748727846991,0.7515151515151515,0.6492146596858639,0.8920863309352518,0.7410071942446043,-0.7835874206396081,1.0650647827209916,0.18386907184737167
cleveland,tabpfn,pooled,raw,mar_age_sex_30,8,303.0,0.45874587458745875,0.8058431303737498,0.7584775806765923,0.5780005635177028,0.5619292000126224,0.19386556746062764,0.1876736951818902,0.7161716171617162,0.7257413581330058,0.73125,0.6464088397790055,0.841726618705036,0.6402877697841727,-0.6480419904626328,0.9068224385151878,0.19208944429275496
cleveland,tabpfn,pooled,raw,mar_age_sex_30,9,303.0,0.45874587458745875,0.843832251272153,0.8247023940391687,0.5461469059919843,0.5287110280406964,0.18353259105516026,0.17655126257697995,0.7326732673267327,0.7448236532725039,0.7537993920972644,0.6526315789473685,0.8920863309352518,0.7553956834532374,-0.888972419051597,1.1345623752713643,0.15930813924800447
cleveland,tabpfn,pooled,raw,mcar_10,0,303.0,0.45874587458745875,0.8520354448148798,0.8185954547099865,0.5334319442277637,0.5181648635657525,0.17807540556502052,0.171768141631309,0.7095709570957096,0.7240305316722232,0.7396449704142012,0.628140703517588,0.8992805755395683,0.7841726618705036,-0.8736608728941007,1.277116371532701,0.15575390975836945
cleveland,tabpfn,pooled,raw,mcar_10,1,303.0,0.45874587458745875,0.8406738024214774,0.7908951448411999,0.5430699574109883,0.5277276767991101,0.18056364563820007,0.174380037854706,0.7161716171617162,0.730128092647833,0.7440476190476191,0.6345177664974619,0.8992805755395683,0.7697841726618705,-0.8112215618582611,1.2130926993606639,0.1715483950152915
cleveland,tabpfn,pooled,raw,mcar_10,2,303.0,0.45874587458745875,0.8341814353395332,0.795980860789215,0.5508086407446358,0.5353634435397627,0.1850309435633902,0.17871464716895472,0.7095709570957096,0.7218371644148096,0.7333333333333333,0.6335078534031413,0.8705035971223022,0.7194244604316546,-0.8161844535587707,1.1957670957472337,0.1753783895346776
cleveland,tabpfn,pooled,raw,mcar_10,3,303.0,0.45874587458745875,0.8593612914546411,0.8520257561069299,0.5097012979069941,0.4964916135075059,0.16939911547912373,0.1640703505351564,0.7623762376237624,0.7717143358483944,0.7735849056603774,0.6871508379888268,0.8848920863309353,0.7410071942446043,-0.8099847477647163,1.2718046477599503,0.13161134159529433
cleveland,tabpfn,pooled,raw,mcar_10,4,303.0,0.45874587458745875,0.8554132303912967,0.8151791175384149,0.5142435395425486,0.5010478812689321,0.16965741667738402,0.16426797288157186,0.7491749174917491,0.7600675557115284,0.7654320987654321,0.6702702702702703,0.8920863309352518,0.7553956834532374,-0.7701448909112123,1.2784050175767345,0.1452131904103881
cleveland,tabpfn,pooled,raw,mcar_10,5,303.0,0.45874587458745875,0.8550622916301105,0.8096880893199432,0.5225665871613615,0.5083260745862234,0.17251289624028118,0.16680586337222134,0.7491749174917491,0.7611642393402351,0.7682926829268293,0.6666666666666666,0.9064748201438849,0.7482014388489209,-0.8081898002720705,1.2283627891604914,0.15536743639653722
cleveland,tabpfn,pooled,raw,mcar_10,6,303.0,0.45874587458745875,0.8449728022460081,0.7902960150812922,0.5331909705971434,0.5202022538503871,0.17498069554386944,0.1698169397789724,0.7425742574257426,0.7534216529215652,0.7592592592592593,0.6648648648648648,0.8848920863309353,0.7841726618705036,-0.7148254673465532,1.1875826944917331,0.16952941481628142
cleveland,tabpfn,pooled,raw,mcar_10,7,303.0,0.45874587458745875,0.8651079136690648,0.8484761829919519,0.5076702929960726,0.4935097528039252,0.1684210830365539,0.16251466604781412,0.7458745874587459,0.7581154588524303,0.7659574468085106,0.6631578947368421,0.9064748201438849,0.7482014388489209,-0.8976031397638651,1.3932475938286462,0.12881929199271114
cleveland,tabpfn,pooled,raw,mcar_10,8,303.0,0.45874587458745875,0.8315493946306369,0.7792797000752051,0.5581805640175496,0.5430181720529476,0.18709068199259463,0.18100847913561496,0.7128712871287128,0.7259826285313213,0.7387387387387387,0.634020618556701,0.8848920863309353,0.7553956834532374,-0.7649233865610594,1.1258333374408558,0.1826661735058609
cleveland,tabpfn,pooled,raw,mcar_10,9,303.0,0.45874587458745875,0.8408492718020706,0.7872234686491192,0.530058239617924,0.5161277613006656,0.17432640747216904,0.16882254149055737,0.7557755775577558,0.7661651166871382,0.7701863354037267,0.6775956284153005,0.8920863309352518,0.762589928057554,-0.7265075032046749,1.1728479461982289,0.16401196899315273
cleveland,tabpfn,pooled,raw,mcar_30,0,303.0,0.45874587458745875,0.8039568345323741,0.7673628986183965,0.635595619632311,0.61127739845438,0.22031656258750337,0.21024499307690236,0.6534653465346535,0.6711045797508335,0.7008547008547008,0.5801886792452831,0.8848920863309353,0.6546762589928058,-0.9631424590971509,0.9878060727928724,0.22261741093755405
cleveland,tabpfn,pooled,raw,mcar_30,1,303.0,0.45874587458745875,0.8019389366555536,0.7661403234426801,0.6283095724652895,0.6036961733909656,0.21825027606890388,0.20816008537956465,0.6468646864686468,0.666652044218284,0.7019498607242339,0.5727272727272728,0.9064748201438849,0.6906474820143885,-1.0066241115726329,1.0389896062346489,0.2196725339977067
cleveland,tabpfn,pooled,raw,mcar_30,2,303.0,0.45874587458745875,0.7779873662045973,0.6947991772213111,0.6758834951516002,0.6448992753823444,0.23174988554320253,0.2193694851157699,0.6468646864686468,0.6693937532900509,0.7100271002710027,0.5695652173913044,0.9424460431654677,0.5971223021582733,-1.0603969420428898,0.9599314957944569,0.27540304147628136
cleveland,tabpfn,pooled,raw,mcar_30,3,303.0,0.45874587458745875,0.8017634672749604,0.7909867730688842,0.6415474462254904,0.6161594096826388,0.22587812277090505,0.21522354375354266,0.6303630363036303,0.6519564835936129,0.6939890710382514,0.5594713656387665,0.9136690647482014,0.6618705035971223,-1.100742618900842,1.1031711082274207,0.22616114512343677
cleveland,tabpfn,pooled,raw,mcar_30,4,303.0,0.45874587458745875,0.7885593963853308,0.7460464034196078,0.6494350397956845,0.6230877746654606,0.22614077961342005,0.21537052756834288,0.6336633663366337,0.6539085804527109,0.6925207756232687,0.5630630630630631,0.8992805755395683,0.6474820143884892,-1.0194696365088511,1.025562781565886,0.24570702584000365
cleveland,tabpfn,pooled,raw,mcar_30,5,303.0,0.45874587458745875,0.7792156518687489,0.7230954986983621,0.655461180584018,0.6293419803884384,0.2257337001165725,0.21513246255262458,0.6633663366336634,0.6824442884716617,0.7134831460674157,0.5852534562211982,0.9136690647482014,0.6402877697841727,-0.9506113648854064,0.9628497649840592,0.2606479376326377
cleveland,tabpfn,pooled,raw,mcar_30,6,303.0,0.45874587458745875,0.80329882435515,0.7693546367464537,0.6515758918533258,0.6236342751699785,0.22598363416249392,0.21453392337403834,0.6534653465346535,0.6743946306369538,0.7107438016528925,0.5758928571428571,0.9280575539568345,0.6402877697841727,-1.1248044132956636,1.0400650985006263,0.235957090590556
cleveland,tabpfn,pooled,raw,mcar_30,7,303.0,0.45874587458745875,0.8200561502017898,0.7876860355606108,0.6243021491807684,0.5979377507929438,0.21651254297879552,0.2056123022639716,0.6600660066006601,0.6821372170556238,0.7193460490463215,0.5789473684210527,0.9496402877697842,0.6834532374100719,-1.2175989387905979,1.192628150141503,0.21767215307391388
cleveland,tabpfn,pooled,raw,mcar_30,8,303.0,0.45874587458745875,0.7658799789436742,0.7349903661585235,0.6722575708708992,0.6460321640018633,0.2350933427187082,0.22443563294192603,0.6237623762376238,0.6447622389892964,0.6868131868131868,0.5555555555555556,0.8992805755395683,0.60431654676259,-0.8940727096050509,0.8825770054933315,0.26036267534968915
cleveland,tabpfn,pooled,raw,mcar_30,9,303.0,0.45874587458745875,0.7577206527460958,0.7302240960112529,0.6971023703601125,0.6682657529474395,0.24525221049834772,0.23346817505641365,0.6105610561056105,0.6325671170380769,0.6793478260869565,0.5458515283842795,0.8992805755395683,0.60431654676259,-0.9259426419488129,0.8461459095097517,0.27123214370452164
cleveland,tabpfn,pooled,raw,mcar_50,0,303.0,0.45874587458745875,0.7250833479557817,0.6734105157060168,0.7987158802527632,0.7576864093513205,0.2817911789768904,0.26544010655215455,0.5676567656765676,0.5962230215827338,0.6666666666666666,0.515748031496063,0.9424460431654677,0.539568345323741,-1.0802384928226956,0.7670936042212536,0.3353244169846401
cleveland,tabpfn,pooled,raw,mcar_50,1,303.0,0.45874587458745875,0.696043165467626,0.6526169979747938,0.8203617423299433,0.7767565723025338,0.2866766246754603,0.26954022461860266,0.5907590759075908,0.6192095104404282,0.6836734693877551,0.5296442687747036,0.9640287769784173,0.4028776978417266,-1.0011631738782178,0.6875376312857516,0.3377299575949323
cleveland,tabpfn,pooled,raw,mcar_50,2,303.0,0.45874587458745875,0.7038954202491665,0.6387550661053688,0.7905567980406203,0.752170743898043,0.2762594126917558,0.26103560085511884,0.5874587458745875,0.614515704509563,0.6770025839793282,0.5282258064516129,0.9424460431654677,0.43884892086330934,-0.9039174846935846,0.6789845435464317,0.35482884325086644
cleveland,tabpfn,pooled,raw,mcar_50,3,303.0,0.45874587458745875,0.7595630812423232,0.727863729652109,0.7660408640040453,0.7245861766434983,0.2710414224102925,0.25446216420138523,0.5874587458745875,0.6161607299526233,0.6819338422391857,0.5275590551181102,0.9640287769784173,0.5539568345323741,-1.3893316821531496,0.9797357849683749,0.29736101790060815
cleveland,tabpfn,pooled,raw,mcar_50,4,303.0,0.45874587458745875,0.7337252149499913,0.6979198246606546,0.8099130709622561,0.7651151425767131,0.28418002146252375,0.26655243212178015,0.5676567656765676,0.5984163888401474,0.6733167082294265,0.5152671755725191,0.9712230215827338,0.4316546762589928,-1.2818798541680418,0.8538122627698751,0.32599158328459
cleveland,tabpfn,pooled,raw,mcar_50,5,303.0,0.45874587458745875,0.718985786980172,0.6337536299284485,0.7917328243707,0.7498975768444097,0.2769875852512501,0.260212404534816,0.5808580858085809,0.6106115107913669,0.6801007556675063,0.5232558139534884,0.9712230215827338,0.4172661870503597,-1.1545905612897,0.8408690122285053,0.3581059085546365
cleveland,tabpfn,pooled,raw,mcar_50,6,303.0,0.45874587458745875,0.7142261800315846,0.6735685400416385,0.8143076600323438,0.7716610620342843,0.28556848916639155,0.268934187124066,0.5445544554455446,0.5732365327250395,0.649746192893401,0.5019607843137255,0.920863309352518,0.4244604316546763,-1.0267919069924367,0.7011035400613982,0.3357827932661448
cleveland,tabpfn,pooled,raw,mcar_50,7,303.0,0.45874587458745875,0.7055185120196525,0.6712686484111188,0.8297192816643721,0.788735013927021,0.29355628871828315,0.2774009341851059,0.5511551155115512,0.5787857518862958,0.6512820512820513,0.5059760956175299,0.9136690647482014,0.4748201438848921,-0.915188146137365,0.6253346504956373,0.34573254250525715
cleveland,tabpfn,pooled,raw,mcar_50,8,303.0,0.45874587458745875,0.7243814704334094,0.6809149274753417,0.8141235102522116,0.7702478458435738,0.2880137628150655,0.27051804982907507,0.5511551155115512,0.5815274609580628,0.66,0.5057471264367817,0.9496402877697842,0.45323741007194246,-1.1972709967659265,0.8159513745650784,0.33400449528917703
cleveland,tabpfn,pooled,raw,mcar_50,9,303.0,0.45874587458745875,0.7146867871556414,0.6437558682553425,0.789877119471543,0.7493823693578165,0.2739954704206669,0.2581323195663865,0.5874587458745875,0.6150640463239165,0.6786632390745502,0.528,0.9496402877697842,0.39568345323741005,-1.0066175071963208,0.732943632359506,0.34814317947489615
cleveland,tabpfn,pooled,raw,natural,0,303.0,0.45874587458745875,0.8809878926127391,0.8683406363775878,0.466209421375128,0.45837672417415776,0.1502887260557837,0.14705880832681123,0.7854785478547854,0.7930557992630286,0.7909967845659164,0.7151162790697675,0.8848920863309353,0.8129496402877698,-0.643567212735912,1.4428287138278417,0.1023663922322922
cleveland,tabpfn,pooled,source_oof_platt,drop_advanced,0,303.0,0.45874587458745875,0.8765572907527637,0.8709183207391142,0.4573378000577391,0.4628785743498314,0.14533054668441184,0.14737138160780566,0.7920792079207921,0.7887348657659239,0.7675276752767528,0.7878787878787878,0.7482014388489209,0.7841726618705036,0.08503606368615997,1.457696341502456,0.09778653134424256
cleveland,tabpfn,pooled,source_oof_platt,drop_exercise,0,303.0,0.45874587458745875,0.8186085278118969,0.7764167811473005,0.5743100931876745,0.588383410455136,0.19454364838693103,0.20083637450770034,0.7491749174917491,0.7381338831373925,0.6885245901639344,0.8,0.60431654676259,0.697841726618705,0.6482711258427947,2.112111341944678,0.17529155015138959
cleveland,tabpfn,pooled,source_oof_platt,drop_routine,0,303.0,0.45874587458745875,0.8342691700298298,0.7952763574611766,0.673284528395235,0.6415211892957229,0.24053777550721206,0.22673359612220942,0.5544554455445545,0.5851245832602211,0.6633416458852868,0.5076335877862596,0.9568345323741008,0.7194244604316546,-2.040996841968993,1.9370372126225057,0.27162211716431484
cleveland,tabpfn,pooled,source_oof_platt,empirical_source,0,303.0,0.45874587458745875,0.8302333742761888,0.8070773869389574,0.5144274721417958,0.5141816338731732,0.17026607608907848,0.16997036753213102,0.7524752475247525,0.7543428671696789,0.7422680412371134,0.7105263157894737,0.7769784172661871,0.7338129496402878,-0.19427531360849445,1.151637364354839,0.138584619005707
cleveland,tabpfn,pooled,source_oof_platt,empirical_source,1,303.0,0.45874587458745875,0.8372521494999122,0.8129714184671062,0.5123963523777992,0.5122061272596137,0.1669626398003101,0.16652765922143772,0.7722772277227723,0.7737322337252149,0.7612456747404844,0.7333333333333333,0.7913669064748201,0.7553956834532374,-0.21533569996804044,1.1511200559616372,0.1459658201648174
cleveland,tabpfn,pooled,source_oof_platt,empirical_source,2,303.0,0.45874587458745875,0.8458062818038253,0.8410212683400581,0.4975829061059751,0.49534545194040813,0.16427406371761194,0.16314775947134005,0.7557755775577558,0.7595850149148973,0.7516778523489933,0.7044025157232704,0.8057553956834532,0.7553956834532374,-0.30188909255955726,1.243466226922721,0.12038963673162535
cleveland,tabpfn,pooled,source_oof_platt,empirical_source,3,303.0,0.45874587458745875,0.8309352517985611,0.8084544770210085,0.5190353692004768,0.5164526228458534,0.17133034330331684,0.17002361291939305,0.7524752475247525,0.7554395507983857,0.7457627118644068,0.7051282051282052,0.7913669064748201,0.7194244604316546,-0.3037174927756962,1.1347223977795722,0.14360546349017622
cleveland,tabpfn,pooled,source_oof_platt,empirical_source,4,303.0,0.45874587458745875,0.8421652921565187,0.8414141294829154,0.4995150492207472,0.49859709166119043,0.1653545389818197,0.16472857143256053,0.7425742574257426,0.7451965257062643,0.7346938775510204,0.6967741935483871,0.7769784172661871,0.7553956834532374,-0.24860768829814997,1.231180368945791,0.12225327398932626
cleveland,tabpfn,pooled,source_oof_platt,empirical_source,5,303.0,0.45874587458745875,0.8108878750658008,0.7927623910237613,0.5338758563306601,0.5327452754838575,0.17902485848557337,0.17833025317795811,0.7260726072607261,0.7277592560098263,0.7147766323024055,0.6842105263157895,0.7482014388489209,0.6690647482014388,-0.22076117884015348,1.021625599219417,0.1528900282792124
cleveland,tabpfn,pooled,source_oof_platt,empirical_source,6,303.0,0.45874587458745875,0.850280751008949,0.8377000161075929,0.48865575106711895,0.4874822401578567,0.16021435963383862,0.15955706134587883,0.7821782178217822,0.7834269170029831,0.7708333333333334,0.7449664429530202,0.7985611510791367,0.7338129496402878,-0.2354018836557788,1.307818678072996,0.11453619635616574
cleveland,tabpfn,pooled,source_oof_platt,empirical_source,7,303.0,0.45874587458745875,0.8302333742761888,0.8238009973622464,0.5237389641812275,0.5187524314109456,0.17502641167649186,0.17269130428392157,0.7326732673267327,0.7387918933146167,0.7361563517915309,0.6726190476190477,0.8129496402877698,0.7338129496402878,-0.3950142562827021,1.1749576954347951,0.1410735026727502
cleveland,tabpfn,pooled,source_oof_platt,empirical_source,8,303.0,0.45874587458745875,0.827206527460958,0.817667159686449,0.5232976600695519,0.5199521988269232,0.17393908526532495,0.17217528798982495,0.735973597359736,0.7401956483593612,0.7333333333333333,0.6832298136645962,0.7913669064748201,0.7194244604316546,-0.3233719075918757,1.0891160817300196,0.14703509303364395
cleveland,tabpfn,pooled,source_oof_platt,empirical_source,9,303.0,0.45874587458745875,0.8358483944551675,0.8174727976686664,0.5087981579227008,0.5075601555224947,0.16758849481270874,0.1667629700943951,0.7656765676567657,0.7681830145639585,0.757679180887372,0.7207792207792207,0.7985611510791367,0.7338129496402878,-0.24226239639204597,1.1830316642351597,0.13566579659728178
cleveland,tabpfn,pooled,source_oof_platt,mar_age_sex_30,0,303.0,0.45874587458745875,0.8342253026846814,0.7980284310501691,0.5227258930463783,0.5223521222640497,0.17154782620880088,0.17127199429820644,0.7656765676567657,0.7676346727496052,0.7560137457044673,0.7236842105263158,0.7913669064748201,0.7338129496402878,-0.20431128367949516,1.5229405887090381,0.1426784089954172
cleveland,tabpfn,pooled,source_oof_platt,mar_age_sex_30,1,303.0,0.45874587458745875,0.8268994560449201,0.7871768150078685,0.5302575965088197,0.5285531307850523,0.1748478543966722,0.17396690195335276,0.7623762376237624,0.7662309177048605,0.7583892617449665,0.710691823899371,0.8129496402877698,0.7122302158273381,-0.24994358351249873,1.4341136666535157,0.15316351359884312
cleveland,tabpfn,pooled,source_oof_platt,mar_age_sex_30,2,303.0,0.45874587458745875,0.7984295490436918,0.7510611511408115,0.5502362239844636,0.5469931476084802,0.18473749851707885,0.18329310300383775,0.7458745874587459,0.7482453061940691,0.7372013651877133,0.7012987012987013,0.7769784172661871,0.6187050359712231,-0.2700375336691014,1.2039777112202108,0.16910069189934468
cleveland,tabpfn,pooled,source_oof_platt,mar_age_sex_30,3,303.0,0.45874587458745875,0.8459817511844182,0.809847893471009,0.5144581347773424,0.5134301974201394,0.16795737380073614,0.16735338057487653,0.7722772277227723,0.7748289173539218,0.764505119453925,0.7272727272727273,0.8057553956834532,0.7410071942446043,-0.2319087705845,1.6263989877700986,0.13195890943630767
cleveland,tabpfn,pooled,source_oof_platt,mar_age_sex_30,4,303.0,0.45874587458745875,0.8452360063168977,0.7640560437250786,0.5145261901373044,0.5110794114370252,0.16706336545227196,0.1655114898861889,0.768976897689769,0.7723284786804703,0.7635135135135135,0.7197452229299363,0.8129496402877698,0.7410071942446043,-0.31442987352922314,1.5535821851365186,0.1452729810323477
cleveland,tabpfn,pooled,source_oof_platt,mar_age_sex_30,5,303.0,0.45874587458745875,0.8171170380768555,0.7984401227978881,0.535938446647187,0.5338769066699107,0.17837736207703897,0.1772022697892726,0.7260726072607261,0.7321459905246535,0.7296416938110749,0.6666666666666666,0.8057553956834532,0.6762589928057554,-0.28057545533712247,1.3575871882804948,0.15221528872557144
cleveland,tabpfn,pooled,source_oof_platt,mar_age_sex_30,6,303.0,0.45874587458745875,0.8082119670117563,0.7558489901892846,0.5472938874838457,0.5454052570099266,0.18236856046786465,0.18140225631989837,0.7326732673267327,0.7360501842428496,0.7272727272727273,0.6835443037974683,0.7769784172661871,0.7050359712230215,-0.25162254742309154,1.320590589308471,0.1698612425235309
cleveland,tabpfn,pooled,source_oof_platt,mar_age_sex_30,7,303.0,0.45874587458745875,0.8318125987015267,0.7790920293310757,0.5273519182653114,0.5250629121489959,0.172972455449228,0.1719862448291525,0.7557755775577558,0.7579399894718372,0.7465753424657534,0.7124183006535948,0.7841726618705036,0.7410071942446043,-0.26657395149514584,1.4408210317478982,0.15254633732158332
cleveland,tabpfn,pooled,source_oof_platt,mar_age_sex_30,8,303.0,0.45874587458745875,0.805886997718898,0.7584724997399679,0.5422621296866025,0.5408618642368218,0.18116654781601937,0.18052662344293469,0.7392739273927392,0.7410510615897525,0.7285223367697594,0.6973684210526315,0.762589928057554,0.6402877697841727,-0.20771543609560236,1.226805722319934,0.1610865694243088
cleveland,tabpfn,pooled,source_oof_platt,mar_age_sex_30,9,303.0,0.45874587458745875,0.8437883839270046,0.8246565473409484,0.5144370395737613,0.5113842899548916,0.16887578543892895,0.1674474068336582,0.7425742574257426,0.746293209334971,0.738255033557047,0.6918238993710691,0.7913669064748201,0.7553956834532374,-0.3382119678857031,1.5349797105894432,0.12852445142440466
cleveland,tabpfn,pooled,source_oof_platt,mcar_10,0,303.0,0.45874587458745875,0.8519477101245833,0.8185129512851094,0.5134934093661717,0.5123599660442473,0.16733215103450708,0.16671488647444532,0.7755775577557755,0.77842603965608,0.7687074829931972,0.7290322580645161,0.8129496402877698,0.7841726618705036,-0.253226517429244,1.728634542697444,0.12686950365184219
cleveland,tabpfn,pooled,source_oof_platt,mcar_10,1,303.0,0.45874587458745875,0.8405422003860326,0.7906267531348704,0.5221192596983513,0.5211104804246449,0.17083787378401688,0.17032572391977663,0.7920792079207921,0.7936699420951044,0.7820069204152249,0.7533333333333333,0.8129496402877698,0.7697841726618705,-0.22186973202002203,1.641714343621144,0.13782653988313967
cleveland,tabpfn,pooled,source_oof_platt,mcar_10,2,303.0,0.45874587458745875,0.834137567994385,0.7958229383466813,0.5274591004960966,0.5264293813389497,0.1734107560493507,0.17286857489024798,0.7557755775577558,0.759036673100544,0.75,0.7070063694267515,0.7985611510791367,0.7194244604316546,-0.23525932385652767,1.6186809248964453,0.14478029465437944
cleveland,tabpfn,pooled,source_oof_platt,mcar_10,3,303.0,0.45874587458745875,0.8594490261449377,0.8522013339786815,0.4968547898695431,0.4968215157360382,0.16079875046673142,0.16072508031340593,0.7788778877887789,0.778733111072118,0.7632508833922261,0.75,0.7769784172661871,0.7482014388489209,-0.19208451347969246,1.7213536179137414,0.10789715487472284
cleveland,tabpfn,pooled,source_oof_platt,mcar_10,4,303.0,0.45874587458745875,0.8555009650815933,0.8152593814780014,0.5035363007551574,0.50393755072131,0.1633646118536308,0.16343766341608834,0.7788778877887789,0.7798297947008247,0.7665505226480837,0.7432432432432432,0.7913669064748201,0.7553956834532374,-0.1490486286351345,1.7307934775448564,0.11590486243610418
cleveland,tabpfn,pooled,source_oof_platt,mcar_10,5,303.0,0.45874587458745875,0.8550622916301105,0.8096880893199432,0.5053113902047655,0.5046942687947111,0.1635534285847066,0.1632225958476236,0.7722772277227723,0.7731838919108616,0.759581881533101,0.7364864864864865,0.7841726618705036,0.7482014388489209,-0.21139546509324736,1.6627586585308392,0.12877068438303269
cleveland,tabpfn,pooled,source_oof_platt,mcar_10,6,303.0,0.45874587458745875,0.8448850675557115,0.7899361165199549,0.5183005603617361,0.5189604351390695,0.1680164521324059,0.16824611784432536,0.7920792079207921,0.7920249166520442,0.7773851590106007,0.7638888888888888,0.7913669064748201,0.7841726618705036,-0.13781188994518834,1.607655722808074,0.1496072625501847
cleveland,tabpfn,pooled,source_oof_platt,mcar_10,7,303.0,0.45874587458745875,0.8651079136690648,0.848448104579746,0.4967678786256163,0.4963222508043353,0.16074612593563198,0.1604085942633665,0.7722772277227723,0.7748289173539218,0.764505119453925,0.7272727272727273,0.8057553956834532,0.7482014388489209,-0.2206811234453858,1.8857334612281258,0.1015723572553955
cleveland,tabpfn,pooled,source_oof_platt,mcar_10,8,303.0,0.45874587458745875,0.8314616599403404,0.7791339652515216,0.532533270743487,0.531730510369856,0.17510119817260358,0.1746949416310859,0.7656765676567657,0.7654413054921916,0.7491166077738516,0.7361111111111112,0.762589928057554,0.7553956834532374,-0.21799534580214522,1.5236998028844604,0.15517797110681997
cleveland,tabpfn,pooled,source_oof_platt,mcar_10,9,303.0,0.45874587458745875,0.8408492718020706,0.7871303342964959,0.5141517350282473,0.5141188141990813,0.16761550513947696,0.16753578329306124,0.7656765676567657,0.7665379891208984,0.7526132404181185,0.7297297297297297,0.7769784172661871,0.762589928057554,-0.15669248895897983,1.5872812918616954,0.13350205150510927
cleveland,tabpfn,pooled,source_oof_platt,mcar_30,0,303.0,0.45874587458745875,0.8038252324969293,0.7671639159170414,0.5706135261549439,0.5634187321838675,0.19341989842265464,0.1899783220349779,0.7095709570957096,0.7201921389717494,0.7283950617283951,0.6378378378378379,0.8489208633093526,0.6546762589928058,-0.48348005358815627,1.3367349714038483,0.1885252686159528
cleveland,tabpfn,pooled,source_oof_platt,mcar_30,1,303.0,0.45874587458745875,0.8018950693104053,0.7660977550964903,0.5661217398143021,0.5586806668040893,0.19205158226254906,0.18860245863673902,0.6897689768976898,0.6991577469731531,0.70625,0.6243093922651933,0.8129496402877698,0.6906474820143885,-0.5020502619167899,1.4057156123645547,0.17792496543540462
cleveland,tabpfn,pooled,source_oof_platt,mcar_30,2,303.0,0.45874587458745875,0.7780312335497456,0.6949506038616686,0.5921478375721144,0.5803916537331092,0.20225402522036512,0.1969650843593995,0.6864686468646864,0.7021407264432357,0.7230320699708455,0.6078431372549019,0.8920863309352518,0.5971223021582733,-0.5943562526761749,1.2987871496612067,0.22246414052703936
cleveland,tabpfn,pooled,source_oof_platt,mcar_30,3,303.0,0.45874587458745875,0.8015441305492191,0.790732057655924,0.5749857990294212,0.5670133759025247,0.19584755297964587,0.19212577161745306,0.693069306930693,0.7049482365327251,0.7173252279635258,0.6210526315789474,0.8489208633093526,0.6546762589928058,-0.5649666547517082,1.4920113188215758,0.18704455613223603
cleveland,tabpfn,pooled,source_oof_platt,mcar_30,4,303.0,0.45874587458745875,0.7884277943498859,0.7458840211629897,0.5813136841713414,0.5728522697942844,0.1982465807492357,0.1944252711655129,0.6831683168316832,0.6930601859975434,0.7018633540372671,0.6174863387978142,0.8129496402877698,0.6474820143884892,-0.5212944793838892,1.387217461589933,0.19965335798255623
cleveland,tabpfn,pooled,source_oof_platt,mcar_30,5,303.0,0.45874587458745875,0.7791279171784523,0.7229030343727565,0.5864277741215862,0.5782134294905128,0.19963782206635008,0.19590298493505476,0.6963696369636964,0.7063519915774696,0.7142857142857143,0.6284153005464481,0.8273381294964028,0.6402877697841727,-0.48286624230037584,1.3026869752181058,0.2128582748859134
cleveland,tabpfn,pooled,source_oof_platt,mcar_30,6,303.0,0.45874587458745875,0.8032110896648534,0.769228475395551,0.5751945802129937,0.5651849090076987,0.19536241354542602,0.19073066261511468,0.6996699669966997,0.7121424811370416,0.7250755287009063,0.625,0.8633093525179856,0.6402877697841727,-0.6196084459523331,1.4069360934937605,0.19372618943636355
cleveland,tabpfn,pooled,source_oof_platt,mcar_30,7,303.0,0.45874587458745875,0.8198806808211967,0.7874618016191494,0.5596265777705834,0.5506484255273025,0.1886710683453405,0.18453061437912183,0.7293729372937293,0.7395815055272854,0.7453416149068323,0.6557377049180327,0.8633093525179856,0.6834532374100719,-0.6381701444512567,1.6134483178823227,0.17183192805889191
cleveland,tabpfn,pooled,source_oof_platt,mcar_30,8,303.0,0.45874587458745875,0.765836111598526,0.7348895306377154,0.5976401249057331,0.5894394916108752,0.20573552601918463,0.20204886342002926,0.6633663366336634,0.6742191612563608,0.6871165644171779,0.5989304812834224,0.8057553956834532,0.60431654676259,-0.46549496561235937,1.1941935122585792,0.21719830111549218
cleveland,tabpfn,pooled,source_oof_platt,mcar_30,9,303.0,0.45874587458745875,0.7575890507106511,0.7301020885399245,0.6100443664945628,0.6000527337486325,0.211419492661987,0.20683502990147867,0.6468646864686468,0.6595236006316898,0.6786786786786787,0.5824742268041238,0.8129496402877698,0.60431654676259,-0.5149756875296403,1.144875048095504,0.2298280323025903
cleveland,tabpfn,pooled,source_oof_platt,mcar_50,0,303.0,0.45874587458745875,0.7247762765397437,0.6731421928548481,0.6625809772030834,0.6440848581574874,0.2342828988579063,0.22596739557796308,0.6204620462046204,0.6422618003158449,0.6866485013623979,0.5526315789473685,0.9064748201438849,0.5467625899280576,-0.7077556769826051,1.0376649707081882,0.2984420389373727
cleveland,tabpfn,pooled,source_oof_platt,mcar_50,1,303.0,0.45874587458745875,0.6959115634321811,0.6525589240409915,0.6744952162388587,0.6544316949913083,0.2399524034077123,0.2309127270059377,0.5973597359735974,0.6198236532725039,0.6702702702702703,0.5367965367965368,0.8920863309352518,0.4028776978417266,-0.6673614673280278,0.9300796283417264,0.29720959543906367
cleveland,tabpfn,pooled,source_oof_platt,mcar_50,2,303.0,0.45874587458745875,0.7035444814879803,0.6386827633019633,0.6646447825788887,0.6483599220619369,0.23436853972255484,0.22709180938153486,0.6105610561056105,0.6303737497806633,0.6722222222222223,0.5475113122171946,0.8705035971223022,0.43884892086330934,-0.5742097511776634,0.9185599658209782,0.31334950703193537
cleveland,tabpfn,pooled,source_oof_platt,mcar_50,3,303.0,0.45874587458745875,0.759212142481137,0.7275174281014958,0.6356789757498703,0.616330556656204,0.2238112260905552,0.21515459216937907,0.6171617161716172,0.6375679943849799,0.6795580110497238,0.5515695067264574,0.8848920863309353,0.5539568345323741,-0.913415674487812,1.3249080865067482,0.25306256277451356
cleveland,tabpfn,pooled,source_oof_platt,mcar_50,4,303.0,0.45874587458745875,0.7336813476048429,0.6978947894285719,0.6624774750697147,0.6409954491524863,0.2344451453888271,0.22488829646173575,0.5907590759075908,0.6137260922968942,0.6666666666666666,0.5321888412017167,0.8920863309352518,0.4316546762589928,-0.8670894022291671,1.1548193015033619,0.28569314477519236
cleveland,tabpfn,pooled,source_oof_platt,mcar_50,5,303.0,0.45874587458745875,0.7188541849447272,0.6336499791825456,0.6596030449139189,0.6407166858328859,0.2320329646816135,0.2234933890557385,0.6336633663366337,0.6571986313388314,0.7024128686327078,0.5598290598290598,0.9424460431654677,0.4172661870503597,-0.7460994144676891,1.1372207485093588,0.3102868845176934
cleveland,tabpfn,pooled,source_oof_platt,mcar_50,6,303.0,0.45874587458745875,0.7140507106509915,0.6734290814331036,0.6707084629959503,0.6510488606529641,0.23799956381040938,0.22933406342036067,0.6105610561056105,0.6303737497806633,0.6722222222222223,0.5475113122171946,0.8705035971223022,0.4244604316546763,-0.686479733877614,0.9488386412023453,0.297144117830361
cleveland,tabpfn,pooled,source_oof_platt,mcar_50,7,303.0,0.45874587458745875,0.7052553079487629,0.6706502973096387,0.6836756299970926,0.6653570467266096,0.24348958153876554,0.23529290531879818,0.5808580858085809,0.6018380417617126,0.6520547945205479,0.5265486725663717,0.8561151079136691,0.4748201438848921,-0.6114222039127918,0.8458760098093536,0.31891670433956776
cleveland,tabpfn,pooled,source_oof_platt,mcar_50,8,303.0,0.45874587458745875,0.7242498683979646,0.6807411956702809,0.6686134900407303,0.6480768705373008,0.23742939054110146,0.2281978929080568,0.6105610561056105,0.6342121424811371,0.6844919786096256,0.5446808510638298,0.920863309352518,0.45323741007194246,-0.8008939788054045,1.1035520055338406,0.30024780946484464
cleveland,tabpfn,pooled,source_oof_platt,mcar_50,9,303.0,0.45874587458745875,0.7146867871556413,0.643824967744406,0.6592490886801025,0.6412271197876105,0.23184922520925244,0.2238345279104543,0.6402640264026402,0.6578127741709072,0.6894586894586895,0.5707547169811321,0.8705035971223022,0.39568345323741005,-0.6510114054361651,0.9920749140965903,0.3014431728732348
cleveland,tabpfn,pooled,source_oof_platt,natural,0,303.0,0.45874587458745875,0.8810756273030357,0.868419718427617,0.47610521839893644,0.48006170797812536,0.15061154530734422,0.15221743940110766,0.8085808580858086,0.805075451833655,0.7851851851851852,0.8091603053435115,0.762589928057554,0.8129496402877698,0.057656070815499505,1.9536810469191743,0.09602631968037194
hungary,tabpfn,pooled,raw,drop_advanced,0,294.0,0.36054421768707484,0.8923123243677238,0.8388154705757997,0.4676154988073003,0.439680018561031,0.14871984654323203,0.139005269855799,0.7993197278911565,0.8122240064231232,0.7551867219917012,0.674074074074074,0.8584905660377359,0.8301886792452831,-1.014630278558759,1.3548844759031298,0.1123923419894631
hungary,tabpfn,pooled,raw,drop_exercise,0,294.0,0.36054421768707484,0.8492071457246085,0.7412735227236503,0.5173499334272361,0.5101602491042185,0.16874687884736903,0.1653220093908757,0.7789115646258503,0.7880369329586512,0.7280334728033473,0.6541353383458647,0.8207547169811321,0.7924528301886793,-0.6987373223773335,1.756356804743732,0.12835936420469476
hungary,tabpfn,pooled,raw,drop_routine,0,294.0,0.36054421768707484,0.8981834604576475,0.8276182072323226,0.9518520126539162,0.7634108768089474,0.34340760768408035,0.2714252912160099,0.3843537414965986,0.5186170212765957,0.539440203562341,0.3693379790940767,1.0,0.8207547169811321,-3.756444674943261,1.6309449822360749,0.345320661748915
hungary,tabpfn,pooled,raw,empirical_source,0,294.0,0.36054421768707484,0.8791148133279808,0.8165194873685504,0.5298550818984429,0.4783266976211351,0.17600135629296396,0.1564221132886951,0.7312925170068028,0.7610899237254115,0.6996197718631179,0.5859872611464968,0.8679245283018868,0.8018867924528302,-1.3450318222853686,1.3295011156827838,0.1509323533136138
hungary,tabpfn,pooled,raw,empirical_source,1,294.0,0.36054421768707484,0.8787133681252509,0.8118706949988143,0.5367572721688573,0.48314794693716845,0.17685164785893448,0.15661208149954142,0.7312925170068028,0.7713769570453632,0.7106227106227107,0.5808383233532934,0.9150943396226415,0.8490566037735849,-1.3602592207209354,1.2750704184072812,0.16093363437258312
hungary,tabpfn,pooled,raw,empirical_source,2,294.0,0.36054421768707484,0.8765556001605781,0.8037923437061261,0.5535771832603094,0.4907695012604013,0.18300527054415197,0.15963836968622178,0.7244897959183674,0.759885588117222,0.6988847583643123,0.5766871165644172,0.8867924528301887,0.8490566037735849,-1.479091191656586,1.2438741534354663,0.17471246389613354
hungary,tabpfn,pooled,raw,empirical_source,3,294.0,0.36054421768707484,0.8734443998394219,0.7819050043109871,0.537012402857683,0.4848119955371004,0.17464564838133306,0.15596488599501063,0.7448979591836735,0.7737856282617424,0.7126436781609196,0.6,0.8773584905660378,0.8207547169811321,-1.2706609624062974,1.195826526383236,0.16679344869090834
hungary,tabpfn,pooled,raw,empirical_source,4,294.0,0.36054421768707484,0.8692292252107588,0.78517380493703,0.5545258404270752,0.4970235498592802,0.1818159473165817,0.16071473830190142,0.7312925170068028,0.7652047370533922,0.704119850187266,0.5838509316770186,0.8867924528301887,0.8301886792452831,-1.296635498431768,1.157671847422619,0.1763136641974773
hungary,tabpfn,pooled,raw,empirical_source,5,294.0,0.36054421768707484,0.8737454837414692,0.8247226079005605,0.5397599020680967,0.4865132677957297,0.18122373107641257,0.16051023669320325,0.7142857142857143,0.7519068647129667,0.6911764705882353,0.5662650602409639,0.8867924528301887,0.8113207547169812,-1.4104598496640959,1.331698143901117,0.1586478860385684
hungary,tabpfn,pooled,raw,empirical_source,6,294.0,0.36054421768707484,0.8637093536732237,0.7823473935917014,0.5714753695777705,0.5096650782331679,0.18946817644895478,0.166485325064798,0.7074829931972789,0.7465877157767965,0.6861313868613139,0.5595238095238095,0.8867924528301887,0.8207547169811321,-1.3524495225150492,1.1396329748287548,0.1859322509752899
hungary,tabpfn,pooled,raw,empirical_source,7,294.0,0.36054421768707484,0.8773083099156965,0.7856795363669563,0.5507054839461135,0.489548961037516,0.1806583231788547,0.15790866301553724,0.7414965986394558,0.7793556804496187,0.7185185185185186,0.5914634146341463,0.9150943396226415,0.8301886792452831,-1.3977879581570298,1.230714027162712,0.17645098680736535
hungary,tabpfn,pooled,raw,empirical_source,8,294.0,0.36054421768707484,0.8946708149337614,0.8357229340799524,0.5161338554356426,0.46278744374231306,0.16979568301231385,0.14950077872941508,0.7414965986394558,0.781413087113609,0.7205882352941176,0.5903614457831325,0.9245283018867925,0.8679245283018868,-1.4645221790047205,1.422389805721598,0.14274514092450902
hungary,tabpfn,pooled,raw,empirical_source,9,294.0,0.36054421768707484,0.8986350863107185,0.8318911347505046,0.5117432514659914,0.45698173614083426,0.1658714314956088,0.14563768307956,0.7482993197278912,0.7826174227217985,0.7218045112781954,0.6,0.9056603773584906,0.8679245283018868,-1.4644673299756568,1.409028464083041,0.1410276946223111
hungary,tabpfn,pooled,raw,mar_age_sex_30,0,294.0,0.36054421768707484,0.8580389401846648,0.7735442414964389,0.5563468746627424,0.5052135315477368,0.1866843022852096,0.1666850892148856,0.7210884353741497,0.7531112003211562,0.6917293233082706,0.575,0.8679245283018868,0.7358490566037735,-1.2595061256211526,1.268963474663876,0.17785771977803205
hungary,tabpfn,pooled,raw,mar_age_sex_30,1,294.0,0.36054421768707484,0.886641910879165,0.7814861782061758,0.5333217439038497,0.47587963132437305,0.17443215123273187,0.15210313594443242,0.7482993197278912,0.7846748293857888,0.7238805970149254,0.5987654320987654,0.9150943396226415,0.8679245283018868,-1.4749676159336989,1.4239714292979577,0.17353317448977626
hungary,tabpfn,pooled,raw,mar_age_sex_30,2,294.0,0.36054421768707484,0.8714371738257728,0.7724756318703082,0.5453412424756223,0.4916437414604909,0.17933145889640903,0.15858488950793292,0.7380952380952381,0.768466479325572,0.7072243346007605,0.5923566878980892,0.8773584905660378,0.8584905660377359,-1.3411186661291596,1.3325772509316904,0.17743261291916526
hungary,tabpfn,pooled,raw,mar_age_sex_30,3,294.0,0.36054421768707484,0.8916599759132878,0.8581315736800899,0.5200808732497265,0.4679007405950337,0.17381112381302452,0.15323429974895242,0.7414965986394558,0.7731834604576475,0.7121212121212122,0.5949367088607594,0.8867924528301887,0.8301886792452831,-1.531956036017318,1.5157327162925567,0.13893949981416068
hungary,tabpfn,pooled,raw,mar_age_sex_30,4,294.0,0.36054421768707484,0.8527699718988359,0.7948472675601411,0.5695890307769725,0.5141016560027007,0.19145029858172397,0.17015537386394153,0.7312925170068028,0.7631473303894019,0.7018867924528301,0.5849056603773585,0.8773584905660378,0.7547169811320755,-1.3084813969736326,1.1884012354015603,0.1848918769722715
hungary,tabpfn,pooled,raw,mar_age_sex_30,5,294.0,0.36054421768707484,0.8840325170614212,0.802368282891189,0.5360341449056075,0.47969760896935054,0.17732526914629296,0.15537172519401804,0.7346938775510204,0.7740365315134484,0.7132352941176471,0.5843373493975904,0.9150943396226415,0.8773584905660378,-1.5055216562330844,1.4249812038234881,0.1700221056476947
hungary,tabpfn,pooled,raw,mar_age_sex_30,6,294.0,0.36054421768707484,0.8709855479727018,0.7845992070551522,0.5418750349766674,0.48955482439854425,0.1789294969978046,0.15895999636364883,0.7346938775510204,0.7678643115214774,0.706766917293233,0.5875,0.8867924528301887,0.8490566037735849,-1.3056676082185616,1.295972461261109,0.16835450782079542
hungary,tabpfn,pooled,raw,mar_age_sex_30,7,294.0,0.36054421768707484,0.8628061019670815,0.787167121003133,0.5649784741889011,0.5064481201059381,0.18784416437039378,0.1654050780416087,0.7346938775510204,0.7699217181854676,0.7089552238805971,0.5864197530864198,0.8962264150943396,0.8113207547169812,-1.3427766066744444,1.2212211491064873,0.18417461017558476
hungary,tabpfn,pooled,raw,mar_age_sex_30,8,294.0,0.36054421768707484,0.873494580489763,0.7909667453208057,0.5437601297607358,0.4882407994291057,0.17964824566177376,0.15826679707044722,0.7687074829931972,0.8006322761942994,0.7404580152671756,0.6217948717948718,0.9150943396226415,0.7735849056603774,-1.375935977614351,1.3185411967470066,0.17206823176617278
hungary,tabpfn,pooled,raw,mar_age_sex_30,9,294.0,0.36054421768707484,0.8657165796868727,0.7920044330807093,0.5490206921166726,0.49482282244180475,0.1826340490407781,0.1619440225896675,0.7346938775510204,0.7699217181854676,0.7089552238805971,0.5864197530864198,0.8962264150943396,0.8018867924528302,-1.3289795062417278,1.2493216448169366,0.17337912452968018
hungary,tabpfn,pooled,raw,mcar_10,0,294.0,0.36054421768707484,0.8801686069851465,0.8290190997931837,0.5299614343467203,0.47983091819000356,0.17596934569176267,0.15664973314158837,0.7346938775510204,0.7658069048574869,0.7045454545454546,0.5886075949367089,0.8773584905660378,0.8301886792452831,-1.3862403795641685,1.4143750905209111,0.14970560151518492
hungary,tabpfn,pooled,raw,mcar_10,1,294.0,0.36054421768707484,0.8691288639100763,0.8079140365651051,0.54447351442739,0.49193772907976585,0.18198970942054743,0.16176234779675364,0.7142857142857143,0.747792051384986,0.6865671641791045,0.5679012345679012,0.8679245283018868,0.8018867924528302,-1.335029150747845,1.2910249790389687,0.16338285773803857
hungary,tabpfn,pooled,raw,mcar_10,2,294.0,0.36054421768707484,0.8772581292653552,0.7882963347293062,0.5378351382817187,0.4874748432369554,0.17799608309353976,0.15827946490812075,0.7312925170068028,0.7713769570453632,0.7106227106227107,0.5808383233532934,0.9150943396226415,0.8113207547169812,-1.356971058828045,1.4288202751538532,0.17154736342524798
hungary,tabpfn,pooled,raw,mcar_10,3,294.0,0.36054421768707484,0.8601465274989963,0.7968890707744823,0.5491899618703544,0.49848004709683813,0.18403215678312293,0.16457401764738327,0.7244897959183674,0.7578281814532317,0.6966292134831461,0.577639751552795,0.8773584905660378,0.7641509433962265,-1.298281244669284,1.2351048793695272,0.1702796648630338
hungary,tabpfn,pooled,raw,mcar_10,4,294.0,0.36054421768707484,0.8703833801686071,0.8124068879005159,0.5554898380785118,0.49786068822552765,0.18581858009612087,0.1634791393192688,0.7278911564625851,0.7687173825772782,0.708029197080292,0.5773809523809523,0.9150943396226415,0.7924528301886793,-1.4133844808541483,1.2929803540388058,0.17102135463260493
hungary,tabpfn,pooled,raw,mcar_10,5,294.0,0.36054421768707484,0.8768065034122843,0.7882555432143438,0.5383893032401081,0.48469501059652387,0.17843570858907537,0.1580732397678467,0.7244897959183674,0.7578281814532317,0.6966292134831461,0.577639751552795,0.8773584905660378,0.8018867924528302,-1.3790045449261006,1.320207027350295,0.1678003946853407
hungary,tabpfn,pooled,raw,mcar_10,6,294.0,0.36054421768707484,0.8697310317141711,0.7985422994665676,0.5463143845649883,0.49231559275688885,0.18229238133505768,0.16134506387195685,0.7312925170068028,0.7713769570453632,0.7106227106227107,0.5808383233532934,0.9150943396226415,0.7830188679245284,-1.3769905762233725,1.313365490216317,0.17119554068348503
hungary,tabpfn,pooled,raw,mcar_10,7,294.0,0.36054421768707484,0.8660176635889201,0.7999549810668518,0.5563698797876643,0.5002649718704985,0.18685713332086235,0.16507851580018043,0.7278911564625851,0.7646025692492975,0.7037037037037037,0.5792682926829268,0.8962264150943396,0.7641509433962265,-1.3791782343001628,1.3103546767192389,0.17257482820089948
hungary,tabpfn,pooled,raw,mcar_10,8,294.0,0.36054421768707484,0.8807707747892413,0.8178378964902928,0.5347468005247606,0.4805449841119695,0.17643238786197513,0.15570372688775774,0.7482993197278912,0.7805600160578081,0.7196969696969697,0.6012658227848101,0.8962264150943396,0.839622641509434,-1.3918747540510643,1.3355111119106817,0.15844147006922749
hungary,tabpfn,pooled,raw,mcar_10,9,294.0,0.36054421768707484,0.8591930951425131,0.8037063043145998,0.5647911550428661,0.5080160164399194,0.19144431512110563,0.16934085941193117,0.7108843537414966,0.7471898835808912,0.6863468634686347,0.5636363636363636,0.8773584905660378,0.7169811320754716,-1.377424969032821,1.2699824684046186,0.17736800194018398
hungary,tabpfn,pooled,raw,mcar_30,0,294.0,0.36054421768707484,0.8009835407466881,0.7524015676589745,0.7584767421495174,0.6494513652965966,0.27386222102880875,0.22969698644180983,0.5476190476190477,0.6277599357687675,0.5932721712538226,0.43891402714932126,0.9150943396226415,0.660377358490566,-1.771292716472772,1.1122339240247914,0.3106505576736703
hungary,tabpfn,pooled,raw,mcar_30,1,294.0,0.36054421768707484,0.8303392211963067,0.7266944300487176,0.7198530247980115,0.6126663357863384,0.25146748391003815,0.20874984172355895,0.6156462585034014,0.6912384584504215,0.6435331230283912,0.4834123222748815,0.9622641509433962,0.6320754716981132,-1.8566618483204294,1.219883885576749,0.30018244416663303
hungary,tabpfn,pooled,raw,mcar_30,2,294.0,0.36054421768707484,0.8396728221597752,0.7573529118997469,0.7228282815213372,0.6103146633546921,0.25376658603092916,0.20904227329292902,0.6020408163265306,0.6826575672420715,0.6377708978328174,0.47465437788018433,0.9716981132075472,0.6886792452830188,-1.9922352287124474,1.267789970549757,0.2895132189194195
hungary,tabpfn,pooled,raw,mcar_30,3,294.0,0.36054421768707484,0.8320453633079086,0.7392891258392715,0.723251379351054,0.6148589962424454,0.2540904669065546,0.2110317882846047,0.6020408163265306,0.67442794058611,0.6285714285714286,0.47368421052631576,0.9339622641509434,0.6320754716981132,-1.8778710689386475,1.2157159612679802,0.297631969765451
hungary,tabpfn,pooled,raw,mcar_30,4,294.0,0.36054421768707484,0.8466479325572059,0.7569349459434125,0.6768149496859985,0.5806572665260126,0.23771360605718272,0.19882495308369263,0.6190476190476191,0.6918406262545163,0.643312101910828,0.4855769230769231,0.9528301886792453,0.7547169811320755,-1.9155687671247512,1.3745440805997198,0.27227339850909743
hungary,tabpfn,pooled,raw,mcar_30,5,294.0,0.36054421768707484,0.835256924929747,0.7681730093883877,0.7155307852060857,0.6121937019308304,0.2545196397925016,0.21247128073925892,0.5952380952380952,0.6711661983139301,0.6269592476489029,0.4694835680751174,0.9433962264150944,0.7264150943396226,-1.952561332715702,1.3216416135938824,0.287702619185453
hungary,tabpfn,pooled,raw,mcar_30,6,294.0,0.36054421768707484,0.8072059413890004,0.7013661087772158,0.757213992551461,0.6437112141302619,0.2662858654640498,0.22117776328059183,0.5918367346938775,0.6746788438378162,0.6319018404907976,0.4681818181818182,0.9716981132075472,0.5943396226415094,-1.7576855783064569,1.0974068472351268,0.3299787130105787
hungary,tabpfn,pooled,raw,mcar_30,7,294.0,0.36054421768707484,0.8247691690084303,0.7255194453714009,0.7237845014270422,0.6165209070505171,0.2558060827402457,0.21246368403796564,0.5782312925170068,0.6578683259735046,0.6172839506172839,0.45871559633027525,0.9433962264150944,0.7169811320754716,-1.8698269877492544,1.2593570503080678,0.3055095449249878
hungary,tabpfn,pooled,raw,mcar_30,8,294.0,0.36054421768707484,0.8355580088317944,0.75623094052592,0.702560579652182,0.6012110026298481,0.2481764029618891,0.20719628014592642,0.6156462585034014,0.6871236451224407,0.6389776357827476,0.4830917874396135,0.9433962264150944,0.6886792452830188,-1.8909255207667741,1.2966787791848506,0.2828496083846147
hungary,tabpfn,pooled,raw,mcar_30,9,294.0,0.36054421768707484,0.8140806904857486,0.7271652681091558,0.7219808363957869,0.6193254158595396,0.2563161761471221,0.2144985258806254,0.5748299319727891,0.6552087515054195,0.6153846153846154,0.45662100456621,0.9433962264150944,0.6415094339622641,-1.7693094738195196,1.2132025103748236,0.30501205692646893
hungary,tabpfn,pooled,raw,mcar_50,0,294.0,0.36054421768707484,0.7588819751103973,0.6318724542519834,0.9364358578149751,0.7750088797627583,0.33589151403701595,0.27217875425637755,0.47959183673469385,0.5869128863910076,0.5738161559888579,0.40711462450592883,0.9716981132075472,0.5566037735849056,-2.0208849519842618,1.027461303392754,0.42575419340938814
hungary,tabpfn,pooled,raw,mcar_50,1,294.0,0.36054421768707484,0.7760437575270975,0.6811974567645439,0.9141607184515725,0.7580860904737392,0.32688423885479007,0.26582647465712206,0.5204081632653061,0.6167703733440385,0.591304347826087,0.42677824267782427,0.9622641509433962,0.6037735849056604,-2.0634442955490986,1.0504698026481114,0.39029707478419967
hungary,tabpfn,pooled,raw,mcar_50,2,294.0,0.36054421768707484,0.7800080289040546,0.6732478095150686,0.9143079909060938,0.7533217441886491,0.32509039165444137,0.262130185977805,0.5170068027210885,0.6182256122039341,0.5942857142857143,0.4262295081967213,0.9811320754716981,0.5188679245283019,-2.1891605049576484,1.1135564047321431,0.3964724334823448
hungary,tabpfn,pooled,raw,mcar_50,3,294.0,0.36054421768707484,0.7591579686872743,0.6251066892591641,1.017196192343173,0.8302489098503913,0.3616725499562828,0.28954553395918836,0.4523809523809524,0.5718085106382979,0.5683646112600537,0.3970037453183521,1.0,0.5377358490566038,-2.2580366816797777,1.040066700761954,0.435003569990821
hungary,tabpfn,pooled,raw,mcar_50,4,294.0,0.36054421768707484,0.7944098755519872,0.6740181150423987,0.9498247455909906,0.7763248925493025,0.3400832971124868,0.271936275711265,0.4931972789115646,0.6037234042553191,0.5872576177285319,0.41568627450980394,1.0,0.5660377358490566,-2.5719612262274714,1.2879424087577596,0.40356127097690697
hungary,tabpfn,pooled,raw,mcar_50,5,294.0,0.36054421768707484,0.7588819751103973,0.6479500399507863,0.9446429089850865,0.7804472598079855,0.34102677954952926,0.27572888275056284,0.48639455782312924,0.5942894419911682,0.5793871866295265,0.41106719367588934,0.9811320754716981,0.5566037735849056,-2.1373899688678737,1.0921388736164905,0.4185573682311288
hungary,tabpfn,pooled,raw,mcar_50,6,294.0,0.36054421768707484,0.7929295463669208,0.710089263166183,0.9004497890137022,0.745492666995535,0.3280340547654698,0.26575184617549297,0.4897959183673469,0.5969490164592534,0.5810055865921788,0.4126984126984127,0.9811320754716981,0.660377358490566,-2.3360643393616183,1.2448392012335063,0.382312062440053
hungary,tabpfn,pooled,raw,mcar_50,7,294.0,0.36054421768707484,0.7704737053392212,0.6801531454940815,0.9345437368270225,0.7736030558118812,0.337133635576214,0.27349641302471256,0.47959183673469385,0.5869128863910076,0.5738161559888579,0.40711462450592883,0.9716981132075472,0.5754716981132075,-2.120416910507417,1.0717971441029044,0.39822745935884263
hungary,tabpfn,pooled,raw,mcar_50,8,294.0,0.36054421768707484,0.7954887595343235,0.701918408387593,0.8935021698141445,0.7383943429852906,0.3199247449511893,0.2586924962079131,0.5102040816326531,0.612906463267764,0.5909090909090909,0.42276422764227645,0.9811320754716981,0.6226415094339622,-2.2631344250923595,1.189009460447907,0.3771571947375361
hungary,tabpfn,pooled,raw,mcar_50,9,294.0,0.36054421768707484,0.7174829385788839,0.5928611331746446,0.9505479438669858,0.7894847453438005,0.3394513071779238,0.27586347976901254,0.4897959183673469,0.594891609795263,0.5786516853932584,0.412,0.9716981132075472,0.4339622641509434,-1.7456269049642947,0.8651706646273973,0.4449268200725048
hungary,tabpfn,pooled,raw,natural,0,294.0,0.36054421768707484,0.8969791248494581,0.8484303452431304,0.46529762708798716,0.43392014155488995,0.14810408055323157,0.1368787957021044,0.7925170068027211,0.8089622641509434,0.7510204081632653,0.6618705035971223,0.8679245283018868,0.839622641509434,-1.1007082284408154,1.396083445630926,0.10972807241054011
hungary,tabpfn,pooled,source_oof_platt,drop_advanced,0,294.0,0.36054421768707484,0.8922621437173825,0.8386832653933567,0.46263883416011875,0.5147556232218001,0.1449653038806716,0.16799774529086728,0.8061224489795918,0.7578783621035728,0.6850828729281768,0.8266666666666667,0.5849056603773585,0.8301886792452831,0.676033974145291,2.3617582850174177,0.08048057713561738
hungary,tabpfn,pooled,source_oof_platt,drop_exercise,0,294.0,0.36054421768707484,0.8492071457246085,0.741185029813364,0.5372563928623088,0.6177671047497307,0.1796341615490921,0.21675310768899322,0.6870748299319728,0.5742673625050181,0.28125,0.8181818181818182,0.16981132075471697,0.7924528301886793,1.4897553751127313,3.0584690331022704,0.13438376150085474
hungary,tabpfn,pooled,source_oof_platt,drop_routine,0,294.0,0.36054421768707484,0.8980329185066238,0.8275072454115833,0.5672925254838813,0.5241227943280536,0.1904625902107564,0.17103495776604935,0.7721088435374149,0.8032918506623846,0.7432950191570882,0.6258064516129033,0.9150943396226415,0.8207547169811321,-1.7220847318230352,2.843327569883808,0.17469245743085285
hungary,tabpfn,pooled,source_oof_platt,empirical_source,0,294.0,0.36054421768707484,0.8791148133279808,0.8165385814964362,0.47711895904841234,0.5157648544224991,0.15089923251173504,0.16825451309159623,0.8027210884353742,0.7593336009634685,0.6881720430107527,0.8,0.6037735849056604,0.8018867924528302,0.3138290992893941,2.317407922769624,0.07988494866883947
hungary,tabpfn,pooled,source_oof_platt,empirical_source,1,294.0,0.36054421768707484,0.8786631874749097,0.8118077108556414,0.47683036176488874,0.5135372628959614,0.150426631941438,0.16670125599944274,0.8129251700680272,0.779656764351666,0.717948717948718,0.7865168539325843,0.660377358490566,0.8490566037735849,0.230633556799155,2.222450985804538,0.08695809872356151
hungary,tabpfn,pooled,source_oof_platt,empirical_source,2,294.0,0.36054421768707484,0.8765556001605781,0.8038064673258982,0.47498951316991295,0.5045480717502445,0.14924076046871346,0.16235473811018575,0.8027210884353742,0.7716780409474107,0.7070707070707071,0.7608695652173914,0.660377358490566,0.8490566037735849,0.07293371152260449,2.168040726691949,0.08867860530416179
hungary,tabpfn,pooled,source_oof_platt,empirical_source,3,294.0,0.36054421768707484,0.8734443998394219,0.7819050043109871,0.4774259865519125,0.5143674687350587,0.15062700864557133,0.16722685211999916,0.8163265306122449,0.77614411882778,0.7127659574468085,0.8170731707317073,0.6320754716981132,0.8207547169811321,0.2213614941648517,2.084448976721311,0.09461012053330153
hungary,tabpfn,pooled,source_oof_platt,empirical_source,4,294.0,0.36054421768707484,0.8691790445604176,0.7850778102332896,0.4843006936966751,0.5195956933492201,0.1543894198358557,0.17022632331671472,0.7789115646258503,0.7386591730228824,0.6596858638743456,0.7411764705882353,0.5943396226415094,0.8301886792452831,0.14781939487950424,2.0179830818036097,0.08982674965002976
hungary,tabpfn,pooled,source_oof_platt,empirical_source,5,294.0,0.36054421768707484,0.8737956643918104,0.8248225576032908,0.4790905462116419,0.5164638121395617,0.15132376974205106,0.16792635262985656,0.8095238095238095,0.7749397832195906,0.711340206185567,0.7840909090909091,0.6509433962264151,0.8113207547169812,0.2511522973956077,2.321054044039682,0.08784971153170794
hungary,tabpfn,pooled,source_oof_platt,empirical_source,6,294.0,0.36054421768707484,0.8637595343235649,0.7823901358613902,0.48849201445898505,0.5212764075658107,0.1559001950813922,0.17049095749104062,0.7959183673469388,0.7581292653552789,0.6875,0.7674418604651163,0.6226415094339622,0.8207547169811321,0.06960383683939937,1.9867955124258632,0.09682106358125604
hungary,tabpfn,pooled,source_oof_platt,empirical_source,7,294.0,0.36054421768707484,0.8773083099156965,0.7856795363669563,0.4786450257218727,0.5107801563456229,0.15157761108447648,0.1660295947884971,0.7959183673469388,0.7581292653552789,0.6875,0.7674418604651163,0.6226415094339622,0.8301886792452831,0.13781693928558905,2.145235942311959,0.08410763178119396
hungary,tabpfn,pooled,source_oof_platt,empirical_source,8,294.0,0.36054421768707484,0.8947209955841027,0.8357830665353518,0.46399946930001185,0.4987202412188261,0.14438609047178727,0.1598700846767796,0.8333333333333334,0.7914993978321959,0.7351351351351352,0.8607594936708861,0.6415094339622641,0.8679245283018868,0.3101412113137573,2.4794833380822117,0.0772786651866868
hungary,tabpfn,pooled,source_oof_platt,empirical_source,9,294.0,0.36054421768707484,0.8986350863107185,0.8318911347505046,0.46025621048508936,0.4933723452835578,0.1427062206494712,0.1575270297799899,0.8299319727891157,0.7950120433560819,0.7395833333333334,0.8255813953488372,0.6698113207547169,0.8679245283018868,0.29346571727280446,2.4561529722960453,0.07202162690845487
hungary,tabpfn,pooled,source_oof_platt,mar_age_sex_30,0,294.0,0.36054421768707484,0.858089120835006,0.773728732301816,0.4990681956676798,0.5424232107877152,0.16093482248598404,0.18047844210935118,0.7891156462585034,0.7466378964271376,0.6702127659574468,0.7682926829268293,0.5943396226415094,0.7358490566037735,0.32278409330237,2.2108274860562678,0.09758470416019162
hungary,tabpfn,pooled,source_oof_platt,mar_age_sex_30,1,294.0,0.36054421768707484,0.886641910879165,0.7814861782061758,0.4794634459046524,0.5162551733039222,0.15173981006399112,0.16803938148721287,0.8095238095238095,0.7769971898835808,0.7142857142857143,0.7777777777777778,0.660377358490566,0.8679245283018868,0.30074963416683553,2.4813390186860502,0.0786931341905737
hungary,tabpfn,pooled,source_oof_platt,mar_age_sex_30,2,294.0,0.36054421768707484,0.8714873544761139,0.7725207170959282,0.4902028080815183,0.5306564190442765,0.15654099248880587,0.17459649018617043,0.8027210884353742,0.7655058209554395,0.6979166666666666,0.7790697674418605,0.6320754716981132,0.8584905660377359,0.3207231170207263,2.3224248146012845,0.09252651863969069
hungary,tabpfn,pooled,source_oof_platt,mar_age_sex_30,3,294.0,0.36054421768707484,0.8914592533119229,0.8578348724701101,0.4714855380994672,0.5090432843585697,0.14744451454962637,0.16410733559445648,0.8401360544217688,0.8050481734243276,0.7539267015706806,0.8470588235294118,0.6792452830188679,0.8301886792452831,0.3580779227221285,2.6412392177691033,0.07774543509766887
hungary,tabpfn,pooled,source_oof_platt,mar_age_sex_30,4,294.0,0.36054421768707484,0.8529205138498593,0.7951270719690953,0.49669511943439126,0.5352224621499604,0.15921429663513112,0.17641573695158713,0.7959183673469388,0.7581292653552789,0.6875,0.7674418604651163,0.6226415094339622,0.7547169811320755,0.1735322446428785,2.071079528206282,0.10468594908761011
hungary,tabpfn,pooled,source_oof_platt,mar_age_sex_30,5,294.0,0.36054421768707484,0.8839321557607387,0.8020898978898746,0.47775352869264925,0.5137353965650835,0.15029333181561974,0.16618485662024934,0.8095238095238095,0.7790545965475713,0.7171717171717171,0.7717391304347826,0.6698113207547169,0.8773584905660378,0.27154153157522776,2.48340730767847,0.08534827895349674
hungary,tabpfn,pooled,source_oof_platt,mar_age_sex_30,6,294.0,0.36054421768707484,0.8710357286230429,0.7847314122375952,0.4870721646527748,0.5274468479056711,0.1553849512967334,0.17345918026859564,0.8027210884353742,0.7634484142914493,0.6947368421052632,0.7857142857142857,0.6226415094339622,0.8490566037735849,0.3104060009512397,2.2583563702254996,0.08878078524807526
hungary,tabpfn,pooled,source_oof_platt,mar_age_sex_30,7,294.0,0.36054421768707484,0.8626555600160578,0.7870455109912827,0.49422768787958593,0.5315206510388828,0.158526913610989,0.17512688131072177,0.7789115646258503,0.7427739863508631,0.6666666666666666,0.7303370786516854,0.6132075471698113,0.8113207547169812,0.18026998774627104,2.128287133024788,0.09321320592498461
hungary,tabpfn,pooled,source_oof_platt,mar_age_sex_30,8,294.0,0.36054421768707484,0.8735447611401043,0.7909762062594097,0.48499490365358755,0.5230530587712601,0.15433905937123027,0.17130340220401385,0.8129251700680272,0.779656764351666,0.717948717948718,0.7865168539325843,0.660377358490566,0.7735849056603774,0.2679942866575673,2.297075532788674,0.08602421568247182
hungary,tabpfn,pooled,source_oof_platt,mar_age_sex_30,9,294.0,0.36054421768707484,0.865766760337214,0.7921187841384566,0.487037775100034,0.5256859158284846,0.15525100169355507,0.17243538848822382,0.782312925170068,0.7433761541549578,0.6666666666666666,0.7441860465116279,0.6037735849056604,0.8018867924528302,0.2285121245245007,2.1763918216694886,0.09064780279465703
hungary,tabpfn,pooled,source_oof_platt,mcar_10,0,294.0,0.36054421768707484,0.8802187876354878,0.8292144495168354,0.48036797099584694,0.5203206131532788,0.1513454840829547,0.1692253125613548,0.8231292517006803,0.7814632677639501,0.7204301075268817,0.8375,0.6320754716981132,0.8301886792452831,0.37811468464341647,2.4651621344158827,0.08853773808918737
hungary,tabpfn,pooled,source_oof_platt,mcar_10,1,294.0,0.36054421768707484,0.8691790445604175,0.8080480710016449,0.4869709361801818,0.526915701824619,0.1551529494005627,0.17296613259137095,0.7925170068027211,0.7513548775592132,0.6772486772486772,0.7710843373493976,0.6037735849056604,0.8018867924528302,0.2756402631697219,2.250364922833318,0.08770807549446133
hungary,tabpfn,pooled,source_oof_platt,mcar_10,2,294.0,0.36054421768707484,0.8772581292653552,0.7883687274093613,0.4894485039043178,0.5315421829074006,0.15551811378132116,0.17447112894561861,0.8061224489795918,0.7599357687675632,0.6885245901639344,0.8181818181818182,0.5943396226415094,0.8113207547169812,0.4256020005818085,2.4906926547535266,0.09530165972248833
hungary,tabpfn,pooled,source_oof_platt,mcar_10,3,294.0,0.36054421768707484,0.8601465274989963,0.7968890707744823,0.48900456162564737,0.5297977888610946,0.15573785928013673,0.17377222676151255,0.8027210884353742,0.7593336009634685,0.6881720430107527,0.8,0.6037735849056604,0.7641509433962265,0.2425763306423261,2.1529459501118566,0.09936467547937486
hungary,tabpfn,pooled,source_oof_platt,mcar_10,4,294.0,0.36054421768707484,0.8703833801686071,0.8119231060825022,0.4869839366289215,0.5231610521315261,0.1548509169047125,0.17094538088667158,0.8027210884353742,0.7613910076274588,0.6914893617021277,0.7926829268292683,0.6132075471698113,0.7924528301886793,0.19972225228931265,2.2537524680810277,0.09203602804255945
hungary,tabpfn,pooled,source_oof_platt,mcar_10,5,294.0,0.36054421768707484,0.8767563227619429,0.7881798847050967,0.4813527990967526,0.519353935461661,0.15217225582413732,0.16905859498472436,0.8333333333333334,0.797671617824167,0.743455497382199,0.8352941176470589,0.6698113207547169,0.8018867924528302,0.2678800683806075,2.300837470166499,0.08663466739405082
hungary,tabpfn,pooled,source_oof_platt,mcar_10,6,294.0,0.36054421768707484,0.8697310317141711,0.7985422994665676,0.4862051073445637,0.5248965685817745,0.1544312813382686,0.17162208063088896,0.7925170068027211,0.7492974708952228,0.6737967914438503,0.7777777777777778,0.5943396226415094,0.7830188679245284,0.2614558361324399,2.288956743342819,0.09330634221280917
hungary,tabpfn,pooled,source_oof_platt,mcar_10,7,294.0,0.36054421768707484,0.8659173022882376,0.799845447228952,0.49129186722515406,0.5293626043728963,0.1567732879231783,0.17391601656461714,0.8061224489795918,0.7640505820955439,0.6951871657754011,0.8024691358024691,0.6132075471698113,0.7641509433962265,0.2555141145256685,2.2839694192007594,0.09098014063368719
hungary,tabpfn,pooled,source_oof_platt,mcar_10,8,294.0,0.36054421768707484,0.8807707747892413,0.8178378964902928,0.47875908567689196,0.5161933112312604,0.15128333665666152,0.16792956577200568,0.7993197278911565,0.7566740264953833,0.6844919786096256,0.7901234567901234,0.6037735849056604,0.839622641509434,0.2743815866303777,2.3280958355704,0.08353052740123121
hungary,tabpfn,pooled,source_oof_platt,mcar_10,9,294.0,0.36054421768707484,0.8592432757928543,0.8037497167083891,0.4947514647818739,0.5327663024307254,0.15831394619127148,0.17536159626400918,0.7959183673469388,0.7560718586912887,0.6842105263157895,0.7738095238095238,0.6132075471698113,0.7169811320754716,0.20679210426737232,2.213214455207993,0.09449561178503028
hungary,tabpfn,pooled,source_oof_platt,mcar_30,0,294.0,0.36054421768707484,0.8008831794460056,0.7522720788091554,0.5573569831866008,0.5706162216562681,0.18627769067323463,0.1922133686658246,0.7482993197278912,0.7291248494580489,0.6542056074766355,0.6481481481481481,0.660377358490566,0.660377358490566,-0.3846557887852007,1.9378379705090427,0.14290388957939187
hungary,tabpfn,pooled,source_oof_platt,mcar_30,1,294.0,0.36054421768707484,0.8304897631473305,0.7276164703530887,0.5400894861499889,0.5527831664271918,0.17845745147621037,0.18409601483807855,0.7517006802721088,0.7379566439181051,0.6666666666666666,0.6460176991150443,0.6886792452830188,0.6320754716981132,-0.33573453126754943,2.1262264099258443,0.12181835463744733
hungary,tabpfn,pooled,source_oof_platt,mcar_30,2,294.0,0.36054421768707484,0.8397230028101165,0.7573929621840567,0.5343719837032789,0.542399351270233,0.17610696979377713,0.179736301922151,0.7551020408163265,0.7426736250501806,0.6727272727272727,0.6491228070175439,0.6981132075471698,0.6886792452830188,-0.4114042954745908,2.2105542162482443,0.10525533300566581
hungary,tabpfn,pooled,source_oof_platt,mcar_30,3,294.0,0.36054421768707484,0.8322460859092733,0.739631346949907,0.5396977178091716,0.5511888436885357,0.17826047429213,0.18343519055988108,0.7482993197278912,0.7311822561220394,0.6574074074074074,0.6454545454545455,0.6698113207547169,0.6320754716981132,-0.36206430261619277,2.1185120689866923,0.11898720888322015
hungary,tabpfn,pooled,source_oof_platt,mcar_30,4,294.0,0.36054421768707484,0.8465977519068648,0.75718564350338,0.5260564376294118,0.5438554341334338,0.17165493795538828,0.17970141934011052,0.7789115646258503,0.7571758329987957,0.6889952153110048,0.6990291262135923,0.6792452830188679,0.7547169811320755,-0.201901657550331,2.394949156938726,0.1054951300809634
hungary,tabpfn,pooled,source_oof_platt,mcar_30,5,294.0,0.36054421768707484,0.8353572862304296,0.7682764217272077,0.5402842967197429,0.5552307602456229,0.17781840467100452,0.1843897660380658,0.7789115646258503,0.7612906463267763,0.6948356807511737,0.6915887850467289,0.6981132075471698,0.7264150943396226,-0.3047330264605758,2.302609812510802,0.12561159670892408
hungary,tabpfn,pooled,source_oof_platt,mcar_30,6,294.0,0.36054421768707484,0.8072561220393416,0.701523163758077,0.5561160273047574,0.5668116324818797,0.18572445567877627,0.1906104400437728,0.7312925170068028,0.7137695704536331,0.6359447004608295,0.6216216216216216,0.6509433962264151,0.6037735849056604,-0.3893338514845076,1.912571447468566,0.1411514129138915
hungary,tabpfn,pooled,source_oof_platt,mcar_30,7,294.0,0.36054421768707484,0.8247189883580892,0.725456588208019,0.5447735979965178,0.5585542861453903,0.18056314465955697,0.1869374384123823,0.7687074829931972,0.7491971095945403,0.6792452830188679,0.6792452830188679,0.6792452830188679,0.7169811320754716,-0.29976958649768465,2.1953451200652783,0.11991988743761048
hungary,tabpfn,pooled,source_oof_platt,mcar_30,8,294.0,0.36054421768707484,0.8353572862304296,0.7557018461455033,0.5356991835077858,0.5516407762184002,0.17633307091818798,0.18346685572060617,0.7653061224489796,0.7485949417904456,0.6790697674418604,0.6697247706422018,0.6886792452830188,0.6886792452830188,-0.27431473222707525,2.2593400631958263,0.11433347097926984
hungary,tabpfn,pooled,source_oof_platt,mcar_30,9,294.0,0.36054421768707484,0.8144319550381373,0.7277745051184183,0.5484604352224085,0.5659014578139661,0.1823655960761404,0.1903624166092719,0.7551020408163265,0.7282717784022481,0.6504854368932039,0.67,0.6320754716981132,0.6415094339622641,-0.25662754436812996,2.1146875027502494,0.1253927379885395
hungary,tabpfn,pooled,source_oof_platt,mcar_50,0,294.0,0.36054421768707484,0.75898233641108,0.6318979644300899,0.6149682938100733,0.6036450160617601,0.21261515713300144,0.20721363529487272,0.6768707482993197,0.7000200722601365,0.6360153256704981,0.535483870967742,0.7830188679245284,0.5471698113207547,-0.7408220029870949,1.7918804938932893,0.23151342243459772
hungary,tabpfn,pooled,source_oof_platt,mcar_50,1,294.0,0.36054421768707484,0.7758430349257326,0.6811880214114847,0.6029784516725529,0.5925653309616792,0.2073522337306223,0.2021825192648679,0.6666666666666666,0.6940987555198715,0.631578947368421,0.525,0.7924528301886793,0.6037735849056604,-0.7543306521029473,1.8303733272618774,0.2033560016942567
hungary,tabpfn,pooled,source_oof_platt,mcar_50,2,294.0,0.36054421768707484,0.7800582095543958,0.6732422688769136,0.599229048888644,0.5852850841201569,0.2057446069050517,0.19910542823421118,0.6802721088435374,0.7109092733841831,0.6492537313432836,0.5370370370370371,0.8207547169811321,0.5188679245283019,-0.8018675955796576,1.9414908432247548,0.19458173013483035
hungary,tabpfn,pooled,source_oof_platt,mcar_50,3,294.0,0.36054421768707484,0.7593085106382979,0.6252663593805345,0.6328738396131828,0.6068644273678752,0.22142361506522104,0.20910183439434854,0.6292517006802721,0.6669008430349257,0.6093189964157706,0.4913294797687861,0.8018867924528302,0.5377358490566038,-0.9619872480186623,1.8124409698143797,0.2625531917497061
hungary,tabpfn,pooled,source_oof_platt,mcar_50,4,294.0,0.36054421768707484,0.7944098755519872,0.6740451835015734,0.6071503788541573,0.5864062272426104,0.20919435542661752,0.19929851790871672,0.6802721088435374,0.7170814933761542,0.656934306569343,0.5357142857142857,0.8490566037735849,0.5660377358490566,-0.9670113786573636,2.2449887239610087,0.20737363514694446
hungary,tabpfn,pooled,source_oof_platt,mcar_50,5,294.0,0.36054421768707484,0.7589321557607386,0.6485744244400978,0.6171395313892087,0.6048555828225225,0.2139703086036494,0.20797120024431404,0.6496598639455783,0.6808008831794461,0.6199261992619927,0.509090909090909,0.7924528301886793,0.5566037735849056,-0.7765454435268506,1.903416593118896,0.2202100928473607
hungary,tabpfn,pooled,source_oof_platt,mcar_50,6,294.0,0.36054421768707484,0.792979727017262,0.7103648851714764,0.5964778149332849,0.5862688221225179,0.20420353076979328,0.19926891345638081,0.6700680272108843,0.6864712966680048,0.6196078431372549,0.5302013422818792,0.7452830188679245,0.660377358490566,-0.7846435301484036,2.168197543314638,0.18816300689991977
hungary,tabpfn,pooled,source_oof_platt,mcar_50,7,294.0,0.36054421768707484,0.7703733440385387,0.6803380676129902,0.6103296236933721,0.5981762633371666,0.21082054387761706,0.2048456417993867,0.6700680272108843,0.7008731433159374,0.6394052044609665,0.5276073619631901,0.8113207547169812,0.5754716981132075,-0.7848915887423465,1.8690390996371626,0.2177735412437351
hungary,tabpfn,pooled,source_oof_platt,mcar_50,8,294.0,0.36054421768707484,0.7953883982336412,0.7018822038072269,0.5927620257610378,0.5818865772440692,0.20263925666098948,0.1973058059342775,0.7006802721088435,0.7206945002007226,0.65625,0.56,0.7924528301886793,0.6226415094339622,-0.7814432663487589,2.0719080182939056,0.17866804804720748
hungary,tabpfn,pooled,source_oof_platt,mcar_50,9,294.0,0.36054421768707484,0.7177840224809314,0.5932827841235094,0.6273072188532939,0.6192285958352266,0.21918170199695405,0.21518981682156185,0.6156462585034014,0.6315736651947009,0.5637065637065637,0.477124183006536,0.6886792452830188,0.42452830188679247,-0.6678270913545676,1.5092475019734926,0.2357079843759324
hungary,tabpfn,pooled,source_oof_platt,natural,0,294.0,0.36054421768707484,0.8969791248494581,0.8484303452431304,0.45703138370375,0.5060061484796292,0.1422606335882234,0.16383466921918063,0.8129251700680272,0.7673123243677238,0.6994535519125683,0.8311688311688312,0.6037735849056604,0.839622641509434,0.6412557882335248,2.433389362238711,0.07612813656775341
switzerland,tabpfn,pooled,raw,drop_advanced,0,123.0,0.9349593495934959,0.7489130434782609,0.9692510850113987,0.5137275498506785,0.6263687119226236,0.17074913855390875,0.20736156362003075,0.7723577235772358,0.7038043478260869,0.8653846153846154,0.967741935483871,0.782608695652174,0.5391304347826087,2.500314781258722,0.7829855950697445,0.13687005040588468
switzerland,tabpfn,pooled,raw,drop_exercise,0,123.0,0.9349593495934959,0.7510869565217393,0.9782913244253599,0.5164342541913396,0.602620163773289,0.16708098651390665,0.20839145458927266,0.7967479674796748,0.6586956521739131,0.8826291079812206,0.9591836734693877,0.8173913043478261,0.4608695652173913,2.4307817333257655,0.8866597308182913,0.16921187465077456
switzerland,tabpfn,pooled,raw,drop_routine,0,123.0,0.9349593495934959,0.7402173913043477,0.9688366032217384,0.45397529067423537,0.6493683170282304,0.14429618247563678,0.21505235383875593,0.7967479674796748,0.6586956521739131,0.8826291079812206,0.9591836734693877,0.8173913043478261,0.4608695652173913,2.3019608964642906,0.7333164145455744,0.10124951815991472
switzerland,tabpfn,pooled,raw,empirical_source,0,123.0,0.9349593495934959,0.7108695652173913,0.9643395391891528,0.5550491983208808,0.6939884157295197,0.18686362958349212,0.23330709470932695,0.7398373983739838,0.6864130434782609,0.8431372549019608,0.9662921348314607,0.7478260869565218,0.3391304347826087,2.525915578642397,0.6237310579372082,0.16123643388144474
switzerland,tabpfn,pooled,raw,empirical_source,1,123.0,0.9349593495934959,0.7293478260869566,0.9661843294123194,0.5191737122730756,0.6550753472256922,0.17053677825077776,0.21652678643381063,0.7642276422764228,0.6994565217391304,0.8599033816425121,0.967391304347826,0.7739130434782608,0.34782608695652173,2.4899259277681787,0.7045309000185859,0.14348028340559074
switzerland,tabpfn,pooled,raw,empirical_source,2,123.0,0.9349593495934959,0.7489130434782609,0.9695857815559095,0.5208596166019572,0.6346495949764672,0.171673968870471,0.20978502551182643,0.7723577235772358,0.7038043478260869,0.8653846153846154,0.967741935483871,0.782608695652174,0.5826086956521739,2.49282443096496,0.7282457384373432,0.1443083932507213
switzerland,tabpfn,pooled,raw,empirical_source,3,123.0,0.9349593495934959,0.7456521739130435,0.970542251317059,0.5303632278272652,0.630490060607213,0.1757330694542392,0.21219095243372815,0.7398373983739838,0.6864130434782609,0.8431372549019608,0.9662921348314607,0.7478260869565218,0.3739130434782609,2.535602963966698,0.7336071759026183,0.15078064263714594
switzerland,tabpfn,pooled,raw,empirical_source,4,123.0,0.9349593495934959,0.7467391304347826,0.9681170370830547,0.5197496297401739,0.6466582791007092,0.17293113474568075,0.21377090409183008,0.7317073170731707,0.6820652173913043,0.8374384236453202,0.9659090909090909,0.7391304347826086,0.3565217391304348,2.5082124556577723,0.7632934871780203,0.1389863862876916
switzerland,tabpfn,pooled,raw,empirical_source,5,123.0,0.9349593495934959,0.6945652173913044,0.9627757746566379,0.5360893212648863,0.7025176715671455,0.17556309473137593,0.23425980172311542,0.7723577235772358,0.7038043478260869,0.8653846153846154,0.967741935483871,0.782608695652174,0.34782608695652173,2.4581306968425363,0.5191923936847219,0.16375578005304545
switzerland,tabpfn,pooled,raw,empirical_source,6,123.0,0.9349593495934959,0.7521739130434784,0.970607659159243,0.4950461763547174,0.621473299632112,0.16410781697360316,0.2068904220085723,0.7560975609756098,0.6951086956521739,0.8543689320388349,0.967032967032967,0.7652173913043478,0.5217391304347826,2.4699584405816712,0.8337828224660428,0.12129957536182519
switzerland,tabpfn,pooled,raw,empirical_source,7,123.0,0.9349593495934959,0.7521739130434782,0.9725142924733778,0.5421143238061167,0.6111515003778798,0.17996043479733811,0.2057780459176464,0.7317073170731707,0.6820652173913043,0.8374384236453202,0.9659090909090909,0.7391304347826086,0.6173913043478261,2.5540988962930533,0.7049691300083405,0.16017344251280802
switzerland,tabpfn,pooled,raw,empirical_source,8,123.0,0.9349593495934959,0.7054347826086957,0.9624153024696278,0.5237019343273878,0.681074201358668,0.17472376065055115,0.2289531940830819,0.7398373983739838,0.6864130434782609,0.8431372549019608,0.9662921348314607,0.7478260869565218,0.33043478260869563,2.462967601851778,0.6634330710105327,0.1434505578532218
switzerland,tabpfn,pooled,raw,empirical_source,9,123.0,0.9349593495934959,0.7184782608695652,0.9662438025037903,0.5265920868493547,0.6710929845482814,0.17561502181099445,0.22479728886745964,0.7398373983739838,0.6864130434782609,0.8431372549019608,0.9662921348314607,0.7478260869565218,0.3391304347826087,2.480119047872714,0.6586519153279756,0.14367686537296592
switzerland,tabpfn,pooled,raw,mar_age_sex_30,0,123.0,0.9349593495934959,0.7032608695652174,0.9607252535631396,0.523023360059575,0.6638996081231323,0.1715974141641091,0.22210729377208877,0.7723577235772358,0.6456521739130434,0.8666666666666667,0.9578947368421052,0.7913043478260869,0.43478260869565216,2.4707228333438476,0.7273905399953867,0.14981938681732626
switzerland,tabpfn,pooled,raw,mar_age_sex_30,1,123.0,0.9349593495934959,0.7228260869565217,0.9626887697231578,0.49426007360312385,0.6369190049921438,0.15911912136655676,0.2136990906844474,0.7804878048780488,0.65,0.8720379146919431,0.9583333333333334,0.8,0.5217391304347826,2.434845693018193,0.7666526628328383,0.14079247856867097
switzerland,tabpfn,pooled,raw,mar_age_sex_30,2,123.0,0.9349593495934959,0.7250000000000001,0.972053487071445,0.5278067685917358,0.6120314537236763,0.17386621549051448,0.21366627944055325,0.7398373983739838,0.6282608695652174,0.8446601941747572,0.9560439560439561,0.7565217391304347,0.3739130434782609,2.515090494756486,0.8030762595171189,0.15839784617576946
switzerland,tabpfn,pooled,raw,mar_age_sex_30,3,123.0,0.9349593495934959,0.7380434782608696,0.9743052061087736,0.5039027499555652,0.5937166026413234,0.16355978299187635,0.20463670957466054,0.7804878048780488,0.7081521739130434,0.8708133971291866,0.9680851063829787,0.7913043478260869,0.4782608695652174,2.45894808187162,0.8520798258626511,0.13939724130186013
switzerland,tabpfn,pooled,raw,mar_age_sex_30,4,123.0,0.9349593495934959,0.691304347826087,0.9549066918523684,0.5194854382645567,0.6808179153669448,0.17121299316512312,0.22749393307618754,0.7398373983739838,0.6864130434782609,0.8431372549019608,0.9662921348314607,0.7478260869565218,0.34782608695652173,2.4571882816471105,0.7392923881332498,0.14859919491105725
switzerland,tabpfn,pooled,raw,mar_age_sex_30,5,123.0,0.9349593495934959,0.7336956521739131,0.9697300536814023,0.5043931179098162,0.6133763594659154,0.16592864194325052,0.21041793988916938,0.7642276422764228,0.6413043478260869,0.861244019138756,0.9574468085106383,0.782608695652174,0.46956521739130436,2.471830113338951,0.8658961149518677,0.12899501980824946
switzerland,tabpfn,pooled,raw,mar_age_sex_30,6,123.0,0.9349593495934959,0.7489130434782609,0.9654224854611875,0.4944079245220174,0.6410378468931932,0.16034745077918908,0.20780630631965813,0.7723577235772358,0.6456521739130434,0.8666666666666667,0.9578947368421052,0.7913043478260869,0.5217391304347826,2.420244422925466,0.8281460382670576,0.1305207569644172
switzerland,tabpfn,pooled,raw,mar_age_sex_30,7,123.0,0.9349593495934959,0.7228260869565217,0.9617098799834793,0.5341018545350468,0.6530637688634181,0.178206648768731,0.21849497383168168,0.7073170731707317,0.6108695652173913,0.8217821782178217,0.9540229885057471,0.7217391304347827,0.4956521739130435,2.513963217906074,0.8025859391929445,0.15528517380140072
switzerland,tabpfn,pooled,raw,mar_age_sex_30,8,123.0,0.9349593495934959,0.7782608695652173,0.9810166416540501,0.5003896133020177,0.5613816073501643,0.16448093263620495,0.19649982808277622,0.7479674796747967,0.6326086956521739,0.8502415458937198,0.9565217391304348,0.7652173913043478,0.5391304347826087,2.5109042968871313,0.8692976268620507,0.13261899919068537
switzerland,tabpfn,pooled,raw,mar_age_sex_30,9,123.0,0.9349593495934959,0.7217391304347825,0.971846871563135,0.49830364957812484,0.6091166347595914,0.16292113197342437,0.2130171116101931,0.7642276422764228,0.6994565217391304,0.8599033816425121,0.967391304347826,0.7739130434782608,0.3826086956521739,2.4460491722263247,0.850840570033114,0.12632938004078673
switzerland,tabpfn,pooled,raw,mcar_10,0,123.0,0.9349593495934959,0.7282608695652173,0.9667743673351941,0.4894198036629133,0.6551285797773088,0.1610724885188328,0.21864771219913015,0.7642276422764228,0.6994565217391304,0.8599033816425121,0.967391304347826,0.7739130434782608,0.4,2.3959375805929075,0.7421155364489439,0.11832612502103011
switzerland,tabpfn,pooled,raw,mcar_10,1,123.0,0.9349593495934959,0.6967391304347826,0.961292981995179,0.5009309768546581,0.715081976287016,0.16050105167499482,0.23270599101141726,0.7804878048780488,0.65,0.8720379146919431,0.9583333333333334,0.8,0.17391304347826086,2.3937039036502052,0.5275462625346332,0.13840772936314344
switzerland,tabpfn,pooled,raw,mcar_10,2,123.0,0.9349593495934959,0.6902173913043479,0.961375383833708,0.49928048151746535,0.709460030200574,0.16364269914115365,0.24233113168031353,0.7642276422764228,0.6413043478260869,0.861244019138756,0.9574468085106383,0.782608695652174,0.4,2.3930278663167157,0.5776756197045115,0.132631629971908
switzerland,tabpfn,pooled,raw,mcar_10,3,123.0,0.9349593495934959,0.7804347826086957,0.9799159641772061,0.4576729484846194,0.567454065290884,0.15303566646995076,0.1993305026655122,0.7479674796747967,0.6326086956521739,0.8502415458937198,0.9565217391304348,0.7652173913043478,0.4434782608695652,2.3948743166065865,1.0312044985451174,0.0871547594023717
switzerland,tabpfn,pooled,raw,mcar_10,4,123.0,0.9349593495934959,0.6880434782608695,0.9642330650152314,0.5202078982576744,0.7004958976369008,0.1704955363160222,0.23649382051650403,0.7642276422764228,0.6413043478260869,0.861244019138756,0.9574468085106383,0.782608695652174,0.40869565217391307,2.4266607130810436,0.531487619546639,0.15087474858634764
switzerland,tabpfn,pooled,raw,mcar_10,5,123.0,0.9349593495934959,0.6815217391304348,0.954214259487753,0.5136134942769823,0.7313344255783208,0.16872526336159846,0.23799972089476037,0.7642276422764228,0.6413043478260869,0.861244019138756,0.9574468085106383,0.782608695652174,0.16521739130434782,2.427524523533537,0.6061152472905381,0.14368593553602108
switzerland,tabpfn,pooled,raw,mcar_10,6,123.0,0.9349593495934959,0.7304347826086957,0.9670927465592374,0.526204862463197,0.6555714000716596,0.17188828975976728,0.21667195099812495,0.7479674796747967,0.6907608695652174,0.848780487804878,0.9666666666666667,0.7565217391304347,0.40869565217391307,2.4876644618259616,0.6582568595116085,0.15330097944112409
switzerland,tabpfn,pooled,raw,mcar_10,7,123.0,0.9349593495934959,0.7054347826086956,0.9630126303246314,0.5025776754403125,0.6816511794920822,0.16313109675714396,0.22715767411316315,0.7723577235772358,0.6456521739130434,0.8666666666666667,0.9578947368421052,0.7913043478260869,0.34782608695652173,2.411764186825512,0.637040502251425,0.13721637203666587
switzerland,tabpfn,pooled,raw,mcar_10,8,123.0,0.9349593495934959,0.7315217391304348,0.9687086537663299,0.49992444120786583,0.6677207151626698,0.16231639458623018,0.21942733018342417,0.7642276422764228,0.6994565217391304,0.8599033816425121,0.967391304347826,0.7739130434782608,0.43478260869565216,2.3907441205404347,0.5905604320076344,0.12689377870249482
switzerland,tabpfn,pooled,raw,mcar_10,9,123.0,0.9349593495934959,0.7000000000000001,0.960950858469398,0.5146696980917609,0.6925473520887311,0.1684722285263189,0.2260510561332625,0.7642276422764228,0.6994565217391304,0.8599033816425121,0.967391304347826,0.7739130434782608,0.2,2.439577495357906,0.6271688298429702,0.14503862806810847
switzerland,tabpfn,pooled,raw,mcar_30,0,123.0,0.9349593495934959,0.6630434782608695,0.9600969652430518,0.48078545426997255,0.7018568584732388,0.1535639041350313,0.24225880558374718,0.7967479674796748,0.6586956521739131,0.8826291079812206,0.9591836734693877,0.8173913043478261,0.26956521739130435,2.3466296236887088,0.611825278538041,0.12151382683911661
switzerland,tabpfn,pooled,raw,mcar_30,1,123.0,0.9349593495934959,0.758695652173913,0.9761933132101688,0.4456468569334663,0.5838970739616768,0.1432345123711071,0.20122899855841272,0.7804878048780488,0.65,0.8720379146919431,0.9583333333333334,0.8,0.3826086956521739,2.2919550975840033,1.0261024499534224,0.08390998665667915
switzerland,tabpfn,pooled,raw,mcar_30,2,123.0,0.9349593495934959,0.7489130434782609,0.9670930050815899,0.4679111367619152,0.6425118457343307,0.14912949079704768,0.21198817875935955,0.7967479674796748,0.6586956521739131,0.8826291079812206,0.9591836734693877,0.8173913043478261,0.6695652173913044,2.3092676661736613,0.8202156626980632,0.10468409270301395
switzerland,tabpfn,pooled,raw,mcar_30,3,123.0,0.9349593495934959,0.666304347826087,0.9563939726916424,0.46719865965676033,0.7191729591120856,0.14923302550162132,0.2438373152032784,0.7967479674796748,0.6586956521739131,0.8826291079812206,0.9591836734693877,0.8173913043478261,0.3130434782608696,2.2955528449119096,0.632807347087665,0.10516480293176186
switzerland,tabpfn,pooled,raw,mcar_30,4,123.0,0.9349593495934959,0.6152173913043478,0.9360083129374682,0.47357845235248974,0.8021842068792893,0.15152666227963565,0.261806229105792,0.7886178861788617,0.5961956521739131,0.8785046728971962,0.9494949494949495,0.8173913043478261,0.034782608695652174,2.3275419208616794,0.5103812612401908,0.12189061978920387
switzerland,tabpfn,pooled,raw,mcar_30,5,123.0,0.9349593495934959,0.7,0.956028365476685,0.4799943632913435,0.6864207858132275,0.15568091264868678,0.2262351606695162,0.7642276422764228,0.6994565217391304,0.8599033816425121,0.967391304347826,0.7739130434782608,0.17391304347826086,2.3184436548644363,0.798287696239172,0.11162544868204141
switzerland,tabpfn,pooled,raw,mcar_30,6,123.0,0.9349593495934959,0.7130434782608696,0.9732391014900588,0.47931653465030877,0.6514872150183064,0.15907254108416535,0.2322837394134284,0.7560975609756098,0.6369565217391304,0.8557692307692307,0.956989247311828,0.7739130434782608,0.41739130434782606,2.3345538856318417,0.7139515528912042,0.1024080294281677
switzerland,tabpfn,pooled,raw,mcar_30,7,123.0,0.9349593495934959,0.7945652173913044,0.9812382960876576,0.45898095808661105,0.5670984892103299,0.1477090859761616,0.19210122338816105,0.7967479674796748,0.6586956521739131,0.8826291079812206,0.9591836734693877,0.8173913043478261,0.7043478260869566,2.3347448676229554,0.9088341809102108,0.09203911885919788
switzerland,tabpfn,pooled,raw,mcar_30,8,123.0,0.9349593495934959,0.7489130434782609,0.9741576376705324,0.46222401737896746,0.616663056348376,0.14820181773151017,0.21171554072589147,0.7723577235772358,0.6456521739130434,0.8666666666666667,0.9578947368421052,0.7913043478260869,0.5043478260869565,2.3254489159647864,0.8030459645859069,0.10324452004012102
switzerland,tabpfn,pooled,raw,mcar_30,9,123.0,0.9349593495934959,0.7097826086956522,0.9627697174892429,0.49889947510869787,0.666216382593812,0.1625524865715455,0.22470711938502053,0.7560975609756098,0.6369565217391304,0.8557692307692307,0.956989247311828,0.7739130434782608,0.5565217391304348,2.372284907810654,0.6588733057762949,0.13130493893898768
switzerland,tabpfn,pooled,raw,mcar_50,0,123.0,0.9349593495934959,0.7000000000000001,0.971808751354895,0.4022351767482633,0.6687364227455598,0.12087318233567096,0.2409715556075253,0.8943089430894309,0.5945652173913043,0.9432314410480349,0.9473684210526315,0.9391304347826087,0.5565217391304348,1.9202000508415902,1.0685934277144638,0.044220659760540466
switzerland,tabpfn,pooled,raw,mcar_50,1,123.0,0.9349593495934959,0.7021739130434783,0.971579027892336,0.41635277919096153,0.6562452486848155,0.12680966572411867,0.23543104240508192,0.8536585365853658,0.5728260869565218,0.9196428571428571,0.944954128440367,0.8956521739130435,0.5130434782608696,2.0236532505945624,1.0301664612385653,0.05239883811395118
switzerland,tabpfn,pooled,raw,mcar_50,2,123.0,0.9349593495934959,0.7282608695652174,0.9721166289405512,0.45456984886475,0.6545089791996178,0.14341914629569086,0.22727809237460864,0.8292682926829268,0.6179347826086956,0.9041095890410958,0.9519230769230769,0.8608695652173913,0.6608695652173913,2.2142486022862893,0.818375153824312,0.083678348089969
switzerland,tabpfn,pooled,raw,mcar_50,3,123.0,0.9349593495934959,0.6358695652173914,0.9619169715548247,0.45633014645775344,0.7068179127217725,0.1427481466139573,0.2535441398690695,0.8211382113821138,0.5554347826086956,0.9,0.9428571428571428,0.8608695652173913,0.3130434782608696,2.2713317960742208,0.6251004770133479,0.09608850321699981
switzerland,tabpfn,pooled,raw,mcar_50,4,123.0,0.9349593495934959,0.7032608695652174,0.9640526280066646,0.4295029211329593,0.6474077026230114,0.13167060736578595,0.22217688935924645,0.8617886178861789,0.6934782608695652,0.9230769230769231,0.9622641509433962,0.8869565217391304,0.2,2.1027760391484955,1.148099296584418,0.06473260455132077
switzerland,tabpfn,pooled,raw,mcar_50,5,123.0,0.9349593495934959,0.6695652173913044,0.9617982598320327,0.47752117733741944,0.6799516005872933,0.15425064617999348,0.23757396354975094,0.8048780487804879,0.6048913043478261,0.8888888888888888,0.9504950495049505,0.8347826086956521,0.43478260869565216,2.2941255947078205,0.7768059958608606,0.1002767841818382
switzerland,tabpfn,pooled,raw,mcar_50,6,123.0,0.9349593495934959,0.6695652173913044,0.9689911739036592,0.47351958927859106,0.6412740069628923,0.15024904306107695,0.22914803723717728,0.8130081300813008,0.6092391304347826,0.8940092165898618,0.9509803921568627,0.8434782608695652,0.4608695652173913,2.287182221819733,0.8797944640412285,0.0974116995258182
switzerland,tabpfn,pooled,raw,mcar_50,7,123.0,0.9349593495934959,0.6489130434782608,0.9482831376235454,0.48232759598864666,0.7180603807117572,0.1512280930674584,0.24242870696991498,0.8048780487804879,0.6630434782608696,0.8878504672897196,0.9595959595959596,0.8260869565217391,0.3565217391304348,2.3392037755732993,0.6060582535497094,0.12582116838307444
switzerland,tabpfn,pooled,raw,mcar_50,8,123.0,0.9349593495934959,0.5108695652173914,0.9396625196438698,0.5197099845774741,0.8398057251249361,0.1691021322531749,0.30476465331181296,0.7479674796747967,0.45815217391304347,0.8544600938967136,0.9285714285714286,0.7913043478260869,0.1565217391304348,2.650883372604815,0.019844311522609025,0.15748641471126176
switzerland,tabpfn,pooled,raw,mcar_50,9,123.0,0.9349593495934959,0.8304347826086956,0.9860227004733577,0.43461757038758336,0.5354921447525502,0.13444604880976463,0.1809696628334957,0.8373983739837398,0.6804347826086956,0.908256880733945,0.9611650485436893,0.8608695652173913,0.6782608695652174,2.194309696082626,1.4848516786699362,0.05874873138757262
switzerland,tabpfn,pooled,raw,natural,0,123.0,0.9349593495934959,0.7304347826086957,0.9687915224488866,0.5127848235261224,0.6640364976568545,0.1678787857392225,0.2207097437957676,0.7642276422764228,0.6994565217391304,0.8599033816425121,0.967391304347826,0.7739130434782608,0.3826086956521739,2.4544090897925175,0.6354385836256055,0.13713496473938125
switzerland,tabpfn,pooled,source_oof_platt,drop_advanced,0,123.0,0.9349593495934959,0.7489130434782609,0.9692510850113987,0.4929432139696772,0.6125939040730803,0.16186986358038616,0.20472602903262604,0.7804878048780488,0.7081521739130434,0.8708133971291866,0.9680851063829787,0.7913043478260869,0.5391304347826087,2.431719334216966,0.9125628098122934,0.11993319379019529
switzerland,tabpfn,pooled,source_oof_platt,drop_exercise,0,123.0,0.9349593495934959,0.75,0.9781272555164181,0.5045049440439893,0.607300445029401,0.1618409385091165,0.21021995336840477,0.7967479674796748,0.6586956521739131,0.8826291079812206,0.9591836734693877,0.8173913043478261,0.4608695652173913,2.3537431286319612,1.034975971366367,0.13505951645186015
switzerland,tabpfn,pooled,source_oof_platt,drop_routine,0,123.0,0.9349593495934959,0.7402173913043477,0.9688366032217384,0.44301443959447634,0.6372416743946718,0.1391993288513293,0.2137460837834496,0.8048780487804879,0.6630434782608696,0.8878504672897196,0.9595959595959596,0.8260869565217391,0.4608695652173913,2.236997934461681,0.8548498843930985,0.08852034834637731
switzerland,tabpfn,pooled,source_oof_platt,empirical_source,0,123.0,0.9349593495934959,0.7108695652173913,0.9643395391891528,0.5269606043084667,0.6676839001479691,0.17583404772292902,0.22650435719882098,0.7479674796747967,0.6907608695652174,0.848780487804878,0.9666666666666667,0.7565217391304347,0.3391304347826087,2.4711576269022784,0.7270178677234631,0.14574216469594523
switzerland,tabpfn,pooled,source_oof_platt,empirical_source,1,123.0,0.9349593495934959,0.7293478260869566,0.9661843294123194,0.49745576360629706,0.6360603101007386,0.16213854682332307,0.21270810689628972,0.7642276422764228,0.6994565217391304,0.8599033816425121,0.967391304347826,0.7739130434782608,0.34782608695652173,2.4282482504711513,0.8206611391406348,0.12680806815237197
switzerland,tabpfn,pooled,source_oof_platt,empirical_source,2,123.0,0.9349593495934959,0.7478260869565219,0.9688611438747501,0.4998329104422106,0.6213789261229629,0.16326310064500169,0.20774736318005416,0.7723577235772358,0.6456521739130434,0.8666666666666667,0.9578947368421052,0.7913043478260869,0.5826086956521739,2.428984636027933,0.8486910725917929,0.12901908841270568
switzerland,tabpfn,pooled,source_oof_platt,empirical_source,3,123.0,0.9349593495934959,0.7456521739130435,0.970542251317059,0.5067184814320052,0.6143716901314097,0.16656306347413874,0.20786783873534728,0.7642276422764228,0.6994565217391304,0.8599033816425121,0.967391304347826,0.7739130434782608,0.3739130434782609,2.4714651378122525,0.8552673940826462,0.13184770809553953
switzerland,tabpfn,pooled,source_oof_platt,empirical_source,4,123.0,0.9349593495934959,0.7467391304347826,0.9681170370830547,0.49794777294520753,0.628112445560591,0.1636529036153354,0.20957402246018025,0.7479674796747967,0.6907608695652174,0.848780487804878,0.9666666666666667,0.7565217391304347,0.3565217391304348,2.4412841773035274,0.8890453494542407,0.12322994398210738
switzerland,tabpfn,pooled,source_oof_platt,empirical_source,5,123.0,0.9349593495934959,0.6934782608695652,0.9619852608226458,0.5122624901646597,0.6818025012639289,0.16708070415289683,0.23105305491182598,0.7804878048780488,0.7081521739130434,0.8708133971291866,0.9680851063829787,0.7913043478260869,0.34782608695652173,2.412572482993294,0.6050690668022537,0.14399386315286025
switzerland,tabpfn,pooled,source_oof_platt,empirical_source,6,123.0,0.9349593495934959,0.7521739130434784,0.970607659159243,0.4771740321485323,0.6082521764522527,0.15584406977799356,0.2039864217478756,0.7560975609756098,0.6369565217391304,0.8557692307692307,0.956989247311828,0.7739130434782608,0.5217391304347826,2.3970207048111285,0.971795073145211,0.10599939053360397
switzerland,tabpfn,pooled,source_oof_platt,empirical_source,7,123.0,0.9349593495934959,0.7521739130434782,0.9725142924733778,0.5165818846502258,0.5999279724564311,0.1704226482194937,0.2033361979649725,0.7479674796747967,0.6326086956521739,0.8502415458937198,0.9565217391304348,0.7652173913043478,0.6173913043478261,2.4922693498540394,0.8220872403126149,0.1432093060627102
switzerland,tabpfn,pooled,source_oof_platt,empirical_source,8,123.0,0.9349593495934959,0.7054347826086957,0.9624153024696278,0.5018252412383541,0.660466310193338,0.16542517055199205,0.2242272458608198,0.7479674796747967,0.6326086956521739,0.8502415458937198,0.9565217391304348,0.7652173913043478,0.33043478260869563,2.4047673913215672,0.7729529924503024,0.127224777192438
switzerland,tabpfn,pooled,source_oof_platt,empirical_source,9,123.0,0.9349593495934959,0.7184782608695652,0.9662438025037903,0.5032016580878833,0.6504557558281796,0.16608546664066895,0.22020707442336784,0.7479674796747967,0.6326086956521739,0.8502415458937198,0.9565217391304348,0.7652173913043478,0.3391304347826087,2.4223042830855857,0.7675101457523058,0.12883183388587896
switzerland,tabpfn,pooled,source_oof_platt,mar_age_sex_30,0,123.0,0.9349593495934959,0.7032608695652174,0.9607252535631396,0.5043603741252991,0.6491145050528563,0.16394049878413292,0.2193666426348604,0.7723577235772358,0.6456521739130434,0.8666666666666667,0.9578947368421052,0.7913043478260869,0.43478260869565216,2.406754959196294,0.8471606390970973,0.13234376353860686
switzerland,tabpfn,pooled,source_oof_platt,mar_age_sex_30,1,123.0,0.9349593495934959,0.7228260869565217,0.9626887697231578,0.47883649720924504,0.6241671387613077,0.15286153074333908,0.21083883708672793,0.7886178861788617,0.6543478260869565,0.8773584905660378,0.9587628865979382,0.808695652173913,0.5217391304347826,2.3677096566169773,0.893967513658405,0.12325409190342072
switzerland,tabpfn,pooled,source_oof_platt,mar_age_sex_30,2,123.0,0.9349593495934959,0.7250000000000001,0.972053487071445,0.5095309743721358,0.6064816822498079,0.16613714512053046,0.2109235125181718,0.7398373983739838,0.6282608695652174,0.8446601941747572,0.9560439560439561,0.7565217391304347,0.3739130434782609,2.444711173789287,0.9354795856917228,0.13793096998232945
switzerland,tabpfn,pooled,source_oof_platt,mar_age_sex_30,3,123.0,0.9349593495934959,0.7391304347826086,0.9744525008824394,0.4893216512674261,0.5922771296297623,0.1572921500230452,0.20373602134268437,0.7804878048780488,0.7081521739130434,0.8708133971291866,0.9680851063829787,0.7913043478260869,0.48695652173913045,2.384346400943991,0.9931923149876283,0.11716729171068435
switzerland,tabpfn,pooled,source_oof_platt,mar_age_sex_30,4,123.0,0.9349593495934959,0.691304347826087,0.9549066918523684,0.5012805749413864,0.6621369690178848,0.1631471878946961,0.2234100033189595,0.7560975609756098,0.6951086956521739,0.8543689320388349,0.967032967032967,0.7652173913043478,0.34782608695652173,2.3922884329256013,0.8616581722308052,0.13095095182872213
switzerland,tabpfn,pooled,source_oof_platt,mar_age_sex_30,5,123.0,0.9349593495934959,0.7347826086956522,0.9698205063512805,0.4886536278050258,0.6063266648437273,0.15868255547904297,0.20817719071062638,0.7723577235772358,0.6456521739130434,0.8666666666666667,0.9578947368421052,0.7913043478260869,0.46956521739130436,2.3958094581813207,1.0084241730050318,0.11254782024337685
switzerland,tabpfn,pooled,source_oof_platt,mar_age_sex_30,6,123.0,0.9349593495934959,0.7489130434782609,0.9654224854611875,0.47939931813229847,0.6293096917208231,0.15376221688236139,0.2070520764338722,0.7804878048780488,0.65,0.8720379146919431,0.9583333333333334,0.8,0.5217391304347826,2.3476174089492168,0.9651047025609454,0.11115353632942859
switzerland,tabpfn,pooled,source_oof_platt,mar_age_sex_30,7,123.0,0.9349593495934959,0.7228260869565217,0.9617098799834793,0.5138081832812343,0.6389207896405764,0.16921904396886678,0.2155308376844687,0.7235772357723578,0.6195652173913043,0.8333333333333334,0.9550561797752809,0.7391304347826086,0.4956521739130435,2.44350126870054,0.9346544467117212,0.13459168153606046
switzerland,tabpfn,pooled,source_oof_platt,mar_age_sex_30,8,123.0,0.9349593495934959,0.7793478260869565,0.981113105050259,0.483310607783964,0.5609732373525612,0.15709564884573132,0.1946000452083789,0.7723577235772358,0.6456521739130434,0.8666666666666667,0.9578947368421052,0.7913043478260869,0.5391304347826087,2.4346173347325015,1.0127600119012226,0.11138825583439525
switzerland,tabpfn,pooled,source_oof_platt,mar_age_sex_30,9,123.0,0.9349593495934959,0.7206521739130435,0.9716891129968448,0.48394033081372123,0.6039506224998032,0.15619775575815217,0.21015452086643918,0.7723577235772358,0.6456521739130434,0.8666666666666667,0.9578947368421052,0.7913043478260869,0.3826086956521739,2.37143818780838,0.9916242688364216,0.10931475007603884
switzerland,tabpfn,pooled,source_oof_platt,mcar_10,0,123.0,0.9349593495934959,0.7282608695652173,0.9667743673351941,0.47343506189529067,0.6407919867956599,0.1536747741594419,0.21641596834423654,0.7723577235772358,0.6456521739130434,0.8666666666666667,0.9578947368421052,0.7913043478260869,0.4,2.3308009542939048,0.864656450325016,0.10340799017143203
switzerland,tabpfn,pooled,source_oof_platt,mcar_10,1,123.0,0.9349593495934959,0.6978260869565218,0.9613843839769403,0.4815211594196184,0.6914287527766971,0.153832421954143,0.23017336854385867,0.7967479674796748,0.6586956521739131,0.8826291079812206,0.9591836734693877,0.8173913043478261,0.17391304347826086,2.347350819542554,0.6150803905661597,0.12356371427515889
switzerland,tabpfn,pooled,source_oof_platt,mcar_10,2,123.0,0.9349593495934959,0.6902173913043479,0.961375383833708,0.4814607762066594,0.6876608052051104,0.15602735606530604,0.23723845201694274,0.7723577235772358,0.5875,0.8679245283018868,0.9484536082474226,0.8,0.4,2.342393931297862,0.6732120875541082,0.1175144571669432
switzerland,tabpfn,pooled,source_oof_platt,mcar_10,3,123.0,0.9349593495934959,0.7804347826086957,0.9799159641772061,0.4460348478252487,0.5660211478313888,0.14546154703704786,0.19685100983036108,0.7560975609756098,0.6369565217391304,0.8557692307692307,0.956989247311828,0.7739130434782608,0.4434782608695652,2.3048516502117913,1.2010561884204385,0.07603226259943954
switzerland,tabpfn,pooled,source_oof_platt,mcar_10,4,123.0,0.9349593495934959,0.6880434782608695,0.9642330650152314,0.4984720872395953,0.6800079023046235,0.1623998677544296,0.23224345307443484,0.7804878048780488,0.65,0.8720379146919431,0.9583333333333334,0.8,0.40869565217391307,2.3799016947906937,0.6201810066069606,0.1320901653246368
switzerland,tabpfn,pooled,source_oof_platt,mcar_10,5,123.0,0.9349593495934959,0.6815217391304348,0.954214259487753,0.4927838378243887,0.7014780829344601,0.16036984443063534,0.23298669707316705,0.7886178861788617,0.6543478260869565,0.8773584905660378,0.9587628865979382,0.808695652173913,0.16521739130434782,2.3743558194605257,0.7062735901888526,0.12780997902533014
switzerland,tabpfn,pooled,source_oof_platt,mcar_10,6,123.0,0.9349593495934959,0.7304347826086957,0.9670927465592374,0.5036872307018642,0.6380396326810122,0.16373844402202536,0.21358167828819824,0.7886178861788617,0.7125,0.8761904761904762,0.968421052631579,0.8,0.40869565217391307,2.4300603157646865,0.7671100714448059,0.13535719305070287
switzerland,tabpfn,pooled,source_oof_platt,mcar_10,7,123.0,0.9349593495934959,0.7054347826086956,0.9630126303246314,0.48543223301057853,0.6643772682741848,0.15621688998938998,0.22463149056641676,0.7723577235772358,0.6456521739130434,0.8666666666666667,0.9578947368421052,0.7913043478260869,0.34782608695652173,2.3558756527755267,0.7423783808082158,0.12032250515006583
switzerland,tabpfn,pooled,source_oof_platt,mcar_10,8,123.0,0.9349593495934959,0.7315217391304348,0.9687086537663299,0.4822044160283672,0.6550768878818981,0.1554013783580222,0.21930811960721253,0.7723577235772358,0.6456521739130434,0.8666666666666667,0.9578947368421052,0.7913043478260869,0.43478260869565216,2.339102408505183,0.6879359488618682,0.11515430795782418
switzerland,tabpfn,pooled,source_oof_platt,mcar_10,9,123.0,0.9349593495934959,0.7000000000000001,0.960950858469398,0.4934210648006425,0.6691224165093839,0.160324306641459,0.2224062071826188,0.7967479674796748,0.7168478260869565,0.8815165876777251,0.96875,0.808695652173913,0.2,2.384477699693465,0.7312232999504098,0.1280760133930426
switzerland,tabpfn,pooled,source_oof_platt,mcar_30,0,123.0,0.9349593495934959,0.6630434782608695,0.9600969652430518,0.46934515116700787,0.6862619840211858,0.14856221100942885,0.2388109316580482,0.8130081300813008,0.6092391304347826,0.8940092165898618,0.9509803921568627,0.8434782608695652,0.26956521739130435,2.2928528122533556,0.7129919039413535,0.10608026500002736
switzerland,tabpfn,pooled,source_oof_platt,mcar_30,1,123.0,0.9349593495934959,0.758695652173913,0.9761933132101688,0.43868595453429193,0.5841956071985355,0.1384001955263146,0.20067701127555457,0.8292682926829268,0.6760869565217391,0.9032258064516129,0.9607843137254902,0.8521739130434782,0.3826086956521739,2.2019581575444223,1.1958110359380474,0.07111901307840257
switzerland,tabpfn,pooled,source_oof_platt,mcar_30,2,123.0,0.9349593495934959,0.7489130434782609,0.9670930050815899,0.458603157252827,0.6361601639650395,0.14450360956703695,0.2131399456794382,0.8211382113821138,0.6717391304347826,0.8981481481481481,0.9603960396039604,0.8434782608695652,0.6695652173913044,2.236978564940939,0.9562540868310894,0.08924539421694744
switzerland,tabpfn,pooled,source_oof_platt,mcar_30,3,123.0,0.9349593495934959,0.666304347826087,0.9563939726916424,0.45836801352244666,0.7029322318892393,0.14456167011433127,0.2415636219171632,0.8130081300813008,0.6673913043478261,0.8930232558139535,0.96,0.8347826086956521,0.3130434782608696,2.2398367177579934,0.7372029115091377,0.08926731419029102
switzerland,tabpfn,pooled,source_oof_platt,mcar_30,4,123.0,0.9349593495934959,0.6141304347826088,0.9358660112069775,0.46318108233922056,0.7708618772761895,0.14615054622032544,0.25779808027418827,0.7967479674796748,0.6005434782608696,0.8837209302325582,0.95,0.8260869565217391,0.034782608695652174,2.2830764936999453,0.5940056905687434,0.10849289017600351
switzerland,tabpfn,pooled,source_oof_platt,mcar_30,5,123.0,0.9349593495934959,0.7,0.956028365476685,0.4691362330208204,0.672215923256831,0.14968776272673828,0.22518634083873942,0.7886178861788617,0.7125,0.8761904761904762,0.968421052631579,0.8,0.17391304347826086,2.2484069294661513,0.9294822924891493,0.09785425095446983
switzerland,tabpfn,pooled,source_oof_platt,mcar_30,6,123.0,0.9349593495934959,0.7130434782608696,0.9732391014900588,0.46664092988853145,0.6436856037927162,0.15185704312734458,0.22865388976877785,0.7642276422764228,0.6413043478260869,0.861244019138756,0.9574468085106383,0.782608695652174,0.41739130434782606,2.271857260043507,0.8320600125204577,0.08733211242355891
switzerland,tabpfn,pooled,source_oof_platt,mcar_30,7,123.0,0.9349593495934959,0.7945652173913044,0.9812382960876576,0.44943373024460637,0.5718632908776399,0.14271559564752864,0.1946638746802126,0.8048780487804879,0.6630434782608696,0.8878504672897196,0.9595959595959596,0.8260869565217391,0.7043478260869566,2.2549876327294087,1.0585621440507924,0.0772651224435174
switzerland,tabpfn,pooled,source_oof_platt,mcar_30,8,123.0,0.9349593495934959,0.75,0.9742530445125659,0.45237220405902007,0.6124294053064657,0.14312528958935658,0.21096431501413787,0.7886178861788617,0.6543478260869565,0.8773584905660378,0.9587628865979382,0.808695652173913,0.5043478260869565,2.255062519418022,0.9358470456816425,0.08786886496801888
switzerland,tabpfn,pooled,source_oof_platt,mcar_30,9,123.0,0.9349593495934959,0.7097826086956522,0.9627697174892429,0.48539938828690016,0.65914253674936,0.15636502199739802,0.22544345761073664,0.7886178861788617,0.5961956521739131,0.8785046728971962,0.9494949494949495,0.8173913043478261,0.5565217391304348,2.314487042407306,0.7674993503946788,0.11125119169834585
switzerland,tabpfn,pooled,source_oof_platt,mcar_50,0,123.0,0.9349593495934959,0.7000000000000001,0.971808751354895,0.4068977533594189,0.667677087865192,0.12106097431450004,0.24004524336201333,0.9105691056910569,0.6032608695652174,0.9523809523809523,0.9482758620689655,0.9565217391304348,0.5565217391304348,1.8255703664238658,1.245734268937271,0.03770740996652162
switzerland,tabpfn,pooled,source_oof_platt,mcar_50,1,123.0,0.9349593495934959,0.7021739130434783,0.971579027892336,0.41893585785700654,0.65559816548888,0.1261073637090665,0.23438425959178605,0.8699186991869918,0.5815217391304348,0.9292035398230089,0.9459459459459459,0.9130434782608695,0.5130434782608696,1.9327447128808537,1.199958490896496,0.044717468604619406
switzerland,tabpfn,pooled,source_oof_platt,mcar_50,2,123.0,0.9349593495934959,0.7282608695652174,0.9721166289405512,0.4504433045298424,0.6545331103905961,0.14042277258931735,0.2290469061704333,0.8373983739837398,0.6222826086956521,0.9090909090909091,0.9523809523809523,0.8695652173913043,0.6608695652173913,2.1422636926816505,0.9530247481808399,0.07019810123985928
switzerland,tabpfn,pooled,source_oof_platt,mcar_50,3,123.0,0.9349593495934959,0.6358695652173914,0.9619169715548247,0.45200520192001764,0.69768865862095,0.1401094038940863,0.25040809382972157,0.8373983739837398,0.5641304347826087,0.9099099099099099,0.9439252336448598,0.8782608695652174,0.3130434782608696,2.21622165468597,0.7285198381119188,0.08676028938509621
switzerland,tabpfn,pooled,source_oof_platt,mcar_50,4,123.0,0.9349593495934959,0.7032608695652174,0.9642690283534997,0.4295076155697809,0.6424170859026935,0.13014487616103584,0.2213351884833378,0.8780487804878049,0.7021739130434783,0.9327354260089686,0.9629629629629629,0.9043478260869565,0.20869565217391303,2.0016218857026087,1.3375384032167847,0.05455151499594862
switzerland,tabpfn,pooled,source_oof_platt,mcar_50,5,123.0,0.9349593495934959,0.6684782608695652,0.96166045987955,0.46951902015175023,0.67227666936915,0.14942664786880194,0.23607811378761118,0.8292682926829268,0.6179347826086956,0.9041095890410958,0.9519230769230769,0.8608695652173913,0.43478260869565216,2.2257989386525368,0.9046905204875446,0.08488736245315255
switzerland,tabpfn,pooled,source_oof_platt,mcar_50,6,123.0,0.9349593495934959,0.6695652173913044,0.9689911739036592,0.46761962183165035,0.6405972283786908,0.14678718468058852,0.22775019874019994,0.8373983739837398,0.6222826086956521,0.9090909090909091,0.9523809523809523,0.8695652173913043,0.4608695652173913,2.20990304539321,1.0243745088843912,0.08529889483120288
switzerland,tabpfn,pooled,source_oof_platt,mcar_50,7,123.0,0.9349593495934959,0.6489130434782608,0.9482831376235454,0.47418360933401166,0.7045901114129873,0.1476669452092494,0.24130633012865896,0.8211382113821138,0.6135869565217391,0.8990825688073395,0.9514563106796117,0.8521739130434782,0.3565217391304348,2.2858022152227258,0.706043942219297,0.11106261211584725
switzerland,tabpfn,pooled,source_oof_platt,mcar_50,8,123.0,0.9349593495934959,0.5108695652173914,0.9396625196438698,0.5069726373313276,0.814382549402208,0.16351935324410174,0.2976746398930554,0.7886178861788617,0.47989130434782606,0.8807339449541285,0.9320388349514563,0.8347826086956521,0.1565217391304348,2.6479861487918774,0.024571804453846605,0.13391752395210185
switzerland,tabpfn,pooled,source_oof_platt,mcar_50,9,123.0,0.9349593495934959,0.8304347826086956,0.9860227004733577,0.4341086736310069,0.5492383856336934,0.1326245137602692,0.18578932120020944,0.8699186991869918,0.6978260869565218,0.9279279279279279,0.9626168224299065,0.8956521739130435,0.6782608695652174,2.0631752472049145,1.7304169478187326,0.04768475459023704
switzerland,tabpfn,pooled,source_oof_platt,natural,0,123.0,0.9349593495934959,0.7304347826086957,0.9687915224488866,0.49072901120750606,0.6441845381279551,0.1596435383287679,0.21684637061171566,0.7723577235772358,0.6456521739130434,0.8666666666666667,0.9578947368421052,0.7913043478260869,0.3826086956521739,2.398651726752539,0.7406320374962794,0.12145342484870497
va_long_beach,tabpfn,pooled,raw,drop_advanced,0,200.0,0.745,0.7386498223450455,0.8877996190028031,0.5513094196898538,0.6427261983635496,0.1874355987976098,0.2191823664199971,0.735,0.6931833135938938,0.8140350877192982,0.8529411764705882,0.7785234899328859,0.5167785234899329,0.7749345963407136,0.6282939634438897,0.15499562241792397
va_long_beach,tabpfn,pooled,raw,drop_exercise,0,200.0,0.745,0.7060139492038426,0.8499576798014878,0.644608254486778,0.6624629249816605,0.22157362046209567,0.22500714704647778,0.7,0.6632451638373471,0.7857142857142857,0.8396946564885496,0.738255033557047,0.47651006711409394,1.0516803709850202,0.6336664866542769,0.2746490360513962
va_long_beach,tabpfn,pooled,raw,drop_routine,0,200.0,0.745,0.728845900776418,0.8674871306224499,0.5896918610167741,1.0458589619085554,0.1807073140147994,0.3317024233335853,0.775,0.5717199631530465,0.8672566371681416,0.7736842105263158,0.9865771812080537,0.5302013422818792,-0.3605511261484553,0.6320265355962487,0.14255365872847117
va_long_beach,tabpfn,pooled,raw,empirical_source,0,200.0,0.745,0.710093433346493,0.8634164435994681,0.5792819433264138,0.7320969214317232,0.19145081291069083,0.23981653656353133,0.745,0.6805500723779445,0.825938566552901,0.8402777777777778,0.8120805369127517,0.48322147651006714,0.7077942267215181,0.47281141705997787,0.17073586651649836
va_long_beach,tabpfn,pooled,raw,empirical_source,1,200.0,0.745,0.7319384129490722,0.8635074262869203,0.5610943895424678,0.7052420803982771,0.18317902618940995,0.22555410802426945,0.735,0.6867350967232531,0.8153310104529616,0.8478260869565217,0.785234899328859,0.5906040268456376,0.6870420998373332,0.521791924428316,0.16611357606918908
va_long_beach,tabpfn,pooled,raw,empirical_source,2,200.0,0.745,0.7236478484011054,0.867545459049558,0.5450103155878675,0.7027216179997001,0.17979087593484053,0.23412238947685735,0.745,0.6612054217660218,0.8294314381270903,0.8266666666666667,0.8322147651006712,0.5369127516778524,0.6188660363727044,0.5660954304758862,0.15732265784567534
va_long_beach,tabpfn,pooled,raw,empirical_source,3,200.0,0.745,0.7212791156731149,0.8588063005073449,0.5690632105524155,0.7404659050687807,0.18380774121565616,0.23541735536434105,0.75,0.6903539939465719,0.8287671232876712,0.8461538461538461,0.8120805369127517,0.48322147651006714,0.6645038668185774,0.48245194417721027,0.16656148343612368
va_long_beach,tabpfn,pooled,raw,empirical_source,4,200.0,0.745,0.7165416502171338,0.8585314495789922,0.5686368211694011,0.7476541068989002,0.18492626158918263,0.24044442069834243,0.74,0.6642979339386761,0.8243243243243243,0.8299319727891157,0.8187919463087249,0.4697986577181208,0.643371295431114,0.4820062266233932,0.16655557258549872
va_long_beach,tabpfn,pooled,raw,empirical_source,5,200.0,0.745,0.7303592577970786,0.8479607790454758,0.5663077101430051,0.7318581324918914,0.1806623911262095,0.22596292076101876,0.74,0.6965390182918805,0.8181818181818182,0.8540145985401459,0.785234899328859,0.5570469798657718,0.6752199698137027,0.4988732932213092,0.1777529092125384
va_long_beach,tabpfn,pooled,raw,empirical_source,6,200.0,0.745,0.7351625213843926,0.8709252996858551,0.5434779829657517,0.697755053057031,0.17858460098467716,0.22853101145963728,0.755,0.6937096986445586,0.8327645051194539,0.8472222222222222,0.8187919463087249,0.5302013422818792,0.628352214786176,0.5559692562478086,0.1540179761782964
va_long_beach,tabpfn,pooled,raw,empirical_source,7,200.0,0.745,0.7018686669298592,0.8511711658767843,0.580891694604087,0.7608426686625945,0.19067603119305992,0.24839340320243297,0.73,0.6511383076720622,0.8175675675675675,0.8231292517006803,0.8120805369127517,0.4161073825503356,0.6694652798316463,0.456605003584621,0.17461034046219825
va_long_beach,tabpfn,pooled,raw,empirical_source,8,200.0,0.745,0.7501644953283327,0.8830157186911769,0.531340570371394,0.6777885744084049,0.17370344404139537,0.2210238905608205,0.77,0.7102250296091591,0.8435374149659864,0.8551724137931035,0.8322147651006712,0.5973154362416108,0.620239676585509,0.5844103153407444,0.14261657265911815
va_long_beach,tabpfn,pooled,raw,empirical_source,9,200.0,0.745,0.7115409922358205,0.8389391337019138,0.5790361304252091,0.7579191791662929,0.18481861212769657,0.23762988848679722,0.745,0.6741018555073036,0.8271186440677966,0.8356164383561644,0.8187919463087249,0.47651006711409394,0.6855822816014737,0.46671929753667024,0.18565842586805859
va_long_beach,tabpfn,pooled,raw,mar_age_sex_30,0,200.0,0.745,0.6873272799052507,0.8471242625435527,0.5636435155653412,0.7553558075894269,0.1839075317171929,0.25085132943249666,0.75,0.6581129095933675,0.8344370860927153,0.8235294117647058,0.8456375838926175,0.3624161073825503,0.6296920575726104,0.5018832980395199,0.17155996022745817
va_long_beach,tabpfn,pooled,raw,mar_age_sex_30,1,200.0,0.745,0.7404921700223713,0.8718709741596493,0.5179988617538304,0.6861577621463308,0.16882940087042747,0.22707288380617602,0.755,0.6808132649032768,0.835016835016835,0.8378378378378378,0.8322147651006712,0.5704697986577181,0.5176018579134165,0.6350190114366029,0.14443490684014826
va_long_beach,tabpfn,pooled,raw,mar_age_sex_30,2,200.0,0.745,0.7194367679957889,0.85340480964216,0.528361340198359,0.7328351855595947,0.16958857593687474,0.24149867636075362,0.75,0.6194236083695224,0.8407643312101911,0.8,0.8859060402684564,0.4697986577181208,0.5076272493557005,0.5780760233469633,0.15616951217169084
va_long_beach,tabpfn,pooled,raw,mar_age_sex_30,3,200.0,0.745,0.7049611791025134,0.859004054423774,0.5474937547456935,0.7355113967399647,0.1789423948016864,0.24560494516166054,0.74,0.6385050664561127,0.8289473684210527,0.8129032258064516,0.8456375838926175,0.46308724832214765,0.5887533398755094,0.5425734959006164,0.15789090801896716
va_long_beach,tabpfn,pooled,raw,mar_age_sex_30,4,200.0,0.745,0.7037110146071852,0.8458797386425296,0.5502399314720862,0.7535995506813219,0.1772226340187966,0.24742420682075514,0.75,0.6452164758520857,0.8366013071895425,0.8152866242038217,0.8590604026845637,0.4563758389261745,0.5583277999639156,0.533902441746875,0.1692647260869104
va_long_beach,tabpfn,pooled,raw,mar_age_sex_30,5,200.0,0.745,0.7393078036583761,0.8645922605943563,0.5332983955228088,0.7023015944762543,0.17184992435511792,0.2282177805149413,0.755,0.6743650480326359,0.8361204013377926,0.8333333333333334,0.8389261744966443,0.5369127516778524,0.5739482161398777,0.5981884706413796,0.15465668386746703
va_long_beach,tabpfn,pooled,raw,mar_age_sex_30,6,200.0,0.745,0.6973943939992104,0.8480208302774154,0.5641090472150119,0.7437074821147549,0.1825696066061053,0.24189345795087686,0.76,0.6970654033425451,0.8367346938775511,0.8482758620689655,0.825503355704698,0.3288590604026846,0.6460184229531672,0.5051252059100055,0.1731126781447281
va_long_beach,tabpfn,pooled,raw,mar_age_sex_30,7,200.0,0.745,0.703513620213186,0.8743268464060266,0.5647269220192364,0.7152112379381939,0.19316142545475223,0.25012775818454164,0.71,0.6054744045269115,0.8079470198675497,0.7973856209150327,0.8187919463087249,0.5100671140939598,0.6586159638641075,0.5144414983267667,0.1625519411764561
va_long_beach,tabpfn,pooled,raw,mar_age_sex_30,8,200.0,0.745,0.7081194894065009,0.8606709008449306,0.5608281837562354,0.7300301151686872,0.18384694968741974,0.24326480445623858,0.75,0.6516646927227266,0.8355263157894737,0.8193548387096774,0.8523489932885906,0.436241610738255,0.6480018934448515,0.5129698684185517,0.16657892222589468
va_long_beach,tabpfn,pooled,raw,mar_age_sex_30,9,200.0,0.745,0.7624029477562837,0.8969515694987046,0.506261107546538,0.6610143891016789,0.16584233179385535,0.21970680833429782,0.775,0.700684300565864,0.8494983277591973,0.8466666666666667,0.8523489932885906,0.5570469798657718,0.5255504803163265,0.6467216793138296,0.12501518706327
va_long_beach,tabpfn,pooled,raw,mcar_10,0,200.0,0.745,0.7036452164758522,0.8498393273818107,0.5712793225025894,0.745525355615821,0.18671063806609553,0.24337582239286587,0.735,0.6544940123700487,0.8215488215488216,0.8243243243243243,0.8187919463087249,0.4899328859060403,0.6672003687570847,0.48553213760917574,0.17503295689279447
va_long_beach,tabpfn,pooled,raw,mcar_10,1,200.0,0.745,0.7196999605211212,0.853283170668312,0.5781319925547004,0.7267377022432211,0.18738182346630475,0.23219922226158607,0.725,0.6606790367153572,0.8109965635738832,0.8309859154929577,0.7919463087248322,0.5704697986577181,0.724839301693664,0.48893041215257765,0.17794411280088845
va_long_beach,tabpfn,pooled,raw,mcar_10,2,200.0,0.745,0.7171996315304645,0.8705271003677643,0.5583330199097523,0.6914658223485591,0.18953621403215792,0.23703251246127477,0.695,0.6212001579155152,0.7903780068728522,0.8098591549295775,0.7718120805369127,0.5167785234899329,0.6999617113592251,0.5561797249617082,0.15986478442948746
va_long_beach,tabpfn,pooled,raw,mcar_10,3,200.0,0.745,0.711014607185156,0.8469802477846138,0.5893959476536916,0.7449088819711382,0.19105519855620323,0.23697587914820842,0.725,0.6606790367153572,0.8109965635738832,0.8309859154929577,0.7919463087248322,0.5167785234899329,0.7300044408279934,0.4565339547146556,0.18622046788403024
va_long_beach,tabpfn,pooled,raw,mcar_10,4,200.0,0.745,0.745887616791683,0.8687087097579688,0.5344462886339026,0.6712004190671379,0.1725668282020586,0.21673189831533654,0.76,0.6970654033425451,0.8367346938775511,0.8482758620689655,0.825503355704698,0.5436241610738255,0.6637251473440564,0.6245188984481843,0.15401703354910617
va_long_beach,tabpfn,pooled,raw,mcar_10,5,200.0,0.745,0.7282537175944203,0.8642598078500211,0.5569777412095992,0.7115275176071933,0.1817467333934963,0.22946798395962834,0.745,0.6934465061192262,0.8235294117647058,0.85,0.7986577181208053,0.5369127516778524,0.6672776186011551,0.5241873146611908,0.1621464018757356
va_long_beach,tabpfn,pooled,raw,mcar_10,6,200.0,0.745,0.6982497697065404,0.8420233408833296,0.583440360459341,0.76578731462962,0.19098590291117823,0.24992699956197406,0.7,0.5987629951309382,0.8,0.7947019867549668,0.8053691275167785,0.5100671140939598,0.68386460338385,0.4480574461487281,0.18318118012691806
va_long_beach,tabpfn,pooled,raw,mcar_10,7,200.0,0.745,0.7141071193578102,0.8549478365864125,0.5716549994831224,0.7197135447291737,0.18844383357952754,0.23566956293364713,0.71,0.6248190551388341,0.8040540540540541,0.8095238095238095,0.7986577181208053,0.5302013422818792,0.7148645311946139,0.5037873628723214,0.1747218915790284
va_long_beach,tabpfn,pooled,raw,mcar_10,8,200.0,0.745,0.7251612054217661,0.8662791004463288,0.5610863539365462,0.7018065955036332,0.18484763757844525,0.2288825758218746,0.74,0.6771943676799579,0.821917808219178,0.8391608391608392,0.8053691275167785,0.5570469798657718,0.6907884770259517,0.5315499085421694,0.16541900386013933
va_long_beach,tabpfn,pooled,raw,mcar_10,9,200.0,0.745,0.6714041321226477,0.8338503579875034,0.6142845041418432,0.7956817445723149,0.20295794898617053,0.26181732889167164,0.695,0.6018555073035925,0.7946127946127947,0.7972972972972973,0.7919463087248322,0.47651006711409394,0.7465054952404356,0.3825374658471721,0.20188000077229737
va_long_beach,tabpfn,pooled,raw,mcar_30,0,200.0,0.745,0.60501381760758,0.8022967606109903,0.6503542633596981,0.9264375377098899,0.20980623638201354,0.3007325743946011,0.71,0.5861297539149888,0.8116883116883117,0.7861635220125787,0.8389261744966443,0.3422818791946309,0.7751658039969197,0.24487408605156488,0.2209626502046569
va_long_beach,tabpfn,pooled,raw,mcar_30,1,200.0,0.745,0.7160152651664693,0.8624729548272249,0.5491210058527342,0.7307096340246084,0.18001508030852706,0.24406807777171166,0.73,0.6188972233188578,0.8235294117647058,0.802547770700637,0.8456375838926175,0.4966442953020134,0.586809160319931,0.5398024423726259,0.15898287199666372
va_long_beach,tabpfn,pooled,raw,mcar_30,2,200.0,0.745,0.6902223976839058,0.860983925377126,0.5676188147631036,0.7989301233402131,0.18704653416188513,0.2695232689273208,0.73,0.5866561389656534,0.8291139240506329,0.7844311377245509,0.8791946308724832,0.4429530201342282,0.5328286327450082,0.4607198116247101,0.16200069839207426
va_long_beach,tabpfn,pooled,raw,mcar_30,3,200.0,0.745,0.6956836425845505,0.8398081243972354,0.5574502527125961,0.7549231020624166,0.18024529008762907,0.24864779787384567,0.745,0.6418607711540992,0.8327868852459016,0.8141025641025641,0.8523489932885906,0.48322147651006714,0.5952890956825823,0.5190913343245828,0.1761002824410166
va_long_beach,tabpfn,pooled,raw,mcar_30,4,200.0,0.745,0.7337149624950651,0.8716422894132176,0.5191893971104556,0.7077481680123324,0.16918293925917038,0.23701143423924564,0.765,0.6552835899460455,0.8478964401294499,0.81875,0.8791946308724832,0.6040268456375839,0.46566453406692904,0.6209808574472572,0.14404948118249483
va_long_beach,tabpfn,pooled,raw,mcar_30,5,200.0,0.745,0.6946966706145545,0.8529948705220889,0.5535471729948457,0.7556630364605159,0.18123700172752735,0.2554233458425891,0.765,0.6423871562047638,0.8498402555910544,0.8109756097560976,0.8926174496644296,0.3691275167785235,0.5716076924383644,0.5195557268269022,0.16512536142332934
va_long_beach,tabpfn,pooled,raw,mcar_30,6,200.0,0.745,0.6621923937360179,0.8114522856140736,0.6139749084010818,0.8690580791885553,0.19306847010761627,0.2758297840441554,0.725,0.5833004342676668,0.8253968253968254,0.7831325301204819,0.87248322147651,0.436241610738255,0.6903603271612795,0.32729248752656376,0.2159833679163347
va_long_beach,tabpfn,pooled,raw,mcar_30,7,200.0,0.745,0.6714041321226477,0.8347091592031189,0.590112868493545,0.80342654898739,0.19316701893374102,0.2658476957259031,0.715,0.5959336754836163,0.8143322475570033,0.7911392405063291,0.8389261744966443,0.4429530201342282,0.6546447578813821,0.4159242897553754,0.18777139430126913
va_long_beach,tabpfn,pooled,raw,mcar_30,8,200.0,0.745,0.689432820107909,0.8683249386120073,0.5522375916986504,0.7652059281678258,0.18446307684032093,0.2657953128136121,0.73,0.5802079220950125,0.8301886792452831,0.7810650887573964,0.8859060402684564,0.436241610738255,0.5124910010077964,0.5201866025021211,0.1554163899276508
va_long_beach,tabpfn,pooled,raw,mcar_30,9,200.0,0.745,0.6367943150414528,0.8260434376276403,0.6079900590457201,0.845323100562668,0.20198501600839244,0.285140452734315,0.725,0.6090933017502302,0.8208469055374593,0.7974683544303798,0.8456375838926175,0.3825503355704698,0.6761758775809835,0.3591032522422162,0.1965838078108118
va_long_beach,tabpfn,pooled,raw,mcar_50,0,200.0,0.745,0.6363995262534544,0.8252877401874037,0.5868870534964189,0.8576148495805415,0.1928206352426827,0.29245552642381323,0.725,0.5639557836557442,0.8286604361370716,0.7732558139534884,0.8926174496644296,0.2953020134228188,0.5834757686791644,0.3994326183076084,0.18676368698474216
va_long_beach,tabpfn,pooled,raw,mcar_50,1,200.0,0.745,0.604092643768917,0.8033435064929061,0.6287899355374402,0.9643855892161232,0.20204272068018858,0.32116415390295205,0.745,0.5580339518357679,0.8459214501510574,0.7692307692307693,0.9395973154362416,0.35570469798657717,0.6846182198619405,0.26195583981591897,0.21107784386880388
va_long_beach,tabpfn,pooled,raw,mcar_50,2,200.0,0.745,0.6881826556125806,0.8497486709068429,0.5471722603156293,0.8016314617515451,0.1780482732342917,0.27238192101275976,0.755,0.5840900118436636,0.8501529051987767,0.7808988764044944,0.9328859060402684,0.4429530201342282,0.41086677609864797,0.5440655913046553,0.16220555441340823
va_long_beach,tabpfn,pooled,raw,mcar_50,3,200.0,0.745,0.6263324121594946,0.8132183161186625,0.6087320572105361,0.8785105300814752,0.19803494104023855,0.2933593175361392,0.725,0.5639557836557442,0.8286604361370716,0.7732558139534884,0.8926174496644296,0.3288590604026846,0.6636106894257856,0.34482020019086657,0.20151094155907112
va_long_beach,tabpfn,pooled,raw,mcar_50,4,200.0,0.745,0.7010132912225292,0.8535263305362945,0.559266965361417,0.8134024840100864,0.18312371863573765,0.2782524821755589,0.73,0.5479668377418081,0.8353658536585366,0.7653631284916201,0.9194630872483222,0.42953020134228187,0.4504540742621146,0.49770386904531677,0.16757035528384245
va_long_beach,tabpfn,pooled,raw,mcar_50,5,200.0,0.745,0.6412685879721015,0.8211922492445585,0.5969965108965642,0.8946123394473575,0.19195512256947986,0.2973079146488222,0.73,0.5608632714830899,0.8333333333333334,0.7714285714285715,0.9060402684563759,0.2953020134228188,0.5829867938032276,0.3604520698072716,0.1917744252575066
va_long_beach,tabpfn,pooled,raw,mcar_50,6,200.0,0.745,0.6644953283326753,0.8318224354514115,0.5813934882513595,0.8745010887335725,0.18886756111319955,0.2975351510545547,0.73,0.5286221871298855,0.8383233532934131,0.7567567567567568,0.9395973154362416,0.3959731543624161,0.4960009644723012,0.42008953226561724,0.1859097118776696
va_long_beach,tabpfn,pooled,raw,mcar_50,7,200.0,0.745,0.6738386629819713,0.8635968295921759,0.5579684054894485,0.7996050788537561,0.18503482719046183,0.274991019253246,0.735,0.59001184366364,0.832807570977918,0.7857142857142857,0.8859060402684564,0.3825503355704698,0.4903356292133384,0.4972850312464361,0.15456001904555883
va_long_beach,tabpfn,pooled,raw,mcar_50,8,200.0,0.745,0.689432820107909,0.866784145393333,0.5492148092957438,0.7910647545768038,0.1844725781258196,0.2772203259572236,0.725,0.5768522173970259,0.8264984227129337,0.7797619047619048,0.8791946308724832,0.5033557046979866,0.4322059115382457,0.5345116674919772,0.15022854214114068
va_long_beach,tabpfn,pooled,raw,mcar_50,9,200.0,0.745,0.627582576654823,0.8380366574422102,0.6046067347944757,0.8827364337131678,0.20165543363681762,0.30486509793441163,0.71,0.5345440189498618,0.8209876543209876,0.76,0.8926174496644296,0.35570469798657717,0.6262103836620047,0.3426389400692591,0.18231893200308746
va_long_beach,tabpfn,pooled,raw,natural,0,200.0,0.745,0.7329911830504013,0.8605408155715063,0.5600672093559629,0.6918798482720018,0.1836887186798696,0.22262983834887706,0.735,0.6867350967232531,0.8153310104529616,0.8478260869565217,0.785234899328859,0.5570469798657718,0.7217120743177963,0.5466821775874183,0.1715581772121983
va_long_beach,tabpfn,pooled,source_oof_platt,drop_advanced,0,200.0,0.745,0.7383866298197131,0.8877111925330161,0.5446721887525687,0.6121364876600455,0.1852914761005743,0.21174198719969944,0.735,0.6931833135938938,0.8140350877192982,0.8529411764705882,0.7785234899328859,0.5167785234899329,0.7921744992318469,0.8419529821072905,0.15690304518191323
va_long_beach,tabpfn,pooled,source_oof_platt,drop_exercise,0,200.0,0.745,0.7065403342545072,0.8509356607971131,0.6371393722533751,0.645263971236662,0.22156931458340587,0.22283278377079158,0.7,0.6632451638373471,0.7857142857142857,0.8396946564885496,0.738255033557047,0.47651006711409394,1.0686481708651436,0.8490306873305987,0.2797532698328642
va_long_beach,tabpfn,pooled,source_oof_platt,drop_routine,0,200.0,0.745,0.7287143045137519,0.8674491717396093,0.526823516677771,0.8723153534411422,0.17106362292401792,0.30159710618276936,0.775,0.5717199631530465,0.8672566371681416,0.7736842105263158,0.9865771812080537,0.5302013422818792,-0.3454022620777116,0.8488331470905577,0.142562445752965
va_long_beach,tabpfn,pooled,source_oof_platt,empirical_source,0,200.0,0.745,0.7098302408211606,0.8632946784750881,0.5570873057397098,0.6711760933505853,0.18771759667406795,0.2291315426807032,0.74,0.6771943676799579,0.821917808219178,0.8391608391608392,0.8053691275167785,0.48322147651006714,0.720701522647285,0.634057895270408,0.17215465915675252
va_long_beach,tabpfn,pooled,source_oof_platt,empirical_source,1,200.0,0.745,0.73167522042374,0.863484190064752,0.5445943252640177,0.6535282331429622,0.18094285353231057,0.21818283876891292,0.735,0.6867350967232531,0.8153310104529616,0.8478260869565217,0.785234899328859,0.5906040268456376,0.701364673226468,0.6993194898688562,0.16740498282757205
va_long_beach,tabpfn,pooled,source_oof_platt,empirical_source,2,200.0,0.745,0.7235162521384392,0.8675045571675193,0.5356369503814159,0.6541780134006081,0.17862676297976082,0.22438583443466287,0.745,0.6612054217660218,0.8294314381270903,0.8266666666666667,0.8322147651006712,0.5369127516778524,0.6341702426146059,0.7589467169348677,0.15877986319379708
va_long_beach,tabpfn,pooled,source_oof_platt,empirical_source,3,200.0,0.745,0.7210159231477826,0.8584690114135862,0.5459167777860826,0.6739872236281428,0.18096040997600354,0.2258163107203542,0.75,0.6903539939465719,0.8287671232876712,0.8461538461538461,0.8120805369127517,0.48322147651006714,0.6776162711377715,0.6470953544050448,0.16788787135922045
va_long_beach,tabpfn,pooled,source_oof_platt,empirical_source,4,200.0,0.745,0.7166732464798,0.8582044253842086,0.5454115015916369,0.6795074947112197,0.18146958164758994,0.2297666628153695,0.735,0.6609422292406896,0.8203389830508474,0.8287671232876712,0.8120805369127517,0.47651006711409394,0.6565187878845667,0.6462555287237187,0.16785506483101711
va_long_beach,tabpfn,pooled,source_oof_platt,empirical_source,5,200.0,0.745,0.7299644690090802,0.8478160916132518,0.5453170246163699,0.6694147837440856,0.17850296666869808,0.21887199519554562,0.74,0.6965390182918805,0.8181818181818182,0.8540145985401459,0.785234899328859,0.5570469798657718,0.6888252499441558,0.6690327387752373,0.1791927953490023
va_long_beach,tabpfn,pooled,source_oof_platt,empirical_source,6,200.0,0.745,0.7351625213843928,0.8709564896175134,0.530071330254447,0.6464136185685556,0.17661956133089304,0.21952503620422775,0.75,0.6903539939465719,0.8287671232876712,0.8461538461538461,0.8120805369127517,0.5302013422818792,0.643393147176786,0.7455253314078713,0.15539950771051406
va_long_beach,tabpfn,pooled,source_oof_platt,empirical_source,7,200.0,0.745,0.701737070667193,0.8511278156105743,0.5563113827648933,0.690610602375089,0.18633228244658104,0.2360622424946555,0.725,0.6477826029740755,0.8135593220338984,0.821917808219178,0.8053691275167785,0.4161073825503356,0.68189760737562,0.6122956836252988,0.17562039625129403
va_long_beach,tabpfn,pooled,source_oof_platt,empirical_source,8,200.0,0.745,0.7500328990656666,0.8829687576098376,0.5193798807933757,0.6299495519054251,0.172404998951067,0.2132904646880488,0.77,0.7102250296091591,0.8435374149659864,0.8551724137931035,0.8322147651006712,0.5973154362416108,0.6361853488889515,0.7834854908860763,0.1436825132189633
va_long_beach,tabpfn,pooled,source_oof_platt,empirical_source,9,200.0,0.745,0.7115409922358206,0.8383292405784565,0.5555358145664555,0.6881852782208475,0.18262291332792263,0.22862032970225551,0.745,0.6741018555073036,0.8271186440677966,0.8356164383561644,0.8187919463087249,0.47651006711409394,0.6981186190158152,0.6260631220291217,0.18767944342072246
va_long_beach,tabpfn,pooled,source_oof_platt,mar_age_sex_30,0,200.0,0.745,0.6873272799052507,0.8470274625094791,0.5484602055235482,0.6898646863591138,0.18249524455061183,0.2383340415160187,0.75,0.6581129095933675,0.8344370860927153,0.8235294117647058,0.8456375838926175,0.3624161073825503,0.6431513427991119,0.6727503842662035,0.1730632658304967
va_long_beach,tabpfn,pooled,source_oof_platt,mar_age_sex_30,1,200.0,0.745,0.7404921700223713,0.8718899247613869,0.5123718698882692,0.6396918063943919,0.16850422178113958,0.21837834034011455,0.755,0.6808132649032768,0.835016835016835,0.8378378378378378,0.8322147651006712,0.5771812080536913,0.534787638919293,0.8509814909002643,0.1453635487482225
va_long_beach,tabpfn,pooled,source_oof_platt,mar_age_sex_30,2,200.0,0.745,0.7194367679957889,0.8534395472272931,0.5180709257604686,0.670291250783318,0.16966602367492395,0.22948807647427383,0.755,0.6356757468087906,0.842443729903537,0.808641975308642,0.8791946308724832,0.4697986577181208,0.5232017904077616,0.7745519026857679,0.15686113947409183
va_long_beach,tabpfn,pooled,source_oof_platt,mar_age_sex_30,3,200.0,0.745,0.7048295828398474,0.8589390967852395,0.5347135385608108,0.6740172499243615,0.1774885210959195,0.2329569484606116,0.74,0.6385050664561127,0.8289473684210527,0.8129032258064516,0.8456375838926175,0.46308724832214765,0.6032981599992069,0.7273475644562585,0.15878275767758912
va_long_beach,tabpfn,pooled,source_oof_platt,mar_age_sex_30,4,200.0,0.745,0.7035794183445191,0.845594845182232,0.5380810635031195,0.689801723346918,0.17695917134973183,0.2360416464406782,0.755,0.6550203974207133,0.839344262295082,0.8205128205128205,0.8590604026845637,0.4563758389261745,0.5721759719884273,0.7162474307330903,0.17052140511577885
va_long_beach,tabpfn,pooled,source_oof_platt,mar_age_sex_30,5,200.0,0.745,0.73917620739571,0.8645376679599481,0.5248530453484794,0.6516986444337655,0.17162447134085024,0.21970526282256944,0.755,0.6743650480326359,0.8361204013377926,0.8333333333333334,0.8389261744966443,0.5369127516778524,0.5898406547849747,0.8021035714096071,0.15573266836697502
va_long_beach,tabpfn,pooled,source_oof_platt,mar_age_sex_30,6,200.0,0.745,0.6976575865245427,0.8482030190746972,0.5488049749895539,0.6819279064619215,0.18206789910147997,0.23261257908192712,0.755,0.6937096986445586,0.8327645051194539,0.8472222222222222,0.8187919463087249,0.3422818791946309,0.6589365884051693,0.6780379043661536,0.1749269636458239
va_long_beach,tabpfn,pooled,source_oof_platt,mar_age_sex_30,7,200.0,0.745,0.7032504276878537,0.8742481965975113,0.5520072001114138,0.6658521858850455,0.18859701206451732,0.23561541372511835,0.71,0.6054744045269115,0.8079470198675497,0.7973856209150327,0.8187919463087249,0.5100671140939598,0.6724397574768405,0.6893448883340845,0.16489229308935097
va_long_beach,tabpfn,pooled,source_oof_platt,mar_age_sex_30,8,200.0,0.745,0.7079878931438347,0.8607705645241268,0.546557423496187,0.6725842499618355,0.18258885615008047,0.2322585449011429,0.755,0.6614686142913542,0.8382838283828383,0.8246753246753247,0.8523489932885906,0.436241610738255,0.6614699610155288,0.687735099107051,0.16792641501196326
va_long_beach,tabpfn,pooled,source_oof_platt,mar_age_sex_30,9,200.0,0.745,0.7625345440189499,0.8969749252281914,0.4998852085949258,0.6176321799656029,0.16533494206678448,0.21128401969072208,0.775,0.700684300565864,0.8494983277591973,0.8466666666666667,0.8523489932885906,0.5570469798657718,0.5428636041659765,0.8667282358382369,0.12587328612227563
va_long_beach,tabpfn,pooled,source_oof_platt,mcar_10,0,200.0,0.745,0.703513620213186,0.8498150750002038,0.5526087552328731,0.682169889084757,0.18421002505673353,0.23243033698306503,0.73,0.6511383076720622,0.8175675675675675,0.8231292517006803,0.8120805369127517,0.4899328859060403,0.6805311811404312,0.6507632782048713,0.1760677258870148
va_long_beach,tabpfn,pooled,source_oof_platt,mcar_10,1,200.0,0.745,0.7200947493091195,0.8546704537480374,0.5591210207981254,0.6697106189026623,0.1852797498576903,0.22399154500917268,0.72,0.6573233320173707,0.8068965517241379,0.8297872340425532,0.785234899328859,0.5704697986577181,0.7379208144840048,0.6559235677762413,0.17790577583379352
va_long_beach,tabpfn,pooled,source_oof_platt,mcar_10,2,200.0,0.745,0.7170680352677985,0.8704938051079418,0.5485743879915826,0.6478332713344728,0.18604248225404718,0.22501771587348918,0.695,0.6212001579155152,0.7903780068728522,0.8098591549295775,0.7718120805369127,0.5167785234899329,0.7150201539491342,0.7453922432813522,0.16208969450056038
va_long_beach,tabpfn,pooled,source_oof_platt,mcar_10,3,200.0,0.745,0.711014607185156,0.8469802477846138,0.5669423689604621,0.6830671154167848,0.1882581402901514,0.22820791621654618,0.725,0.6606790367153572,0.8109965635738832,0.8309859154929577,0.7919463087248322,0.5167785234899329,0.7421888134664364,0.6124560769409657,0.18868852313103646
va_long_beach,tabpfn,pooled,source_oof_platt,mcar_10,4,200.0,0.745,0.7456244242663508,0.8686306483541582,0.5303090274872478,0.6319141950754561,0.17434359085653792,0.2115235960819563,0.76,0.6970654033425451,0.8367346938775511,0.8482758620689655,0.825503355704698,0.5436241610738255,0.6807200803353146,0.8371156170728579,0.15532941058925542
va_long_beach,tabpfn,pooled,source_oof_platt,mcar_10,5,200.0,0.745,0.7283853138570864,0.8642871787122587,0.539482208205706,0.6551948411543504,0.17936243118764866,0.22065247945014493,0.745,0.6934465061192262,0.8235294117647058,0.85,0.7986577181208053,0.5369127516778524,0.6816448557802045,0.7027320288269936,0.16341137226624552
va_long_beach,tabpfn,pooled,source_oof_platt,mcar_10,6,200.0,0.745,0.6982497697065404,0.8420233408833296,0.5612276518553783,0.6968577160736635,0.18752693674976562,0.23738334225822913,0.7,0.5987629951309382,0.8,0.7947019867549668,0.8053691275167785,0.5100671140939598,0.6960026203064118,0.6006521321005169,0.18465358439718227
va_long_beach,tabpfn,pooled,source_oof_platt,mcar_10,7,200.0,0.745,0.7139755230951441,0.8549247914523498,0.5556149594028296,0.6655797864279499,0.1858705940565708,0.22570264288084996,0.71,0.6248190551388341,0.8040540540540541,0.8095238095238095,0.7986577181208053,0.5302013422818792,0.728467204241675,0.6754577898444111,0.17587700362460623
va_long_beach,tabpfn,pooled,source_oof_platt,mcar_10,8,200.0,0.745,0.7246348203711015,0.8658207106305682,0.5462132474307088,0.651943509620058,0.18278304750620797,0.2210932585126318,0.735,0.6738386629819713,0.8178694158075601,0.8380281690140845,0.7986577181208053,0.5570469798657718,0.7052353826849792,0.7125536525064593,0.16720271184578292
va_long_beach,tabpfn,pooled,source_oof_platt,mcar_10,9,200.0,0.745,0.6712725358599815,0.8337848764470188,0.5862825489959365,0.720700760875021,0.19794094831558223,0.2476991295096861,0.695,0.6018555073035925,0.7946127946127947,0.7972972972972973,0.7919463087248322,0.47651006711409394,0.7568076368063678,0.5130500202183235,0.20427621782731442
va_long_beach,tabpfn,pooled,source_oof_platt,mcar_30,0,200.0,0.745,0.6048822213449138,0.8022125978576272,0.6104286031671823,0.8144681910735173,0.20469127634182271,0.28160428848215624,0.71,0.5861297539149888,0.8116883116883117,0.7861635220125787,0.8389261744966443,0.3422818791946309,0.7817761770560628,0.3280786801038439,0.22205083141295828
va_long_beach,tabpfn,pooled,source_oof_platt,mcar_30,1,200.0,0.745,0.7164100539544677,0.8626146354553419,0.537062585704118,0.6732432542937048,0.17854198951966402,0.23244011868842257,0.735,0.6287011448874852,0.8262295081967214,0.8076923076923077,0.8456375838926175,0.5033557046979866,0.6013320049738451,0.7232790534929424,0.16015093570035716
va_long_beach,tabpfn,pooled,source_oof_platt,mcar_30,2,200.0,0.745,0.690485590209238,0.8610893415267218,0.5465338974593624,0.7214212700942657,0.18338264795982134,0.2528362182057933,0.73,0.5866561389656534,0.8291139240506329,0.7844311377245509,0.8791946308724832,0.4429530201342282,0.5453652391976964,0.617260741695369,0.16316654088749794
va_long_beach,tabpfn,pooled,source_oof_platt,mcar_30,3,200.0,0.745,0.6956836425845506,0.8399167123795268,0.5461964035928837,0.6930703633469497,0.18029748759764025,0.2377617319574015,0.745,0.6418607711540992,0.8327868852459016,0.8141025641025641,0.8523489932885906,0.48322147651006714,0.6090897787137459,0.6957296374928764,0.17732690950303237
va_long_beach,tabpfn,pooled,source_oof_platt,mcar_30,4,200.0,0.745,0.7341097512830634,0.8718235177369953,0.511987668170435,0.6547172968942356,0.16873205628163596,0.22584440637144285,0.765,0.6552835899460455,0.8478964401294499,0.81875,0.8791946308724832,0.6040268456375839,0.48205286760394106,0.8327748089791428,0.14468977584086085
va_long_beach,tabpfn,pooled,source_oof_platt,mcar_30,5,200.0,0.745,0.6945650743518884,0.8529303170052147,0.54141123208616,0.6917708217581827,0.18024394152174175,0.2415638579093439,0.76,0.6390314515067772,0.8461538461538461,0.8098159509202454,0.8859060402684564,0.3691275167785235,0.5854071620473494,0.6965208540997264,0.1660521245616392
va_long_beach,tabpfn,pooled,source_oof_platt,mcar_30,6,200.0,0.745,0.6621923937360179,0.81147270312391,0.5848920125001693,0.7754096009988297,0.19147393901239432,0.26188807858736796,0.725,0.5897486511383077,0.8242811501597445,0.7865853658536586,0.8657718120805369,0.436241610738255,0.6987261139860971,0.4394493044664218,0.2176458152077362
va_long_beach,tabpfn,pooled,source_oof_platt,mcar_30,7,200.0,0.745,0.6714041321226477,0.8346441519525365,0.5677472196276994,0.7267546665926401,0.1900154477036037,0.2514585543544482,0.71,0.5925779707856297,0.8104575163398693,0.7898089171974523,0.8322147651006712,0.4429530201342282,0.6655107112605965,0.5580632117028432,0.18964065671241992
va_long_beach,tabpfn,pooled,source_oof_platt,mcar_30,8,200.0,0.745,0.6898276088959073,0.8684448405102684,0.5399803069786361,0.700404192255763,0.18213297418505003,0.24920974781955502,0.725,0.5833004342676668,0.8253968253968254,0.7831325301204819,0.87248322147651,0.436241610738255,0.5257872769580596,0.6982019609520349,0.1565780116709346
va_long_beach,tabpfn,pooled,source_oof_platt,mcar_30,9,200.0,0.745,0.637057507566785,0.8261801954425073,0.5789294865701163,0.7551730521320192,0.1962299451825944,0.26554414510413993,0.72,0.6057375970522437,0.8169934640522876,0.7961783439490446,0.8389261744966443,0.3825503355704698,0.6855259953953078,0.48180374199154535,0.1979916572064443
va_long_beach,tabpfn,pooled,source_oof_platt,mcar_50,0,200.0,0.745,0.6366627187787867,0.8253645851783684,0.5644744671015939,0.7652813129694888,0.18913018582656263,0.271329939008888,0.715,0.557244374259771,0.8213166144200627,0.7705882352941177,0.8791946308724832,0.2953020134228188,0.5937536846359468,0.5358869179222411,0.18705239765735338
va_long_beach,tabpfn,pooled,source_oof_platt,mcar_50,1,200.0,0.745,0.6044874325569153,0.8024455505715431,0.5899107489264872,0.8387877069629011,0.1965481954190555,0.29570913969303625,0.745,0.5580339518357679,0.8459214501510574,0.7692307692307693,0.9395973154362416,0.35570469798657717,0.6908597762479313,0.3519080889495632,0.21311003255161196
va_long_beach,tabpfn,pooled,source_oof_platt,mcar_50,2,200.0,0.745,0.6888406369259112,0.8498969469657769,0.5329783795921896,0.7237040485492202,0.17641439972659925,0.25464835959277626,0.755,0.5840900118436636,0.8501529051987767,0.7808988764044944,0.9328859060402684,0.4429530201342282,0.42439325982534293,0.7305351396744991,0.1626041002998372
va_long_beach,tabpfn,pooled,source_oof_platt,mcar_50,3,200.0,0.745,0.6256744308461639,0.8122928138299887,0.5792345750779764,0.7783179269800269,0.19371688932132428,0.2728984266543054,0.725,0.5639557836557442,0.8286604361370716,0.7732558139534884,0.8926174496644296,0.3288590604026846,0.6729052531511842,0.4621728132690076,0.20349586906247674
va_long_beach,tabpfn,pooled,source_oof_platt,mcar_50,4,200.0,0.745,0.7006185024345308,0.8533593739198253,0.5415450099072103,0.733289638199883,0.18005050318819316,0.25900468718453784,0.73,0.5479668377418081,0.8353658536585366,0.7653631284916201,0.9194630872483222,0.4228187919463087,0.46387153325876257,0.6671332792464911,0.16827646792510792
va_long_beach,tabpfn,pooled,source_oof_platt,mcar_50,5,200.0,0.745,0.6415317804974338,0.8214826944666563,0.5692264259433278,0.7912878677441733,0.18857219672570316,0.27656365182253667,0.735,0.5706671930517173,0.8359133126934984,0.7758620689655172,0.9060402684563759,0.2953020134228188,0.5927913168700536,0.48295307217315825,0.1923813899519676
va_long_beach,tabpfn,pooled,source_oof_platt,mcar_50,6,200.0,0.745,0.6648901171206738,0.831975761121682,0.5574774924742283,0.7772968846641279,0.18509191577533166,0.2752000065786623,0.73,0.5286221871298855,0.8383233532934131,0.7567567567567568,0.9395973154362416,0.3959731543624161,0.505924186561139,0.5644086164182167,0.18648292446471626
va_long_beach,tabpfn,pooled,source_oof_platt,mcar_50,7,200.0,0.745,0.6741018555073037,0.8636676849976643,0.5405867849156902,0.7212641047094503,0.1820149408177797,0.25657613052040656,0.735,0.5964600605342808,0.8317460317460318,0.7891566265060241,0.8791946308724832,0.3825503355704698,0.5035983902007737,0.6667148162832771,0.1551302331878337
va_long_beach,tabpfn,pooled,source_oof_platt,mcar_50,8,200.0,0.745,0.6895644163705751,0.8668421259249038,0.5347225365254202,0.7168267211294317,0.1801415545562061,0.2566340509997519,0.73,0.5866561389656534,0.8291139240506329,0.7844311377245509,0.8791946308724832,0.5033557046979866,0.44601117144441277,0.7173296334014261,0.15110374245028718
va_long_beach,tabpfn,pooled,source_oof_platt,mcar_50,9,200.0,0.745,0.6282405579681538,0.838445863761792,0.5752336177711632,0.7825611935149084,0.1957433040746289,0.28103913117778107,0.71,0.5345440189498618,0.8209876543209876,0.76,0.8926174496644296,0.35570469798657717,0.6348515498972115,0.45983181681688473,0.18259732545092636
va_long_beach,tabpfn,pooled,source_oof_platt,natural,0,200.0,0.745,0.7327279905250691,0.8604560695408023,0.5454222849548089,0.6435822321699057,0.18165729124763197,0.21557559194180026,0.735,0.6867350967232531,0.8153310104529616,0.8478260869565217,0.785234899328859,0.5570469798657718,0.7366974136634525,0.7328257839649182,0.17278854044202124
